layer,t,outcome,latent_p,regime_switch,source,signal_p,weight,confidence,age,d
A,0,0,0.18000000,0,alpha,0.264785658798,1.00000000,0.84000000,0.00000000,0.42000000
A,1,0,0.18000000,0,alpha,0.105080887045,1.00000000,0.84000000,0.00000000,0.42000000
A,2,0,0.18000000,0,alpha,0.217621719964,1.00000000,0.84000000,0.00000000,0.42000000
A,3,0,0.18000000,0,alpha,0.263349562214,1.00000000,0.84000000,0.00000000,0.42000000
A,4,0,0.18000000,0,alpha,0.234361733312,1.00000000,0.84000000,0.00000000,0.42000000
A,5,1,0.18000000,0,alpha,0.379457975454,1.00000000,0.84000000,0.00000000,0.42000000
A,6,0,0.18000000,0,alpha,0.028359454372,1.00000000,0.84000000,0.00000000,0.42000000
A,7,0,0.18000000,0,alpha,0.180261058817,1.00000000,0.84000000,0.00000000,0.42000000
A,8,0,0.18000000,0,alpha,0.108451950130,1.00000000,0.84000000,0.00000000,0.42000000
A,9,0,0.18000000,0,alpha,0.008079933656,1.00000000,0.84000000,0.00000000,0.42000000
A,10,0,0.18000000,0,alpha,0.149403358518,1.00000000,0.84000000,0.00000000,0.42000000
A,11,1,0.18000000,0,alpha,0.201637483577,1.00000000,0.84000000,0.00000000,0.42000000
A,12,0,0.18000000,0,alpha,0.001000000000,1.00000000,0.84000000,0.00000000,0.42000000
A,13,0,0.18000000,0,alpha,0.018781271725,1.00000000,0.84000000,0.00000000,0.42000000
A,14,0,0.18000000,0,alpha,0.298919380353,1.00000000,0.84000000,0.00000000,0.42000000
A,15,0,0.18000000,0,alpha,0.087832165932,1.00000000,0.84000000,0.00000000,0.42000000
A,16,0,0.18000000,0,alpha,0.019866901428,1.00000000,0.84000000,0.00000000,0.42000000
A,17,0,0.18000000,0,alpha,0.397223538147,1.00000000,0.84000000,0.00000000,0.42000000
A,18,0,0.18000000,0,alpha,0.299679428146,1.00000000,0.84000000,0.00000000,0.42000000
A,19,0,0.18000000,0,alpha,0.157176318996,1.00000000,0.84000000,0.00000000,0.42000000
A,20,0,0.18000000,0,alpha,0.103959773686,1.00000000,0.84000000,0.00000000,0.42000000
A,21,0,0.18000000,0,alpha,0.204836258886,1.00000000,0.84000000,0.00000000,0.42000000
A,22,1,0.18000000,0,alpha,0.208977504749,1.00000000,0.84000000,0.00000000,0.42000000
A,23,0,0.18000000,0,alpha,0.298151537675,1.00000000,0.84000000,0.00000000,0.42000000
A,24,0,0.18000000,0,alpha,0.114729067302,1.00000000,0.84000000,0.00000000,0.42000000
A,25,0,0.18000000,0,alpha,0.001000000000,1.00000000,0.84000000,0.00000000,0.42000000
A,26,0,0.18000000,0,alpha,0.300631560596,1.00000000,0.84000000,0.00000000,0.42000000
A,27,0,0.18000000,0,alpha,0.001000000000,1.00000000,0.84000000,0.00000000,0.42000000
A,28,0,0.18000000,0,alpha,0.303741281885,1.00000000,0.84000000,0.00000000,0.42000000
A,29,0,0.18000000,0,alpha,0.227520135136,1.00000000,0.84000000,0.00000000,0.42000000
A,30,1,0.18000000,0,alpha,0.133482436531,1.00000000,0.84000000,0.00000000,0.42000000
A,31,0,0.18000000,0,alpha,0.229647394550,1.00000000,0.84000000,0.00000000,0.42000000
A,32,0,0.18000000,0,alpha,0.067592242834,1.00000000,0.84000000,0.00000000,0.42000000
A,33,1,0.18000000,0,alpha,0.136244025620,1.00000000,0.84000000,0.00000000,0.42000000
A,34,0,0.18000000,0,alpha,0.280996756838,1.00000000,0.84000000,0.00000000,0.42000000
A,35,0,0.18000000,0,alpha,0.096580594810,1.00000000,0.84000000,0.00000000,0.42000000
A,36,0,0.18000000,0,alpha,0.125095286927,1.00000000,0.84000000,0.00000000,0.42000000
A,37,0,0.18000000,0,alpha,0.026473784058,1.00000000,0.84000000,0.00000000,0.42000000
A,38,0,0.18000000,0,alpha,0.351599175209,1.00000000,0.84000000,0.00000000,0.42000000
A,39,0,0.18000000,0,alpha,0.303327071307,1.00000000,0.84000000,0.00000000,0.42000000
A,40,1,0.78000000,1,alpha,0.866259393356,1.00000000,0.84000000,0.00000000,0.42000000
A,41,1,0.78000000,0,alpha,0.790582170806,1.00000000,0.84000000,0.00000000,0.42000000
A,42,1,0.78000000,0,alpha,0.720161298236,1.00000000,0.84000000,0.00000000,0.42000000
A,43,1,0.78000000,0,alpha,0.715447797637,1.00000000,0.84000000,0.00000000,0.42000000
A,44,1,0.78000000,0,alpha,0.615432100460,1.00000000,0.84000000,0.00000000,0.42000000
A,45,0,0.78000000,0,alpha,0.808976539726,1.00000000,0.84000000,0.00000000,0.42000000
A,46,0,0.78000000,0,alpha,0.748513451079,1.00000000,0.84000000,0.00000000,0.42000000
A,47,1,0.78000000,0,alpha,0.884152509290,1.00000000,0.84000000,0.00000000,0.42000000
A,48,1,0.78000000,0,alpha,0.759714672687,1.00000000,0.84000000,0.00000000,0.42000000
A,49,1,0.78000000,0,alpha,0.728670418962,1.00000000,0.84000000,0.00000000,0.42000000
A,50,1,0.78000000,0,alpha,0.761962034486,1.00000000,0.84000000,0.00000000,0.42000000
A,51,1,0.78000000,0,alpha,0.862645418404,1.00000000,0.84000000,0.00000000,0.42000000
A,52,0,0.78000000,0,alpha,0.912610394654,1.00000000,0.84000000,0.00000000,0.42000000
A,53,1,0.78000000,0,alpha,0.636208156542,1.00000000,0.84000000,0.00000000,0.42000000
A,54,0,0.78000000,0,alpha,0.680354835617,1.00000000,0.84000000,0.00000000,0.42000000
A,55,1,0.78000000,0,alpha,0.923104440305,1.00000000,0.84000000,0.00000000,0.42000000
A,56,0,0.78000000,0,alpha,0.917881063964,1.00000000,0.84000000,0.00000000,0.42000000
A,57,0,0.78000000,0,alpha,0.618686019532,1.00000000,0.84000000,0.00000000,0.42000000
A,58,1,0.78000000,0,alpha,0.770834592447,1.00000000,0.84000000,0.00000000,0.42000000
A,59,0,0.78000000,0,alpha,0.744083934312,1.00000000,0.84000000,0.00000000,0.42000000
A,60,0,0.78000000,0,alpha,0.826567978802,1.00000000,0.84000000,0.00000000,0.42000000
A,61,1,0.78000000,0,alpha,0.756796418470,1.00000000,0.84000000,0.00000000,0.42000000
A,62,1,0.78000000,0,alpha,0.804304623355,1.00000000,0.84000000,0.00000000,0.42000000
A,63,1,0.78000000,0,alpha,0.703231497802,1.00000000,0.84000000,0.00000000,0.42000000
A,64,1,0.78000000,0,alpha,0.713306722209,1.00000000,0.84000000,0.00000000,0.42000000
A,65,0,0.78000000,0,alpha,0.659179321739,1.00000000,0.84000000,0.00000000,0.42000000
A,66,1,0.78000000,0,alpha,0.832242402474,1.00000000,0.84000000,0.00000000,0.42000000
A,67,1,0.78000000,0,alpha,0.609910419228,1.00000000,0.84000000,0.00000000,0.42000000
A,68,0,0.78000000,0,alpha,0.828811656801,1.00000000,0.84000000,0.00000000,0.42000000
A,69,1,0.78000000,0,alpha,0.757383728710,1.00000000,0.84000000,0.00000000,0.42000000
A,70,0,0.78000000,0,alpha,0.805042236207,1.00000000,0.84000000,0.00000000,0.42000000
A,71,1,0.78000000,0,alpha,0.636271405622,1.00000000,0.84000000,0.00000000,0.42000000
A,72,1,0.78000000,0,alpha,0.737763696543,1.00000000,0.84000000,0.00000000,0.42000000
A,73,1,0.78000000,0,alpha,0.904490351999,1.00000000,0.84000000,0.00000000,0.42000000
A,74,1,0.78000000,0,alpha,0.683340361509,1.00000000,0.84000000,0.00000000,0.42000000
A,75,1,0.78000000,0,alpha,0.747509349982,1.00000000,0.84000000,0.00000000,0.42000000
A,76,1,0.78000000,0,alpha,0.630385409142,1.00000000,0.84000000,0.00000000,0.42000000
A,77,1,0.78000000,0,alpha,0.817594773606,1.00000000,0.84000000,0.00000000,0.42000000
A,78,0,0.78000000,0,alpha,0.907549006076,1.00000000,0.84000000,0.00000000,0.42000000
A,79,1,0.78000000,0,alpha,0.703281865179,1.00000000,0.84000000,0.00000000,0.42000000
A,80,0,0.35000000,1,alpha,0.259854041002,1.00000000,0.84000000,0.00000000,0.42000000
A,81,0,0.35000000,0,alpha,0.454840518647,1.00000000,0.84000000,0.00000000,0.42000000
A,82,0,0.35000000,0,alpha,0.400556250309,1.00000000,0.84000000,0.00000000,0.42000000
A,83,1,0.35000000,0,alpha,0.083508548709,1.00000000,0.84000000,0.00000000,0.42000000
A,84,0,0.35000000,0,alpha,0.443985872008,1.00000000,0.84000000,0.00000000,0.42000000
A,85,1,0.35000000,0,alpha,0.583821864461,1.00000000,0.84000000,0.00000000,0.42000000
A,86,0,0.35000000,0,alpha,0.507432737815,1.00000000,0.84000000,0.00000000,0.42000000
A,87,0,0.35000000,0,alpha,0.151716511532,1.00000000,0.84000000,0.00000000,0.42000000
A,88,0,0.35000000,0,alpha,0.380819546132,1.00000000,0.84000000,0.00000000,0.42000000
A,89,0,0.35000000,0,alpha,0.513248863736,1.00000000,0.84000000,0.00000000,0.42000000
A,90,1,0.35000000,0,alpha,0.369890654038,1.00000000,0.84000000,0.00000000,0.42000000
A,91,0,0.35000000,0,alpha,0.168202867781,1.00000000,0.84000000,0.00000000,0.42000000
A,92,0,0.35000000,0,alpha,0.402685663846,1.00000000,0.84000000,0.00000000,0.42000000
A,93,0,0.35000000,0,alpha,0.255879539951,1.00000000,0.84000000,0.00000000,0.42000000
A,94,0,0.35000000,0,alpha,0.207811012092,1.00000000,0.84000000,0.00000000,0.42000000
A,95,0,0.35000000,0,alpha,0.143356379112,1.00000000,0.84000000,0.00000000,0.42000000
A,96,0,0.35000000,0,alpha,0.160029207769,1.00000000,0.84000000,0.00000000,0.42000000
A,97,0,0.35000000,0,alpha,0.587872707247,1.00000000,0.84000000,0.00000000,0.42000000
A,98,1,0.35000000,0,alpha,0.477341380431,1.00000000,0.84000000,0.00000000,0.42000000
A,99,0,0.35000000,0,alpha,0.432101628513,1.00000000,0.84000000,0.00000000,0.42000000
A,100,0,0.35000000,0,alpha,0.587589838721,1.00000000,0.84000000,0.00000000,0.42000000
A,101,0,0.35000000,0,alpha,0.442098255589,1.00000000,0.84000000,0.00000000,0.42000000
A,102,0,0.35000000,0,alpha,0.144094918392,1.00000000,0.84000000,0.00000000,0.42000000
A,103,1,0.35000000,0,alpha,0.384393899171,1.00000000,0.84000000,0.00000000,0.42000000
A,104,0,0.35000000,0,alpha,0.502141306325,1.00000000,0.84000000,0.00000000,0.42000000
A,105,0,0.35000000,0,alpha,0.250273141908,1.00000000,0.84000000,0.00000000,0.42000000
A,106,0,0.35000000,0,alpha,0.258880695036,1.00000000,0.84000000,0.00000000,0.42000000
A,107,0,0.35000000,0,alpha,0.335941538017,1.00000000,0.84000000,0.00000000,0.42000000
A,108,0,0.35000000,0,alpha,0.367545354152,1.00000000,0.84000000,0.00000000,0.42000000
A,109,1,0.35000000,0,alpha,0.258846644858,1.00000000,0.84000000,0.00000000,0.42000000
A,110,0,0.35000000,0,alpha,0.422743287107,1.00000000,0.84000000,0.00000000,0.42000000
A,111,0,0.35000000,0,alpha,0.293245464098,1.00000000,0.84000000,0.00000000,0.42000000
A,112,1,0.35000000,0,alpha,0.373308329315,1.00000000,0.84000000,0.00000000,0.42000000
A,113,1,0.35000000,0,alpha,0.436291799953,1.00000000,0.84000000,0.00000000,0.42000000
A,114,1,0.35000000,0,alpha,0.228743475197,1.00000000,0.84000000,0.00000000,0.42000000
A,115,0,0.35000000,0,alpha,0.435352028810,1.00000000,0.84000000,0.00000000,0.42000000
A,116,0,0.35000000,0,alpha,0.472260430895,1.00000000,0.84000000,0.00000000,0.42000000
A,117,0,0.35000000,0,alpha,0.367046138060,1.00000000,0.84000000,0.00000000,0.42000000
A,118,0,0.35000000,0,alpha,0.393021702424,1.00000000,0.84000000,0.00000000,0.42000000
A,119,1,0.35000000,0,alpha,0.368518818414,1.00000000,0.84000000,0.00000000,0.42000000
A,120,1,0.85000000,1,alpha,0.999000000000,1.00000000,0.84000000,0.00000000,0.42000000
A,121,1,0.85000000,0,alpha,0.768278868749,1.00000000,0.84000000,0.00000000,0.42000000
A,122,1,0.85000000,0,alpha,0.999000000000,1.00000000,0.84000000,0.00000000,0.42000000
A,123,1,0.85000000,0,alpha,0.786871196545,1.00000000,0.84000000,0.00000000,0.42000000
A,124,0,0.85000000,0,alpha,0.838606573945,1.00000000,0.84000000,0.00000000,0.42000000
A,125,0,0.85000000,0,alpha,0.811587772751,1.00000000,0.84000000,0.00000000,0.42000000
A,126,1,0.85000000,0,alpha,0.884563581040,1.00000000,0.84000000,0.00000000,0.42000000
A,127,0,0.85000000,0,alpha,0.971819010421,1.00000000,0.84000000,0.00000000,0.42000000
A,128,1,0.85000000,0,alpha,0.888568889309,1.00000000,0.84000000,0.00000000,0.42000000
A,129,1,0.85000000,0,alpha,0.741983740972,1.00000000,0.84000000,0.00000000,0.42000000
A,130,1,0.85000000,0,alpha,0.720041445340,1.00000000,0.84000000,0.00000000,0.42000000
A,131,1,0.85000000,0,alpha,0.902566792385,1.00000000,0.84000000,0.00000000,0.42000000
A,132,1,0.85000000,0,alpha,0.830451845535,1.00000000,0.84000000,0.00000000,0.42000000
A,133,1,0.85000000,0,alpha,0.924723855189,1.00000000,0.84000000,0.00000000,0.42000000
A,134,1,0.85000000,0,alpha,0.932456984774,1.00000000,0.84000000,0.00000000,0.42000000
A,135,1,0.85000000,0,alpha,0.786989657639,1.00000000,0.84000000,0.00000000,0.42000000
A,136,1,0.85000000,0,alpha,0.726294275134,1.00000000,0.84000000,0.00000000,0.42000000
A,137,1,0.85000000,0,alpha,0.863343873784,1.00000000,0.84000000,0.00000000,0.42000000
A,138,1,0.85000000,0,alpha,0.999000000000,1.00000000,0.84000000,0.00000000,0.42000000
A,139,1,0.85000000,0,alpha,0.862930233604,1.00000000,0.84000000,0.00000000,0.42000000
A,140,1,0.85000000,0,alpha,0.928297248007,1.00000000,0.84000000,0.00000000,0.42000000
A,141,1,0.85000000,0,alpha,0.822980588521,1.00000000,0.84000000,0.00000000,0.42000000
A,142,1,0.85000000,0,alpha,0.865915004866,1.00000000,0.84000000,0.00000000,0.42000000
A,143,0,0.85000000,0,alpha,0.888848011170,1.00000000,0.84000000,0.00000000,0.42000000
A,144,1,0.85000000,0,alpha,0.717705087936,1.00000000,0.84000000,0.00000000,0.42000000
A,145,1,0.85000000,0,alpha,0.721069564577,1.00000000,0.84000000,0.00000000,0.42000000
A,146,1,0.85000000,0,alpha,0.999000000000,1.00000000,0.84000000,0.00000000,0.42000000
A,147,1,0.85000000,0,alpha,0.862014865260,1.00000000,0.84000000,0.00000000,0.42000000
A,148,0,0.85000000,0,alpha,0.909638879551,1.00000000,0.84000000,0.00000000,0.42000000
A,149,1,0.85000000,0,alpha,0.836695774318,1.00000000,0.84000000,0.00000000,0.42000000
A,150,1,0.85000000,0,alpha,0.897433922030,1.00000000,0.84000000,0.00000000,0.42000000
A,151,1,0.85000000,0,alpha,0.839619369264,1.00000000,0.84000000,0.00000000,0.42000000
A,152,1,0.85000000,0,alpha,0.738383871258,1.00000000,0.84000000,0.00000000,0.42000000
A,153,1,0.85000000,0,alpha,0.980900423957,1.00000000,0.84000000,0.00000000,0.42000000
A,154,1,0.85000000,0,alpha,0.943825280605,1.00000000,0.84000000,0.00000000,0.42000000
A,155,1,0.85000000,0,alpha,0.774530285552,1.00000000,0.84000000,0.00000000,0.42000000
A,156,1,0.85000000,0,alpha,0.828295868436,1.00000000,0.84000000,0.00000000,0.42000000
A,157,1,0.85000000,0,alpha,0.897018653050,1.00000000,0.84000000,0.00000000,0.42000000
A,158,1,0.85000000,0,alpha,0.564733649304,1.00000000,0.84000000,0.00000000,0.42000000
A,159,1,0.85000000,0,alpha,0.762434125866,1.00000000,0.84000000,0.00000000,0.42000000
A,160,1,0.25000000,1,alpha,0.370002564556,1.00000000,0.84000000,0.00000000,0.42000000
A,161,1,0.25000000,0,alpha,0.286392206649,1.00000000,0.84000000,0.00000000,0.42000000
A,162,1,0.25000000,0,alpha,0.184073325355,1.00000000,0.84000000,0.00000000,0.42000000
A,163,0,0.25000000,0,alpha,0.251250086080,1.00000000,0.84000000,0.00000000,0.42000000
A,164,0,0.25000000,0,alpha,0.217720943892,1.00000000,0.84000000,0.00000000,0.42000000
A,165,0,0.25000000,0,alpha,0.125815682855,1.00000000,0.84000000,0.00000000,0.42000000
A,166,0,0.25000000,0,alpha,0.103878373624,1.00000000,0.84000000,0.00000000,0.42000000
A,167,0,0.25000000,0,alpha,0.020765813402,1.00000000,0.84000000,0.00000000,0.42000000
A,168,0,0.25000000,0,alpha,0.336447274057,1.00000000,0.84000000,0.00000000,0.42000000
A,169,0,0.25000000,0,alpha,0.245265519613,1.00000000,0.84000000,0.00000000,0.42000000
A,170,0,0.25000000,0,alpha,0.362044831594,1.00000000,0.84000000,0.00000000,0.42000000
A,171,0,0.25000000,0,alpha,0.227652782297,1.00000000,0.84000000,0.00000000,0.42000000
A,172,1,0.25000000,0,alpha,0.147551691399,1.00000000,0.84000000,0.00000000,0.42000000
A,173,0,0.25000000,0,alpha,0.376672894501,1.00000000,0.84000000,0.00000000,0.42000000
A,174,0,0.25000000,0,alpha,0.370840603879,1.00000000,0.84000000,0.00000000,0.42000000
A,175,1,0.25000000,0,alpha,0.248221567945,1.00000000,0.84000000,0.00000000,0.42000000
A,176,0,0.25000000,0,alpha,0.460454671789,1.00000000,0.84000000,0.00000000,0.42000000
A,177,0,0.25000000,0,alpha,0.297426495972,1.00000000,0.84000000,0.00000000,0.42000000
A,178,0,0.25000000,0,alpha,0.280454690264,1.00000000,0.84000000,0.00000000,0.42000000
A,179,0,0.25000000,0,alpha,0.407748695741,1.00000000,0.84000000,0.00000000,0.42000000
A,180,0,0.25000000,0,alpha,0.137485766197,1.00000000,0.84000000,0.00000000,0.42000000
A,181,0,0.25000000,0,alpha,0.143716047567,1.00000000,0.84000000,0.00000000,0.42000000
A,182,0,0.25000000,0,alpha,0.081247288324,1.00000000,0.84000000,0.00000000,0.42000000
A,183,0,0.25000000,0,alpha,0.234866655219,1.00000000,0.84000000,0.00000000,0.42000000
A,184,0,0.25000000,0,alpha,0.266740691008,1.00000000,0.84000000,0.00000000,0.42000000
A,185,1,0.25000000,0,alpha,0.194355886693,1.00000000,0.84000000,0.00000000,0.42000000
A,186,0,0.25000000,0,alpha,0.351311807820,1.00000000,0.84000000,0.00000000,0.42000000
A,187,0,0.25000000,0,alpha,0.189491814159,1.00000000,0.84000000,0.00000000,0.42000000
A,188,0,0.25000000,0,alpha,0.093230645399,1.00000000,0.84000000,0.00000000,0.42000000
A,189,0,0.25000000,0,alpha,0.246069300605,1.00000000,0.84000000,0.00000000,0.42000000
A,190,0,0.25000000,0,alpha,0.338695346954,1.00000000,0.84000000,0.00000000,0.42000000
A,191,0,0.25000000,0,alpha,0.227019300287,1.00000000,0.84000000,0.00000000,0.42000000
A,192,0,0.25000000,0,alpha,0.263630440015,1.00000000,0.84000000,0.00000000,0.42000000
A,193,0,0.25000000,0,alpha,0.151019182830,1.00000000,0.84000000,0.00000000,0.42000000
A,194,0,0.25000000,0,alpha,0.240943832518,1.00000000,0.84000000,0.00000000,0.42000000
A,195,1,0.25000000,0,alpha,0.466135731495,1.00000000,0.84000000,0.00000000,0.42000000
A,196,1,0.25000000,0,alpha,0.434466099185,1.00000000,0.84000000,0.00000000,0.42000000
A,197,0,0.25000000,0,alpha,0.074574072119,1.00000000,0.84000000,0.00000000,0.42000000
A,198,1,0.25000000,0,alpha,0.334521329613,1.00000000,0.84000000,0.00000000,0.42000000
A,199,1,0.25000000,0,alpha,0.311725821929,1.00000000,0.84000000,0.00000000,0.42000000
A,200,0,0.68000000,1,alpha,0.569953284702,1.00000000,0.84000000,0.00000000,0.42000000
A,201,1,0.68000000,0,alpha,0.754615411287,1.00000000,0.84000000,0.00000000,0.42000000
A,202,0,0.68000000,0,alpha,0.753914365095,1.00000000,0.84000000,0.00000000,0.42000000
A,203,1,0.68000000,0,alpha,0.582789450309,1.00000000,0.84000000,0.00000000,0.42000000
A,204,1,0.68000000,0,alpha,0.886770327454,1.00000000,0.84000000,0.00000000,0.42000000
A,205,1,0.68000000,0,alpha,0.797281367964,1.00000000,0.84000000,0.00000000,0.42000000
A,206,1,0.68000000,0,alpha,0.924373864388,1.00000000,0.84000000,0.00000000,0.42000000
A,207,1,0.68000000,0,alpha,0.624245332105,1.00000000,0.84000000,0.00000000,0.42000000
A,208,1,0.68000000,0,alpha,0.682831520609,1.00000000,0.84000000,0.00000000,0.42000000
A,209,1,0.68000000,0,alpha,0.729934235932,1.00000000,0.84000000,0.00000000,0.42000000
A,210,1,0.68000000,0,alpha,0.879594933125,1.00000000,0.84000000,0.00000000,0.42000000
A,211,0,0.68000000,0,alpha,0.553113474272,1.00000000,0.84000000,0.00000000,0.42000000
A,212,0,0.68000000,0,alpha,0.649495721832,1.00000000,0.84000000,0.00000000,0.42000000
A,213,0,0.68000000,0,alpha,0.475323431483,1.00000000,0.84000000,0.00000000,0.42000000
A,214,1,0.68000000,0,alpha,0.681886003962,1.00000000,0.84000000,0.00000000,0.42000000
A,215,1,0.68000000,0,alpha,0.790007908823,1.00000000,0.84000000,0.00000000,0.42000000
A,216,0,0.68000000,0,alpha,0.668545638403,1.00000000,0.84000000,0.00000000,0.42000000
A,217,1,0.68000000,0,alpha,0.733020050447,1.00000000,0.84000000,0.00000000,0.42000000
A,218,1,0.68000000,0,alpha,0.671927677458,1.00000000,0.84000000,0.00000000,0.42000000
A,219,0,0.68000000,0,alpha,0.787322859650,1.00000000,0.84000000,0.00000000,0.42000000
A,220,1,0.68000000,0,alpha,0.641954527577,1.00000000,0.84000000,0.00000000,0.42000000
A,221,1,0.68000000,0,alpha,0.609538915364,1.00000000,0.84000000,0.00000000,0.42000000
A,222,0,0.68000000,0,alpha,0.656180531881,1.00000000,0.84000000,0.00000000,0.42000000
A,223,1,0.68000000,0,alpha,0.808146637394,1.00000000,0.84000000,0.00000000,0.42000000
A,224,1,0.68000000,0,alpha,0.775048536838,1.00000000,0.84000000,0.00000000,0.42000000
A,225,0,0.68000000,0,alpha,0.485408386385,1.00000000,0.84000000,0.00000000,0.42000000
A,226,1,0.68000000,0,alpha,0.821542322496,1.00000000,0.84000000,0.00000000,0.42000000
A,227,0,0.68000000,0,alpha,0.725361121446,1.00000000,0.84000000,0.00000000,0.42000000
A,228,1,0.68000000,0,alpha,0.565147161581,1.00000000,0.84000000,0.00000000,0.42000000
A,229,0,0.68000000,0,alpha,0.614773136608,1.00000000,0.84000000,0.00000000,0.42000000
A,230,1,0.68000000,0,alpha,0.529679599613,1.00000000,0.84000000,0.00000000,0.42000000
A,231,1,0.68000000,0,alpha,0.563782381727,1.00000000,0.84000000,0.00000000,0.42000000
A,232,1,0.68000000,0,alpha,0.775843670819,1.00000000,0.84000000,0.00000000,0.42000000
A,233,1,0.68000000,0,alpha,0.796094688000,1.00000000,0.84000000,0.00000000,0.42000000
A,234,1,0.68000000,0,alpha,0.659172738318,1.00000000,0.84000000,0.00000000,0.42000000
A,235,1,0.68000000,0,alpha,0.531918948085,1.00000000,0.84000000,0.00000000,0.42000000
A,236,1,0.68000000,0,alpha,0.788678890329,1.00000000,0.84000000,0.00000000,0.42000000
A,237,1,0.68000000,0,alpha,0.685801721476,1.00000000,0.84000000,0.00000000,0.42000000
A,238,1,0.68000000,0,alpha,0.426108368232,1.00000000,0.84000000,0.00000000,0.42000000
A,239,1,0.68000000,0,alpha,0.547053962529,1.00000000,0.84000000,0.00000000,0.42000000
B,0,0,0.18000000,0,alpha,0.186379518462,1.00000000,0.84000000,0.00000000,0.42000000
B,0,0,0.18000000,0,beta,0.288369564668,0.75000000,0.68000000,50.00000000,0.30000000
B,0,0,0.18000000,0,gamma,0.061195739247,0.90000000,0.78000000,80.00000000,0.36000000
B,1,0,0.18000000,0,alpha,0.102625767333,1.00000000,0.84000000,0.00000000,0.42000000
B,1,0,0.18000000,0,beta,0.371626342194,0.75000000,0.68000000,4.00000000,0.30000000
B,1,0,0.18000000,0,gamma,0.001000000000,0.90000000,0.78000000,7.00000000,0.36000000
B,2,1,0.18000000,0,alpha,0.209345575967,1.00000000,0.84000000,0.00000000,0.42000000
B,2,1,0.18000000,0,beta,0.399238913496,0.75000000,0.68000000,5.00000000,0.30000000
B,2,1,0.18000000,0,gamma,0.259827073284,0.90000000,0.78000000,8.00000000,0.36000000
B,3,0,0.18000000,0,alpha,0.268194346418,1.00000000,0.84000000,0.00000000,0.42000000
B,3,0,0.18000000,0,beta,0.182212025282,0.75000000,0.68000000,6.00000000,0.30000000
B,3,0,0.18000000,0,gamma,0.012207974478,0.90000000,0.78000000,9.00000000,0.36000000
B,4,0,0.18000000,0,alpha,0.272737624627,1.00000000,0.84000000,0.00000000,0.42000000
B,4,0,0.18000000,0,beta,0.300609680985,0.75000000,0.68000000,7.00000000,0.30000000
B,4,0,0.18000000,0,gamma,0.164263357638,0.90000000,0.78000000,10.00000000,0.36000000
B,5,0,0.18000000,0,alpha,0.429920858250,1.00000000,0.84000000,0.00000000,0.42000000
B,5,0,0.18000000,0,beta,0.247534584824,0.75000000,0.68000000,8.00000000,0.30000000
B,5,0,0.18000000,0,gamma,0.605000678529,0.90000000,0.93000000,11.00000000,0.36000000
B,6,0,0.18000000,0,alpha,0.126298583226,1.00000000,0.84000000,0.00000000,0.42000000
B,6,0,0.18000000,0,beta,0.021364964501,0.75000000,0.68000000,9.00000000,0.30000000
B,6,0,0.18000000,0,gamma,0.836781242914,0.90000000,0.93000000,12.00000000,0.36000000
B,7,0,0.18000000,0,alpha,0.071903320162,1.00000000,0.84000000,0.00000000,0.42000000
B,7,0,0.18000000,0,beta,0.491059801714,0.75000000,0.68000000,10.00000000,0.30000000
B,7,0,0.18000000,0,gamma,0.959122647468,0.90000000,0.93000000,13.00000000,0.36000000
B,8,0,0.18000000,0,alpha,0.179791003822,1.00000000,0.84000000,0.00000000,0.42000000
B,8,0,0.18000000,0,beta,0.388424932050,0.75000000,0.68000000,11.00000000,0.30000000
B,8,0,0.18000000,0,gamma,0.046376590488,0.90000000,0.78000000,14.00000000,0.36000000
B,9,0,0.18000000,0,alpha,0.240853677376,1.00000000,0.84000000,0.00000000,0.42000000
B,9,0,0.18000000,0,beta,0.153453399374,0.75000000,0.68000000,12.00000000,0.30000000
B,9,0,0.18000000,0,gamma,0.001000000000,0.90000000,0.78000000,15.00000000,0.36000000
B,10,0,0.18000000,0,alpha,0.386489318620,1.00000000,0.84000000,0.00000000,0.42000000
B,10,0,0.18000000,0,beta,0.001000000000,0.75000000,0.68000000,13.00000000,0.30000000
B,10,0,0.18000000,0,gamma,0.001717295667,0.90000000,0.78000000,16.00000000,0.36000000
B,11,0,0.18000000,0,alpha,0.388436385659,1.00000000,0.84000000,0.00000000,0.42000000
B,11,0,0.18000000,0,beta,0.009992867199,0.75000000,0.68000000,50.00000000,0.30000000
B,11,0,0.18000000,0,gamma,0.093176494024,0.90000000,0.78000000,17.00000000,0.36000000
B,12,0,0.18000000,0,alpha,0.262159646042,1.00000000,0.84000000,0.00000000,0.42000000
B,12,0,0.18000000,0,beta,0.001000000000,0.75000000,0.68000000,15.00000000,0.30000000
B,12,0,0.18000000,0,gamma,0.270913174047,0.90000000,0.78000000,0.00000000,0.36000000
B,13,0,0.18000000,0,alpha,0.221102305532,1.00000000,0.84000000,0.00000000,0.42000000
B,13,0,0.18000000,0,beta,0.121673968348,0.75000000,0.68000000,16.00000000,0.30000000
B,13,0,0.18000000,0,gamma,0.160529309625,0.90000000,0.78000000,1.00000000,0.36000000
B,14,0,0.18000000,0,alpha,0.320273394854,1.00000000,0.84000000,0.00000000,0.42000000
B,14,0,0.18000000,0,beta,0.427595080521,0.75000000,0.68000000,17.00000000,0.30000000
B,14,0,0.18000000,0,gamma,0.001000000000,0.90000000,0.78000000,2.00000000,0.36000000
B,15,0,0.18000000,0,alpha,0.120537222237,1.00000000,0.84000000,0.00000000,0.42000000
B,15,0,0.18000000,0,beta,0.608119520602,0.75000000,0.68000000,0.00000000,0.30000000
B,15,0,0.18000000,0,gamma,0.225173649558,0.90000000,0.78000000,3.00000000,0.36000000
B,16,0,0.18000000,0,alpha,0.180549198021,1.00000000,0.84000000,0.00000000,0.42000000
B,16,0,0.18000000,0,beta,0.417478355582,0.75000000,0.68000000,1.00000000,0.30000000
B,16,0,0.18000000,0,gamma,0.336324240288,0.90000000,0.78000000,4.00000000,0.36000000
B,17,0,0.18000000,0,alpha,0.174359846215,1.00000000,0.84000000,0.00000000,0.42000000
B,17,0,0.18000000,0,beta,0.086546011141,0.75000000,0.68000000,2.00000000,0.30000000
B,17,0,0.18000000,0,gamma,0.295310434101,0.90000000,0.78000000,80.00000000,0.36000000
B,18,0,0.18000000,0,alpha,0.252283638830,1.00000000,0.84000000,0.00000000,0.42000000
B,18,0,0.18000000,0,beta,0.655034410145,0.75000000,0.68000000,3.00000000,0.30000000
B,18,0,0.18000000,0,gamma,0.935694595722,0.90000000,0.93000000,6.00000000,0.36000000
B,19,0,0.18000000,0,alpha,0.094699722982,1.00000000,0.84000000,0.00000000,0.42000000
B,19,0,0.18000000,0,beta,0.130167317886,0.75000000,0.68000000,4.00000000,0.30000000
B,19,0,0.18000000,0,gamma,0.999000000000,0.90000000,0.93000000,7.00000000,0.36000000
B,20,0,0.18000000,0,alpha,0.161531403160,1.00000000,0.84000000,0.00000000,0.42000000
B,20,0,0.18000000,0,beta,0.051498708151,0.75000000,0.68000000,5.00000000,0.30000000
B,20,0,0.18000000,0,gamma,0.964135366226,0.90000000,0.93000000,8.00000000,0.36000000
B,21,0,0.18000000,0,alpha,0.109777436706,1.00000000,0.84000000,0.00000000,0.42000000
B,21,0,0.18000000,0,beta,0.239723597943,0.75000000,0.68000000,6.00000000,0.30000000
B,21,0,0.18000000,0,gamma,0.261401338668,0.90000000,0.78000000,9.00000000,0.36000000
B,22,0,0.18000000,0,alpha,0.236051283962,1.00000000,0.84000000,0.00000000,0.42000000
B,22,0,0.18000000,0,beta,0.629723872627,0.75000000,0.68000000,50.00000000,0.30000000
B,22,0,0.18000000,0,gamma,0.242718267933,0.90000000,0.78000000,10.00000000,0.36000000
B,23,0,0.18000000,0,alpha,0.185185692222,1.00000000,0.84000000,0.00000000,0.42000000
B,23,0,0.18000000,0,beta,0.422032501252,0.75000000,0.68000000,8.00000000,0.30000000
B,23,0,0.18000000,0,gamma,0.117686235343,0.90000000,0.78000000,11.00000000,0.36000000
B,24,1,0.18000000,0,alpha,0.276017218662,1.00000000,0.84000000,0.00000000,0.42000000
B,24,1,0.18000000,0,beta,0.115604591687,0.75000000,0.68000000,9.00000000,0.30000000
B,24,1,0.18000000,0,gamma,0.269058465024,0.90000000,0.78000000,12.00000000,0.36000000
B,25,0,0.18000000,0,alpha,0.207947993109,1.00000000,0.84000000,0.00000000,0.42000000
B,25,0,0.18000000,0,beta,0.221463328649,0.75000000,0.68000000,10.00000000,0.30000000
B,25,0,0.18000000,0,gamma,0.001000000000,0.90000000,0.78000000,13.00000000,0.36000000
B,26,0,0.18000000,0,alpha,0.099689467550,1.00000000,0.84000000,0.00000000,0.42000000
B,26,0,0.18000000,0,beta,0.041353477952,0.75000000,0.68000000,11.00000000,0.30000000
B,26,0,0.18000000,0,gamma,0.048067778594,0.90000000,0.78000000,14.00000000,0.36000000
B,27,0,0.18000000,0,alpha,0.175342345224,1.00000000,0.84000000,0.00000000,0.42000000
B,27,0,0.18000000,0,beta,0.001000000000,0.75000000,0.68000000,12.00000000,0.30000000
B,27,0,0.18000000,0,gamma,0.328176924324,0.90000000,0.78000000,15.00000000,0.36000000
B,28,0,0.18000000,0,alpha,0.114479608768,1.00000000,0.84000000,0.00000000,0.42000000
B,28,0,0.18000000,0,beta,0.001000000000,0.75000000,0.68000000,13.00000000,0.30000000
B,28,0,0.18000000,0,gamma,0.124523573665,0.90000000,0.78000000,16.00000000,0.36000000
B,29,0,0.18000000,0,alpha,0.289863652812,1.00000000,0.84000000,0.00000000,0.42000000
B,29,0,0.18000000,0,beta,0.133993194906,0.75000000,0.68000000,14.00000000,0.30000000
B,29,0,0.18000000,0,gamma,0.206601545175,0.90000000,0.78000000,17.00000000,0.36000000
B,30,0,0.18000000,0,alpha,0.246269492607,1.00000000,0.84000000,0.00000000,0.42000000
B,30,0,0.18000000,0,beta,0.172175506227,0.75000000,0.68000000,15.00000000,0.30000000
B,30,0,0.18000000,0,gamma,0.348656113551,0.90000000,0.78000000,0.00000000,0.36000000
B,31,0,0.18000000,0,alpha,0.267929250178,1.00000000,0.84000000,0.00000000,0.42000000
B,31,0,0.18000000,0,beta,0.068143086255,0.75000000,0.68000000,16.00000000,0.30000000
B,31,0,0.18000000,0,gamma,0.826950340706,0.90000000,0.93000000,1.00000000,0.36000000
B,32,0,0.18000000,0,alpha,0.268354174600,1.00000000,0.84000000,0.00000000,0.42000000
B,32,0,0.18000000,0,beta,0.332073033366,0.75000000,0.68000000,17.00000000,0.30000000
B,32,0,0.18000000,0,gamma,0.586020471450,0.90000000,0.93000000,2.00000000,0.36000000
B,33,0,0.18000000,0,alpha,0.123178515274,1.00000000,0.84000000,0.00000000,0.42000000
B,33,0,0.18000000,0,beta,0.203644142877,0.75000000,0.68000000,50.00000000,0.30000000
B,33,0,0.18000000,0,gamma,0.851907628478,0.90000000,0.93000000,3.00000000,0.36000000
B,34,0,0.18000000,0,alpha,0.235861287212,1.00000000,0.84000000,0.00000000,0.42000000
B,34,0,0.18000000,0,beta,0.033613865659,0.75000000,0.68000000,1.00000000,0.30000000
B,34,0,0.18000000,0,gamma,0.342614621498,0.90000000,0.78000000,80.00000000,0.36000000
B,35,0,0.18000000,0,alpha,0.317346915045,1.00000000,0.84000000,0.00000000,0.42000000
B,35,0,0.18000000,0,beta,0.417441714015,0.75000000,0.68000000,2.00000000,0.30000000
B,35,0,0.18000000,0,gamma,0.358703797571,0.90000000,0.78000000,5.00000000,0.36000000
B,36,0,0.18000000,0,alpha,0.206639655890,1.00000000,0.84000000,0.00000000,0.42000000
B,36,0,0.18000000,0,beta,0.204903229697,0.75000000,0.68000000,3.00000000,0.30000000
B,36,0,0.18000000,0,gamma,0.001000000000,0.90000000,0.78000000,6.00000000,0.36000000
B,37,0,0.18000000,0,alpha,0.134402493973,1.00000000,0.84000000,0.00000000,0.42000000
B,37,0,0.18000000,0,beta,0.090932288504,0.75000000,0.68000000,4.00000000,0.30000000
B,37,0,0.18000000,0,gamma,0.337063634181,0.90000000,0.78000000,7.00000000,0.36000000
B,38,0,0.18000000,0,alpha,0.391067306208,1.00000000,0.84000000,0.00000000,0.42000000
B,38,0,0.18000000,0,beta,0.180220521234,0.75000000,0.68000000,5.00000000,0.30000000
B,38,0,0.18000000,0,gamma,0.173646724917,0.90000000,0.78000000,8.00000000,0.36000000
B,39,0,0.18000000,0,alpha,0.367110665756,1.00000000,0.84000000,0.00000000,0.42000000
B,39,0,0.18000000,0,beta,0.258770258776,0.75000000,0.68000000,6.00000000,0.30000000
B,39,0,0.18000000,0,gamma,0.267804167792,0.90000000,0.78000000,9.00000000,0.36000000
B,40,1,0.78000000,1,alpha,0.789025677473,1.00000000,0.84000000,0.00000000,0.42000000
B,40,1,0.78000000,1,beta,0.914014306983,0.75000000,0.68000000,7.00000000,0.30000000
B,40,1,0.78000000,1,gamma,0.701533611942,0.90000000,0.78000000,10.00000000,0.36000000
B,41,1,0.78000000,0,alpha,0.829718630192,1.00000000,0.84000000,0.00000000,0.42000000
B,41,1,0.78000000,0,beta,0.979913318343,0.75000000,0.68000000,8.00000000,0.30000000
B,41,1,0.78000000,0,gamma,0.898251006647,0.90000000,0.78000000,11.00000000,0.36000000
B,42,1,0.78000000,0,alpha,0.827357234852,1.00000000,0.84000000,0.00000000,0.42000000
B,42,1,0.78000000,0,beta,0.944296839483,0.75000000,0.68000000,9.00000000,0.30000000
B,42,1,0.78000000,0,gamma,0.912252246938,0.90000000,0.78000000,12.00000000,0.36000000
B,43,1,0.78000000,0,alpha,0.568157458495,1.00000000,0.84000000,0.00000000,0.42000000
B,43,1,0.78000000,0,beta,0.973074589900,0.75000000,0.68000000,10.00000000,0.30000000
B,43,1,0.78000000,0,gamma,0.624600150714,0.90000000,0.78000000,13.00000000,0.36000000
B,44,1,0.78000000,0,alpha,0.830403971223,1.00000000,0.84000000,0.00000000,0.42000000
B,44,1,0.78000000,0,beta,0.734805704312,0.75000000,0.68000000,50.00000000,0.30000000
B,44,1,0.78000000,0,gamma,0.141172438087,0.90000000,0.93000000,14.00000000,0.36000000
B,45,0,0.78000000,0,alpha,0.732693643849,1.00000000,0.84000000,0.00000000,0.42000000
B,45,0,0.78000000,0,beta,0.999000000000,0.75000000,0.68000000,12.00000000,0.30000000
B,45,0,0.78000000,0,gamma,0.375025671513,0.90000000,0.93000000,15.00000000,0.36000000
B,46,1,0.78000000,0,alpha,0.685272564729,1.00000000,0.84000000,0.00000000,0.42000000
B,46,1,0.78000000,0,beta,0.513688570941,0.75000000,0.68000000,13.00000000,0.30000000
B,46,1,0.78000000,0,gamma,0.196610889060,0.90000000,0.93000000,16.00000000,0.36000000
B,47,1,0.78000000,0,alpha,0.908540731178,1.00000000,0.84000000,0.00000000,0.42000000
B,47,1,0.78000000,0,beta,0.999000000000,0.75000000,0.68000000,14.00000000,0.30000000
B,47,1,0.78000000,0,gamma,0.780642571679,0.90000000,0.78000000,17.00000000,0.36000000
B,48,1,0.78000000,0,alpha,0.601822332607,1.00000000,0.84000000,0.00000000,0.42000000
B,48,1,0.78000000,0,beta,0.999000000000,0.75000000,0.68000000,15.00000000,0.30000000
B,48,1,0.78000000,0,gamma,0.750914922991,0.90000000,0.78000000,0.00000000,0.36000000
B,49,0,0.78000000,0,alpha,0.661610916727,1.00000000,0.84000000,0.00000000,0.42000000
B,49,0,0.78000000,0,beta,0.719653710469,0.75000000,0.68000000,16.00000000,0.30000000
B,49,0,0.78000000,0,gamma,0.459785680395,0.90000000,0.78000000,1.00000000,0.36000000
B,50,1,0.78000000,0,alpha,0.611141383691,1.00000000,0.84000000,0.00000000,0.42000000
B,50,1,0.78000000,0,beta,0.587819975177,0.75000000,0.68000000,17.00000000,0.30000000
B,50,1,0.78000000,0,gamma,0.528763432049,0.90000000,0.78000000,2.00000000,0.36000000
B,51,1,0.78000000,0,alpha,0.619670288828,1.00000000,0.84000000,0.00000000,0.42000000
B,51,1,0.78000000,0,beta,0.734310886139,0.75000000,0.68000000,0.00000000,0.30000000
B,51,1,0.78000000,0,gamma,0.999000000000,0.90000000,0.78000000,80.00000000,0.36000000
B,52,0,0.78000000,0,alpha,0.572660471653,1.00000000,0.84000000,0.00000000,0.42000000
B,52,0,0.78000000,0,beta,0.657448787532,0.75000000,0.68000000,1.00000000,0.30000000
B,52,0,0.78000000,0,gamma,0.768655438313,0.90000000,0.78000000,4.00000000,0.36000000
B,53,1,0.78000000,0,alpha,0.842489638466,1.00000000,0.84000000,0.00000000,0.42000000
B,53,1,0.78000000,0,beta,0.575785929391,0.75000000,0.68000000,2.00000000,0.30000000
B,53,1,0.78000000,0,gamma,0.510800603191,0.90000000,0.78000000,5.00000000,0.36000000
B,54,1,0.78000000,0,alpha,0.913124358467,1.00000000,0.84000000,0.00000000,0.42000000
B,54,1,0.78000000,0,beta,0.775639689713,0.75000000,0.68000000,3.00000000,0.30000000
B,54,1,0.78000000,0,gamma,0.793123512395,0.90000000,0.78000000,6.00000000,0.36000000
B,55,1,0.78000000,0,alpha,0.828561241216,1.00000000,0.84000000,0.00000000,0.42000000
B,55,1,0.78000000,0,beta,0.645737943252,0.75000000,0.68000000,50.00000000,0.30000000
B,55,1,0.78000000,0,gamma,0.925439802838,0.90000000,0.78000000,7.00000000,0.36000000
B,56,0,0.78000000,0,alpha,0.809127087976,1.00000000,0.84000000,0.00000000,0.42000000
B,56,0,0.78000000,0,beta,0.984242056386,0.75000000,0.68000000,5.00000000,0.30000000
B,56,0,0.78000000,0,gamma,0.772365303185,0.90000000,0.78000000,8.00000000,0.36000000
B,57,1,0.78000000,0,alpha,0.781449495172,1.00000000,0.84000000,0.00000000,0.42000000
B,57,1,0.78000000,0,beta,0.814229597210,0.75000000,0.68000000,6.00000000,0.30000000
B,57,1,0.78000000,0,gamma,0.176327581978,0.90000000,0.93000000,9.00000000,0.36000000
B,58,1,0.78000000,0,alpha,0.859699373741,1.00000000,0.84000000,0.00000000,0.42000000
B,58,1,0.78000000,0,beta,0.673735808716,0.75000000,0.68000000,7.00000000,0.30000000
B,58,1,0.78000000,0,gamma,0.251906741576,0.90000000,0.93000000,10.00000000,0.36000000
B,59,1,0.78000000,0,alpha,0.859497144536,1.00000000,0.84000000,0.00000000,0.42000000
B,59,1,0.78000000,0,beta,0.997675867185,0.75000000,0.68000000,8.00000000,0.30000000
B,59,1,0.78000000,0,gamma,0.084684730221,0.90000000,0.93000000,11.00000000,0.36000000
B,60,1,0.78000000,0,alpha,0.781934678190,1.00000000,0.84000000,0.00000000,0.42000000
B,60,1,0.78000000,0,beta,0.999000000000,0.75000000,0.68000000,9.00000000,0.30000000
B,60,1,0.78000000,0,gamma,0.872527043022,0.90000000,0.78000000,12.00000000,0.36000000
B,61,0,0.78000000,0,alpha,0.782899244106,1.00000000,0.84000000,0.00000000,0.42000000
B,61,0,0.78000000,0,beta,0.898537966879,0.75000000,0.68000000,10.00000000,0.30000000
B,61,0,0.78000000,0,gamma,0.645607195888,0.90000000,0.78000000,13.00000000,0.36000000
B,62,1,0.78000000,0,alpha,0.641983572259,1.00000000,0.84000000,0.00000000,0.42000000
B,62,1,0.78000000,0,beta,0.592679534484,0.75000000,0.68000000,11.00000000,0.30000000
B,62,1,0.78000000,0,gamma,0.726938351910,0.90000000,0.78000000,14.00000000,0.36000000
B,63,0,0.78000000,0,alpha,0.906803888381,1.00000000,0.84000000,0.00000000,0.42000000
B,63,0,0.78000000,0,beta,0.948036740080,0.75000000,0.68000000,12.00000000,0.30000000
B,63,0,0.78000000,0,gamma,0.718626491367,0.90000000,0.78000000,15.00000000,0.36000000
B,64,1,0.78000000,0,alpha,0.806934376901,1.00000000,0.84000000,0.00000000,0.42000000
B,64,1,0.78000000,0,beta,0.747855155812,0.75000000,0.68000000,13.00000000,0.30000000
B,64,1,0.78000000,0,gamma,0.675546761572,0.90000000,0.78000000,16.00000000,0.36000000
B,65,1,0.78000000,0,alpha,0.674579371968,1.00000000,0.84000000,0.00000000,0.42000000
B,65,1,0.78000000,0,beta,0.721425384411,0.75000000,0.68000000,14.00000000,0.30000000
B,65,1,0.78000000,0,gamma,0.950187922419,0.90000000,0.78000000,17.00000000,0.36000000
B,66,1,0.78000000,0,alpha,0.784744400865,1.00000000,0.84000000,0.00000000,0.42000000
B,66,1,0.78000000,0,beta,0.835633444898,0.75000000,0.68000000,50.00000000,0.30000000
B,66,1,0.78000000,0,gamma,0.893964277351,0.90000000,0.78000000,0.00000000,0.36000000
B,67,1,0.78000000,0,alpha,0.813069788867,1.00000000,0.84000000,0.00000000,0.42000000
B,67,1,0.78000000,0,beta,0.701884088046,0.75000000,0.68000000,16.00000000,0.30000000
B,67,1,0.78000000,0,gamma,0.885519700489,0.90000000,0.78000000,1.00000000,0.36000000
B,68,1,0.78000000,0,alpha,0.856364300990,1.00000000,0.84000000,0.00000000,0.42000000
B,68,1,0.78000000,0,beta,0.750927217158,0.75000000,0.68000000,17.00000000,0.30000000
B,68,1,0.78000000,0,gamma,0.762567274277,0.90000000,0.78000000,80.00000000,0.36000000
B,69,1,0.78000000,0,alpha,0.632404719231,1.00000000,0.84000000,0.00000000,0.42000000
B,69,1,0.78000000,0,beta,0.999000000000,0.75000000,0.68000000,0.00000000,0.30000000
B,69,1,0.78000000,0,gamma,0.633647449693,0.90000000,0.78000000,3.00000000,0.36000000
B,70,1,0.78000000,0,alpha,0.821178105380,1.00000000,0.84000000,0.00000000,0.42000000
B,70,1,0.78000000,0,beta,0.609175195931,0.75000000,0.68000000,1.00000000,0.30000000
B,70,1,0.78000000,0,gamma,0.223425542402,0.90000000,0.93000000,4.00000000,0.36000000
B,71,1,0.78000000,0,alpha,0.999000000000,1.00000000,0.84000000,0.00000000,0.42000000
B,71,1,0.78000000,0,beta,0.999000000000,0.75000000,0.68000000,2.00000000,0.30000000
B,71,1,0.78000000,0,gamma,0.266810482020,0.90000000,0.93000000,5.00000000,0.36000000
B,72,1,0.78000000,0,alpha,0.768152045516,1.00000000,0.84000000,0.00000000,0.42000000
B,72,1,0.78000000,0,beta,0.819579545292,0.75000000,0.68000000,3.00000000,0.30000000
B,72,1,0.78000000,0,gamma,0.104621631861,0.90000000,0.93000000,6.00000000,0.36000000
B,73,1,0.78000000,0,alpha,0.787989028174,1.00000000,0.84000000,0.00000000,0.42000000
B,73,1,0.78000000,0,beta,0.764311613919,0.75000000,0.68000000,4.00000000,0.30000000
B,73,1,0.78000000,0,gamma,0.695846299911,0.90000000,0.78000000,7.00000000,0.36000000
B,74,1,0.78000000,0,alpha,0.925513389928,1.00000000,0.84000000,0.00000000,0.42000000
B,74,1,0.78000000,0,beta,0.714986345575,0.75000000,0.68000000,5.00000000,0.30000000
B,74,1,0.78000000,0,gamma,0.691546943261,0.90000000,0.78000000,8.00000000,0.36000000
B,75,1,0.78000000,0,alpha,0.770879812117,1.00000000,0.84000000,0.00000000,0.42000000
B,75,1,0.78000000,0,beta,0.803122125904,0.75000000,0.68000000,6.00000000,0.30000000
B,75,1,0.78000000,0,gamma,0.999000000000,0.90000000,0.78000000,9.00000000,0.36000000
B,76,1,0.78000000,0,alpha,0.996734896860,1.00000000,0.84000000,0.00000000,0.42000000
B,76,1,0.78000000,0,beta,0.683872043207,0.75000000,0.68000000,7.00000000,0.30000000
B,76,1,0.78000000,0,gamma,0.667311345046,0.90000000,0.78000000,10.00000000,0.36000000
B,77,1,0.78000000,0,alpha,0.804012444127,1.00000000,0.84000000,0.00000000,0.42000000
B,77,1,0.78000000,0,beta,0.890519007536,0.75000000,0.68000000,50.00000000,0.30000000
B,77,1,0.78000000,0,gamma,0.894917637819,0.90000000,0.78000000,11.00000000,0.36000000
B,78,1,0.78000000,0,alpha,0.870484540743,1.00000000,0.84000000,0.00000000,0.42000000
B,78,1,0.78000000,0,beta,0.458155190395,0.75000000,0.68000000,9.00000000,0.30000000
B,78,1,0.78000000,0,gamma,0.667976052750,0.90000000,0.78000000,12.00000000,0.36000000
B,79,1,0.78000000,0,alpha,0.786450717895,1.00000000,0.84000000,0.00000000,0.42000000
B,79,1,0.78000000,0,beta,0.735633943669,0.75000000,0.68000000,10.00000000,0.30000000
B,79,1,0.78000000,0,gamma,0.985317648371,0.90000000,0.78000000,13.00000000,0.36000000
B,80,1,0.35000000,1,alpha,0.186084852286,1.00000000,0.84000000,0.00000000,0.42000000
B,80,1,0.35000000,1,beta,0.379416458168,0.75000000,0.68000000,11.00000000,0.30000000
B,80,1,0.35000000,1,gamma,0.380521952436,0.90000000,0.78000000,14.00000000,0.36000000
B,81,0,0.35000000,0,alpha,0.548492920698,1.00000000,0.84000000,0.00000000,0.42000000
B,81,0,0.35000000,0,beta,0.315856192691,0.75000000,0.68000000,12.00000000,0.30000000
B,81,0,0.35000000,0,gamma,0.325846302240,0.90000000,0.78000000,15.00000000,0.36000000
B,82,0,0.35000000,0,alpha,0.437447669528,1.00000000,0.84000000,0.00000000,0.42000000
B,82,0,0.35000000,0,beta,0.261214909382,0.75000000,0.68000000,13.00000000,0.30000000
B,82,0,0.35000000,0,gamma,0.414527415627,0.90000000,0.78000000,16.00000000,0.36000000
B,83,1,0.35000000,0,alpha,0.378491297626,1.00000000,0.84000000,0.00000000,0.42000000
B,83,1,0.35000000,0,beta,0.201866529691,0.75000000,0.68000000,14.00000000,0.30000000
B,83,1,0.35000000,0,gamma,0.403146968989,0.90000000,0.93000000,17.00000000,0.36000000
B,84,1,0.35000000,0,alpha,0.218923308229,1.00000000,0.84000000,0.00000000,0.42000000
B,84,1,0.35000000,0,beta,0.559007073871,0.75000000,0.68000000,15.00000000,0.30000000
B,84,1,0.35000000,0,gamma,0.858257989368,0.90000000,0.93000000,0.00000000,0.36000000
B,85,0,0.35000000,0,alpha,0.424570399957,1.00000000,0.84000000,0.00000000,0.42000000
B,85,0,0.35000000,0,beta,0.339081368952,0.75000000,0.68000000,16.00000000,0.30000000
B,85,0,0.35000000,0,gamma,0.870213487452,0.90000000,0.93000000,80.00000000,0.36000000
B,86,1,0.35000000,0,alpha,0.479963520934,1.00000000,0.84000000,0.00000000,0.42000000
B,86,1,0.35000000,0,beta,0.224091630350,0.75000000,0.68000000,17.00000000,0.30000000
B,86,1,0.35000000,0,gamma,0.456020424553,0.90000000,0.78000000,2.00000000,0.36000000
B,87,0,0.35000000,0,alpha,0.421562080393,1.00000000,0.84000000,0.00000000,0.42000000
B,87,0,0.35000000,0,beta,0.409105746500,0.75000000,0.68000000,0.00000000,0.30000000
B,87,0,0.35000000,0,gamma,0.013878251072,0.90000000,0.78000000,3.00000000,0.36000000
B,88,0,0.35000000,0,alpha,0.193302400937,1.00000000,0.84000000,0.00000000,0.42000000
B,88,0,0.35000000,0,beta,0.617192198857,0.75000000,0.68000000,50.00000000,0.30000000
B,88,0,0.35000000,0,gamma,0.548911724931,0.90000000,0.78000000,4.00000000,0.36000000
B,89,0,0.35000000,0,alpha,0.198389282014,1.00000000,0.84000000,0.00000000,0.42000000
B,89,0,0.35000000,0,beta,0.001000000000,0.75000000,0.68000000,2.00000000,0.30000000
B,89,0,0.35000000,0,gamma,0.172449237218,0.90000000,0.78000000,5.00000000,0.36000000
B,90,0,0.35000000,0,alpha,0.411791877427,1.00000000,0.84000000,0.00000000,0.42000000
B,90,0,0.35000000,0,beta,0.237916066259,0.75000000,0.68000000,3.00000000,0.30000000
B,90,0,0.35000000,0,gamma,0.329384930604,0.90000000,0.78000000,6.00000000,0.36000000
B,91,0,0.35000000,0,alpha,0.362588509233,1.00000000,0.84000000,0.00000000,0.42000000
B,91,0,0.35000000,0,beta,0.373735899007,0.75000000,0.68000000,4.00000000,0.30000000
B,91,0,0.35000000,0,gamma,0.276213964251,0.90000000,0.78000000,7.00000000,0.36000000
B,92,0,0.35000000,0,alpha,0.431560761044,1.00000000,0.84000000,0.00000000,0.42000000
B,92,0,0.35000000,0,beta,0.536710226562,0.75000000,0.68000000,5.00000000,0.30000000
B,92,0,0.35000000,0,gamma,0.116687586068,0.90000000,0.78000000,8.00000000,0.36000000
B,93,0,0.35000000,0,alpha,0.184703183599,1.00000000,0.84000000,0.00000000,0.42000000
B,93,0,0.35000000,0,beta,0.212487588138,0.75000000,0.68000000,6.00000000,0.30000000
B,93,0,0.35000000,0,gamma,0.544985330073,0.90000000,0.78000000,9.00000000,0.36000000
B,94,1,0.35000000,0,alpha,0.424065740742,1.00000000,0.84000000,0.00000000,0.42000000
B,94,1,0.35000000,0,beta,0.619968952905,0.75000000,0.68000000,7.00000000,0.30000000
B,94,1,0.35000000,0,gamma,0.390506824154,0.90000000,0.78000000,10.00000000,0.36000000
B,95,1,0.35000000,0,alpha,0.227937370163,1.00000000,0.84000000,0.00000000,0.42000000
B,95,1,0.35000000,0,beta,0.688727053302,0.75000000,0.68000000,8.00000000,0.30000000
B,95,1,0.35000000,0,gamma,0.373122806110,0.90000000,0.78000000,11.00000000,0.36000000
B,96,0,0.35000000,0,alpha,0.287045292500,1.00000000,0.84000000,0.00000000,0.42000000
B,96,0,0.35000000,0,beta,0.385714113447,0.75000000,0.68000000,9.00000000,0.30000000
B,96,0,0.35000000,0,gamma,0.709448911588,0.90000000,0.93000000,12.00000000,0.36000000
B,97,0,0.35000000,0,alpha,0.568695659299,1.00000000,0.84000000,0.00000000,0.42000000
B,97,0,0.35000000,0,beta,0.282925025134,0.75000000,0.68000000,10.00000000,0.30000000
B,97,0,0.35000000,0,gamma,0.744031688049,0.90000000,0.93000000,13.00000000,0.36000000
B,98,0,0.35000000,0,alpha,0.389061303859,1.00000000,0.84000000,0.00000000,0.42000000
B,98,0,0.35000000,0,beta,0.235637727858,0.75000000,0.68000000,11.00000000,0.30000000
B,98,0,0.35000000,0,gamma,0.680344315587,0.90000000,0.93000000,14.00000000,0.36000000
B,99,0,0.35000000,0,alpha,0.300819634568,1.00000000,0.84000000,0.00000000,0.42000000
B,99,0,0.35000000,0,beta,0.252853012043,0.75000000,0.68000000,50.00000000,0.30000000
B,99,0,0.35000000,0,gamma,0.422963820325,0.90000000,0.78000000,15.00000000,0.36000000
B,100,0,0.35000000,0,alpha,0.373013114165,1.00000000,0.84000000,0.00000000,0.42000000
B,100,0,0.35000000,0,beta,0.462977513147,0.75000000,0.68000000,13.00000000,0.30000000
B,100,0,0.35000000,0,gamma,0.291446710003,0.90000000,0.78000000,16.00000000,0.36000000
B,101,1,0.35000000,0,alpha,0.220874819425,1.00000000,0.84000000,0.00000000,0.42000000
B,101,1,0.35000000,0,beta,0.093930548223,0.75000000,0.68000000,14.00000000,0.30000000
B,101,1,0.35000000,0,gamma,0.239646714998,0.90000000,0.78000000,17.00000000,0.36000000
B,102,0,0.35000000,0,alpha,0.414077367455,1.00000000,0.84000000,0.00000000,0.42000000
B,102,0,0.35000000,0,beta,0.210989981458,0.75000000,0.68000000,15.00000000,0.30000000
B,102,0,0.35000000,0,gamma,0.391869099302,0.90000000,0.78000000,80.00000000,0.36000000
B,103,0,0.35000000,0,alpha,0.397429111622,1.00000000,0.84000000,0.00000000,0.42000000
B,103,0,0.35000000,0,beta,0.421963188310,0.75000000,0.68000000,16.00000000,0.30000000
B,103,0,0.35000000,0,gamma,0.280754918256,0.90000000,0.78000000,1.00000000,0.36000000
B,104,1,0.35000000,0,alpha,0.456835148801,1.00000000,0.84000000,0.00000000,0.42000000
B,104,1,0.35000000,0,beta,0.485257324266,0.75000000,0.68000000,17.00000000,0.30000000
B,104,1,0.35000000,0,gamma,0.390712267652,0.90000000,0.78000000,2.00000000,0.36000000
B,105,0,0.35000000,0,alpha,0.307204032201,1.00000000,0.84000000,0.00000000,0.42000000
B,105,0,0.35000000,0,beta,0.405897560578,0.75000000,0.68000000,0.00000000,0.30000000
B,105,0,0.35000000,0,gamma,0.595112358631,0.90000000,0.78000000,3.00000000,0.36000000
B,106,0,0.35000000,0,alpha,0.320843611712,1.00000000,0.84000000,0.00000000,0.42000000
B,106,0,0.35000000,0,beta,0.643683407418,0.75000000,0.68000000,1.00000000,0.30000000
B,106,0,0.35000000,0,gamma,0.519979839939,0.90000000,0.78000000,4.00000000,0.36000000
B,107,1,0.35000000,0,alpha,0.132292400949,1.00000000,0.84000000,0.00000000,0.42000000
B,107,1,0.35000000,0,beta,0.619231516304,0.75000000,0.68000000,2.00000000,0.30000000
B,107,1,0.35000000,0,gamma,0.285207339918,0.90000000,0.78000000,5.00000000,0.36000000
B,108,0,0.35000000,0,alpha,0.327424068178,1.00000000,0.84000000,0.00000000,0.42000000
B,108,0,0.35000000,0,beta,0.499355886013,0.75000000,0.68000000,3.00000000,0.30000000
B,108,0,0.35000000,0,gamma,0.306161417406,0.90000000,0.78000000,6.00000000,0.36000000
B,109,1,0.35000000,0,alpha,0.427147048095,1.00000000,0.84000000,0.00000000,0.42000000
B,109,1,0.35000000,0,beta,0.464591404667,0.75000000,0.68000000,4.00000000,0.30000000
B,109,1,0.35000000,0,gamma,0.647096978687,0.90000000,0.93000000,7.00000000,0.36000000
B,110,1,0.35000000,0,alpha,0.187718243936,1.00000000,0.84000000,0.00000000,0.42000000
B,110,1,0.35000000,0,beta,0.345479551595,0.75000000,0.68000000,50.00000000,0.30000000
B,110,1,0.35000000,0,gamma,0.891462523812,0.90000000,0.93000000,8.00000000,0.36000000
B,111,0,0.35000000,0,alpha,0.243457655680,1.00000000,0.84000000,0.00000000,0.42000000
B,111,0,0.35000000,0,beta,0.513508447660,0.75000000,0.68000000,6.00000000,0.30000000
B,111,0,0.35000000,0,gamma,0.986608257432,0.90000000,0.93000000,9.00000000,0.36000000
B,112,0,0.35000000,0,alpha,0.332054010853,1.00000000,0.84000000,0.00000000,0.42000000
B,112,0,0.35000000,0,beta,0.323380538147,0.75000000,0.68000000,7.00000000,0.30000000
B,112,0,0.35000000,0,gamma,0.538580514600,0.90000000,0.78000000,10.00000000,0.36000000
B,113,1,0.35000000,0,alpha,0.473991661813,1.00000000,0.84000000,0.00000000,0.42000000
B,113,1,0.35000000,0,beta,0.501178138651,0.75000000,0.68000000,8.00000000,0.30000000
B,113,1,0.35000000,0,gamma,0.245149105483,0.90000000,0.78000000,11.00000000,0.36000000
B,114,0,0.35000000,0,alpha,0.472667377251,1.00000000,0.84000000,0.00000000,0.42000000
B,114,0,0.35000000,0,beta,0.495907834979,0.75000000,0.68000000,9.00000000,0.30000000
B,114,0,0.35000000,0,gamma,0.190004881863,0.90000000,0.78000000,12.00000000,0.36000000
B,115,0,0.35000000,0,alpha,0.293346010495,1.00000000,0.84000000,0.00000000,0.42000000
B,115,0,0.35000000,0,beta,0.361534984682,0.75000000,0.68000000,10.00000000,0.30000000
B,115,0,0.35000000,0,gamma,0.474356887719,0.90000000,0.78000000,13.00000000,0.36000000
B,116,0,0.35000000,0,alpha,0.401453194209,1.00000000,0.84000000,0.00000000,0.42000000
B,116,0,0.35000000,0,beta,0.300525597025,0.75000000,0.68000000,11.00000000,0.30000000
B,116,0,0.35000000,0,gamma,0.510487656594,0.90000000,0.78000000,14.00000000,0.36000000
B,117,0,0.35000000,0,alpha,0.100594611625,1.00000000,0.84000000,0.00000000,0.42000000
B,117,0,0.35000000,0,beta,0.414046532793,0.75000000,0.68000000,12.00000000,0.30000000
B,117,0,0.35000000,0,gamma,0.001000000000,0.90000000,0.78000000,15.00000000,0.36000000
B,118,0,0.35000000,0,alpha,0.256736206412,1.00000000,0.84000000,0.00000000,0.42000000
B,118,0,0.35000000,0,beta,0.192249762225,0.75000000,0.68000000,13.00000000,0.30000000
B,118,0,0.35000000,0,gamma,0.312498851884,0.90000000,0.78000000,16.00000000,0.36000000
B,119,1,0.35000000,0,alpha,0.407066232710,1.00000000,0.84000000,0.00000000,0.42000000
B,119,1,0.35000000,0,beta,0.511525722909,0.75000000,0.68000000,14.00000000,0.30000000
B,119,1,0.35000000,0,gamma,0.258367238396,0.90000000,0.78000000,80.00000000,0.36000000
B,120,1,0.85000000,1,alpha,0.764057143695,1.00000000,0.84000000,0.00000000,0.42000000
B,120,1,0.85000000,1,beta,0.933618442171,0.75000000,0.68000000,15.00000000,0.30000000
B,120,1,0.85000000,1,gamma,0.603705873119,0.90000000,0.78000000,0.00000000,0.36000000
B,121,1,0.85000000,0,alpha,0.934230625482,1.00000000,0.84000000,0.00000000,0.42000000
B,121,1,0.85000000,0,beta,0.999000000000,0.75000000,0.68000000,50.00000000,0.30000000
B,121,1,0.85000000,0,gamma,0.999000000000,0.90000000,0.78000000,1.00000000,0.36000000
B,122,0,0.85000000,0,alpha,0.834698925455,1.00000000,0.84000000,0.00000000,0.42000000
B,122,0,0.85000000,0,beta,0.473822647759,0.75000000,0.68000000,17.00000000,0.30000000
B,122,0,0.85000000,0,gamma,0.368232425988,0.90000000,0.93000000,2.00000000,0.36000000
B,123,1,0.85000000,0,alpha,0.768913714397,1.00000000,0.84000000,0.00000000,0.42000000
B,123,1,0.85000000,0,beta,0.973594003067,0.75000000,0.68000000,0.00000000,0.30000000
B,123,1,0.85000000,0,gamma,0.151804207909,0.90000000,0.93000000,3.00000000,0.36000000
B,124,1,0.85000000,0,alpha,0.777189627504,1.00000000,0.84000000,0.00000000,0.42000000
B,124,1,0.85000000,0,beta,0.960704004417,0.75000000,0.68000000,1.00000000,0.30000000
B,124,1,0.85000000,0,gamma,0.354003384852,0.90000000,0.93000000,4.00000000,0.36000000
B,125,0,0.85000000,0,alpha,0.889374324127,1.00000000,0.84000000,0.00000000,0.42000000
B,125,0,0.85000000,0,beta,0.689537481179,0.75000000,0.68000000,2.00000000,0.30000000
B,125,0,0.85000000,0,gamma,0.665451297096,0.90000000,0.78000000,5.00000000,0.36000000
B,126,1,0.85000000,0,alpha,0.628195584171,1.00000000,0.84000000,0.00000000,0.42000000
B,126,1,0.85000000,0,beta,0.999000000000,0.75000000,0.68000000,3.00000000,0.30000000
B,126,1,0.85000000,0,gamma,0.754060867184,0.90000000,0.78000000,6.00000000,0.36000000
B,127,0,0.85000000,0,alpha,0.778137398109,1.00000000,0.84000000,0.00000000,0.42000000
B,127,0,0.85000000,0,beta,0.626907152250,0.75000000,0.68000000,4.00000000,0.30000000
B,127,0,0.85000000,0,gamma,0.732170181286,0.90000000,0.78000000,7.00000000,0.36000000
B,128,1,0.85000000,0,alpha,0.848982813051,1.00000000,0.84000000,0.00000000,0.42000000
B,128,1,0.85000000,0,beta,0.937365716498,0.75000000,0.68000000,5.00000000,0.30000000
B,128,1,0.85000000,0,gamma,0.746270701627,0.90000000,0.78000000,8.00000000,0.36000000
B,129,1,0.85000000,0,alpha,0.801045491452,1.00000000,0.84000000,0.00000000,0.42000000
B,129,1,0.85000000,0,beta,0.868559975872,0.75000000,0.68000000,6.00000000,0.30000000
B,129,1,0.85000000,0,gamma,0.447980626701,0.90000000,0.78000000,9.00000000,0.36000000
B,130,1,0.85000000,0,alpha,0.773319688786,1.00000000,0.84000000,0.00000000,0.42000000
B,130,1,0.85000000,0,beta,0.999000000000,0.75000000,0.68000000,7.00000000,0.30000000
B,130,1,0.85000000,0,gamma,0.832364741436,0.90000000,0.78000000,10.00000000,0.36000000
B,131,1,0.85000000,0,alpha,0.714576076533,1.00000000,0.84000000,0.00000000,0.42000000
B,131,1,0.85000000,0,beta,0.959245017940,0.75000000,0.68000000,8.00000000,0.30000000
B,131,1,0.85000000,0,gamma,0.955741944353,0.90000000,0.78000000,11.00000000,0.36000000
B,132,0,0.85000000,0,alpha,0.828006126792,1.00000000,0.84000000,0.00000000,0.42000000
B,132,0,0.85000000,0,beta,0.999000000000,0.75000000,0.68000000,50.00000000,0.30000000
B,132,0,0.85000000,0,gamma,0.932955904820,0.90000000,0.78000000,12.00000000,0.36000000
B,133,1,0.85000000,0,alpha,0.851512086051,1.00000000,0.84000000,0.00000000,0.42000000
B,133,1,0.85000000,0,beta,0.999000000000,0.75000000,0.68000000,10.00000000,0.30000000
B,133,1,0.85000000,0,gamma,0.999000000000,0.90000000,0.78000000,13.00000000,0.36000000
B,134,1,0.85000000,0,alpha,0.877366703185,1.00000000,0.84000000,0.00000000,0.42000000
B,134,1,0.85000000,0,beta,0.925620435419,0.75000000,0.68000000,11.00000000,0.30000000
B,134,1,0.85000000,0,gamma,0.613119950087,0.90000000,0.78000000,14.00000000,0.36000000
B,135,1,0.85000000,0,alpha,0.877178184583,1.00000000,0.84000000,0.00000000,0.42000000
B,135,1,0.85000000,0,beta,0.886834892803,0.75000000,0.68000000,12.00000000,0.30000000
B,135,1,0.85000000,0,gamma,0.277099298567,0.90000000,0.93000000,15.00000000,0.36000000
B,136,1,0.85000000,0,alpha,0.824097171523,1.00000000,0.84000000,0.00000000,0.42000000
B,136,1,0.85000000,0,beta,0.999000000000,0.75000000,0.68000000,13.00000000,0.30000000
B,136,1,0.85000000,0,gamma,0.223401139090,0.90000000,0.93000000,80.00000000,0.36000000
B,137,1,0.85000000,0,alpha,0.961036722285,1.00000000,0.84000000,0.00000000,0.42000000
B,137,1,0.85000000,0,beta,0.913161853647,0.75000000,0.68000000,14.00000000,0.30000000
B,137,1,0.85000000,0,gamma,0.465780936346,0.90000000,0.93000000,17.00000000,0.36000000
B,138,1,0.85000000,0,alpha,0.969376201029,1.00000000,0.84000000,0.00000000,0.42000000
B,138,1,0.85000000,0,beta,0.840215819099,0.75000000,0.68000000,15.00000000,0.30000000
B,138,1,0.85000000,0,gamma,0.856154716389,0.90000000,0.78000000,0.00000000,0.36000000
B,139,1,0.85000000,0,alpha,0.920501928830,1.00000000,0.84000000,0.00000000,0.42000000
B,139,1,0.85000000,0,beta,0.999000000000,0.75000000,0.68000000,16.00000000,0.30000000
B,139,1,0.85000000,0,gamma,0.703823364027,0.90000000,0.78000000,1.00000000,0.36000000
B,140,1,0.85000000,0,alpha,0.812189409671,1.00000000,0.84000000,0.00000000,0.42000000
B,140,1,0.85000000,0,beta,0.500849019079,0.75000000,0.68000000,17.00000000,0.30000000
B,140,1,0.85000000,0,gamma,0.750267561302,0.90000000,0.78000000,2.00000000,0.36000000
B,141,1,0.85000000,0,alpha,0.772079796473,1.00000000,0.84000000,0.00000000,0.42000000
B,141,1,0.85000000,0,beta,0.999000000000,0.75000000,0.68000000,0.00000000,0.30000000
B,141,1,0.85000000,0,gamma,0.662531932088,0.90000000,0.78000000,3.00000000,0.36000000
B,142,1,0.85000000,0,alpha,0.841569793547,1.00000000,0.84000000,0.00000000,0.42000000
B,142,1,0.85000000,0,beta,0.933227974513,0.75000000,0.68000000,1.00000000,0.30000000
B,142,1,0.85000000,0,gamma,0.608676359360,0.90000000,0.78000000,4.00000000,0.36000000
B,143,0,0.85000000,0,alpha,0.828606391634,1.00000000,0.84000000,0.00000000,0.42000000
B,143,0,0.85000000,0,beta,0.696744961445,0.75000000,0.68000000,50.00000000,0.30000000
B,143,0,0.85000000,0,gamma,0.620663474873,0.90000000,0.78000000,5.00000000,0.36000000
B,144,1,0.85000000,0,alpha,0.744251223525,1.00000000,0.84000000,0.00000000,0.42000000
B,144,1,0.85000000,0,beta,0.916686057214,0.75000000,0.68000000,3.00000000,0.30000000
B,144,1,0.85000000,0,gamma,0.558078290391,0.90000000,0.78000000,6.00000000,0.36000000
B,145,0,0.85000000,0,alpha,0.924953850475,1.00000000,0.84000000,0.00000000,0.42000000
B,145,0,0.85000000,0,beta,0.931809616044,0.75000000,0.68000000,4.00000000,0.30000000
B,145,0,0.85000000,0,gamma,0.805097779427,0.90000000,0.78000000,7.00000000,0.36000000
B,146,1,0.85000000,0,alpha,0.925945151203,1.00000000,0.84000000,0.00000000,0.42000000
B,146,1,0.85000000,0,beta,0.591218386643,0.75000000,0.68000000,5.00000000,0.30000000
B,146,1,0.85000000,0,gamma,0.956663924259,0.90000000,0.78000000,8.00000000,0.36000000
B,147,1,0.85000000,0,alpha,0.925330896878,1.00000000,0.84000000,0.00000000,0.42000000
B,147,1,0.85000000,0,beta,0.669237573374,0.75000000,0.68000000,6.00000000,0.30000000
B,147,1,0.85000000,0,gamma,0.999000000000,0.90000000,0.78000000,9.00000000,0.36000000
B,148,1,0.85000000,0,alpha,0.820948013682,1.00000000,0.84000000,0.00000000,0.42000000
B,148,1,0.85000000,0,beta,0.999000000000,0.75000000,0.68000000,7.00000000,0.30000000
B,148,1,0.85000000,0,gamma,0.079222058569,0.90000000,0.93000000,10.00000000,0.36000000
B,149,1,0.85000000,0,alpha,0.996083590982,1.00000000,0.84000000,0.00000000,0.42000000
B,149,1,0.85000000,0,beta,0.999000000000,0.75000000,0.68000000,8.00000000,0.30000000
B,149,1,0.85000000,0,gamma,0.306388989123,0.90000000,0.93000000,11.00000000,0.36000000
B,150,0,0.85000000,0,alpha,0.776415669175,1.00000000,0.84000000,0.00000000,0.42000000
B,150,0,0.85000000,0,beta,0.709547548442,0.75000000,0.68000000,9.00000000,0.30000000
B,150,0,0.85000000,0,gamma,0.230769743587,0.90000000,0.93000000,12.00000000,0.36000000
B,151,0,0.85000000,0,alpha,0.999000000000,1.00000000,0.84000000,0.00000000,0.42000000
B,151,0,0.85000000,0,beta,0.996055605171,0.75000000,0.68000000,10.00000000,0.30000000
B,151,0,0.85000000,0,gamma,0.530334609756,0.90000000,0.78000000,13.00000000,0.36000000
B,152,1,0.85000000,0,alpha,0.999000000000,1.00000000,0.84000000,0.00000000,0.42000000
B,152,1,0.85000000,0,beta,0.994505909044,0.75000000,0.68000000,11.00000000,0.30000000
B,152,1,0.85000000,0,gamma,0.659526864406,0.90000000,0.78000000,14.00000000,0.36000000
B,153,1,0.85000000,0,alpha,0.999000000000,1.00000000,0.84000000,0.00000000,0.42000000
B,153,1,0.85000000,0,beta,0.357821228537,0.75000000,0.68000000,12.00000000,0.30000000
B,153,1,0.85000000,0,gamma,0.778549832447,0.90000000,0.78000000,80.00000000,0.36000000
B,154,0,0.85000000,0,alpha,0.999000000000,1.00000000,0.84000000,0.00000000,0.42000000
B,154,0,0.85000000,0,beta,0.999000000000,0.75000000,0.68000000,50.00000000,0.30000000
B,154,0,0.85000000,0,gamma,0.928182418386,0.90000000,0.78000000,16.00000000,0.36000000
B,155,0,0.85000000,0,alpha,0.672612224369,1.00000000,0.84000000,0.00000000,0.42000000
B,155,0,0.85000000,0,beta,0.944989648486,0.75000000,0.68000000,14.00000000,0.30000000
B,155,0,0.85000000,0,gamma,0.923438773752,0.90000000,0.78000000,17.00000000,0.36000000
B,156,0,0.85000000,0,alpha,0.923410604011,1.00000000,0.84000000,0.00000000,0.42000000
B,156,0,0.85000000,0,beta,0.868644073097,0.75000000,0.68000000,15.00000000,0.30000000
B,156,0,0.85000000,0,gamma,0.784951070802,0.90000000,0.78000000,0.00000000,0.36000000
B,157,1,0.85000000,0,alpha,0.682873924389,1.00000000,0.84000000,0.00000000,0.42000000
B,157,1,0.85000000,0,beta,0.972032689899,0.75000000,0.68000000,16.00000000,0.30000000
B,157,1,0.85000000,0,gamma,0.883670771608,0.90000000,0.78000000,1.00000000,0.36000000
B,158,1,0.85000000,0,alpha,0.856471881868,1.00000000,0.84000000,0.00000000,0.42000000
B,158,1,0.85000000,0,beta,0.721046597871,0.75000000,0.68000000,17.00000000,0.30000000
B,158,1,0.85000000,0,gamma,0.999000000000,0.90000000,0.78000000,2.00000000,0.36000000
B,159,1,0.85000000,0,alpha,0.826464282631,1.00000000,0.84000000,0.00000000,0.42000000
B,159,1,0.85000000,0,beta,0.927250560983,0.75000000,0.68000000,0.00000000,0.30000000
B,159,1,0.85000000,0,gamma,0.614871637380,0.90000000,0.78000000,3.00000000,0.36000000
B,160,1,0.25000000,1,alpha,0.299682949882,1.00000000,0.84000000,0.00000000,0.42000000
B,160,1,0.25000000,1,beta,0.587090343190,0.75000000,0.68000000,1.00000000,0.30000000
B,160,1,0.25000000,1,gamma,0.650069286043,0.90000000,0.78000000,4.00000000,0.36000000
B,161,0,0.25000000,0,alpha,0.248275895712,1.00000000,0.84000000,0.00000000,0.42000000
B,161,0,0.25000000,0,beta,0.385596577185,0.75000000,0.68000000,2.00000000,0.30000000
B,161,0,0.25000000,0,gamma,0.871259614459,0.90000000,0.93000000,5.00000000,0.36000000
B,162,0,0.25000000,0,alpha,0.403824307837,1.00000000,0.84000000,0.00000000,0.42000000
B,162,0,0.25000000,0,beta,0.426116498491,0.75000000,0.68000000,3.00000000,0.30000000
B,162,0,0.25000000,0,gamma,0.826390542407,0.90000000,0.93000000,6.00000000,0.36000000
B,163,0,0.25000000,0,alpha,0.186905553280,1.00000000,0.84000000,0.00000000,0.42000000
B,163,0,0.25000000,0,beta,0.119340924927,0.75000000,0.68000000,4.00000000,0.30000000
B,163,0,0.25000000,0,gamma,0.699643185673,0.90000000,0.93000000,7.00000000,0.36000000
B,164,0,0.25000000,0,alpha,0.168374319357,1.00000000,0.84000000,0.00000000,0.42000000
B,164,0,0.25000000,0,beta,0.392676378406,0.75000000,0.68000000,5.00000000,0.30000000
B,164,0,0.25000000,0,gamma,0.170210852335,0.90000000,0.78000000,8.00000000,0.36000000
B,165,1,0.25000000,0,alpha,0.334036299434,1.00000000,0.84000000,0.00000000,0.42000000
B,165,1,0.25000000,0,beta,0.001000000000,0.75000000,0.68000000,50.00000000,0.30000000
B,165,1,0.25000000,0,gamma,0.376093803032,0.90000000,0.78000000,9.00000000,0.36000000
B,166,0,0.25000000,0,alpha,0.423703510379,1.00000000,0.84000000,0.00000000,0.42000000
B,166,0,0.25000000,0,beta,0.137874565405,0.75000000,0.68000000,7.00000000,0.30000000
B,166,0,0.25000000,0,gamma,0.167033793421,0.90000000,0.78000000,10.00000000,0.36000000
B,167,0,0.25000000,0,alpha,0.191808099429,1.00000000,0.84000000,0.00000000,0.42000000
B,167,0,0.25000000,0,beta,0.275004545208,0.75000000,0.68000000,8.00000000,0.30000000
B,167,0,0.25000000,0,gamma,0.010454698592,0.90000000,0.78000000,11.00000000,0.36000000
B,168,0,0.25000000,0,alpha,0.064435641722,1.00000000,0.84000000,0.00000000,0.42000000
B,168,0,0.25000000,0,beta,0.347714866976,0.75000000,0.68000000,9.00000000,0.30000000
B,168,0,0.25000000,0,gamma,0.403784249075,0.90000000,0.78000000,12.00000000,0.36000000
B,169,0,0.25000000,0,alpha,0.330003526646,1.00000000,0.84000000,0.00000000,0.42000000
B,169,0,0.25000000,0,beta,0.401347575105,0.75000000,0.68000000,10.00000000,0.30000000
B,169,0,0.25000000,0,gamma,0.401984693036,0.90000000,0.78000000,13.00000000,0.36000000
B,170,0,0.25000000,0,alpha,0.284130951780,1.00000000,0.84000000,0.00000000,0.42000000
B,170,0,0.25000000,0,beta,0.612825301534,0.75000000,0.68000000,11.00000000,0.30000000
B,170,0,0.25000000,0,gamma,0.277477623571,0.90000000,0.78000000,80.00000000,0.36000000
B,171,0,0.25000000,0,alpha,0.351801895684,1.00000000,0.84000000,0.00000000,0.42000000
B,171,0,0.25000000,0,beta,0.206169961971,0.75000000,0.68000000,12.00000000,0.30000000
B,171,0,0.25000000,0,gamma,0.145410125119,0.90000000,0.78000000,15.00000000,0.36000000
B,172,1,0.25000000,0,alpha,0.369928688005,1.00000000,0.84000000,0.00000000,0.42000000
B,172,1,0.25000000,0,beta,0.460214459992,0.75000000,0.68000000,13.00000000,0.30000000
B,172,1,0.25000000,0,gamma,0.070338794011,0.90000000,0.78000000,16.00000000,0.36000000
B,173,0,0.25000000,0,alpha,0.215553271464,1.00000000,0.84000000,0.00000000,0.42000000
B,173,0,0.25000000,0,beta,0.113964415830,0.75000000,0.68000000,14.00000000,0.30000000
B,173,0,0.25000000,0,gamma,0.148426146507,0.90000000,0.78000000,17.00000000,0.36000000
B,174,1,0.25000000,0,alpha,0.358511689615,1.00000000,0.84000000,0.00000000,0.42000000
B,174,1,0.25000000,0,beta,0.162440450648,0.75000000,0.68000000,15.00000000,0.30000000
B,174,1,0.25000000,0,gamma,0.698635153105,0.90000000,0.93000000,0.00000000,0.36000000
B,175,0,0.25000000,0,alpha,0.285587919025,1.00000000,0.84000000,0.00000000,0.42000000
B,175,0,0.25000000,0,beta,0.541067940800,0.75000000,0.68000000,16.00000000,0.30000000
B,175,0,0.25000000,0,gamma,0.733962475918,0.90000000,0.93000000,1.00000000,0.36000000
B,176,1,0.25000000,0,alpha,0.349465554793,1.00000000,0.84000000,0.00000000,0.42000000
B,176,1,0.25000000,0,beta,0.356115029141,0.75000000,0.68000000,50.00000000,0.30000000
B,176,1,0.25000000,0,gamma,0.797349883504,0.90000000,0.93000000,2.00000000,0.36000000
B,177,0,0.25000000,0,alpha,0.275814851799,1.00000000,0.84000000,0.00000000,0.42000000
B,177,0,0.25000000,0,beta,0.001000000000,0.75000000,0.68000000,0.00000000,0.30000000
B,177,0,0.25000000,0,gamma,0.005785483740,0.90000000,0.78000000,3.00000000,0.36000000
B,178,0,0.25000000,0,alpha,0.517959483945,1.00000000,0.84000000,0.00000000,0.42000000
B,178,0,0.25000000,0,beta,0.264089666930,0.75000000,0.68000000,1.00000000,0.30000000
B,178,0,0.25000000,0,gamma,0.146635961335,0.90000000,0.78000000,4.00000000,0.36000000
B,179,0,0.25000000,0,alpha,0.283075978999,1.00000000,0.84000000,0.00000000,0.42000000
B,179,0,0.25000000,0,beta,0.533122677618,0.75000000,0.68000000,2.00000000,0.30000000
B,179,0,0.25000000,0,gamma,0.001000000000,0.90000000,0.78000000,5.00000000,0.36000000
B,180,0,0.25000000,0,alpha,0.316481895553,1.00000000,0.84000000,0.00000000,0.42000000
B,180,0,0.25000000,0,beta,0.369047331249,0.75000000,0.68000000,3.00000000,0.30000000
B,180,0,0.25000000,0,gamma,0.097691826871,0.90000000,0.78000000,6.00000000,0.36000000
B,181,1,0.25000000,0,alpha,0.210727387517,1.00000000,0.84000000,0.00000000,0.42000000
B,181,1,0.25000000,0,beta,0.142517023588,0.75000000,0.68000000,4.00000000,0.30000000
B,181,1,0.25000000,0,gamma,0.001000000000,0.90000000,0.78000000,7.00000000,0.36000000
B,182,0,0.25000000,0,alpha,0.277632473092,1.00000000,0.84000000,0.00000000,0.42000000
B,182,0,0.25000000,0,beta,0.543258018086,0.75000000,0.68000000,5.00000000,0.30000000
B,182,0,0.25000000,0,gamma,0.600205702235,0.90000000,0.78000000,8.00000000,0.36000000
B,183,0,0.25000000,0,alpha,0.373276483789,1.00000000,0.84000000,0.00000000,0.42000000
B,183,0,0.25000000,0,beta,0.487179786609,0.75000000,0.68000000,6.00000000,0.30000000
B,183,0,0.25000000,0,gamma,0.195812783757,0.90000000,0.78000000,9.00000000,0.36000000
B,184,0,0.25000000,0,alpha,0.145948114574,1.00000000,0.84000000,0.00000000,0.42000000
B,184,0,0.25000000,0,beta,0.290980651292,0.75000000,0.68000000,7.00000000,0.30000000
B,184,0,0.25000000,0,gamma,0.318209496068,0.90000000,0.78000000,10.00000000,0.36000000
B,185,1,0.25000000,0,alpha,0.220090922293,1.00000000,0.84000000,0.00000000,0.42000000
B,185,1,0.25000000,0,beta,0.215719791792,0.75000000,0.68000000,8.00000000,0.30000000
B,185,1,0.25000000,0,gamma,0.276655309590,0.90000000,0.78000000,11.00000000,0.36000000
B,186,0,0.25000000,0,alpha,0.357999334988,1.00000000,0.84000000,0.00000000,0.42000000
B,186,0,0.25000000,0,beta,0.124275082118,0.75000000,0.68000000,9.00000000,0.30000000
B,186,0,0.25000000,0,gamma,0.254562468732,0.90000000,0.78000000,12.00000000,0.36000000
B,187,1,0.25000000,0,alpha,0.190739030266,1.00000000,0.84000000,0.00000000,0.42000000
B,187,1,0.25000000,0,beta,0.212495723651,0.75000000,0.68000000,50.00000000,0.30000000
B,187,1,0.25000000,0,gamma,0.775944390636,0.90000000,0.93000000,80.00000000,0.36000000
B,188,1,0.25000000,0,alpha,0.167668612715,1.00000000,0.84000000,0.00000000,0.42000000
B,188,1,0.25000000,0,beta,0.280996709501,0.75000000,0.68000000,11.00000000,0.30000000
B,188,1,0.25000000,0,gamma,0.566610503595,0.90000000,0.93000000,14.00000000,0.36000000
B,189,0,0.25000000,0,alpha,0.096540483063,1.00000000,0.84000000,0.00000000,0.42000000
B,189,0,0.25000000,0,beta,0.063130332364,0.75000000,0.68000000,12.00000000,0.30000000
B,189,0,0.25000000,0,gamma,0.999000000000,0.90000000,0.93000000,15.00000000,0.36000000
B,190,0,0.25000000,0,alpha,0.178178137769,1.00000000,0.84000000,0.00000000,0.42000000
B,190,0,0.25000000,0,beta,0.318899011803,0.75000000,0.68000000,13.00000000,0.30000000
B,190,0,0.25000000,0,gamma,0.001000000000,0.90000000,0.78000000,16.00000000,0.36000000
B,191,0,0.25000000,0,alpha,0.344744297197,1.00000000,0.84000000,0.00000000,0.42000000
B,191,0,0.25000000,0,beta,0.029212143726,0.75000000,0.68000000,14.00000000,0.30000000
B,191,0,0.25000000,0,gamma,0.015314231597,0.90000000,0.78000000,17.00000000,0.36000000
B,192,0,0.25000000,0,alpha,0.281604784960,1.00000000,0.84000000,0.00000000,0.42000000
B,192,0,0.25000000,0,beta,0.345981216690,0.75000000,0.68000000,15.00000000,0.30000000
B,192,0,0.25000000,0,gamma,0.478514205540,0.90000000,0.78000000,0.00000000,0.36000000
B,193,0,0.25000000,0,alpha,0.369748008191,1.00000000,0.84000000,0.00000000,0.42000000
B,193,0,0.25000000,0,beta,0.213558352687,0.75000000,0.68000000,16.00000000,0.30000000
B,193,0,0.25000000,0,gamma,0.348759912053,0.90000000,0.78000000,1.00000000,0.36000000
B,194,0,0.25000000,0,alpha,0.349743557274,1.00000000,0.84000000,0.00000000,0.42000000
B,194,0,0.25000000,0,beta,0.477409228312,0.75000000,0.68000000,17.00000000,0.30000000
B,194,0,0.25000000,0,gamma,0.177824286529,0.90000000,0.78000000,2.00000000,0.36000000
B,195,0,0.25000000,0,alpha,0.111174227363,1.00000000,0.84000000,0.00000000,0.42000000
B,195,0,0.25000000,0,beta,0.001000000000,0.75000000,0.68000000,0.00000000,0.30000000
B,195,0,0.25000000,0,gamma,0.285114955540,0.90000000,0.78000000,3.00000000,0.36000000
B,196,0,0.25000000,0,alpha,0.252485656731,1.00000000,0.84000000,0.00000000,0.42000000
B,196,0,0.25000000,0,beta,0.624337599992,0.75000000,0.68000000,1.00000000,0.30000000
B,196,0,0.25000000,0,gamma,0.341837201096,0.90000000,0.78000000,4.00000000,0.36000000
B,197,0,0.25000000,0,alpha,0.206324094799,1.00000000,0.84000000,0.00000000,0.42000000
B,197,0,0.25000000,0,beta,0.441984885729,0.75000000,0.68000000,2.00000000,0.30000000
B,197,0,0.25000000,0,gamma,0.152345357940,0.90000000,0.78000000,5.00000000,0.36000000
B,198,0,0.25000000,0,alpha,0.263207250187,1.00000000,0.84000000,0.00000000,0.42000000
B,198,0,0.25000000,0,beta,0.265550231214,0.75000000,0.68000000,50.00000000,0.30000000
B,198,0,0.25000000,0,gamma,0.277167911701,0.90000000,0.78000000,6.00000000,0.36000000
B,199,0,0.25000000,0,alpha,0.224900326514,1.00000000,0.84000000,0.00000000,0.42000000
B,199,0,0.25000000,0,beta,0.343886155570,0.75000000,0.68000000,4.00000000,0.30000000
B,199,0,0.25000000,0,gamma,0.073078400778,0.90000000,0.78000000,7.00000000,0.36000000
B,200,1,0.68000000,1,alpha,0.690234530838,1.00000000,0.84000000,0.00000000,0.42000000
B,200,1,0.68000000,1,beta,0.627822391379,0.75000000,0.68000000,5.00000000,0.30000000
B,200,1,0.68000000,1,gamma,0.360702147341,0.90000000,0.93000000,8.00000000,0.36000000
B,201,1,0.68000000,0,alpha,0.603150719500,1.00000000,0.84000000,0.00000000,0.42000000
B,201,1,0.68000000,0,beta,0.906102557351,0.75000000,0.68000000,6.00000000,0.30000000
B,201,1,0.68000000,0,gamma,0.513160922495,0.90000000,0.93000000,9.00000000,0.36000000
B,202,1,0.68000000,0,alpha,0.635058365230,1.00000000,0.84000000,0.00000000,0.42000000
B,202,1,0.68000000,0,beta,0.721958731763,0.75000000,0.68000000,7.00000000,0.30000000
B,202,1,0.68000000,0,gamma,0.308581431785,0.90000000,0.93000000,10.00000000,0.36000000
B,203,1,0.68000000,0,alpha,0.673800949412,1.00000000,0.84000000,0.00000000,0.42000000
B,203,1,0.68000000,0,beta,0.751572258905,0.75000000,0.68000000,8.00000000,0.30000000
B,203,1,0.68000000,0,gamma,0.427586243411,0.90000000,0.78000000,11.00000000,0.36000000
B,204,1,0.68000000,0,alpha,0.728558979727,1.00000000,0.84000000,0.00000000,0.42000000
B,204,1,0.68000000,0,beta,0.754240550044,0.75000000,0.68000000,9.00000000,0.30000000
B,204,1,0.68000000,0,gamma,0.805559761906,0.90000000,0.78000000,80.00000000,0.36000000
B,205,1,0.68000000,0,alpha,0.658896333200,1.00000000,0.84000000,0.00000000,0.42000000
B,205,1,0.68000000,0,beta,0.540798182339,0.75000000,0.68000000,10.00000000,0.30000000
B,205,1,0.68000000,0,gamma,0.671399062922,0.90000000,0.78000000,13.00000000,0.36000000
B,206,0,0.68000000,0,alpha,0.740404305031,1.00000000,0.84000000,0.00000000,0.42000000
B,206,0,0.68000000,0,beta,0.933280724616,0.75000000,0.68000000,11.00000000,0.30000000
B,206,0,0.68000000,0,gamma,0.914288024047,0.90000000,0.78000000,14.00000000,0.36000000
B,207,1,0.68000000,0,alpha,0.851120006518,1.00000000,0.84000000,0.00000000,0.42000000
B,207,1,0.68000000,0,beta,0.786699174121,0.75000000,0.68000000,12.00000000,0.30000000
B,207,1,0.68000000,0,gamma,0.319238194598,0.90000000,0.78000000,15.00000000,0.36000000
B,208,0,0.68000000,0,alpha,0.824359860428,1.00000000,0.84000000,0.00000000,0.42000000
B,208,0,0.68000000,0,beta,0.661213748728,0.75000000,0.68000000,13.00000000,0.30000000
B,208,0,0.68000000,0,gamma,0.742339945773,0.90000000,0.78000000,16.00000000,0.36000000
B,209,0,0.68000000,0,alpha,0.665187946297,1.00000000,0.84000000,0.00000000,0.42000000
B,209,0,0.68000000,0,beta,0.574458273750,0.75000000,0.68000000,50.00000000,0.30000000
B,209,0,0.68000000,0,gamma,0.558545751821,0.90000000,0.78000000,17.00000000,0.36000000
B,210,0,0.68000000,0,alpha,0.694376969092,1.00000000,0.84000000,0.00000000,0.42000000
B,210,0,0.68000000,0,beta,0.886001784156,0.75000000,0.68000000,15.00000000,0.30000000
B,210,0,0.68000000,0,gamma,0.740477430208,0.90000000,0.78000000,0.00000000,0.36000000
B,211,1,0.68000000,0,alpha,0.795650114400,1.00000000,0.84000000,0.00000000,0.42000000
B,211,1,0.68000000,0,beta,0.673436015719,0.75000000,0.68000000,16.00000000,0.30000000
B,211,1,0.68000000,0,gamma,0.614295691426,0.90000000,0.78000000,1.00000000,0.36000000
B,212,1,0.68000000,0,alpha,0.627976717551,1.00000000,0.84000000,0.00000000,0.42000000
B,212,1,0.68000000,0,beta,0.863926474023,0.75000000,0.68000000,17.00000000,0.30000000
B,212,1,0.68000000,0,gamma,0.600466927553,0.90000000,0.78000000,2.00000000,0.36000000
B,213,1,0.68000000,0,alpha,0.669927904410,1.00000000,0.84000000,0.00000000,0.42000000
B,213,1,0.68000000,0,beta,0.999000000000,0.75000000,0.68000000,0.00000000,0.30000000
B,213,1,0.68000000,0,gamma,0.656446068319,0.90000000,0.93000000,3.00000000,0.36000000
B,214,1,0.68000000,0,alpha,0.594930430912,1.00000000,0.84000000,0.00000000,0.42000000
B,214,1,0.68000000,0,beta,0.753779175171,0.75000000,0.68000000,1.00000000,0.30000000
B,214,1,0.68000000,0,gamma,0.308776849365,0.90000000,0.93000000,4.00000000,0.36000000
B,215,0,0.68000000,0,alpha,0.787791626319,1.00000000,0.84000000,0.00000000,0.42000000
B,215,0,0.68000000,0,beta,0.671490769725,0.75000000,0.68000000,2.00000000,0.30000000
B,215,0,0.68000000,0,gamma,0.355856781501,0.90000000,0.93000000,5.00000000,0.36000000
B,216,1,0.68000000,0,alpha,0.872272253730,1.00000000,0.84000000,0.00000000,0.42000000
B,216,1,0.68000000,0,beta,0.999000000000,0.75000000,0.68000000,3.00000000,0.30000000
B,216,1,0.68000000,0,gamma,0.821684541884,0.90000000,0.78000000,6.00000000,0.36000000
B,217,1,0.68000000,0,alpha,0.422880942340,1.00000000,0.84000000,0.00000000,0.42000000
B,217,1,0.68000000,0,beta,0.203437023775,0.75000000,0.68000000,4.00000000,0.30000000
B,217,1,0.68000000,0,gamma,0.509440097901,0.90000000,0.78000000,7.00000000,0.36000000
B,218,0,0.68000000,0,alpha,0.570141767129,1.00000000,0.84000000,0.00000000,0.42000000
B,218,0,0.68000000,0,beta,0.878177905493,0.75000000,0.68000000,5.00000000,0.30000000
B,218,0,0.68000000,0,gamma,0.538445504696,0.90000000,0.78000000,8.00000000,0.36000000
B,219,0,0.68000000,0,alpha,0.787919608680,1.00000000,0.84000000,0.00000000,0.42000000
B,219,0,0.68000000,0,beta,0.479130652303,0.75000000,0.68000000,6.00000000,0.30000000
B,219,0,0.68000000,0,gamma,0.567260134936,0.90000000,0.78000000,9.00000000,0.36000000
B,220,1,0.68000000,0,alpha,0.606413325113,1.00000000,0.84000000,0.00000000,0.42000000
B,220,1,0.68000000,0,beta,0.505023125770,0.75000000,0.68000000,50.00000000,0.30000000
B,220,1,0.68000000,0,gamma,0.503098912660,0.90000000,0.78000000,10.00000000,0.36000000
B,221,0,0.68000000,0,alpha,0.700878443119,1.00000000,0.84000000,0.00000000,0.42000000
B,221,0,0.68000000,0,beta,0.710670621194,0.75000000,0.68000000,8.00000000,0.30000000
B,221,0,0.68000000,0,gamma,0.864196661205,0.90000000,0.78000000,80.00000000,0.36000000
B,222,1,0.68000000,0,alpha,0.867217125624,1.00000000,0.84000000,0.00000000,0.42000000
B,222,1,0.68000000,0,beta,0.910480321405,0.75000000,0.68000000,9.00000000,0.30000000
B,222,1,0.68000000,0,gamma,0.705559949059,0.90000000,0.78000000,12.00000000,0.36000000
B,223,0,0.68000000,0,alpha,0.621651064227,1.00000000,0.84000000,0.00000000,0.42000000
B,223,0,0.68000000,0,beta,0.799743382139,0.75000000,0.68000000,10.00000000,0.30000000
B,223,0,0.68000000,0,gamma,0.574085299254,0.90000000,0.78000000,13.00000000,0.36000000
B,224,1,0.68000000,0,alpha,0.593306246327,1.00000000,0.84000000,0.00000000,0.42000000
B,224,1,0.68000000,0,beta,0.759850797331,0.75000000,0.68000000,11.00000000,0.30000000
B,224,1,0.68000000,0,gamma,0.796044836751,0.90000000,0.78000000,14.00000000,0.36000000
B,225,1,0.68000000,0,alpha,0.673027622342,1.00000000,0.84000000,0.00000000,0.42000000
B,225,1,0.68000000,0,beta,0.646136284933,0.75000000,0.68000000,12.00000000,0.30000000
B,225,1,0.68000000,0,gamma,0.635825821777,0.90000000,0.78000000,15.00000000,0.36000000
B,226,1,0.68000000,0,alpha,0.619873786562,1.00000000,0.84000000,0.00000000,0.42000000
B,226,1,0.68000000,0,beta,0.835391002557,0.75000000,0.68000000,13.00000000,0.30000000
B,226,1,0.68000000,0,gamma,0.104017530982,0.90000000,0.93000000,16.00000000,0.36000000
B,227,1,0.68000000,0,alpha,0.881663944949,1.00000000,0.84000000,0.00000000,0.42000000
B,227,1,0.68000000,0,beta,0.978827569101,0.75000000,0.68000000,14.00000000,0.30000000
B,227,1,0.68000000,0,gamma,0.262063808732,0.90000000,0.93000000,17.00000000,0.36000000
B,228,1,0.68000000,0,alpha,0.666096065073,1.00000000,0.84000000,0.00000000,0.42000000
B,228,1,0.68000000,0,beta,0.531914713258,0.75000000,0.68000000,15.00000000,0.30000000
B,228,1,0.68000000,0,gamma,0.162695666022,0.90000000,0.93000000,0.00000000,0.36000000
B,229,0,0.68000000,0,alpha,0.611114048734,1.00000000,0.84000000,0.00000000,0.42000000
B,229,0,0.68000000,0,beta,0.803992240146,0.75000000,0.68000000,16.00000000,0.30000000
B,229,0,0.68000000,0,gamma,0.496436700730,0.90000000,0.78000000,1.00000000,0.36000000
B,230,1,0.68000000,0,alpha,0.743976409309,1.00000000,0.84000000,0.00000000,0.42000000
B,230,1,0.68000000,0,beta,0.961588787520,0.75000000,0.68000000,17.00000000,0.30000000
B,230,1,0.68000000,0,gamma,0.616404437826,0.90000000,0.78000000,2.00000000,0.36000000
B,231,1,0.68000000,0,alpha,0.797013347481,1.00000000,0.84000000,0.00000000,0.42000000
B,231,1,0.68000000,0,beta,0.332903619926,0.75000000,0.68000000,50.00000000,0.30000000
B,231,1,0.68000000,0,gamma,0.729319856928,0.90000000,0.78000000,3.00000000,0.36000000
B,232,0,0.68000000,0,alpha,0.763712898982,1.00000000,0.84000000,0.00000000,0.42000000
B,232,0,0.68000000,0,beta,0.984149369802,0.75000000,0.68000000,1.00000000,0.30000000
B,232,0,0.68000000,0,gamma,0.763037807022,0.90000000,0.78000000,4.00000000,0.36000000
B,233,1,0.68000000,0,alpha,0.690095230292,1.00000000,0.84000000,0.00000000,0.42000000
B,233,1,0.68000000,0,beta,0.907672904310,0.75000000,0.68000000,2.00000000,0.30000000
B,233,1,0.68000000,0,gamma,0.748287453243,0.90000000,0.78000000,5.00000000,0.36000000
B,234,1,0.68000000,0,alpha,0.608462970680,1.00000000,0.84000000,0.00000000,0.42000000
B,234,1,0.68000000,0,beta,0.715276071269,0.75000000,0.68000000,3.00000000,0.30000000
B,234,1,0.68000000,0,gamma,0.697110726716,0.90000000,0.78000000,6.00000000,0.36000000
B,235,1,0.68000000,0,alpha,0.620587407527,1.00000000,0.84000000,0.00000000,0.42000000
B,235,1,0.68000000,0,beta,0.623220128069,0.75000000,0.68000000,4.00000000,0.30000000
B,235,1,0.68000000,0,gamma,0.815228814202,0.90000000,0.78000000,7.00000000,0.36000000
B,236,0,0.68000000,0,alpha,0.650224133419,1.00000000,0.84000000,0.00000000,0.42000000
B,236,0,0.68000000,0,beta,0.282364195450,0.75000000,0.68000000,5.00000000,0.30000000
B,236,0,0.68000000,0,gamma,0.690437095267,0.90000000,0.78000000,8.00000000,0.36000000
B,237,1,0.68000000,0,alpha,0.550357507313,1.00000000,0.84000000,0.00000000,0.42000000
B,237,1,0.68000000,0,beta,0.771945350407,0.75000000,0.68000000,6.00000000,0.30000000
B,237,1,0.68000000,0,gamma,0.717200748626,0.90000000,0.78000000,9.00000000,0.36000000
B,238,1,0.68000000,0,alpha,0.784986148912,1.00000000,0.84000000,0.00000000,0.42000000
B,238,1,0.68000000,0,beta,0.558960346527,0.75000000,0.68000000,7.00000000,0.30000000
B,238,1,0.68000000,0,gamma,0.776571905076,0.90000000,0.78000000,80.00000000,0.36000000
B,239,0,0.68000000,0,alpha,0.703397915508,1.00000000,0.84000000,0.00000000,0.42000000
B,239,0,0.68000000,0,beta,0.896283321979,0.75000000,0.68000000,8.00000000,0.30000000
B,239,0,0.68000000,0,gamma,0.345576622849,0.90000000,0.93000000,11.00000000,0.36000000
C,0,0,0.18000000,0,alpha,0.191913317104,1.00000000,0.84000000,0.00000000,0.42000000
C,0,0,0.18000000,0,beta,0.187237557211,0.75000000,0.68000000,50.00000000,0.30000000
C,0,0,0.18000000,0,gamma,0.001000000000,0.90000000,0.78000000,80.00000000,0.36000000
C,1,0,0.18000000,0,alpha,0.154841480551,1.00000000,0.84000000,0.00000000,0.42000000
C,1,0,0.18000000,0,beta,0.296561877368,0.75000000,0.68000000,4.00000000,0.30000000
C,1,0,0.18000000,0,gamma,0.306970374004,0.90000000,0.78000000,7.00000000,0.36000000
C,2,1,0.18000000,0,alpha,0.098502841150,1.00000000,0.84000000,0.00000000,0.42000000
C,2,1,0.18000000,0,beta,0.282088319213,0.75000000,0.68000000,5.00000000,0.30000000
C,2,1,0.18000000,0,gamma,0.297290781193,0.90000000,0.78000000,8.00000000,0.36000000
C,3,0,0.18000000,0,alpha,0.197829081261,1.00000000,0.84000000,0.00000000,0.42000000
C,3,0,0.18000000,0,beta,0.336254835056,0.75000000,0.68000000,6.00000000,0.30000000
C,3,0,0.18000000,0,gamma,0.088426042357,0.90000000,0.78000000,9.00000000,0.36000000
C,4,0,0.18000000,0,alpha,0.207417221093,1.00000000,0.84000000,0.00000000,0.42000000
C,4,0,0.18000000,0,beta,0.274217178786,0.75000000,0.68000000,7.00000000,0.30000000
C,4,0,0.18000000,0,gamma,0.136373542009,0.90000000,0.78000000,10.00000000,0.36000000
C,5,1,0.18000000,0,alpha,0.117323485245,1.00000000,0.84000000,0.00000000,0.42000000
C,5,1,0.18000000,0,beta,0.110130375428,0.75000000,0.68000000,8.00000000,0.30000000
C,5,1,0.18000000,0,gamma,0.777013906907,0.90000000,0.93000000,11.00000000,0.36000000
C,6,0,0.18000000,0,alpha,0.093219752731,1.00000000,0.84000000,0.00000000,0.42000000
C,6,0,0.18000000,0,beta,0.283326100315,0.75000000,0.68000000,9.00000000,0.30000000
C,6,0,0.18000000,0,gamma,0.809557167654,0.90000000,0.93000000,12.00000000,0.36000000
C,7,0,0.18000000,0,alpha,0.232430236425,1.00000000,0.84000000,0.00000000,0.42000000
C,7,0,0.18000000,0,beta,0.160297916552,0.75000000,0.68000000,10.00000000,0.30000000
C,7,0,0.18000000,0,gamma,0.793902731769,0.90000000,0.93000000,13.00000000,0.36000000
C,8,1,0.18000000,0,alpha,0.088335323923,1.00000000,0.84000000,0.00000000,0.42000000
C,8,1,0.18000000,0,beta,0.018178541228,0.75000000,0.68000000,11.00000000,0.30000000
C,8,1,0.18000000,0,gamma,0.208976380037,0.90000000,0.78000000,14.00000000,0.36000000
C,9,0,0.18000000,0,alpha,0.188338836669,1.00000000,0.84000000,0.00000000,0.42000000
C,9,0,0.18000000,0,beta,0.162087924141,0.75000000,0.68000000,12.00000000,0.30000000
C,9,0,0.18000000,0,gamma,0.053253178288,0.90000000,0.78000000,15.00000000,0.36000000
C,10,1,0.18000000,0,alpha,0.067929933656,1.00000000,0.84000000,0.00000000,0.42000000
C,10,1,0.18000000,0,beta,0.090521624878,0.75000000,0.68000000,13.00000000,0.30000000
C,10,1,0.18000000,0,gamma,0.242231807637,0.90000000,0.78000000,16.00000000,0.36000000
C,11,0,0.18000000,0,alpha,0.157370337180,1.00000000,0.84000000,0.00000000,0.42000000
C,11,0,0.18000000,0,beta,0.392418862434,0.75000000,0.68000000,50.00000000,0.30000000
C,11,0,0.18000000,0,gamma,0.213956036306,0.90000000,0.78000000,17.00000000,0.36000000
C,12,0,0.18000000,0,alpha,0.114966791721,1.00000000,0.84000000,0.00000000,0.42000000
C,12,0,0.18000000,0,beta,0.330719617481,0.75000000,0.68000000,15.00000000,0.30000000
C,12,0,0.18000000,0,gamma,0.299981475114,0.90000000,0.78000000,0.00000000,0.36000000
C,13,0,0.18000000,0,alpha,0.015404398677,1.00000000,0.84000000,0.00000000,0.42000000
C,13,0,0.18000000,0,beta,0.001000000000,0.75000000,0.68000000,16.00000000,0.30000000
C,13,0,0.18000000,0,gamma,0.362849049156,0.90000000,0.78000000,1.00000000,0.36000000
C,14,0,0.18000000,0,alpha,0.116330512820,1.00000000,0.84000000,0.00000000,0.42000000
C,14,0,0.18000000,0,beta,0.082263897736,0.75000000,0.68000000,17.00000000,0.30000000
C,14,0,0.18000000,0,gamma,0.001000000000,0.90000000,0.78000000,2.00000000,0.36000000
C,15,0,0.18000000,0,alpha,0.304123662413,1.00000000,0.84000000,0.00000000,0.42000000
C,15,0,0.18000000,0,beta,0.246918225653,0.75000000,0.68000000,0.00000000,0.30000000
C,15,0,0.18000000,0,gamma,0.070208378161,0.90000000,0.78000000,3.00000000,0.36000000
C,16,0,0.18000000,0,alpha,0.050557435991,1.00000000,0.84000000,0.00000000,0.42000000
C,16,0,0.18000000,0,beta,0.195103190439,0.75000000,0.68000000,1.00000000,0.30000000
C,16,0,0.18000000,0,gamma,0.414887621613,0.90000000,0.78000000,4.00000000,0.36000000
C,17,1,0.18000000,0,alpha,0.070552392187,1.00000000,0.84000000,0.00000000,0.42000000
C,17,1,0.18000000,0,beta,0.063929955168,0.75000000,0.68000000,2.00000000,0.30000000
C,17,1,0.18000000,0,gamma,0.003779337223,0.90000000,0.78000000,80.00000000,0.36000000
C,18,0,0.18000000,0,alpha,0.138789853725,1.00000000,0.84000000,0.00000000,0.42000000
C,18,0,0.18000000,0,beta,0.424854248197,0.75000000,0.68000000,3.00000000,0.30000000
C,18,0,0.18000000,0,gamma,0.986608954854,0.90000000,0.93000000,6.00000000,0.36000000
C,19,0,0.18000000,0,alpha,0.245800543375,1.00000000,0.84000000,0.00000000,0.42000000
C,19,0,0.18000000,0,beta,0.096726271575,0.75000000,0.68000000,4.00000000,0.30000000
C,19,0,0.18000000,0,gamma,0.999000000000,0.90000000,0.93000000,7.00000000,0.36000000
C,20,0,0.18000000,0,alpha,0.103161942169,1.00000000,0.84000000,0.00000000,0.42000000
C,20,0,0.18000000,0,beta,0.427151121652,0.75000000,0.68000000,5.00000000,0.30000000
C,20,0,0.18000000,0,gamma,0.821535827683,0.90000000,0.93000000,8.00000000,0.36000000
C,21,0,0.18000000,0,alpha,0.271501690878,1.00000000,0.84000000,0.00000000,0.42000000
C,21,0,0.18000000,0,beta,0.474799468879,0.75000000,0.68000000,6.00000000,0.30000000
C,21,0,0.18000000,0,gamma,0.124237308967,0.90000000,0.78000000,9.00000000,0.36000000
C,22,0,0.18000000,0,alpha,0.109793636497,1.00000000,0.84000000,0.00000000,0.42000000
C,22,0,0.18000000,0,beta,0.001000000000,0.75000000,0.68000000,50.00000000,0.30000000
C,22,0,0.18000000,0,gamma,0.138142376646,0.90000000,0.78000000,10.00000000,0.36000000
C,23,0,0.18000000,0,alpha,0.168121744255,1.00000000,0.84000000,0.00000000,0.42000000
C,23,0,0.18000000,0,beta,0.338169552246,0.75000000,0.68000000,8.00000000,0.30000000
C,23,0,0.18000000,0,gamma,0.210814919010,0.90000000,0.78000000,11.00000000,0.36000000
C,24,0,0.18000000,0,alpha,0.227967469714,1.00000000,0.84000000,0.00000000,0.42000000
C,24,0,0.18000000,0,beta,0.117380201716,0.75000000,0.68000000,9.00000000,0.30000000
C,24,0,0.18000000,0,gamma,0.436513939469,0.90000000,0.78000000,12.00000000,0.36000000
C,25,1,0.18000000,0,alpha,0.188521193125,1.00000000,0.84000000,0.00000000,0.42000000
C,25,1,0.18000000,0,beta,0.297848613863,0.75000000,0.68000000,10.00000000,0.30000000
C,25,1,0.18000000,0,gamma,0.001000000000,0.90000000,0.78000000,13.00000000,0.36000000
C,26,1,0.18000000,0,alpha,0.260008942212,1.00000000,0.84000000,0.00000000,0.42000000
C,26,1,0.18000000,0,beta,0.141652832449,0.75000000,0.68000000,11.00000000,0.30000000
C,26,1,0.18000000,0,gamma,0.220353231885,0.90000000,0.78000000,14.00000000,0.36000000
C,27,0,0.18000000,0,alpha,0.165064376102,1.00000000,0.84000000,0.00000000,0.42000000
C,27,0,0.18000000,0,beta,0.267794992434,0.75000000,0.68000000,12.00000000,0.30000000
C,27,0,0.18000000,0,gamma,0.013226136840,0.90000000,0.78000000,15.00000000,0.36000000
C,28,0,0.18000000,0,alpha,0.265529810746,1.00000000,0.84000000,0.00000000,0.42000000
C,28,0,0.18000000,0,beta,0.224412295011,0.75000000,0.68000000,13.00000000,0.30000000
C,28,0,0.18000000,0,gamma,0.390239625643,0.90000000,0.78000000,16.00000000,0.36000000
C,29,0,0.18000000,0,alpha,0.279043154715,1.00000000,0.84000000,0.00000000,0.42000000
C,29,0,0.18000000,0,beta,0.236207758826,0.75000000,0.68000000,14.00000000,0.30000000
C,29,0,0.18000000,0,gamma,0.148717722314,0.90000000,0.78000000,17.00000000,0.36000000
C,30,0,0.18000000,0,alpha,0.180459108381,1.00000000,0.84000000,0.00000000,0.42000000
C,30,0,0.18000000,0,beta,0.224294867403,0.75000000,0.68000000,15.00000000,0.30000000
C,30,0,0.18000000,0,gamma,0.063373279087,0.90000000,0.78000000,0.00000000,0.36000000
C,31,0,0.18000000,0,alpha,0.138324933151,1.00000000,0.84000000,0.00000000,0.42000000
C,31,0,0.18000000,0,beta,0.216928725657,0.75000000,0.68000000,16.00000000,0.30000000
C,31,0,0.18000000,0,gamma,0.896250739441,0.90000000,0.93000000,1.00000000,0.36000000
C,32,1,0.18000000,0,alpha,0.156614027786,1.00000000,0.84000000,0.00000000,0.42000000
C,32,1,0.18000000,0,beta,0.001000000000,0.75000000,0.68000000,17.00000000,0.30000000
C,32,1,0.18000000,0,gamma,0.999000000000,0.90000000,0.93000000,2.00000000,0.36000000
C,33,0,0.18000000,0,alpha,0.129378894570,1.00000000,0.84000000,0.00000000,0.42000000
C,33,0,0.18000000,0,beta,0.001000000000,0.75000000,0.68000000,50.00000000,0.30000000
C,33,0,0.18000000,0,gamma,0.679138137133,0.90000000,0.93000000,3.00000000,0.36000000
C,34,0,0.18000000,0,alpha,0.078429296345,1.00000000,0.84000000,0.00000000,0.42000000
C,34,0,0.18000000,0,beta,0.001000000000,0.75000000,0.68000000,1.00000000,0.30000000
C,34,0,0.18000000,0,gamma,0.233937554974,0.90000000,0.78000000,80.00000000,0.36000000
C,35,1,0.18000000,0,alpha,0.187269895513,1.00000000,0.84000000,0.00000000,0.42000000
C,35,1,0.18000000,0,beta,0.273804567462,0.75000000,0.68000000,2.00000000,0.30000000
C,35,1,0.18000000,0,gamma,0.136769127556,0.90000000,0.78000000,5.00000000,0.36000000
C,36,0,0.18000000,0,alpha,0.108988847931,1.00000000,0.84000000,0.00000000,0.42000000
C,36,0,0.18000000,0,beta,0.666725904934,0.75000000,0.68000000,3.00000000,0.30000000
C,36,0,0.18000000,0,gamma,0.292742363367,0.90000000,0.78000000,6.00000000,0.36000000
C,37,0,0.18000000,0,alpha,0.337059650211,1.00000000,0.84000000,0.00000000,0.42000000
C,37,0,0.18000000,0,beta,0.339408040163,0.75000000,0.68000000,4.00000000,0.30000000
C,37,0,0.18000000,0,gamma,0.344612548899,0.90000000,0.78000000,7.00000000,0.36000000
C,38,0,0.18000000,0,alpha,0.329580127981,1.00000000,0.84000000,0.00000000,0.42000000
C,38,0,0.18000000,0,beta,0.397784657461,0.75000000,0.68000000,5.00000000,0.30000000
C,38,0,0.18000000,0,gamma,0.161490131809,0.90000000,0.78000000,8.00000000,0.36000000
C,39,0,0.18000000,0,alpha,0.195333312613,1.00000000,0.84000000,0.00000000,0.42000000
C,39,0,0.18000000,0,beta,0.007226676087,0.75000000,0.68000000,6.00000000,0.30000000
C,39,0,0.18000000,0,gamma,0.449840358695,0.90000000,0.78000000,9.00000000,0.36000000
C,40,1,0.78000000,1,alpha,0.899755987927,1.00000000,0.84000000,0.00000000,0.42000000
C,40,1,0.78000000,1,beta,0.670528967890,0.75000000,0.68000000,7.00000000,0.30000000
C,40,1,0.78000000,1,gamma,0.733728146199,0.90000000,0.78000000,10.00000000,0.36000000
C,41,1,0.78000000,0,alpha,0.776285166683,1.00000000,0.84000000,0.00000000,0.42000000
C,41,1,0.78000000,0,beta,0.649138457166,0.75000000,0.68000000,8.00000000,0.30000000
C,41,1,0.78000000,0,gamma,0.724667095419,0.90000000,0.78000000,11.00000000,0.36000000
C,42,1,0.78000000,0,alpha,0.739071723435,1.00000000,0.84000000,0.00000000,0.42000000
C,42,1,0.78000000,0,beta,0.552782551045,0.75000000,0.68000000,9.00000000,0.30000000
C,42,1,0.78000000,0,gamma,0.807919057574,0.90000000,0.78000000,12.00000000,0.36000000
C,43,1,0.78000000,0,alpha,0.754511179294,1.00000000,0.84000000,0.00000000,0.42000000
C,43,1,0.78000000,0,beta,0.825668331262,0.75000000,0.68000000,10.00000000,0.30000000
C,43,1,0.78000000,0,gamma,0.903430276279,0.90000000,0.78000000,13.00000000,0.36000000
C,44,0,0.78000000,0,alpha,0.738990075593,1.00000000,0.84000000,0.00000000,0.42000000
C,44,0,0.78000000,0,beta,0.974534679912,0.75000000,0.68000000,50.00000000,0.30000000
C,44,0,0.78000000,0,gamma,0.070094448623,0.90000000,0.93000000,14.00000000,0.36000000
C,45,0,0.78000000,0,alpha,0.774228101978,1.00000000,0.84000000,0.00000000,0.42000000
C,45,0,0.78000000,0,beta,0.999000000000,0.75000000,0.68000000,12.00000000,0.30000000
C,45,0,0.78000000,0,gamma,0.341691885239,0.90000000,0.93000000,15.00000000,0.36000000
C,46,1,0.78000000,0,alpha,0.737694349436,1.00000000,0.84000000,0.00000000,0.42000000
C,46,1,0.78000000,0,beta,0.999000000000,0.75000000,0.68000000,13.00000000,0.30000000
C,46,1,0.78000000,0,gamma,0.332514395299,0.90000000,0.93000000,16.00000000,0.36000000
C,47,1,0.78000000,0,alpha,0.746626278336,1.00000000,0.84000000,0.00000000,0.42000000
C,47,1,0.78000000,0,beta,0.494892984377,0.75000000,0.68000000,14.00000000,0.30000000
C,47,1,0.78000000,0,gamma,0.727345857375,0.90000000,0.78000000,17.00000000,0.36000000
C,48,0,0.78000000,0,alpha,0.703718051085,1.00000000,0.84000000,0.00000000,0.42000000
C,48,0,0.78000000,0,beta,0.999000000000,0.75000000,0.68000000,15.00000000,0.30000000
C,48,0,0.78000000,0,gamma,0.784782709513,0.90000000,0.78000000,0.00000000,0.36000000
C,49,1,0.78000000,0,alpha,0.788746469802,1.00000000,0.84000000,0.00000000,0.42000000
C,49,1,0.78000000,0,beta,0.670096031708,0.75000000,0.68000000,16.00000000,0.30000000
C,49,1,0.78000000,0,gamma,0.698348968298,0.90000000,0.78000000,1.00000000,0.36000000
C,50,0,0.78000000,0,alpha,0.738745452198,1.00000000,0.84000000,0.00000000,0.42000000
C,50,0,0.78000000,0,beta,0.784413173500,0.75000000,0.68000000,17.00000000,0.30000000
C,50,0,0.78000000,0,gamma,0.956301490616,0.90000000,0.78000000,2.00000000,0.36000000
C,51,1,0.78000000,0,alpha,0.706700302450,1.00000000,0.84000000,0.00000000,0.42000000
C,51,1,0.78000000,0,beta,0.543361300232,0.75000000,0.68000000,0.00000000,0.30000000
C,51,1,0.78000000,0,gamma,0.723707255612,0.90000000,0.78000000,80.00000000,0.36000000
C,52,0,0.78000000,0,alpha,0.636147095423,1.00000000,0.84000000,0.00000000,0.42000000
C,52,0,0.78000000,0,beta,0.583933601683,0.75000000,0.68000000,1.00000000,0.30000000
C,52,0,0.78000000,0,gamma,0.691236602732,0.90000000,0.78000000,4.00000000,0.36000000
C,53,1,0.78000000,0,alpha,0.698178230184,1.00000000,0.84000000,0.00000000,0.42000000
C,53,1,0.78000000,0,beta,0.999000000000,0.75000000,0.68000000,2.00000000,0.30000000
C,53,1,0.78000000,0,gamma,0.935434268659,0.90000000,0.78000000,5.00000000,0.36000000
C,54,1,0.78000000,0,alpha,0.942091077724,1.00000000,0.84000000,0.00000000,0.42000000
C,54,1,0.78000000,0,beta,0.999000000000,0.75000000,0.68000000,3.00000000,0.30000000
C,54,1,0.78000000,0,gamma,0.544638793179,0.90000000,0.78000000,6.00000000,0.36000000
C,55,1,0.78000000,0,alpha,0.730145078072,1.00000000,0.84000000,0.00000000,0.42000000
C,55,1,0.78000000,0,beta,0.902541327165,0.75000000,0.68000000,50.00000000,0.30000000
C,55,1,0.78000000,0,gamma,0.873261235854,0.90000000,0.78000000,7.00000000,0.36000000
C,56,1,0.78000000,0,alpha,0.791753474751,1.00000000,0.84000000,0.00000000,0.42000000
C,56,1,0.78000000,0,beta,0.795290930125,0.75000000,0.68000000,5.00000000,0.30000000
C,56,1,0.78000000,0,gamma,0.771318997462,0.90000000,0.78000000,8.00000000,0.36000000
C,57,0,0.78000000,0,alpha,0.837256157453,1.00000000,0.84000000,0.00000000,0.42000000
C,57,0,0.78000000,0,beta,0.999000000000,0.75000000,0.68000000,6.00000000,0.30000000
C,57,0,0.78000000,0,gamma,0.008308929468,0.90000000,0.93000000,9.00000000,0.36000000
C,58,1,0.78000000,0,alpha,0.879719968167,1.00000000,0.84000000,0.00000000,0.42000000
C,58,1,0.78000000,0,beta,0.917032108589,0.75000000,0.68000000,7.00000000,0.30000000
C,58,1,0.78000000,0,gamma,0.182975449593,0.90000000,0.93000000,10.00000000,0.36000000
C,59,1,0.78000000,0,alpha,0.663497651166,1.00000000,0.84000000,0.00000000,0.42000000
C,59,1,0.78000000,0,beta,0.837509487967,0.75000000,0.68000000,8.00000000,0.30000000
C,59,1,0.78000000,0,gamma,0.390268068927,0.90000000,0.93000000,11.00000000,0.36000000
C,60,1,0.78000000,0,alpha,0.747726200705,1.00000000,0.84000000,0.00000000,0.42000000
C,60,1,0.78000000,0,beta,0.655471648924,0.75000000,0.68000000,9.00000000,0.30000000
C,60,1,0.78000000,0,gamma,0.690361956504,0.90000000,0.78000000,12.00000000,0.36000000
C,61,1,0.78000000,0,alpha,0.894874068277,1.00000000,0.84000000,0.00000000,0.42000000
C,61,1,0.78000000,0,beta,0.425824376903,0.75000000,0.68000000,10.00000000,0.30000000
C,61,1,0.78000000,0,gamma,0.746447077126,0.90000000,0.78000000,13.00000000,0.36000000
C,62,1,0.78000000,0,alpha,0.600196028908,1.00000000,0.84000000,0.00000000,0.42000000
C,62,1,0.78000000,0,beta,0.690753979875,0.75000000,0.68000000,11.00000000,0.30000000
C,62,1,0.78000000,0,gamma,0.927716856800,0.90000000,0.78000000,14.00000000,0.36000000
C,63,0,0.78000000,0,alpha,0.820973561841,1.00000000,0.84000000,0.00000000,0.42000000
C,63,0,0.78000000,0,beta,0.482806877900,0.75000000,0.68000000,12.00000000,0.30000000
C,63,0,0.78000000,0,gamma,0.712556927294,0.90000000,0.78000000,15.00000000,0.36000000
C,64,1,0.78000000,0,alpha,0.773452309793,1.00000000,0.84000000,0.00000000,0.42000000
C,64,1,0.78000000,0,beta,0.907414441649,0.75000000,0.68000000,13.00000000,0.30000000
C,64,1,0.78000000,0,gamma,0.773776420732,0.90000000,0.78000000,16.00000000,0.36000000
C,65,1,0.78000000,0,alpha,0.802045813119,1.00000000,0.84000000,0.00000000,0.42000000
C,65,1,0.78000000,0,beta,0.892241588437,0.75000000,0.68000000,14.00000000,0.30000000
C,65,1,0.78000000,0,gamma,0.721307661614,0.90000000,0.78000000,17.00000000,0.36000000
C,66,1,0.78000000,0,alpha,0.853135911601,1.00000000,0.84000000,0.00000000,0.42000000
C,66,1,0.78000000,0,beta,0.824395314085,0.75000000,0.68000000,50.00000000,0.30000000
C,66,1,0.78000000,0,gamma,0.582368836369,0.90000000,0.78000000,0.00000000,0.36000000
C,67,1,0.78000000,0,alpha,0.990990736095,1.00000000,0.84000000,0.00000000,0.42000000
C,67,1,0.78000000,0,beta,0.999000000000,0.75000000,0.68000000,16.00000000,0.30000000
C,67,1,0.78000000,0,gamma,0.860477480995,0.90000000,0.78000000,1.00000000,0.36000000
C,68,1,0.78000000,0,alpha,0.840329909071,1.00000000,0.84000000,0.00000000,0.42000000
C,68,1,0.78000000,0,beta,0.661766521489,0.75000000,0.68000000,17.00000000,0.30000000
C,68,1,0.78000000,0,gamma,0.666154287913,0.90000000,0.78000000,80.00000000,0.36000000
C,69,1,0.78000000,0,alpha,0.775116271240,1.00000000,0.84000000,0.00000000,0.42000000
C,69,1,0.78000000,0,beta,0.801568706038,0.75000000,0.68000000,0.00000000,0.30000000
C,69,1,0.78000000,0,gamma,0.785162617128,0.90000000,0.78000000,3.00000000,0.36000000
C,70,1,0.78000000,0,alpha,0.687250809792,1.00000000,0.84000000,0.00000000,0.42000000
C,70,1,0.78000000,0,beta,0.533238730997,0.75000000,0.68000000,1.00000000,0.30000000
C,70,1,0.78000000,0,gamma,0.366435284264,0.90000000,0.93000000,4.00000000,0.36000000
C,71,1,0.78000000,0,alpha,0.772477965012,1.00000000,0.84000000,0.00000000,0.42000000
C,71,1,0.78000000,0,beta,0.726278456106,0.75000000,0.68000000,2.00000000,0.30000000
C,71,1,0.78000000,0,gamma,0.128303497248,0.90000000,0.93000000,5.00000000,0.36000000
C,72,0,0.78000000,0,alpha,0.729670482512,1.00000000,0.84000000,0.00000000,0.42000000
C,72,0,0.78000000,0,beta,0.743114126537,0.75000000,0.68000000,3.00000000,0.30000000
C,72,0,0.78000000,0,gamma,0.172776352801,0.90000000,0.93000000,6.00000000,0.36000000
C,73,1,0.78000000,0,alpha,0.794874856152,1.00000000,0.84000000,0.00000000,0.42000000
C,73,1,0.78000000,0,beta,0.999000000000,0.75000000,0.68000000,4.00000000,0.30000000
C,73,1,0.78000000,0,gamma,0.834543850888,0.90000000,0.78000000,7.00000000,0.36000000
C,74,1,0.78000000,0,alpha,0.970072472487,1.00000000,0.84000000,0.00000000,0.42000000
C,74,1,0.78000000,0,beta,0.516254688708,0.75000000,0.68000000,5.00000000,0.30000000
C,74,1,0.78000000,0,gamma,0.703006273295,0.90000000,0.78000000,8.00000000,0.36000000
C,75,0,0.78000000,0,alpha,0.639872156211,1.00000000,0.84000000,0.00000000,0.42000000
C,75,0,0.78000000,0,beta,0.775531533072,0.75000000,0.68000000,6.00000000,0.30000000
C,75,0,0.78000000,0,gamma,0.792329245003,0.90000000,0.78000000,9.00000000,0.36000000
C,76,1,0.78000000,0,alpha,0.720949700287,1.00000000,0.84000000,0.00000000,0.42000000
C,76,1,0.78000000,0,beta,0.634352200035,0.75000000,0.68000000,7.00000000,0.30000000
C,76,1,0.78000000,0,gamma,0.909601472863,0.90000000,0.78000000,10.00000000,0.36000000
C,77,1,0.78000000,0,alpha,0.904193958137,1.00000000,0.84000000,0.00000000,0.42000000
C,77,1,0.78000000,0,beta,0.999000000000,0.75000000,0.68000000,50.00000000,0.30000000
C,77,1,0.78000000,0,gamma,0.554355966159,0.90000000,0.78000000,11.00000000,0.36000000
C,78,1,0.78000000,0,alpha,0.625351325535,1.00000000,0.84000000,0.00000000,0.42000000
C,78,1,0.78000000,0,beta,0.934844630278,0.75000000,0.68000000,9.00000000,0.30000000
C,78,1,0.78000000,0,gamma,0.852330532813,0.90000000,0.78000000,12.00000000,0.36000000
C,79,1,0.78000000,0,alpha,0.855472112500,1.00000000,0.84000000,0.00000000,0.42000000
C,79,1,0.78000000,0,beta,0.999000000000,0.75000000,0.68000000,10.00000000,0.30000000
C,79,1,0.78000000,0,gamma,0.815366484127,0.90000000,0.78000000,13.00000000,0.36000000
C,80,0,0.35000000,1,alpha,0.533963221571,1.00000000,0.84000000,0.00000000,0.42000000
C,80,0,0.35000000,1,beta,0.306403727770,0.75000000,0.68000000,11.00000000,0.30000000
C,80,0,0.35000000,1,gamma,0.356925095328,0.90000000,0.78000000,14.00000000,0.36000000
C,81,0,0.35000000,0,alpha,0.375753382423,1.00000000,0.84000000,0.00000000,0.42000000
C,81,0,0.35000000,0,beta,0.413190146509,0.75000000,0.68000000,12.00000000,0.30000000
C,81,0,0.35000000,0,gamma,0.279304005365,0.90000000,0.78000000,15.00000000,0.36000000
C,82,0,0.35000000,0,alpha,0.380046801369,1.00000000,0.84000000,0.00000000,0.42000000
C,82,0,0.35000000,0,beta,0.030790539753,0.75000000,0.68000000,13.00000000,0.30000000
C,82,0,0.35000000,0,gamma,0.362179848052,0.90000000,0.78000000,16.00000000,0.36000000
C,83,0,0.35000000,0,alpha,0.415800225305,1.00000000,0.84000000,0.00000000,0.42000000
C,83,0,0.35000000,0,beta,0.064968553358,0.75000000,0.68000000,14.00000000,0.30000000
C,83,0,0.35000000,0,gamma,0.641114034407,0.90000000,0.93000000,17.00000000,0.36000000
C,84,0,0.35000000,0,alpha,0.318463448130,1.00000000,0.84000000,0.00000000,0.42000000
C,84,0,0.35000000,0,beta,0.256956280241,0.75000000,0.68000000,15.00000000,0.30000000
C,84,0,0.35000000,0,gamma,0.654692777177,0.90000000,0.93000000,0.00000000,0.36000000
C,85,0,0.35000000,0,alpha,0.152837031737,1.00000000,0.84000000,0.00000000,0.42000000
C,85,0,0.35000000,0,beta,0.693658730445,0.75000000,0.68000000,16.00000000,0.30000000
C,85,0,0.35000000,0,gamma,0.425116125629,0.90000000,0.93000000,80.00000000,0.36000000
C,86,0,0.35000000,0,alpha,0.318931463853,1.00000000,0.84000000,0.00000000,0.42000000
C,86,0,0.35000000,0,beta,0.189826853037,0.75000000,0.68000000,17.00000000,0.30000000
C,86,0,0.35000000,0,gamma,0.116277254095,0.90000000,0.78000000,2.00000000,0.36000000
C,87,1,0.35000000,0,alpha,0.298526009536,1.00000000,0.84000000,0.00000000,0.42000000
C,87,1,0.35000000,0,beta,0.396841854626,0.75000000,0.68000000,0.00000000,0.30000000
C,87,1,0.35000000,0,gamma,0.345434045854,0.90000000,0.78000000,3.00000000,0.36000000
C,88,1,0.35000000,0,alpha,0.281410225743,1.00000000,0.84000000,0.00000000,0.42000000
C,88,1,0.35000000,0,beta,0.447598739475,0.75000000,0.68000000,50.00000000,0.30000000
C,88,1,0.35000000,0,gamma,0.252166683922,0.90000000,0.78000000,4.00000000,0.36000000
C,89,1,0.35000000,0,alpha,0.441415802698,1.00000000,0.84000000,0.00000000,0.42000000
C,89,1,0.35000000,0,beta,0.719957818041,0.75000000,0.68000000,2.00000000,0.30000000
C,89,1,0.35000000,0,gamma,0.471829102475,0.90000000,0.78000000,5.00000000,0.36000000
C,90,1,0.35000000,0,alpha,0.329342819045,1.00000000,0.84000000,0.00000000,0.42000000
C,90,1,0.35000000,0,beta,0.409469546508,0.75000000,0.68000000,3.00000000,0.30000000
C,90,1,0.35000000,0,gamma,0.331813961884,0.90000000,0.78000000,6.00000000,0.36000000
C,91,0,0.35000000,0,alpha,0.360950563996,1.00000000,0.84000000,0.00000000,0.42000000
C,91,0,0.35000000,0,beta,0.409785226577,0.75000000,0.68000000,4.00000000,0.30000000
C,91,0,0.35000000,0,gamma,0.235074617189,0.90000000,0.78000000,7.00000000,0.36000000
C,92,0,0.35000000,0,alpha,0.567731275363,1.00000000,0.84000000,0.00000000,0.42000000
C,92,0,0.35000000,0,beta,0.704752383071,0.75000000,0.68000000,5.00000000,0.30000000
C,92,0,0.35000000,0,gamma,0.430160680148,0.90000000,0.78000000,8.00000000,0.36000000
C,93,0,0.35000000,0,alpha,0.284605931508,1.00000000,0.84000000,0.00000000,0.42000000
C,93,0,0.35000000,0,beta,0.581185171747,0.75000000,0.68000000,6.00000000,0.30000000
C,93,0,0.35000000,0,gamma,0.423369396342,0.90000000,0.78000000,9.00000000,0.36000000
C,94,0,0.35000000,0,alpha,0.331996774346,1.00000000,0.84000000,0.00000000,0.42000000
C,94,0,0.35000000,0,beta,0.403875250130,0.75000000,0.68000000,7.00000000,0.30000000
C,94,0,0.35000000,0,gamma,0.281779565689,0.90000000,0.78000000,10.00000000,0.36000000
C,95,1,0.35000000,0,alpha,0.407881317645,1.00000000,0.84000000,0.00000000,0.42000000
C,95,1,0.35000000,0,beta,0.160673959494,0.75000000,0.68000000,8.00000000,0.30000000
C,95,1,0.35000000,0,gamma,0.130817139146,0.90000000,0.78000000,11.00000000,0.36000000
C,96,1,0.35000000,0,alpha,0.301130688084,1.00000000,0.84000000,0.00000000,0.42000000
C,96,1,0.35000000,0,beta,0.544496373742,0.75000000,0.68000000,9.00000000,0.30000000
C,96,1,0.35000000,0,gamma,0.518983712268,0.90000000,0.93000000,12.00000000,0.36000000
C,97,0,0.35000000,0,alpha,0.314565326229,1.00000000,0.84000000,0.00000000,0.42000000
C,97,0,0.35000000,0,beta,0.738279377914,0.75000000,0.68000000,10.00000000,0.30000000
C,97,0,0.35000000,0,gamma,0.639385992991,0.90000000,0.93000000,13.00000000,0.36000000
C,98,0,0.35000000,0,alpha,0.323122680386,1.00000000,0.84000000,0.00000000,0.42000000
C,98,0,0.35000000,0,beta,0.263958497545,0.75000000,0.68000000,11.00000000,0.30000000
C,98,0,0.35000000,0,gamma,0.758955071802,0.90000000,0.93000000,14.00000000,0.36000000
C,99,0,0.35000000,0,alpha,0.297356951689,1.00000000,0.84000000,0.00000000,0.42000000
C,99,0,0.35000000,0,beta,0.455258195745,0.75000000,0.68000000,50.00000000,0.30000000
C,99,0,0.35000000,0,gamma,0.009641186194,0.90000000,0.78000000,15.00000000,0.36000000
C,100,1,0.35000000,0,alpha,0.450044886495,1.00000000,0.84000000,0.00000000,0.42000000
C,100,1,0.35000000,0,beta,0.120456124752,0.75000000,0.68000000,13.00000000,0.30000000
C,100,1,0.35000000,0,gamma,0.170597746184,0.90000000,0.78000000,16.00000000,0.36000000
C,101,1,0.35000000,0,alpha,0.293116330398,1.00000000,0.84000000,0.00000000,0.42000000
C,101,1,0.35000000,0,beta,0.060852519757,0.75000000,0.68000000,14.00000000,0.30000000
C,101,1,0.35000000,0,gamma,0.259734329932,0.90000000,0.78000000,17.00000000,0.36000000
C,102,0,0.35000000,0,alpha,0.391161593977,1.00000000,0.84000000,0.00000000,0.42000000
C,102,0,0.35000000,0,beta,0.511574751335,0.75000000,0.68000000,15.00000000,0.30000000
C,102,0,0.35000000,0,gamma,0.528866542476,0.90000000,0.78000000,80.00000000,0.36000000
C,103,0,0.35000000,0,alpha,0.492962018686,1.00000000,0.84000000,0.00000000,0.42000000
C,103,0,0.35000000,0,beta,0.305690972044,0.75000000,0.68000000,16.00000000,0.30000000
C,103,0,0.35000000,0,gamma,0.371941780420,0.90000000,0.78000000,1.00000000,0.36000000
C,104,0,0.35000000,0,alpha,0.311034694487,1.00000000,0.84000000,0.00000000,0.42000000
C,104,0,0.35000000,0,beta,0.407243448672,0.75000000,0.68000000,17.00000000,0.30000000
C,104,0,0.35000000,0,gamma,0.223091014794,0.90000000,0.78000000,2.00000000,0.36000000
C,105,0,0.35000000,0,alpha,0.521763823872,1.00000000,0.84000000,0.00000000,0.42000000
C,105,0,0.35000000,0,beta,0.300497656659,0.75000000,0.68000000,0.00000000,0.30000000
C,105,0,0.35000000,0,gamma,0.317340977786,0.90000000,0.78000000,3.00000000,0.36000000
C,106,1,0.35000000,0,alpha,0.584891544904,1.00000000,0.84000000,0.00000000,0.42000000
C,106,1,0.35000000,0,beta,0.360404524764,0.75000000,0.68000000,1.00000000,0.30000000
C,106,1,0.35000000,0,gamma,0.399193195397,0.90000000,0.78000000,4.00000000,0.36000000
C,107,0,0.35000000,0,alpha,0.120817234345,1.00000000,0.84000000,0.00000000,0.42000000
C,107,0,0.35000000,0,beta,0.302139420162,0.75000000,0.68000000,2.00000000,0.30000000
C,107,0,0.35000000,0,gamma,0.497079360677,0.90000000,0.78000000,5.00000000,0.36000000
C,108,1,0.35000000,0,alpha,0.321317925654,1.00000000,0.84000000,0.00000000,0.42000000
C,108,1,0.35000000,0,beta,0.269892748896,0.75000000,0.68000000,3.00000000,0.30000000
C,108,1,0.35000000,0,gamma,0.310179479313,0.90000000,0.78000000,6.00000000,0.36000000
C,109,0,0.35000000,0,alpha,0.291230368710,1.00000000,0.84000000,0.00000000,0.42000000
C,109,0,0.35000000,0,beta,0.325882467794,0.75000000,0.68000000,4.00000000,0.30000000
C,109,0,0.35000000,0,gamma,0.981741356030,0.90000000,0.93000000,7.00000000,0.36000000
C,110,1,0.35000000,0,alpha,0.366459429094,1.00000000,0.84000000,0.00000000,0.42000000
C,110,1,0.35000000,0,beta,0.557985847248,0.75000000,0.68000000,50.00000000,0.30000000
C,110,1,0.35000000,0,gamma,0.881079231828,0.90000000,0.93000000,8.00000000,0.36000000
C,111,0,0.35000000,0,alpha,0.562092083982,1.00000000,0.84000000,0.00000000,0.42000000
C,111,0,0.35000000,0,beta,0.375724186367,0.75000000,0.68000000,6.00000000,0.30000000
C,111,0,0.35000000,0,gamma,0.691760890583,0.90000000,0.93000000,9.00000000,0.36000000
C,112,1,0.35000000,0,alpha,0.374698511498,1.00000000,0.84000000,0.00000000,0.42000000
C,112,1,0.35000000,0,beta,0.089365904714,0.75000000,0.68000000,7.00000000,0.30000000
C,112,1,0.35000000,0,gamma,0.562348646410,0.90000000,0.78000000,10.00000000,0.36000000
C,113,0,0.35000000,0,alpha,0.558457572233,1.00000000,0.84000000,0.00000000,0.42000000
C,113,0,0.35000000,0,beta,0.001000000000,0.75000000,0.68000000,8.00000000,0.30000000
C,113,0,0.35000000,0,gamma,0.184278197832,0.90000000,0.78000000,11.00000000,0.36000000
C,114,0,0.35000000,0,alpha,0.212441286879,1.00000000,0.84000000,0.00000000,0.42000000
C,114,0,0.35000000,0,beta,0.465111799709,0.75000000,0.68000000,9.00000000,0.30000000
C,114,0,0.35000000,0,gamma,0.326174252267,0.90000000,0.78000000,12.00000000,0.36000000
C,115,0,0.35000000,0,alpha,0.476655003289,1.00000000,0.84000000,0.00000000,0.42000000
C,115,0,0.35000000,0,beta,0.343915101518,0.75000000,0.68000000,10.00000000,0.30000000
C,115,0,0.35000000,0,gamma,0.406699779020,0.90000000,0.78000000,13.00000000,0.36000000
C,116,1,0.35000000,0,alpha,0.400407802275,1.00000000,0.84000000,0.00000000,0.42000000
C,116,1,0.35000000,0,beta,0.001000000000,0.75000000,0.68000000,11.00000000,0.30000000
C,116,1,0.35000000,0,gamma,0.401243080124,0.90000000,0.78000000,14.00000000,0.36000000
C,117,0,0.35000000,0,alpha,0.252269085036,1.00000000,0.84000000,0.00000000,0.42000000
C,117,0,0.35000000,0,beta,0.255688676140,0.75000000,0.68000000,12.00000000,0.30000000
C,117,0,0.35000000,0,gamma,0.305371459744,0.90000000,0.78000000,15.00000000,0.36000000
C,118,0,0.35000000,0,alpha,0.457946693763,1.00000000,0.84000000,0.00000000,0.42000000
C,118,0,0.35000000,0,beta,0.628508224396,0.75000000,0.68000000,13.00000000,0.30000000
C,118,0,0.35000000,0,gamma,0.332894732862,0.90000000,0.78000000,16.00000000,0.36000000
C,119,1,0.35000000,0,alpha,0.345576569302,1.00000000,0.84000000,0.00000000,0.42000000
C,119,1,0.35000000,0,beta,0.362321521023,0.75000000,0.68000000,14.00000000,0.30000000
C,119,1,0.35000000,0,gamma,0.520137975642,0.90000000,0.78000000,80.00000000,0.36000000
C,120,0,0.85000000,1,alpha,0.964907099719,1.00000000,0.84000000,0.00000000,0.42000000
C,120,0,0.85000000,1,beta,0.999000000000,0.75000000,0.68000000,15.00000000,0.30000000
C,120,0,0.85000000,1,gamma,0.653341052017,0.90000000,0.78000000,0.00000000,0.36000000
C,121,1,0.85000000,0,alpha,0.837163400640,1.00000000,0.84000000,0.00000000,0.42000000
C,121,1,0.85000000,0,beta,0.691241213741,0.75000000,0.68000000,50.00000000,0.30000000
C,121,1,0.85000000,0,gamma,0.928463261012,0.90000000,0.78000000,1.00000000,0.36000000
C,122,1,0.85000000,0,alpha,0.913665023615,1.00000000,0.84000000,0.00000000,0.42000000
C,122,1,0.85000000,0,beta,0.974402040665,0.75000000,0.68000000,17.00000000,0.30000000
C,122,1,0.85000000,0,gamma,0.368756064469,0.90000000,0.93000000,2.00000000,0.36000000
C,123,1,0.85000000,0,alpha,0.723363277245,1.00000000,0.84000000,0.00000000,0.42000000
C,123,1,0.85000000,0,beta,0.938005441290,0.75000000,0.68000000,0.00000000,0.30000000
C,123,1,0.85000000,0,gamma,0.094645937547,0.90000000,0.93000000,3.00000000,0.36000000
C,124,1,0.85000000,0,alpha,0.864059052057,1.00000000,0.84000000,0.00000000,0.42000000
C,124,1,0.85000000,0,beta,0.999000000000,0.75000000,0.68000000,1.00000000,0.30000000
C,124,1,0.85000000,0,gamma,0.193400812151,0.90000000,0.93000000,4.00000000,0.36000000
C,125,0,0.85000000,0,alpha,0.936834574943,1.00000000,0.84000000,0.00000000,0.42000000
C,125,0,0.85000000,0,beta,0.999000000000,0.75000000,0.68000000,2.00000000,0.30000000
C,125,0,0.85000000,0,gamma,0.644994498817,0.90000000,0.78000000,5.00000000,0.36000000
C,126,1,0.85000000,0,alpha,0.959674730312,1.00000000,0.84000000,0.00000000,0.42000000
C,126,1,0.85000000,0,beta,0.818939101025,0.75000000,0.68000000,3.00000000,0.30000000
C,126,1,0.85000000,0,gamma,0.620217579233,0.90000000,0.78000000,6.00000000,0.36000000
C,127,1,0.85000000,0,alpha,0.820878772636,1.00000000,0.84000000,0.00000000,0.42000000
C,127,1,0.85000000,0,beta,0.864916791784,0.75000000,0.68000000,4.00000000,0.30000000
C,127,1,0.85000000,0,gamma,0.707373255704,0.90000000,0.78000000,7.00000000,0.36000000
C,128,1,0.85000000,0,alpha,0.835160875590,1.00000000,0.84000000,0.00000000,0.42000000
C,128,1,0.85000000,0,beta,0.977813117632,0.75000000,0.68000000,5.00000000,0.30000000
C,128,1,0.85000000,0,gamma,0.679538466694,0.90000000,0.78000000,8.00000000,0.36000000
C,129,1,0.85000000,0,alpha,0.746868241754,1.00000000,0.84000000,0.00000000,0.42000000
C,129,1,0.85000000,0,beta,0.885727638155,0.75000000,0.68000000,6.00000000,0.30000000
C,129,1,0.85000000,0,gamma,0.760857567586,0.90000000,0.78000000,9.00000000,0.36000000
C,130,1,0.85000000,0,alpha,0.788106848311,1.00000000,0.84000000,0.00000000,0.42000000
C,130,1,0.85000000,0,beta,0.999000000000,0.75000000,0.68000000,7.00000000,0.30000000
C,130,1,0.85000000,0,gamma,0.910818070586,0.90000000,0.78000000,10.00000000,0.36000000
C,131,1,0.85000000,0,alpha,0.883648787004,1.00000000,0.84000000,0.00000000,0.42000000
C,131,1,0.85000000,0,beta,0.828473286592,0.75000000,0.68000000,8.00000000,0.30000000
C,131,1,0.85000000,0,gamma,0.826965225965,0.90000000,0.78000000,11.00000000,0.36000000
C,132,0,0.85000000,0,alpha,0.810965601615,1.00000000,0.84000000,0.00000000,0.42000000
C,132,0,0.85000000,0,beta,0.665537472602,0.75000000,0.68000000,50.00000000,0.30000000
C,132,0,0.85000000,0,gamma,0.917905611612,0.90000000,0.78000000,12.00000000,0.36000000
C,133,1,0.85000000,0,alpha,0.989404576459,1.00000000,0.84000000,0.00000000,0.42000000
C,133,1,0.85000000,0,beta,0.999000000000,0.75000000,0.68000000,10.00000000,0.30000000
C,133,1,0.85000000,0,gamma,0.972793664724,0.90000000,0.78000000,13.00000000,0.36000000
C,134,1,0.85000000,0,alpha,0.805788244667,1.00000000,0.84000000,0.00000000,0.42000000
C,134,1,0.85000000,0,beta,0.503965938055,0.75000000,0.68000000,11.00000000,0.30000000
C,134,1,0.85000000,0,gamma,0.834851801310,0.90000000,0.78000000,14.00000000,0.36000000
C,135,1,0.85000000,0,alpha,0.900247176385,1.00000000,0.84000000,0.00000000,0.42000000
C,135,1,0.85000000,0,beta,0.806027576104,0.75000000,0.68000000,12.00000000,0.30000000
C,135,1,0.85000000,0,gamma,0.306086874260,0.90000000,0.93000000,15.00000000,0.36000000
C,136,1,0.85000000,0,alpha,0.700858780887,1.00000000,0.84000000,0.00000000,0.42000000
C,136,1,0.85000000,0,beta,0.999000000000,0.75000000,0.68000000,13.00000000,0.30000000
C,136,1,0.85000000,0,gamma,0.148307956986,0.90000000,0.93000000,80.00000000,0.36000000
C,137,1,0.85000000,0,alpha,0.829274626809,1.00000000,0.84000000,0.00000000,0.42000000
C,137,1,0.85000000,0,beta,0.951543379390,0.75000000,0.68000000,14.00000000,0.30000000
C,137,1,0.85000000,0,gamma,0.150474832430,0.90000000,0.93000000,17.00000000,0.36000000
C,138,1,0.85000000,0,alpha,0.846943208880,1.00000000,0.84000000,0.00000000,0.42000000
C,138,1,0.85000000,0,beta,0.999000000000,0.75000000,0.68000000,15.00000000,0.30000000
C,138,1,0.85000000,0,gamma,0.670432001604,0.90000000,0.78000000,0.00000000,0.36000000
C,139,1,0.85000000,0,alpha,0.865341230960,1.00000000,0.84000000,0.00000000,0.42000000
C,139,1,0.85000000,0,beta,0.999000000000,0.75000000,0.68000000,16.00000000,0.30000000
C,139,1,0.85000000,0,gamma,0.809340302199,0.90000000,0.78000000,1.00000000,0.36000000
C,140,1,0.85000000,0,alpha,0.850774490033,1.00000000,0.84000000,0.00000000,0.42000000
C,140,1,0.85000000,0,beta,0.831868152757,0.75000000,0.68000000,17.00000000,0.30000000
C,140,1,0.85000000,0,gamma,0.637028173411,0.90000000,0.78000000,2.00000000,0.36000000
C,141,1,0.85000000,0,alpha,0.911429850451,1.00000000,0.84000000,0.00000000,0.42000000
C,141,1,0.85000000,0,beta,0.999000000000,0.75000000,0.68000000,0.00000000,0.30000000
C,141,1,0.85000000,0,gamma,0.803083254306,0.90000000,0.78000000,3.00000000,0.36000000
C,142,1,0.85000000,0,alpha,0.770598618016,1.00000000,0.84000000,0.00000000,0.42000000
C,142,1,0.85000000,0,beta,0.999000000000,0.75000000,0.68000000,1.00000000,0.30000000
C,142,1,0.85000000,0,gamma,0.983456638847,0.90000000,0.78000000,4.00000000,0.36000000
C,143,1,0.85000000,0,alpha,0.999000000000,1.00000000,0.84000000,0.00000000,0.42000000
C,143,1,0.85000000,0,beta,0.999000000000,0.75000000,0.68000000,50.00000000,0.30000000
C,143,1,0.85000000,0,gamma,0.999000000000,0.90000000,0.78000000,5.00000000,0.36000000
C,144,0,0.85000000,0,alpha,0.819417667578,1.00000000,0.84000000,0.00000000,0.42000000
C,144,0,0.85000000,0,beta,0.982350920884,0.75000000,0.68000000,3.00000000,0.30000000
C,144,0,0.85000000,0,gamma,0.787541509979,0.90000000,0.78000000,6.00000000,0.36000000
C,145,1,0.85000000,0,alpha,0.999000000000,1.00000000,0.84000000,0.00000000,0.42000000
C,145,1,0.85000000,0,beta,0.645607425767,0.75000000,0.68000000,4.00000000,0.30000000
C,145,1,0.85000000,0,gamma,0.514504556472,0.90000000,0.78000000,7.00000000,0.36000000
C,146,0,0.85000000,0,alpha,0.809116504156,1.00000000,0.84000000,0.00000000,0.42000000
C,146,0,0.85000000,0,beta,0.846653867148,0.75000000,0.68000000,5.00000000,0.30000000
C,146,0,0.85000000,0,gamma,0.973305183993,0.90000000,0.78000000,8.00000000,0.36000000
C,147,1,0.85000000,0,alpha,0.999000000000,1.00000000,0.84000000,0.00000000,0.42000000
C,147,1,0.85000000,0,beta,0.999000000000,0.75000000,0.68000000,6.00000000,0.30000000
C,147,1,0.85000000,0,gamma,0.720401802445,0.90000000,0.78000000,9.00000000,0.36000000
C,148,1,0.85000000,0,alpha,0.677997379751,1.00000000,0.84000000,0.00000000,0.42000000
C,148,1,0.85000000,0,beta,0.999000000000,0.75000000,0.68000000,7.00000000,0.30000000
C,148,1,0.85000000,0,gamma,0.177890845585,0.90000000,0.93000000,10.00000000,0.36000000
C,149,1,0.85000000,0,alpha,0.718977445076,1.00000000,0.84000000,0.00000000,0.42000000
C,149,1,0.85000000,0,beta,0.935459759322,0.75000000,0.68000000,8.00000000,0.30000000
C,149,1,0.85000000,0,gamma,0.001000000000,0.90000000,0.93000000,11.00000000,0.36000000
C,150,1,0.85000000,0,alpha,0.934657252672,1.00000000,0.84000000,0.00000000,0.42000000
C,150,1,0.85000000,0,beta,0.731894419245,0.75000000,0.68000000,9.00000000,0.30000000
C,150,1,0.85000000,0,gamma,0.252677607529,0.90000000,0.93000000,12.00000000,0.36000000
C,151,0,0.85000000,0,alpha,0.783207763214,1.00000000,0.84000000,0.00000000,0.42000000
C,151,0,0.85000000,0,beta,0.698952385757,0.75000000,0.68000000,10.00000000,0.30000000
C,151,0,0.85000000,0,gamma,0.667599909521,0.90000000,0.78000000,13.00000000,0.36000000
C,152,1,0.85000000,0,alpha,0.936091682414,1.00000000,0.84000000,0.00000000,0.42000000
C,152,1,0.85000000,0,beta,0.740550611763,0.75000000,0.68000000,11.00000000,0.30000000
C,152,1,0.85000000,0,gamma,0.727359078914,0.90000000,0.78000000,14.00000000,0.36000000
C,153,1,0.85000000,0,alpha,0.858679440258,1.00000000,0.84000000,0.00000000,0.42000000
C,153,1,0.85000000,0,beta,0.814140008879,0.75000000,0.68000000,12.00000000,0.30000000
C,153,1,0.85000000,0,gamma,0.894845181890,0.90000000,0.78000000,80.00000000,0.36000000
C,154,1,0.85000000,0,alpha,0.962921100303,1.00000000,0.84000000,0.00000000,0.42000000
C,154,1,0.85000000,0,beta,0.999000000000,0.75000000,0.68000000,50.00000000,0.30000000
C,154,1,0.85000000,0,gamma,0.697947680580,0.90000000,0.78000000,16.00000000,0.36000000
C,155,1,0.85000000,0,alpha,0.871493711718,1.00000000,0.84000000,0.00000000,0.42000000
C,155,1,0.85000000,0,beta,0.999000000000,0.75000000,0.68000000,14.00000000,0.30000000
C,155,1,0.85000000,0,gamma,0.999000000000,0.90000000,0.78000000,17.00000000,0.36000000
C,156,1,0.85000000,0,alpha,0.869548607129,1.00000000,0.84000000,0.00000000,0.42000000
C,156,1,0.85000000,0,beta,0.752413327327,0.75000000,0.68000000,15.00000000,0.30000000
C,156,1,0.85000000,0,gamma,0.695369131911,0.90000000,0.78000000,0.00000000,0.36000000
C,157,1,0.85000000,0,alpha,0.803484553200,1.00000000,0.84000000,0.00000000,0.42000000
C,157,1,0.85000000,0,beta,0.643042083329,0.75000000,0.68000000,16.00000000,0.30000000
C,157,1,0.85000000,0,gamma,0.901253377521,0.90000000,0.78000000,1.00000000,0.36000000
C,158,0,0.85000000,0,alpha,0.788180367381,1.00000000,0.84000000,0.00000000,0.42000000
C,158,0,0.85000000,0,beta,0.999000000000,0.75000000,0.68000000,17.00000000,0.30000000
C,158,0,0.85000000,0,gamma,0.739022852873,0.90000000,0.78000000,2.00000000,0.36000000
C,159,1,0.85000000,0,alpha,0.711440829379,1.00000000,0.84000000,0.00000000,0.42000000
C,159,1,0.85000000,0,beta,0.866989446737,0.75000000,0.68000000,0.00000000,0.30000000
C,159,1,0.85000000,0,gamma,0.914987884710,0.90000000,0.78000000,3.00000000,0.36000000
C,160,0,0.25000000,1,alpha,0.170937101032,1.00000000,0.84000000,0.00000000,0.42000000
C,160,0,0.25000000,1,beta,0.303471125408,0.75000000,0.68000000,1.00000000,0.30000000
C,160,0,0.25000000,1,gamma,0.367407378167,0.90000000,0.78000000,4.00000000,0.36000000
C,161,0,0.25000000,0,alpha,0.177780636087,1.00000000,0.84000000,0.00000000,0.42000000
C,161,0,0.25000000,0,beta,0.399723979543,0.75000000,0.68000000,2.00000000,0.30000000
C,161,0,0.25000000,0,gamma,0.781294397493,0.90000000,0.93000000,5.00000000,0.36000000
C,162,0,0.25000000,0,alpha,0.233921868010,1.00000000,0.84000000,0.00000000,0.42000000
C,162,0,0.25000000,0,beta,0.389221832357,0.75000000,0.68000000,3.00000000,0.30000000
C,162,0,0.25000000,0,gamma,0.652480934396,0.90000000,0.93000000,6.00000000,0.36000000
C,163,0,0.25000000,0,alpha,0.170462639432,1.00000000,0.84000000,0.00000000,0.42000000
C,163,0,0.25000000,0,beta,0.530694675333,0.75000000,0.68000000,4.00000000,0.30000000
C,163,0,0.25000000,0,gamma,0.788343518079,0.90000000,0.93000000,7.00000000,0.36000000
C,164,1,0.25000000,0,alpha,0.378242101998,1.00000000,0.84000000,0.00000000,0.42000000
C,164,1,0.25000000,0,beta,0.199077587234,0.75000000,0.68000000,5.00000000,0.30000000
C,164,1,0.25000000,0,gamma,0.286753603705,0.90000000,0.78000000,8.00000000,0.36000000
C,165,1,0.25000000,0,alpha,0.019894857469,1.00000000,0.84000000,0.00000000,0.42000000
C,165,1,0.25000000,0,beta,0.429618744347,0.75000000,0.68000000,50.00000000,0.30000000
C,165,1,0.25000000,0,gamma,0.106926091542,0.90000000,0.78000000,9.00000000,0.36000000
C,166,0,0.25000000,0,alpha,0.310872348838,1.00000000,0.84000000,0.00000000,0.42000000
C,166,0,0.25000000,0,beta,0.404889722444,0.75000000,0.68000000,7.00000000,0.30000000
C,166,0,0.25000000,0,gamma,0.213552968722,0.90000000,0.78000000,10.00000000,0.36000000
C,167,0,0.25000000,0,alpha,0.421024685635,1.00000000,0.84000000,0.00000000,0.42000000
C,167,0,0.25000000,0,beta,0.262018820231,0.75000000,0.68000000,8.00000000,0.30000000
C,167,0,0.25000000,0,gamma,0.259757418786,0.90000000,0.78000000,11.00000000,0.36000000
C,168,0,0.25000000,0,alpha,0.364308104956,1.00000000,0.84000000,0.00000000,0.42000000
C,168,0,0.25000000,0,beta,0.324097959770,0.75000000,0.68000000,9.00000000,0.30000000
C,168,0,0.25000000,0,gamma,0.001000000000,0.90000000,0.78000000,12.00000000,0.36000000
C,169,0,0.25000000,0,alpha,0.338671858166,1.00000000,0.84000000,0.00000000,0.42000000
C,169,0,0.25000000,0,beta,0.164415088760,0.75000000,0.68000000,10.00000000,0.30000000
C,169,0,0.25000000,0,gamma,0.375883169291,0.90000000,0.78000000,13.00000000,0.36000000
C,170,0,0.25000000,0,alpha,0.307049139257,1.00000000,0.84000000,0.00000000,0.42000000
C,170,0,0.25000000,0,beta,0.001000000000,0.75000000,0.68000000,11.00000000,0.30000000
C,170,0,0.25000000,0,gamma,0.113412220955,0.90000000,0.78000000,80.00000000,0.36000000
C,171,0,0.25000000,0,alpha,0.268507346059,1.00000000,0.84000000,0.00000000,0.42000000
C,171,0,0.25000000,0,beta,0.329063458648,0.75000000,0.68000000,12.00000000,0.30000000
C,171,0,0.25000000,0,gamma,0.132812463574,0.90000000,0.78000000,15.00000000,0.36000000
C,172,0,0.25000000,0,alpha,0.222440787896,1.00000000,0.84000000,0.00000000,0.42000000
C,172,0,0.25000000,0,beta,0.303996050394,0.75000000,0.68000000,13.00000000,0.30000000
C,172,0,0.25000000,0,gamma,0.453487279782,0.90000000,0.78000000,16.00000000,0.36000000
C,173,0,0.25000000,0,alpha,0.193899754144,1.00000000,0.84000000,0.00000000,0.42000000
C,173,0,0.25000000,0,beta,0.232031567593,0.75000000,0.68000000,14.00000000,0.30000000
C,173,0,0.25000000,0,gamma,0.174861185102,0.90000000,0.78000000,17.00000000,0.36000000
C,174,0,0.25000000,0,alpha,0.332469826627,1.00000000,0.84000000,0.00000000,0.42000000
C,174,0,0.25000000,0,beta,0.510314919412,0.75000000,0.68000000,15.00000000,0.30000000
C,174,0,0.25000000,0,gamma,0.938721634261,0.90000000,0.93000000,0.00000000,0.36000000
C,175,0,0.25000000,0,alpha,0.001000000000,1.00000000,0.84000000,0.00000000,0.42000000
C,175,0,0.25000000,0,beta,0.145514289448,0.75000000,0.68000000,16.00000000,0.30000000
C,175,0,0.25000000,0,gamma,0.575781421060,0.90000000,0.93000000,1.00000000,0.36000000
C,176,0,0.25000000,0,alpha,0.313575042124,1.00000000,0.84000000,0.00000000,0.42000000
C,176,0,0.25000000,0,beta,0.130936522152,0.75000000,0.68000000,50.00000000,0.30000000
C,176,0,0.25000000,0,gamma,0.940220529868,0.90000000,0.93000000,2.00000000,0.36000000
C,177,0,0.25000000,0,alpha,0.200887068180,1.00000000,0.84000000,0.00000000,0.42000000
C,177,0,0.25000000,0,beta,0.418567038912,0.75000000,0.68000000,0.00000000,0.30000000
C,177,0,0.25000000,0,gamma,0.357193445239,0.90000000,0.78000000,3.00000000,0.36000000
C,178,0,0.25000000,0,alpha,0.139069589127,1.00000000,0.84000000,0.00000000,0.42000000
C,178,0,0.25000000,0,beta,0.309047904386,0.75000000,0.68000000,1.00000000,0.30000000
C,178,0,0.25000000,0,gamma,0.418607426688,0.90000000,0.78000000,4.00000000,0.36000000
C,179,0,0.25000000,0,alpha,0.340797653095,1.00000000,0.84000000,0.00000000,0.42000000
C,179,0,0.25000000,0,beta,0.251922538893,0.75000000,0.68000000,2.00000000,0.30000000
C,179,0,0.25000000,0,gamma,0.180332022905,0.90000000,0.78000000,5.00000000,0.36000000
C,180,1,0.25000000,0,alpha,0.138856729853,1.00000000,0.84000000,0.00000000,0.42000000
C,180,1,0.25000000,0,beta,0.206453886356,0.75000000,0.68000000,3.00000000,0.30000000
C,180,1,0.25000000,0,gamma,0.177266246891,0.90000000,0.78000000,6.00000000,0.36000000
C,181,0,0.25000000,0,alpha,0.223477045380,1.00000000,0.84000000,0.00000000,0.42000000
C,181,0,0.25000000,0,beta,0.464686683287,0.75000000,0.68000000,4.00000000,0.30000000
C,181,0,0.25000000,0,gamma,0.216779268141,0.90000000,0.78000000,7.00000000,0.36000000
C,182,0,0.25000000,0,alpha,0.260292223994,1.00000000,0.84000000,0.00000000,0.42000000
C,182,0,0.25000000,0,beta,0.192973307894,0.75000000,0.68000000,5.00000000,0.30000000
C,182,0,0.25000000,0,gamma,0.201768200357,0.90000000,0.78000000,8.00000000,0.36000000
C,183,1,0.25000000,0,alpha,0.206155517039,1.00000000,0.84000000,0.00000000,0.42000000
C,183,1,0.25000000,0,beta,0.209830585068,0.75000000,0.68000000,6.00000000,0.30000000
C,183,1,0.25000000,0,gamma,0.421319872406,0.90000000,0.78000000,9.00000000,0.36000000
C,184,1,0.25000000,0,alpha,0.006376060202,1.00000000,0.84000000,0.00000000,0.42000000
C,184,1,0.25000000,0,beta,0.140693583065,0.75000000,0.68000000,7.00000000,0.30000000
C,184,1,0.25000000,0,gamma,0.001000000000,0.90000000,0.78000000,10.00000000,0.36000000
C,185,1,0.25000000,0,alpha,0.001000000000,1.00000000,0.84000000,0.00000000,0.42000000
C,185,1,0.25000000,0,beta,0.301519471645,0.75000000,0.68000000,8.00000000,0.30000000
C,185,1,0.25000000,0,gamma,0.167043916770,0.90000000,0.78000000,11.00000000,0.36000000
C,186,0,0.25000000,0,alpha,0.016510909873,1.00000000,0.84000000,0.00000000,0.42000000
C,186,0,0.25000000,0,beta,0.581788444542,0.75000000,0.68000000,9.00000000,0.30000000
C,186,0,0.25000000,0,gamma,0.155284499077,0.90000000,0.78000000,12.00000000,0.36000000
C,187,0,0.25000000,0,alpha,0.128118622543,1.00000000,0.84000000,0.00000000,0.42000000
C,187,0,0.25000000,0,beta,0.593552958315,0.75000000,0.68000000,50.00000000,0.30000000
C,187,0,0.25000000,0,gamma,0.577248886870,0.90000000,0.93000000,80.00000000,0.36000000
C,188,0,0.25000000,0,alpha,0.235771779663,1.00000000,0.84000000,0.00000000,0.42000000
C,188,0,0.25000000,0,beta,0.503462084457,0.75000000,0.68000000,11.00000000,0.30000000
C,188,0,0.25000000,0,gamma,0.661565963948,0.90000000,0.93000000,14.00000000,0.36000000
C,189,0,0.25000000,0,alpha,0.286198578350,1.00000000,0.84000000,0.00000000,0.42000000
C,189,0,0.25000000,0,beta,0.299973946696,0.75000000,0.68000000,12.00000000,0.30000000
C,189,0,0.25000000,0,gamma,0.836043928677,0.90000000,0.93000000,15.00000000,0.36000000
C,190,0,0.25000000,0,alpha,0.262727514897,1.00000000,0.84000000,0.00000000,0.42000000
C,190,0,0.25000000,0,beta,0.035041672993,0.75000000,0.68000000,13.00000000,0.30000000
C,190,0,0.25000000,0,gamma,0.387694441524,0.90000000,0.78000000,16.00000000,0.36000000
C,191,1,0.25000000,0,alpha,0.061374368221,1.00000000,0.84000000,0.00000000,0.42000000
C,191,1,0.25000000,0,beta,0.001000000000,0.75000000,0.68000000,14.00000000,0.30000000
C,191,1,0.25000000,0,gamma,0.040526198992,0.90000000,0.78000000,17.00000000,0.36000000
C,192,0,0.25000000,0,alpha,0.150946309539,1.00000000,0.84000000,0.00000000,0.42000000
C,192,0,0.25000000,0,beta,0.240621496782,0.75000000,0.68000000,15.00000000,0.30000000
C,192,0,0.25000000,0,gamma,0.136870160167,0.90000000,0.78000000,0.00000000,0.36000000
C,193,0,0.25000000,0,alpha,0.243589831895,1.00000000,0.84000000,0.00000000,0.42000000
C,193,0,0.25000000,0,beta,0.213048711891,0.75000000,0.68000000,16.00000000,0.30000000
C,193,0,0.25000000,0,gamma,0.001000000000,0.90000000,0.78000000,1.00000000,0.36000000
C,194,0,0.25000000,0,alpha,0.339851494964,1.00000000,0.84000000,0.00000000,0.42000000
C,194,0,0.25000000,0,beta,0.241081264687,0.75000000,0.68000000,17.00000000,0.30000000
C,194,0,0.25000000,0,gamma,0.301748178869,0.90000000,0.78000000,2.00000000,0.36000000
C,195,0,0.25000000,0,alpha,0.101747639154,1.00000000,0.84000000,0.00000000,0.42000000
C,195,0,0.25000000,0,beta,0.087441834685,0.75000000,0.68000000,0.00000000,0.30000000
C,195,0,0.25000000,0,gamma,0.466462290436,0.90000000,0.78000000,3.00000000,0.36000000
C,196,0,0.25000000,0,alpha,0.181252729539,1.00000000,0.84000000,0.00000000,0.42000000
C,196,0,0.25000000,0,beta,0.221433930303,0.75000000,0.68000000,1.00000000,0.30000000
C,196,0,0.25000000,0,gamma,0.019217032494,0.90000000,0.78000000,4.00000000,0.36000000
C,197,0,0.25000000,0,alpha,0.353815377804,1.00000000,0.84000000,0.00000000,0.42000000
C,197,0,0.25000000,0,beta,0.435219815879,0.75000000,0.68000000,2.00000000,0.30000000
C,197,0,0.25000000,0,gamma,0.049642468743,0.90000000,0.78000000,5.00000000,0.36000000
C,198,1,0.25000000,0,alpha,0.177073277331,1.00000000,0.84000000,0.00000000,0.42000000
C,198,1,0.25000000,0,beta,0.309933008473,0.75000000,0.68000000,50.00000000,0.30000000
C,198,1,0.25000000,0,gamma,0.189963076250,0.90000000,0.78000000,6.00000000,0.36000000
C,199,0,0.25000000,0,alpha,0.451607061092,1.00000000,0.84000000,0.00000000,0.42000000
C,199,0,0.25000000,0,beta,0.349770931896,0.75000000,0.68000000,4.00000000,0.30000000
C,199,0,0.25000000,0,gamma,0.011369664701,0.90000000,0.78000000,7.00000000,0.36000000
C,200,0,0.68000000,1,alpha,0.692369023116,1.00000000,0.84000000,0.00000000,0.42000000
C,200,0,0.68000000,1,beta,0.543608839470,0.75000000,0.68000000,5.00000000,0.30000000
C,200,0,0.68000000,1,gamma,0.166835090708,0.90000000,0.93000000,8.00000000,0.36000000
C,201,1,0.68000000,0,alpha,0.766119271839,1.00000000,0.84000000,0.00000000,0.42000000
C,201,1,0.68000000,0,beta,0.844340205090,0.75000000,0.68000000,6.00000000,0.30000000
C,201,1,0.68000000,0,gamma,0.335179933276,0.90000000,0.93000000,9.00000000,0.36000000
C,202,0,0.68000000,0,alpha,0.658938975179,1.00000000,0.84000000,0.00000000,0.42000000
C,202,0,0.68000000,0,beta,0.887313659747,0.75000000,0.68000000,7.00000000,0.30000000
C,202,0,0.68000000,0,gamma,0.368035348215,0.90000000,0.93000000,10.00000000,0.36000000
C,203,1,0.68000000,0,alpha,0.870237244155,1.00000000,0.84000000,0.00000000,0.42000000
C,203,1,0.68000000,0,beta,0.585757569637,0.75000000,0.68000000,8.00000000,0.30000000
C,203,1,0.68000000,0,gamma,0.491263165242,0.90000000,0.78000000,11.00000000,0.36000000
C,204,0,0.68000000,0,alpha,0.790583643815,1.00000000,0.84000000,0.00000000,0.42000000
C,204,0,0.68000000,0,beta,0.958420164654,0.75000000,0.68000000,9.00000000,0.30000000
C,204,0,0.68000000,0,gamma,0.567988667591,0.90000000,0.78000000,80.00000000,0.36000000
C,205,1,0.68000000,0,alpha,0.703781931121,1.00000000,0.84000000,0.00000000,0.42000000
C,205,1,0.68000000,0,beta,0.526763694421,0.75000000,0.68000000,10.00000000,0.30000000
C,205,1,0.68000000,0,gamma,0.707998035612,0.90000000,0.78000000,13.00000000,0.36000000
C,206,1,0.68000000,0,alpha,0.719998469725,1.00000000,0.84000000,0.00000000,0.42000000
C,206,1,0.68000000,0,beta,0.661288709909,0.75000000,0.68000000,11.00000000,0.30000000
C,206,1,0.68000000,0,gamma,0.547362631384,0.90000000,0.78000000,14.00000000,0.36000000
C,207,1,0.68000000,0,alpha,0.526970469107,1.00000000,0.84000000,0.00000000,0.42000000
C,207,1,0.68000000,0,beta,0.856622204085,0.75000000,0.68000000,12.00000000,0.30000000
C,207,1,0.68000000,0,gamma,0.603430623290,0.90000000,0.78000000,15.00000000,0.36000000
C,208,1,0.68000000,0,alpha,0.751283553673,1.00000000,0.84000000,0.00000000,0.42000000
C,208,1,0.68000000,0,beta,0.753323781226,0.75000000,0.68000000,13.00000000,0.30000000
C,208,1,0.68000000,0,gamma,0.785767472559,0.90000000,0.78000000,16.00000000,0.36000000
C,209,1,0.68000000,0,alpha,0.464340838694,1.00000000,0.84000000,0.00000000,0.42000000
C,209,1,0.68000000,0,beta,0.808961511114,0.75000000,0.68000000,50.00000000,0.30000000
C,209,1,0.68000000,0,gamma,0.811834350296,0.90000000,0.78000000,17.00000000,0.36000000
C,210,1,0.68000000,0,alpha,0.614659001332,1.00000000,0.84000000,0.00000000,0.42000000
C,210,1,0.68000000,0,beta,0.966285746107,0.75000000,0.68000000,15.00000000,0.30000000
C,210,1,0.68000000,0,gamma,0.541177172252,0.90000000,0.78000000,0.00000000,0.36000000
C,211,1,0.68000000,0,alpha,0.743039180401,1.00000000,0.84000000,0.00000000,0.42000000
C,211,1,0.68000000,0,beta,0.823304352123,0.75000000,0.68000000,16.00000000,0.30000000
C,211,1,0.68000000,0,gamma,0.846760479806,0.90000000,0.78000000,1.00000000,0.36000000
C,212,0,0.68000000,0,alpha,0.481656976266,1.00000000,0.84000000,0.00000000,0.42000000
C,212,0,0.68000000,0,beta,0.931753248972,0.75000000,0.68000000,17.00000000,0.30000000
C,212,0,0.68000000,0,gamma,0.806487444379,0.90000000,0.78000000,2.00000000,0.36000000
C,213,0,0.68000000,0,alpha,0.972731032963,1.00000000,0.84000000,0.00000000,0.42000000
C,213,0,0.68000000,0,beta,0.665519200794,0.75000000,0.68000000,0.00000000,0.30000000
C,213,0,0.68000000,0,gamma,0.416422324544,0.90000000,0.93000000,3.00000000,0.36000000
C,214,1,0.68000000,0,alpha,0.686836700659,1.00000000,0.84000000,0.00000000,0.42000000
C,214,1,0.68000000,0,beta,0.376894704425,0.75000000,0.68000000,1.00000000,0.30000000
C,214,1,0.68000000,0,gamma,0.159225868252,0.90000000,0.93000000,4.00000000,0.36000000
C,215,1,0.68000000,0,alpha,0.598900401790,1.00000000,0.84000000,0.00000000,0.42000000
C,215,1,0.68000000,0,beta,0.857302361177,0.75000000,0.68000000,2.00000000,0.30000000
C,215,1,0.68000000,0,gamma,0.084505276006,0.90000000,0.93000000,5.00000000,0.36000000
C,216,1,0.68000000,0,alpha,0.969624515847,1.00000000,0.84000000,0.00000000,0.42000000
C,216,1,0.68000000,0,beta,0.876937380341,0.75000000,0.68000000,3.00000000,0.30000000
C,216,1,0.68000000,0,gamma,0.359457659447,0.90000000,0.78000000,6.00000000,0.36000000
C,217,1,0.68000000,0,alpha,0.756337182503,1.00000000,0.84000000,0.00000000,0.42000000
C,217,1,0.68000000,0,beta,0.999000000000,0.75000000,0.68000000,4.00000000,0.30000000
C,217,1,0.68000000,0,gamma,0.407716222381,0.90000000,0.78000000,7.00000000,0.36000000
C,218,1,0.68000000,0,alpha,0.638234926635,1.00000000,0.84000000,0.00000000,0.42000000
C,218,1,0.68000000,0,beta,0.801498165137,0.75000000,0.68000000,5.00000000,0.30000000
C,218,1,0.68000000,0,gamma,0.451411727374,0.90000000,0.78000000,8.00000000,0.36000000
C,219,1,0.68000000,0,alpha,0.724289176895,1.00000000,0.84000000,0.00000000,0.42000000
C,219,1,0.68000000,0,beta,0.957083196584,0.75000000,0.68000000,6.00000000,0.30000000
C,219,1,0.68000000,0,gamma,0.610073815761,0.90000000,0.78000000,9.00000000,0.36000000
C,220,1,0.68000000,0,alpha,0.826510356361,1.00000000,0.84000000,0.00000000,0.42000000
C,220,1,0.68000000,0,beta,0.774102733307,0.75000000,0.68000000,50.00000000,0.30000000
C,220,1,0.68000000,0,gamma,0.834957719149,0.90000000,0.78000000,10.00000000,0.36000000
C,221,1,0.68000000,0,alpha,0.679774788694,1.00000000,0.84000000,0.00000000,0.42000000
C,221,1,0.68000000,0,beta,0.609622386523,0.75000000,0.68000000,8.00000000,0.30000000
C,221,1,0.68000000,0,gamma,0.481530171043,0.90000000,0.78000000,80.00000000,0.36000000
C,222,0,0.68000000,0,alpha,0.650099196436,1.00000000,0.84000000,0.00000000,0.42000000
C,222,0,0.68000000,0,beta,0.999000000000,0.75000000,0.68000000,9.00000000,0.30000000
C,222,0,0.68000000,0,gamma,0.745246536386,0.90000000,0.78000000,12.00000000,0.36000000
C,223,1,0.68000000,0,alpha,0.635812301632,1.00000000,0.84000000,0.00000000,0.42000000
C,223,1,0.68000000,0,beta,0.872085848556,0.75000000,0.68000000,10.00000000,0.30000000
C,223,1,0.68000000,0,gamma,0.582054470352,0.90000000,0.78000000,13.00000000,0.36000000
C,224,0,0.68000000,0,alpha,0.484457124759,1.00000000,0.84000000,0.00000000,0.42000000
C,224,0,0.68000000,0,beta,0.817051552248,0.75000000,0.68000000,11.00000000,0.30000000
C,224,0,0.68000000,0,gamma,0.643693204064,0.90000000,0.78000000,14.00000000,0.36000000
C,225,1,0.68000000,0,alpha,0.610771647484,1.00000000,0.84000000,0.00000000,0.42000000
C,225,1,0.68000000,0,beta,0.782666901719,0.75000000,0.68000000,12.00000000,0.30000000
C,225,1,0.68000000,0,gamma,0.857129943899,0.90000000,0.78000000,15.00000000,0.36000000
C,226,1,0.68000000,0,alpha,0.635303849017,1.00000000,0.84000000,0.00000000,0.42000000
C,226,1,0.68000000,0,beta,0.637500555208,0.75000000,0.68000000,13.00000000,0.30000000
C,226,1,0.68000000,0,gamma,0.157372663674,0.90000000,0.93000000,16.00000000,0.36000000
C,227,1,0.68000000,0,alpha,0.580437002202,1.00000000,0.84000000,0.00000000,0.42000000
C,227,1,0.68000000,0,beta,0.593389689449,0.75000000,0.68000000,14.00000000,0.30000000
C,227,1,0.68000000,0,gamma,0.069535510667,0.90000000,0.93000000,17.00000000,0.36000000
C,228,1,0.68000000,0,alpha,0.533277006077,1.00000000,0.84000000,0.00000000,0.42000000
C,228,1,0.68000000,0,beta,0.756782417795,0.75000000,0.68000000,15.00000000,0.30000000
C,228,1,0.68000000,0,gamma,0.236915442003,0.90000000,0.93000000,0.00000000,0.36000000
C,229,1,0.68000000,0,alpha,0.672075833699,1.00000000,0.84000000,0.00000000,0.42000000
C,229,1,0.68000000,0,beta,0.376388017867,0.75000000,0.68000000,16.00000000,0.30000000
C,229,1,0.68000000,0,gamma,0.657907833598,0.90000000,0.78000000,1.00000000,0.36000000
C,230,1,0.68000000,0,alpha,0.917582868443,1.00000000,0.84000000,0.00000000,0.42000000
C,230,1,0.68000000,0,beta,0.865891967287,0.75000000,0.68000000,17.00000000,0.30000000
C,230,1,0.68000000,0,gamma,0.999000000000,0.90000000,0.78000000,2.00000000,0.36000000
C,231,1,0.68000000,0,alpha,0.701998556131,1.00000000,0.84000000,0.00000000,0.42000000
C,231,1,0.68000000,0,beta,0.868441012701,0.75000000,0.68000000,50.00000000,0.30000000
C,231,1,0.68000000,0,gamma,0.660150868872,0.90000000,0.78000000,3.00000000,0.36000000
C,232,1,0.68000000,0,alpha,0.597531863868,1.00000000,0.84000000,0.00000000,0.42000000
C,232,1,0.68000000,0,beta,0.717027068369,0.75000000,0.68000000,1.00000000,0.30000000
C,232,1,0.68000000,0,gamma,0.774614239680,0.90000000,0.78000000,4.00000000,0.36000000
C,233,1,0.68000000,0,alpha,0.616884017851,1.00000000,0.84000000,0.00000000,0.42000000
C,233,1,0.68000000,0,beta,0.756661416758,0.75000000,0.68000000,2.00000000,0.30000000
C,233,1,0.68000000,0,gamma,0.748948215156,0.90000000,0.78000000,5.00000000,0.36000000
C,234,0,0.68000000,0,alpha,0.699659026491,1.00000000,0.84000000,0.00000000,0.42000000
C,234,0,0.68000000,0,beta,0.569009497808,0.75000000,0.68000000,3.00000000,0.30000000
C,234,0,0.68000000,0,gamma,0.522600622040,0.90000000,0.78000000,6.00000000,0.36000000
C,235,0,0.68000000,0,alpha,0.711057064733,1.00000000,0.84000000,0.00000000,0.42000000
C,235,0,0.68000000,0,beta,0.986898812301,0.75000000,0.68000000,4.00000000,0.30000000
C,235,0,0.68000000,0,gamma,0.999000000000,0.90000000,0.78000000,7.00000000,0.36000000
C,236,1,0.68000000,0,alpha,0.706676635376,1.00000000,0.84000000,0.00000000,0.42000000
C,236,1,0.68000000,0,beta,0.880558614861,0.75000000,0.68000000,5.00000000,0.30000000
C,236,1,0.68000000,0,gamma,0.765429845258,0.90000000,0.78000000,8.00000000,0.36000000
C,237,1,0.68000000,0,alpha,0.806268659851,1.00000000,0.84000000,0.00000000,0.42000000
C,237,1,0.68000000,0,beta,0.999000000000,0.75000000,0.68000000,6.00000000,0.30000000
C,237,1,0.68000000,0,gamma,0.580487171201,0.90000000,0.78000000,9.00000000,0.36000000
C,238,1,0.68000000,0,alpha,0.431499937590,1.00000000,0.84000000,0.00000000,0.42000000
C,238,1,0.68000000,0,beta,0.808123712556,0.75000000,0.68000000,7.00000000,0.30000000
C,238,1,0.68000000,0,gamma,0.930008394354,0.90000000,0.78000000,80.00000000,0.36000000
C,239,1,0.68000000,0,alpha,0.665276687540,1.00000000,0.84000000,0.00000000,0.42000000
C,239,1,0.68000000,0,beta,0.647501480358,0.75000000,0.68000000,8.00000000,0.30000000
C,239,1,0.68000000,0,gamma,0.179332988615,0.90000000,0.93000000,11.00000000,0.36000000
