LABC v2 entry=0 constants=3230 functions=177 instructions=15575
0000 JUMP                 -> 15025  ; line 2
0001 MOVE                 R2 <- R0  ; line 13
0002 CALL                 a=3 b=56 c=2 imm=1  ; line 13
0003 MOVE                 R4 <- R3  ; line 13
0004 MOVE                 R5 <- R0  ; line 14
0005 CALL                 a=6 b=60 c=5 imm=1  ; line 14
0006 BINARY               a=6 b=1 c=7 imm=0  ; line 14
0007 FORCE                R8 <- force(R4, index=R7)  ; line 14
0008 RETURN               R8  ; line 14
0009 LOAD_CONST           R9 constant[0]  ; line 14
0010 RETURN               R9  ; line 14
0011 LOAD_CONST           R1 constant[1]  ; line 18
0012 MOVE                 R2 <- R1  ; line 18
0013 HOST_CALL            a=3 b=22 c=2 imm=1  ; line 18
0014 MOVE                 R4 <- R3  ; line 18
0015 LOAD_CONST           R5 constant[2]  ; line 18
0016 MOVE                 R6 <- R5  ; line 18
0017 CALL                 a=7 b=25 c=7 imm=0  ; line 19
0018 COMPARE              a=6 b=7 c=8 imm=2  ; line 19
0019 JUMP_IF_FALSE        R8 -> 36  ; line 19
0020 LOAD_CONST           R7 constant[3]  ; line 19
0021 MOVE                 R8 <- R0  ; line 19
0022 MOVE                 R9 <- R7  ; line 19
0023 HOST_CALL            a=10 b=11 c=8 imm=2  ; line 19
0024 CALL                 a=11 b=24 c=11 imm=0  ; line 19
0025 BINARY               a=11 b=6 c=12 imm=0  ; line 19
0026 MOVE                 R13 <- R10  ; line 19
0027 MOVE                 R14 <- R12  ; line 19
0028 HOST_CALL            a=15 b=11 c=13 imm=2  ; line 19
0029 MOVE                 R16 <- R4  ; line 19
0030 MOVE                 R17 <- R15  ; line 19
0031 HOST_CALL            a=18 b=23 c=16 imm=2  ; line 19
0032 LOAD_CONST           R7 constant[4]  ; line 19
0033 BINARY               a=6 b=7 c=8 imm=0  ; line 19
0034 MOVE                 R6 <- R8  ; line 19
0035 JUMP                 -> 17  ; line 19
0036 MOVE                 R7 <- R4  ; line 20
0037 ARRAY_NEW            a=8 b=7 c=1 imm=4294967295  ; line 20
0038 MOVE                 R9 <- R8  ; line 20
0039 HOST_CALL            a=10 b=72 c=9 imm=1  ; line 20
0040 RETURN               R10  ; line 20
0041 LOAD_CONST           R11 constant[5]  ; line 20
0042 RETURN               R11  ; line 20
0043 LOAD_CONST           R1 constant[6]  ; line 23
0044 MOVE                 R2 <- R0  ; line 23
0045 MOVE                 R3 <- R1  ; line 23
0046 HOST_CALL            a=4 b=11 c=2 imm=2  ; line 23
0047 MOVE                 R5 <- R4  ; line 23
0048 ARRAY_NEW            a=6 b=5 c=1 imm=4294967295  ; line 23
0049 MOVE                 R7 <- R6  ; line 23
0050 HOST_CALL            a=8 b=72 c=7 imm=1  ; line 23
0051 RETURN               R8  ; line 23
0052 LOAD_CONST           R9 constant[7]  ; line 23
0053 RETURN               R9  ; line 23
0054 LOAD_CONST           R3 constant[8]  ; line 26
0055 COMPARE              a=1 b=3 c=4 imm=0  ; line 26
0056 JUMP_IF_FALSE        R4 -> 65  ; line 26
0057 LOAD_CONST           R3 constant[9]  ; line 27
0058 COMPARE              a=0 b=3 c=4 imm=2  ; line 27
0059 JUMP_IF_FALSE        R4 -> 62  ; line 27
0060 RETURN               R0  ; line 27
0061 JUMP                 -> 62  ; line 27
0062 LOAD_CONST           R3 constant[10]  ; line 28
0063 RETURN               R3  ; line 28
0064 JUMP                 -> 65  ; line 28
0065 LOAD_CONST           R3 constant[11]  ; line 30
0066 COMPARE              a=2 b=3 c=4 imm=0  ; line 30
0067 JUMP_IF_FALSE        R4 -> 71  ; line 30
0068 LOAD_CONST           R3 constant[12]  ; line 30
0069 RETURN               R3  ; line 30
0070 JUMP                 -> 71  ; line 30
0071 LOAD_CONST           R3 constant[13]  ; line 31
0072 RETURN               R3  ; line 31
0073 LOAD_CONST           R4 constant[14]  ; line 31
0074 RETURN               R4  ; line 31
0075 LOAD_CONST           R3 constant[15]  ; line 35
0076 MOVE                 R4 <- R2  ; line 35
0077 CALL                 a=5 b=2 c=4 imm=1  ; line 35
0078 MOVE                 R6 <- R0  ; line 35
0079 MOVE                 R7 <- R1  ; line 35
0080 MOVE                 R8 <- R3  ; line 35
0081 MOVE                 R9 <- R5  ; line 35
0082 CALL                 a=10 b=90 c=6 imm=4  ; line 35
0083 RETURN               R10  ; line 35
0084 LOAD_CONST           R11 constant[16]  ; line 35
0085 RETURN               R11  ; line 35
0086 CALL                 a=9 b=7 c=9 imm=0  ; line 39
0087 MOVE                 R10 <- R9  ; line 39
0088 LOAD_CONST           R11 constant[17]  ; line 40
0089 MOVE                 R12 <- R7  ; line 40
0090 MOVE                 R13 <- R11  ; line 40
0091 HOST_CALL            a=14 b=11 c=12 imm=2  ; line 40
0092 MOVE                 R15 <- R14  ; line 40
0093 LOAD_CONST           R16 constant[18]  ; line 41
0094 COMPARE              a=2 b=16 c=17 imm=0  ; line 41
0095 JUMP_IF_FALSE        R17 -> 102  ; line 41
0096 MOVE                 R16 <- R3  ; line 41
0097 MOVE                 R17 <- R4  ; line 41
0098 MOVE                 R18 <- R7  ; line 41
0099 CALL                 a=19 b=4 c=16 imm=3  ; line 41
0100 MOVE                 R15 <- R19  ; line 41
0101 JUMP                 -> 102  ; line 41
0102 LOAD_CONST           R16 constant[19]  ; line 42
0103 COMPARE              a=2 b=16 c=17 imm=0  ; line 42
0104 JUMP_IF_FALSE        R17 -> 113  ; line 42
0105 MOVE                 R16 <- R1  ; line 42
0106 CALL                 a=17 b=60 c=16 imm=1  ; line 42
0107 BINARY               a=17 b=8 c=18 imm=0  ; line 42
0108 MOVE                 R19 <- R18  ; line 42
0109 MOVE                 R20 <- R1  ; line 42
0110 CALL                 a=21 b=92 c=19 imm=2  ; line 42
0111 MOVE                 R15 <- R21  ; line 42
0112 JUMP                 -> 113  ; line 42
0113 CALL                 a=16 b=7 c=16 imm=0  ; line 43
0114 BINARY               a=16 b=10 c=17 imm=1  ; line 43
0115 MOVE                 R18 <- R17  ; line 43
0116 CALL                 a=19 b=7 c=19 imm=0  ; line 44
0117 MOVE                 R20 <- R19  ; line 44
0118 MOVE                 R21 <- R0  ; line 45
0119 MOVE                 R22 <- R1  ; line 45
0120 MOVE                 R23 <- R5  ; line 45
0121 MOVE                 R24 <- R15  ; line 45
0122 MOVE                 R25 <- R6  ; line 45
0123 CALL                 a=26 b=97 c=21 imm=5  ; line 45
0124 MOVE                 R27 <- R26  ; line 45
0125 CALL                 a=28 b=7 c=28 imm=0  ; line 46
0126 BINARY               a=28 b=20 c=29 imm=1  ; line 46
0127 MOVE                 R30 <- R29  ; line 46
0128 LOAD_CONST           R31 constant[20]  ; line 47
0129 MOVE                 R32 <- R27  ; line 47
0130 MOVE                 R33 <- R31  ; line 47
0131 HOST_CALL            a=34 b=11 c=32 imm=2  ; line 47
0132 MOVE                 R35 <- R7  ; line 47
0133 CALL                 a=36 b=1 c=35 imm=1  ; line 47
0134 MOVE                 R37 <- R34  ; line 47
0135 MOVE                 R38 <- R36  ; line 47
0136 CALL                 a=39 b=85 c=37 imm=2  ; line 47
0137 MOVE                 R40 <- R39  ; line 47
0138 LOAD_CONST           R41 constant[21]  ; line 48
0139 LOAD_CONST           R42 constant[22]  ; line 48
0140 LOAD_CONST           R43 constant[23]  ; line 48
0141 LOAD_CONST           R44 constant[24]  ; line 48
0142 MOVE                 R45 <- R27  ; line 48
0143 MOVE                 R46 <- R44  ; line 48
0144 HOST_CALL            a=47 b=11 c=45 imm=2  ; line 48
0145 LOAD_CONST           R48 constant[25]  ; line 48
0146 LOAD_CONST           R49 constant[26]  ; line 48
0147 MOVE                 R50 <- R40  ; line 48
0148 MOVE                 R51 <- R49  ; line 48
0149 HOST_CALL            a=52 b=11 c=50 imm=2  ; line 48
0150 MOVE                 R53 <- R41  ; line 48
0151 MOVE                 R54 <- R18  ; line 48
0152 MOVE                 R55 <- R42  ; line 48
0153 MOVE                 R56 <- R30  ; line 48
0154 MOVE                 R57 <- R43  ; line 48
0155 MOVE                 R58 <- R47  ; line 48
0156 MOVE                 R59 <- R48  ; line 48
0157 MOVE                 R60 <- R52  ; line 48
0158 HOST_CALL            a=61 b=6 c=53 imm=8  ; line 48
0159 RETURN               R61  ; line 48
0160 LOAD_CONST           R62 constant[27]  ; line 48
0161 RETURN               R62  ; line 48
0162 LOAD_CONST           R2 constant[28]  ; line 52
0163 MOVE                 R3 <- R2  ; line 52
0164 COMPARE              a=1 b=3 c=4 imm=2  ; line 52
0165 JUMP_IF_FALSE        R4 -> 168  ; line 52
0166 MOVE                 R3 <- R1  ; line 52
0167 JUMP                 -> 168  ; line 52
0168 LOAD_CONST           R4 constant[29]  ; line 53
0169 MOVE                 R5 <- R0  ; line 53
0170 MOVE                 R6 <- R4  ; line 53
0171 CALL                 a=7 b=20 c=5 imm=2  ; line 53
0172 MOVE                 R8 <- R7  ; line 53
0173 MOVE                 R9 <- R3  ; line 53
0174 CALL                 a=10 b=21 c=8 imm=2  ; line 53
0175 RETURN               R10  ; line 53
0176 LOAD_CONST           R11 constant[30]  ; line 53
0177 RETURN               R11  ; line 53
0178 HOST_CALL            a=0 b=3 c=0 imm=0  ; line 12
0179 RETURN               R0  ; line 12
0180 LOAD_CONST           R1 constant[31]  ; line 12
0181 RETURN               R1  ; line 12
0182 BINARY               a=0 b=1 c=2 imm=0  ; line 16
0183 RETURN               R2  ; line 16
0184 LOAD_CONST           R3 constant[32]  ; line 16
0185 RETURN               R3  ; line 16
0186 LOAD_CONST           R1 constant[33]  ; line 20
0187 COMPARE              a=0 b=1 c=2 imm=2  ; line 20
0188 JUMP_IF_FALSE        R2 -> 197  ; line 20
0189 LOAD_CONST           R1 constant[34]  ; line 20
0190 MOVE                 R2 <- R0  ; line 20
0191 HOST_CALL            a=3 b=21 c=2 imm=1  ; line 20
0192 MOVE                 R4 <- R1  ; line 20
0193 MOVE                 R5 <- R3  ; line 20
0194 HOST_CALL            a=6 b=20 c=4 imm=2  ; line 20
0195 RETURN               R6  ; line 20
0196 JUMP                 -> 197  ; line 20
0197 MOVE                 R1 <- R0  ; line 21
0198 HOST_CALL            a=2 b=21 c=1 imm=1  ; line 21
0199 RETURN               R2  ; line 21
0200 LOAD_CONST           R3 constant[35]  ; line 21
0201 RETURN               R3  ; line 21
0202 LOAD_CONST           R1 constant[36]  ; line 25
0203 COMPARE              a=0 b=1 c=2 imm=2  ; line 25
0204 JUMP_IF_FALSE        R2 -> 213  ; line 25
0205 LOAD_CONST           R1 constant[37]  ; line 25
0206 MOVE                 R2 <- R0  ; line 25
0207 HOST_CALL            a=3 b=21 c=2 imm=1  ; line 25
0208 MOVE                 R4 <- R1  ; line 25
0209 MOVE                 R5 <- R3  ; line 25
0210 HOST_CALL            a=6 b=20 c=4 imm=2  ; line 25
0211 RETURN               R6  ; line 25
0212 JUMP                 -> 213  ; line 25
0213 LOAD_CONST           R1 constant[38]  ; line 26
0214 COMPARE              a=0 b=1 c=2 imm=2  ; line 26
0215 JUMP_IF_FALSE        R2 -> 224  ; line 26
0216 LOAD_CONST           R1 constant[39]  ; line 26
0217 MOVE                 R2 <- R0  ; line 26
0218 HOST_CALL            a=3 b=21 c=2 imm=1  ; line 26
0219 MOVE                 R4 <- R1  ; line 26
0220 MOVE                 R5 <- R3  ; line 26
0221 HOST_CALL            a=6 b=20 c=4 imm=2  ; line 26
0222 RETURN               R6  ; line 26
0223 JUMP                 -> 224  ; line 26
0224 LOAD_CONST           R1 constant[40]  ; line 27
0225 COMPARE              a=0 b=1 c=2 imm=2  ; line 27
0226 JUMP_IF_FALSE        R2 -> 235  ; line 27
0227 LOAD_CONST           R1 constant[41]  ; line 27
0228 MOVE                 R2 <- R0  ; line 27
0229 HOST_CALL            a=3 b=21 c=2 imm=1  ; line 27
0230 MOVE                 R4 <- R1  ; line 27
0231 MOVE                 R5 <- R3  ; line 27
0232 HOST_CALL            a=6 b=20 c=4 imm=2  ; line 27
0233 RETURN               R6  ; line 27
0234 JUMP                 -> 235  ; line 27
0235 MOVE                 R1 <- R0  ; line 28
0236 HOST_CALL            a=2 b=21 c=1 imm=1  ; line 28
0237 RETURN               R2  ; line 28
0238 LOAD_CONST           R3 constant[42]  ; line 28
0239 RETURN               R3  ; line 28
0240 LOAD_CONST           R1 constant[43]  ; line 34
0241 BINARY               a=0 b=1 c=2 imm=0  ; line 34
0242 MOVE                 R0 <- R2  ; line 34
0243 LOAD_CONST           R1 constant[44]  ; line 35
0244 MOVE                 R2 <- R0  ; line 35
0245 MOVE                 R3 <- R1  ; line 35
0246 CALL                 a=4 b=20 c=2 imm=2  ; line 35
0247 MOVE                 R5 <- R4  ; line 35
0248 LOAD_CONST           R6 constant[45]  ; line 36
0249 MOVE                 R7 <- R0  ; line 36
0250 MOVE                 R8 <- R6  ; line 36
0251 CALL                 a=9 b=21 c=7 imm=2  ; line 36
0252 MOVE                 R10 <- R9  ; line 36
0253 LOAD_CONST           R11 constant[46]  ; line 37
0254 MOVE                 R12 <- R10  ; line 37
0255 MOVE                 R13 <- R11  ; line 37
0256 CALL                 a=14 b=20 c=12 imm=2  ; line 37
0257 BINARY               a=10 b=14 c=15 imm=1  ; line 37
0258 LOAD_CONST           R16 constant[47]  ; line 37
0259 MOVE                 R17 <- R10  ; line 37
0260 MOVE                 R18 <- R16  ; line 37
0261 CALL                 a=19 b=20 c=17 imm=2  ; line 37
0262 BINARY               a=15 b=19 c=20 imm=0  ; line 37
0263 LOAD_CONST           R21 constant[48]  ; line 37
0264 MOVE                 R22 <- R10  ; line 37
0265 MOVE                 R23 <- R21  ; line 37
0266 CALL                 a=24 b=20 c=22 imm=2  ; line 37
0267 BINARY               a=20 b=24 c=25 imm=1  ; line 37
0268 LOAD_CONST           R26 constant[49]  ; line 37
0269 MOVE                 R27 <- R25  ; line 37
0270 MOVE                 R28 <- R26  ; line 37
0271 CALL                 a=29 b=20 c=27 imm=2  ; line 37
0272 MOVE                 R30 <- R29  ; line 37
0273 LOAD_CONST           R31 constant[50]  ; line 38
0274 BINARY               a=5 b=31 c=32 imm=2  ; line 38
0275 BINARY               a=30 b=32 c=33 imm=0  ; line 38
0276 MOVE                 R34 <- R33  ; line 38
0277 LOAD_CONST           R35 constant[51]  ; line 39
0278 BINARY               a=35 b=30 c=36 imm=2  ; line 39
0279 LOAD_CONST           R37 constant[52]  ; line 39
0280 MOVE                 R38 <- R30  ; line 39
0281 MOVE                 R39 <- R37  ; line 39
0282 CALL                 a=40 b=20 c=38 imm=2  ; line 39
0283 BINARY               a=36 b=40 c=41 imm=0  ; line 39
0284 LOAD_CONST           R42 constant[53]  ; line 39
0285 MOVE                 R43 <- R30  ; line 39
0286 MOVE                 R44 <- R42  ; line 39
0287 CALL                 a=45 b=20 c=43 imm=2  ; line 39
0288 BINARY               a=41 b=45 c=46 imm=1  ; line 39
0289 BINARY               a=10 b=46 c=47 imm=1  ; line 39
0290 MOVE                 R48 <- R47  ; line 39
0291 LOAD_CONST           R49 constant[54]  ; line 40
0292 BINARY               a=49 b=48 c=50 imm=2  ; line 40
0293 LOAD_CONST           R51 constant[55]  ; line 40
0294 BINARY               a=50 b=51 c=52 imm=0  ; line 40
0295 LOAD_CONST           R53 constant[56]  ; line 40
0296 MOVE                 R54 <- R52  ; line 40
0297 MOVE                 R55 <- R53  ; line 40
0298 CALL                 a=56 b=20 c=54 imm=2  ; line 40
0299 MOVE                 R57 <- R56  ; line 40
0300 LOAD_CONST           R58 constant[57]  ; line 41
0301 BINARY               a=58 b=57 c=59 imm=2  ; line 41
0302 LOAD_CONST           R60 constant[58]  ; line 41
0303 BINARY               a=59 b=60 c=61 imm=0  ; line 41
0304 LOAD_CONST           R62 constant[59]  ; line 41
0305 MOVE                 R63 <- R61  ; line 41
0306 MOVE                 R64 <- R62  ; line 41
0307 CALL                 a=65 b=20 c=63 imm=2  ; line 41
0308 BINARY               a=48 b=65 c=66 imm=1  ; line 41
0309 LOAD_CONST           R67 constant[60]  ; line 41
0310 BINARY               a=66 b=67 c=68 imm=0  ; line 41
0311 MOVE                 R69 <- R68  ; line 41
0312 LOAD_CONST           R70 constant[61]  ; line 42
0313 BINARY               a=57 b=70 c=71 imm=0  ; line 42
0314 MOVE                 R72 <- R71  ; line 42
0315 LOAD_CONST           R73 constant[62]  ; line 43
0316 COMPARE              a=57 b=73 c=74 imm=5  ; line 43
0317 JUMP_IF_FALSE        R74 -> 322  ; line 43
0318 LOAD_CONST           R73 constant[63]  ; line 43
0319 BINARY               a=57 b=73 c=74 imm=1  ; line 43
0320 MOVE                 R72 <- R74  ; line 43
0321 JUMP                 -> 322  ; line 43
0322 LOAD_CONST           R73 constant[64]  ; line 44
0323 COMPARE              a=72 b=73 c=74 imm=3  ; line 44
0324 JUMP_IF_FALSE        R74 -> 329  ; line 44
0325 LOAD_CONST           R73 constant[65]  ; line 44
0326 BINARY               a=34 b=73 c=74 imm=0  ; line 44
0327 MOVE                 R34 <- R74  ; line 44
0328 JUMP                 -> 329  ; line 44
0329 MOVE                 R73 <- R34  ; line 45
0330 MOVE                 R74 <- R72  ; line 45
0331 MOVE                 R75 <- R69  ; line 45
0332 ARRAY_NEW            a=76 b=73 c=3 imm=4294967295  ; line 45
0333 RETURN               R76  ; line 45
0334 LOAD_CONST           R77 constant[66]  ; line 45
0335 RETURN               R77  ; line 45
0336 LOAD_CONST           R3 constant[67]  ; line 50
0337 COMPARE              a=1 b=3 c=4 imm=3  ; line 50
0338 JUMP_IF_FALSE        R4 -> 343  ; line 50
0339 LOAD_CONST           R3 constant[68]  ; line 50
0340 BINARY               a=0 b=3 c=4 imm=1  ; line 50
0341 MOVE                 R0 <- R4  ; line 50
0342 JUMP                 -> 343  ; line 50
0343 LOAD_CONST           R3 constant[69]  ; line 51
0344 MOVE                 R4 <- R0  ; line 51
0345 MOVE                 R5 <- R3  ; line 51
0346 CALL                 a=6 b=20 c=4 imm=2  ; line 51
0347 MOVE                 R7 <- R6  ; line 51
0348 LOAD_CONST           R8 constant[70]  ; line 52
0349 BINARY               a=7 b=8 c=9 imm=2  ; line 52
0350 BINARY               a=0 b=9 c=10 imm=1  ; line 52
0351 MOVE                 R11 <- R10  ; line 52
0352 LOAD_CONST           R12 constant[71]  ; line 53
0353 BINARY               a=1 b=12 c=13 imm=0  ; line 53
0354 MOVE                 R14 <- R13  ; line 53
0355 LOAD_CONST           R15 constant[72]  ; line 54
0356 COMPARE              a=1 b=15 c=16 imm=4  ; line 54
0357 JUMP_IF_FALSE        R16 -> 362  ; line 54
0358 LOAD_CONST           R15 constant[73]  ; line 54
0359 BINARY               a=1 b=15 c=16 imm=1  ; line 54
0360 MOVE                 R14 <- R16  ; line 54
0361 JUMP                 -> 362  ; line 54
0362 LOAD_CONST           R15 constant[74]  ; line 55
0363 BINARY               a=15 b=14 c=16 imm=2  ; line 55
0364 LOAD_CONST           R17 constant[75]  ; line 55
0365 BINARY               a=16 b=17 c=18 imm=0  ; line 55
0366 LOAD_CONST           R19 constant[76]  ; line 55
0367 MOVE                 R20 <- R18  ; line 55
0368 MOVE                 R21 <- R19  ; line 55
0369 CALL                 a=22 b=20 c=20 imm=2  ; line 55
0370 BINARY               a=22 b=2 c=23 imm=0  ; line 55
0371 LOAD_CONST           R24 constant[77]  ; line 55
0372 BINARY               a=23 b=24 c=25 imm=1  ; line 55
0373 MOVE                 R26 <- R25  ; line 55
0374 LOAD_CONST           R27 constant[78]  ; line 56
0375 BINARY               a=11 b=27 c=28 imm=2  ; line 56
0376 LOAD_CONST           R29 constant[79]  ; line 56
0377 MOVE                 R30 <- R11  ; line 56
0378 MOVE                 R31 <- R29  ; line 56
0379 CALL                 a=32 b=20 c=30 imm=2  ; line 56
0380 BINARY               a=28 b=32 c=33 imm=0  ; line 56
0381 LOAD_CONST           R34 constant[80]  ; line 56
0382 MOVE                 R35 <- R11  ; line 56
0383 MOVE                 R36 <- R34  ; line 56
0384 CALL                 a=37 b=20 c=35 imm=2  ; line 56
0385 BINARY               a=33 b=37 c=38 imm=1  ; line 56
0386 BINARY               a=38 b=26 c=39 imm=0  ; line 56
0387 MOVE                 R40 <- R39  ; line 56
0388 LOAD_CONST           R41 constant[81]  ; line 57
0389 BINARY               a=7 b=41 c=42 imm=2  ; line 57
0390 BINARY               a=42 b=40 c=43 imm=0  ; line 57
0391 LOAD_CONST           R44 constant[82]  ; line 57
0392 BINARY               a=43 b=44 c=45 imm=1  ; line 57
0393 RETURN               R45  ; line 57
0394 LOAD_CONST           R46 constant[83]  ; line 57
0395 RETURN               R46  ; line 57
0396 LOAD_CONST           R1 constant[84]  ; line 61
0397 MOVE                 R2 <- R0  ; line 61
0398 MOVE                 R3 <- R1  ; line 61
0399 CALL                 a=4 b=20 c=2 imm=2  ; line 61
0400 MOVE                 R5 <- R4  ; line 61
0401 LOAD_CONST           R6 constant[85]  ; line 62
0402 MOVE                 R7 <- R0  ; line 62
0403 MOVE                 R8 <- R6  ; line 62
0404 CALL                 a=9 b=21 c=7 imm=2  ; line 62
0405 MOVE                 R10 <- R9  ; line 62
0406 LOAD_CONST           R11 constant[86]  ; line 63
0407 MOVE                 R12 <- R10  ; line 63
0408 MOVE                 R13 <- R11  ; line 63
0409 CALL                 a=14 b=20 c=12 imm=2  ; line 63
0410 MOVE                 R15 <- R14  ; line 63
0411 LOAD_CONST           R16 constant[87]  ; line 64
0412 MOVE                 R17 <- R10  ; line 64
0413 MOVE                 R18 <- R16  ; line 64
0414 CALL                 a=19 b=21 c=17 imm=2  ; line 64
0415 LOAD_CONST           R20 constant[88]  ; line 64
0416 MOVE                 R21 <- R19  ; line 64
0417 MOVE                 R22 <- R20  ; line 64
0418 CALL                 a=23 b=20 c=21 imm=2  ; line 64
0419 MOVE                 R24 <- R23  ; line 64
0420 LOAD_CONST           R25 constant[89]  ; line 65
0421 MOVE                 R26 <- R10  ; line 65
0422 MOVE                 R27 <- R25  ; line 65
0423 CALL                 a=28 b=21 c=26 imm=2  ; line 65
0424 MOVE                 R29 <- R28  ; line 65
0425 MOVE                 R30 <- R5  ; line 66
0426 CALL                 a=31 b=11 c=30 imm=1  ; line 66
0427 MOVE                 R32 <- R31  ; line 66
0428 LOAD_CONST           R33 constant[90]  ; line 67
0429 MOVE                 R34 <- R32  ; line 67
0430 MOVE                 R35 <- R33  ; line 67
0431 HOST_CALL            a=36 b=11 c=34 imm=2  ; line 67
0432 MOVE                 R37 <- R36  ; line 67
0433 CALL                 a=38 b=10 c=37 imm=1  ; line 67
0434 MOVE                 R39 <- R38  ; line 67
0435 LOAD_CONST           R40 constant[91]  ; line 68
0436 MOVE                 R41 <- R39  ; line 68
0437 MOVE                 R42 <- R40  ; line 68
0438 HOST_CALL            a=43 b=20 c=41 imm=2  ; line 68
0439 MOVE                 R39 <- R43  ; line 68
0440 LOAD_CONST           R40 constant[92]  ; line 69
0441 MOVE                 R41 <- R32  ; line 69
0442 MOVE                 R42 <- R40  ; line 69
0443 HOST_CALL            a=43 b=11 c=41 imm=2  ; line 69
0444 MOVE                 R44 <- R43  ; line 69
0445 CALL                 a=45 b=9 c=44 imm=1  ; line 69
0446 MOVE                 R46 <- R39  ; line 69
0447 MOVE                 R47 <- R45  ; line 69
0448 HOST_CALL            a=48 b=20 c=46 imm=2  ; line 69
0449 MOVE                 R39 <- R48  ; line 69
0450 LOAD_CONST           R40 constant[93]  ; line 70
0451 MOVE                 R41 <- R39  ; line 70
0452 MOVE                 R42 <- R40  ; line 70
0453 HOST_CALL            a=43 b=20 c=41 imm=2  ; line 70
0454 MOVE                 R39 <- R43  ; line 70
0455 LOAD_CONST           R40 constant[94]  ; line 71
0456 MOVE                 R41 <- R32  ; line 71
0457 MOVE                 R42 <- R40  ; line 71
0458 HOST_CALL            a=43 b=11 c=41 imm=2  ; line 71
0459 MOVE                 R44 <- R43  ; line 71
0460 CALL                 a=45 b=9 c=44 imm=1  ; line 71
0461 MOVE                 R46 <- R39  ; line 71
0462 MOVE                 R47 <- R45  ; line 71
0463 HOST_CALL            a=48 b=20 c=46 imm=2  ; line 71
0464 MOVE                 R39 <- R48  ; line 71
0465 LOAD_CONST           R40 constant[95]  ; line 72
0466 MOVE                 R41 <- R39  ; line 72
0467 MOVE                 R42 <- R40  ; line 72
0468 HOST_CALL            a=43 b=20 c=41 imm=2  ; line 72
0469 MOVE                 R39 <- R43  ; line 72
0470 MOVE                 R40 <- R15  ; line 73
0471 CALL                 a=41 b=9 c=40 imm=1  ; line 73
0472 MOVE                 R42 <- R39  ; line 73
0473 MOVE                 R43 <- R41  ; line 73
0474 HOST_CALL            a=44 b=20 c=42 imm=2  ; line 73
0475 MOVE                 R39 <- R44  ; line 73
0476 LOAD_CONST           R40 constant[96]  ; line 74
0477 MOVE                 R41 <- R39  ; line 74
0478 MOVE                 R42 <- R40  ; line 74
0479 HOST_CALL            a=43 b=20 c=41 imm=2  ; line 74
0480 MOVE                 R39 <- R43  ; line 74
0481 MOVE                 R40 <- R24  ; line 75
0482 CALL                 a=41 b=9 c=40 imm=1  ; line 75
0483 MOVE                 R42 <- R39  ; line 75
0484 MOVE                 R43 <- R41  ; line 75
0485 HOST_CALL            a=44 b=20 c=42 imm=2  ; line 75
0486 MOVE                 R39 <- R44  ; line 75
0487 LOAD_CONST           R40 constant[97]  ; line 76
0488 MOVE                 R41 <- R39  ; line 76
0489 MOVE                 R42 <- R40  ; line 76
0490 HOST_CALL            a=43 b=20 c=41 imm=2  ; line 76
0491 MOVE                 R39 <- R43  ; line 76
0492 MOVE                 R40 <- R29  ; line 77
0493 CALL                 a=41 b=9 c=40 imm=1  ; line 77
0494 MOVE                 R42 <- R39  ; line 77
0495 MOVE                 R43 <- R41  ; line 77
0496 HOST_CALL            a=44 b=20 c=42 imm=2  ; line 77
0497 MOVE                 R39 <- R44  ; line 77
0498 LOAD_CONST           R40 constant[98]  ; line 78
0499 MOVE                 R41 <- R39  ; line 78
0500 MOVE                 R42 <- R40  ; line 78
0501 HOST_CALL            a=43 b=20 c=41 imm=2  ; line 78
0502 RETURN               R43  ; line 78
0503 LOAD_CONST           R44 constant[99]  ; line 78
0504 RETURN               R44  ; line 78
0505 MOVE                 R1 <- R0  ; line 85
0506 HOST_CALL            a=2 b=17 c=1 imm=1  ; line 85
0507 LOAD_CONST           R3 constant[100]  ; line 85
0508 COMPARE              a=2 b=3 c=4 imm=1  ; line 85
0509 JUMP_IF_FALSE        R4 -> 517  ; line 85
0510 LOAD_CONST           R1 constant[101]  ; line 85
0511 LOAD_CONST           R2 constant[102]  ; line 85
0512 MOVE                 R3 <- R1  ; line 85
0513 MOVE                 R4 <- R2  ; line 85
0514 ARRAY_NEW            a=5 b=3 c=2 imm=4294967295  ; line 85
0515 RETURN               R5  ; line 85
0516 JUMP                 -> 517  ; line 85
0517 LOAD_CONST           R1 constant[103]  ; line 86
0518 MOVE                 R2 <- R0  ; line 86
0519 MOVE                 R3 <- R1  ; line 86
0520 HOST_CALL            a=4 b=18 c=2 imm=2  ; line 86
0521 LOAD_CONST           R5 constant[104]  ; line 86
0522 COMPARE              a=4 b=5 c=6 imm=1  ; line 86
0523 JUMP_IF_FALSE        R6 -> 531  ; line 86
0524 LOAD_CONST           R1 constant[105]  ; line 86
0525 LOAD_CONST           R2 constant[106]  ; line 86
0526 MOVE                 R3 <- R1  ; line 86
0527 MOVE                 R4 <- R2  ; line 86
0528 ARRAY_NEW            a=5 b=3 c=2 imm=4294967295  ; line 86
0529 RETURN               R5  ; line 86
0530 JUMP                 -> 531  ; line 86
0531 LOAD_CONST           R1 constant[107]  ; line 87
0532 MOVE                 R2 <- R0  ; line 87
0533 MOVE                 R3 <- R1  ; line 87
0534 HOST_CALL            a=4 b=18 c=2 imm=2  ; line 87
0535 LOAD_CONST           R5 constant[108]  ; line 87
0536 COMPARE              a=4 b=5 c=6 imm=1  ; line 87
0537 JUMP_IF_FALSE        R6 -> 545  ; line 87
0538 LOAD_CONST           R1 constant[109]  ; line 87
0539 LOAD_CONST           R2 constant[110]  ; line 87
0540 MOVE                 R3 <- R1  ; line 87
0541 MOVE                 R4 <- R2  ; line 87
0542 ARRAY_NEW            a=5 b=3 c=2 imm=4294967295  ; line 87
0543 RETURN               R5  ; line 87
0544 JUMP                 -> 545  ; line 87
0545 LOAD_CONST           R1 constant[111]  ; line 88
0546 MOVE                 R2 <- R0  ; line 88
0547 MOVE                 R3 <- R1  ; line 88
0548 HOST_CALL            a=4 b=18 c=2 imm=2  ; line 88
0549 LOAD_CONST           R5 constant[112]  ; line 88
0550 COMPARE              a=4 b=5 c=6 imm=1  ; line 88
0551 JUMP_IF_FALSE        R6 -> 559  ; line 88
0552 LOAD_CONST           R1 constant[113]  ; line 88
0553 LOAD_CONST           R2 constant[114]  ; line 88
0554 MOVE                 R3 <- R1  ; line 88
0555 MOVE                 R4 <- R2  ; line 88
0556 ARRAY_NEW            a=5 b=3 c=2 imm=4294967295  ; line 88
0557 RETURN               R5  ; line 88
0558 JUMP                 -> 559  ; line 88
0559 LOAD_CONST           R1 constant[115]  ; line 89
0560 MOVE                 R2 <- R0  ; line 89
0561 MOVE                 R3 <- R1  ; line 89
0562 HOST_CALL            a=4 b=18 c=2 imm=2  ; line 89
0563 LOAD_CONST           R5 constant[116]  ; line 89
0564 COMPARE              a=4 b=5 c=6 imm=1  ; line 89
0565 JUMP_IF_FALSE        R6 -> 573  ; line 89
0566 LOAD_CONST           R1 constant[117]  ; line 89
0567 LOAD_CONST           R2 constant[118]  ; line 89
0568 MOVE                 R3 <- R1  ; line 89
0569 MOVE                 R4 <- R2  ; line 89
0570 ARRAY_NEW            a=5 b=3 c=2 imm=4294967295  ; line 89
0571 RETURN               R5  ; line 89
0572 JUMP                 -> 573  ; line 89
0573 LOAD_CONST           R1 constant[119]  ; line 90
0574 MOVE                 R2 <- R0  ; line 90
0575 MOVE                 R3 <- R1  ; line 90
0576 HOST_CALL            a=4 b=18 c=2 imm=2  ; line 90
0577 LOAD_CONST           R5 constant[120]  ; line 90
0578 COMPARE              a=4 b=5 c=6 imm=1  ; line 90
0579 JUMP_IF_FALSE        R6 -> 587  ; line 90
0580 LOAD_CONST           R1 constant[121]  ; line 90
0581 LOAD_CONST           R2 constant[122]  ; line 90
0582 MOVE                 R3 <- R1  ; line 90
0583 MOVE                 R4 <- R2  ; line 90
0584 ARRAY_NEW            a=5 b=3 c=2 imm=4294967295  ; line 90
0585 RETURN               R5  ; line 90
0586 JUMP                 -> 587  ; line 90
0587 LOAD_CONST           R1 constant[123]  ; line 91
0588 MOVE                 R2 <- R0  ; line 91
0589 MOVE                 R3 <- R1  ; line 91
0590 HOST_CALL            a=4 b=18 c=2 imm=2  ; line 91
0591 LOAD_CONST           R5 constant[124]  ; line 91
0592 COMPARE              a=4 b=5 c=6 imm=1  ; line 91
0593 JUMP_IF_FALSE        R6 -> 601  ; line 91
0594 LOAD_CONST           R1 constant[125]  ; line 91
0595 LOAD_CONST           R2 constant[126]  ; line 91
0596 MOVE                 R3 <- R1  ; line 91
0597 MOVE                 R4 <- R2  ; line 91
0598 ARRAY_NEW            a=5 b=3 c=2 imm=4294967295  ; line 91
0599 RETURN               R5  ; line 91
0600 JUMP                 -> 601  ; line 91
0601 LOAD_CONST           R1 constant[127]  ; line 92
0602 LOAD_CONST           R2 constant[128]  ; line 92
0603 MOVE                 R3 <- R0  ; line 92
0604 MOVE                 R4 <- R1  ; line 92
0605 MOVE                 R5 <- R2  ; line 92
0606 HOST_CALL            a=6 b=19 c=3 imm=3  ; line 92
0607 MOVE                 R7 <- R6  ; line 92
0608 HOST_CALL            a=8 b=85 c=7 imm=1  ; line 92
0609 MOVE                 R9 <- R8  ; line 92
0610 LOAD_CONST           R10 constant[129]  ; line 93
0611 LOAD_CONST           R11 constant[130]  ; line 93
0612 MOVE                 R12 <- R0  ; line 93
0613 MOVE                 R13 <- R10  ; line 93
0614 MOVE                 R14 <- R11  ; line 93
0615 HOST_CALL            a=15 b=19 c=12 imm=3  ; line 93
0616 MOVE                 R16 <- R15  ; line 93
0617 HOST_CALL            a=17 b=85 c=16 imm=1  ; line 93
0618 MOVE                 R18 <- R17  ; line 93
0619 LOAD_CONST           R19 constant[131]  ; line 94
0620 LOAD_CONST           R20 constant[132]  ; line 94
0621 MOVE                 R21 <- R0  ; line 94
0622 MOVE                 R22 <- R19  ; line 94
0623 MOVE                 R23 <- R20  ; line 94
0624 HOST_CALL            a=24 b=19 c=21 imm=3  ; line 94
0625 MOVE                 R25 <- R24  ; line 94
0626 HOST_CALL            a=26 b=85 c=25 imm=1  ; line 94
0627 MOVE                 R27 <- R26  ; line 94
0628 LOAD_CONST           R28 constant[133]  ; line 95
0629 LOAD_CONST           R29 constant[134]  ; line 95
0630 MOVE                 R30 <- R0  ; line 95
0631 MOVE                 R31 <- R28  ; line 95
0632 MOVE                 R32 <- R29  ; line 95
0633 HOST_CALL            a=33 b=19 c=30 imm=3  ; line 95
0634 MOVE                 R34 <- R33  ; line 95
0635 HOST_CALL            a=35 b=85 c=34 imm=1  ; line 95
0636 MOVE                 R36 <- R35  ; line 95
0637 LOAD_CONST           R37 constant[135]  ; line 96
0638 LOAD_CONST           R38 constant[136]  ; line 96
0639 MOVE                 R39 <- R0  ; line 96
0640 MOVE                 R40 <- R37  ; line 96
0641 MOVE                 R41 <- R38  ; line 96
0642 HOST_CALL            a=42 b=19 c=39 imm=3  ; line 96
0643 MOVE                 R43 <- R42  ; line 96
0644 HOST_CALL            a=44 b=85 c=43 imm=1  ; line 96
0645 MOVE                 R45 <- R44  ; line 96
0646 LOAD_CONST           R46 constant[137]  ; line 97
0647 LOAD_CONST           R47 constant[138]  ; line 97
0648 MOVE                 R48 <- R0  ; line 97
0649 MOVE                 R49 <- R46  ; line 97
0650 MOVE                 R50 <- R47  ; line 97
0651 HOST_CALL            a=51 b=19 c=48 imm=3  ; line 97
0652 MOVE                 R52 <- R51  ; line 97
0653 HOST_CALL            a=53 b=85 c=52 imm=1  ; line 97
0654 MOVE                 R54 <- R53  ; line 97
0655 LOAD_CONST           R55 constant[139]  ; line 98
0656 MOVE                 R56 <- R9  ; line 98
0657 MOVE                 R57 <- R55  ; line 98
0658 HOST_CALL            a=58 b=11 c=56 imm=2  ; line 98
0659 UNARY                a=58 b=59 c=4294967295 imm=1  ; line 98
0660 JUMP_IF_FALSE        R59 -> 668  ; line 98
0661 LOAD_CONST           R55 constant[140]  ; line 98
0662 LOAD_CONST           R56 constant[141]  ; line 98
0663 MOVE                 R57 <- R55  ; line 98
0664 MOVE                 R58 <- R56  ; line 98
0665 ARRAY_NEW            a=59 b=57 c=2 imm=4294967295  ; line 98
0666 RETURN               R59  ; line 98
0667 JUMP                 -> 668  ; line 98
0668 LOAD_CONST           R55 constant[142]  ; line 99
0669 MOVE                 R56 <- R18  ; line 99
0670 MOVE                 R57 <- R55  ; line 99
0671 HOST_CALL            a=58 b=11 c=56 imm=2  ; line 99
0672 UNARY                a=58 b=59 c=4294967295 imm=1  ; line 99
0673 JUMP_IF_FALSE        R59 -> 681  ; line 99
0674 LOAD_CONST           R55 constant[143]  ; line 99
0675 LOAD_CONST           R56 constant[144]  ; line 99
0676 MOVE                 R57 <- R55  ; line 99
0677 MOVE                 R58 <- R56  ; line 99
0678 ARRAY_NEW            a=59 b=57 c=2 imm=4294967295  ; line 99
0679 RETURN               R59  ; line 99
0680 JUMP                 -> 681  ; line 99
0681 LOAD_CONST           R55 constant[145]  ; line 100
0682 MOVE                 R56 <- R27  ; line 100
0683 MOVE                 R57 <- R55  ; line 100
0684 HOST_CALL            a=58 b=11 c=56 imm=2  ; line 100
0685 UNARY                a=58 b=59 c=4294967295 imm=1  ; line 100
0686 JUMP_IF_FALSE        R59 -> 694  ; line 100
0687 LOAD_CONST           R55 constant[146]  ; line 100
0688 LOAD_CONST           R56 constant[147]  ; line 100
0689 MOVE                 R57 <- R55  ; line 100
0690 MOVE                 R58 <- R56  ; line 100
0691 ARRAY_NEW            a=59 b=57 c=2 imm=4294967295  ; line 100
0692 RETURN               R59  ; line 100
0693 JUMP                 -> 694  ; line 100
0694 LOAD_CONST           R55 constant[148]  ; line 101
0695 MOVE                 R56 <- R36  ; line 101
0696 MOVE                 R57 <- R55  ; line 101
0697 HOST_CALL            a=58 b=11 c=56 imm=2  ; line 101
0698 UNARY                a=58 b=59 c=4294967295 imm=1  ; line 101
0699 JUMP_IF_FALSE        R59 -> 707  ; line 101
0700 LOAD_CONST           R55 constant[149]  ; line 101
0701 LOAD_CONST           R56 constant[150]  ; line 101
0702 MOVE                 R57 <- R55  ; line 101
0703 MOVE                 R58 <- R56  ; line 101
0704 ARRAY_NEW            a=59 b=57 c=2 imm=4294967295  ; line 101
0705 RETURN               R59  ; line 101
0706 JUMP                 -> 707  ; line 101
0707 LOAD_CONST           R55 constant[151]  ; line 102
0708 MOVE                 R56 <- R45  ; line 102
0709 MOVE                 R57 <- R55  ; line 102
0710 HOST_CALL            a=58 b=11 c=56 imm=2  ; line 102
0711 UNARY                a=58 b=59 c=4294967295 imm=1  ; line 102
0712 JUMP_IF_FALSE        R59 -> 720  ; line 102
0713 LOAD_CONST           R55 constant[152]  ; line 102
0714 LOAD_CONST           R56 constant[153]  ; line 102
0715 MOVE                 R57 <- R55  ; line 102
0716 MOVE                 R58 <- R56  ; line 102
0717 ARRAY_NEW            a=59 b=57 c=2 imm=4294967295  ; line 102
0718 RETURN               R59  ; line 102
0719 JUMP                 -> 720  ; line 102
0720 LOAD_CONST           R55 constant[154]  ; line 103
0721 MOVE                 R56 <- R54  ; line 103
0722 MOVE                 R57 <- R55  ; line 103
0723 HOST_CALL            a=58 b=11 c=56 imm=2  ; line 103
0724 UNARY                a=58 b=59 c=4294967295 imm=1  ; line 103
0725 JUMP_IF_FALSE        R59 -> 733  ; line 103
0726 LOAD_CONST           R55 constant[155]  ; line 103
0727 LOAD_CONST           R56 constant[156]  ; line 103
0728 MOVE                 R57 <- R55  ; line 103
0729 MOVE                 R58 <- R56  ; line 103
0730 ARRAY_NEW            a=59 b=57 c=2 imm=4294967295  ; line 103
0731 RETURN               R59  ; line 103
0732 JUMP                 -> 733  ; line 103
0733 LOAD_CONST           R55 constant[157]  ; line 104
0734 MOVE                 R56 <- R9  ; line 104
0735 MOVE                 R57 <- R55  ; line 104
0736 HOST_CALL            a=58 b=11 c=56 imm=2  ; line 104
0737 MOVE                 R59 <- R58  ; line 104
0738 LOAD_CONST           R60 constant[158]  ; line 105
0739 MOVE                 R61 <- R18  ; line 105
0740 MOVE                 R62 <- R60  ; line 105
0741 HOST_CALL            a=63 b=11 c=61 imm=2  ; line 105
0742 MOVE                 R64 <- R63  ; line 105
0743 LOAD_CONST           R65 constant[159]  ; line 106
0744 MOVE                 R66 <- R27  ; line 106
0745 MOVE                 R67 <- R65  ; line 106
0746 HOST_CALL            a=68 b=11 c=66 imm=2  ; line 106
0747 MOVE                 R69 <- R68  ; line 106
0748 LOAD_CONST           R70 constant[160]  ; line 107
0749 MOVE                 R71 <- R36  ; line 107
0750 MOVE                 R72 <- R70  ; line 107
0751 HOST_CALL            a=73 b=11 c=71 imm=2  ; line 107
0752 MOVE                 R74 <- R73  ; line 107
0753 LOAD_CONST           R75 constant[161]  ; line 108
0754 MOVE                 R76 <- R45  ; line 108
0755 MOVE                 R77 <- R75  ; line 108
0756 HOST_CALL            a=78 b=11 c=76 imm=2  ; line 108
0757 MOVE                 R79 <- R78  ; line 108
0758 LOAD_CONST           R80 constant[162]  ; line 109
0759 MOVE                 R81 <- R54  ; line 109
0760 MOVE                 R82 <- R80  ; line 109
0761 HOST_CALL            a=83 b=11 c=81 imm=2  ; line 109
0762 MOVE                 R84 <- R83  ; line 109
0763 LOAD_CONST           R85 constant[163]  ; line 110
0764 COMPARE              a=64 b=85 c=86 imm=2  ; line 110
0765 JUMP_IF_FALSE        R86 -> 773  ; line 110
0766 LOAD_CONST           R85 constant[164]  ; line 110
0767 LOAD_CONST           R86 constant[165]  ; line 110
0768 MOVE                 R87 <- R85  ; line 110
0769 MOVE                 R88 <- R86  ; line 110
0770 ARRAY_NEW            a=89 b=87 c=2 imm=4294967295  ; line 110
0771 RETURN               R89  ; line 110
0772 JUMP                 -> 773  ; line 110
0773 LOAD_CONST           R85 constant[166]  ; line 111
0774 COMPARE              a=64 b=85 c=86 imm=4  ; line 111
0775 JUMP_IF_FALSE        R86 -> 783  ; line 111
0776 LOAD_CONST           R85 constant[167]  ; line 111
0777 LOAD_CONST           R86 constant[168]  ; line 111
0778 MOVE                 R87 <- R85  ; line 111
0779 MOVE                 R88 <- R86  ; line 111
0780 ARRAY_NEW            a=89 b=87 c=2 imm=4294967295  ; line 111
0781 RETURN               R89  ; line 111
0782 JUMP                 -> 783  ; line 111
0783 LOAD_CONST           R85 constant[169]  ; line 112
0784 COMPARE              a=69 b=85 c=86 imm=2  ; line 112
0785 JUMP_IF_FALSE        R86 -> 793  ; line 112
0786 LOAD_CONST           R85 constant[170]  ; line 112
0787 LOAD_CONST           R86 constant[171]  ; line 112
0788 MOVE                 R87 <- R85  ; line 112
0789 MOVE                 R88 <- R86  ; line 112
0790 ARRAY_NEW            a=89 b=87 c=2 imm=4294967295  ; line 112
0791 RETURN               R89  ; line 112
0792 JUMP                 -> 793  ; line 112
0793 LOAD_CONST           R85 constant[172]  ; line 113
0794 COMPARE              a=69 b=85 c=86 imm=4  ; line 113
0795 JUMP_IF_FALSE        R86 -> 803  ; line 113
0796 LOAD_CONST           R85 constant[173]  ; line 113
0797 LOAD_CONST           R86 constant[174]  ; line 113
0798 MOVE                 R87 <- R85  ; line 113
0799 MOVE                 R88 <- R86  ; line 113
0800 ARRAY_NEW            a=89 b=87 c=2 imm=4294967295  ; line 113
0801 RETURN               R89  ; line 113
0802 JUMP                 -> 803  ; line 113
0803 LOAD_CONST           R85 constant[175]  ; line 114
0804 COMPARE              a=74 b=85 c=86 imm=2  ; line 114
0805 JUMP_IF_FALSE        R86 -> 813  ; line 114
0806 LOAD_CONST           R85 constant[176]  ; line 114
0807 LOAD_CONST           R86 constant[177]  ; line 114
0808 MOVE                 R87 <- R85  ; line 114
0809 MOVE                 R88 <- R86  ; line 114
0810 ARRAY_NEW            a=89 b=87 c=2 imm=4294967295  ; line 114
0811 RETURN               R89  ; line 114
0812 JUMP                 -> 813  ; line 114
0813 LOAD_CONST           R85 constant[178]  ; line 115
0814 COMPARE              a=74 b=85 c=86 imm=4  ; line 115
0815 JUMP_IF_FALSE        R86 -> 823  ; line 115
0816 LOAD_CONST           R85 constant[179]  ; line 115
0817 LOAD_CONST           R86 constant[180]  ; line 115
0818 MOVE                 R87 <- R85  ; line 115
0819 MOVE                 R88 <- R86  ; line 115
0820 ARRAY_NEW            a=89 b=87 c=2 imm=4294967295  ; line 115
0821 RETURN               R89  ; line 115
0822 JUMP                 -> 823  ; line 115
0823 LOAD_CONST           R85 constant[181]  ; line 116
0824 COMPARE              a=79 b=85 c=86 imm=2  ; line 116
0825 JUMP_IF_FALSE        R86 -> 833  ; line 116
0826 LOAD_CONST           R85 constant[182]  ; line 116
0827 LOAD_CONST           R86 constant[183]  ; line 116
0828 MOVE                 R87 <- R85  ; line 116
0829 MOVE                 R88 <- R86  ; line 116
0830 ARRAY_NEW            a=89 b=87 c=2 imm=4294967295  ; line 116
0831 RETURN               R89  ; line 116
0832 JUMP                 -> 833  ; line 116
0833 LOAD_CONST           R85 constant[184]  ; line 117
0834 COMPARE              a=79 b=85 c=86 imm=4  ; line 117
0835 JUMP_IF_FALSE        R86 -> 843  ; line 117
0836 LOAD_CONST           R85 constant[185]  ; line 117
0837 LOAD_CONST           R86 constant[186]  ; line 117
0838 MOVE                 R87 <- R85  ; line 117
0839 MOVE                 R88 <- R86  ; line 117
0840 ARRAY_NEW            a=89 b=87 c=2 imm=4294967295  ; line 117
0841 RETURN               R89  ; line 117
0842 JUMP                 -> 843  ; line 117
0843 LOAD_CONST           R85 constant[187]  ; line 118
0844 COMPARE              a=84 b=85 c=86 imm=2  ; line 118
0845 JUMP_IF_FALSE        R86 -> 853  ; line 118
0846 LOAD_CONST           R85 constant[188]  ; line 118
0847 LOAD_CONST           R86 constant[189]  ; line 118
0848 MOVE                 R87 <- R85  ; line 118
0849 MOVE                 R88 <- R86  ; line 118
0850 ARRAY_NEW            a=89 b=87 c=2 imm=4294967295  ; line 118
0851 RETURN               R89  ; line 118
0852 JUMP                 -> 853  ; line 118
0853 LOAD_CONST           R85 constant[190]  ; line 119
0854 COMPARE              a=84 b=85 c=86 imm=4  ; line 119
0855 JUMP_IF_FALSE        R86 -> 863  ; line 119
0856 LOAD_CONST           R85 constant[191]  ; line 119
0857 LOAD_CONST           R86 constant[192]  ; line 119
0858 MOVE                 R87 <- R85  ; line 119
0859 MOVE                 R88 <- R86  ; line 119
0860 ARRAY_NEW            a=89 b=87 c=2 imm=4294967295  ; line 119
0861 RETURN               R89  ; line 119
0862 JUMP                 -> 863  ; line 119
0863 MOVE                 R85 <- R59  ; line 120
0864 MOVE                 R86 <- R64  ; line 120
0865 MOVE                 R87 <- R69  ; line 120
0866 CALL                 a=88 b=12 c=85 imm=3  ; line 120
0867 MOVE                 R89 <- R88  ; line 120
0868 LOAD_CONST           R90 constant[193]  ; line 121
0869 LOAD_CONST           R91 constant[194]  ; line 121
0870 BINARY               a=89 b=91 c=92 imm=2  ; line 121
0871 LOAD_CONST           R93 constant[195]  ; line 121
0872 BINARY               a=74 b=93 c=94 imm=2  ; line 121
0873 BINARY               a=92 b=94 c=95 imm=0  ; line 121
0874 LOAD_CONST           R96 constant[196]  ; line 121
0875 BINARY               a=79 b=96 c=97 imm=2  ; line 121
0876 BINARY               a=95 b=97 c=98 imm=0  ; line 121
0877 BINARY               a=98 b=84 c=99 imm=0  ; line 121
0878 MOVE                 R100 <- R90  ; line 121
0879 MOVE                 R101 <- R99  ; line 121
0880 ARRAY_NEW            a=102 b=100 c=2 imm=4294967295  ; line 121
0881 RETURN               R102  ; line 121
0882 LOAD_CONST           R103 constant[197]  ; line 121
0883 RETURN               R103  ; line 121
0884 LOAD_CONST           R1 constant[198]  ; line 6
0885 COMPARE              a=0 b=1 c=2 imm=2  ; line 6
0886 JUMP_IF_FALSE        R2 -> 890  ; line 6
0887 UNARY                a=0 b=1 c=4294967295 imm=0  ; line 6
0888 RETURN               R1  ; line 6
0889 JUMP                 -> 890  ; line 6
0890 RETURN               R0  ; line 7
0891 LOAD_CONST           R1 constant[199]  ; line 7
0892 RETURN               R1  ; line 7
0893 COMPARE              a=0 b=1 c=2 imm=2  ; line 11
0894 JUMP_IF_FALSE        R2 -> 897  ; line 11
0895 RETURN               R0  ; line 11
0896 JUMP                 -> 897  ; line 11
0897 RETURN               R1  ; line 12
0898 LOAD_CONST           R2 constant[200]  ; line 12
0899 RETURN               R2  ; line 12
0900 COMPARE              a=0 b=1 c=2 imm=4  ; line 16
0901 JUMP_IF_FALSE        R2 -> 904  ; line 16
0902 RETURN               R0  ; line 16
0903 JUMP                 -> 904  ; line 16
0904 RETURN               R1  ; line 17
0905 LOAD_CONST           R2 constant[201]  ; line 17
0906 RETURN               R2  ; line 17
0907 COMPARE              a=0 b=1 c=3 imm=2  ; line 21
0908 JUMP_IF_FALSE        R3 -> 911  ; line 21
0909 RETURN               R1  ; line 21
0910 JUMP                 -> 911  ; line 21
0911 COMPARE              a=0 b=2 c=3 imm=4  ; line 22
0912 JUMP_IF_FALSE        R3 -> 915  ; line 22
0913 RETURN               R2  ; line 22
0914 JUMP                 -> 915  ; line 22
0915 RETURN               R0  ; line 23
0916 LOAD_CONST           R3 constant[202]  ; line 23
0917 RETURN               R3  ; line 23
0918 UNARY                a=0 b=1 c=4294967295 imm=0  ; line 29
0919 MOVE                 R2 <- R1  ; line 29
0920 HOST_CALL            a=3 b=84 c=2 imm=1  ; line 29
0921 UNARY                a=3 b=4 c=4294967295 imm=0  ; line 29
0922 RETURN               R4  ; line 29
0923 LOAD_CONST           R5 constant[203]  ; line 29
0924 RETURN               R5  ; line 29
0925 BINARY               a=0 b=1 c=2 imm=3  ; line 36
0926 MOVE                 R3 <- R2  ; line 36
0927 HOST_CALL            a=4 b=84 c=3 imm=1  ; line 36
0928 RETURN               R4  ; line 36
0929 LOAD_CONST           R5 constant[204]  ; line 36
0930 RETURN               R5  ; line 36
0931 MOVE                 R2 <- R0  ; line 42
0932 MOVE                 R3 <- R1  ; line 42
0933 CALL                 a=4 b=20 c=2 imm=2  ; line 42
0934 BINARY               a=1 b=4 c=5 imm=2  ; line 42
0935 BINARY               a=0 b=5 c=6 imm=1  ; line 42
0936 RETURN               R6  ; line 42
0937 LOAD_CONST           R7 constant[205]  ; line 42
0938 RETURN               R7  ; line 42
0939 LOAD_CONST           R0 constant[206]  ; line 5
0940 RETURN               R0  ; line 5
0941 LOAD_CONST           R1 constant[207]  ; line 5
0942 RETURN               R1  ; line 5
0943 LOAD_CONST           R0 constant[208]  ; line 6
0944 RETURN               R0  ; line 6
0945 LOAD_CONST           R1 constant[209]  ; line 6
0946 RETURN               R1  ; line 6
0947 LOAD_CONST           R0 constant[210]  ; line 7
0948 RETURN               R0  ; line 7
0949 LOAD_CONST           R1 constant[211]  ; line 7
0950 RETURN               R1  ; line 7
0951 LOAD_CONST           R0 constant[212]  ; line 8
0952 RETURN               R0  ; line 8
0953 LOAD_CONST           R1 constant[213]  ; line 8
0954 RETURN               R1  ; line 8
0955 LOAD_CONST           R0 constant[214]  ; line 9
0956 RETURN               R0  ; line 9
0957 LOAD_CONST           R1 constant[215]  ; line 9
0958 RETURN               R1  ; line 9
0959 LOAD_CONST           R0 constant[216]  ; line 10
0960 RETURN               R0  ; line 10
0961 LOAD_CONST           R1 constant[217]  ; line 10
0962 RETURN               R1  ; line 10
0963 LOAD_CONST           R0 constant[218]  ; line 11
0964 RETURN               R0  ; line 11
0965 LOAD_CONST           R1 constant[219]  ; line 11
0966 RETURN               R1  ; line 11
0967 LOAD_CONST           R0 constant[220]  ; line 12
0968 RETURN               R0  ; line 12
0969 LOAD_CONST           R1 constant[221]  ; line 12
0970 RETURN               R1  ; line 12
0971 LOAD_CONST           R0 constant[222]  ; line 13
0972 RETURN               R0  ; line 13
0973 LOAD_CONST           R1 constant[223]  ; line 13
0974 RETURN               R1  ; line 13
0975 LOAD_CONST           R0 constant[224]  ; line 14
0976 RETURN               R0  ; line 14
0977 LOAD_CONST           R1 constant[225]  ; line 14
0978 RETURN               R1  ; line 14
0979 CALL                 a=1 b=24 c=1 imm=0  ; line 16
0980 RETURN               R1  ; line 16
0981 LOAD_CONST           R2 constant[226]  ; line 16
0982 RETURN               R2  ; line 16
0983 LOAD_CONST           R0 constant[227]  ; line 18
0984 RETURN               R0  ; line 18
0985 LOAD_CONST           R1 constant[228]  ; line 18
0986 RETURN               R1  ; line 18
0987 LOAD_CONST           R1 constant[229]  ; line 20
0988 COMPARE              a=0 b=1 c=2 imm=0  ; line 20
0989 JUMP_IF_FALSE        R2 -> 993  ; line 20
0990 LOAD_CONST           R1 constant[230]  ; line 20
0991 RETURN               R1  ; line 20
0992 JUMP                 -> 993  ; line 20
0993 LOAD_CONST           R1 constant[231]  ; line 21
0994 COMPARE              a=0 b=1 c=2 imm=0  ; line 21
0995 JUMP_IF_FALSE        R2 -> 999  ; line 21
0996 LOAD_CONST           R1 constant[232]  ; line 21
0997 RETURN               R1  ; line 21
0998 JUMP                 -> 999  ; line 21
0999 LOAD_CONST           R1 constant[233]  ; line 22
1000 COMPARE              a=0 b=1 c=2 imm=0  ; line 22
1001 JUMP_IF_FALSE        R2 -> 1005  ; line 22
1002 LOAD_CONST           R1 constant[234]  ; line 22
1003 RETURN               R1  ; line 22
1004 JUMP                 -> 1005  ; line 22
1005 LOAD_CONST           R1 constant[235]  ; line 23
1006 COMPARE              a=0 b=1 c=2 imm=0  ; line 23
1007 JUMP_IF_FALSE        R2 -> 1011  ; line 23
1008 LOAD_CONST           R1 constant[236]  ; line 23
1009 RETURN               R1  ; line 23
1010 JUMP                 -> 1011  ; line 23
1011 LOAD_CONST           R1 constant[237]  ; line 24
1012 COMPARE              a=0 b=1 c=2 imm=0  ; line 24
1013 JUMP_IF_FALSE        R2 -> 1017  ; line 24
1014 LOAD_CONST           R1 constant[238]  ; line 24
1015 RETURN               R1  ; line 24
1016 JUMP                 -> 1017  ; line 24
1017 LOAD_CONST           R1 constant[239]  ; line 25
1018 LOAD_CONST           R2 constant[240]  ; line 25
1019 MOVE                 R3 <- R1  ; line 25
1020 MOVE                 R4 <- R2  ; line 25
1021 HOST_CALL            a=5 b=5 c=3 imm=2  ; line 25
1022 LOAD_CONST           R1 constant[241]  ; line 25
1023 RETURN               R1  ; line 25
1024 LOAD_CONST           R2 constant[242]  ; line 25
1025 RETURN               R2  ; line 25
1026 CALL                 a=1 b=33 c=1 imm=0  ; line 27
1027 MOVE                 R2 <- R1  ; line 27
1028 CALL                 a=3 b=36 c=2 imm=1  ; line 27
1029 MOVE                 R4 <- R0  ; line 27
1030 MOVE                 R5 <- R3  ; line 27
1031 CALL                 a=6 b=20 c=4 imm=2  ; line 27
1032 RETURN               R6  ; line 27
1033 LOAD_CONST           R7 constant[243]  ; line 27
1034 RETURN               R7  ; line 27
1035 LOAD_CONST           R1 constant[244]  ; line 30
1036 LOAD_CONST           R2 constant[245]  ; line 30
1037 LOAD_CONST           R3 constant[246]  ; line 30
1038 LOAD_CONST           R4 constant[247]  ; line 30
1039 LOAD_CONST           R5 constant[248]  ; line 30
1040 LOAD_CONST           R6 constant[249]  ; line 30
1041 LOAD_CONST           R7 constant[250]  ; line 30
1042 LOAD_CONST           R8 constant[251]  ; line 30
1043 LOAD_CONST           R9 constant[252]  ; line 30
1044 LOAD_CONST           R10 constant[253]  ; line 30
1045 LOAD_CONST           R11 constant[254]  ; line 30
1046 MOVE                 R12 <- R1  ; line 30
1047 MOVE                 R13 <- R2  ; line 30
1048 MOVE                 R14 <- R3  ; line 30
1049 MOVE                 R15 <- R4  ; line 30
1050 MOVE                 R16 <- R5  ; line 30
1051 MOVE                 R17 <- R6  ; line 30
1052 MOVE                 R18 <- R7  ; line 30
1053 MOVE                 R19 <- R8  ; line 30
1054 MOVE                 R20 <- R9  ; line 30
1055 MOVE                 R21 <- R10  ; line 30
1056 MOVE                 R22 <- R11  ; line 30
1057 ARRAY_NEW            a=23 b=12 c=11 imm=4294967295  ; line 30
1058 MOVE                 R24 <- R23  ; line 30
1059 MOVE                 R25 <- R24  ; line 31
1060 MOVE                 R26 <- R0  ; line 31
1061 HOST_CALL            a=27 b=11 c=25 imm=2  ; line 31
1062 RETURN               R27  ; line 31
1063 LOAD_CONST           R28 constant[255]  ; line 31
1064 RETURN               R28  ; line 31
1065 LOAD_CONST           R2 constant[256]  ; line 34
1066 MOVE                 R3 <- R0  ; line 34
1067 MOVE                 R4 <- R2  ; line 34
1068 HOST_CALL            a=5 b=20 c=3 imm=2  ; line 34
1069 MOVE                 R6 <- R5  ; line 34
1070 MOVE                 R7 <- R1  ; line 34
1071 HOST_CALL            a=8 b=20 c=6 imm=2  ; line 34
1072 RETURN               R8  ; line 34
1073 LOAD_CONST           R9 constant[257]  ; line 34
1074 RETURN               R9  ; line 34
1075 MOVE                 R1 <- R0  ; line 35
1076 HOST_CALL            a=2 b=21 c=1 imm=1  ; line 35
1077 RETURN               R2  ; line 35
1078 LOAD_CONST           R3 constant[258]  ; line 35
1079 RETURN               R3  ; line 35
1080 LOAD_CONST           R2 constant[259]  ; line 36
1081 MOVE                 R3 <- R0  ; line 36
1082 MOVE                 R4 <- R2  ; line 36
1083 CALL                 a=5 b=37 c=3 imm=2  ; line 36
1084 MOVE                 R6 <- R1  ; line 36
1085 CALL                 a=7 b=38 c=6 imm=1  ; line 36
1086 MOVE                 R8 <- R5  ; line 36
1087 MOVE                 R9 <- R7  ; line 36
1088 CALL                 a=10 b=37 c=8 imm=2  ; line 36
1089 RETURN               R10  ; line 36
1090 LOAD_CONST           R11 constant[260]  ; line 36
1091 RETURN               R11  ; line 36
1092 LOAD_CONST           R3 constant[261]  ; line 37
1093 MOVE                 R4 <- R0  ; line 37
1094 MOVE                 R5 <- R3  ; line 37
1095 CALL                 a=6 b=37 c=4 imm=2  ; line 37
1096 MOVE                 R7 <- R1  ; line 37
1097 CALL                 a=8 b=38 c=7 imm=1  ; line 37
1098 MOVE                 R9 <- R6  ; line 37
1099 MOVE                 R10 <- R8  ; line 37
1100 CALL                 a=11 b=37 c=9 imm=2  ; line 37
1101 MOVE                 R12 <- R11  ; line 37
1102 MOVE                 R13 <- R2  ; line 37
1103 CALL                 a=14 b=37 c=12 imm=2  ; line 37
1104 RETURN               R14  ; line 37
1105 LOAD_CONST           R15 constant[262]  ; line 37
1106 RETURN               R15  ; line 37
1107 LOAD_CONST           R2 constant[263]  ; line 38
1108 MOVE                 R3 <- R0  ; line 38
1109 MOVE                 R4 <- R2  ; line 38
1110 CALL                 a=5 b=37 c=3 imm=2  ; line 38
1111 MOVE                 R6 <- R1  ; line 38
1112 CALL                 a=7 b=38 c=6 imm=1  ; line 38
1113 MOVE                 R8 <- R5  ; line 38
1114 MOVE                 R9 <- R7  ; line 38
1115 CALL                 a=10 b=37 c=8 imm=2  ; line 38
1116 RETURN               R10  ; line 38
1117 LOAD_CONST           R11 constant[264]  ; line 38
1118 RETURN               R11  ; line 38
1119 MOVE                 R2 <- R0  ; line 39
1120 MOVE                 R3 <- R1  ; line 39
1121 CALL                 a=4 b=39 c=2 imm=2  ; line 39
1122 LOAD_CONST           R5 constant[265]  ; line 39
1123 MOVE                 R6 <- R4  ; line 39
1124 MOVE                 R7 <- R5  ; line 39
1125 CALL                 a=8 b=37 c=6 imm=2  ; line 39
1126 RETURN               R8  ; line 39
1127 LOAD_CONST           R9 constant[266]  ; line 39
1128 RETURN               R9  ; line 39
1129 MOVE                 R2 <- R0  ; line 40
1130 MOVE                 R3 <- R1  ; line 40
1131 CALL                 a=4 b=39 c=2 imm=2  ; line 40
1132 LOAD_CONST           R5 constant[267]  ; line 40
1133 MOVE                 R6 <- R4  ; line 40
1134 MOVE                 R7 <- R5  ; line 40
1135 CALL                 a=8 b=37 c=6 imm=2  ; line 40
1136 RETURN               R8  ; line 40
1137 LOAD_CONST           R9 constant[268]  ; line 40
1138 RETURN               R9  ; line 40
1139 MOVE                 R2 <- R0  ; line 41
1140 MOVE                 R3 <- R1  ; line 41
1141 CALL                 a=4 b=39 c=2 imm=2  ; line 41
1142 LOAD_CONST           R5 constant[269]  ; line 41
1143 MOVE                 R6 <- R4  ; line 41
1144 MOVE                 R7 <- R5  ; line 41
1145 CALL                 a=8 b=37 c=6 imm=2  ; line 41
1146 RETURN               R8  ; line 41
1147 LOAD_CONST           R9 constant[270]  ; line 41
1148 RETURN               R9  ; line 41
1149 MOVE                 R3 <- R0  ; line 42
1150 MOVE                 R4 <- R1  ; line 42
1151 CALL                 a=5 b=39 c=3 imm=2  ; line 42
1152 LOAD_CONST           R6 constant[271]  ; line 42
1153 MOVE                 R7 <- R2  ; line 42
1154 HOST_CALL            a=8 b=21 c=7 imm=1  ; line 42
1155 LOAD_CONST           R9 constant[272]  ; line 42
1156 MOVE                 R10 <- R8  ; line 42
1157 MOVE                 R11 <- R9  ; line 42
1158 HOST_CALL            a=12 b=20 c=10 imm=2  ; line 42
1159 MOVE                 R13 <- R6  ; line 42
1160 MOVE                 R14 <- R12  ; line 42
1161 HOST_CALL            a=15 b=20 c=13 imm=2  ; line 42
1162 MOVE                 R16 <- R5  ; line 42
1163 MOVE                 R17 <- R15  ; line 42
1164 CALL                 a=18 b=37 c=16 imm=2  ; line 42
1165 RETURN               R18  ; line 42
1166 LOAD_CONST           R19 constant[273]  ; line 42
1167 RETURN               R19  ; line 42
1168 MOVE                 R3 <- R0  ; line 43
1169 MOVE                 R4 <- R1  ; line 43
1170 CALL                 a=5 b=39 c=3 imm=2  ; line 43
1171 LOAD_CONST           R6 constant[274]  ; line 43
1172 MOVE                 R7 <- R2  ; line 43
1173 HOST_CALL            a=8 b=21 c=7 imm=1  ; line 43
1174 LOAD_CONST           R9 constant[275]  ; line 43
1175 MOVE                 R10 <- R8  ; line 43
1176 MOVE                 R11 <- R9  ; line 43
1177 HOST_CALL            a=12 b=20 c=10 imm=2  ; line 43
1178 MOVE                 R13 <- R6  ; line 43
1179 MOVE                 R14 <- R12  ; line 43
1180 HOST_CALL            a=15 b=20 c=13 imm=2  ; line 43
1181 MOVE                 R16 <- R5  ; line 43
1182 MOVE                 R17 <- R15  ; line 43
1183 CALL                 a=18 b=37 c=16 imm=2  ; line 43
1184 RETURN               R18  ; line 43
1185 LOAD_CONST           R19 constant[276]  ; line 43
1186 RETURN               R19  ; line 43
1187 MOVE                 R3 <- R0  ; line 44
1188 MOVE                 R4 <- R1  ; line 44
1189 CALL                 a=5 b=39 c=3 imm=2  ; line 44
1190 LOAD_CONST           R6 constant[277]  ; line 44
1191 MOVE                 R7 <- R2  ; line 44
1192 HOST_CALL            a=8 b=21 c=7 imm=1  ; line 44
1193 LOAD_CONST           R9 constant[278]  ; line 44
1194 MOVE                 R10 <- R8  ; line 44
1195 MOVE                 R11 <- R9  ; line 44
1196 HOST_CALL            a=12 b=20 c=10 imm=2  ; line 44
1197 MOVE                 R13 <- R6  ; line 44
1198 MOVE                 R14 <- R12  ; line 44
1199 HOST_CALL            a=15 b=20 c=13 imm=2  ; line 44
1200 MOVE                 R16 <- R5  ; line 44
1201 MOVE                 R17 <- R15  ; line 44
1202 CALL                 a=18 b=37 c=16 imm=2  ; line 44
1203 RETURN               R18  ; line 44
1204 LOAD_CONST           R19 constant[279]  ; line 44
1205 RETURN               R19  ; line 44
1206 LOAD_CONST           R2 constant[280]  ; line 47
1207 BINARY               a=0 b=2 c=3 imm=0  ; line 47
1208 MOVE                 R4 <- R3  ; line 47
1209 LOAD_CONST           R5 constant[281]  ; line 48
1210 BINARY               a=1 b=5 c=6 imm=0  ; line 48
1211 MOVE                 R7 <- R6  ; line 48
1212 CALL                 a=8 b=30 c=8 imm=0  ; line 49
1213 BINARY               a=4 b=4 c=9 imm=2  ; line 49
1214 LOAD_CONST           R10 constant[282]  ; line 49
1215 BINARY               a=9 b=10 c=11 imm=2  ; line 49
1216 BINARY               a=8 b=11 c=12 imm=0  ; line 49
1217 LOAD_CONST           R13 constant[283]  ; line 49
1218 BINARY               a=4 b=13 c=14 imm=2  ; line 49
1219 BINARY               a=12 b=14 c=15 imm=0  ; line 49
1220 LOAD_CONST           R16 constant[284]  ; line 49
1221 BINARY               a=7 b=16 c=17 imm=2  ; line 49
1222 BINARY               a=15 b=17 c=18 imm=0  ; line 49
1223 BINARY               a=4 b=7 c=19 imm=2  ; line 49
1224 LOAD_CONST           R20 constant[285]  ; line 49
1225 BINARY               a=19 b=20 c=21 imm=2  ; line 49
1226 BINARY               a=18 b=21 c=22 imm=0  ; line 49
1227 MOVE                 R23 <- R22  ; line 49
1228 LOAD_CONST           R24 constant[286]  ; line 50
1229 MOVE                 R25 <- R23  ; line 50
1230 MOVE                 R26 <- R24  ; line 50
1231 CALL                 a=27 b=21 c=25 imm=2  ; line 50
1232 MOVE                 R23 <- R27  ; line 50
1233 LOAD_CONST           R24 constant[287]  ; line 51
1234 BINARY               a=23 b=24 c=25 imm=3  ; line 51
1235 LOAD_CONST           R26 constant[288]  ; line 51
1236 BINARY               a=25 b=26 c=27 imm=2  ; line 51
1237 LOAD_CONST           R28 constant[289]  ; line 51
1238 BINARY               a=27 b=28 c=29 imm=1  ; line 51
1239 RETURN               R29  ; line 51
1240 LOAD_CONST           R30 constant[290]  ; line 51
1241 RETURN               R30  ; line 51
1242 MOVE                 R2 <- R1  ; line 55
1243 CALL                 a=3 b=36 c=2 imm=1  ; line 55
1244 MOVE                 R4 <- R0  ; line 55
1245 MOVE                 R5 <- R3  ; line 55
1246 CALL                 a=6 b=20 c=4 imm=2  ; line 55
1247 LOAD_CONST           R7 constant[291]  ; line 55
1248 MOVE                 R8 <- R6  ; line 55
1249 MOVE                 R9 <- R7  ; line 55
1250 CALL                 a=10 b=21 c=8 imm=2  ; line 55
1251 MOVE                 R11 <- R10  ; line 55
1252 LOAD_CONST           R12 constant[292]  ; line 56
1253 COMPARE              a=11 b=12 c=13 imm=0  ; line 56
1254 JUMP_IF_FALSE        R13 -> 1259  ; line 56
1255 LOAD_CONST           R12 constant[293]  ; line 56
1256 UNARY                a=12 b=13 c=4294967295 imm=0  ; line 56
1257 RETURN               R13  ; line 56
1258 JUMP                 -> 1259  ; line 56
1259 LOAD_CONST           R12 constant[294]  ; line 57
1260 RETURN               R12  ; line 57
1261 LOAD_CONST           R13 constant[295]  ; line 57
1262 RETURN               R13  ; line 57
1263 MOVE                 R2 <- R0  ; line 61
1264 MOVE                 R3 <- R1  ; line 61
1265 CALL                 a=4 b=21 c=2 imm=2  ; line 61
1266 MOVE                 R5 <- R4  ; line 61
1267 LOAD_CONST           R6 constant[296]  ; line 62
1268 MOVE                 R7 <- R6  ; line 62
1269 HOST_CALL            a=8 b=22 c=7 imm=1  ; line 62
1270 MOVE                 R9 <- R8  ; line 62
1271 LOAD_CONST           R10 constant[297]  ; line 63
1272 MOVE                 R11 <- R10  ; line 63
1273 CALL                 a=12 b=24 c=12 imm=0  ; line 64
1274 COMPARE              a=11 b=12 c=13 imm=2  ; line 64
1275 JUMP_IF_FALSE        R13 -> 1286  ; line 64
1276 MOVE                 R12 <- R5  ; line 64
1277 MOVE                 R13 <- R11  ; line 64
1278 CALL                 a=14 b=49 c=12 imm=2  ; line 64
1279 MOVE                 R15 <- R9  ; line 64
1280 MOVE                 R16 <- R14  ; line 64
1281 HOST_CALL            a=17 b=23 c=15 imm=2  ; line 64
1282 LOAD_CONST           R12 constant[298]  ; line 64
1283 BINARY               a=11 b=12 c=13 imm=0  ; line 64
1284 MOVE                 R11 <- R13  ; line 64
1285 JUMP                 -> 1273  ; line 64
1286 LOAD_CONST           R12 constant[299]  ; line 65
1287 MOVE                 R13 <- R12  ; line 65
1288 HOST_CALL            a=14 b=22 c=13 imm=1  ; line 65
1289 MOVE                 R15 <- R14  ; line 65
1290 MOVE                 R16 <- R0  ; line 66
1291 MOVE                 R17 <- R1  ; line 66
1292 CALL                 a=18 b=20 c=16 imm=2  ; line 66
1293 MOVE                 R19 <- R18  ; line 66
1294 LOAD_CONST           R20 constant[300]  ; line 67
1295 BINARY               a=19 b=20 c=21 imm=2  ; line 67
1296 BINARY               a=21 b=5 c=22 imm=0  ; line 67
1297 MOVE                 R23 <- R22  ; line 67
1298 LOAD_CONST           R24 constant[301]  ; line 68
1299 MOVE                 R25 <- R24  ; line 68
1300 CALL                 a=26 b=25 c=26 imm=0  ; line 69
1301 COMPARE              a=25 b=26 c=27 imm=2  ; line 69
1302 JUMP_IF_FALSE        R27 -> 1317  ; line 69
1303 MOVE                 R26 <- R23  ; line 70
1304 MOVE                 R27 <- R25  ; line 70
1305 CALL                 a=28 b=48 c=26 imm=2  ; line 70
1306 MOVE                 R29 <- R28  ; line 70
1307 MOVE                 R30 <- R15  ; line 71
1308 MOVE                 R31 <- R29  ; line 71
1309 HOST_CALL            a=32 b=23 c=30 imm=2  ; line 71
1310 MOVE                 R30 <- R9  ; line 71
1311 MOVE                 R31 <- R29  ; line 71
1312 HOST_CALL            a=32 b=23 c=30 imm=2  ; line 71
1313 LOAD_CONST           R30 constant[302]  ; line 71
1314 BINARY               a=25 b=30 c=31 imm=0  ; line 71
1315 MOVE                 R25 <- R31  ; line 71
1316 JUMP                 -> 1300  ; line 71
1317 LOAD_CONST           R30 constant[303]  ; line 73
1318 UNARY                a=30 b=31 c=4294967295 imm=0  ; line 73
1319 LOAD_CONST           R32 constant[304]  ; line 73
1320 BINARY               a=32 b=5 c=33 imm=2  ; line 73
1321 LOAD_CONST           R34 constant[305]  ; line 73
1322 BINARY               a=1 b=34 c=35 imm=1  ; line 73
1323 BINARY               a=33 b=35 c=36 imm=3  ; line 73
1324 BINARY               a=31 b=36 c=37 imm=0  ; line 73
1325 MOVE                 R38 <- R37  ; line 73
1326 LOAD_CONST           R39 constant[306]  ; line 74
1327 MOVE                 R40 <- R15  ; line 74
1328 MOVE                 R41 <- R39  ; line 74
1329 HOST_CALL            a=42 b=11 c=40 imm=2  ; line 74
1330 BINARY               a=42 b=38 c=43 imm=1  ; line 74
1331 MOVE                 R44 <- R43  ; line 74
1332 LOAD_CONST           R45 constant[307]  ; line 75
1333 MOVE                 R46 <- R45  ; line 75
1334 LOAD_CONST           R47 constant[308]  ; line 76
1335 COMPARE              a=44 b=47 c=48 imm=5  ; line 76
1336 JUMP_IF_FALSE        R48 -> 1340  ; line 76
1337 LOAD_CONST           R47 constant[309]  ; line 76
1338 MOVE                 R46 <- R47  ; line 76
1339 JUMP                 -> 1340  ; line 76
1340 LOAD_CONST           R47 constant[310]  ; line 77
1341 LOAD_CONST           R48 constant[311]  ; line 77
1342 LOAD_CONST           R49 constant[312]  ; line 77
1343 MOVE                 R50 <- R47  ; line 77
1344 MOVE                 R51 <- R9  ; line 77
1345 MOVE                 R52 <- R48  ; line 77
1346 MOVE                 R53 <- R46  ; line 77
1347 MOVE                 R54 <- R49  ; line 77
1348 MOVE                 R55 <- R5  ; line 77
1349 HOST_CALL            a=56 b=6 c=50 imm=6  ; line 77
1350 RETURN               R56  ; line 77
1351 LOAD_CONST           R57 constant[313]  ; line 77
1352 RETURN               R57  ; line 77
1353 LOAD_CONST           R1 constant[314]  ; line 80
1354 MOVE                 R2 <- R0  ; line 80
1355 MOVE                 R3 <- R1  ; line 80
1356 CALL                 a=4 b=50 c=2 imm=2  ; line 80
1357 RETURN               R4  ; line 80
1358 LOAD_CONST           R5 constant[315]  ; line 80
1359 RETURN               R5  ; line 80
1360 LOAD_CONST           R1 constant[316]  ; line 81
1361 MOVE                 R2 <- R0  ; line 81
1362 MOVE                 R3 <- R1  ; line 81
1363 CALL                 a=4 b=50 c=2 imm=2  ; line 81
1364 RETURN               R4  ; line 81
1365 LOAD_CONST           R5 constant[317]  ; line 81
1366 RETURN               R5  ; line 81
1367 LOAD_CONST           R1 constant[318]  ; line 82
1368 MOVE                 R2 <- R0  ; line 82
1369 MOVE                 R3 <- R1  ; line 82
1370 CALL                 a=4 b=50 c=2 imm=2  ; line 82
1371 RETURN               R4  ; line 82
1372 LOAD_CONST           R5 constant[319]  ; line 82
1373 RETURN               R5  ; line 82
1374 LOAD_CONST           R1 constant[320]  ; line 83
1375 MOVE                 R2 <- R0  ; line 83
1376 MOVE                 R3 <- R1  ; line 83
1377 CALL                 a=4 b=50 c=2 imm=2  ; line 83
1378 RETURN               R4  ; line 83
1379 LOAD_CONST           R5 constant[321]  ; line 83
1380 RETURN               R5  ; line 83
1381 LOAD_CONST           R1 constant[322]  ; line 84
1382 MOVE                 R2 <- R0  ; line 84
1383 MOVE                 R3 <- R1  ; line 84
1384 CALL                 a=4 b=50 c=2 imm=2  ; line 84
1385 RETURN               R4  ; line 84
1386 LOAD_CONST           R5 constant[323]  ; line 84
1387 RETURN               R5  ; line 84
1388 LOAD_CONST           R1 constant[324]  ; line 87
1389 COMPARE              a=0 b=1 c=2 imm=0  ; line 87
1390 JUMP_IF_FALSE        R2 -> 1395  ; line 87
1391 CALL                 a=1 b=22 c=1 imm=0  ; line 87
1392 LAZY                 R2 <- lazy(function[51], bound=R1)  ; line 87
1393 RETURN               R2  ; line 87
1394 JUMP                 -> 1395  ; line 87
1395 LOAD_CONST           R1 constant[325]  ; line 88
1396 COMPARE              a=0 b=1 c=2 imm=0  ; line 88
1397 JUMP_IF_FALSE        R2 -> 1402  ; line 88
1398 CALL                 a=1 b=22 c=1 imm=0  ; line 88
1399 LAZY                 R2 <- lazy(function[52], bound=R1)  ; line 88
1400 RETURN               R2  ; line 88
1401 JUMP                 -> 1402  ; line 88
1402 LOAD_CONST           R1 constant[326]  ; line 89
1403 COMPARE              a=0 b=1 c=2 imm=0  ; line 89
1404 JUMP_IF_FALSE        R2 -> 1409  ; line 89
1405 CALL                 a=1 b=22 c=1 imm=0  ; line 89
1406 LAZY                 R2 <- lazy(function[53], bound=R1)  ; line 89
1407 RETURN               R2  ; line 89
1408 JUMP                 -> 1409  ; line 89
1409 LOAD_CONST           R1 constant[327]  ; line 90
1410 COMPARE              a=0 b=1 c=2 imm=0  ; line 90
1411 JUMP_IF_FALSE        R2 -> 1416  ; line 90
1412 CALL                 a=1 b=22 c=1 imm=0  ; line 90
1413 LAZY                 R2 <- lazy(function[54], bound=R1)  ; line 90
1414 RETURN               R2  ; line 90
1415 JUMP                 -> 1416  ; line 90
1416 LOAD_CONST           R1 constant[328]  ; line 91
1417 COMPARE              a=0 b=1 c=2 imm=0  ; line 91
1418 JUMP_IF_FALSE        R2 -> 1423  ; line 91
1419 CALL                 a=1 b=22 c=1 imm=0  ; line 91
1420 LAZY                 R2 <- lazy(function[55], bound=R1)  ; line 91
1421 RETURN               R2  ; line 91
1422 JUMP                 -> 1423  ; line 91
1423 LOAD_CONST           R1 constant[329]  ; line 92
1424 LOAD_CONST           R2 constant[330]  ; line 92
1425 MOVE                 R3 <- R1  ; line 92
1426 MOVE                 R4 <- R2  ; line 92
1427 HOST_CALL            a=5 b=5 c=3 imm=2  ; line 92
1428 LOAD_CONST           R1 constant[331]  ; line 92
1429 RETURN               R1  ; line 92
1430 LOAD_CONST           R2 constant[332]  ; line 92
1431 RETURN               R2  ; line 92
1432 CALL                 a=1 b=26 c=1 imm=0  ; line 95
1433 BINARY               a=1 b=0 c=2 imm=2  ; line 95
1434 RETURN               R2  ; line 95
1435 LOAD_CONST           R3 constant[333]  ; line 95
1436 RETURN               R3  ; line 95
1437 MOVE                 R1 <- R0  ; line 96
1438 CALL                 a=2 b=57 c=1 imm=1  ; line 96
1439 RETURN               R2  ; line 96
1440 LOAD_CONST           R3 constant[334]  ; line 96
1441 RETURN               R3  ; line 96
1442 CALL                 a=1 b=27 c=1 imm=0  ; line 97
1443 BINARY               a=1 b=0 c=2 imm=2  ; line 97
1444 RETURN               R2  ; line 97
1445 LOAD_CONST           R3 constant[335]  ; line 97
1446 RETURN               R3  ; line 97
1447 MOVE                 R1 <- R0  ; line 98
1448 CALL                 a=2 b=57 c=1 imm=1  ; line 98
1449 MOVE                 R3 <- R0  ; line 98
1450 CALL                 a=4 b=59 c=3 imm=1  ; line 98
1451 BINARY               a=2 b=4 c=5 imm=0  ; line 98
1452 RETURN               R5  ; line 98
1453 LOAD_CONST           R6 constant[336]  ; line 98
1454 RETURN               R6  ; line 98
1455 MOVE                 R3 <- R0  ; line 101
1456 CALL                 a=4 b=56 c=3 imm=1  ; line 101
1457 MOVE                 R5 <- R4  ; line 101
1458 LOAD_CONST           R6 constant[337]  ; line 102
1459 MOVE                 R7 <- R6  ; line 102
1460 HOST_CALL            a=8 b=22 c=7 imm=1  ; line 102
1461 MOVE                 R9 <- R8  ; line 102
1462 LOAD_CONST           R10 constant[338]  ; line 102
1463 MOVE                 R11 <- R10  ; line 102
1464 HOST_CALL            a=12 b=22 c=11 imm=1  ; line 102
1465 MOVE                 R13 <- R12  ; line 102
1466 LOAD_CONST           R14 constant[339]  ; line 102
1467 MOVE                 R15 <- R14  ; line 102
1468 HOST_CALL            a=16 b=22 c=15 imm=1  ; line 102
1469 MOVE                 R17 <- R16  ; line 102
1470 LOAD_CONST           R18 constant[340]  ; line 103
1471 MOVE                 R19 <- R18  ; line 103
1472 COMPARE              a=19 b=2 c=20 imm=2  ; line 104
1473 JUMP_IF_FALSE        R20 -> 1502  ; line 104
1474 BINARY               a=1 b=19 c=20 imm=0  ; line 105
1475 FORCE                R21 <- force(R5, index=R20)  ; line 105
1476 MOVE                 R22 <- R21  ; line 105
1477 LOAD_CONST           R23 constant[341]  ; line 106
1478 MOVE                 R24 <- R22  ; line 106
1479 MOVE                 R25 <- R23  ; line 106
1480 HOST_CALL            a=26 b=11 c=24 imm=2  ; line 106
1481 MOVE                 R27 <- R9  ; line 106
1482 MOVE                 R28 <- R26  ; line 106
1483 HOST_CALL            a=29 b=23 c=27 imm=2  ; line 106
1484 LOAD_CONST           R23 constant[342]  ; line 106
1485 MOVE                 R24 <- R22  ; line 106
1486 MOVE                 R25 <- R23  ; line 106
1487 HOST_CALL            a=26 b=11 c=24 imm=2  ; line 106
1488 MOVE                 R27 <- R13  ; line 106
1489 MOVE                 R28 <- R26  ; line 106
1490 HOST_CALL            a=29 b=23 c=27 imm=2  ; line 106
1491 LOAD_CONST           R23 constant[343]  ; line 106
1492 MOVE                 R24 <- R22  ; line 106
1493 MOVE                 R25 <- R23  ; line 106
1494 HOST_CALL            a=26 b=11 c=24 imm=2  ; line 106
1495 MOVE                 R27 <- R17  ; line 106
1496 MOVE                 R28 <- R26  ; line 106
1497 HOST_CALL            a=29 b=23 c=27 imm=2  ; line 106
1498 LOAD_CONST           R23 constant[344]  ; line 107
1499 BINARY               a=19 b=23 c=24 imm=0  ; line 107
1500 MOVE                 R19 <- R24  ; line 107
1501 JUMP                 -> 1472  ; line 107
1502 LOAD_CONST           R23 constant[345]  ; line 109
1503 MOVE                 R24 <- R9  ; line 109
1504 HOST_CALL            a=25 b=72 c=24 imm=1  ; line 109
1505 LOAD_CONST           R26 constant[346]  ; line 109
1506 MOVE                 R27 <- R13  ; line 109
1507 HOST_CALL            a=28 b=72 c=27 imm=1  ; line 109
1508 LOAD_CONST           R29 constant[347]  ; line 109
1509 MOVE                 R30 <- R23  ; line 109
1510 MOVE                 R31 <- R25  ; line 109
1511 MOVE                 R32 <- R26  ; line 109
1512 MOVE                 R33 <- R28  ; line 109
1513 MOVE                 R34 <- R29  ; line 109
1514 MOVE                 R35 <- R17  ; line 109
1515 HOST_CALL            a=36 b=6 c=30 imm=6  ; line 109
1516 RETURN               R36  ; line 109
1517 LOAD_CONST           R37 constant[348]  ; line 109
1518 RETURN               R37  ; line 109
1519 LOAD_CONST           R1 constant[349]  ; line 112
1520 MOVE                 R2 <- R0  ; line 112
1521 CALL                 a=3 b=57 c=2 imm=1  ; line 112
1522 MOVE                 R4 <- R0  ; line 112
1523 MOVE                 R5 <- R1  ; line 112
1524 MOVE                 R6 <- R3  ; line 112
1525 CALL                 a=7 b=61 c=4 imm=3  ; line 112
1526 RETURN               R7  ; line 112
1527 LOAD_CONST           R8 constant[350]  ; line 112
1528 RETURN               R8  ; line 112
1529 MOVE                 R1 <- R0  ; line 113
1530 CALL                 a=2 b=58 c=1 imm=1  ; line 113
1531 MOVE                 R3 <- R0  ; line 113
1532 CALL                 a=4 b=59 c=3 imm=1  ; line 113
1533 MOVE                 R5 <- R0  ; line 113
1534 MOVE                 R6 <- R2  ; line 113
1535 MOVE                 R7 <- R4  ; line 113
1536 CALL                 a=8 b=61 c=5 imm=3  ; line 113
1537 RETURN               R8  ; line 113
1538 LOAD_CONST           R9 constant[351]  ; line 113
1539 RETURN               R9  ; line 113
1540 MOVE                 R3 <- R0  ; line 114
1541 CALL                 a=4 b=60 c=3 imm=1  ; line 114
1542 BINARY               a=4 b=1 c=5 imm=0  ; line 114
1543 MOVE                 R6 <- R0  ; line 114
1544 MOVE                 R7 <- R5  ; line 114
1545 MOVE                 R8 <- R2  ; line 114
1546 CALL                 a=9 b=61 c=6 imm=3  ; line 114
1547 RETURN               R9  ; line 114
1548 LOAD_CONST           R10 constant[352]  ; line 114
1549 RETURN               R10  ; line 114
1550 LOAD_CONST           R2 constant[353]  ; line 117
1551 MOVE                 R3 <- R2  ; line 117
1552 HOST_CALL            a=4 b=22 c=3 imm=1  ; line 117
1553 MOVE                 R5 <- R4  ; line 117
1554 LOAD_CONST           R6 constant[354]  ; line 117
1555 MOVE                 R7 <- R6  ; line 117
1556 MOVE                 R8 <- R0  ; line 118
1557 HOST_CALL            a=9 b=61 c=8 imm=1  ; line 118
1558 LOAD_CONST           R10 constant[355]  ; line 118
1559 MOVE                 R11 <- R9  ; line 118
1560 MOVE                 R12 <- R10  ; line 118
1561 HOST_CALL            a=13 b=11 c=11 imm=2  ; line 118
1562 COMPARE              a=7 b=13 c=14 imm=2  ; line 118
1563 JUMP_IF_FALSE        R14 -> 1577  ; line 118
1564 MOVE                 R8 <- R1  ; line 118
1565 MOVE                 R9 <- R7  ; line 118
1566 ARRAY_NEW            a=10 b=8 c=2 imm=4294967295  ; line 118
1567 MOVE                 R11 <- R0  ; line 118
1568 MOVE                 R12 <- R10  ; line 118
1569 HOST_CALL            a=13 b=11 c=11 imm=2  ; line 118
1570 MOVE                 R14 <- R5  ; line 118
1571 MOVE                 R15 <- R13  ; line 118
1572 HOST_CALL            a=16 b=23 c=14 imm=2  ; line 118
1573 LOAD_CONST           R8 constant[356]  ; line 118
1574 BINARY               a=7 b=8 c=9 imm=0  ; line 118
1575 MOVE                 R7 <- R9  ; line 118
1576 JUMP                 -> 1556  ; line 118
1577 RETURN               R5  ; line 119
1578 LOAD_CONST           R8 constant[357]  ; line 119
1579 RETURN               R8  ; line 119
1580 LOAD_CONST           R2 constant[358]  ; line 123
1581 MOVE                 R3 <- R2  ; line 123
1582 HOST_CALL            a=4 b=22 c=3 imm=1  ; line 123
1583 MOVE                 R5 <- R4  ; line 123
1584 LOAD_CONST           R6 constant[359]  ; line 123
1585 MOVE                 R7 <- R6  ; line 123
1586 CALL                 a=8 b=25 c=8 imm=0  ; line 124
1587 COMPARE              a=7 b=8 c=9 imm=2  ; line 124
1588 JUMP_IF_FALSE        R9 -> 1604  ; line 124
1589 CALL                 a=8 b=24 c=8 imm=0  ; line 124
1590 BINARY               a=8 b=7 c=9 imm=0  ; line 124
1591 MOVE                 R10 <- R1  ; line 124
1592 MOVE                 R11 <- R9  ; line 124
1593 ARRAY_NEW            a=12 b=10 c=2 imm=4294967295  ; line 124
1594 MOVE                 R13 <- R0  ; line 124
1595 MOVE                 R14 <- R12  ; line 124
1596 HOST_CALL            a=15 b=11 c=13 imm=2  ; line 124
1597 MOVE                 R16 <- R5  ; line 124
1598 MOVE                 R17 <- R15  ; line 124
1599 HOST_CALL            a=18 b=23 c=16 imm=2  ; line 124
1600 LOAD_CONST           R8 constant[360]  ; line 124
1601 BINARY               a=7 b=8 c=9 imm=0  ; line 124
1602 MOVE                 R7 <- R9  ; line 124
1603 JUMP                 -> 1586  ; line 124
1604 RETURN               R5  ; line 125
1605 LOAD_CONST           R8 constant[361]  ; line 125
1606 RETURN               R8  ; line 125
1607 LOAD_CONST           R1 constant[362]  ; line 129
1608 MOVE                 R2 <- R1  ; line 129
1609 HOST_CALL            a=3 b=22 c=2 imm=1  ; line 129
1610 MOVE                 R4 <- R3  ; line 129
1611 LOAD_CONST           R5 constant[363]  ; line 129
1612 MOVE                 R6 <- R5  ; line 129
1613 LOAD_CONST           R7 constant[364]  ; line 130
1614 MOVE                 R8 <- R0  ; line 130
1615 MOVE                 R9 <- R7  ; line 130
1616 HOST_CALL            a=10 b=11 c=8 imm=2  ; line 130
1617 MOVE                 R11 <- R10  ; line 130
1618 HOST_CALL            a=12 b=61 c=11 imm=1  ; line 130
1619 LOAD_CONST           R13 constant[365]  ; line 130
1620 MOVE                 R14 <- R12  ; line 130
1621 MOVE                 R15 <- R13  ; line 130
1622 HOST_CALL            a=16 b=11 c=14 imm=2  ; line 130
1623 COMPARE              a=6 b=16 c=17 imm=2  ; line 130
1624 JUMP_IF_FALSE        R17 -> 1639  ; line 130
1625 LOAD_CONST           R7 constant[366]  ; line 130
1626 MOVE                 R8 <- R0  ; line 130
1627 MOVE                 R9 <- R7  ; line 130
1628 HOST_CALL            a=10 b=11 c=8 imm=2  ; line 130
1629 MOVE                 R11 <- R10  ; line 130
1630 MOVE                 R12 <- R6  ; line 130
1631 CALL                 a=13 b=66 c=11 imm=2  ; line 130
1632 MOVE                 R14 <- R4  ; line 130
1633 MOVE                 R15 <- R13  ; line 130
1634 HOST_CALL            a=16 b=23 c=14 imm=2  ; line 130
1635 LOAD_CONST           R7 constant[367]  ; line 130
1636 BINARY               a=6 b=7 c=8 imm=0  ; line 130
1637 MOVE                 R6 <- R8  ; line 130
1638 JUMP                 -> 1613  ; line 130
1639 LOAD_CONST           R7 constant[368]  ; line 131
1640 MOVE                 R8 <- R4  ; line 131
1641 HOST_CALL            a=9 b=72 c=8 imm=1  ; line 131
1642 LOAD_CONST           R10 constant[369]  ; line 131
1643 LOAD_CONST           R11 constant[370]  ; line 131
1644 MOVE                 R12 <- R0  ; line 131
1645 MOVE                 R13 <- R11  ; line 131
1646 HOST_CALL            a=14 b=11 c=12 imm=2  ; line 131
1647 LOAD_CONST           R15 constant[371]  ; line 131
1648 LOAD_CONST           R16 constant[372]  ; line 131
1649 MOVE                 R17 <- R0  ; line 131
1650 MOVE                 R18 <- R16  ; line 131
1651 HOST_CALL            a=19 b=11 c=17 imm=2  ; line 131
1652 MOVE                 R20 <- R7  ; line 131
1653 MOVE                 R21 <- R9  ; line 131
1654 MOVE                 R22 <- R10  ; line 131
1655 MOVE                 R23 <- R14  ; line 131
1656 MOVE                 R24 <- R15  ; line 131
1657 MOVE                 R25 <- R19  ; line 131
1658 HOST_CALL            a=26 b=6 c=20 imm=6  ; line 131
1659 RETURN               R26  ; line 131
1660 LOAD_CONST           R27 constant[373]  ; line 131
1661 RETURN               R27  ; line 131
1662 MOVE                 R2 <- R0  ; line 135
1663 CALL                 a=3 b=56 c=2 imm=1  ; line 135
1664 MOVE                 R4 <- R3  ; line 135
1665 LOAD_CONST           R5 constant[374]  ; line 135
1666 MOVE                 R6 <- R5  ; line 135
1667 HOST_CALL            a=7 b=22 c=6 imm=1  ; line 135
1668 MOVE                 R8 <- R7  ; line 135
1669 LOAD_CONST           R9 constant[375]  ; line 135
1670 MOVE                 R10 <- R9  ; line 135
1671 HOST_CALL            a=11 b=22 c=10 imm=1  ; line 135
1672 MOVE                 R12 <- R11  ; line 135
1673 LOAD_CONST           R13 constant[376]  ; line 136
1674 MOVE                 R14 <- R13  ; line 136
1675 CALL                 a=15 b=26 c=15 imm=0  ; line 137
1676 COMPARE              a=14 b=15 c=16 imm=2  ; line 137
1677 JUMP_IF_FALSE        R16 -> 1721  ; line 137
1678 BINARY               a=14 b=0 c=15 imm=2  ; line 138
1679 BINARY               a=15 b=1 c=16 imm=0  ; line 138
1680 FORCE                R17 <- force(R4, index=R16)  ; line 138
1681 MOVE                 R18 <- R17  ; line 138
1682 LOAD_CONST           R19 constant[377]  ; line 139
1683 MOVE                 R20 <- R19  ; line 139
1684 HOST_CALL            a=21 b=22 c=20 imm=1  ; line 139
1685 MOVE                 R22 <- R21  ; line 139
1686 LOAD_CONST           R23 constant[378]  ; line 139
1687 MOVE                 R24 <- R23  ; line 139
1688 CALL                 a=25 b=25 c=25 imm=0  ; line 140
1689 COMPARE              a=24 b=25 c=26 imm=2  ; line 140
1690 JUMP_IF_FALSE        R26 -> 1707  ; line 140
1691 LOAD_CONST           R25 constant[379]  ; line 140
1692 MOVE                 R26 <- R18  ; line 140
1693 MOVE                 R27 <- R25  ; line 140
1694 HOST_CALL            a=28 b=11 c=26 imm=2  ; line 140
1695 CALL                 a=29 b=24 c=29 imm=0  ; line 140
1696 BINARY               a=29 b=24 c=30 imm=0  ; line 140
1697 MOVE                 R31 <- R28  ; line 140
1698 MOVE                 R32 <- R30  ; line 140
1699 HOST_CALL            a=33 b=11 c=31 imm=2  ; line 140
1700 MOVE                 R34 <- R22  ; line 140
1701 MOVE                 R35 <- R33  ; line 140
1702 HOST_CALL            a=36 b=23 c=34 imm=2  ; line 140
1703 LOAD_CONST           R25 constant[380]  ; line 140
1704 BINARY               a=24 b=25 c=26 imm=0  ; line 140
1705 MOVE                 R24 <- R26  ; line 140
1706 JUMP                 -> 1688  ; line 140
1707 MOVE                 R25 <- R8  ; line 141
1708 MOVE                 R26 <- R22  ; line 141
1709 HOST_CALL            a=27 b=23 c=25 imm=2  ; line 141
1710 LOAD_CONST           R25 constant[381]  ; line 141
1711 MOVE                 R26 <- R18  ; line 141
1712 MOVE                 R27 <- R25  ; line 141
1713 HOST_CALL            a=28 b=11 c=26 imm=2  ; line 141
1714 MOVE                 R29 <- R12  ; line 141
1715 MOVE                 R30 <- R28  ; line 141
1716 HOST_CALL            a=31 b=23 c=29 imm=2  ; line 141
1717 LOAD_CONST           R25 constant[382]  ; line 141
1718 BINARY               a=14 b=25 c=26 imm=0  ; line 141
1719 MOVE                 R14 <- R26  ; line 141
1720 JUMP                 -> 1675  ; line 141
1721 LOAD_CONST           R25 constant[383]  ; line 143
1722 MOVE                 R26 <- R8  ; line 143
1723 HOST_CALL            a=27 b=72 c=26 imm=1  ; line 143
1724 LOAD_CONST           R28 constant[384]  ; line 143
1725 MOVE                 R29 <- R12  ; line 143
1726 HOST_CALL            a=30 b=72 c=29 imm=1  ; line 143
1727 MOVE                 R31 <- R25  ; line 143
1728 MOVE                 R32 <- R27  ; line 143
1729 MOVE                 R33 <- R28  ; line 143
1730 MOVE                 R34 <- R30  ; line 143
1731 HOST_CALL            a=35 b=6 c=31 imm=4  ; line 143
1732 RETURN               R35  ; line 143
1733 LOAD_CONST           R36 constant[385]  ; line 143
1734 RETURN               R36  ; line 143
1735 LOAD_CONST           R2 constant[386]  ; line 147
1736 MOVE                 R3 <- R2  ; line 147
1737 HOST_CALL            a=4 b=22 c=3 imm=1  ; line 147
1738 MOVE                 R5 <- R4  ; line 147
1739 LOAD_CONST           R6 constant[387]  ; line 147
1740 MOVE                 R7 <- R6  ; line 147
1741 LOAD_CONST           R8 constant[388]  ; line 148
1742 MOVE                 R9 <- R0  ; line 148
1743 MOVE                 R10 <- R8  ; line 148
1744 HOST_CALL            a=11 b=11 c=9 imm=2  ; line 148
1745 MOVE                 R12 <- R11  ; line 148
1746 HOST_CALL            a=13 b=26 c=12 imm=1  ; line 148
1747 COMPARE              a=7 b=13 c=14 imm=2  ; line 148
1748 JUMP_IF_FALSE        R14 -> 1774  ; line 148
1749 LOAD_CONST           R8 constant[389]  ; line 149
1750 MOVE                 R9 <- R8  ; line 149
1751 LOAD_CONST           R10 constant[390]  ; line 149
1752 MOVE                 R11 <- R0  ; line 149
1753 MOVE                 R12 <- R10  ; line 149
1754 HOST_CALL            a=13 b=11 c=11 imm=2  ; line 149
1755 MOVE                 R14 <- R13  ; line 149
1756 MOVE                 R15 <- R7  ; line 149
1757 HOST_CALL            a=16 b=11 c=14 imm=2  ; line 149
1758 MOVE                 R17 <- R16  ; line 149
1759 MOVE                 R18 <- R1  ; line 149
1760 CALL                 a=19 b=49 c=17 imm=2  ; line 149
1761 LOAD_CONST           R20 constant[391]  ; line 149
1762 COMPARE              a=19 b=20 c=21 imm=4  ; line 149
1763 JUMP_IF_FALSE        R21 -> 1767  ; line 149
1764 LOAD_CONST           R10 constant[392]  ; line 149
1765 MOVE                 R9 <- R10  ; line 149
1766 JUMP                 -> 1767  ; line 149
1767 MOVE                 R10 <- R5  ; line 150
1768 MOVE                 R11 <- R9  ; line 150
1769 HOST_CALL            a=12 b=23 c=10 imm=2  ; line 150
1770 LOAD_CONST           R10 constant[393]  ; line 150
1771 BINARY               a=7 b=10 c=11 imm=0  ; line 150
1772 MOVE                 R7 <- R11  ; line 150
1773 JUMP                 -> 1741  ; line 150
1774 LOAD_CONST           R10 constant[394]  ; line 152
1775 LOAD_CONST           R11 constant[395]  ; line 152
1776 MOVE                 R12 <- R0  ; line 152
1777 MOVE                 R13 <- R11  ; line 152
1778 HOST_CALL            a=14 b=11 c=12 imm=2  ; line 152
1779 LOAD_CONST           R15 constant[396]  ; line 152
1780 MOVE                 R16 <- R5  ; line 152
1781 HOST_CALL            a=17 b=72 c=16 imm=1  ; line 152
1782 MOVE                 R18 <- R10  ; line 152
1783 MOVE                 R19 <- R14  ; line 152
1784 MOVE                 R20 <- R15  ; line 152
1785 MOVE                 R21 <- R17  ; line 152
1786 HOST_CALL            a=22 b=6 c=18 imm=4  ; line 152
1787 RETURN               R22  ; line 152
1788 LOAD_CONST           R23 constant[397]  ; line 152
1789 RETURN               R23  ; line 152
1790 LOAD_CONST           R3 constant[398]  ; line 156
1791 MOVE                 R4 <- R3  ; line 156
1792 HOST_CALL            a=5 b=22 c=4 imm=1  ; line 156
1793 MOVE                 R6 <- R5  ; line 156
1794 LOAD_CONST           R7 constant[399]  ; line 156
1795 MOVE                 R8 <- R7  ; line 156
1796 HOST_CALL            a=9 b=22 c=8 imm=1  ; line 156
1797 MOVE                 R10 <- R9  ; line 156
1798 LOAD_CONST           R11 constant[400]  ; line 156
1799 MOVE                 R12 <- R11  ; line 156
1800 LOAD_CONST           R13 constant[401]  ; line 157
1801 MOVE                 R14 <- R0  ; line 157
1802 MOVE                 R15 <- R13  ; line 157
1803 HOST_CALL            a=16 b=11 c=14 imm=2  ; line 157
1804 MOVE                 R17 <- R16  ; line 157
1805 HOST_CALL            a=18 b=26 c=17 imm=1  ; line 157
1806 COMPARE              a=12 b=18 c=19 imm=2  ; line 157
1807 JUMP_IF_FALSE        R19 -> 1859  ; line 157
1808 LOAD_CONST           R13 constant[402]  ; line 158
1809 MOVE                 R14 <- R0  ; line 158
1810 MOVE                 R15 <- R13  ; line 158
1811 HOST_CALL            a=16 b=11 c=14 imm=2  ; line 158
1812 MOVE                 R17 <- R16  ; line 158
1813 MOVE                 R18 <- R12  ; line 158
1814 HOST_CALL            a=19 b=11 c=17 imm=2  ; line 158
1815 CALL                 a=20 b=33 c=20 imm=0  ; line 158
1816 MOVE                 R21 <- R20  ; line 158
1817 CALL                 a=22 b=36 c=21 imm=1  ; line 158
1818 MOVE                 R23 <- R19  ; line 158
1819 MOVE                 R24 <- R22  ; line 158
1820 CALL                 a=25 b=20 c=23 imm=2  ; line 158
1821 COMPARE              a=25 b=1 c=26 imm=0  ; line 158
1822 JUMP_IF_FALSE        R26 -> 1855  ; line 158
1823 LOAD_CONST           R13 constant[403]  ; line 159
1824 MOVE                 R14 <- R0  ; line 159
1825 MOVE                 R15 <- R13  ; line 159
1826 HOST_CALL            a=16 b=11 c=14 imm=2  ; line 159
1827 MOVE                 R17 <- R16  ; line 159
1828 MOVE                 R18 <- R12  ; line 159
1829 CALL                 a=19 b=65 c=17 imm=2  ; line 159
1830 MOVE                 R20 <- R6  ; line 159
1831 MOVE                 R21 <- R19  ; line 159
1832 HOST_CALL            a=22 b=23 c=20 imm=2  ; line 159
1833 LOAD_CONST           R13 constant[404]  ; line 160
1834 MOVE                 R14 <- R13  ; line 160
1835 LOAD_CONST           R15 constant[405]  ; line 160
1836 MOVE                 R16 <- R0  ; line 160
1837 MOVE                 R17 <- R15  ; line 160
1838 HOST_CALL            a=18 b=11 c=16 imm=2  ; line 160
1839 MOVE                 R19 <- R18  ; line 160
1840 MOVE                 R20 <- R12  ; line 160
1841 HOST_CALL            a=21 b=11 c=19 imm=2  ; line 160
1842 MOVE                 R22 <- R21  ; line 160
1843 MOVE                 R23 <- R2  ; line 160
1844 CALL                 a=24 b=49 c=22 imm=2  ; line 160
1845 LOAD_CONST           R25 constant[406]  ; line 160
1846 COMPARE              a=24 b=25 c=26 imm=4  ; line 160
1847 JUMP_IF_FALSE        R26 -> 1851  ; line 160
1848 LOAD_CONST           R15 constant[407]  ; line 160
1849 MOVE                 R14 <- R15  ; line 160
1850 JUMP                 -> 1851  ; line 160
1851 MOVE                 R15 <- R10  ; line 161
1852 MOVE                 R16 <- R14  ; line 161
1853 HOST_CALL            a=17 b=23 c=15 imm=2  ; line 161
1854 JUMP                 -> 1855  ; line 161
1855 LOAD_CONST           R15 constant[408]  ; line 163
1856 BINARY               a=12 b=15 c=16 imm=0  ; line 163
1857 MOVE                 R12 <- R16  ; line 163
1858 JUMP                 -> 1800  ; line 163
1859 LOAD_CONST           R15 constant[409]  ; line 165
1860 MOVE                 R16 <- R6  ; line 165
1861 HOST_CALL            a=17 b=72 c=16 imm=1  ; line 165
1862 LOAD_CONST           R18 constant[410]  ; line 165
1863 MOVE                 R19 <- R10  ; line 165
1864 HOST_CALL            a=20 b=72 c=19 imm=1  ; line 165
1865 MOVE                 R21 <- R15  ; line 165
1866 MOVE                 R22 <- R17  ; line 165
1867 MOVE                 R23 <- R18  ; line 165
1868 MOVE                 R24 <- R20  ; line 165
1869 HOST_CALL            a=25 b=6 c=21 imm=4  ; line 165
1870 RETURN               R25  ; line 165
1871 LOAD_CONST           R26 constant[411]  ; line 165
1872 RETURN               R26  ; line 165
1873 MOVE                 R2 <- R1  ; line 168
1874 CALL                 a=3 b=99 c=2 imm=1  ; line 168
1875 MOVE                 R4 <- R0  ; line 168
1876 MOVE                 R5 <- R3  ; line 168
1877 HOST_CALL            a=6 b=51 c=4 imm=2  ; line 168
1878 LOAD_CONST           R2 constant[412]  ; line 168
1879 RETURN               R2  ; line 168
1880 LOAD_CONST           R3 constant[413]  ; line 168
1881 RETURN               R3  ; line 168
1882 MOVE                 R1 <- R0  ; line 169
1883 HOST_CALL            a=2 b=1 c=1 imm=1  ; line 169
1884 MOVE                 R3 <- R2  ; line 169
1885 CALL                 a=4 b=98 c=3 imm=1  ; line 169
1886 MOVE                 R5 <- R4  ; line 169
1887 LOAD_CONST           R6 constant[414]  ; line 169
1888 MOVE                 R7 <- R5  ; line 169
1889 MOVE                 R8 <- R6  ; line 169
1890 HOST_CALL            a=9 b=11 c=7 imm=2  ; line 169
1891 LOAD_CONST           R10 constant[415]  ; line 169
1892 MOVE                 R11 <- R10  ; line 169
1893 MOVE                 R12 <- R0  ; line 169
1894 HOST_CALL            a=13 b=20 c=11 imm=2  ; line 169
1895 MOVE                 R14 <- R9  ; line 169
1896 MOVE                 R15 <- R13  ; line 169
1897 HOST_CALL            a=16 b=5 c=14 imm=2  ; line 169
1898 LOAD_CONST           R6 constant[416]  ; line 169
1899 MOVE                 R7 <- R5  ; line 169
1900 MOVE                 R8 <- R6  ; line 169
1901 HOST_CALL            a=9 b=11 c=7 imm=2  ; line 169
1902 RETURN               R9  ; line 169
1903 LOAD_CONST           R10 constant[417]  ; line 169
1904 RETURN               R10  ; line 169
1905 LOAD_CONST           R1 constant[418]  ; line 172
1906 MOVE                 R2 <- R1  ; line 172
1907 HOST_CALL            a=3 b=22 c=2 imm=1  ; line 172
1908 MOVE                 R4 <- R3  ; line 172
1909 LOAD_CONST           R5 constant[419]  ; line 172
1910 MOVE                 R6 <- R5  ; line 172
1911 MOVE                 R7 <- R0  ; line 173
1912 HOST_CALL            a=8 b=61 c=7 imm=1  ; line 173
1913 LOAD_CONST           R9 constant[420]  ; line 173
1914 MOVE                 R10 <- R8  ; line 173
1915 MOVE                 R11 <- R9  ; line 173
1916 HOST_CALL            a=12 b=11 c=10 imm=2  ; line 173
1917 COMPARE              a=6 b=12 c=13 imm=2  ; line 173
1918 JUMP_IF_FALSE        R13 -> 1929  ; line 173
1919 MOVE                 R7 <- R0  ; line 173
1920 MOVE                 R8 <- R6  ; line 173
1921 HOST_CALL            a=9 b=11 c=7 imm=2  ; line 173
1922 MOVE                 R10 <- R4  ; line 173
1923 MOVE                 R11 <- R9  ; line 173
1924 HOST_CALL            a=12 b=23 c=10 imm=2  ; line 173
1925 LOAD_CONST           R7 constant[421]  ; line 173
1926 BINARY               a=6 b=7 c=8 imm=0  ; line 173
1927 MOVE                 R6 <- R8  ; line 173
1928 JUMP                 -> 1911  ; line 173
1929 RETURN               R4  ; line 174
1930 LOAD_CONST           R7 constant[422]  ; line 174
1931 RETURN               R7  ; line 174
1932 LOAD_CONST           R1 constant[423]  ; line 178
1933 MOVE                 R2 <- R1  ; line 178
1934 HOST_CALL            a=3 b=22 c=2 imm=1  ; line 178
1935 MOVE                 R4 <- R3  ; line 178
1936 LOAD_CONST           R5 constant[424]  ; line 178
1937 MOVE                 R6 <- R5  ; line 178
1938 MOVE                 R7 <- R0  ; line 179
1939 HOST_CALL            a=8 b=61 c=7 imm=1  ; line 179
1940 LOAD_CONST           R9 constant[425]  ; line 179
1941 MOVE                 R10 <- R8  ; line 179
1942 MOVE                 R11 <- R9  ; line 179
1943 HOST_CALL            a=12 b=11 c=10 imm=2  ; line 179
1944 COMPARE              a=6 b=12 c=13 imm=2  ; line 179
1945 JUMP_IF_FALSE        R13 -> 1956  ; line 179
1946 MOVE                 R7 <- R0  ; line 179
1947 MOVE                 R8 <- R6  ; line 179
1948 CALL                 a=9 b=65 c=7 imm=2  ; line 179
1949 MOVE                 R10 <- R4  ; line 179
1950 MOVE                 R11 <- R9  ; line 179
1951 HOST_CALL            a=12 b=23 c=10 imm=2  ; line 179
1952 LOAD_CONST           R7 constant[426]  ; line 179
1953 BINARY               a=6 b=7 c=8 imm=0  ; line 179
1954 MOVE                 R6 <- R8  ; line 179
1955 JUMP                 -> 1938  ; line 179
1956 RETURN               R4  ; line 180
1957 LOAD_CONST           R7 constant[427]  ; line 180
1958 RETURN               R7  ; line 180
1959 LOAD_CONST           R3 constant[428]  ; line 184
1960 MOVE                 R4 <- R0  ; line 184
1961 MOVE                 R5 <- R3  ; line 184
1962 HOST_CALL            a=6 b=11 c=4 imm=2  ; line 184
1963 MOVE                 R7 <- R6  ; line 184
1964 LOAD_CONST           R8 constant[429]  ; line 185
1965 LOAD_CONST           R9 constant[430]  ; line 185
1966 LOAD_CONST           R10 constant[431]  ; line 185
1967 LOAD_CONST           R11 constant[432]  ; line 185
1968 LOAD_CONST           R12 constant[433]  ; line 185
1969 LOAD_CONST           R13 constant[434]  ; line 185
1970 MOVE                 R14 <- R7  ; line 185
1971 MOVE                 R15 <- R13  ; line 185
1972 HOST_CALL            a=16 b=11 c=14 imm=2  ; line 185
1973 LOAD_CONST           R17 constant[435]  ; line 185
1974 LOAD_CONST           R18 constant[436]  ; line 185
1975 MOVE                 R19 <- R7  ; line 185
1976 MOVE                 R20 <- R18  ; line 185
1977 HOST_CALL            a=21 b=11 c=19 imm=2  ; line 185
1978 LOAD_CONST           R22 constant[437]  ; line 185
1979 LOAD_CONST           R23 constant[438]  ; line 185
1980 MOVE                 R24 <- R7  ; line 185
1981 MOVE                 R25 <- R23  ; line 185
1982 HOST_CALL            a=26 b=11 c=24 imm=2  ; line 185
1983 LOAD_CONST           R27 constant[439]  ; line 185
1984 LOAD_CONST           R28 constant[440]  ; line 185
1985 MOVE                 R29 <- R7  ; line 185
1986 MOVE                 R30 <- R28  ; line 185
1987 HOST_CALL            a=31 b=11 c=29 imm=2  ; line 185
1988 LOAD_CONST           R32 constant[441]  ; line 185
1989 MOVE                 R33 <- R31  ; line 185
1990 MOVE                 R34 <- R32  ; line 185
1991 HOST_CALL            a=35 b=11 c=33 imm=2  ; line 185
1992 LOAD_CONST           R36 constant[442]  ; line 185
1993 LOAD_CONST           R37 constant[443]  ; line 185
1994 LOAD_CONST           R38 constant[444]  ; line 185
1995 MOVE                 R39 <- R7  ; line 185
1996 MOVE                 R40 <- R38  ; line 185
1997 HOST_CALL            a=41 b=11 c=39 imm=2  ; line 185
1998 LOAD_CONST           R42 constant[445]  ; line 185
1999 MOVE                 R43 <- R41  ; line 185
2000 MOVE                 R44 <- R42  ; line 185
2001 HOST_CALL            a=45 b=11 c=43 imm=2  ; line 185
2002 MOVE                 R46 <- R45  ; line 185
2003 CALL                 a=47 b=74 c=46 imm=1  ; line 185
2004 LOAD_CONST           R48 constant[446]  ; line 185
2005 LOAD_CONST           R49 constant[447]  ; line 185
2006 MOVE                 R50 <- R7  ; line 185
2007 MOVE                 R51 <- R49  ; line 185
2008 HOST_CALL            a=52 b=11 c=50 imm=2  ; line 185
2009 LOAD_CONST           R53 constant[448]  ; line 185
2010 MOVE                 R54 <- R52  ; line 185
2011 MOVE                 R55 <- R53  ; line 185
2012 HOST_CALL            a=56 b=11 c=54 imm=2  ; line 185
2013 MOVE                 R57 <- R56  ; line 185
2014 CALL                 a=58 b=73 c=57 imm=1  ; line 185
2015 LOAD_CONST           R59 constant[449]  ; line 185
2016 LOAD_CONST           R60 constant[450]  ; line 185
2017 MOVE                 R61 <- R7  ; line 185
2018 MOVE                 R62 <- R60  ; line 185
2019 HOST_CALL            a=63 b=11 c=61 imm=2  ; line 185
2020 LOAD_CONST           R64 constant[451]  ; line 185
2021 MOVE                 R65 <- R63  ; line 185
2022 MOVE                 R66 <- R64  ; line 185
2023 HOST_CALL            a=67 b=11 c=65 imm=2  ; line 185
2024 MOVE                 R68 <- R67  ; line 185
2025 CALL                 a=69 b=73 c=68 imm=1  ; line 185
2026 LOAD_CONST           R70 constant[452]  ; line 185
2027 LOAD_CONST           R71 constant[453]  ; line 185
2028 MOVE                 R72 <- R7  ; line 185
2029 MOVE                 R73 <- R71  ; line 185
2030 HOST_CALL            a=74 b=11 c=72 imm=2  ; line 185
2031 LOAD_CONST           R75 constant[454]  ; line 185
2032 MOVE                 R76 <- R74  ; line 185
2033 MOVE                 R77 <- R75  ; line 185
2034 HOST_CALL            a=78 b=11 c=76 imm=2  ; line 185
2035 MOVE                 R79 <- R37  ; line 185
2036 MOVE                 R80 <- R47  ; line 185
2037 MOVE                 R81 <- R48  ; line 185
2038 MOVE                 R82 <- R58  ; line 185
2039 MOVE                 R83 <- R59  ; line 185
2040 MOVE                 R84 <- R69  ; line 185
2041 MOVE                 R85 <- R70  ; line 185
2042 MOVE                 R86 <- R78  ; line 185
2043 HOST_CALL            a=87 b=6 c=79 imm=8  ; line 185
2044 LOAD_CONST           R88 constant[455]  ; line 185
2045 LOAD_CONST           R89 constant[456]  ; line 185
2046 MOVE                 R90 <- R7  ; line 185
2047 MOVE                 R91 <- R89  ; line 185
2048 HOST_CALL            a=92 b=11 c=90 imm=2  ; line 185
2049 LOAD_CONST           R93 constant[457]  ; line 185
2050 MOVE                 R94 <- R92  ; line 185
2051 MOVE                 R95 <- R93  ; line 185
2052 HOST_CALL            a=96 b=11 c=94 imm=2  ; line 185
2053 LOAD_CONST           R97 constant[458]  ; line 185
2054 LOAD_CONST           R98 constant[459]  ; line 185
2055 MOVE                 R99 <- R7  ; line 185
2056 MOVE                 R100 <- R98  ; line 185
2057 HOST_CALL            a=101 b=11 c=99 imm=2  ; line 185
2058 MOVE                 R102 <- R8  ; line 185
2059 MOVE                 R103 <- R9  ; line 185
2060 MOVE                 R104 <- R10  ; line 185
2061 MOVE                 R105 <- R1  ; line 185
2062 MOVE                 R106 <- R11  ; line 185
2063 MOVE                 R107 <- R2  ; line 185
2064 MOVE                 R108 <- R12  ; line 185
2065 MOVE                 R109 <- R16  ; line 185
2066 MOVE                 R110 <- R17  ; line 185
2067 MOVE                 R111 <- R21  ; line 185
2068 MOVE                 R112 <- R22  ; line 185
2069 MOVE                 R113 <- R26  ; line 185
2070 MOVE                 R114 <- R27  ; line 185
2071 MOVE                 R115 <- R35  ; line 185
2072 MOVE                 R116 <- R36  ; line 185
2073 MOVE                 R117 <- R87  ; line 185
2074 MOVE                 R118 <- R88  ; line 185
2075 MOVE                 R119 <- R96  ; line 185
2076 MOVE                 R120 <- R97  ; line 185
2077 MOVE                 R121 <- R101  ; line 185
2078 HOST_CALL            a=122 b=6 c=102 imm=20  ; line 185
2079 RETURN               R122  ; line 185
2080 LOAD_CONST           R123 constant[460]  ; line 185
2081 RETURN               R123  ; line 185
2082 LOAD_CONST           R3 constant[461]  ; line 192
2083 MOVE                 R4 <- R0  ; line 192
2084 MOVE                 R5 <- R3  ; line 192
2085 HOST_CALL            a=6 b=11 c=4 imm=2  ; line 192
2086 MOVE                 R7 <- R6  ; line 192
2087 LOAD_CONST           R8 constant[462]  ; line 193
2088 LOAD_CONST           R9 constant[463]  ; line 193
2089 LOAD_CONST           R10 constant[464]  ; line 193
2090 LOAD_CONST           R11 constant[465]  ; line 193
2091 LOAD_CONST           R12 constant[466]  ; line 193
2092 LOAD_CONST           R13 constant[467]  ; line 193
2093 MOVE                 R14 <- R7  ; line 193
2094 MOVE                 R15 <- R13  ; line 193
2095 HOST_CALL            a=16 b=11 c=14 imm=2  ; line 193
2096 LOAD_CONST           R17 constant[468]  ; line 193
2097 LOAD_CONST           R18 constant[469]  ; line 193
2098 MOVE                 R19 <- R7  ; line 193
2099 MOVE                 R20 <- R18  ; line 193
2100 HOST_CALL            a=21 b=11 c=19 imm=2  ; line 193
2101 LOAD_CONST           R22 constant[470]  ; line 193
2102 LOAD_CONST           R23 constant[471]  ; line 193
2103 MOVE                 R24 <- R7  ; line 193
2104 MOVE                 R25 <- R23  ; line 193
2105 HOST_CALL            a=26 b=11 c=24 imm=2  ; line 193
2106 LOAD_CONST           R27 constant[472]  ; line 193
2107 LOAD_CONST           R28 constant[473]  ; line 193
2108 LOAD_CONST           R29 constant[474]  ; line 193
2109 MOVE                 R30 <- R7  ; line 193
2110 MOVE                 R31 <- R29  ; line 193
2111 HOST_CALL            a=32 b=11 c=30 imm=2  ; line 193
2112 LOAD_CONST           R33 constant[475]  ; line 193
2113 MOVE                 R34 <- R32  ; line 193
2114 MOVE                 R35 <- R33  ; line 193
2115 HOST_CALL            a=36 b=11 c=34 imm=2  ; line 193
2116 MOVE                 R37 <- R36  ; line 193
2117 CALL                 a=38 b=73 c=37 imm=1  ; line 193
2118 LOAD_CONST           R39 constant[476]  ; line 193
2119 LOAD_CONST           R40 constant[477]  ; line 193
2120 MOVE                 R41 <- R7  ; line 193
2121 MOVE                 R42 <- R40  ; line 193
2122 HOST_CALL            a=43 b=11 c=41 imm=2  ; line 193
2123 LOAD_CONST           R44 constant[478]  ; line 193
2124 MOVE                 R45 <- R43  ; line 193
2125 MOVE                 R46 <- R44  ; line 193
2126 HOST_CALL            a=47 b=11 c=45 imm=2  ; line 193
2127 MOVE                 R48 <- R28  ; line 193
2128 MOVE                 R49 <- R38  ; line 193
2129 MOVE                 R50 <- R39  ; line 193
2130 MOVE                 R51 <- R47  ; line 193
2131 HOST_CALL            a=52 b=6 c=48 imm=4  ; line 193
2132 LOAD_CONST           R53 constant[479]  ; line 193
2133 LOAD_CONST           R54 constant[480]  ; line 193
2134 MOVE                 R55 <- R7  ; line 193
2135 MOVE                 R56 <- R54  ; line 193
2136 HOST_CALL            a=57 b=11 c=55 imm=2  ; line 193
2137 MOVE                 R58 <- R8  ; line 193
2138 MOVE                 R59 <- R9  ; line 193
2139 MOVE                 R60 <- R10  ; line 193
2140 MOVE                 R61 <- R1  ; line 193
2141 MOVE                 R62 <- R11  ; line 193
2142 MOVE                 R63 <- R2  ; line 193
2143 MOVE                 R64 <- R12  ; line 193
2144 MOVE                 R65 <- R16  ; line 193
2145 MOVE                 R66 <- R17  ; line 193
2146 MOVE                 R67 <- R21  ; line 193
2147 MOVE                 R68 <- R22  ; line 193
2148 MOVE                 R69 <- R26  ; line 193
2149 MOVE                 R70 <- R27  ; line 193
2150 MOVE                 R71 <- R52  ; line 193
2151 MOVE                 R72 <- R53  ; line 193
2152 MOVE                 R73 <- R57  ; line 193
2153 HOST_CALL            a=74 b=6 c=58 imm=16  ; line 193
2154 RETURN               R74  ; line 193
2155 LOAD_CONST           R75 constant[481]  ; line 193
2156 RETURN               R75  ; line 193
2157 LOAD_CONST           R3 constant[482]  ; line 198
2158 MOVE                 R4 <- R3  ; line 198
2159 HOST_CALL            a=5 b=22 c=4 imm=1  ; line 198
2160 MOVE                 R6 <- R5  ; line 198
2161 LOAD_CONST           R7 constant[483]  ; line 198
2162 MOVE                 R8 <- R7  ; line 198
2163 HOST_CALL            a=9 b=22 c=8 imm=1  ; line 198
2164 MOVE                 R10 <- R9  ; line 198
2165 LOAD_CONST           R11 constant[484]  ; line 198
2166 MOVE                 R12 <- R11  ; line 198
2167 MOVE                 R13 <- R0  ; line 199
2168 HOST_CALL            a=14 b=26 c=13 imm=1  ; line 199
2169 COMPARE              a=12 b=14 c=15 imm=2  ; line 199
2170 JUMP_IF_FALSE        R15 -> 2205  ; line 199
2171 MOVE                 R13 <- R0  ; line 200
2172 MOVE                 R14 <- R12  ; line 200
2173 HOST_CALL            a=15 b=11 c=13 imm=2  ; line 200
2174 LOAD_CONST           R16 constant[485]  ; line 200
2175 MOVE                 R17 <- R15  ; line 200
2176 MOVE                 R18 <- R16  ; line 200
2177 HOST_CALL            a=19 b=11 c=17 imm=2  ; line 200
2178 LOAD_CONST           R20 constant[486]  ; line 200
2179 MOVE                 R21 <- R19  ; line 200
2180 MOVE                 R22 <- R20  ; line 200
2181 HOST_CALL            a=23 b=11 c=21 imm=2  ; line 200
2182 MOVE                 R24 <- R23  ; line 200
2183 CALL                 a=25 b=73 c=24 imm=1  ; line 200
2184 MOVE                 R26 <- R6  ; line 200
2185 MOVE                 R27 <- R25  ; line 200
2186 HOST_CALL            a=28 b=23 c=26 imm=2  ; line 200
2187 MOVE                 R13 <- R0  ; line 201
2188 MOVE                 R14 <- R12  ; line 201
2189 HOST_CALL            a=15 b=11 c=13 imm=2  ; line 201
2190 LOAD_CONST           R16 constant[487]  ; line 201
2191 MOVE                 R17 <- R15  ; line 201
2192 MOVE                 R18 <- R16  ; line 201
2193 HOST_CALL            a=19 b=11 c=17 imm=2  ; line 201
2194 LOAD_CONST           R20 constant[488]  ; line 201
2195 MOVE                 R21 <- R19  ; line 201
2196 MOVE                 R22 <- R20  ; line 201
2197 HOST_CALL            a=23 b=11 c=21 imm=2  ; line 201
2198 MOVE                 R24 <- R10  ; line 201
2199 MOVE                 R25 <- R23  ; line 201
2200 HOST_CALL            a=26 b=23 c=24 imm=2  ; line 201
2201 LOAD_CONST           R13 constant[489]  ; line 201
2202 BINARY               a=12 b=13 c=14 imm=0  ; line 201
2203 MOVE                 R12 <- R14  ; line 201
2204 JUMP                 -> 2167  ; line 201
2205 LOAD_CONST           R13 constant[490]  ; line 203
2206 LOAD_CONST           R14 constant[491]  ; line 203
2207 LOAD_CONST           R15 constant[492]  ; line 203
2208 LOAD_CONST           R16 constant[493]  ; line 203
2209 LOAD_CONST           R17 constant[494]  ; line 203
2210 LOAD_CONST           R18 constant[495]  ; line 203
2211 LOAD_CONST           R19 constant[496]  ; line 203
2212 LOAD_CONST           R20 constant[497]  ; line 203
2213 LOAD_CONST           R21 constant[498]  ; line 203
2214 LOAD_CONST           R22 constant[499]  ; line 203
2215 LOAD_CONST           R23 constant[500]  ; line 203
2216 MOVE                 R24 <- R22  ; line 203
2217 MOVE                 R25 <- R6  ; line 203
2218 MOVE                 R26 <- R23  ; line 203
2219 MOVE                 R27 <- R10  ; line 203
2220 HOST_CALL            a=28 b=6 c=24 imm=4  ; line 203
2221 MOVE                 R29 <- R13  ; line 203
2222 MOVE                 R30 <- R14  ; line 203
2223 MOVE                 R31 <- R15  ; line 203
2224 MOVE                 R32 <- R1  ; line 203
2225 MOVE                 R33 <- R16  ; line 203
2226 MOVE                 R34 <- R2  ; line 203
2227 MOVE                 R35 <- R17  ; line 203
2228 MOVE                 R36 <- R18  ; line 203
2229 MOVE                 R37 <- R19  ; line 203
2230 MOVE                 R38 <- R20  ; line 203
2231 MOVE                 R39 <- R21  ; line 203
2232 MOVE                 R40 <- R28  ; line 203
2233 HOST_CALL            a=41 b=6 c=29 imm=12  ; line 203
2234 RETURN               R41  ; line 203
2235 LOAD_CONST           R42 constant[501]  ; line 203
2236 RETURN               R42  ; line 203
2237 LOAD_CONST           R1 constant[502]  ; line 208
2238 MOVE                 R2 <- R0  ; line 208
2239 MOVE                 R3 <- R1  ; line 208
2240 HOST_CALL            a=4 b=11 c=2 imm=2  ; line 208
2241 LOAD_CONST           R5 constant[503]  ; line 208
2242 COMPARE              a=4 b=5 c=6 imm=0  ; line 208
2243 JUMP_IF_FALSE        R6 -> 2363  ; line 208
2244 LOAD_CONST           R1 constant[504]  ; line 209
2245 LOAD_CONST           R2 constant[505]  ; line 209
2246 LOAD_CONST           R3 constant[506]  ; line 209
2247 LOAD_CONST           R4 constant[507]  ; line 209
2248 MOVE                 R5 <- R0  ; line 209
2249 MOVE                 R6 <- R4  ; line 209
2250 HOST_CALL            a=7 b=11 c=5 imm=2  ; line 209
2251 LOAD_CONST           R8 constant[508]  ; line 209
2252 LOAD_CONST           R9 constant[509]  ; line 209
2253 MOVE                 R10 <- R0  ; line 209
2254 MOVE                 R11 <- R9  ; line 209
2255 HOST_CALL            a=12 b=11 c=10 imm=2  ; line 209
2256 LOAD_CONST           R13 constant[510]  ; line 209
2257 LOAD_CONST           R14 constant[511]  ; line 209
2258 LOAD_CONST           R15 constant[512]  ; line 209
2259 MOVE                 R16 <- R0  ; line 209
2260 MOVE                 R17 <- R15  ; line 209
2261 HOST_CALL            a=18 b=11 c=16 imm=2  ; line 209
2262 LOAD_CONST           R19 constant[513]  ; line 209
2263 MOVE                 R20 <- R18  ; line 209
2264 MOVE                 R21 <- R19  ; line 209
2265 HOST_CALL            a=22 b=11 c=20 imm=2  ; line 209
2266 MOVE                 R23 <- R22  ; line 209
2267 HOST_CALL            a=24 b=72 c=23 imm=1  ; line 209
2268 LOAD_CONST           R25 constant[514]  ; line 209
2269 LOAD_CONST           R26 constant[515]  ; line 209
2270 MOVE                 R27 <- R0  ; line 209
2271 MOVE                 R28 <- R26  ; line 209
2272 HOST_CALL            a=29 b=11 c=27 imm=2  ; line 209
2273 LOAD_CONST           R30 constant[516]  ; line 209
2274 MOVE                 R31 <- R29  ; line 209
2275 MOVE                 R32 <- R30  ; line 209
2276 HOST_CALL            a=33 b=11 c=31 imm=2  ; line 209
2277 MOVE                 R34 <- R33  ; line 209
2278 HOST_CALL            a=35 b=72 c=34 imm=1  ; line 209
2279 LOAD_CONST           R36 constant[517]  ; line 209
2280 LOAD_CONST           R37 constant[518]  ; line 209
2281 MOVE                 R38 <- R0  ; line 209
2282 MOVE                 R39 <- R37  ; line 209
2283 HOST_CALL            a=40 b=11 c=38 imm=2  ; line 209
2284 LOAD_CONST           R41 constant[519]  ; line 209
2285 MOVE                 R42 <- R40  ; line 209
2286 MOVE                 R43 <- R41  ; line 209
2287 HOST_CALL            a=44 b=11 c=42 imm=2  ; line 209
2288 MOVE                 R45 <- R44  ; line 209
2289 HOST_CALL            a=46 b=72 c=45 imm=1  ; line 209
2290 LOAD_CONST           R47 constant[520]  ; line 209
2291 LOAD_CONST           R48 constant[521]  ; line 209
2292 MOVE                 R49 <- R0  ; line 209
2293 MOVE                 R50 <- R48  ; line 209
2294 HOST_CALL            a=51 b=11 c=49 imm=2  ; line 209
2295 LOAD_CONST           R52 constant[522]  ; line 209
2296 MOVE                 R53 <- R51  ; line 209
2297 MOVE                 R54 <- R52  ; line 209
2298 HOST_CALL            a=55 b=11 c=53 imm=2  ; line 209
2299 LOAD_CONST           R56 constant[523]  ; line 209
2300 LOAD_CONST           R57 constant[524]  ; line 209
2301 MOVE                 R58 <- R0  ; line 209
2302 MOVE                 R59 <- R57  ; line 209
2303 HOST_CALL            a=60 b=11 c=58 imm=2  ; line 209
2304 MOVE                 R61 <- R14  ; line 209
2305 MOVE                 R62 <- R24  ; line 209
2306 MOVE                 R63 <- R25  ; line 209
2307 MOVE                 R64 <- R35  ; line 209
2308 MOVE                 R65 <- R36  ; line 209
2309 MOVE                 R66 <- R46  ; line 209
2310 MOVE                 R67 <- R47  ; line 209
2311 MOVE                 R68 <- R55  ; line 209
2312 MOVE                 R69 <- R56  ; line 209
2313 MOVE                 R70 <- R60  ; line 209
2314 HOST_CALL            a=71 b=6 c=61 imm=10  ; line 209
2315 LOAD_CONST           R72 constant[525]  ; line 209
2316 LOAD_CONST           R73 constant[526]  ; line 209
2317 LOAD_CONST           R74 constant[527]  ; line 209
2318 MOVE                 R75 <- R0  ; line 209
2319 MOVE                 R76 <- R74  ; line 209
2320 HOST_CALL            a=77 b=11 c=75 imm=2  ; line 209
2321 MOVE                 R78 <- R73  ; line 209
2322 MOVE                 R79 <- R77  ; line 209
2323 HOST_CALL            a=80 b=6 c=78 imm=2  ; line 209
2324 LOAD_CONST           R81 constant[528]  ; line 209
2325 ARRAY_NEW            a=82 b=82 c=0 imm=4294967295  ; line 209
2326 LOAD_CONST           R83 constant[529]  ; line 209
2327 LOAD_CONST           R84 constant[530]  ; line 209
2328 MOVE                 R85 <- R0  ; line 209
2329 MOVE                 R86 <- R84  ; line 209
2330 HOST_CALL            a=87 b=11 c=85 imm=2  ; line 209
2331 LOAD_CONST           R88 constant[531]  ; line 209
2332 LOAD_CONST           R89 constant[532]  ; line 209
2333 LOAD_CONST           R90 constant[533]  ; line 209
2334 LOAD_CONST           R91 constant[534]  ; line 209
2335 LOAD_CONST           R92 constant[535]  ; line 209
2336 LOAD_CONST           R93 constant[536]  ; line 209
2337 MOVE                 R94 <- R0  ; line 209
2338 MOVE                 R95 <- R93  ; line 209
2339 HOST_CALL            a=96 b=11 c=94 imm=2  ; line 209
2340 MOVE                 R97 <- R1  ; line 209
2341 MOVE                 R98 <- R2  ; line 209
2342 MOVE                 R99 <- R3  ; line 209
2343 MOVE                 R100 <- R7  ; line 209
2344 MOVE                 R101 <- R8  ; line 209
2345 MOVE                 R102 <- R12  ; line 209
2346 MOVE                 R103 <- R13  ; line 209
2347 MOVE                 R104 <- R71  ; line 209
2348 MOVE                 R105 <- R72  ; line 209
2349 MOVE                 R106 <- R80  ; line 209
2350 MOVE                 R107 <- R81  ; line 209
2351 MOVE                 R108 <- R82  ; line 209
2352 MOVE                 R109 <- R83  ; line 209
2353 MOVE                 R110 <- R87  ; line 209
2354 MOVE                 R111 <- R88  ; line 209
2355 MOVE                 R112 <- R89  ; line 209
2356 MOVE                 R113 <- R90  ; line 209
2357 MOVE                 R114 <- R91  ; line 209
2358 MOVE                 R115 <- R92  ; line 209
2359 MOVE                 R116 <- R96  ; line 209
2360 HOST_CALL            a=117 b=6 c=97 imm=20  ; line 209
2361 RETURN               R117  ; line 209
2362 JUMP                 -> 2363  ; line 209
2363 LOAD_CONST           R1 constant[537]  ; line 215
2364 LOAD_CONST           R2 constant[538]  ; line 215
2365 LOAD_CONST           R3 constant[539]  ; line 215
2366 LOAD_CONST           R4 constant[540]  ; line 215
2367 MOVE                 R5 <- R0  ; line 215
2368 MOVE                 R6 <- R4  ; line 215
2369 HOST_CALL            a=7 b=11 c=5 imm=2  ; line 215
2370 LOAD_CONST           R8 constant[541]  ; line 215
2371 LOAD_CONST           R9 constant[542]  ; line 215
2372 MOVE                 R10 <- R0  ; line 215
2373 MOVE                 R11 <- R9  ; line 215
2374 HOST_CALL            a=12 b=11 c=10 imm=2  ; line 215
2375 LOAD_CONST           R13 constant[543]  ; line 215
2376 LOAD_CONST           R14 constant[544]  ; line 215
2377 LOAD_CONST           R15 constant[545]  ; line 215
2378 MOVE                 R16 <- R0  ; line 215
2379 MOVE                 R17 <- R15  ; line 215
2380 HOST_CALL            a=18 b=11 c=16 imm=2  ; line 215
2381 LOAD_CONST           R19 constant[546]  ; line 215
2382 MOVE                 R20 <- R18  ; line 215
2383 MOVE                 R21 <- R19  ; line 215
2384 HOST_CALL            a=22 b=11 c=20 imm=2  ; line 215
2385 MOVE                 R23 <- R22  ; line 215
2386 HOST_CALL            a=24 b=72 c=23 imm=1  ; line 215
2387 LOAD_CONST           R25 constant[547]  ; line 215
2388 LOAD_CONST           R26 constant[548]  ; line 215
2389 MOVE                 R27 <- R0  ; line 215
2390 MOVE                 R28 <- R26  ; line 215
2391 HOST_CALL            a=29 b=11 c=27 imm=2  ; line 215
2392 LOAD_CONST           R30 constant[549]  ; line 215
2393 MOVE                 R31 <- R29  ; line 215
2394 MOVE                 R32 <- R30  ; line 215
2395 HOST_CALL            a=33 b=11 c=31 imm=2  ; line 215
2396 MOVE                 R34 <- R14  ; line 215
2397 MOVE                 R35 <- R24  ; line 215
2398 MOVE                 R36 <- R25  ; line 215
2399 MOVE                 R37 <- R33  ; line 215
2400 HOST_CALL            a=38 b=6 c=34 imm=4  ; line 215
2401 LOAD_CONST           R39 constant[550]  ; line 215
2402 LOAD_CONST           R40 constant[551]  ; line 215
2403 LOAD_CONST           R41 constant[552]  ; line 215
2404 MOVE                 R42 <- R40  ; line 215
2405 MOVE                 R43 <- R41  ; line 215
2406 HOST_CALL            a=44 b=6 c=42 imm=2  ; line 215
2407 LOAD_CONST           R45 constant[553]  ; line 215
2408 LOAD_CONST           R46 constant[554]  ; line 215
2409 LOAD_CONST           R47 constant[555]  ; line 215
2410 MOVE                 R48 <- R46  ; line 215
2411 MOVE                 R49 <- R47  ; line 215
2412 ARRAY_NEW            a=50 b=48 c=2 imm=4294967295  ; line 215
2413 LOAD_CONST           R51 constant[556]  ; line 215
2414 LOAD_CONST           R52 constant[557]  ; line 215
2415 MOVE                 R53 <- R0  ; line 215
2416 MOVE                 R54 <- R52  ; line 215
2417 HOST_CALL            a=55 b=11 c=53 imm=2  ; line 215
2418 LOAD_CONST           R56 constant[558]  ; line 215
2419 LOAD_CONST           R57 constant[559]  ; line 215
2420 LOAD_CONST           R58 constant[560]  ; line 215
2421 LOAD_CONST           R59 constant[561]  ; line 215
2422 LOAD_CONST           R60 constant[562]  ; line 215
2423 LOAD_CONST           R61 constant[563]  ; line 215
2424 MOVE                 R62 <- R0  ; line 215
2425 MOVE                 R63 <- R61  ; line 215
2426 HOST_CALL            a=64 b=11 c=62 imm=2  ; line 215
2427 MOVE                 R65 <- R1  ; line 215
2428 MOVE                 R66 <- R2  ; line 215
2429 MOVE                 R67 <- R3  ; line 215
2430 MOVE                 R68 <- R7  ; line 215
2431 MOVE                 R69 <- R8  ; line 215
2432 MOVE                 R70 <- R12  ; line 215
2433 MOVE                 R71 <- R13  ; line 215
2434 MOVE                 R72 <- R38  ; line 215
2435 MOVE                 R73 <- R39  ; line 215
2436 MOVE                 R74 <- R44  ; line 215
2437 MOVE                 R75 <- R45  ; line 215
2438 MOVE                 R76 <- R50  ; line 215
2439 MOVE                 R77 <- R51  ; line 215
2440 MOVE                 R78 <- R55  ; line 215
2441 MOVE                 R79 <- R56  ; line 215
2442 MOVE                 R80 <- R57  ; line 215
2443 MOVE                 R81 <- R58  ; line 215
2444 MOVE                 R82 <- R59  ; line 215
2445 MOVE                 R83 <- R60  ; line 215
2446 MOVE                 R84 <- R64  ; line 215
2447 HOST_CALL            a=85 b=6 c=65 imm=20  ; line 215
2448 RETURN               R85  ; line 215
2449 LOAD_CONST           R86 constant[564]  ; line 215
2450 RETURN               R86  ; line 215
2451 MOVE                 R2 <- R0  ; line 221
2452 MOVE                 R3 <- R1  ; line 221
2453 CALL                 a=4 b=71 c=2 imm=2  ; line 221
2454 MOVE                 R2 <- R1  ; line 221
2455 CALL                 a=3 b=99 c=2 imm=1  ; line 221
2456 MOVE                 R4 <- R3  ; line 221
2457 HOST_CALL            a=5 b=17 c=4 imm=1  ; line 221
2458 RETURN               R5  ; line 221
2459 LOAD_CONST           R6 constant[565]  ; line 221
2460 RETURN               R6  ; line 221
2461 MOVE                 R1 <- R0  ; line 222
2462 CALL                 a=2 b=72 c=1 imm=1  ; line 222
2463 MOVE                 R3 <- R2  ; line 222
2464 CALL                 a=4 b=78 c=3 imm=1  ; line 222
2465 RETURN               R4  ; line 222
2466 LOAD_CONST           R5 constant[566]  ; line 222
2467 RETURN               R5  ; line 222
2468 MOVE                 R1 <- R0  ; line 224
2469 CALL                 a=2 b=72 c=1 imm=1  ; line 224
2470 MOVE                 R3 <- R2  ; line 224
2471 LOAD_CONST           R4 constant[567]  ; line 225
2472 MOVE                 R5 <- R3  ; line 225
2473 MOVE                 R6 <- R4  ; line 225
2474 HOST_CALL            a=7 b=11 c=5 imm=2  ; line 225
2475 LOAD_CONST           R8 constant[568]  ; line 225
2476 COMPARE              a=7 b=8 c=9 imm=0  ; line 225
2477 LOAD_CONST           R10 constant[569]  ; line 225
2478 MOVE                 R11 <- R9  ; line 225
2479 MOVE                 R12 <- R10  ; line 225
2480 HOST_CALL            a=13 b=5 c=11 imm=2  ; line 225
2481 LOAD_CONST           R4 constant[570]  ; line 226
2482 LOAD_CONST           R5 constant[571]  ; line 226
2483 MOVE                 R6 <- R3  ; line 226
2484 MOVE                 R7 <- R5  ; line 226
2485 HOST_CALL            a=8 b=11 c=6 imm=2  ; line 226
2486 LOAD_CONST           R9 constant[572]  ; line 226
2487 MOVE                 R10 <- R8  ; line 226
2488 MOVE                 R11 <- R9  ; line 226
2489 HOST_CALL            a=12 b=11 c=10 imm=2  ; line 226
2490 MOVE                 R13 <- R12  ; line 226
2491 HOST_CALL            a=14 b=72 c=13 imm=1  ; line 226
2492 LOAD_CONST           R15 constant[573]  ; line 226
2493 LOAD_CONST           R16 constant[574]  ; line 226
2494 MOVE                 R17 <- R3  ; line 226
2495 MOVE                 R18 <- R16  ; line 226
2496 HOST_CALL            a=19 b=11 c=17 imm=2  ; line 226
2497 LOAD_CONST           R20 constant[575]  ; line 226
2498 MOVE                 R21 <- R19  ; line 226
2499 MOVE                 R22 <- R20  ; line 226
2500 HOST_CALL            a=23 b=11 c=21 imm=2  ; line 226
2501 MOVE                 R24 <- R23  ; line 226
2502 HOST_CALL            a=25 b=72 c=24 imm=1  ; line 226
2503 MOVE                 R26 <- R4  ; line 226
2504 MOVE                 R27 <- R14  ; line 226
2505 MOVE                 R28 <- R15  ; line 226
2506 MOVE                 R29 <- R25  ; line 226
2507 HOST_CALL            a=30 b=6 c=26 imm=4  ; line 226
2508 RETURN               R30  ; line 226
2509 LOAD_CONST           R31 constant[576]  ; line 226
2510 RETURN               R31  ; line 226
2511 LOAD_CONST           R2 constant[577]  ; line 230
2512 MOVE                 R3 <- R2  ; line 230
2513 LOAD_CONST           R4 constant[578]  ; line 230
2514 COMPARE              a=1 b=4 c=5 imm=5  ; line 230
2515 JUMP_IF_FALSE        R5 -> 2519  ; line 230
2516 LOAD_CONST           R4 constant[579]  ; line 230
2517 MOVE                 R3 <- R4  ; line 230
2518 JUMP                 -> 2519  ; line 230
2519 LOAD_CONST           R4 constant[580]  ; line 231
2520 LOAD_CONST           R5 constant[581]  ; line 231
2521 LOAD_CONST           R6 constant[582]  ; line 231
2522 LOAD_CONST           R7 constant[583]  ; line 231
2523 LOAD_CONST           R8 constant[584]  ; line 231
2524 LOAD_CONST           R9 constant[585]  ; line 231
2525 MOVE                 R10 <- R5  ; line 231
2526 MOVE                 R11 <- R6  ; line 231
2527 MOVE                 R12 <- R7  ; line 231
2528 MOVE                 R13 <- R3  ; line 231
2529 MOVE                 R14 <- R8  ; line 231
2530 MOVE                 R15 <- R9  ; line 231
2531 HOST_CALL            a=16 b=6 c=10 imm=6  ; line 231
2532 MOVE                 R17 <- R4  ; line 231
2533 MOVE                 R18 <- R0  ; line 231
2534 MOVE                 R19 <- R16  ; line 231
2535 CALL                 a=20 b=169 c=17 imm=3  ; line 231
2536 MOVE                 R21 <- R20  ; line 231
2537 LOAD_CONST           R22 constant[586]  ; line 232
2538 MOVE                 R23 <- R21  ; line 232
2539 MOVE                 R24 <- R22  ; line 232
2540 HOST_CALL            a=25 b=11 c=23 imm=2  ; line 232
2541 LOAD_CONST           R26 constant[587]  ; line 232
2542 MOVE                 R27 <- R25  ; line 232
2543 MOVE                 R28 <- R26  ; line 232
2544 HOST_CALL            a=29 b=5 c=27 imm=2  ; line 232
2545 LOAD_CONST           R22 constant[588]  ; line 232
2546 MOVE                 R23 <- R21  ; line 232
2547 MOVE                 R24 <- R22  ; line 232
2548 HOST_CALL            a=25 b=11 c=23 imm=2  ; line 232
2549 RETURN               R25  ; line 232
2550 LOAD_CONST           R26 constant[589]  ; line 232
2551 RETURN               R26  ; line 232
2552 LOAD_CONST           R1 constant[590]  ; line 236
2553 LOAD_CONST           R2 constant[591]  ; line 236
2554 LOAD_CONST           R3 constant[592]  ; line 236
2555 LOAD_CONST           R4 constant[593]  ; line 236
2556 LOAD_CONST           R5 constant[594]  ; line 236
2557 LOAD_CONST           R6 constant[595]  ; line 236
2558 LOAD_CONST           R7 constant[596]  ; line 236
2559 MOVE                 R8 <- R2  ; line 236
2560 MOVE                 R9 <- R3  ; line 236
2561 MOVE                 R10 <- R4  ; line 236
2562 MOVE                 R11 <- R5  ; line 236
2563 MOVE                 R12 <- R6  ; line 236
2564 MOVE                 R13 <- R7  ; line 236
2565 HOST_CALL            a=14 b=6 c=8 imm=6  ; line 236
2566 MOVE                 R15 <- R1  ; line 236
2567 MOVE                 R16 <- R0  ; line 236
2568 MOVE                 R17 <- R14  ; line 236
2569 CALL                 a=18 b=169 c=15 imm=3  ; line 236
2570 MOVE                 R19 <- R18  ; line 236
2571 LOAD_CONST           R20 constant[597]  ; line 237
2572 MOVE                 R21 <- R19  ; line 237
2573 MOVE                 R22 <- R20  ; line 237
2574 HOST_CALL            a=23 b=11 c=21 imm=2  ; line 237
2575 LOAD_CONST           R24 constant[598]  ; line 237
2576 MOVE                 R25 <- R23  ; line 237
2577 MOVE                 R26 <- R24  ; line 237
2578 HOST_CALL            a=27 b=5 c=25 imm=2  ; line 237
2579 LOAD_CONST           R20 constant[599]  ; line 237
2580 MOVE                 R21 <- R19  ; line 237
2581 MOVE                 R22 <- R20  ; line 237
2582 HOST_CALL            a=23 b=11 c=21 imm=2  ; line 237
2583 RETURN               R23  ; line 237
2584 LOAD_CONST           R24 constant[600]  ; line 237
2585 RETURN               R24  ; line 237
2586 LOAD_CONST           R2 constant[601]  ; line 241
2587 MOVE                 R3 <- R2  ; line 241
2588 LOAD_CONST           R4 constant[602]  ; line 241
2589 COMPARE              a=1 b=4 c=5 imm=5  ; line 241
2590 JUMP_IF_FALSE        R5 -> 2594  ; line 241
2591 LOAD_CONST           R4 constant[603]  ; line 241
2592 MOVE                 R3 <- R4  ; line 241
2593 JUMP                 -> 2594  ; line 241
2594 LOAD_CONST           R4 constant[604]  ; line 242
2595 LOAD_CONST           R5 constant[605]  ; line 242
2596 LOAD_CONST           R6 constant[606]  ; line 242
2597 LOAD_CONST           R7 constant[607]  ; line 242
2598 LOAD_CONST           R8 constant[608]  ; line 242
2599 LOAD_CONST           R9 constant[609]  ; line 242
2600 MOVE                 R10 <- R5  ; line 242
2601 MOVE                 R11 <- R6  ; line 242
2602 MOVE                 R12 <- R7  ; line 242
2603 MOVE                 R13 <- R3  ; line 242
2604 MOVE                 R14 <- R8  ; line 242
2605 MOVE                 R15 <- R9  ; line 242
2606 HOST_CALL            a=16 b=6 c=10 imm=6  ; line 242
2607 MOVE                 R17 <- R4  ; line 242
2608 MOVE                 R18 <- R0  ; line 242
2609 MOVE                 R19 <- R16  ; line 242
2610 CALL                 a=20 b=169 c=17 imm=3  ; line 242
2611 MOVE                 R21 <- R20  ; line 242
2612 LOAD_CONST           R22 constant[610]  ; line 243
2613 MOVE                 R23 <- R21  ; line 243
2614 MOVE                 R24 <- R22  ; line 243
2615 HOST_CALL            a=25 b=11 c=23 imm=2  ; line 243
2616 LOAD_CONST           R26 constant[611]  ; line 243
2617 MOVE                 R27 <- R25  ; line 243
2618 MOVE                 R28 <- R26  ; line 243
2619 HOST_CALL            a=29 b=5 c=27 imm=2  ; line 243
2620 LOAD_CONST           R22 constant[612]  ; line 243
2621 MOVE                 R23 <- R21  ; line 243
2622 MOVE                 R24 <- R22  ; line 243
2623 HOST_CALL            a=25 b=11 c=23 imm=2  ; line 243
2624 RETURN               R25  ; line 243
2625 LOAD_CONST           R26 constant[613]  ; line 243
2626 RETURN               R26  ; line 243
2627 HOST_CALL            a=2 b=6 c=2 imm=0  ; line 246
2628 MOVE                 R3 <- R0  ; line 246
2629 MOVE                 R4 <- R1  ; line 246
2630 MOVE                 R5 <- R2  ; line 246
2631 CALL                 a=6 b=171 c=3 imm=3  ; line 246
2632 MOVE                 R7 <- R6  ; line 246
2633 LOAD_CONST           R8 constant[614]  ; line 246
2634 MOVE                 R9 <- R7  ; line 246
2635 MOVE                 R10 <- R8  ; line 246
2636 HOST_CALL            a=11 b=11 c=9 imm=2  ; line 246
2637 LOAD_CONST           R12 constant[615]  ; line 246
2638 MOVE                 R13 <- R11  ; line 246
2639 MOVE                 R14 <- R12  ; line 246
2640 HOST_CALL            a=15 b=5 c=13 imm=2  ; line 246
2641 LOAD_CONST           R8 constant[616]  ; line 246
2642 MOVE                 R9 <- R7  ; line 246
2643 MOVE                 R10 <- R8  ; line 246
2644 HOST_CALL            a=11 b=11 c=9 imm=2  ; line 246
2645 LOAD_CONST           R12 constant[617]  ; line 246
2646 MOVE                 R13 <- R11  ; line 246
2647 MOVE                 R14 <- R12  ; line 246
2648 HOST_CALL            a=15 b=11 c=13 imm=2  ; line 246
2649 RETURN               R15  ; line 246
2650 LOAD_CONST           R16 constant[618]  ; line 246
2651 RETURN               R16  ; line 246
2652 LOAD_CONST           R1 constant[619]  ; line 249
2653 MOVE                 R2 <- R0  ; line 249
2654 MOVE                 R3 <- R1  ; line 249
2655 HOST_CALL            a=4 b=11 c=2 imm=2  ; line 249
2656 LOAD_CONST           R5 constant[620]  ; line 249
2657 COMPARE              a=4 b=5 c=6 imm=0  ; line 249
2658 JUMP_IF_FALSE        R6 -> 2722  ; line 249
2659 LOAD_CONST           R1 constant[621]  ; line 250
2660 MOVE                 R2 <- R0  ; line 250
2661 MOVE                 R3 <- R1  ; line 250
2662 HOST_CALL            a=4 b=11 c=2 imm=2  ; line 250
2663 LOAD_CONST           R5 constant[622]  ; line 250
2664 MOVE                 R6 <- R4  ; line 250
2665 MOVE                 R7 <- R5  ; line 250
2666 HOST_CALL            a=8 b=11 c=6 imm=2  ; line 250
2667 MOVE                 R9 <- R8  ; line 250
2668 HOST_CALL            a=10 b=61 c=9 imm=1  ; line 250
2669 LOAD_CONST           R11 constant[623]  ; line 250
2670 MOVE                 R12 <- R10  ; line 250
2671 MOVE                 R13 <- R11  ; line 250
2672 HOST_CALL            a=14 b=11 c=12 imm=2  ; line 250
2673 LOAD_CONST           R15 constant[624]  ; line 250
2674 MOVE                 R16 <- R0  ; line 250
2675 MOVE                 R17 <- R15  ; line 250
2676 HOST_CALL            a=18 b=11 c=16 imm=2  ; line 250
2677 LOAD_CONST           R19 constant[625]  ; line 250
2678 MOVE                 R20 <- R18  ; line 250
2679 MOVE                 R21 <- R19  ; line 250
2680 HOST_CALL            a=22 b=11 c=20 imm=2  ; line 250
2681 MOVE                 R23 <- R22  ; line 250
2682 HOST_CALL            a=24 b=61 c=23 imm=1  ; line 250
2683 LOAD_CONST           R25 constant[626]  ; line 250
2684 MOVE                 R26 <- R24  ; line 250
2685 MOVE                 R27 <- R25  ; line 250
2686 HOST_CALL            a=28 b=11 c=26 imm=2  ; line 250
2687 BINARY               a=14 b=28 c=29 imm=2  ; line 250
2688 LOAD_CONST           R30 constant[627]  ; line 250
2689 MOVE                 R31 <- R0  ; line 250
2690 MOVE                 R32 <- R30  ; line 250
2691 HOST_CALL            a=33 b=11 c=31 imm=2  ; line 250
2692 LOAD_CONST           R34 constant[628]  ; line 250
2693 MOVE                 R35 <- R33  ; line 250
2694 MOVE                 R36 <- R34  ; line 250
2695 HOST_CALL            a=37 b=11 c=35 imm=2  ; line 250
2696 MOVE                 R38 <- R37  ; line 250
2697 HOST_CALL            a=39 b=61 c=38 imm=1  ; line 250
2698 LOAD_CONST           R40 constant[629]  ; line 250
2699 MOVE                 R41 <- R39  ; line 250
2700 MOVE                 R42 <- R40  ; line 250
2701 HOST_CALL            a=43 b=11 c=41 imm=2  ; line 250
2702 BINARY               a=29 b=43 c=44 imm=0  ; line 250
2703 LOAD_CONST           R45 constant[630]  ; line 250
2704 MOVE                 R46 <- R0  ; line 250
2705 MOVE                 R47 <- R45  ; line 250
2706 HOST_CALL            a=48 b=11 c=46 imm=2  ; line 250
2707 LOAD_CONST           R49 constant[631]  ; line 250
2708 MOVE                 R50 <- R48  ; line 250
2709 MOVE                 R51 <- R49  ; line 250
2710 HOST_CALL            a=52 b=11 c=50 imm=2  ; line 250
2711 MOVE                 R53 <- R52  ; line 250
2712 HOST_CALL            a=54 b=61 c=53 imm=1  ; line 250
2713 LOAD_CONST           R55 constant[632]  ; line 250
2714 MOVE                 R56 <- R54  ; line 250
2715 MOVE                 R57 <- R55  ; line 250
2716 HOST_CALL            a=58 b=11 c=56 imm=2  ; line 250
2717 BINARY               a=44 b=58 c=59 imm=0  ; line 250
2718 LOAD_CONST           R60 constant[633]  ; line 250
2719 BINARY               a=59 b=60 c=61 imm=0  ; line 250
2720 RETURN               R61  ; line 250
2721 JUMP                 -> 2722  ; line 250
2722 LOAD_CONST           R1 constant[634]  ; line 252
2723 MOVE                 R2 <- R0  ; line 252
2724 MOVE                 R3 <- R1  ; line 252
2725 HOST_CALL            a=4 b=11 c=2 imm=2  ; line 252
2726 LOAD_CONST           R5 constant[635]  ; line 252
2727 MOVE                 R6 <- R4  ; line 252
2728 MOVE                 R7 <- R5  ; line 252
2729 HOST_CALL            a=8 b=11 c=6 imm=2  ; line 252
2730 MOVE                 R9 <- R8  ; line 252
2731 HOST_CALL            a=10 b=61 c=9 imm=1  ; line 252
2732 LOAD_CONST           R11 constant[636]  ; line 252
2733 MOVE                 R12 <- R10  ; line 252
2734 MOVE                 R13 <- R11  ; line 252
2735 HOST_CALL            a=14 b=11 c=12 imm=2  ; line 252
2736 LOAD_CONST           R15 constant[637]  ; line 252
2737 BINARY               a=14 b=15 c=16 imm=0  ; line 252
2738 RETURN               R16  ; line 252
2739 LOAD_CONST           R17 constant[638]  ; line 252
2740 RETURN               R17  ; line 252
2741 LOAD_CONST           R2 constant[639]  ; line 256
2742 MOVE                 R3 <- R2  ; line 256
2743 MOVE                 R4 <- R1  ; line 257
2744 CALL                 a=5 b=34 c=4 imm=1  ; line 257
2745 LOAD_CONST           R6 constant[640]  ; line 257
2746 COMPARE              a=5 b=6 c=7 imm=4  ; line 257
2747 JUMP_IF_FALSE        R7 -> 2755  ; line 257
2748 MOVE                 R4 <- R0  ; line 257
2749 MOVE                 R5 <- R1  ; line 257
2750 CALL                 a=6 b=44 c=4 imm=2  ; line 257
2751 MOVE                 R7 <- R6  ; line 257
2752 CALL                 a=8 b=81 c=7 imm=1  ; line 257
2753 MOVE                 R3 <- R8  ; line 257
2754 JUMP                 -> 2755  ; line 257
2755 LOAD_CONST           R4 constant[641]  ; line 258
2756 LOAD_CONST           R5 constant[642]  ; line 258
2757 LOAD_CONST           R6 constant[643]  ; line 258
2758 MOVE                 R7 <- R4  ; line 258
2759 MOVE                 R8 <- R3  ; line 258
2760 MOVE                 R9 <- R5  ; line 258
2761 MOVE                 R10 <- R0  ; line 258
2762 MOVE                 R11 <- R6  ; line 258
2763 MOVE                 R12 <- R1  ; line 258
2764 HOST_CALL            a=13 b=6 c=7 imm=6  ; line 258
2765 RETURN               R13  ; line 258
2766 LOAD_CONST           R14 constant[644]  ; line 258
2767 RETURN               R14  ; line 258
2768 LOAD_CONST           R3 constant[645]  ; line 262
2769 MOVE                 R4 <- R0  ; line 262
2770 MOVE                 R5 <- R3  ; line 262
2771 HOST_CALL            a=6 b=11 c=4 imm=2  ; line 262
2772 MOVE                 R7 <- R6  ; line 262
2773 HOST_CALL            a=8 b=168 c=7 imm=1  ; line 262
2774 MOVE                 R9 <- R1  ; line 262
2775 MOVE                 R10 <- R8  ; line 262
2776 HOST_CALL            a=11 b=67 c=9 imm=2  ; line 262
2777 LOAD_CONST           R12 constant[646]  ; line 262
2778 MOVE                 R13 <- R0  ; line 262
2779 MOVE                 R14 <- R12  ; line 262
2780 HOST_CALL            a=15 b=11 c=13 imm=2  ; line 262
2781 BINARY               a=11 b=15 c=16 imm=0  ; line 262
2782 MOVE                 R17 <- R16  ; line 262
2783 LOAD_CONST           R18 constant[647]  ; line 263
2784 MOVE                 R19 <- R18  ; line 263
2785 HOST_CALL            a=20 b=22 c=19 imm=1  ; line 263
2786 MOVE                 R21 <- R20  ; line 263
2787 LOAD_CONST           R22 constant[648]  ; line 263
2788 MOVE                 R23 <- R22  ; line 263
2789 MOVE                 R24 <- R1  ; line 264
2790 HOST_CALL            a=25 b=61 c=24 imm=1  ; line 264
2791 LOAD_CONST           R26 constant[649]  ; line 264
2792 MOVE                 R27 <- R25  ; line 264
2793 MOVE                 R28 <- R26  ; line 264
2794 HOST_CALL            a=29 b=11 c=27 imm=2  ; line 264
2795 COMPARE              a=23 b=29 c=30 imm=2  ; line 264
2796 JUMP_IF_FALSE        R30 -> 2835  ; line 264
2797 LOAD_CONST           R24 constant[650]  ; line 265
2798 MOVE                 R25 <- R24  ; line 265
2799 LOAD_CONST           R26 constant[651]  ; line 265
2800 MOVE                 R27 <- R26  ; line 265
2801 MOVE                 R28 <- R17  ; line 266
2802 HOST_CALL            a=29 b=61 c=28 imm=1  ; line 266
2803 LOAD_CONST           R30 constant[652]  ; line 266
2804 MOVE                 R31 <- R29  ; line 266
2805 MOVE                 R32 <- R30  ; line 266
2806 HOST_CALL            a=33 b=11 c=31 imm=2  ; line 266
2807 COMPARE              a=27 b=33 c=34 imm=2  ; line 266
2808 JUMP_IF_FALSE        R34 -> 2828  ; line 266
2809 MOVE                 R28 <- R23  ; line 267
2810 MOVE                 R29 <- R27  ; line 267
2811 ARRAY_NEW            a=30 b=28 c=2 imm=4294967295  ; line 267
2812 MOVE                 R31 <- R17  ; line 267
2813 MOVE                 R32 <- R30  ; line 267
2814 HOST_CALL            a=33 b=11 c=31 imm=2  ; line 267
2815 LOAD_CONST           R34 constant[653]  ; line 267
2816 COMPARE              a=33 b=34 c=35 imm=5  ; line 267
2817 JUMP_IF_FALSE        R35 -> 2824  ; line 267
2818 BINARY               a=27 b=2 c=28 imm=0  ; line 267
2819 MOVE                 R29 <- R28  ; line 267
2820 CALL                 a=30 b=36 c=29 imm=1  ; line 267
2821 BINARY               a=25 b=30 c=31 imm=0  ; line 267
2822 MOVE                 R25 <- R31  ; line 267
2823 JUMP                 -> 2824  ; line 267
2824 LOAD_CONST           R28 constant[654]  ; line 268
2825 BINARY               a=27 b=28 c=29 imm=0  ; line 268
2826 MOVE                 R27 <- R29  ; line 268
2827 JUMP                 -> 2801  ; line 268
2828 MOVE                 R28 <- R21  ; line 270
2829 MOVE                 R29 <- R25  ; line 270
2830 HOST_CALL            a=30 b=23 c=28 imm=2  ; line 270
2831 LOAD_CONST           R28 constant[655]  ; line 270
2832 BINARY               a=23 b=28 c=29 imm=0  ; line 270
2833 MOVE                 R23 <- R29  ; line 270
2834 JUMP                 -> 2789  ; line 270
2835 RETURN               R21  ; line 272
2836 LOAD_CONST           R28 constant[656]  ; line 272
2837 RETURN               R28  ; line 272
2838 MOVE                 R4 <- R1  ; line 276
2839 MOVE                 R5 <- R2  ; line 276
2840 CALL                 a=6 b=95 c=4 imm=2  ; line 276
2841 MOVE                 R7 <- R6  ; line 276
2842 LOAD_CONST           R8 constant[657]  ; line 277
2843 MOVE                 R9 <- R7  ; line 277
2844 MOVE                 R10 <- R8  ; line 277
2845 HOST_CALL            a=11 b=11 c=9 imm=2  ; line 277
2846 JUMP_IF_FALSE        R11 -> 2875  ; line 277
2847 LOAD_CONST           R8 constant[658]  ; line 277
2848 LOAD_CONST           R9 constant[659]  ; line 277
2849 MOVE                 R10 <- R1  ; line 277
2850 MOVE                 R11 <- R9  ; line 277
2851 HOST_CALL            a=12 b=11 c=10 imm=2  ; line 277
2852 LOAD_CONST           R13 constant[660]  ; line 277
2853 BINARY               a=12 b=13 c=14 imm=0  ; line 277
2854 MOVE                 R15 <- R1  ; line 277
2855 MOVE                 R16 <- R8  ; line 277
2856 MOVE                 R17 <- R14  ; line 277
2857 HOST_CALL            a=18 b=9 c=15 imm=3  ; line 277
2858 LOAD_CONST           R8 constant[661]  ; line 277
2859 MOVE                 R9 <- R7  ; line 277
2860 MOVE                 R10 <- R8  ; line 277
2861 HOST_CALL            a=11 b=11 c=9 imm=2  ; line 277
2862 MOVE                 R12 <- R1  ; line 277
2863 MOVE                 R13 <- R11  ; line 277
2864 CALL                 a=14 b=96 c=12 imm=2  ; line 277
2865 LOAD_CONST           R8 constant[662]  ; line 277
2866 MOVE                 R9 <- R7  ; line 277
2867 MOVE                 R10 <- R8  ; line 277
2868 HOST_CALL            a=11 b=11 c=9 imm=2  ; line 277
2869 LOAD_CONST           R12 constant[663]  ; line 277
2870 MOVE                 R13 <- R11  ; line 277
2871 MOVE                 R14 <- R12  ; line 277
2872 ARRAY_NEW            a=15 b=13 c=2 imm=4294967295  ; line 277
2873 RETURN               R15  ; line 277
2874 JUMP                 -> 2875  ; line 277
2875 LOAD_CONST           R8 constant[664]  ; line 278
2876 MOVE                 R9 <- R0  ; line 278
2877 MOVE                 R10 <- R8  ; line 278
2878 HOST_CALL            a=11 b=11 c=9 imm=2  ; line 278
2879 LOAD_CONST           R12 constant[665]  ; line 278
2880 MOVE                 R13 <- R0  ; line 278
2881 MOVE                 R14 <- R12  ; line 278
2882 HOST_CALL            a=15 b=11 c=13 imm=2  ; line 278
2883 MOVE                 R16 <- R11  ; line 278
2884 MOVE                 R17 <- R15  ; line 278
2885 MOVE                 R18 <- R2  ; line 278
2886 CALL                 a=19 b=46 c=16 imm=3  ; line 278
2887 MOVE                 R20 <- R19  ; line 278
2888 CALL                 a=21 b=81 c=20 imm=1  ; line 278
2889 MOVE                 R22 <- R21  ; line 278
2890 LOAD_CONST           R23 constant[666]  ; line 279
2891 LOAD_CONST           R24 constant[667]  ; line 279
2892 MOVE                 R25 <- R1  ; line 279
2893 MOVE                 R26 <- R24  ; line 279
2894 HOST_CALL            a=27 b=11 c=25 imm=2  ; line 279
2895 LOAD_CONST           R28 constant[668]  ; line 279
2896 BINARY               a=27 b=28 c=29 imm=0  ; line 279
2897 MOVE                 R30 <- R1  ; line 279
2898 MOVE                 R31 <- R23  ; line 279
2899 MOVE                 R32 <- R29  ; line 279
2900 HOST_CALL            a=33 b=9 c=30 imm=3  ; line 279
2901 LOAD_CONST           R23 constant[669]  ; line 279
2902 LOAD_CONST           R24 constant[670]  ; line 279
2903 MOVE                 R25 <- R1  ; line 279
2904 MOVE                 R26 <- R24  ; line 279
2905 HOST_CALL            a=27 b=11 c=25 imm=2  ; line 279
2906 LOAD_CONST           R28 constant[671]  ; line 279
2907 BINARY               a=27 b=28 c=29 imm=0  ; line 279
2908 MOVE                 R30 <- R1  ; line 279
2909 MOVE                 R31 <- R23  ; line 279
2910 MOVE                 R32 <- R29  ; line 279
2911 HOST_CALL            a=33 b=9 c=30 imm=3  ; line 279
2912 LOAD_CONST           R23 constant[672]  ; line 280
2913 COMPARE              a=3 b=23 c=24 imm=4  ; line 280
2914 JUMP_IF_FALSE        R24 -> 2971  ; line 280
2915 MOVE                 R23 <- R2  ; line 281
2916 ARRAY_NEW            a=24 b=23 c=1 imm=4294967295  ; line 281
2917 MOVE                 R25 <- R24  ; line 281
2918 MOVE                 R26 <- R22  ; line 281
2919 ARRAY_NEW            a=27 b=26 c=1 imm=4294967295  ; line 281
2920 MOVE                 R28 <- R27  ; line 281
2921 LOAD_CONST           R29 constant[673]  ; line 281
2922 MOVE                 R30 <- R29  ; line 281
2923 LOAD_CONST           R31 constant[674]  ; line 282
2924 MOVE                 R32 <- R1  ; line 282
2925 MOVE                 R33 <- R31  ; line 282
2926 HOST_CALL            a=34 b=11 c=32 imm=2  ; line 282
2927 MOVE                 R35 <- R34  ; line 282
2928 HOST_CALL            a=36 b=26 c=35 imm=1  ; line 282
2929 COMPARE              a=30 b=36 c=37 imm=2  ; line 282
2930 JUMP_IF_FALSE        R37 -> 2960  ; line 282
2931 LOAD_CONST           R31 constant[675]  ; line 283
2932 BINARY               a=3 b=31 c=32 imm=1  ; line 283
2933 COMPARE              a=30 b=32 c=33 imm=2  ; line 283
2934 JUMP_IF_FALSE        R33 -> 2956  ; line 283
2935 LOAD_CONST           R31 constant[676]  ; line 283
2936 MOVE                 R32 <- R1  ; line 283
2937 MOVE                 R33 <- R31  ; line 283
2938 HOST_CALL            a=34 b=11 c=32 imm=2  ; line 283
2939 MOVE                 R35 <- R34  ; line 283
2940 MOVE                 R36 <- R30  ; line 283
2941 HOST_CALL            a=37 b=11 c=35 imm=2  ; line 283
2942 MOVE                 R38 <- R25  ; line 283
2943 MOVE                 R39 <- R37  ; line 283
2944 HOST_CALL            a=40 b=23 c=38 imm=2  ; line 283
2945 LOAD_CONST           R31 constant[677]  ; line 283
2946 MOVE                 R32 <- R1  ; line 283
2947 MOVE                 R33 <- R31  ; line 283
2948 HOST_CALL            a=34 b=11 c=32 imm=2  ; line 283
2949 MOVE                 R35 <- R34  ; line 283
2950 MOVE                 R36 <- R30  ; line 283
2951 HOST_CALL            a=37 b=11 c=35 imm=2  ; line 283
2952 MOVE                 R38 <- R28  ; line 283
2953 MOVE                 R39 <- R37  ; line 283
2954 HOST_CALL            a=40 b=23 c=38 imm=2  ; line 283
2955 JUMP                 -> 2956  ; line 283
2956 LOAD_CONST           R31 constant[678]  ; line 284
2957 BINARY               a=30 b=31 c=32 imm=0  ; line 284
2958 MOVE                 R30 <- R32  ; line 284
2959 JUMP                 -> 2923  ; line 284
2960 LOAD_CONST           R31 constant[679]  ; line 286
2961 MOVE                 R32 <- R1  ; line 286
2962 MOVE                 R33 <- R31  ; line 286
2963 MOVE                 R34 <- R25  ; line 286
2964 HOST_CALL            a=35 b=9 c=32 imm=3  ; line 286
2965 LOAD_CONST           R31 constant[680]  ; line 286
2966 MOVE                 R32 <- R1  ; line 286
2967 MOVE                 R33 <- R31  ; line 286
2968 MOVE                 R34 <- R28  ; line 286
2969 HOST_CALL            a=35 b=9 c=32 imm=3  ; line 286
2970 JUMP                 -> 2971  ; line 286
2971 LOAD_CONST           R31 constant[681]  ; line 288
2972 MOVE                 R32 <- R22  ; line 288
2973 MOVE                 R33 <- R31  ; line 288
2974 ARRAY_NEW            a=34 b=32 c=2 imm=4294967295  ; line 288
2975 RETURN               R34  ; line 288
2976 LOAD_CONST           R35 constant[682]  ; line 288
2977 RETURN               R35  ; line 288
2978 LOAD_CONST           R4 constant[683]  ; line 292
2979 MOVE                 R5 <- R4  ; line 292
2980 LOAD_CONST           R6 constant[684]  ; line 293
2981 MOVE                 R7 <- R0  ; line 293
2982 MOVE                 R8 <- R6  ; line 293
2983 HOST_CALL            a=9 b=11 c=7 imm=2  ; line 293
2984 MOVE                 R10 <- R9  ; line 293
2985 CALL                 a=11 b=34 c=10 imm=1  ; line 293
2986 LOAD_CONST           R12 constant[685]  ; line 293
2987 COMPARE              a=11 b=12 c=13 imm=4  ; line 293
2988 JUMP_IF_FALSE        R13 -> 3008  ; line 293
2989 LOAD_CONST           R6 constant[686]  ; line 293
2990 MOVE                 R7 <- R0  ; line 293
2991 MOVE                 R8 <- R6  ; line 293
2992 HOST_CALL            a=9 b=11 c=7 imm=2  ; line 293
2993 CALL                 a=10 b=33 c=10 imm=0  ; line 293
2994 MOVE                 R11 <- R9  ; line 293
2995 MOVE                 R12 <- R3  ; line 293
2996 MOVE                 R13 <- R10  ; line 293
2997 CALL                 a=14 b=88 c=11 imm=3  ; line 293
2998 LOAD_CONST           R15 constant[687]  ; line 293
2999 MOVE                 R16 <- R14  ; line 293
3000 MOVE                 R17 <- R15  ; line 293
3001 HOST_CALL            a=18 b=11 c=16 imm=2  ; line 293
3002 CALL                 a=19 b=33 c=19 imm=0  ; line 293
3003 MOVE                 R20 <- R19  ; line 293
3004 CALL                 a=21 b=36 c=20 imm=1  ; line 293
3005 BINARY               a=18 b=21 c=22 imm=3  ; line 293
3006 MOVE                 R5 <- R22  ; line 293
3007 JUMP                 -> 3008  ; line 293
3008 MOVE                 R6 <- R0  ; line 294
3009 MOVE                 R7 <- R1  ; line 294
3010 MOVE                 R8 <- R5  ; line 294
3011 MOVE                 R9 <- R2  ; line 294
3012 CALL                 a=10 b=89 c=6 imm=4  ; line 294
3013 LOAD_CONST           R11 constant[688]  ; line 294
3014 MOVE                 R12 <- R10  ; line 294
3015 MOVE                 R13 <- R11  ; line 294
3016 HOST_CALL            a=14 b=11 c=12 imm=2  ; line 294
3017 LOAD_CONST           R15 constant[689]  ; line 294
3018 MOVE                 R16 <- R14  ; line 294
3019 MOVE                 R17 <- R3  ; line 294
3020 MOVE                 R18 <- R15  ; line 294
3021 CALL                 a=19 b=88 c=16 imm=3  ; line 294
3022 LOAD_CONST           R20 constant[690]  ; line 294
3023 MOVE                 R21 <- R19  ; line 294
3024 MOVE                 R22 <- R20  ; line 294
3025 HOST_CALL            a=23 b=11 c=21 imm=2  ; line 294
3026 MOVE                 R24 <- R23  ; line 294
3027 CALL                 a=25 b=33 c=25 imm=0  ; line 295
3028 MOVE                 R26 <- R25  ; line 295
3029 CALL                 a=27 b=36 c=26 imm=1  ; line 295
3030 BINARY               a=5 b=27 c=28 imm=2  ; line 295
3031 BINARY               a=28 b=24 c=29 imm=0  ; line 295
3032 MOVE                 R30 <- R29  ; line 295
3033 LOAD_CONST           R31 constant[691]  ; line 296
3034 MOVE                 R32 <- R0  ; line 296
3035 MOVE                 R33 <- R31  ; line 296
3036 HOST_CALL            a=34 b=11 c=32 imm=2  ; line 296
3037 COMPARE              a=30 b=34 c=35 imm=2  ; line 296
3038 LOAD_CONST           R36 constant[692]  ; line 296
3039 MOVE                 R37 <- R35  ; line 296
3040 MOVE                 R38 <- R36  ; line 296
3041 HOST_CALL            a=39 b=5 c=37 imm=2  ; line 296
3042 RETURN               R30  ; line 296
3043 LOAD_CONST           R31 constant[693]  ; line 296
3044 RETURN               R31  ; line 296
3045 CALL                 a=2 b=94 c=2 imm=0  ; line 300
3046 MOVE                 R3 <- R2  ; line 300
3047 LOAD_CONST           R4 constant[694]  ; line 300
3048 MOVE                 R5 <- R4  ; line 300
3049 HOST_CALL            a=6 b=22 c=5 imm=1  ; line 300
3050 MOVE                 R7 <- R6  ; line 300
3051 LOAD_CONST           R8 constant[695]  ; line 300
3052 MOVE                 R9 <- R8  ; line 300
3053 MOVE                 R10 <- R1  ; line 301
3054 HOST_CALL            a=11 b=61 c=10 imm=1  ; line 301
3055 LOAD_CONST           R12 constant[696]  ; line 301
3056 MOVE                 R13 <- R11  ; line 301
3057 MOVE                 R14 <- R12  ; line 301
3058 HOST_CALL            a=15 b=11 c=13 imm=2  ; line 301
3059 COMPARE              a=9 b=15 c=16 imm=2  ; line 301
3060 JUMP_IF_FALSE        R16 -> 3081  ; line 301
3061 LOAD_CONST           R10 constant[697]  ; line 302
3062 MOVE                 R11 <- R1  ; line 302
3063 MOVE                 R12 <- R9  ; line 302
3064 CALL                 a=13 b=65 c=11 imm=2  ; line 302
3065 MOVE                 R14 <- R13  ; line 302
3066 ARRAY_NEW            a=15 b=14 c=1 imm=4294967295  ; line 302
3067 MOVE                 R16 <- R15  ; line 302
3068 HOST_CALL            a=17 b=72 c=16 imm=1  ; line 302
3069 MOVE                 R18 <- R0  ; line 302
3070 MOVE                 R19 <- R3  ; line 302
3071 MOVE                 R20 <- R10  ; line 302
3072 MOVE                 R21 <- R17  ; line 302
3073 CALL                 a=22 b=90 c=18 imm=4  ; line 302
3074 MOVE                 R23 <- R7  ; line 302
3075 MOVE                 R24 <- R22  ; line 302
3076 HOST_CALL            a=25 b=23 c=23 imm=2  ; line 302
3077 LOAD_CONST           R10 constant[698]  ; line 303
3078 BINARY               a=9 b=10 c=11 imm=0  ; line 303
3079 MOVE                 R9 <- R11  ; line 303
3080 JUMP                 -> 3053  ; line 303
3081 RETURN               R7  ; line 305
3082 LOAD_CONST           R10 constant[699]  ; line 305
3083 RETURN               R10  ; line 305
3084 LOAD_CONST           R2 constant[700]  ; line 308
3085 MOVE                 R3 <- R0  ; line 308
3086 MOVE                 R4 <- R2  ; line 308
3087 CALL                 a=5 b=20 c=3 imm=2  ; line 308
3088 LOAD_CONST           R6 constant[701]  ; line 308
3089 BINARY               a=5 b=6 c=7 imm=2  ; line 308
3090 LOAD_CONST           R8 constant[702]  ; line 308
3091 BINARY               a=7 b=8 c=9 imm=0  ; line 308
3092 MOVE                 R10 <- R9  ; line 308
3093 MOVE                 R11 <- R1  ; line 308
3094 CALL                 a=12 b=21 c=10 imm=2  ; line 308
3095 RETURN               R12  ; line 308
3096 LOAD_CONST           R13 constant[703]  ; line 308
3097 RETURN               R13  ; line 308
3098 BINARY               a=0 b=1 c=2 imm=1  ; line 309
3099 MOVE                 R3 <- R2  ; line 309
3100 BINARY               a=3 b=3 c=4 imm=2  ; line 309
3101 RETURN               R4  ; line 309
3102 LOAD_CONST           R5 constant[704]  ; line 309
3103 RETURN               R5  ; line 309
3104 LOAD_CONST           R0 constant[705]  ; line 311
3105 LOAD_CONST           R1 constant[706]  ; line 311
3106 MOVE                 R2 <- R1  ; line 311
3107 HOST_CALL            a=3 b=22 c=2 imm=1  ; line 311
3108 LOAD_CONST           R4 constant[707]  ; line 311
3109 LOAD_CONST           R5 constant[708]  ; line 311
3110 MOVE                 R6 <- R5  ; line 311
3111 HOST_CALL            a=7 b=22 c=6 imm=1  ; line 311
3112 LOAD_CONST           R8 constant[709]  ; line 311
3113 LOAD_CONST           R9 constant[710]  ; line 311
3114 LOAD_CONST           R10 constant[711]  ; line 311
3115 LOAD_CONST           R11 constant[712]  ; line 311
3116 LOAD_CONST           R12 constant[713]  ; line 311
3117 LOAD_CONST           R13 constant[714]  ; line 311
3118 MOVE                 R14 <- R0  ; line 311
3119 MOVE                 R15 <- R3  ; line 311
3120 MOVE                 R16 <- R4  ; line 311
3121 MOVE                 R17 <- R7  ; line 311
3122 MOVE                 R18 <- R8  ; line 311
3123 MOVE                 R19 <- R9  ; line 311
3124 MOVE                 R20 <- R10  ; line 311
3125 MOVE                 R21 <- R11  ; line 311
3126 MOVE                 R22 <- R12  ; line 311
3127 MOVE                 R23 <- R13  ; line 311
3128 HOST_CALL            a=24 b=6 c=14 imm=10  ; line 311
3129 RETURN               R24  ; line 311
3130 LOAD_CONST           R25 constant[715]  ; line 311
3131 RETURN               R25  ; line 311
3132 LOAD_CONST           R2 constant[716]  ; line 314
3133 MOVE                 R3 <- R2  ; line 314
3134 LOAD_CONST           R4 constant[717]  ; line 315
3135 MOVE                 R5 <- R0  ; line 315
3136 MOVE                 R6 <- R4  ; line 315
3137 HOST_CALL            a=7 b=11 c=5 imm=2  ; line 315
3138 MOVE                 R8 <- R7  ; line 315
3139 HOST_CALL            a=9 b=26 c=8 imm=1  ; line 315
3140 COMPARE              a=3 b=9 c=10 imm=2  ; line 315
3141 JUMP_IF_FALSE        R10 -> 3169  ; line 315
3142 LOAD_CONST           R4 constant[718]  ; line 316
3143 MOVE                 R5 <- R0  ; line 316
3144 MOVE                 R6 <- R4  ; line 316
3145 HOST_CALL            a=7 b=11 c=5 imm=2  ; line 316
3146 MOVE                 R8 <- R7  ; line 316
3147 MOVE                 R9 <- R3  ; line 316
3148 HOST_CALL            a=10 b=11 c=8 imm=2  ; line 316
3149 COMPARE              a=10 b=1 c=11 imm=0  ; line 316
3150 JUMP_IF_FALSE        R11 -> 3165  ; line 316
3151 LOAD_CONST           R4 constant[719]  ; line 316
3152 LOAD_CONST           R5 constant[720]  ; line 316
3153 MOVE                 R6 <- R0  ; line 316
3154 MOVE                 R7 <- R5  ; line 316
3155 HOST_CALL            a=8 b=11 c=6 imm=2  ; line 316
3156 MOVE                 R9 <- R8  ; line 316
3157 MOVE                 R10 <- R3  ; line 316
3158 HOST_CALL            a=11 b=11 c=9 imm=2  ; line 316
3159 MOVE                 R12 <- R4  ; line 316
3160 MOVE                 R13 <- R11  ; line 316
3161 MOVE                 R14 <- R3  ; line 316
3162 ARRAY_NEW            a=15 b=12 c=3 imm=4294967295  ; line 316
3163 RETURN               R15  ; line 316
3164 JUMP                 -> 3165  ; line 316
3165 LOAD_CONST           R4 constant[721]  ; line 317
3166 BINARY               a=3 b=4 c=5 imm=0  ; line 317
3167 MOVE                 R3 <- R5  ; line 317
3168 JUMP                 -> 3134  ; line 317
3169 LOAD_CONST           R4 constant[722]  ; line 319
3170 LOAD_CONST           R5 constant[723]  ; line 319
3171 LOAD_CONST           R6 constant[724]  ; line 319
3172 UNARY                a=6 b=7 c=4294967295 imm=0  ; line 319
3173 MOVE                 R8 <- R4  ; line 319
3174 MOVE                 R9 <- R5  ; line 319
3175 MOVE                 R10 <- R7  ; line 319
3176 ARRAY_NEW            a=11 b=8 c=3 imm=4294967295  ; line 319
3177 RETURN               R11  ; line 319
3178 LOAD_CONST           R12 constant[725]  ; line 319
3179 RETURN               R12  ; line 319
3180 LOAD_CONST           R2 constant[726]  ; line 323
3181 MOVE                 R3 <- R2  ; line 323
3182 HOST_CALL            a=4 b=22 c=3 imm=1  ; line 323
3183 MOVE                 R5 <- R4  ; line 323
3184 LOAD_CONST           R6 constant[727]  ; line 323
3185 MOVE                 R7 <- R6  ; line 323
3186 HOST_CALL            a=8 b=22 c=7 imm=1  ; line 323
3187 MOVE                 R9 <- R8  ; line 323
3188 LOAD_CONST           R10 constant[728]  ; line 324
3189 MOVE                 R11 <- R0  ; line 324
3190 MOVE                 R12 <- R10  ; line 324
3191 HOST_CALL            a=13 b=11 c=11 imm=2  ; line 324
3192 MOVE                 R14 <- R13  ; line 324
3193 MOVE                 R15 <- R1  ; line 324
3194 HOST_CALL            a=16 b=11 c=14 imm=2  ; line 324
3195 MOVE                 R17 <- R5  ; line 324
3196 MOVE                 R18 <- R16  ; line 324
3197 HOST_CALL            a=19 b=23 c=17 imm=2  ; line 324
3198 LOAD_CONST           R10 constant[729]  ; line 324
3199 MOVE                 R11 <- R0  ; line 324
3200 MOVE                 R12 <- R10  ; line 324
3201 HOST_CALL            a=13 b=11 c=11 imm=2  ; line 324
3202 MOVE                 R14 <- R13  ; line 324
3203 MOVE                 R15 <- R1  ; line 324
3204 HOST_CALL            a=16 b=11 c=14 imm=2  ; line 324
3205 MOVE                 R17 <- R9  ; line 324
3206 MOVE                 R18 <- R16  ; line 324
3207 HOST_CALL            a=19 b=23 c=17 imm=2  ; line 324
3208 LOAD_CONST           R10 constant[730]  ; line 325
3209 MOVE                 R11 <- R10  ; line 325
3210 LOAD_CONST           R12 constant[731]  ; line 326
3211 MOVE                 R13 <- R0  ; line 326
3212 MOVE                 R14 <- R12  ; line 326
3213 HOST_CALL            a=15 b=11 c=13 imm=2  ; line 326
3214 MOVE                 R16 <- R15  ; line 326
3215 HOST_CALL            a=17 b=26 c=16 imm=1  ; line 326
3216 COMPARE              a=11 b=17 c=18 imm=2  ; line 326
3217 JUMP_IF_FALSE        R18 -> 3245  ; line 326
3218 COMPARE              a=11 b=1 c=12 imm=1  ; line 327
3219 JUMP_IF_FALSE        R12 -> 3241  ; line 327
3220 LOAD_CONST           R12 constant[732]  ; line 327
3221 MOVE                 R13 <- R0  ; line 327
3222 MOVE                 R14 <- R12  ; line 327
3223 HOST_CALL            a=15 b=11 c=13 imm=2  ; line 327
3224 MOVE                 R16 <- R15  ; line 327
3225 MOVE                 R17 <- R11  ; line 327
3226 HOST_CALL            a=18 b=11 c=16 imm=2  ; line 327
3227 MOVE                 R19 <- R5  ; line 327
3228 MOVE                 R20 <- R18  ; line 327
3229 HOST_CALL            a=21 b=23 c=19 imm=2  ; line 327
3230 LOAD_CONST           R12 constant[733]  ; line 327
3231 MOVE                 R13 <- R0  ; line 327
3232 MOVE                 R14 <- R12  ; line 327
3233 HOST_CALL            a=15 b=11 c=13 imm=2  ; line 327
3234 MOVE                 R16 <- R15  ; line 327
3235 MOVE                 R17 <- R11  ; line 327
3236 HOST_CALL            a=18 b=11 c=16 imm=2  ; line 327
3237 MOVE                 R19 <- R9  ; line 327
3238 MOVE                 R20 <- R18  ; line 327
3239 HOST_CALL            a=21 b=23 c=19 imm=2  ; line 327
3240 JUMP                 -> 3241  ; line 327
3241 LOAD_CONST           R12 constant[734]  ; line 328
3242 BINARY               a=11 b=12 c=13 imm=0  ; line 328
3243 MOVE                 R11 <- R13  ; line 328
3244 JUMP                 -> 3210  ; line 328
3245 LOAD_CONST           R12 constant[735]  ; line 330
3246 MOVE                 R13 <- R0  ; line 330
3247 MOVE                 R14 <- R12  ; line 330
3248 MOVE                 R15 <- R5  ; line 330
3249 HOST_CALL            a=16 b=9 c=13 imm=3  ; line 330
3250 LOAD_CONST           R12 constant[736]  ; line 330
3251 MOVE                 R13 <- R0  ; line 330
3252 MOVE                 R14 <- R12  ; line 330
3253 MOVE                 R15 <- R9  ; line 330
3254 HOST_CALL            a=16 b=9 c=13 imm=3  ; line 330
3255 LOAD_CONST           R12 constant[737]  ; line 330
3256 RETURN               R12  ; line 330
3257 LOAD_CONST           R13 constant[738]  ; line 330
3258 RETURN               R13  ; line 330
3259 MOVE                 R5 <- R2  ; line 334
3260 MOVE                 R6 <- R3  ; line 334
3261 CALL                 a=7 b=95 c=5 imm=2  ; line 334
3262 MOVE                 R8 <- R7  ; line 334
3263 LOAD_CONST           R9 constant[739]  ; line 335
3264 MOVE                 R10 <- R8  ; line 335
3265 MOVE                 R11 <- R9  ; line 335
3266 HOST_CALL            a=12 b=11 c=10 imm=2  ; line 335
3267 JUMP_IF_FALSE        R12 -> 3296  ; line 335
3268 LOAD_CONST           R9 constant[740]  ; line 335
3269 LOAD_CONST           R10 constant[741]  ; line 335
3270 MOVE                 R11 <- R2  ; line 335
3271 MOVE                 R12 <- R10  ; line 335
3272 HOST_CALL            a=13 b=11 c=11 imm=2  ; line 335
3273 LOAD_CONST           R14 constant[742]  ; line 335
3274 BINARY               a=13 b=14 c=15 imm=0  ; line 335
3275 MOVE                 R16 <- R2  ; line 335
3276 MOVE                 R17 <- R9  ; line 335
3277 MOVE                 R18 <- R15  ; line 335
3278 HOST_CALL            a=19 b=9 c=16 imm=3  ; line 335
3279 LOAD_CONST           R9 constant[743]  ; line 335
3280 MOVE                 R10 <- R8  ; line 335
3281 MOVE                 R11 <- R9  ; line 335
3282 HOST_CALL            a=12 b=11 c=10 imm=2  ; line 335
3283 MOVE                 R13 <- R2  ; line 335
3284 MOVE                 R14 <- R12  ; line 335
3285 CALL                 a=15 b=96 c=13 imm=2  ; line 335
3286 LOAD_CONST           R9 constant[744]  ; line 335
3287 MOVE                 R10 <- R8  ; line 335
3288 MOVE                 R11 <- R9  ; line 335
3289 HOST_CALL            a=12 b=11 c=10 imm=2  ; line 335
3290 LOAD_CONST           R13 constant[745]  ; line 335
3291 MOVE                 R14 <- R12  ; line 335
3292 MOVE                 R15 <- R13  ; line 335
3293 ARRAY_NEW            a=16 b=14 c=2 imm=4294967295  ; line 335
3294 RETURN               R16  ; line 335
3295 JUMP                 -> 3296  ; line 335
3296 MOVE                 R9 <- R0  ; line 336
3297 MOVE                 R10 <- R1  ; line 336
3298 MOVE                 R11 <- R3  ; line 336
3299 CALL                 a=12 b=47 c=9 imm=3  ; line 336
3300 MOVE                 R13 <- R12  ; line 336
3301 CALL                 a=14 b=80 c=13 imm=1  ; line 336
3302 MOVE                 R15 <- R14  ; line 336
3303 LOAD_CONST           R16 constant[746]  ; line 337
3304 LOAD_CONST           R17 constant[747]  ; line 337
3305 MOVE                 R18 <- R2  ; line 337
3306 MOVE                 R19 <- R17  ; line 337
3307 HOST_CALL            a=20 b=11 c=18 imm=2  ; line 337
3308 LOAD_CONST           R21 constant[748]  ; line 337
3309 BINARY               a=20 b=21 c=22 imm=0  ; line 337
3310 MOVE                 R23 <- R2  ; line 337
3311 MOVE                 R24 <- R16  ; line 337
3312 MOVE                 R25 <- R22  ; line 337
3313 HOST_CALL            a=26 b=9 c=23 imm=3  ; line 337
3314 LOAD_CONST           R16 constant[749]  ; line 337
3315 LOAD_CONST           R17 constant[750]  ; line 337
3316 MOVE                 R18 <- R2  ; line 337
3317 MOVE                 R19 <- R17  ; line 337
3318 HOST_CALL            a=20 b=11 c=18 imm=2  ; line 337
3319 LOAD_CONST           R21 constant[751]  ; line 337
3320 BINARY               a=20 b=21 c=22 imm=0  ; line 337
3321 MOVE                 R23 <- R2  ; line 337
3322 MOVE                 R24 <- R16  ; line 337
3323 MOVE                 R25 <- R22  ; line 337
3324 HOST_CALL            a=26 b=9 c=23 imm=3  ; line 337
3325 LOAD_CONST           R16 constant[752]  ; line 338
3326 COMPARE              a=4 b=16 c=17 imm=4  ; line 338
3327 JUMP_IF_FALSE        R17 -> 3384  ; line 338
3328 MOVE                 R16 <- R3  ; line 339
3329 ARRAY_NEW            a=17 b=16 c=1 imm=4294967295  ; line 339
3330 MOVE                 R18 <- R17  ; line 339
3331 MOVE                 R19 <- R15  ; line 339
3332 ARRAY_NEW            a=20 b=19 c=1 imm=4294967295  ; line 339
3333 MOVE                 R21 <- R20  ; line 339
3334 LOAD_CONST           R22 constant[753]  ; line 339
3335 MOVE                 R23 <- R22  ; line 339
3336 LOAD_CONST           R24 constant[754]  ; line 340
3337 MOVE                 R25 <- R2  ; line 340
3338 MOVE                 R26 <- R24  ; line 340
3339 HOST_CALL            a=27 b=11 c=25 imm=2  ; line 340
3340 MOVE                 R28 <- R27  ; line 340
3341 HOST_CALL            a=29 b=26 c=28 imm=1  ; line 340
3342 COMPARE              a=23 b=29 c=30 imm=2  ; line 340
3343 JUMP_IF_FALSE        R30 -> 3373  ; line 340
3344 LOAD_CONST           R24 constant[755]  ; line 341
3345 BINARY               a=4 b=24 c=25 imm=1  ; line 341
3346 COMPARE              a=23 b=25 c=26 imm=2  ; line 341
3347 JUMP_IF_FALSE        R26 -> 3369  ; line 341
3348 LOAD_CONST           R24 constant[756]  ; line 341
3349 MOVE                 R25 <- R2  ; line 341
3350 MOVE                 R26 <- R24  ; line 341
3351 HOST_CALL            a=27 b=11 c=25 imm=2  ; line 341
3352 MOVE                 R28 <- R27  ; line 341
3353 MOVE                 R29 <- R23  ; line 341
3354 HOST_CALL            a=30 b=11 c=28 imm=2  ; line 341
3355 MOVE                 R31 <- R18  ; line 341
3356 MOVE                 R32 <- R30  ; line 341
3357 HOST_CALL            a=33 b=23 c=31 imm=2  ; line 341
3358 LOAD_CONST           R24 constant[757]  ; line 341
3359 MOVE                 R25 <- R2  ; line 341
3360 MOVE                 R26 <- R24  ; line 341
3361 HOST_CALL            a=27 b=11 c=25 imm=2  ; line 341
3362 MOVE                 R28 <- R27  ; line 341
3363 MOVE                 R29 <- R23  ; line 341
3364 HOST_CALL            a=30 b=11 c=28 imm=2  ; line 341
3365 MOVE                 R31 <- R21  ; line 341
3366 MOVE                 R32 <- R30  ; line 341
3367 HOST_CALL            a=33 b=23 c=31 imm=2  ; line 341
3368 JUMP                 -> 3369  ; line 341
3369 LOAD_CONST           R24 constant[758]  ; line 342
3370 BINARY               a=23 b=24 c=25 imm=0  ; line 342
3371 MOVE                 R23 <- R25  ; line 342
3372 JUMP                 -> 3336  ; line 342
3373 LOAD_CONST           R24 constant[759]  ; line 344
3374 MOVE                 R25 <- R2  ; line 344
3375 MOVE                 R26 <- R24  ; line 344
3376 MOVE                 R27 <- R18  ; line 344
3377 HOST_CALL            a=28 b=9 c=25 imm=3  ; line 344
3378 LOAD_CONST           R24 constant[760]  ; line 344
3379 MOVE                 R25 <- R2  ; line 344
3380 MOVE                 R26 <- R24  ; line 344
3381 MOVE                 R27 <- R21  ; line 344
3382 HOST_CALL            a=28 b=9 c=25 imm=3  ; line 344
3383 JUMP                 -> 3384  ; line 344
3384 LOAD_CONST           R24 constant[761]  ; line 346
3385 MOVE                 R25 <- R15  ; line 346
3386 MOVE                 R26 <- R24  ; line 346
3387 ARRAY_NEW            a=27 b=25 c=2 imm=4294967295  ; line 346
3388 RETURN               R27  ; line 346
3389 LOAD_CONST           R28 constant[762]  ; line 346
3390 RETURN               R28  ; line 346
3391 MOVE                 R1 <- R0  ; line 9
3392 HOST_CALL            a=2 b=13 c=1 imm=1  ; line 9
3393 RETURN               R2  ; line 9
3394 LOAD_CONST           R3 constant[763]  ; line 9
3395 RETURN               R3  ; line 9
3396 MOVE                 R1 <- R0  ; line 13
3397 HOST_CALL            a=2 b=14 c=1 imm=1  ; line 13
3398 RETURN               R2  ; line 13
3399 LOAD_CONST           R3 constant[764]  ; line 13
3400 RETURN               R3  ; line 13
3401 LOAD_CONST           R3 constant[765]  ; line 8
3402 LOAD_CONST           R4 constant[766]  ; line 8
3403 LOAD_CONST           R5 constant[767]  ; line 8
3404 LOAD_CONST           R6 constant[768]  ; line 8
3405 MOVE                 R7 <- R4  ; line 8
3406 MOVE                 R8 <- R0  ; line 8
3407 MOVE                 R9 <- R5  ; line 8
3408 MOVE                 R10 <- R1  ; line 8
3409 MOVE                 R11 <- R6  ; line 8
3410 MOVE                 R12 <- R2  ; line 8
3411 HOST_CALL            a=13 b=6 c=7 imm=6  ; line 8
3412 MOVE                 R14 <- R3  ; line 8
3413 MOVE                 R15 <- R13  ; line 8
3414 ARRAY_NEW            a=16 b=14 c=2 imm=4294967295  ; line 8
3415 RETURN               R16  ; line 8
3416 LOAD_CONST           R17 constant[769]  ; line 8
3417 RETURN               R17  ; line 8
3418 MOVE                 R3 <- R0  ; line 12
3419 MOVE                 R4 <- R1  ; line 12
3420 HOST_CALL            a=5 b=7 c=3 imm=2  ; line 12
3421 JUMP_IF_FALSE        R5 -> 3427  ; line 12
3422 MOVE                 R3 <- R0  ; line 12
3423 MOVE                 R4 <- R1  ; line 12
3424 HOST_CALL            a=5 b=11 c=3 imm=2  ; line 12
3425 RETURN               R5  ; line 12
3426 JUMP                 -> 3427  ; line 12
3427 RETURN               R2  ; line 13
3428 LOAD_CONST           R3 constant[770]  ; line 13
3429 RETURN               R3  ; line 13
3430 MOVE                 R1 <- R0  ; line 17
3431 HOST_CALL            a=2 b=86 c=1 imm=1  ; line 17
3432 LOAD_CONST           R3 constant[771]  ; line 17
3433 COMPARE              a=2 b=3 c=4 imm=1  ; line 17
3434 JUMP_IF_FALSE        R4 -> 3438  ; line 17
3435 LOAD_CONST           R1 constant[772]  ; line 17
3436 RETURN               R1  ; line 17
3437 JUMP                 -> 3438  ; line 17
3438 BINARY               a=0 b=0 c=1 imm=1  ; line 18
3439 LOAD_CONST           R2 constant[773]  ; line 18
3440 COMPARE              a=1 b=2 c=3 imm=0  ; line 18
3441 RETURN               R3  ; line 18
3442 LOAD_CONST           R4 constant[774]  ; line 18
3443 RETURN               R4  ; line 18
3444 LOAD_CONST           R1 constant[775]  ; line 22
3445 COMPARE              a=0 b=1 c=2 imm=2  ; line 22
3446 JUMP_IF_FALSE        R2 -> 3450  ; line 22
3447 UNARY                a=0 b=1 c=4294967295 imm=0  ; line 22
3448 RETURN               R1  ; line 22
3449 JUMP                 -> 3450  ; line 22
3450 RETURN               R0  ; line 23
3451 LOAD_CONST           R1 constant[776]  ; line 23
3452 RETURN               R1  ; line 23
3453 BINARY               a=0 b=1 c=2 imm=3  ; line 27
3454 MOVE                 R3 <- R2  ; line 27
3455 HOST_CALL            a=4 b=84 c=3 imm=1  ; line 27
3456 BINARY               a=1 b=4 c=5 imm=2  ; line 27
3457 BINARY               a=0 b=5 c=6 imm=1  ; line 27
3458 RETURN               R6  ; line 27
3459 LOAD_CONST           R7 constant[777]  ; line 27
3460 RETURN               R7  ; line 27
3461 LOAD_CONST           R1 constant[778]  ; line 32
3462 COMPARE              a=0 b=1 c=2 imm=4  ; line 32
3463 JUMP_IF_FALSE        R2 -> 3467  ; line 32
3464 LOAD_CONST           R1 constant[779]  ; line 32
3465 MOVE                 R0 <- R1  ; line 32
3466 JUMP                 -> 3467  ; line 32
3467 LOAD_CONST           R1 constant[780]  ; line 33
3468 UNARY                a=1 b=2 c=4294967295 imm=0  ; line 33
3469 COMPARE              a=0 b=2 c=3 imm=2  ; line 33
3470 JUMP_IF_FALSE        R3 -> 3475  ; line 33
3471 LOAD_CONST           R1 constant[781]  ; line 33
3472 UNARY                a=1 b=2 c=4294967295 imm=0  ; line 33
3473 MOVE                 R0 <- R2  ; line 33
3474 JUMP                 -> 3475  ; line 33
3475 LOAD_CONST           R1 constant[782]  ; line 34
3476 COMPARE              a=0 b=1 c=2 imm=2  ; line 34
3477 MOVE                 R3 <- R2  ; line 34
3478 JUMP_IF_FALSE        R3 -> 3482  ; line 35
3479 UNARY                a=0 b=4 c=4294967295 imm=0  ; line 35
3480 MOVE                 R0 <- R4  ; line 35
3481 JUMP                 -> 3482  ; line 35
3482 LOAD_CONST           R4 constant[783]  ; line 36
3483 MOVE                 R5 <- R4  ; line 36
3484 LOAD_CONST           R6 constant[784]  ; line 37
3485 COMPARE              a=0 b=6 c=7 imm=4  ; line 37
3486 JUMP_IF_FALSE        R7 -> 3494  ; line 37
3487 LOAD_CONST           R6 constant[785]  ; line 38
3488 BINARY               a=0 b=6 c=7 imm=3  ; line 38
3489 MOVE                 R0 <- R7  ; line 38
3490 LOAD_CONST           R6 constant[786]  ; line 39
3491 BINARY               a=5 b=6 c=7 imm=0  ; line 39
3492 MOVE                 R5 <- R7  ; line 39
3493 JUMP                 -> 3484  ; line 39
3494 LOAD_CONST           R6 constant[787]  ; line 41
3495 MOVE                 R7 <- R6  ; line 41
3496 LOAD_CONST           R8 constant[788]  ; line 42
3497 MOVE                 R9 <- R8  ; line 42
3498 LOAD_CONST           R10 constant[789]  ; line 43
3499 MOVE                 R11 <- R10  ; line 43
3500 LOAD_CONST           R12 constant[790]  ; line 44
3501 COMPARE              a=11 b=12 c=13 imm=3  ; line 44
3502 JUMP_IF_FALSE        R13 -> 3512  ; line 44
3503 BINARY               a=7 b=0 c=12 imm=2  ; line 45
3504 BINARY               a=12 b=11 c=13 imm=3  ; line 45
3505 MOVE                 R7 <- R13  ; line 45
3506 BINARY               a=9 b=7 c=12 imm=0  ; line 46
3507 MOVE                 R9 <- R12  ; line 46
3508 LOAD_CONST           R12 constant[791]  ; line 47
3509 BINARY               a=11 b=12 c=13 imm=0  ; line 47
3510 MOVE                 R11 <- R13  ; line 47
3511 JUMP                 -> 3500  ; line 47
3512 LOAD_CONST           R12 constant[792]  ; line 49
3513 MOVE                 R11 <- R12  ; line 49
3514 COMPARE              a=11 b=5 c=12 imm=2  ; line 50
3515 JUMP_IF_FALSE        R12 -> 3522  ; line 50
3516 BINARY               a=9 b=9 c=12 imm=2  ; line 51
3517 MOVE                 R9 <- R12  ; line 51
3518 LOAD_CONST           R12 constant[793]  ; line 52
3519 BINARY               a=11 b=12 c=13 imm=0  ; line 52
3520 MOVE                 R11 <- R13  ; line 52
3521 JUMP                 -> 3514  ; line 52
3522 JUMP_IF_FALSE        R3 -> 3527  ; line 54
3523 LOAD_CONST           R12 constant[794]  ; line 54
3524 BINARY               a=12 b=9 c=13 imm=3  ; line 54
3525 RETURN               R13  ; line 54
3526 JUMP                 -> 3527  ; line 54
3527 RETURN               R9  ; line 55
3528 LOAD_CONST           R12 constant[795]  ; line 55
3529 RETURN               R12  ; line 55
3530 LOAD_CONST           R1 constant[796]  ; line 59
3531 COMPARE              a=0 b=1 c=2 imm=5  ; line 59
3532 JUMP_IF_FALSE        R2 -> 3542  ; line 59
3533 LOAD_CONST           R1 constant[797]  ; line 59
3534 LOAD_CONST           R2 constant[798]  ; line 59
3535 UNARY                a=0 b=3 c=4294967295 imm=0  ; line 59
3536 MOVE                 R4 <- R3  ; line 59
3537 CALL                 a=5 b=105 c=4 imm=1  ; line 59
3538 BINARY               a=2 b=5 c=6 imm=0  ; line 59
3539 BINARY               a=1 b=6 c=7 imm=3  ; line 59
3540 RETURN               R7  ; line 59
3541 JUMP                 -> 3542  ; line 59
3542 MOVE                 R1 <- R0  ; line 60
3543 CALL                 a=2 b=105 c=1 imm=1  ; line 60
3544 MOVE                 R3 <- R2  ; line 60
3545 LOAD_CONST           R4 constant[799]  ; line 61
3546 BINARY               a=4 b=3 c=5 imm=0  ; line 61
3547 BINARY               a=3 b=5 c=6 imm=3  ; line 61
3548 RETURN               R6  ; line 61
3549 LOAD_CONST           R7 constant[800]  ; line 61
3550 RETURN               R7  ; line 61
3551 LOAD_CONST           R1 constant[801]  ; line 65
3552 COMPARE              a=0 b=1 c=2 imm=3  ; line 65
3553 JUMP_IF_FALSE        R2 -> 3557  ; line 65
3554 LOAD_CONST           R1 constant[802]  ; line 65
3555 RETURN               R1  ; line 65
3556 JUMP                 -> 3557  ; line 65
3557 MOVE                 R1 <- R0  ; line 66
3558 LOAD_CONST           R2 constant[803]  ; line 67
3559 COMPARE              a=1 b=2 c=3 imm=2  ; line 67
3560 JUMP_IF_FALSE        R3 -> 3564  ; line 67
3561 LOAD_CONST           R2 constant[804]  ; line 67
3562 MOVE                 R1 <- R2  ; line 67
3563 JUMP                 -> 3564  ; line 67
3564 LOAD_CONST           R2 constant[805]  ; line 68
3565 MOVE                 R3 <- R2  ; line 68
3566 LOAD_CONST           R4 constant[806]  ; line 69
3567 COMPARE              a=3 b=4 c=5 imm=2  ; line 69
3568 JUMP_IF_FALSE        R5 -> 3578  ; line 69
3569 LOAD_CONST           R4 constant[807]  ; line 70
3570 BINARY               a=0 b=1 c=5 imm=3  ; line 70
3571 BINARY               a=1 b=5 c=6 imm=0  ; line 70
3572 BINARY               a=4 b=6 c=7 imm=2  ; line 70
3573 MOVE                 R1 <- R7  ; line 70
3574 LOAD_CONST           R4 constant[808]  ; line 71
3575 BINARY               a=3 b=4 c=5 imm=0  ; line 71
3576 MOVE                 R3 <- R5  ; line 71
3577 JUMP                 -> 3566  ; line 71
3578 RETURN               R1  ; line 73
3579 LOAD_CONST           R4 constant[809]  ; line 73
3580 RETURN               R4  ; line 73
3581 MOVE                 R1 <- R0  ; line 77
3582 HOST_CALL            a=2 b=86 c=1 imm=1  ; line 77
3583 LOAD_CONST           R3 constant[810]  ; line 77
3584 COMPARE              a=2 b=3 c=4 imm=1  ; line 77
3585 JUMP_IF_FALSE        R4 -> 3589  ; line 77
3586 LOAD_CONST           R1 constant[811]  ; line 77
3587 RETURN               R1  ; line 77
3588 JUMP                 -> 3589  ; line 77
3589 MOVE                 R1 <- R0  ; line 78
3590 HOST_CALL            a=2 b=61 c=1 imm=1  ; line 78
3591 MOVE                 R3 <- R2  ; line 78
3592 MOVE                 R4 <- R3  ; line 79
3593 HOST_CALL            a=5 b=26 c=4 imm=1  ; line 79
3594 LOAD_CONST           R6 constant[812]  ; line 79
3595 COMPARE              a=5 b=6 c=7 imm=1  ; line 79
3596 JUMP_IF_FALSE        R7 -> 3600  ; line 79
3597 LOAD_CONST           R4 constant[813]  ; line 79
3598 RETURN               R4  ; line 79
3599 JUMP                 -> 3600  ; line 79
3600 RETURN               R3  ; line 80
3601 LOAD_CONST           R4 constant[814]  ; line 80
3602 RETURN               R4  ; line 80
3603 MOVE                 R1 <- R0  ; line 84
3604 HOST_CALL            a=2 b=86 c=1 imm=1  ; line 84
3605 LOAD_CONST           R3 constant[815]  ; line 84
3606 COMPARE              a=2 b=3 c=4 imm=1  ; line 84
3607 JUMP_IF_FALSE        R4 -> 3612  ; line 84
3608 LOAD_CONST           R1 constant[816]  ; line 84
3609 UNARY                a=1 b=2 c=4294967295 imm=0  ; line 84
3610 RETURN               R2  ; line 84
3611 JUMP                 -> 3612  ; line 84
3612 MOVE                 R1 <- R0  ; line 85
3613 HOST_CALL            a=2 b=61 c=1 imm=1  ; line 85
3614 MOVE                 R3 <- R2  ; line 85
3615 MOVE                 R4 <- R3  ; line 86
3616 HOST_CALL            a=5 b=26 c=4 imm=1  ; line 86
3617 LOAD_CONST           R6 constant[817]  ; line 86
3618 COMPARE              a=5 b=6 c=7 imm=1  ; line 86
3619 JUMP_IF_FALSE        R7 -> 3624  ; line 86
3620 LOAD_CONST           R4 constant[818]  ; line 86
3621 UNARY                a=4 b=5 c=4294967295 imm=0  ; line 86
3622 RETURN               R5  ; line 86
3623 JUMP                 -> 3624  ; line 86
3624 LOAD_CONST           R4 constant[819]  ; line 87
3625 MOVE                 R5 <- R3  ; line 87
3626 MOVE                 R6 <- R4  ; line 87
3627 HOST_CALL            a=7 b=11 c=5 imm=2  ; line 87
3628 RETURN               R7  ; line 87
3629 LOAD_CONST           R8 constant[820]  ; line 87
3630 RETURN               R8  ; line 87
3631 LOAD_CONST           R1 constant[821]  ; line 91
3632 MOVE                 R2 <- R1  ; line 91
3633 HOST_CALL            a=3 b=22 c=2 imm=1  ; line 91
3634 MOVE                 R4 <- R3  ; line 91
3635 LOAD_CONST           R5 constant[822]  ; line 92
3636 MOVE                 R6 <- R5  ; line 92
3637 COMPARE              a=6 b=0 c=7 imm=2  ; line 93
3638 JUMP_IF_FALSE        R7 -> 3647  ; line 93
3639 LOAD_CONST           R7 constant[823]  ; line 94
3640 MOVE                 R8 <- R4  ; line 94
3641 MOVE                 R9 <- R7  ; line 94
3642 HOST_CALL            a=10 b=23 c=8 imm=2  ; line 94
3643 LOAD_CONST           R7 constant[824]  ; line 95
3644 BINARY               a=6 b=7 c=8 imm=0  ; line 95
3645 MOVE                 R6 <- R8  ; line 95
3646 JUMP                 -> 3637  ; line 95
3647 RETURN               R4  ; line 97
3648 LOAD_CONST           R7 constant[825]  ; line 97
3649 RETURN               R7  ; line 97
3650 MOVE                 R1 <- R0  ; line 101
3651 HOST_CALL            a=2 b=86 c=1 imm=1  ; line 101
3652 LOAD_CONST           R3 constant[826]  ; line 101
3653 COMPARE              a=2 b=3 c=4 imm=1  ; line 101
3654 JUMP_IF_FALSE        R4 -> 3658  ; line 101
3655 LOAD_CONST           R1 constant[827]  ; line 101
3656 RETURN               R1  ; line 101
3657 JUMP                 -> 3658  ; line 101
3658 LOAD_CONST           R1 constant[828]  ; line 102
3659 MOVE                 R2 <- R0  ; line 102
3660 MOVE                 R3 <- R1  ; line 102
3661 HOST_CALL            a=4 b=7 c=2 imm=2  ; line 102
3662 UNARY                a=4 b=5 c=4294967295 imm=1  ; line 102
3663 JUMP_IF_FALSE        R5 -> 3667  ; line 102
3664 LOAD_CONST           R1 constant[829]  ; line 102
3665 RETURN               R1  ; line 102
3666 JUMP                 -> 3667  ; line 102
3667 LOAD_CONST           R1 constant[830]  ; line 103
3668 MOVE                 R2 <- R0  ; line 103
3669 MOVE                 R3 <- R1  ; line 103
3670 HOST_CALL            a=4 b=7 c=2 imm=2  ; line 103
3671 UNARY                a=4 b=5 c=4294967295 imm=1  ; line 103
3672 JUMP_IF_FALSE        R5 -> 3676  ; line 103
3673 LOAD_CONST           R1 constant[831]  ; line 103
3674 RETURN               R1  ; line 103
3675 JUMP                 -> 3676  ; line 103
3676 LOAD_CONST           R1 constant[832]  ; line 104
3677 MOVE                 R2 <- R0  ; line 104
3678 MOVE                 R3 <- R1  ; line 104
3679 HOST_CALL            a=4 b=11 c=2 imm=2  ; line 104
3680 MOVE                 R5 <- R4  ; line 104
3681 CALL                 a=6 b=108 c=5 imm=1  ; line 104
3682 MOVE                 R7 <- R6  ; line 104
3683 LOAD_CONST           R8 constant[833]  ; line 105
3684 COMPARE              a=7 b=8 c=9 imm=0  ; line 105
3685 JUMP_IF_FALSE        R9 -> 3689  ; line 105
3686 LOAD_CONST           R8 constant[834]  ; line 105
3687 RETURN               R8  ; line 105
3688 JUMP                 -> 3689  ; line 105
3689 LOAD_CONST           R8 constant[835]  ; line 106
3690 MOVE                 R9 <- R0  ; line 106
3691 MOVE                 R10 <- R8  ; line 106
3692 HOST_CALL            a=11 b=11 c=9 imm=2  ; line 106
3693 MOVE                 R12 <- R11  ; line 106
3694 CALL                 a=13 b=109 c=12 imm=1  ; line 106
3695 MOVE                 R14 <- R13  ; line 106
3696 LOAD_CONST           R15 constant[836]  ; line 107
3697 COMPARE              a=14 b=15 c=16 imm=2  ; line 107
3698 JUMP_IF_FALSE        R16 -> 3702  ; line 107
3699 LOAD_CONST           R15 constant[837]  ; line 107
3700 RETURN               R15  ; line 107
3701 JUMP                 -> 3702  ; line 107
3702 LOAD_CONST           R15 constant[838]  ; line 108
3703 MOVE                 R16 <- R7  ; line 108
3704 MOVE                 R17 <- R15  ; line 108
3705 HOST_CALL            a=18 b=11 c=16 imm=2  ; line 108
3706 COMPARE              a=18 b=14 c=19 imm=1  ; line 108
3707 JUMP_IF_FALSE        R19 -> 3711  ; line 108
3708 LOAD_CONST           R15 constant[839]  ; line 108
3709 RETURN               R15  ; line 108
3710 JUMP                 -> 3711  ; line 108
3711 LOAD_CONST           R15 constant[840]  ; line 109
3712 COMPARE              a=14 b=15 c=16 imm=0  ; line 109
3713 JUMP_IF_FALSE        R16 -> 3717  ; line 109
3714 LOAD_CONST           R15 constant[841]  ; line 109
3715 RETURN               R15  ; line 109
3716 JUMP                 -> 3717  ; line 109
3717 LOAD_CONST           R15 constant[842]  ; line 110
3718 MOVE                 R16 <- R7  ; line 110
3719 MOVE                 R17 <- R15  ; line 110
3720 HOST_CALL            a=18 b=11 c=16 imm=2  ; line 110
3721 LOAD_CONST           R19 constant[843]  ; line 110
3722 COMPARE              a=18 b=19 c=20 imm=0  ; line 110
3723 JUMP_IF_FALSE        R20 -> 3727  ; line 110
3724 LOAD_CONST           R15 constant[844]  ; line 110
3725 RETURN               R15  ; line 110
3726 JUMP                 -> 3727  ; line 110
3727 LOAD_CONST           R15 constant[845]  ; line 111
3728 RETURN               R15  ; line 111
3729 LOAD_CONST           R16 constant[846]  ; line 111
3730 RETURN               R16  ; line 111
3731 MOVE                 R3 <- R0  ; line 115
3732 HOST_CALL            a=4 b=61 c=3 imm=1  ; line 115
3733 MOVE                 R5 <- R4  ; line 115
3734 LOAD_CONST           R6 constant[847]  ; line 116
3735 MOVE                 R7 <- R6  ; line 116
3736 HOST_CALL            a=8 b=22 c=7 imm=1  ; line 116
3737 MOVE                 R9 <- R8  ; line 116
3738 LOAD_CONST           R10 constant[848]  ; line 117
3739 MOVE                 R11 <- R10  ; line 117
3740 LOAD_CONST           R12 constant[849]  ; line 118
3741 MOVE                 R13 <- R5  ; line 118
3742 MOVE                 R14 <- R12  ; line 118
3743 HOST_CALL            a=15 b=11 c=13 imm=2  ; line 118
3744 COMPARE              a=11 b=15 c=16 imm=2  ; line 118
3745 JUMP_IF_FALSE        R16 -> 3778  ; line 118
3746 MOVE                 R12 <- R2  ; line 119
3747 LOAD_CONST           R13 constant[850]  ; line 120
3748 MOVE                 R14 <- R13  ; line 120
3749 LOAD_CONST           R15 constant[851]  ; line 121
3750 MOVE                 R16 <- R5  ; line 121
3751 MOVE                 R17 <- R15  ; line 121
3752 HOST_CALL            a=18 b=11 c=16 imm=2  ; line 121
3753 COMPARE              a=14 b=18 c=19 imm=2  ; line 121
3754 JUMP_IF_FALSE        R19 -> 3771  ; line 121
3755 MOVE                 R15 <- R1  ; line 122
3756 MOVE                 R16 <- R14  ; line 122
3757 HOST_CALL            a=17 b=11 c=15 imm=2  ; line 122
3758 MOVE                 R18 <- R11  ; line 122
3759 MOVE                 R19 <- R14  ; line 122
3760 ARRAY_NEW            a=20 b=18 c=2 imm=4294967295  ; line 122
3761 MOVE                 R21 <- R0  ; line 122
3762 MOVE                 R22 <- R20  ; line 122
3763 HOST_CALL            a=23 b=11 c=21 imm=2  ; line 122
3764 BINARY               a=17 b=23 c=24 imm=2  ; line 122
3765 BINARY               a=12 b=24 c=25 imm=0  ; line 122
3766 MOVE                 R12 <- R25  ; line 122
3767 LOAD_CONST           R15 constant[852]  ; line 123
3768 BINARY               a=14 b=15 c=16 imm=0  ; line 123
3769 MOVE                 R14 <- R16  ; line 123
3770 JUMP                 -> 3749  ; line 123
3771 MOVE                 R15 <- R9  ; line 125
3772 MOVE                 R16 <- R12  ; line 125
3773 HOST_CALL            a=17 b=23 c=15 imm=2  ; line 125
3774 LOAD_CONST           R15 constant[853]  ; line 126
3775 BINARY               a=11 b=15 c=16 imm=0  ; line 126
3776 MOVE                 R11 <- R16  ; line 126
3777 JUMP                 -> 3740  ; line 126
3778 RETURN               R9  ; line 128
3779 LOAD_CONST           R15 constant[854]  ; line 128
3780 RETURN               R15  ; line 128
3781 LOAD_CONST           R2 constant[855]  ; line 132
3782 MOVE                 R3 <- R2  ; line 132
3783 HOST_CALL            a=4 b=22 c=3 imm=1  ; line 132
3784 MOVE                 R5 <- R4  ; line 132
3785 LOAD_CONST           R6 constant[856]  ; line 133
3786 MOVE                 R7 <- R6  ; line 133
3787 COMPARE              a=7 b=0 c=8 imm=2  ; line 134
3788 JUMP_IF_FALSE        R8 -> 3796  ; line 134
3789 MOVE                 R8 <- R5  ; line 135
3790 MOVE                 R9 <- R1  ; line 135
3791 HOST_CALL            a=10 b=23 c=8 imm=2  ; line 135
3792 LOAD_CONST           R8 constant[857]  ; line 136
3793 BINARY               a=7 b=8 c=9 imm=0  ; line 136
3794 MOVE                 R7 <- R9  ; line 136
3795 JUMP                 -> 3787  ; line 136
3796 MOVE                 R8 <- R5  ; line 138
3797 HOST_CALL            a=9 b=72 c=8 imm=1  ; line 138
3798 RETURN               R9  ; line 138
3799 LOAD_CONST           R10 constant[858]  ; line 138
3800 RETURN               R10  ; line 138
3801 LOAD_CONST           R5 constant[859]  ; line 142
3802 LOAD_CONST           R6 constant[860]  ; line 142
3803 LOAD_CONST           R7 constant[861]  ; line 142
3804 LOAD_CONST           R8 constant[862]  ; line 142
3805 LOAD_CONST           R9 constant[863]  ; line 142
3806 LOAD_CONST           R10 constant[864]  ; line 142
3807 LOAD_CONST           R11 constant[865]  ; line 142
3808 LOAD_CONST           R12 constant[866]  ; line 142
3809 MOVE                 R13 <- R0  ; line 142
3810 MOVE                 R14 <- R12  ; line 142
3811 HOST_CALL            a=15 b=11 c=13 imm=2  ; line 142
3812 LOAD_CONST           R16 constant[867]  ; line 142
3813 LOAD_CONST           R17 constant[868]  ; line 142
3814 MOVE                 R18 <- R0  ; line 142
3815 MOVE                 R19 <- R17  ; line 142
3816 HOST_CALL            a=20 b=11 c=18 imm=2  ; line 142
3817 LOAD_CONST           R21 constant[869]  ; line 142
3818 LOAD_CONST           R22 constant[870]  ; line 142
3819 MOVE                 R23 <- R0  ; line 142
3820 MOVE                 R24 <- R22  ; line 142
3821 HOST_CALL            a=25 b=11 c=23 imm=2  ; line 142
3822 LOAD_CONST           R26 constant[871]  ; line 142
3823 LOAD_CONST           R27 constant[872]  ; line 142
3824 MOVE                 R28 <- R0  ; line 142
3825 MOVE                 R29 <- R27  ; line 142
3826 HOST_CALL            a=30 b=11 c=28 imm=2  ; line 142
3827 MOVE                 R31 <- R5  ; line 142
3828 MOVE                 R32 <- R6  ; line 142
3829 MOVE                 R33 <- R7  ; line 142
3830 MOVE                 R34 <- R1  ; line 142
3831 MOVE                 R35 <- R8  ; line 142
3832 MOVE                 R36 <- R2  ; line 142
3833 MOVE                 R37 <- R9  ; line 142
3834 MOVE                 R38 <- R3  ; line 142
3835 MOVE                 R39 <- R10  ; line 142
3836 MOVE                 R40 <- R4  ; line 142
3837 MOVE                 R41 <- R11  ; line 142
3838 MOVE                 R42 <- R15  ; line 142
3839 MOVE                 R43 <- R16  ; line 142
3840 MOVE                 R44 <- R20  ; line 142
3841 MOVE                 R45 <- R21  ; line 142
3842 MOVE                 R46 <- R25  ; line 142
3843 MOVE                 R47 <- R26  ; line 142
3844 MOVE                 R48 <- R30  ; line 142
3845 HOST_CALL            a=49 b=6 c=31 imm=18  ; line 142
3846 RETURN               R49  ; line 142
3847 LOAD_CONST           R50 constant[873]  ; line 142
3848 RETURN               R50  ; line 142
3849 LOAD_CONST           R6 constant[874]  ; line 156
3850 LOAD_CONST           R7 constant[875]  ; line 156
3851 LOAD_CONST           R8 constant[876]  ; line 156
3852 LOAD_CONST           R9 constant[877]  ; line 156
3853 LOAD_CONST           R10 constant[878]  ; line 156
3854 LOAD_CONST           R11 constant[879]  ; line 156
3855 LOAD_CONST           R12 constant[880]  ; line 156
3856 LOAD_CONST           R13 constant[881]  ; line 156
3857 LOAD_CONST           R14 constant[882]  ; line 156
3858 MOVE                 R15 <- R7  ; line 156
3859 MOVE                 R16 <- R8  ; line 156
3860 MOVE                 R17 <- R9  ; line 156
3861 MOVE                 R18 <- R0  ; line 156
3862 MOVE                 R19 <- R10  ; line 156
3863 MOVE                 R20 <- R1  ; line 156
3864 MOVE                 R21 <- R11  ; line 156
3865 MOVE                 R22 <- R2  ; line 156
3866 MOVE                 R23 <- R12  ; line 156
3867 MOVE                 R24 <- R3  ; line 156
3868 MOVE                 R25 <- R13  ; line 156
3869 MOVE                 R26 <- R4  ; line 156
3870 MOVE                 R27 <- R14  ; line 156
3871 MOVE                 R28 <- R5  ; line 156
3872 HOST_CALL            a=29 b=6 c=15 imm=14  ; line 156
3873 MOVE                 R30 <- R6  ; line 156
3874 MOVE                 R31 <- R29  ; line 156
3875 ARRAY_NEW            a=32 b=30 c=2 imm=4294967295  ; line 156
3876 RETURN               R32  ; line 156
3877 LOAD_CONST           R33 constant[883]  ; line 156
3878 RETURN               R33  ; line 156
3879 MOVE                 R3 <- R1  ; line 168
3880 CALL                 a=4 b=111 c=3 imm=1  ; line 168
3881 MOVE                 R5 <- R4  ; line 168
3882 LOAD_CONST           R6 constant[884]  ; line 169
3883 COMPARE              a=5 b=6 c=7 imm=1  ; line 169
3884 JUMP_IF_FALSE        R7 -> 3893  ; line 169
3885 LOAD_CONST           R6 constant[885]  ; line 169
3886 LOAD_CONST           R7 constant[886]  ; line 169
3887 MOVE                 R8 <- R6  ; line 169
3888 MOVE                 R9 <- R5  ; line 169
3889 MOVE                 R10 <- R7  ; line 169
3890 CALL                 a=11 b=100 c=8 imm=3  ; line 169
3891 RETURN               R11  ; line 169
3892 JUMP                 -> 3893  ; line 169
3893 LOAD_CONST           R6 constant[887]  ; line 170
3894 MOVE                 R7 <- R1  ; line 170
3895 MOVE                 R8 <- R6  ; line 170
3896 HOST_CALL            a=9 b=11 c=7 imm=2  ; line 170
3897 MOVE                 R10 <- R9  ; line 170
3898 LOAD_CONST           R11 constant[888]  ; line 171
3899 MOVE                 R12 <- R1  ; line 171
3900 MOVE                 R13 <- R11  ; line 171
3901 HOST_CALL            a=14 b=11 c=12 imm=2  ; line 171
3902 MOVE                 R15 <- R14  ; line 171
3903 MOVE                 R16 <- R10  ; line 172
3904 HOST_CALL            a=17 b=61 c=16 imm=1  ; line 172
3905 MOVE                 R18 <- R17  ; line 172
3906 LOAD_CONST           R19 constant[889]  ; line 173
3907 MOVE                 R20 <- R18  ; line 173
3908 MOVE                 R21 <- R19  ; line 173
3909 HOST_CALL            a=22 b=11 c=20 imm=2  ; line 173
3910 MOVE                 R23 <- R22  ; line 173
3911 LOAD_CONST           R24 constant[890]  ; line 174
3912 MOVE                 R25 <- R18  ; line 174
3913 MOVE                 R26 <- R24  ; line 174
3914 HOST_CALL            a=27 b=11 c=25 imm=2  ; line 174
3915 MOVE                 R28 <- R27  ; line 174
3916 LOAD_CONST           R29 constant[891]  ; line 175
3917 LOAD_CONST           R30 constant[892]  ; line 175
3918 MOVE                 R31 <- R2  ; line 175
3919 MOVE                 R32 <- R29  ; line 175
3920 MOVE                 R33 <- R30  ; line 175
3921 CALL                 a=34 b=101 c=31 imm=3  ; line 175
3922 MOVE                 R35 <- R34  ; line 175
3923 LOAD_CONST           R36 constant[893]  ; line 176
3924 LOAD_CONST           R37 constant[894]  ; line 176
3925 MOVE                 R38 <- R2  ; line 176
3926 MOVE                 R39 <- R36  ; line 176
3927 MOVE                 R40 <- R37  ; line 176
3928 CALL                 a=41 b=101 c=38 imm=3  ; line 176
3929 MOVE                 R42 <- R41  ; line 176
3930 LOAD_CONST           R43 constant[895]  ; line 177
3931 LOAD_CONST           R44 constant[896]  ; line 177
3932 MOVE                 R45 <- R2  ; line 177
3933 MOVE                 R46 <- R43  ; line 177
3934 MOVE                 R47 <- R44  ; line 177
3935 CALL                 a=48 b=101 c=45 imm=3  ; line 177
3936 MOVE                 R49 <- R48  ; line 177
3937 LOAD_CONST           R50 constant[897]  ; line 178
3938 LOAD_CONST           R51 constant[898]  ; line 178
3939 MOVE                 R52 <- R2  ; line 178
3940 MOVE                 R53 <- R50  ; line 178
3941 MOVE                 R54 <- R51  ; line 178
3942 CALL                 a=55 b=101 c=52 imm=3  ; line 178
3943 MOVE                 R56 <- R55  ; line 178
3944 LOAD_CONST           R57 constant[899]  ; line 179
3945 COMPARE              a=0 b=57 c=58 imm=0  ; line 179
3946 JUMP_IF_FALSE        R58 -> 3957  ; line 179
3947 LOAD_CONST           R57 constant[900]  ; line 180
3948 MOVE                 R58 <- R2  ; line 180
3949 MOVE                 R59 <- R57  ; line 180
3950 HOST_CALL            a=60 b=7 c=58 imm=2  ; line 180
3951 UNARY                a=60 b=61 c=4294967295 imm=1  ; line 180
3952 JUMP_IF_FALSE        R61 -> 3956  ; line 180
3953 LOAD_CONST           R57 constant[901]  ; line 180
3954 MOVE                 R49 <- R57  ; line 180
3955 JUMP                 -> 3956  ; line 180
3956 JUMP                 -> 3957  ; line 180
3957 MOVE                 R57 <- R35  ; line 182
3958 CALL                 a=58 b=102 c=57 imm=1  ; line 182
3959 UNARY                a=58 b=59 c=4294967295 imm=1  ; line 182
3960 JUMP_IF_FALSE        R59 -> 3970  ; line 182
3961 LOAD_CONST           R57 constant[902]  ; line 182
3962 LOAD_CONST           R58 constant[903]  ; line 182
3963 LOAD_CONST           R59 constant[904]  ; line 182
3964 MOVE                 R60 <- R57  ; line 182
3965 MOVE                 R61 <- R58  ; line 182
3966 MOVE                 R62 <- R59  ; line 182
3967 CALL                 a=63 b=100 c=60 imm=3  ; line 182
3968 RETURN               R63  ; line 182
3969 JUMP                 -> 3970  ; line 182
3970 LOAD_CONST           R57 constant[905]  ; line 183
3971 COMPARE              a=35 b=57 c=58 imm=3  ; line 183
3972 JUMP_IF_FALSE        R58 -> 3982  ; line 183
3973 LOAD_CONST           R57 constant[906]  ; line 183
3974 LOAD_CONST           R58 constant[907]  ; line 183
3975 LOAD_CONST           R59 constant[908]  ; line 183
3976 MOVE                 R60 <- R57  ; line 183
3977 MOVE                 R61 <- R58  ; line 183
3978 MOVE                 R62 <- R59  ; line 183
3979 CALL                 a=63 b=100 c=60 imm=3  ; line 183
3980 RETURN               R63  ; line 183
3981 JUMP                 -> 3982  ; line 183
3982 MOVE                 R57 <- R42  ; line 184
3983 CALL                 a=58 b=102 c=57 imm=1  ; line 184
3984 UNARY                a=58 b=59 c=4294967295 imm=1  ; line 184
3985 JUMP_IF_FALSE        R59 -> 3995  ; line 184
3986 LOAD_CONST           R57 constant[909]  ; line 184
3987 LOAD_CONST           R58 constant[910]  ; line 184
3988 LOAD_CONST           R59 constant[911]  ; line 184
3989 MOVE                 R60 <- R57  ; line 184
3990 MOVE                 R61 <- R58  ; line 184
3991 MOVE                 R62 <- R59  ; line 184
3992 CALL                 a=63 b=100 c=60 imm=3  ; line 184
3993 RETURN               R63  ; line 184
3994 JUMP                 -> 3995  ; line 184
3995 LOAD_CONST           R57 constant[912]  ; line 185
3996 COMPARE              a=42 b=57 c=58 imm=2  ; line 185
3997 JUMP_IF_FALSE        R58 -> 4007  ; line 185
3998 LOAD_CONST           R57 constant[913]  ; line 185
3999 LOAD_CONST           R58 constant[914]  ; line 185
4000 LOAD_CONST           R59 constant[915]  ; line 185
4001 MOVE                 R60 <- R57  ; line 185
4002 MOVE                 R61 <- R58  ; line 185
4003 MOVE                 R62 <- R59  ; line 185
4004 CALL                 a=63 b=100 c=60 imm=3  ; line 185
4005 RETURN               R63  ; line 185
4006 JUMP                 -> 4007  ; line 185
4007 LOAD_CONST           R57 constant[916]  ; line 186
4008 COMPARE              a=49 b=57 c=58 imm=2  ; line 186
4009 JUMP_IF_FALSE        R58 -> 4019  ; line 186
4010 LOAD_CONST           R57 constant[917]  ; line 186
4011 LOAD_CONST           R58 constant[918]  ; line 186
4012 LOAD_CONST           R59 constant[919]  ; line 186
4013 MOVE                 R60 <- R57  ; line 186
4014 MOVE                 R61 <- R58  ; line 186
4015 MOVE                 R62 <- R59  ; line 186
4016 CALL                 a=63 b=100 c=60 imm=3  ; line 186
4017 RETURN               R63  ; line 186
4018 JUMP                 -> 4019  ; line 186
4019 MOVE                 R57 <- R28  ; line 188
4020 CALL                 a=58 b=110 c=57 imm=1  ; line 188
4021 MOVE                 R59 <- R58  ; line 188
4022 LOAD_CONST           R60 constant[920]  ; line 189
4023 MOVE                 R61 <- R60  ; line 189
4024 LOAD_CONST           R62 constant[921]  ; line 190
4025 MOVE                 R63 <- R62  ; line 190
4026 COMPARE              a=63 b=42 c=64 imm=2  ; line 191
4027 JUMP_IF_FALSE        R64 -> 4129  ; line 191
4028 MOVE                 R64 <- R28  ; line 192
4029 CALL                 a=65 b=110 c=64 imm=1  ; line 192
4030 MOVE                 R66 <- R65  ; line 192
4031 LOAD_CONST           R67 constant[922]  ; line 193
4032 MOVE                 R68 <- R67  ; line 193
4033 LOAD_CONST           R69 constant[923]  ; line 194
4034 MOVE                 R70 <- R69  ; line 194
4035 COMPARE              a=70 b=23 c=71 imm=2  ; line 195
4036 JUMP_IF_FALSE        R71 -> 4092  ; line 195
4037 MOVE                 R71 <- R61  ; line 196
4038 LOAD_CONST           R72 constant[924]  ; line 197
4039 MOVE                 R73 <- R72  ; line 197
4040 COMPARE              a=73 b=28 c=74 imm=2  ; line 198
4041 JUMP_IF_FALSE        R74 -> 4058  ; line 198
4042 MOVE                 R74 <- R59  ; line 199
4043 MOVE                 R75 <- R73  ; line 199
4044 HOST_CALL            a=76 b=11 c=74 imm=2  ; line 199
4045 MOVE                 R77 <- R70  ; line 199
4046 MOVE                 R78 <- R73  ; line 199
4047 ARRAY_NEW            a=79 b=77 c=2 imm=4294967295  ; line 199
4048 MOVE                 R80 <- R10  ; line 199
4049 MOVE                 R81 <- R79  ; line 199
4050 HOST_CALL            a=82 b=11 c=80 imm=2  ; line 199
4051 BINARY               a=76 b=82 c=83 imm=2  ; line 199
4052 BINARY               a=71 b=83 c=84 imm=0  ; line 199
4053 MOVE                 R71 <- R84  ; line 199
4054 LOAD_CONST           R74 constant[925]  ; line 200
4055 BINARY               a=73 b=74 c=75 imm=0  ; line 200
4056 MOVE                 R73 <- R75  ; line 200
4057 JUMP                 -> 4040  ; line 200
4058 MOVE                 R74 <- R15  ; line 202
4059 MOVE                 R75 <- R70  ; line 202
4060 HOST_CALL            a=76 b=11 c=74 imm=2  ; line 202
4061 BINARY               a=71 b=76 c=77 imm=1  ; line 202
4062 MOVE                 R78 <- R77  ; line 202
4063 LOAD_CONST           R79 constant[926]  ; line 203
4064 MOVE                 R73 <- R79  ; line 203
4065 COMPARE              a=73 b=28 c=79 imm=2  ; line 204
4066 JUMP_IF_FALSE        R79 -> 4086  ; line 204
4067 MOVE                 R79 <- R66  ; line 205
4068 MOVE                 R80 <- R73  ; line 205
4069 HOST_CALL            a=81 b=11 c=79 imm=2  ; line 205
4070 MOVE                 R82 <- R70  ; line 205
4071 MOVE                 R83 <- R73  ; line 205
4072 ARRAY_NEW            a=84 b=82 c=2 imm=4294967295  ; line 205
4073 MOVE                 R85 <- R10  ; line 205
4074 MOVE                 R86 <- R84  ; line 205
4075 HOST_CALL            a=87 b=11 c=85 imm=2  ; line 205
4076 BINARY               a=78 b=87 c=88 imm=2  ; line 205
4077 BINARY               a=81 b=88 c=89 imm=0  ; line 205
4078 MOVE                 R90 <- R66  ; line 205
4079 MOVE                 R91 <- R73  ; line 205
4080 MOVE                 R92 <- R89  ; line 205
4081 HOST_CALL            a=93 b=12 c=90 imm=3  ; line 205
4082 LOAD_CONST           R79 constant[927]  ; line 206
4083 BINARY               a=73 b=79 c=80 imm=0  ; line 206
4084 MOVE                 R73 <- R80  ; line 206
4085 JUMP                 -> 4065  ; line 206
4086 BINARY               a=68 b=78 c=79 imm=0  ; line 208
4087 MOVE                 R68 <- R79  ; line 208
4088 LOAD_CONST           R79 constant[928]  ; line 209
4089 BINARY               a=70 b=79 c=80 imm=0  ; line 209
4090 MOVE                 R70 <- R80  ; line 209
4091 JUMP                 -> 4035  ; line 209
4092 LOAD_CONST           R79 constant[929]  ; line 211
4093 MOVE                 R80 <- R79  ; line 211
4094 COMPARE              a=80 b=28 c=81 imm=2  ; line 212
4095 JUMP_IF_FALSE        R81 -> 4119  ; line 212
4096 MOVE                 R81 <- R66  ; line 213
4097 MOVE                 R82 <- R80  ; line 213
4098 HOST_CALL            a=83 b=11 c=81 imm=2  ; line 213
4099 BINARY               a=83 b=23 c=84 imm=3  ; line 213
4100 MOVE                 R85 <- R59  ; line 213
4101 MOVE                 R86 <- R80  ; line 213
4102 HOST_CALL            a=87 b=11 c=85 imm=2  ; line 213
4103 BINARY               a=49 b=87 c=88 imm=2  ; line 213
4104 BINARY               a=84 b=88 c=89 imm=0  ; line 213
4105 MOVE                 R90 <- R89  ; line 213
4106 MOVE                 R91 <- R59  ; line 214
4107 MOVE                 R92 <- R80  ; line 214
4108 HOST_CALL            a=93 b=11 c=91 imm=2  ; line 214
4109 BINARY               a=35 b=90 c=94 imm=2  ; line 214
4110 BINARY               a=93 b=94 c=95 imm=1  ; line 214
4111 MOVE                 R96 <- R59  ; line 214
4112 MOVE                 R97 <- R80  ; line 214
4113 MOVE                 R98 <- R95  ; line 214
4114 HOST_CALL            a=99 b=12 c=96 imm=3  ; line 214
4115 LOAD_CONST           R91 constant[930]  ; line 215
4116 BINARY               a=80 b=91 c=92 imm=0  ; line 215
4117 MOVE                 R80 <- R92  ; line 215
4118 JUMP                 -> 4094  ; line 215
4119 JUMP_IF_FALSE        R56 -> 4125  ; line 217
4120 BINARY               a=35 b=68 c=91 imm=2  ; line 218
4121 BINARY               a=91 b=23 c=92 imm=3  ; line 218
4122 BINARY               a=61 b=92 c=93 imm=1  ; line 218
4123 MOVE                 R61 <- R93  ; line 218
4124 JUMP                 -> 4125  ; line 218
4125 LOAD_CONST           R91 constant[931]  ; line 220
4126 BINARY               a=63 b=91 c=92 imm=0  ; line 220
4127 MOVE                 R63 <- R92  ; line 220
4128 JUMP                 -> 4026  ; line 220
4129 MOVE                 R91 <- R10  ; line 223
4130 MOVE                 R92 <- R59  ; line 223
4131 MOVE                 R93 <- R61  ; line 223
4132 CALL                 a=94 b=112 c=91 imm=3  ; line 223
4133 MOVE                 R95 <- R94  ; line 223
4134 LOAD_CONST           R96 constant[932]  ; line 224
4135 MOVE                 R97 <- R96  ; line 224
4136 LOAD_CONST           R98 constant[933]  ; line 225
4137 MOVE                 R99 <- R98  ; line 225
4138 COMPARE              a=99 b=23 c=100 imm=2  ; line 226
4139 JUMP_IF_FALSE        R100 -> 4155  ; line 226
4140 MOVE                 R100 <- R95  ; line 227
4141 MOVE                 R101 <- R99  ; line 227
4142 HOST_CALL            a=102 b=11 c=100 imm=2  ; line 227
4143 MOVE                 R103 <- R15  ; line 227
4144 MOVE                 R104 <- R99  ; line 227
4145 HOST_CALL            a=105 b=11 c=103 imm=2  ; line 227
4146 BINARY               a=102 b=105 c=106 imm=1  ; line 227
4147 MOVE                 R107 <- R106  ; line 227
4148 BINARY               a=107 b=107 c=108 imm=2  ; line 228
4149 BINARY               a=97 b=108 c=109 imm=0  ; line 228
4150 MOVE                 R97 <- R109  ; line 228
4151 LOAD_CONST           R108 constant[934]  ; line 229
4152 BINARY               a=99 b=108 c=109 imm=0  ; line 229
4153 MOVE                 R99 <- R109  ; line 229
4154 JUMP                 -> 4138  ; line 229
4155 BINARY               a=97 b=23 c=108 imm=3  ; line 231
4156 MOVE                 R109 <- R108  ; line 231
4157 MOVE                 R110 <- R95  ; line 232
4158 HOST_CALL            a=111 b=72 c=110 imm=1  ; line 232
4159 MOVE                 R112 <- R111  ; line 232
4160 MOVE                 R113 <- R23  ; line 233
4161 MOVE                 R114 <- R109  ; line 233
4162 CALL                 a=115 b=113 c=113 imm=2  ; line 233
4163 MOVE                 R116 <- R115  ; line 233
4164 LOAD_CONST           R117 constant[935]  ; line 234
4165 LOAD_CONST           R118 constant[936]  ; line 234
4166 LOAD_CONST           R119 constant[937]  ; line 234
4167 LOAD_CONST           R120 constant[938]  ; line 234
4168 LOAD_CONST           R121 constant[939]  ; line 234
4169 LOAD_CONST           R122 constant[940]  ; line 234
4170 LOAD_CONST           R123 constant[941]  ; line 234
4171 MOVE                 R124 <- R59  ; line 234
4172 HOST_CALL            a=125 b=72 c=124 imm=1  ; line 234
4173 LOAD_CONST           R126 constant[942]  ; line 234
4174 MOVE                 R127 <- R123  ; line 234
4175 MOVE                 R128 <- R125  ; line 234
4176 MOVE                 R129 <- R126  ; line 234
4177 MOVE                 R130 <- R61  ; line 234
4178 HOST_CALL            a=131 b=6 c=127 imm=4  ; line 234
4179 LOAD_CONST           R132 constant[943]  ; line 234
4180 LOAD_CONST           R133 constant[944]  ; line 234
4181 MOVE                 R134 <- R133  ; line 234
4182 MOVE                 R135 <- R109  ; line 234
4183 HOST_CALL            a=136 b=6 c=134 imm=2  ; line 234
4184 LOAD_CONST           R137 constant[945]  ; line 234
4185 ARRAY_NEW            a=138 b=138 c=0 imm=4294967295  ; line 234
4186 LOAD_CONST           R139 constant[946]  ; line 234
4187 LOAD_CONST           R140 constant[947]  ; line 234
4188 LOAD_CONST           R141 constant[948]  ; line 234
4189 LOAD_CONST           R142 constant[949]  ; line 234
4190 MOVE                 R143 <- R140  ; line 234
4191 MOVE                 R144 <- R42  ; line 234
4192 MOVE                 R145 <- R141  ; line 234
4193 MOVE                 R146 <- R35  ; line 234
4194 MOVE                 R147 <- R142  ; line 234
4195 MOVE                 R148 <- R49  ; line 234
4196 HOST_CALL            a=149 b=6 c=143 imm=6  ; line 234
4197 LOAD_CONST           R150 constant[950]  ; line 234
4198 LOAD_CONST           R151 constant[951]  ; line 234
4199 LOAD_CONST           R152 constant[952]  ; line 234
4200 MOVE                 R153 <- R10  ; line 234
4201 HOST_CALL            a=154 b=60 c=153 imm=1  ; line 234
4202 LOAD_CONST           R155 constant[953]  ; line 234
4203 LOAD_CONST           R156 constant[954]  ; line 234
4204 MOVE                 R157 <- R117  ; line 234
4205 MOVE                 R158 <- R118  ; line 234
4206 MOVE                 R159 <- R119  ; line 234
4207 MOVE                 R160 <- R0  ; line 234
4208 MOVE                 R161 <- R120  ; line 234
4209 MOVE                 R162 <- R121  ; line 234
4210 MOVE                 R163 <- R122  ; line 234
4211 MOVE                 R164 <- R131  ; line 234
4212 MOVE                 R165 <- R132  ; line 234
4213 MOVE                 R166 <- R136  ; line 234
4214 MOVE                 R167 <- R137  ; line 234
4215 MOVE                 R168 <- R138  ; line 234
4216 MOVE                 R169 <- R139  ; line 234
4217 MOVE                 R170 <- R149  ; line 234
4218 MOVE                 R171 <- R150  ; line 234
4219 MOVE                 R172 <- R151  ; line 234
4220 MOVE                 R173 <- R152  ; line 234
4221 MOVE                 R174 <- R154  ; line 234
4222 MOVE                 R175 <- R155  ; line 234
4223 MOVE                 R176 <- R156  ; line 234
4224 HOST_CALL            a=177 b=6 c=157 imm=20  ; line 234
4225 MOVE                 R178 <- R177  ; line 234
4226 LOAD_CONST           R179 constant[955]  ; line 246
4227 LOAD_CONST           R180 constant[956]  ; line 246
4228 MOVE                 R181 <- R179  ; line 246
4229 MOVE                 R182 <- R109  ; line 246
4230 MOVE                 R183 <- R180  ; line 246
4231 MOVE                 R184 <- R23  ; line 246
4232 HOST_CALL            a=185 b=6 c=181 imm=4  ; line 246
4233 LOAD_CONST           R186 constant[957]  ; line 246
4234 LOAD_CONST           R187 constant[958]  ; line 246
4235 LOAD_CONST           R188 constant[959]  ; line 246
4236 MOVE                 R189 <- R187  ; line 246
4237 MOVE                 R190 <- R188  ; line 246
4238 ARRAY_NEW            a=191 b=189 c=2 imm=4294967295  ; line 246
4239 MOVE                 R192 <- R178  ; line 246
4240 MOVE                 R193 <- R112  ; line 246
4241 MOVE                 R194 <- R116  ; line 246
4242 MOVE                 R195 <- R185  ; line 246
4243 MOVE                 R196 <- R186  ; line 246
4244 MOVE                 R197 <- R191  ; line 246
4245 CALL                 a=198 b=115 c=192 imm=6  ; line 246
4246 RETURN               R198  ; line 246
4247 LOAD_CONST           R199 constant[960]  ; line 246
4248 RETURN               R199  ; line 246
4249 MOVE                 R3 <- R1  ; line 252
4250 CALL                 a=4 b=111 c=3 imm=1  ; line 252
4251 MOVE                 R5 <- R4  ; line 252
4252 LOAD_CONST           R6 constant[961]  ; line 253
4253 COMPARE              a=5 b=6 c=7 imm=1  ; line 253
4254 JUMP_IF_FALSE        R7 -> 4263  ; line 253
4255 LOAD_CONST           R6 constant[962]  ; line 253
4256 LOAD_CONST           R7 constant[963]  ; line 253
4257 MOVE                 R8 <- R6  ; line 253
4258 MOVE                 R9 <- R5  ; line 253
4259 MOVE                 R10 <- R7  ; line 253
4260 CALL                 a=11 b=100 c=8 imm=3  ; line 253
4261 RETURN               R11  ; line 253
4262 JUMP                 -> 4263  ; line 253
4263 LOAD_CONST           R6 constant[964]  ; line 254
4264 MOVE                 R7 <- R1  ; line 254
4265 MOVE                 R8 <- R6  ; line 254
4266 HOST_CALL            a=9 b=11 c=7 imm=2  ; line 254
4267 MOVE                 R10 <- R9  ; line 254
4268 LOAD_CONST           R11 constant[965]  ; line 255
4269 MOVE                 R12 <- R1  ; line 255
4270 MOVE                 R13 <- R11  ; line 255
4271 HOST_CALL            a=14 b=11 c=12 imm=2  ; line 255
4272 MOVE                 R15 <- R14  ; line 255
4273 MOVE                 R16 <- R10  ; line 256
4274 HOST_CALL            a=17 b=61 c=16 imm=1  ; line 256
4275 LOAD_CONST           R18 constant[966]  ; line 256
4276 MOVE                 R19 <- R17  ; line 256
4277 MOVE                 R20 <- R18  ; line 256
4278 HOST_CALL            a=21 b=11 c=19 imm=2  ; line 256
4279 MOVE                 R22 <- R21  ; line 256
4280 MOVE                 R23 <- R10  ; line 257
4281 HOST_CALL            a=24 b=61 c=23 imm=1  ; line 257
4282 LOAD_CONST           R25 constant[967]  ; line 257
4283 MOVE                 R26 <- R24  ; line 257
4284 MOVE                 R27 <- R25  ; line 257
4285 HOST_CALL            a=28 b=11 c=26 imm=2  ; line 257
4286 MOVE                 R29 <- R28  ; line 257
4287 LOAD_CONST           R30 constant[968]  ; line 258
4288 LOAD_CONST           R31 constant[969]  ; line 258
4289 MOVE                 R32 <- R2  ; line 258
4290 MOVE                 R33 <- R30  ; line 258
4291 MOVE                 R34 <- R31  ; line 258
4292 CALL                 a=35 b=101 c=32 imm=3  ; line 258
4293 MOVE                 R36 <- R35  ; line 258
4294 LOAD_CONST           R37 constant[970]  ; line 259
4295 LOAD_CONST           R38 constant[971]  ; line 259
4296 MOVE                 R39 <- R2  ; line 259
4297 MOVE                 R40 <- R37  ; line 259
4298 MOVE                 R41 <- R38  ; line 259
4299 CALL                 a=42 b=101 c=39 imm=3  ; line 259
4300 MOVE                 R43 <- R42  ; line 259
4301 LOAD_CONST           R44 constant[972]  ; line 260
4302 LOAD_CONST           R45 constant[973]  ; line 260
4303 MOVE                 R46 <- R2  ; line 260
4304 MOVE                 R47 <- R44  ; line 260
4305 MOVE                 R48 <- R45  ; line 260
4306 CALL                 a=49 b=101 c=46 imm=3  ; line 260
4307 MOVE                 R50 <- R49  ; line 260
4308 LOAD_CONST           R51 constant[974]  ; line 261
4309 COMPARE              a=0 b=51 c=52 imm=0  ; line 261
4310 JUMP_IF_FALSE        R52 -> 4321  ; line 261
4311 LOAD_CONST           R51 constant[975]  ; line 262
4312 MOVE                 R52 <- R2  ; line 262
4313 MOVE                 R53 <- R51  ; line 262
4314 HOST_CALL            a=54 b=7 c=52 imm=2  ; line 262
4315 UNARY                a=54 b=55 c=4294967295 imm=1  ; line 262
4316 JUMP_IF_FALSE        R55 -> 4320  ; line 262
4317 LOAD_CONST           R51 constant[976]  ; line 262
4318 MOVE                 R50 <- R51  ; line 262
4319 JUMP                 -> 4320  ; line 262
4320 JUMP                 -> 4321  ; line 262
4321 LOAD_CONST           R51 constant[977]  ; line 264
4322 COMPARE              a=36 b=51 c=52 imm=3  ; line 264
4323 JUMP_IF_FALSE        R52 -> 4333  ; line 264
4324 LOAD_CONST           R51 constant[978]  ; line 264
4325 LOAD_CONST           R52 constant[979]  ; line 264
4326 LOAD_CONST           R53 constant[980]  ; line 264
4327 MOVE                 R54 <- R51  ; line 264
4328 MOVE                 R55 <- R52  ; line 264
4329 MOVE                 R56 <- R53  ; line 264
4330 CALL                 a=57 b=100 c=54 imm=3  ; line 264
4331 RETURN               R57  ; line 264
4332 JUMP                 -> 4333  ; line 264
4333 LOAD_CONST           R51 constant[981]  ; line 265
4334 COMPARE              a=43 b=51 c=52 imm=2  ; line 265
4335 JUMP_IF_FALSE        R52 -> 4345  ; line 265
4336 LOAD_CONST           R51 constant[982]  ; line 265
4337 LOAD_CONST           R52 constant[983]  ; line 265
4338 LOAD_CONST           R53 constant[984]  ; line 265
4339 MOVE                 R54 <- R51  ; line 265
4340 MOVE                 R55 <- R52  ; line 265
4341 MOVE                 R56 <- R53  ; line 265
4342 CALL                 a=57 b=100 c=54 imm=3  ; line 265
4343 RETURN               R57  ; line 265
4344 JUMP                 -> 4345  ; line 265
4345 LOAD_CONST           R51 constant[985]  ; line 266
4346 COMPARE              a=50 b=51 c=52 imm=2  ; line 266
4347 JUMP_IF_FALSE        R52 -> 4357  ; line 266
4348 LOAD_CONST           R51 constant[986]  ; line 266
4349 LOAD_CONST           R52 constant[987]  ; line 266
4350 LOAD_CONST           R53 constant[988]  ; line 266
4351 MOVE                 R54 <- R51  ; line 266
4352 MOVE                 R55 <- R52  ; line 266
4353 MOVE                 R56 <- R53  ; line 266
4354 CALL                 a=57 b=100 c=54 imm=3  ; line 266
4355 RETURN               R57  ; line 266
4356 JUMP                 -> 4357  ; line 266
4357 LOAD_CONST           R51 constant[989]  ; line 267
4358 MOVE                 R52 <- R2  ; line 267
4359 MOVE                 R53 <- R51  ; line 267
4360 HOST_CALL            a=54 b=11 c=52 imm=2  ; line 267
4361 MOVE                 R55 <- R54  ; line 267
4362 MOVE                 R56 <- R29  ; line 268
4363 CALL                 a=57 b=110 c=56 imm=1  ; line 268
4364 MOVE                 R58 <- R57  ; line 268
4365 HOST_CALL            a=59 b=72 c=58 imm=1  ; line 268
4366 MOVE                 R60 <- R10  ; line 268
4367 HOST_CALL            a=61 b=60 c=60 imm=1  ; line 268
4368 MOVE                 R62 <- R59  ; line 268
4369 MOVE                 R63 <- R61  ; line 268
4370 MOVE                 R64 <- R55  ; line 268
4371 CALL                 a=65 b=166 c=62 imm=3  ; line 268
4372 MOVE                 R66 <- R65  ; line 268
4373 MOVE                 R67 <- R10  ; line 269
4374 HOST_CALL            a=68 b=184 c=67 imm=1  ; line 269
4375 MOVE                 R69 <- R68  ; line 269
4376 HOST_CALL            a=70 b=168 c=69 imm=1  ; line 269
4377 MOVE                 R71 <- R10  ; line 269
4378 HOST_CALL            a=72 b=60 c=71 imm=1  ; line 269
4379 MOVE                 R73 <- R70  ; line 269
4380 MOVE                 R74 <- R72  ; line 269
4381 MOVE                 R75 <- R55  ; line 269
4382 CALL                 a=76 b=166 c=73 imm=3  ; line 269
4383 MOVE                 R77 <- R76  ; line 269
4384 LOAD_CONST           R78 constant[990]  ; line 270
4385 MOVE                 R79 <- R78  ; line 270
4386 LOAD_CONST           R80 constant[991]  ; line 271
4387 MOVE                 R81 <- R80  ; line 271
4388 COMPARE              a=81 b=43 c=82 imm=2  ; line 272
4389 JUMP_IF_FALSE        R82 -> 4415  ; line 272
4390 MOVE                 R82 <- R10  ; line 273
4391 MOVE                 R83 <- R66  ; line 273
4392 HOST_CALL            a=84 b=67 c=82 imm=2  ; line 273
4393 BINARY               a=84 b=79 c=85 imm=0  ; line 273
4394 BINARY               a=85 b=15 c=86 imm=1  ; line 273
4395 MOVE                 R87 <- R86  ; line 273
4396 MOVE                 R88 <- R77  ; line 274
4397 MOVE                 R89 <- R87  ; line 274
4398 HOST_CALL            a=90 b=67 c=88 imm=2  ; line 274
4399 BINARY               a=90 b=22 c=91 imm=3  ; line 274
4400 BINARY               a=66 b=50 c=92 imm=2  ; line 274
4401 BINARY               a=91 b=92 c=93 imm=0  ; line 274
4402 MOVE                 R94 <- R93  ; line 274
4403 BINARY               a=94 b=36 c=95 imm=2  ; line 275
4404 BINARY               a=66 b=95 c=96 imm=1  ; line 275
4405 MOVE                 R66 <- R96  ; line 275
4406 MOVE                 R95 <- R87  ; line 276
4407 HOST_CALL            a=96 b=69 c=95 imm=1  ; line 276
4408 BINARY               a=36 b=96 c=97 imm=2  ; line 276
4409 BINARY               a=79 b=97 c=98 imm=1  ; line 276
4410 MOVE                 R79 <- R98  ; line 276
4411 LOAD_CONST           R95 constant[992]  ; line 277
4412 BINARY               a=81 b=95 c=96 imm=0  ; line 277
4413 MOVE                 R81 <- R96  ; line 277
4414 JUMP                 -> 4388  ; line 277
4415 MOVE                 R95 <- R10  ; line 279
4416 MOVE                 R96 <- R66  ; line 279
4417 HOST_CALL            a=97 b=67 c=95 imm=2  ; line 279
4418 BINARY               a=97 b=79 c=98 imm=0  ; line 279
4419 MOVE                 R99 <- R98  ; line 279
4420 HOST_CALL            a=100 b=184 c=99 imm=1  ; line 279
4421 MOVE                 R101 <- R100  ; line 279
4422 MOVE                 R102 <- R15  ; line 280
4423 HOST_CALL            a=103 b=184 c=102 imm=1  ; line 280
4424 BINARY               a=101 b=103 c=104 imm=1  ; line 280
4425 MOVE                 R105 <- R15  ; line 280
4426 HOST_CALL            a=106 b=184 c=105 imm=1  ; line 280
4427 BINARY               a=101 b=106 c=107 imm=1  ; line 280
4428 BINARY               a=104 b=107 c=108 imm=2  ; line 280
4429 MOVE                 R109 <- R108  ; line 280
4430 HOST_CALL            a=110 b=69 c=109 imm=1  ; line 280
4431 MOVE                 R111 <- R110  ; line 280
4432 LOAD_CONST           R112 constant[993]  ; line 281
4433 LOAD_CONST           R113 constant[994]  ; line 281
4434 LOAD_CONST           R114 constant[995]  ; line 281
4435 LOAD_CONST           R115 constant[996]  ; line 281
4436 LOAD_CONST           R116 constant[997]  ; line 281
4437 LOAD_CONST           R117 constant[998]  ; line 281
4438 LOAD_CONST           R118 constant[999]  ; line 281
4439 LOAD_CONST           R119 constant[1000]  ; line 281
4440 MOVE                 R120 <- R118  ; line 281
4441 MOVE                 R121 <- R66  ; line 281
4442 MOVE                 R122 <- R119  ; line 281
4443 MOVE                 R123 <- R79  ; line 281
4444 HOST_CALL            a=124 b=6 c=120 imm=4  ; line 281
4445 LOAD_CONST           R125 constant[1001]  ; line 281
4446 LOAD_CONST           R126 constant[1002]  ; line 281
4447 MOVE                 R127 <- R126  ; line 281
4448 MOVE                 R128 <- R111  ; line 281
4449 HOST_CALL            a=129 b=6 c=127 imm=2  ; line 281
4450 LOAD_CONST           R130 constant[1003]  ; line 281
4451 ARRAY_NEW            a=131 b=131 c=0 imm=4294967295  ; line 281
4452 LOAD_CONST           R132 constant[1004]  ; line 281
4453 LOAD_CONST           R133 constant[1005]  ; line 281
4454 LOAD_CONST           R134 constant[1006]  ; line 281
4455 LOAD_CONST           R135 constant[1007]  ; line 281
4456 MOVE                 R136 <- R133  ; line 281
4457 MOVE                 R137 <- R43  ; line 281
4458 MOVE                 R138 <- R134  ; line 281
4459 MOVE                 R139 <- R36  ; line 281
4460 MOVE                 R140 <- R135  ; line 281
4461 MOVE                 R141 <- R50  ; line 281
4462 HOST_CALL            a=142 b=6 c=136 imm=6  ; line 281
4463 LOAD_CONST           R143 constant[1008]  ; line 281
4464 LOAD_CONST           R144 constant[1009]  ; line 281
4465 LOAD_CONST           R145 constant[1010]  ; line 281
4466 MOVE                 R146 <- R10  ; line 281
4467 HOST_CALL            a=147 b=60 c=146 imm=1  ; line 281
4468 LOAD_CONST           R148 constant[1011]  ; line 281
4469 LOAD_CONST           R149 constant[1012]  ; line 281
4470 MOVE                 R150 <- R112  ; line 281
4471 MOVE                 R151 <- R113  ; line 281
4472 MOVE                 R152 <- R114  ; line 281
4473 MOVE                 R153 <- R0  ; line 281
4474 MOVE                 R154 <- R115  ; line 281
4475 MOVE                 R155 <- R116  ; line 281
4476 MOVE                 R156 <- R117  ; line 281
4477 MOVE                 R157 <- R124  ; line 281
4478 MOVE                 R158 <- R125  ; line 281
4479 MOVE                 R159 <- R129  ; line 281
4480 MOVE                 R160 <- R130  ; line 281
4481 MOVE                 R161 <- R131  ; line 281
4482 MOVE                 R162 <- R132  ; line 281
4483 MOVE                 R163 <- R142  ; line 281
4484 MOVE                 R164 <- R143  ; line 281
4485 MOVE                 R165 <- R144  ; line 281
4486 MOVE                 R166 <- R145  ; line 281
4487 MOVE                 R167 <- R147  ; line 281
4488 MOVE                 R168 <- R148  ; line 281
4489 MOVE                 R169 <- R149  ; line 281
4490 HOST_CALL            a=170 b=6 c=150 imm=20  ; line 281
4491 MOVE                 R171 <- R170  ; line 281
4492 MOVE                 R172 <- R22  ; line 288
4493 MOVE                 R173 <- R111  ; line 288
4494 CALL                 a=174 b=113 c=172 imm=2  ; line 288
4495 LOAD_CONST           R175 constant[1013]  ; line 288
4496 LOAD_CONST           R176 constant[1014]  ; line 288
4497 MOVE                 R177 <- R175  ; line 288
4498 MOVE                 R178 <- R111  ; line 288
4499 MOVE                 R179 <- R176  ; line 288
4500 MOVE                 R180 <- R22  ; line 288
4501 HOST_CALL            a=181 b=6 c=177 imm=4  ; line 288
4502 LOAD_CONST           R182 constant[1015]  ; line 288
4503 LOAD_CONST           R183 constant[1016]  ; line 288
4504 LOAD_CONST           R184 constant[1017]  ; line 288
4505 MOVE                 R185 <- R183  ; line 288
4506 MOVE                 R186 <- R184  ; line 288
4507 ARRAY_NEW            a=187 b=185 c=2 imm=4294967295  ; line 288
4508 MOVE                 R188 <- R171  ; line 288
4509 MOVE                 R189 <- R101  ; line 288
4510 MOVE                 R190 <- R174  ; line 288
4511 MOVE                 R191 <- R181  ; line 288
4512 MOVE                 R192 <- R182  ; line 288
4513 MOVE                 R193 <- R187  ; line 288
4514 CALL                 a=194 b=115 c=188 imm=6  ; line 288
4515 RETURN               R194  ; line 288
4516 LOAD_CONST           R195 constant[1018]  ; line 288
4517 RETURN               R195  ; line 288
4518 MOVE                 R2 <- R0  ; line 294
4519 CALL                 a=3 b=111 c=2 imm=1  ; line 294
4520 MOVE                 R4 <- R3  ; line 294
4521 LOAD_CONST           R5 constant[1019]  ; line 295
4522 COMPARE              a=4 b=5 c=6 imm=1  ; line 295
4523 JUMP_IF_FALSE        R6 -> 4532  ; line 295
4524 LOAD_CONST           R5 constant[1020]  ; line 295
4525 LOAD_CONST           R6 constant[1021]  ; line 295
4526 MOVE                 R7 <- R5  ; line 295
4527 MOVE                 R8 <- R4  ; line 295
4528 MOVE                 R9 <- R6  ; line 295
4529 CALL                 a=10 b=100 c=7 imm=3  ; line 295
4530 RETURN               R10  ; line 295
4531 JUMP                 -> 4532  ; line 295
4532 LOAD_CONST           R5 constant[1022]  ; line 296
4533 MOVE                 R6 <- R0  ; line 296
4534 MOVE                 R7 <- R5  ; line 296
4535 HOST_CALL            a=8 b=11 c=6 imm=2  ; line 296
4536 MOVE                 R9 <- R8  ; line 296
4537 LOAD_CONST           R10 constant[1023]  ; line 297
4538 MOVE                 R11 <- R0  ; line 297
4539 MOVE                 R12 <- R10  ; line 297
4540 HOST_CALL            a=13 b=11 c=11 imm=2  ; line 297
4541 MOVE                 R14 <- R13  ; line 297
4542 MOVE                 R15 <- R9  ; line 298
4543 HOST_CALL            a=16 b=61 c=15 imm=1  ; line 298
4544 MOVE                 R17 <- R16  ; line 298
4545 LOAD_CONST           R18 constant[1024]  ; line 299
4546 MOVE                 R19 <- R17  ; line 299
4547 MOVE                 R20 <- R18  ; line 299
4548 HOST_CALL            a=21 b=11 c=19 imm=2  ; line 299
4549 MOVE                 R22 <- R21  ; line 299
4550 LOAD_CONST           R23 constant[1025]  ; line 300
4551 MOVE                 R24 <- R17  ; line 300
4552 MOVE                 R25 <- R23  ; line 300
4553 HOST_CALL            a=26 b=11 c=24 imm=2  ; line 300
4554 MOVE                 R27 <- R26  ; line 300
4555 LOAD_CONST           R28 constant[1026]  ; line 301
4556 LOAD_CONST           R29 constant[1027]  ; line 301
4557 MOVE                 R30 <- R1  ; line 301
4558 MOVE                 R31 <- R28  ; line 301
4559 MOVE                 R32 <- R29  ; line 301
4560 CALL                 a=33 b=101 c=30 imm=3  ; line 301
4561 MOVE                 R34 <- R33  ; line 301
4562 LOAD_CONST           R35 constant[1028]  ; line 302
4563 LOAD_CONST           R36 constant[1029]  ; line 302
4564 MOVE                 R37 <- R1  ; line 302
4565 MOVE                 R38 <- R35  ; line 302
4566 MOVE                 R39 <- R36  ; line 302
4567 CALL                 a=40 b=101 c=37 imm=3  ; line 302
4568 MOVE                 R41 <- R40  ; line 302
4569 LOAD_CONST           R42 constant[1030]  ; line 303
4570 LOAD_CONST           R43 constant[1031]  ; line 303
4571 MOVE                 R44 <- R1  ; line 303
4572 MOVE                 R45 <- R42  ; line 303
4573 MOVE                 R46 <- R43  ; line 303
4574 CALL                 a=47 b=101 c=44 imm=3  ; line 303
4575 MOVE                 R48 <- R47  ; line 303
4576 LOAD_CONST           R49 constant[1032]  ; line 304
4577 COMPARE              a=34 b=49 c=50 imm=3  ; line 304
4578 JUMP_IF_FALSE        R50 -> 4588  ; line 304
4579 LOAD_CONST           R49 constant[1033]  ; line 304
4580 LOAD_CONST           R50 constant[1034]  ; line 304
4581 LOAD_CONST           R51 constant[1035]  ; line 304
4582 MOVE                 R52 <- R49  ; line 304
4583 MOVE                 R53 <- R50  ; line 304
4584 MOVE                 R54 <- R51  ; line 304
4585 CALL                 a=55 b=100 c=52 imm=3  ; line 304
4586 RETURN               R55  ; line 304
4587 JUMP                 -> 4588  ; line 304
4588 LOAD_CONST           R49 constant[1036]  ; line 305
4589 COMPARE              a=41 b=49 c=50 imm=2  ; line 305
4590 JUMP_IF_FALSE        R50 -> 4600  ; line 305
4591 LOAD_CONST           R49 constant[1037]  ; line 305
4592 LOAD_CONST           R50 constant[1038]  ; line 305
4593 LOAD_CONST           R51 constant[1039]  ; line 305
4594 MOVE                 R52 <- R49  ; line 305
4595 MOVE                 R53 <- R50  ; line 305
4596 MOVE                 R54 <- R51  ; line 305
4597 CALL                 a=55 b=100 c=52 imm=3  ; line 305
4598 RETURN               R55  ; line 305
4599 JUMP                 -> 4600  ; line 305
4600 LOAD_CONST           R49 constant[1040]  ; line 306
4601 COMPARE              a=48 b=49 c=50 imm=2  ; line 306
4602 JUMP_IF_FALSE        R50 -> 4612  ; line 306
4603 LOAD_CONST           R49 constant[1041]  ; line 306
4604 LOAD_CONST           R50 constant[1042]  ; line 306
4605 LOAD_CONST           R51 constant[1043]  ; line 306
4606 MOVE                 R52 <- R49  ; line 306
4607 MOVE                 R53 <- R50  ; line 306
4608 MOVE                 R54 <- R51  ; line 306
4609 CALL                 a=55 b=100 c=52 imm=3  ; line 306
4610 RETURN               R55  ; line 306
4611 JUMP                 -> 4612  ; line 306
4612 LOAD_CONST           R49 constant[1044]  ; line 307
4613 MOVE                 R50 <- R49  ; line 307
4614 COMPARE              a=50 b=22 c=51 imm=2  ; line 308
4615 JUMP_IF_FALSE        R51 -> 4642  ; line 308
4616 MOVE                 R51 <- R14  ; line 309
4617 MOVE                 R52 <- R50  ; line 309
4618 HOST_CALL            a=53 b=11 c=51 imm=2  ; line 309
4619 LOAD_CONST           R54 constant[1045]  ; line 309
4620 COMPARE              a=53 b=54 c=55 imm=1  ; line 309
4621 JUMP_IF_FALSE        R55 -> 4638  ; line 309
4622 MOVE                 R51 <- R14  ; line 310
4623 MOVE                 R52 <- R50  ; line 310
4624 HOST_CALL            a=53 b=11 c=51 imm=2  ; line 310
4625 LOAD_CONST           R54 constant[1046]  ; line 310
4626 COMPARE              a=53 b=54 c=55 imm=1  ; line 310
4627 JUMP_IF_FALSE        R55 -> 4637  ; line 310
4628 LOAD_CONST           R51 constant[1047]  ; line 310
4629 LOAD_CONST           R52 constant[1048]  ; line 310
4630 LOAD_CONST           R53 constant[1049]  ; line 310
4631 MOVE                 R54 <- R51  ; line 310
4632 MOVE                 R55 <- R52  ; line 310
4633 MOVE                 R56 <- R53  ; line 310
4634 CALL                 a=57 b=100 c=54 imm=3  ; line 310
4635 RETURN               R57  ; line 310
4636 JUMP                 -> 4637  ; line 310
4637 JUMP                 -> 4638  ; line 310
4638 LOAD_CONST           R51 constant[1050]  ; line 312
4639 BINARY               a=50 b=51 c=52 imm=0  ; line 312
4640 MOVE                 R50 <- R52  ; line 312
4641 JUMP                 -> 4614  ; line 312
4642 MOVE                 R51 <- R27  ; line 315
4643 CALL                 a=52 b=110 c=51 imm=1  ; line 315
4644 MOVE                 R53 <- R52  ; line 315
4645 LOAD_CONST           R54 constant[1051]  ; line 316
4646 MOVE                 R55 <- R54  ; line 316
4647 LOAD_CONST           R56 constant[1052]  ; line 317
4648 MOVE                 R57 <- R56  ; line 317
4649 COMPARE              a=57 b=41 c=58 imm=2  ; line 318
4650 JUMP_IF_FALSE        R58 -> 4751  ; line 318
4651 MOVE                 R58 <- R27  ; line 319
4652 CALL                 a=59 b=110 c=58 imm=1  ; line 319
4653 MOVE                 R60 <- R59  ; line 319
4654 LOAD_CONST           R61 constant[1053]  ; line 320
4655 MOVE                 R62 <- R61  ; line 320
4656 LOAD_CONST           R63 constant[1054]  ; line 321
4657 MOVE                 R50 <- R63  ; line 321
4658 COMPARE              a=50 b=22 c=63 imm=2  ; line 322
4659 JUMP_IF_FALSE        R63 -> 4717  ; line 322
4660 MOVE                 R63 <- R55  ; line 323
4661 LOAD_CONST           R64 constant[1055]  ; line 324
4662 MOVE                 R65 <- R64  ; line 324
4663 COMPARE              a=65 b=27 c=66 imm=2  ; line 325
4664 JUMP_IF_FALSE        R66 -> 4681  ; line 325
4665 MOVE                 R66 <- R53  ; line 326
4666 MOVE                 R67 <- R65  ; line 326
4667 HOST_CALL            a=68 b=11 c=66 imm=2  ; line 326
4668 MOVE                 R69 <- R50  ; line 326
4669 MOVE                 R70 <- R65  ; line 326
4670 ARRAY_NEW            a=71 b=69 c=2 imm=4294967295  ; line 326
4671 MOVE                 R72 <- R9  ; line 326
4672 MOVE                 R73 <- R71  ; line 326
4673 HOST_CALL            a=74 b=11 c=72 imm=2  ; line 326
4674 BINARY               a=68 b=74 c=75 imm=2  ; line 326
4675 BINARY               a=63 b=75 c=76 imm=0  ; line 326
4676 MOVE                 R63 <- R76  ; line 326
4677 LOAD_CONST           R66 constant[1056]  ; line 327
4678 BINARY               a=65 b=66 c=67 imm=0  ; line 327
4679 MOVE                 R65 <- R67  ; line 327
4680 JUMP                 -> 4663  ; line 327
4681 MOVE                 R66 <- R63  ; line 329
4682 CALL                 a=67 b=106 c=66 imm=1  ; line 329
4683 MOVE                 R68 <- R14  ; line 329
4684 MOVE                 R69 <- R50  ; line 329
4685 HOST_CALL            a=70 b=11 c=68 imm=2  ; line 329
4686 BINARY               a=67 b=70 c=71 imm=1  ; line 329
4687 MOVE                 R72 <- R71  ; line 329
4688 LOAD_CONST           R73 constant[1057]  ; line 330
4689 MOVE                 R65 <- R73  ; line 330
4690 COMPARE              a=65 b=27 c=73 imm=2  ; line 331
4691 JUMP_IF_FALSE        R73 -> 4711  ; line 331
4692 MOVE                 R73 <- R60  ; line 332
4693 MOVE                 R74 <- R65  ; line 332
4694 HOST_CALL            a=75 b=11 c=73 imm=2  ; line 332
4695 MOVE                 R76 <- R50  ; line 332
4696 MOVE                 R77 <- R65  ; line 332
4697 ARRAY_NEW            a=78 b=76 c=2 imm=4294967295  ; line 332
4698 MOVE                 R79 <- R9  ; line 332
4699 MOVE                 R80 <- R78  ; line 332
4700 HOST_CALL            a=81 b=11 c=79 imm=2  ; line 332
4701 BINARY               a=72 b=81 c=82 imm=2  ; line 332
4702 BINARY               a=75 b=82 c=83 imm=0  ; line 332
4703 MOVE                 R84 <- R60  ; line 332
4704 MOVE                 R85 <- R65  ; line 332
4705 MOVE                 R86 <- R83  ; line 332
4706 HOST_CALL            a=87 b=12 c=84 imm=3  ; line 332
4707 LOAD_CONST           R73 constant[1058]  ; line 333
4708 BINARY               a=65 b=73 c=74 imm=0  ; line 333
4709 MOVE                 R65 <- R74  ; line 333
4710 JUMP                 -> 4690  ; line 333
4711 BINARY               a=62 b=72 c=73 imm=0  ; line 335
4712 MOVE                 R62 <- R73  ; line 335
4713 LOAD_CONST           R73 constant[1059]  ; line 336
4714 BINARY               a=50 b=73 c=74 imm=0  ; line 336
4715 MOVE                 R50 <- R74  ; line 336
4716 JUMP                 -> 4658  ; line 336
4717 LOAD_CONST           R73 constant[1060]  ; line 338
4718 MOVE                 R74 <- R73  ; line 338
4719 COMPARE              a=74 b=27 c=75 imm=2  ; line 339
4720 JUMP_IF_FALSE        R75 -> 4743  ; line 339
4721 MOVE                 R75 <- R53  ; line 340
4722 MOVE                 R76 <- R74  ; line 340
4723 HOST_CALL            a=77 b=11 c=75 imm=2  ; line 340
4724 MOVE                 R78 <- R60  ; line 340
4725 MOVE                 R79 <- R74  ; line 340
4726 HOST_CALL            a=80 b=11 c=78 imm=2  ; line 340
4727 BINARY               a=80 b=22 c=81 imm=3  ; line 340
4728 MOVE                 R82 <- R53  ; line 340
4729 MOVE                 R83 <- R74  ; line 340
4730 HOST_CALL            a=84 b=11 c=82 imm=2  ; line 340
4731 BINARY               a=48 b=84 c=85 imm=2  ; line 340
4732 BINARY               a=81 b=85 c=86 imm=0  ; line 340
4733 BINARY               a=34 b=86 c=87 imm=2  ; line 340
4734 BINARY               a=77 b=87 c=88 imm=1  ; line 340
4735 MOVE                 R89 <- R53  ; line 340
4736 MOVE                 R90 <- R74  ; line 340
4737 MOVE                 R91 <- R88  ; line 340
4738 HOST_CALL            a=92 b=12 c=89 imm=3  ; line 340
4739 LOAD_CONST           R75 constant[1061]  ; line 342
4740 BINARY               a=74 b=75 c=76 imm=0  ; line 342
4741 MOVE                 R74 <- R76  ; line 342
4742 JUMP                 -> 4719  ; line 342
4743 BINARY               a=34 b=62 c=75 imm=2  ; line 344
4744 BINARY               a=75 b=22 c=76 imm=3  ; line 344
4745 BINARY               a=55 b=76 c=77 imm=1  ; line 344
4746 MOVE                 R55 <- R77  ; line 344
4747 LOAD_CONST           R75 constant[1062]  ; line 345
4748 BINARY               a=57 b=75 c=76 imm=0  ; line 345
4749 MOVE                 R57 <- R76  ; line 345
4750 JUMP                 -> 4649  ; line 345
4751 MOVE                 R75 <- R9  ; line 348
4752 MOVE                 R76 <- R53  ; line 348
4753 MOVE                 R77 <- R55  ; line 348
4754 CALL                 a=78 b=112 c=75 imm=3  ; line 348
4755 MOVE                 R79 <- R78  ; line 348
4756 LOAD_CONST           R80 constant[1063]  ; line 349
4757 MOVE                 R81 <- R80  ; line 349
4758 HOST_CALL            a=82 b=22 c=81 imm=1  ; line 349
4759 MOVE                 R83 <- R82  ; line 349
4760 LOAD_CONST           R84 constant[1064]  ; line 350
4761 MOVE                 R85 <- R84  ; line 350
4762 HOST_CALL            a=86 b=22 c=85 imm=1  ; line 350
4763 MOVE                 R87 <- R86  ; line 350
4764 LOAD_CONST           R88 constant[1065]  ; line 351
4765 MOVE                 R89 <- R88  ; line 351
4766 LOAD_CONST           R90 constant[1066]  ; line 352
4767 MOVE                 R50 <- R90  ; line 352
4768 COMPARE              a=50 b=22 c=90 imm=2  ; line 353
4769 JUMP_IF_FALSE        R90 -> 4806  ; line 353
4770 MOVE                 R90 <- R79  ; line 354
4771 MOVE                 R91 <- R50  ; line 354
4772 HOST_CALL            a=92 b=11 c=90 imm=2  ; line 354
4773 MOVE                 R93 <- R92  ; line 354
4774 CALL                 a=94 b=106 c=93 imm=1  ; line 354
4775 MOVE                 R95 <- R94  ; line 354
4776 MOVE                 R96 <- R83  ; line 355
4777 MOVE                 R97 <- R95  ; line 355
4778 HOST_CALL            a=98 b=23 c=96 imm=2  ; line 355
4779 LOAD_CONST           R96 constant[1067]  ; line 356
4780 BINARY               a=96 b=95 c=97 imm=1  ; line 356
4781 BINARY               a=95 b=97 c=98 imm=2  ; line 356
4782 MOVE                 R99 <- R87  ; line 356
4783 MOVE                 R100 <- R98  ; line 356
4784 HOST_CALL            a=101 b=23 c=99 imm=2  ; line 356
4785 LOAD_CONST           R96 constant[1068]  ; line 357
4786 MOVE                 R97 <- R96  ; line 357
4787 LOAD_CONST           R98 constant[1069]  ; line 358
4788 COMPARE              a=95 b=98 c=99 imm=5  ; line 358
4789 JUMP_IF_FALSE        R99 -> 4793  ; line 358
4790 LOAD_CONST           R98 constant[1070]  ; line 358
4791 MOVE                 R97 <- R98  ; line 358
4792 JUMP                 -> 4793  ; line 358
4793 MOVE                 R98 <- R14  ; line 359
4794 MOVE                 R99 <- R50  ; line 359
4795 HOST_CALL            a=100 b=11 c=98 imm=2  ; line 359
4796 COMPARE              a=97 b=100 c=101 imm=1  ; line 359
4797 JUMP_IF_FALSE        R101 -> 4802  ; line 359
4798 LOAD_CONST           R98 constant[1071]  ; line 359
4799 BINARY               a=89 b=98 c=99 imm=0  ; line 359
4800 MOVE                 R89 <- R99  ; line 359
4801 JUMP                 -> 4802  ; line 359
4802 LOAD_CONST           R98 constant[1072]  ; line 360
4803 BINARY               a=50 b=98 c=99 imm=0  ; line 360
4804 MOVE                 R50 <- R99  ; line 360
4805 JUMP                 -> 4768  ; line 360
4806 MOVE                 R98 <- R83  ; line 362
4807 HOST_CALL            a=99 b=72 c=98 imm=1  ; line 362
4808 MOVE                 R100 <- R99  ; line 362
4809 MOVE                 R101 <- R87  ; line 363
4810 HOST_CALL            a=102 b=72 c=101 imm=1  ; line 363
4811 MOVE                 R103 <- R102  ; line 363
4812 LOAD_CONST           R104 constant[1073]  ; line 364
4813 LOAD_CONST           R105 constant[1074]  ; line 364
4814 LOAD_CONST           R106 constant[1075]  ; line 364
4815 LOAD_CONST           R107 constant[1076]  ; line 364
4816 LOAD_CONST           R108 constant[1077]  ; line 364
4817 LOAD_CONST           R109 constant[1078]  ; line 364
4818 LOAD_CONST           R110 constant[1079]  ; line 364
4819 LOAD_CONST           R111 constant[1080]  ; line 364
4820 MOVE                 R112 <- R53  ; line 364
4821 HOST_CALL            a=113 b=72 c=112 imm=1  ; line 364
4822 LOAD_CONST           R114 constant[1081]  ; line 364
4823 MOVE                 R115 <- R111  ; line 364
4824 MOVE                 R116 <- R113  ; line 364
4825 MOVE                 R117 <- R114  ; line 364
4826 MOVE                 R118 <- R55  ; line 364
4827 HOST_CALL            a=119 b=6 c=115 imm=4  ; line 364
4828 LOAD_CONST           R120 constant[1082]  ; line 364
4829 LOAD_CONST           R121 constant[1083]  ; line 364
4830 LOAD_CONST           R122 constant[1084]  ; line 364
4831 MOVE                 R123 <- R121  ; line 364
4832 MOVE                 R124 <- R122  ; line 364
4833 HOST_CALL            a=125 b=6 c=123 imm=2  ; line 364
4834 LOAD_CONST           R126 constant[1085]  ; line 364
4835 LOAD_CONST           R127 constant[1086]  ; line 364
4836 LOAD_CONST           R128 constant[1087]  ; line 364
4837 MOVE                 R129 <- R127  ; line 364
4838 MOVE                 R130 <- R128  ; line 364
4839 ARRAY_NEW            a=131 b=129 c=2 imm=4294967295  ; line 364
4840 LOAD_CONST           R132 constant[1088]  ; line 364
4841 LOAD_CONST           R133 constant[1089]  ; line 364
4842 LOAD_CONST           R134 constant[1090]  ; line 364
4843 LOAD_CONST           R135 constant[1091]  ; line 364
4844 MOVE                 R136 <- R133  ; line 364
4845 MOVE                 R137 <- R41  ; line 364
4846 MOVE                 R138 <- R134  ; line 364
4847 MOVE                 R139 <- R34  ; line 364
4848 MOVE                 R140 <- R135  ; line 364
4849 MOVE                 R141 <- R48  ; line 364
4850 HOST_CALL            a=142 b=6 c=136 imm=6  ; line 364
4851 LOAD_CONST           R143 constant[1092]  ; line 364
4852 LOAD_CONST           R144 constant[1093]  ; line 364
4853 LOAD_CONST           R145 constant[1094]  ; line 364
4854 MOVE                 R146 <- R9  ; line 364
4855 HOST_CALL            a=147 b=60 c=146 imm=1  ; line 364
4856 LOAD_CONST           R148 constant[1095]  ; line 364
4857 LOAD_CONST           R149 constant[1096]  ; line 364
4858 MOVE                 R150 <- R104  ; line 364
4859 MOVE                 R151 <- R105  ; line 364
4860 MOVE                 R152 <- R106  ; line 364
4861 MOVE                 R153 <- R107  ; line 364
4862 MOVE                 R154 <- R108  ; line 364
4863 MOVE                 R155 <- R109  ; line 364
4864 MOVE                 R156 <- R110  ; line 364
4865 MOVE                 R157 <- R119  ; line 364
4866 MOVE                 R158 <- R120  ; line 364
4867 MOVE                 R159 <- R125  ; line 364
4868 MOVE                 R160 <- R126  ; line 364
4869 MOVE                 R161 <- R131  ; line 364
4870 MOVE                 R162 <- R132  ; line 364
4871 MOVE                 R163 <- R142  ; line 364
4872 MOVE                 R164 <- R143  ; line 364
4873 MOVE                 R165 <- R144  ; line 364
4874 MOVE                 R166 <- R145  ; line 364
4875 MOVE                 R167 <- R147  ; line 364
4876 MOVE                 R168 <- R148  ; line 364
4877 MOVE                 R169 <- R149  ; line 364
4878 HOST_CALL            a=170 b=6 c=150 imm=20  ; line 364
4879 MOVE                 R171 <- R170  ; line 364
4880 LOAD_CONST           R172 constant[1097]  ; line 376
4881 BINARY               a=89 b=22 c=173 imm=3  ; line 376
4882 LOAD_CONST           R174 constant[1098]  ; line 376
4883 MOVE                 R175 <- R172  ; line 376
4884 MOVE                 R176 <- R173  ; line 376
4885 MOVE                 R177 <- R174  ; line 376
4886 MOVE                 R178 <- R22  ; line 376
4887 HOST_CALL            a=179 b=6 c=175 imm=4  ; line 376
4888 LOAD_CONST           R180 constant[1099]  ; line 376
4889 LOAD_CONST           R181 constant[1100]  ; line 376
4890 LOAD_CONST           R182 constant[1101]  ; line 376
4891 MOVE                 R183 <- R181  ; line 376
4892 MOVE                 R184 <- R182  ; line 376
4893 ARRAY_NEW            a=185 b=183 c=2 imm=4294967295  ; line 376
4894 MOVE                 R186 <- R171  ; line 376
4895 MOVE                 R187 <- R100  ; line 376
4896 MOVE                 R188 <- R103  ; line 376
4897 MOVE                 R189 <- R179  ; line 376
4898 MOVE                 R190 <- R180  ; line 376
4899 MOVE                 R191 <- R185  ; line 376
4900 CALL                 a=192 b=115 c=186 imm=6  ; line 376
4901 RETURN               R192  ; line 376
4902 LOAD_CONST           R193 constant[1102]  ; line 376
4903 RETURN               R193  ; line 376
4904 MOVE                 R2 <- R0  ; line 382
4905 CALL                 a=3 b=111 c=2 imm=1  ; line 382
4906 MOVE                 R4 <- R3  ; line 382
4907 LOAD_CONST           R5 constant[1103]  ; line 383
4908 COMPARE              a=4 b=5 c=6 imm=1  ; line 383
4909 JUMP_IF_FALSE        R6 -> 4918  ; line 383
4910 LOAD_CONST           R5 constant[1104]  ; line 383
4911 LOAD_CONST           R6 constant[1105]  ; line 383
4912 MOVE                 R7 <- R5  ; line 383
4913 MOVE                 R8 <- R4  ; line 383
4914 MOVE                 R9 <- R6  ; line 383
4915 CALL                 a=10 b=100 c=7 imm=3  ; line 383
4916 RETURN               R10  ; line 383
4917 JUMP                 -> 4918  ; line 383
4918 LOAD_CONST           R5 constant[1106]  ; line 384
4919 MOVE                 R6 <- R0  ; line 384
4920 MOVE                 R7 <- R5  ; line 384
4921 HOST_CALL            a=8 b=11 c=6 imm=2  ; line 384
4922 MOVE                 R9 <- R8  ; line 384
4923 LOAD_CONST           R10 constant[1107]  ; line 385
4924 MOVE                 R11 <- R0  ; line 385
4925 MOVE                 R12 <- R10  ; line 385
4926 HOST_CALL            a=13 b=11 c=11 imm=2  ; line 385
4927 MOVE                 R14 <- R13  ; line 385
4928 MOVE                 R15 <- R9  ; line 386
4929 HOST_CALL            a=16 b=61 c=15 imm=1  ; line 386
4930 LOAD_CONST           R17 constant[1108]  ; line 386
4931 MOVE                 R18 <- R16  ; line 386
4932 MOVE                 R19 <- R17  ; line 386
4933 HOST_CALL            a=20 b=11 c=18 imm=2  ; line 386
4934 MOVE                 R21 <- R20  ; line 386
4935 MOVE                 R22 <- R9  ; line 387
4936 HOST_CALL            a=23 b=61 c=22 imm=1  ; line 387
4937 LOAD_CONST           R24 constant[1109]  ; line 387
4938 MOVE                 R25 <- R23  ; line 387
4939 MOVE                 R26 <- R24  ; line 387
4940 HOST_CALL            a=27 b=11 c=25 imm=2  ; line 387
4941 MOVE                 R28 <- R27  ; line 387
4942 LOAD_CONST           R29 constant[1110]  ; line 388
4943 LOAD_CONST           R30 constant[1111]  ; line 388
4944 MOVE                 R31 <- R1  ; line 388
4945 MOVE                 R32 <- R29  ; line 388
4946 MOVE                 R33 <- R30  ; line 388
4947 CALL                 a=34 b=101 c=31 imm=3  ; line 388
4948 MOVE                 R35 <- R34  ; line 388
4949 LOAD_CONST           R36 constant[1112]  ; line 389
4950 LOAD_CONST           R37 constant[1113]  ; line 389
4951 MOVE                 R38 <- R1  ; line 389
4952 MOVE                 R39 <- R36  ; line 389
4953 MOVE                 R40 <- R37  ; line 389
4954 CALL                 a=41 b=101 c=38 imm=3  ; line 389
4955 MOVE                 R42 <- R41  ; line 389
4956 LOAD_CONST           R43 constant[1114]  ; line 390
4957 LOAD_CONST           R44 constant[1115]  ; line 390
4958 MOVE                 R45 <- R1  ; line 390
4959 MOVE                 R46 <- R43  ; line 390
4960 MOVE                 R47 <- R44  ; line 390
4961 CALL                 a=48 b=101 c=45 imm=3  ; line 390
4962 MOVE                 R49 <- R48  ; line 390
4963 LOAD_CONST           R50 constant[1116]  ; line 391
4964 MOVE                 R51 <- R50  ; line 391
4965 COMPARE              a=51 b=21 c=52 imm=2  ; line 392
4966 JUMP_IF_FALSE        R52 -> 4993  ; line 392
4967 MOVE                 R52 <- R14  ; line 393
4968 MOVE                 R53 <- R51  ; line 393
4969 HOST_CALL            a=54 b=11 c=52 imm=2  ; line 393
4970 LOAD_CONST           R55 constant[1117]  ; line 393
4971 COMPARE              a=54 b=55 c=56 imm=1  ; line 393
4972 JUMP_IF_FALSE        R56 -> 4989  ; line 393
4973 MOVE                 R52 <- R14  ; line 394
4974 MOVE                 R53 <- R51  ; line 394
4975 HOST_CALL            a=54 b=11 c=52 imm=2  ; line 394
4976 LOAD_CONST           R55 constant[1118]  ; line 394
4977 COMPARE              a=54 b=55 c=56 imm=1  ; line 394
4978 JUMP_IF_FALSE        R56 -> 4988  ; line 394
4979 LOAD_CONST           R52 constant[1119]  ; line 394
4980 LOAD_CONST           R53 constant[1120]  ; line 394
4981 LOAD_CONST           R54 constant[1121]  ; line 394
4982 MOVE                 R55 <- R52  ; line 394
4983 MOVE                 R56 <- R53  ; line 394
4984 MOVE                 R57 <- R54  ; line 394
4985 CALL                 a=58 b=100 c=55 imm=3  ; line 394
4986 RETURN               R58  ; line 394
4987 JUMP                 -> 4988  ; line 394
4988 JUMP                 -> 4989  ; line 394
4989 LOAD_CONST           R52 constant[1122]  ; line 396
4990 BINARY               a=51 b=52 c=53 imm=0  ; line 396
4991 MOVE                 R51 <- R53  ; line 396
4992 JUMP                 -> 4965  ; line 396
4993 LOAD_CONST           R52 constant[1123]  ; line 398
4994 MOVE                 R53 <- R1  ; line 398
4995 MOVE                 R54 <- R52  ; line 398
4996 HOST_CALL            a=55 b=11 c=53 imm=2  ; line 398
4997 MOVE                 R56 <- R55  ; line 398
4998 MOVE                 R57 <- R28  ; line 399
4999 CALL                 a=58 b=110 c=57 imm=1  ; line 399
5000 MOVE                 R59 <- R58  ; line 399
5001 HOST_CALL            a=60 b=72 c=59 imm=1  ; line 399
5002 MOVE                 R61 <- R9  ; line 399
5003 HOST_CALL            a=62 b=60 c=61 imm=1  ; line 399
5004 MOVE                 R63 <- R60  ; line 399
5005 MOVE                 R64 <- R62  ; line 399
5006 MOVE                 R65 <- R56  ; line 399
5007 CALL                 a=66 b=166 c=63 imm=3  ; line 399
5008 MOVE                 R67 <- R66  ; line 399
5009 MOVE                 R68 <- R9  ; line 400
5010 HOST_CALL            a=69 b=184 c=68 imm=1  ; line 400
5011 MOVE                 R70 <- R69  ; line 400
5012 HOST_CALL            a=71 b=168 c=70 imm=1  ; line 400
5013 MOVE                 R72 <- R9  ; line 400
5014 HOST_CALL            a=73 b=60 c=72 imm=1  ; line 400
5015 MOVE                 R74 <- R71  ; line 400
5016 MOVE                 R75 <- R73  ; line 400
5017 MOVE                 R76 <- R56  ; line 400
5018 CALL                 a=77 b=166 c=74 imm=3  ; line 400
5019 MOVE                 R78 <- R77  ; line 400
5020 LOAD_CONST           R79 constant[1124]  ; line 401
5021 MOVE                 R80 <- R79  ; line 401
5022 LOAD_CONST           R81 constant[1125]  ; line 402
5023 MOVE                 R82 <- R81  ; line 402
5024 COMPARE              a=82 b=42 c=83 imm=2  ; line 403
5025 JUMP_IF_FALSE        R83 -> 5059  ; line 403
5026 MOVE                 R83 <- R9  ; line 404
5027 MOVE                 R84 <- R67  ; line 404
5028 HOST_CALL            a=85 b=67 c=83 imm=2  ; line 404
5029 BINARY               a=85 b=80 c=86 imm=0  ; line 404
5030 MOVE                 R87 <- R86  ; line 404
5031 MOVE                 R88 <- R87  ; line 405
5032 HOST_CALL            a=89 b=169 c=88 imm=1  ; line 405
5033 MOVE                 R90 <- R89  ; line 405
5034 LOAD_CONST           R91 constant[1126]  ; line 406
5035 BINARY               a=90 b=91 c=92 imm=0  ; line 406
5036 BINARY               a=90 b=92 c=93 imm=3  ; line 406
5037 MOVE                 R94 <- R93  ; line 406
5038 BINARY               a=94 b=14 c=95 imm=1  ; line 407
5039 MOVE                 R96 <- R95  ; line 407
5040 MOVE                 R97 <- R78  ; line 408
5041 MOVE                 R98 <- R96  ; line 408
5042 HOST_CALL            a=99 b=67 c=97 imm=2  ; line 408
5043 BINARY               a=99 b=21 c=100 imm=3  ; line 408
5044 BINARY               a=67 b=49 c=101 imm=2  ; line 408
5045 BINARY               a=100 b=101 c=102 imm=0  ; line 408
5046 MOVE                 R103 <- R102  ; line 408
5047 BINARY               a=103 b=35 c=104 imm=2  ; line 409
5048 BINARY               a=67 b=104 c=105 imm=1  ; line 409
5049 MOVE                 R67 <- R105  ; line 409
5050 MOVE                 R104 <- R96  ; line 410
5051 HOST_CALL            a=105 b=69 c=104 imm=1  ; line 410
5052 BINARY               a=35 b=105 c=106 imm=2  ; line 410
5053 BINARY               a=80 b=106 c=107 imm=1  ; line 410
5054 MOVE                 R80 <- R107  ; line 410
5055 LOAD_CONST           R104 constant[1127]  ; line 411
5056 BINARY               a=82 b=104 c=105 imm=0  ; line 411
5057 MOVE                 R82 <- R105  ; line 411
5058 JUMP                 -> 5024  ; line 411
5059 MOVE                 R104 <- R9  ; line 413
5060 MOVE                 R105 <- R67  ; line 413
5061 HOST_CALL            a=106 b=67 c=104 imm=2  ; line 413
5062 BINARY               a=106 b=80 c=107 imm=0  ; line 413
5063 MOVE                 R108 <- R107  ; line 413
5064 MOVE                 R109 <- R108  ; line 414
5065 HOST_CALL            a=110 b=169 c=109 imm=1  ; line 414
5066 MOVE                 R111 <- R110  ; line 414
5067 LOAD_CONST           R112 constant[1128]  ; line 415
5068 BINARY               a=111 b=112 c=113 imm=0  ; line 415
5069 BINARY               a=111 b=113 c=114 imm=3  ; line 415
5070 MOVE                 R115 <- R114  ; line 415
5071 LOAD_CONST           R116 constant[1129]  ; line 416
5072 UNARY                a=116 b=117 c=4294967295 imm=0  ; line 416
5073 BINARY               a=115 b=117 c=118 imm=2  ; line 416
5074 LOAD_CONST           R119 constant[1130]  ; line 416
5075 BINARY               a=118 b=119 c=120 imm=0  ; line 416
5076 BINARY               a=115 b=120 c=121 imm=2  ; line 416
5077 MOVE                 R122 <- R121  ; line 416
5078 MOVE                 R123 <- R115  ; line 417
5079 HOST_CALL            a=124 b=184 c=123 imm=1  ; line 417
5080 MOVE                 R125 <- R124  ; line 417
5081 MOVE                 R126 <- R122  ; line 418
5082 HOST_CALL            a=127 b=184 c=126 imm=1  ; line 418
5083 MOVE                 R128 <- R127  ; line 418
5084 LOAD_CONST           R129 constant[1131]  ; line 419
5085 LOAD_CONST           R130 constant[1132]  ; line 419
5086 LOAD_CONST           R131 constant[1133]  ; line 419
5087 LOAD_CONST           R132 constant[1134]  ; line 419
5088 LOAD_CONST           R133 constant[1135]  ; line 419
5089 LOAD_CONST           R134 constant[1136]  ; line 419
5090 LOAD_CONST           R135 constant[1137]  ; line 419
5091 LOAD_CONST           R136 constant[1138]  ; line 419
5092 LOAD_CONST           R137 constant[1139]  ; line 419
5093 MOVE                 R138 <- R136  ; line 419
5094 MOVE                 R139 <- R67  ; line 419
5095 MOVE                 R140 <- R137  ; line 419
5096 MOVE                 R141 <- R80  ; line 419
5097 HOST_CALL            a=142 b=6 c=138 imm=4  ; line 419
5098 LOAD_CONST           R143 constant[1140]  ; line 419
5099 LOAD_CONST           R144 constant[1141]  ; line 419
5100 LOAD_CONST           R145 constant[1142]  ; line 419
5101 MOVE                 R146 <- R144  ; line 419
5102 MOVE                 R147 <- R145  ; line 419
5103 HOST_CALL            a=148 b=6 c=146 imm=2  ; line 419
5104 LOAD_CONST           R149 constant[1143]  ; line 419
5105 LOAD_CONST           R150 constant[1144]  ; line 419
5106 LOAD_CONST           R151 constant[1145]  ; line 419
5107 MOVE                 R152 <- R150  ; line 419
5108 MOVE                 R153 <- R151  ; line 419
5109 ARRAY_NEW            a=154 b=152 c=2 imm=4294967295  ; line 419
5110 LOAD_CONST           R155 constant[1146]  ; line 419
5111 LOAD_CONST           R156 constant[1147]  ; line 419
5112 LOAD_CONST           R157 constant[1148]  ; line 419
5113 LOAD_CONST           R158 constant[1149]  ; line 419
5114 MOVE                 R159 <- R156  ; line 419
5115 MOVE                 R160 <- R42  ; line 419
5116 MOVE                 R161 <- R157  ; line 419
5117 MOVE                 R162 <- R35  ; line 419
5118 MOVE                 R163 <- R158  ; line 419
5119 MOVE                 R164 <- R49  ; line 419
5120 HOST_CALL            a=165 b=6 c=159 imm=6  ; line 419
5121 LOAD_CONST           R166 constant[1150]  ; line 419
5122 LOAD_CONST           R167 constant[1151]  ; line 419
5123 LOAD_CONST           R168 constant[1152]  ; line 419
5124 MOVE                 R169 <- R9  ; line 419
5125 HOST_CALL            a=170 b=60 c=169 imm=1  ; line 419
5126 LOAD_CONST           R171 constant[1153]  ; line 419
5127 LOAD_CONST           R172 constant[1154]  ; line 419
5128 MOVE                 R173 <- R129  ; line 419
5129 MOVE                 R174 <- R130  ; line 419
5130 MOVE                 R175 <- R131  ; line 419
5131 MOVE                 R176 <- R132  ; line 419
5132 MOVE                 R177 <- R133  ; line 419
5133 MOVE                 R178 <- R134  ; line 419
5134 MOVE                 R179 <- R135  ; line 419
5135 MOVE                 R180 <- R142  ; line 419
5136 MOVE                 R181 <- R143  ; line 419
5137 MOVE                 R182 <- R148  ; line 419
5138 MOVE                 R183 <- R149  ; line 419
5139 MOVE                 R184 <- R154  ; line 419
5140 MOVE                 R185 <- R155  ; line 419
5141 MOVE                 R186 <- R165  ; line 419
5142 MOVE                 R187 <- R166  ; line 419
5143 MOVE                 R188 <- R167  ; line 419
5144 MOVE                 R189 <- R168  ; line 419
5145 MOVE                 R190 <- R170  ; line 419
5146 MOVE                 R191 <- R171  ; line 419
5147 MOVE                 R192 <- R172  ; line 419
5148 HOST_CALL            a=193 b=6 c=173 imm=20  ; line 419
5149 MOVE                 R194 <- R193  ; line 419
5150 LOAD_CONST           R195 constant[1155]  ; line 426
5151 MOVE                 R196 <- R195  ; line 426
5152 MOVE                 R197 <- R21  ; line 426
5153 HOST_CALL            a=198 b=6 c=196 imm=2  ; line 426
5154 LOAD_CONST           R199 constant[1156]  ; line 426
5155 LOAD_CONST           R200 constant[1157]  ; line 426
5156 LOAD_CONST           R201 constant[1158]  ; line 426
5157 MOVE                 R202 <- R200  ; line 426
5158 MOVE                 R203 <- R201  ; line 426
5159 ARRAY_NEW            a=204 b=202 c=2 imm=4294967295  ; line 426
5160 MOVE                 R205 <- R194  ; line 426
5161 MOVE                 R206 <- R125  ; line 426
5162 MOVE                 R207 <- R128  ; line 426
5163 MOVE                 R208 <- R198  ; line 426
5164 MOVE                 R209 <- R199  ; line 426
5165 MOVE                 R210 <- R204  ; line 426
5166 CALL                 a=211 b=115 c=205 imm=6  ; line 426
5167 RETURN               R211  ; line 426
5168 LOAD_CONST           R212 constant[1159]  ; line 426
5169 RETURN               R212  ; line 426
5170 MOVE                 R2 <- R0  ; line 431
5171 CALL                 a=3 b=111 c=2 imm=1  ; line 431
5172 MOVE                 R4 <- R3  ; line 431
5173 LOAD_CONST           R5 constant[1160]  ; line 432
5174 COMPARE              a=4 b=5 c=6 imm=1  ; line 432
5175 JUMP_IF_FALSE        R6 -> 5184  ; line 432
5176 LOAD_CONST           R5 constant[1161]  ; line 432
5177 LOAD_CONST           R6 constant[1162]  ; line 432
5178 MOVE                 R7 <- R5  ; line 432
5179 MOVE                 R8 <- R4  ; line 432
5180 MOVE                 R9 <- R6  ; line 432
5181 CALL                 a=10 b=100 c=7 imm=3  ; line 432
5182 RETURN               R10  ; line 432
5183 JUMP                 -> 5184  ; line 432
5184 LOAD_CONST           R5 constant[1163]  ; line 433
5185 LOAD_CONST           R6 constant[1164]  ; line 433
5186 MOVE                 R7 <- R1  ; line 433
5187 MOVE                 R8 <- R5  ; line 433
5188 MOVE                 R9 <- R6  ; line 433
5189 CALL                 a=10 b=101 c=7 imm=3  ; line 433
5190 MOVE                 R11 <- R10  ; line 433
5191 LOAD_CONST           R12 constant[1165]  ; line 434
5192 COMPARE              a=11 b=12 c=13 imm=2  ; line 434
5193 JUMP_IF_FALSE        R13 -> 5203  ; line 434
5194 LOAD_CONST           R12 constant[1166]  ; line 434
5195 LOAD_CONST           R13 constant[1167]  ; line 434
5196 LOAD_CONST           R14 constant[1168]  ; line 434
5197 MOVE                 R15 <- R12  ; line 434
5198 MOVE                 R16 <- R13  ; line 434
5199 MOVE                 R17 <- R14  ; line 434
5200 CALL                 a=18 b=100 c=15 imm=3  ; line 434
5201 RETURN               R18  ; line 434
5202 JUMP                 -> 5203  ; line 434
5203 LOAD_CONST           R12 constant[1169]  ; line 435
5204 MOVE                 R13 <- R0  ; line 435
5205 MOVE                 R14 <- R12  ; line 435
5206 HOST_CALL            a=15 b=11 c=13 imm=2  ; line 435
5207 MOVE                 R16 <- R15  ; line 435
5208 LOAD_CONST           R17 constant[1170]  ; line 436
5209 MOVE                 R18 <- R0  ; line 436
5210 MOVE                 R19 <- R17  ; line 436
5211 HOST_CALL            a=20 b=11 c=18 imm=2  ; line 436
5212 MOVE                 R21 <- R20  ; line 436
5213 MOVE                 R22 <- R16  ; line 437
5214 HOST_CALL            a=23 b=61 c=22 imm=1  ; line 437
5215 LOAD_CONST           R24 constant[1171]  ; line 437
5216 MOVE                 R25 <- R23  ; line 437
5217 MOVE                 R26 <- R24  ; line 437
5218 HOST_CALL            a=27 b=11 c=25 imm=2  ; line 437
5219 MOVE                 R28 <- R27  ; line 437
5220 MOVE                 R29 <- R16  ; line 438
5221 HOST_CALL            a=30 b=61 c=29 imm=1  ; line 438
5222 LOAD_CONST           R31 constant[1172]  ; line 438
5223 MOVE                 R32 <- R30  ; line 438
5224 MOVE                 R33 <- R31  ; line 438
5225 HOST_CALL            a=34 b=11 c=32 imm=2  ; line 438
5226 MOVE                 R35 <- R34  ; line 438
5227 LOAD_CONST           R36 constant[1173]  ; line 439
5228 MOVE                 R37 <- R36  ; line 439
5229 HOST_CALL            a=38 b=22 c=37 imm=1  ; line 439
5230 MOVE                 R39 <- R38  ; line 439
5231 LOAD_CONST           R40 constant[1174]  ; line 440
5232 MOVE                 R41 <- R40  ; line 440
5233 COMPARE              a=41 b=11 c=42 imm=2  ; line 441
5234 JUMP_IF_FALSE        R42 -> 5366  ; line 441
5235 LOAD_CONST           R42 constant[1175]  ; line 442
5236 MOVE                 R43 <- R42  ; line 442
5237 HOST_CALL            a=44 b=22 c=43 imm=1  ; line 442
5238 MOVE                 R45 <- R44  ; line 442
5239 LOAD_CONST           R46 constant[1176]  ; line 443
5240 MOVE                 R47 <- R46  ; line 443
5241 COMPARE              a=47 b=28 c=48 imm=2  ; line 444
5242 JUMP_IF_FALSE        R48 -> 5289  ; line 444
5243 MOVE                 R48 <- R21  ; line 445
5244 MOVE                 R49 <- R47  ; line 445
5245 HOST_CALL            a=50 b=11 c=48 imm=2  ; line 445
5246 LOAD_CONST           R51 constant[1177]  ; line 445
5247 COMPARE              a=50 b=51 c=52 imm=2  ; line 445
5248 JUMP_IF_FALSE        R52 -> 5258  ; line 445
5249 LOAD_CONST           R48 constant[1178]  ; line 445
5250 LOAD_CONST           R49 constant[1179]  ; line 445
5251 LOAD_CONST           R50 constant[1180]  ; line 445
5252 MOVE                 R51 <- R48  ; line 445
5253 MOVE                 R52 <- R49  ; line 445
5254 MOVE                 R53 <- R50  ; line 445
5255 CALL                 a=54 b=100 c=51 imm=3  ; line 445
5256 RETURN               R54  ; line 445
5257 JUMP                 -> 5258  ; line 445
5258 MOVE                 R48 <- R21  ; line 446
5259 MOVE                 R49 <- R47  ; line 446
5260 HOST_CALL            a=50 b=11 c=48 imm=2  ; line 446
5261 COMPARE              a=50 b=11 c=51 imm=5  ; line 446
5262 JUMP_IF_FALSE        R51 -> 5272  ; line 446
5263 LOAD_CONST           R48 constant[1181]  ; line 446
5264 LOAD_CONST           R49 constant[1182]  ; line 446
5265 LOAD_CONST           R50 constant[1183]  ; line 446
5266 MOVE                 R51 <- R48  ; line 446
5267 MOVE                 R52 <- R49  ; line 446
5268 MOVE                 R53 <- R50  ; line 446
5269 CALL                 a=54 b=100 c=51 imm=3  ; line 446
5270 RETURN               R54  ; line 446
5271 JUMP                 -> 5272  ; line 446
5272 LOAD_CONST           R48 constant[1184]  ; line 447
5273 MOVE                 R49 <- R48  ; line 447
5274 MOVE                 R50 <- R21  ; line 448
5275 MOVE                 R51 <- R47  ; line 448
5276 HOST_CALL            a=52 b=11 c=50 imm=2  ; line 448
5277 COMPARE              a=52 b=41 c=53 imm=0  ; line 448
5278 JUMP_IF_FALSE        R53 -> 5282  ; line 448
5279 LOAD_CONST           R50 constant[1185]  ; line 448
5280 MOVE                 R49 <- R50  ; line 448
5281 JUMP                 -> 5282  ; line 448
5282 MOVE                 R50 <- R45  ; line 449
5283 MOVE                 R51 <- R49  ; line 449
5284 HOST_CALL            a=52 b=23 c=50 imm=2  ; line 449
5285 LOAD_CONST           R50 constant[1186]  ; line 450
5286 BINARY               a=47 b=50 c=51 imm=0  ; line 450
5287 MOVE                 R47 <- R51  ; line 450
5288 JUMP                 -> 5241  ; line 450
5289 MOVE                 R50 <- R45  ; line 452
5290 HOST_CALL            a=51 b=72 c=50 imm=1  ; line 452
5291 MOVE                 R52 <- R51  ; line 452
5292 MOVE                 R53 <- R16  ; line 453
5293 HOST_CALL            a=54 b=182 c=53 imm=1  ; line 453
5294 LOAD_CONST           R55 constant[1187]  ; line 453
5295 COMPARE              a=54 b=55 c=56 imm=0  ; line 453
5296 JUMP_IF_FALSE        R56 -> 5309  ; line 453
5297 MOVE                 R53 <- R16  ; line 454
5298 HOST_CALL            a=54 b=60 c=53 imm=1  ; line 454
5299 LOAD_CONST           R55 constant[1188]  ; line 454
5300 MOVE                 R56 <- R1  ; line 454
5301 MOVE                 R57 <- R55  ; line 454
5302 HOST_CALL            a=58 b=11 c=56 imm=2  ; line 454
5303 MOVE                 R59 <- R52  ; line 454
5304 MOVE                 R60 <- R54  ; line 454
5305 MOVE                 R61 <- R58  ; line 454
5306 CALL                 a=62 b=166 c=59 imm=3  ; line 454
5307 MOVE                 R52 <- R62  ; line 454
5308 JUMP                 -> 5309  ; line 454
5309 LOAD_CONST           R53 constant[1189]  ; line 456
5310 MOVE                 R54 <- R53  ; line 456
5311 MOVE                 R55 <- R16  ; line 457
5312 HOST_CALL            a=56 b=182 c=55 imm=1  ; line 457
5313 LOAD_CONST           R57 constant[1190]  ; line 457
5314 COMPARE              a=56 b=57 c=58 imm=0  ; line 457
5315 JUMP_IF_FALSE        R58 -> 5328  ; line 457
5316 LOAD_CONST           R55 constant[1191]  ; line 458
5317 LOAD_CONST           R56 constant[1192]  ; line 458
5318 MOVE                 R57 <- R55  ; line 458
5319 MOVE                 R58 <- R16  ; line 458
5320 MOVE                 R59 <- R56  ; line 458
5321 MOVE                 R60 <- R52  ; line 458
5322 HOST_CALL            a=61 b=6 c=57 imm=4  ; line 458
5323 MOVE                 R62 <- R61  ; line 458
5324 MOVE                 R63 <- R1  ; line 458
5325 CALL                 a=64 b=119 c=62 imm=2  ; line 458
5326 MOVE                 R54 <- R64  ; line 458
5327 JUMP                 -> 5339  ; line 458
5328 LOAD_CONST           R55 constant[1193]  ; line 460
5329 LOAD_CONST           R56 constant[1194]  ; line 460
5330 MOVE                 R57 <- R55  ; line 460
5331 MOVE                 R58 <- R16  ; line 460
5332 MOVE                 R59 <- R56  ; line 460
5333 MOVE                 R60 <- R52  ; line 460
5334 HOST_CALL            a=61 b=6 c=57 imm=4  ; line 460
5335 MOVE                 R62 <- R61  ; line 460
5336 MOVE                 R63 <- R1  ; line 460
5337 CALL                 a=64 b=118 c=62 imm=2  ; line 460
5338 MOVE                 R54 <- R64  ; line 460
5339 LOAD_CONST           R55 constant[1195]  ; line 462
5340 MOVE                 R56 <- R54  ; line 462
5341 MOVE                 R57 <- R55  ; line 462
5342 HOST_CALL            a=58 b=11 c=56 imm=2  ; line 462
5343 UNARY                a=58 b=59 c=4294967295 imm=1  ; line 462
5344 JUMP_IF_FALSE        R59 -> 5347  ; line 462
5345 RETURN               R54  ; line 462
5346 JUMP                 -> 5347  ; line 462
5347 LOAD_CONST           R55 constant[1196]  ; line 463
5348 MOVE                 R56 <- R54  ; line 463
5349 MOVE                 R57 <- R55  ; line 463
5350 HOST_CALL            a=58 b=11 c=56 imm=2  ; line 463
5351 LOAD_CONST           R59 constant[1197]  ; line 463
5352 MOVE                 R60 <- R58  ; line 463
5353 MOVE                 R61 <- R59  ; line 463
5354 HOST_CALL            a=62 b=11 c=60 imm=2  ; line 463
5355 LOAD_CONST           R63 constant[1198]  ; line 463
5356 MOVE                 R64 <- R62  ; line 463
5357 MOVE                 R65 <- R63  ; line 463
5358 HOST_CALL            a=66 b=11 c=64 imm=2  ; line 463
5359 MOVE                 R67 <- R39  ; line 463
5360 MOVE                 R68 <- R66  ; line 463
5361 HOST_CALL            a=69 b=23 c=67 imm=2  ; line 463
5362 LOAD_CONST           R55 constant[1199]  ; line 464
5363 BINARY               a=41 b=55 c=56 imm=0  ; line 464
5364 MOVE                 R41 <- R56  ; line 464
5365 JUMP                 -> 5233  ; line 464
5366 LOAD_CONST           R55 constant[1200]  ; line 467
5367 MOVE                 R56 <- R55  ; line 467
5368 HOST_CALL            a=57 b=22 c=56 imm=1  ; line 467
5369 MOVE                 R58 <- R57  ; line 467
5370 LOAD_CONST           R59 constant[1201]  ; line 468
5371 MOVE                 R60 <- R59  ; line 468
5372 HOST_CALL            a=61 b=22 c=60 imm=1  ; line 468
5373 MOVE                 R62 <- R61  ; line 468
5374 LOAD_CONST           R63 constant[1202]  ; line 469
5375 MOVE                 R41 <- R63  ; line 469
5376 COMPARE              a=41 b=11 c=63 imm=2  ; line 470
5377 JUMP_IF_FALSE        R63 -> 5421  ; line 470
5378 MOVE                 R63 <- R39  ; line 471
5379 MOVE                 R64 <- R41  ; line 471
5380 HOST_CALL            a=65 b=11 c=63 imm=2  ; line 471
5381 LOAD_CONST           R66 constant[1203]  ; line 471
5382 MOVE                 R67 <- R65  ; line 471
5383 MOVE                 R68 <- R66  ; line 471
5384 HOST_CALL            a=69 b=11 c=67 imm=2  ; line 471
5385 MOVE                 R70 <- R69  ; line 471
5386 LOAD_CONST           R71 constant[1204]  ; line 472
5387 MOVE                 R72 <- R71  ; line 472
5388 HOST_CALL            a=73 b=22 c=72 imm=1  ; line 472
5389 MOVE                 R74 <- R73  ; line 472
5390 LOAD_CONST           R75 constant[1205]  ; line 473
5391 MOVE                 R76 <- R75  ; line 473
5392 COMPARE              a=76 b=35 c=77 imm=2  ; line 474
5393 JUMP_IF_FALSE        R77 -> 5404  ; line 474
5394 MOVE                 R77 <- R70  ; line 475
5395 MOVE                 R78 <- R76  ; line 475
5396 HOST_CALL            a=79 b=11 c=77 imm=2  ; line 475
5397 MOVE                 R80 <- R74  ; line 475
5398 MOVE                 R81 <- R79  ; line 475
5399 HOST_CALL            a=82 b=23 c=80 imm=2  ; line 475
5400 LOAD_CONST           R77 constant[1206]  ; line 476
5401 BINARY               a=76 b=77 c=78 imm=0  ; line 476
5402 MOVE                 R76 <- R78  ; line 476
5403 JUMP                 -> 5392  ; line 476
5404 MOVE                 R77 <- R58  ; line 478
5405 MOVE                 R78 <- R74  ; line 478
5406 HOST_CALL            a=79 b=23 c=77 imm=2  ; line 478
5407 MOVE                 R77 <- R39  ; line 479
5408 MOVE                 R78 <- R41  ; line 479
5409 HOST_CALL            a=79 b=11 c=77 imm=2  ; line 479
5410 LOAD_CONST           R80 constant[1207]  ; line 479
5411 MOVE                 R81 <- R79  ; line 479
5412 MOVE                 R82 <- R80  ; line 479
5413 HOST_CALL            a=83 b=11 c=81 imm=2  ; line 479
5414 MOVE                 R84 <- R62  ; line 479
5415 MOVE                 R85 <- R83  ; line 479
5416 HOST_CALL            a=86 b=23 c=84 imm=2  ; line 479
5417 LOAD_CONST           R77 constant[1208]  ; line 480
5418 BINARY               a=41 b=77 c=78 imm=0  ; line 480
5419 MOVE                 R41 <- R78  ; line 480
5420 JUMP                 -> 5376  ; line 480
5421 LOAD_CONST           R77 constant[1209]  ; line 482
5422 LOAD_CONST           R78 constant[1210]  ; line 482
5423 LOAD_CONST           R79 constant[1211]  ; line 482
5424 LOAD_CONST           R80 constant[1212]  ; line 482
5425 LOAD_CONST           R81 constant[1213]  ; line 482
5426 LOAD_CONST           R82 constant[1214]  ; line 482
5427 LOAD_CONST           R83 constant[1215]  ; line 482
5428 LOAD_CONST           R84 constant[1216]  ; line 482
5429 MOVE                 R85 <- R58  ; line 482
5430 HOST_CALL            a=86 b=72 c=85 imm=1  ; line 482
5431 LOAD_CONST           R87 constant[1217]  ; line 482
5432 MOVE                 R88 <- R62  ; line 482
5433 HOST_CALL            a=89 b=72 c=88 imm=1  ; line 482
5434 MOVE                 R90 <- R84  ; line 482
5435 MOVE                 R91 <- R86  ; line 482
5436 MOVE                 R92 <- R87  ; line 482
5437 MOVE                 R93 <- R89  ; line 482
5438 HOST_CALL            a=94 b=6 c=90 imm=4  ; line 482
5439 LOAD_CONST           R95 constant[1218]  ; line 482
5440 LOAD_CONST           R96 constant[1219]  ; line 482
5441 LOAD_CONST           R97 constant[1220]  ; line 482
5442 MOVE                 R98 <- R96  ; line 482
5443 MOVE                 R99 <- R97  ; line 482
5444 HOST_CALL            a=100 b=6 c=98 imm=2  ; line 482
5445 LOAD_CONST           R101 constant[1221]  ; line 482
5446 LOAD_CONST           R102 constant[1222]  ; line 482
5447 LOAD_CONST           R103 constant[1223]  ; line 482
5448 LOAD_CONST           R104 constant[1224]  ; line 482
5449 LOAD_CONST           R105 constant[1225]  ; line 482
5450 MOVE                 R106 <- R1  ; line 482
5451 MOVE                 R107 <- R104  ; line 482
5452 MOVE                 R108 <- R105  ; line 482
5453 CALL                 a=109 b=101 c=106 imm=3  ; line 482
5454 LOAD_CONST           R110 constant[1226]  ; line 482
5455 LOAD_CONST           R111 constant[1227]  ; line 482
5456 LOAD_CONST           R112 constant[1228]  ; line 482
5457 MOVE                 R113 <- R1  ; line 482
5458 MOVE                 R114 <- R111  ; line 482
5459 MOVE                 R115 <- R112  ; line 482
5460 CALL                 a=116 b=101 c=113 imm=3  ; line 482
5461 MOVE                 R117 <- R103  ; line 482
5462 MOVE                 R118 <- R109  ; line 482
5463 MOVE                 R119 <- R110  ; line 482
5464 MOVE                 R120 <- R116  ; line 482
5465 HOST_CALL            a=121 b=6 c=117 imm=4  ; line 482
5466 LOAD_CONST           R122 constant[1229]  ; line 482
5467 LOAD_CONST           R123 constant[1230]  ; line 482
5468 LOAD_CONST           R124 constant[1231]  ; line 482
5469 MOVE                 R125 <- R16  ; line 482
5470 HOST_CALL            a=126 b=60 c=125 imm=1  ; line 482
5471 LOAD_CONST           R127 constant[1232]  ; line 482
5472 LOAD_CONST           R128 constant[1233]  ; line 482
5473 MOVE                 R129 <- R77  ; line 482
5474 MOVE                 R130 <- R78  ; line 482
5475 MOVE                 R131 <- R79  ; line 482
5476 MOVE                 R132 <- R80  ; line 482
5477 MOVE                 R133 <- R81  ; line 482
5478 MOVE                 R134 <- R82  ; line 482
5479 MOVE                 R135 <- R83  ; line 482
5480 MOVE                 R136 <- R94  ; line 482
5481 MOVE                 R137 <- R95  ; line 482
5482 MOVE                 R138 <- R100  ; line 482
5483 MOVE                 R139 <- R101  ; line 482
5484 MOVE                 R140 <- R11  ; line 482
5485 MOVE                 R141 <- R102  ; line 482
5486 MOVE                 R142 <- R121  ; line 482
5487 MOVE                 R143 <- R122  ; line 482
5488 MOVE                 R144 <- R123  ; line 482
5489 MOVE                 R145 <- R124  ; line 482
5490 MOVE                 R146 <- R126  ; line 482
5491 MOVE                 R147 <- R127  ; line 482
5492 MOVE                 R148 <- R128  ; line 482
5493 HOST_CALL            a=149 b=6 c=129 imm=20  ; line 482
5494 MOVE                 R150 <- R149  ; line 482
5495 MOVE                 R151 <- R150  ; line 494
5496 MOVE                 R152 <- R16  ; line 494
5497 CALL                 a=153 b=121 c=151 imm=2  ; line 494
5498 MOVE                 R154 <- R153  ; line 494
5499 LOAD_CONST           R155 constant[1234]  ; line 495
5500 MOVE                 R156 <- R154  ; line 495
5501 MOVE                 R157 <- R155  ; line 495
5502 HOST_CALL            a=158 b=11 c=156 imm=2  ; line 495
5503 LOAD_CONST           R159 constant[1235]  ; line 495
5504 MOVE                 R160 <- R154  ; line 495
5505 MOVE                 R161 <- R159  ; line 495
5506 HOST_CALL            a=162 b=11 c=160 imm=2  ; line 495
5507 LOAD_CONST           R163 constant[1236]  ; line 495
5508 MOVE                 R164 <- R163  ; line 495
5509 MOVE                 R165 <- R28  ; line 495
5510 HOST_CALL            a=166 b=6 c=164 imm=2  ; line 495
5511 LOAD_CONST           R167 constant[1237]  ; line 495
5512 LOAD_CONST           R168 constant[1238]  ; line 495
5513 LOAD_CONST           R169 constant[1239]  ; line 495
5514 MOVE                 R170 <- R168  ; line 495
5515 MOVE                 R171 <- R169  ; line 495
5516 ARRAY_NEW            a=172 b=170 c=2 imm=4294967295  ; line 495
5517 MOVE                 R173 <- R150  ; line 495
5518 MOVE                 R174 <- R158  ; line 495
5519 MOVE                 R175 <- R162  ; line 495
5520 MOVE                 R176 <- R166  ; line 495
5521 MOVE                 R177 <- R167  ; line 495
5522 MOVE                 R178 <- R172  ; line 495
5523 CALL                 a=179 b=115 c=173 imm=6  ; line 495
5524 RETURN               R179  ; line 495
5525 LOAD_CONST           R180 constant[1240]  ; line 495
5526 RETURN               R180  ; line 495
5527 MOVE                 R2 <- R1  ; line 501
5528 HOST_CALL            a=3 b=61 c=2 imm=1  ; line 501
5529 MOVE                 R4 <- R3  ; line 501
5530 LOAD_CONST           R5 constant[1241]  ; line 502
5531 MOVE                 R6 <- R4  ; line 502
5532 MOVE                 R7 <- R5  ; line 502
5533 HOST_CALL            a=8 b=11 c=6 imm=2  ; line 502
5534 MOVE                 R9 <- R8  ; line 502
5535 LOAD_CONST           R10 constant[1242]  ; line 503
5536 MOVE                 R11 <- R4  ; line 503
5537 MOVE                 R12 <- R10  ; line 503
5538 HOST_CALL            a=13 b=11 c=11 imm=2  ; line 503
5539 MOVE                 R14 <- R13  ; line 503
5540 LOAD_CONST           R15 constant[1243]  ; line 504
5541 MOVE                 R16 <- R0  ; line 504
5542 MOVE                 R17 <- R15  ; line 504
5543 HOST_CALL            a=18 b=11 c=16 imm=2  ; line 504
5544 MOVE                 R19 <- R18  ; line 504
5545 LOAD_CONST           R20 constant[1244]  ; line 505
5546 MOVE                 R21 <- R20  ; line 505
5547 HOST_CALL            a=22 b=22 c=21 imm=1  ; line 505
5548 MOVE                 R23 <- R22  ; line 505
5549 LOAD_CONST           R24 constant[1245]  ; line 506
5550 MOVE                 R25 <- R24  ; line 506
5551 HOST_CALL            a=26 b=22 c=25 imm=1  ; line 506
5552 MOVE                 R27 <- R26  ; line 506
5553 LOAD_CONST           R28 constant[1246]  ; line 507
5554 MOVE                 R29 <- R28  ; line 507
5555 COMPARE              a=29 b=9 c=30 imm=2  ; line 508
5556 JUMP_IF_FALSE        R30 -> 5662  ; line 508
5557 LOAD_CONST           R30 constant[1247]  ; line 509
5558 MOVE                 R31 <- R30  ; line 509
5559 HOST_CALL            a=32 b=22 c=31 imm=1  ; line 509
5560 MOVE                 R33 <- R32  ; line 509
5561 LOAD_CONST           R34 constant[1248]  ; line 510
5562 MOVE                 R35 <- R34  ; line 510
5563 LOAD_CONST           R36 constant[1249]  ; line 511
5564 MOVE                 R37 <- R36  ; line 511
5565 COMPARE              a=37 b=19 c=38 imm=2  ; line 512
5566 JUMP_IF_FALSE        R38 -> 5622  ; line 512
5567 LOAD_CONST           R38 constant[1250]  ; line 513
5568 MOVE                 R39 <- R0  ; line 513
5569 MOVE                 R40 <- R38  ; line 513
5570 HOST_CALL            a=41 b=11 c=39 imm=2  ; line 513
5571 LOAD_CONST           R42 constant[1251]  ; line 513
5572 MOVE                 R43 <- R41  ; line 513
5573 MOVE                 R44 <- R42  ; line 513
5574 HOST_CALL            a=45 b=11 c=43 imm=2  ; line 513
5575 MOVE                 R46 <- R45  ; line 513
5576 MOVE                 R47 <- R37  ; line 513
5577 HOST_CALL            a=48 b=11 c=46 imm=2  ; line 513
5578 MOVE                 R49 <- R48  ; line 513
5579 LOAD_CONST           R50 constant[1252]  ; line 514
5580 MOVE                 R51 <- R50  ; line 514
5581 COMPARE              a=51 b=14 c=52 imm=2  ; line 515
5582 JUMP_IF_FALSE        R52 -> 5610  ; line 515
5583 LOAD_CONST           R52 constant[1253]  ; line 516
5584 MOVE                 R53 <- R0  ; line 516
5585 MOVE                 R54 <- R52  ; line 516
5586 HOST_CALL            a=55 b=11 c=53 imm=2  ; line 516
5587 LOAD_CONST           R56 constant[1254]  ; line 516
5588 MOVE                 R57 <- R55  ; line 516
5589 MOVE                 R58 <- R56  ; line 516
5590 HOST_CALL            a=59 b=11 c=57 imm=2  ; line 516
5591 MOVE                 R60 <- R37  ; line 516
5592 MOVE                 R61 <- R51  ; line 516
5593 ARRAY_NEW            a=62 b=60 c=2 imm=4294967295  ; line 516
5594 MOVE                 R63 <- R59  ; line 516
5595 MOVE                 R64 <- R62  ; line 516
5596 HOST_CALL            a=65 b=11 c=63 imm=2  ; line 516
5597 MOVE                 R66 <- R29  ; line 516
5598 MOVE                 R67 <- R51  ; line 516
5599 ARRAY_NEW            a=68 b=66 c=2 imm=4294967295  ; line 516
5600 MOVE                 R69 <- R1  ; line 516
5601 MOVE                 R70 <- R68  ; line 516
5602 HOST_CALL            a=71 b=11 c=69 imm=2  ; line 516
5603 BINARY               a=65 b=71 c=72 imm=2  ; line 516
5604 BINARY               a=49 b=72 c=73 imm=0  ; line 516
5605 MOVE                 R49 <- R73  ; line 516
5606 LOAD_CONST           R52 constant[1255]  ; line 517
5607 BINARY               a=51 b=52 c=53 imm=0  ; line 517
5608 MOVE                 R51 <- R53  ; line 517
5609 JUMP                 -> 5581  ; line 517
5610 MOVE                 R52 <- R49  ; line 519
5611 CALL                 a=53 b=106 c=52 imm=1  ; line 519
5612 MOVE                 R54 <- R53  ; line 519
5613 MOVE                 R55 <- R33  ; line 520
5614 MOVE                 R56 <- R54  ; line 520
5615 HOST_CALL            a=57 b=23 c=55 imm=2  ; line 520
5616 BINARY               a=35 b=54 c=55 imm=0  ; line 521
5617 MOVE                 R35 <- R55  ; line 521
5618 LOAD_CONST           R55 constant[1256]  ; line 522
5619 BINARY               a=37 b=55 c=56 imm=0  ; line 522
5620 MOVE                 R37 <- R56  ; line 522
5621 JUMP                 -> 5565  ; line 522
5622 LOAD_CONST           R55 constant[1257]  ; line 524
5623 MOVE                 R56 <- R55  ; line 524
5624 HOST_CALL            a=57 b=22 c=56 imm=1  ; line 524
5625 MOVE                 R58 <- R57  ; line 524
5626 LOAD_CONST           R59 constant[1258]  ; line 525
5627 MOVE                 R60 <- R59  ; line 525
5628 HOST_CALL            a=61 b=22 c=60 imm=1  ; line 525
5629 MOVE                 R62 <- R61  ; line 525
5630 LOAD_CONST           R63 constant[1259]  ; line 526
5631 MOVE                 R37 <- R63  ; line 526
5632 COMPARE              a=37 b=19 c=63 imm=2  ; line 527
5633 JUMP_IF_FALSE        R63 -> 5652  ; line 527
5634 MOVE                 R63 <- R33  ; line 528
5635 MOVE                 R64 <- R37  ; line 528
5636 HOST_CALL            a=65 b=11 c=63 imm=2  ; line 528
5637 BINARY               a=65 b=35 c=66 imm=3  ; line 528
5638 MOVE                 R67 <- R66  ; line 528
5639 MOVE                 R68 <- R58  ; line 529
5640 MOVE                 R69 <- R67  ; line 529
5641 HOST_CALL            a=70 b=23 c=68 imm=2  ; line 529
5642 LOAD_CONST           R68 constant[1260]  ; line 530
5643 BINARY               a=68 b=67 c=69 imm=1  ; line 530
5644 BINARY               a=67 b=69 c=70 imm=2  ; line 530
5645 MOVE                 R71 <- R62  ; line 530
5646 MOVE                 R72 <- R70  ; line 530
5647 HOST_CALL            a=73 b=23 c=71 imm=2  ; line 530
5648 LOAD_CONST           R68 constant[1261]  ; line 531
5649 BINARY               a=37 b=68 c=69 imm=0  ; line 531
5650 MOVE                 R37 <- R69  ; line 531
5651 JUMP                 -> 5632  ; line 531
5652 MOVE                 R68 <- R23  ; line 533
5653 MOVE                 R69 <- R58  ; line 533
5654 HOST_CALL            a=70 b=23 c=68 imm=2  ; line 533
5655 MOVE                 R68 <- R27  ; line 534
5656 MOVE                 R69 <- R62  ; line 534
5657 HOST_CALL            a=70 b=23 c=68 imm=2  ; line 534
5658 LOAD_CONST           R68 constant[1262]  ; line 535
5659 BINARY               a=29 b=68 c=69 imm=0  ; line 535
5660 MOVE                 R29 <- R69  ; line 535
5661 JUMP                 -> 5555  ; line 535
5662 LOAD_CONST           R68 constant[1263]  ; line 537
5663 MOVE                 R69 <- R23  ; line 537
5664 HOST_CALL            a=70 b=72 c=69 imm=1  ; line 537
5665 LOAD_CONST           R71 constant[1264]  ; line 537
5666 MOVE                 R72 <- R27  ; line 537
5667 HOST_CALL            a=73 b=72 c=72 imm=1  ; line 537
5668 MOVE                 R74 <- R68  ; line 537
5669 MOVE                 R75 <- R70  ; line 537
5670 MOVE                 R76 <- R71  ; line 537
5671 MOVE                 R77 <- R73  ; line 537
5672 HOST_CALL            a=78 b=6 c=74 imm=4  ; line 537
5673 RETURN               R78  ; line 537
5674 LOAD_CONST           R79 constant[1265]  ; line 537
5675 RETURN               R79  ; line 537
5676 MOVE                 R2 <- R0  ; line 541
5677 CALL                 a=3 b=111 c=2 imm=1  ; line 541
5678 MOVE                 R4 <- R3  ; line 541
5679 LOAD_CONST           R5 constant[1266]  ; line 542
5680 COMPARE              a=4 b=5 c=6 imm=1  ; line 542
5681 JUMP_IF_FALSE        R6 -> 5690  ; line 542
5682 LOAD_CONST           R5 constant[1267]  ; line 542
5683 LOAD_CONST           R6 constant[1268]  ; line 542
5684 MOVE                 R7 <- R5  ; line 542
5685 MOVE                 R8 <- R4  ; line 542
5686 MOVE                 R9 <- R6  ; line 542
5687 CALL                 a=10 b=100 c=7 imm=3  ; line 542
5688 RETURN               R10  ; line 542
5689 JUMP                 -> 5690  ; line 542
5690 LOAD_CONST           R5 constant[1269]  ; line 543
5691 MOVE                 R6 <- R0  ; line 543
5692 MOVE                 R7 <- R5  ; line 543
5693 HOST_CALL            a=8 b=11 c=6 imm=2  ; line 543
5694 MOVE                 R9 <- R8  ; line 543
5695 LOAD_CONST           R10 constant[1270]  ; line 544
5696 MOVE                 R11 <- R0  ; line 544
5697 MOVE                 R12 <- R10  ; line 544
5698 HOST_CALL            a=13 b=11 c=11 imm=2  ; line 544
5699 MOVE                 R14 <- R13  ; line 544
5700 MOVE                 R15 <- R9  ; line 545
5701 HOST_CALL            a=16 b=61 c=15 imm=1  ; line 545
5702 LOAD_CONST           R17 constant[1271]  ; line 545
5703 MOVE                 R18 <- R16  ; line 545
5704 MOVE                 R19 <- R17  ; line 545
5705 HOST_CALL            a=20 b=11 c=18 imm=2  ; line 545
5706 MOVE                 R21 <- R20  ; line 545
5707 MOVE                 R22 <- R9  ; line 546
5708 HOST_CALL            a=23 b=61 c=22 imm=1  ; line 546
5709 LOAD_CONST           R24 constant[1272]  ; line 546
5710 MOVE                 R25 <- R23  ; line 546
5711 MOVE                 R26 <- R24  ; line 546
5712 HOST_CALL            a=27 b=11 c=25 imm=2  ; line 546
5713 MOVE                 R28 <- R27  ; line 546
5714 LOAD_CONST           R29 constant[1273]  ; line 547
5715 LOAD_CONST           R30 constant[1274]  ; line 547
5716 MOVE                 R31 <- R1  ; line 547
5717 MOVE                 R32 <- R29  ; line 547
5718 MOVE                 R33 <- R30  ; line 547
5719 CALL                 a=34 b=101 c=31 imm=3  ; line 547
5720 MOVE                 R35 <- R34  ; line 547
5721 LOAD_CONST           R36 constant[1275]  ; line 548
5722 LOAD_CONST           R37 constant[1276]  ; line 548
5723 MOVE                 R38 <- R1  ; line 548
5724 MOVE                 R39 <- R36  ; line 548
5725 MOVE                 R40 <- R37  ; line 548
5726 CALL                 a=41 b=101 c=38 imm=3  ; line 548
5727 MOVE                 R42 <- R41  ; line 548
5728 LOAD_CONST           R43 constant[1277]  ; line 549
5729 LOAD_CONST           R44 constant[1278]  ; line 549
5730 MOVE                 R45 <- R1  ; line 549
5731 MOVE                 R46 <- R43  ; line 549
5732 MOVE                 R47 <- R44  ; line 549
5733 CALL                 a=48 b=101 c=45 imm=3  ; line 549
5734 MOVE                 R49 <- R48  ; line 549
5735 LOAD_CONST           R50 constant[1279]  ; line 550
5736 LOAD_CONST           R51 constant[1280]  ; line 550
5737 MOVE                 R52 <- R1  ; line 550
5738 MOVE                 R53 <- R50  ; line 550
5739 MOVE                 R54 <- R51  ; line 550
5740 CALL                 a=55 b=101 c=52 imm=3  ; line 550
5741 MOVE                 R56 <- R55  ; line 550
5742 LOAD_CONST           R57 constant[1281]  ; line 551
5743 COMPARE              a=35 b=57 c=58 imm=2  ; line 551
5744 JUMP_IF_FALSE        R58 -> 5754  ; line 551
5745 LOAD_CONST           R57 constant[1282]  ; line 551
5746 LOAD_CONST           R58 constant[1283]  ; line 551
5747 LOAD_CONST           R59 constant[1284]  ; line 551
5748 MOVE                 R60 <- R57  ; line 551
5749 MOVE                 R61 <- R58  ; line 551
5750 MOVE                 R62 <- R59  ; line 551
5751 CALL                 a=63 b=100 c=60 imm=3  ; line 551
5752 RETURN               R63  ; line 551
5753 JUMP                 -> 5754  ; line 551
5754 LOAD_CONST           R57 constant[1285]  ; line 552
5755 COMPARE              a=42 b=57 c=58 imm=2  ; line 552
5756 JUMP_IF_FALSE        R58 -> 5766  ; line 552
5757 LOAD_CONST           R57 constant[1286]  ; line 552
5758 LOAD_CONST           R58 constant[1287]  ; line 552
5759 LOAD_CONST           R59 constant[1288]  ; line 552
5760 MOVE                 R60 <- R57  ; line 552
5761 MOVE                 R61 <- R58  ; line 552
5762 MOVE                 R62 <- R59  ; line 552
5763 CALL                 a=63 b=100 c=60 imm=3  ; line 552
5764 RETURN               R63  ; line 552
5765 JUMP                 -> 5766  ; line 552
5766 LOAD_CONST           R57 constant[1289]  ; line 553
5767 COMPARE              a=49 b=57 c=58 imm=3  ; line 553
5768 JUMP_IF_FALSE        R58 -> 5778  ; line 553
5769 LOAD_CONST           R57 constant[1290]  ; line 553
5770 LOAD_CONST           R58 constant[1291]  ; line 553
5771 LOAD_CONST           R59 constant[1292]  ; line 553
5772 MOVE                 R60 <- R57  ; line 553
5773 MOVE                 R61 <- R58  ; line 553
5774 MOVE                 R62 <- R59  ; line 553
5775 CALL                 a=63 b=100 c=60 imm=3  ; line 553
5776 RETURN               R63  ; line 553
5777 JUMP                 -> 5778  ; line 553
5778 LOAD_CONST           R57 constant[1293]  ; line 554
5779 COMPARE              a=56 b=57 c=58 imm=1  ; line 554
5780 JUMP_IF_FALSE        R58 -> 5794  ; line 554
5781 LOAD_CONST           R57 constant[1294]  ; line 555
5782 COMPARE              a=56 b=57 c=58 imm=1  ; line 555
5783 JUMP_IF_FALSE        R58 -> 5793  ; line 555
5784 LOAD_CONST           R57 constant[1295]  ; line 555
5785 LOAD_CONST           R58 constant[1296]  ; line 555
5786 LOAD_CONST           R59 constant[1297]  ; line 555
5787 MOVE                 R60 <- R57  ; line 555
5788 MOVE                 R61 <- R58  ; line 555
5789 MOVE                 R62 <- R59  ; line 555
5790 CALL                 a=63 b=100 c=60 imm=3  ; line 555
5791 RETURN               R63  ; line 555
5792 JUMP                 -> 5793  ; line 555
5793 JUMP                 -> 5794  ; line 555
5794 LOAD_CONST           R57 constant[1298]  ; line 557
5795 COMPARE              a=56 b=57 c=58 imm=0  ; line 557
5796 JUMP_IF_FALSE        R58 -> 5828  ; line 557
5797 LOAD_CONST           R57 constant[1299]  ; line 558
5798 MOVE                 R58 <- R57  ; line 558
5799 COMPARE              a=58 b=21 c=59 imm=2  ; line 559
5800 JUMP_IF_FALSE        R59 -> 5827  ; line 559
5801 MOVE                 R59 <- R14  ; line 560
5802 MOVE                 R60 <- R58  ; line 560
5803 HOST_CALL            a=61 b=11 c=59 imm=2  ; line 560
5804 LOAD_CONST           R62 constant[1300]  ; line 560
5805 COMPARE              a=61 b=62 c=63 imm=1  ; line 560
5806 JUMP_IF_FALSE        R63 -> 5823  ; line 560
5807 MOVE                 R59 <- R14  ; line 561
5808 MOVE                 R60 <- R58  ; line 561
5809 HOST_CALL            a=61 b=11 c=59 imm=2  ; line 561
5810 LOAD_CONST           R62 constant[1301]  ; line 561
5811 COMPARE              a=61 b=62 c=63 imm=1  ; line 561
5812 JUMP_IF_FALSE        R63 -> 5822  ; line 561
5813 LOAD_CONST           R59 constant[1302]  ; line 561
5814 LOAD_CONST           R60 constant[1303]  ; line 561
5815 LOAD_CONST           R61 constant[1304]  ; line 561
5816 MOVE                 R62 <- R59  ; line 561
5817 MOVE                 R63 <- R60  ; line 561
5818 MOVE                 R64 <- R61  ; line 561
5819 CALL                 a=65 b=100 c=62 imm=3  ; line 561
5820 RETURN               R65  ; line 561
5821 JUMP                 -> 5822  ; line 561
5822 JUMP                 -> 5823  ; line 561
5823 LOAD_CONST           R59 constant[1305]  ; line 563
5824 BINARY               a=58 b=59 c=60 imm=0  ; line 563
5825 MOVE                 R58 <- R60  ; line 563
5826 JUMP                 -> 5799  ; line 563
5827 JUMP                 -> 5828  ; line 563
5828 LOAD_CONST           R59 constant[1306]  ; line 566
5829 MOVE                 R60 <- R59  ; line 566
5830 HOST_CALL            a=61 b=22 c=60 imm=1  ; line 566
5831 MOVE                 R62 <- R61  ; line 566
5832 LOAD_CONST           R63 constant[1307]  ; line 567
5833 MOVE                 R64 <- R63  ; line 567
5834 COMPARE              a=64 b=28 c=65 imm=2  ; line 568
5835 JUMP_IF_FALSE        R65 -> 5871  ; line 568
5836 LOAD_CONST           R65 constant[1308]  ; line 569
5837 MOVE                 R66 <- R65  ; line 569
5838 HOST_CALL            a=67 b=22 c=66 imm=1  ; line 569
5839 MOVE                 R68 <- R67  ; line 569
5840 LOAD_CONST           R69 constant[1309]  ; line 570
5841 MOVE                 R70 <- R69  ; line 570
5842 COMPARE              a=70 b=35 c=71 imm=2  ; line 571
5843 JUMP_IF_FALSE        R71 -> 5864  ; line 571
5844 LOAD_CONST           R71 constant[1310]  ; line 572
5845 BINARY               a=64 b=71 c=72 imm=0  ; line 572
5846 LOAD_CONST           R73 constant[1311]  ; line 572
5847 BINARY               a=70 b=73 c=74 imm=0  ; line 572
5848 BINARY               a=72 b=74 c=75 imm=2  ; line 572
5849 LOAD_CONST           R76 constant[1312]  ; line 572
5850 MOVE                 R77 <- R75  ; line 572
5851 MOVE                 R78 <- R76  ; line 572
5852 CALL                 a=79 b=104 c=77 imm=2  ; line 572
5853 LOAD_CONST           R80 constant[1313]  ; line 572
5854 BINARY               a=79 b=80 c=81 imm=1  ; line 572
5855 LOAD_CONST           R82 constant[1314]  ; line 572
5856 BINARY               a=81 b=82 c=83 imm=2  ; line 572
5857 MOVE                 R84 <- R68  ; line 572
5858 MOVE                 R85 <- R83  ; line 572
5859 HOST_CALL            a=86 b=23 c=84 imm=2  ; line 572
5860 LOAD_CONST           R71 constant[1315]  ; line 573
5861 BINARY               a=70 b=71 c=72 imm=0  ; line 573
5862 MOVE                 R70 <- R72  ; line 573
5863 JUMP                 -> 5842  ; line 573
5864 MOVE                 R71 <- R62  ; line 575
5865 MOVE                 R72 <- R68  ; line 575
5866 HOST_CALL            a=73 b=23 c=71 imm=2  ; line 575
5867 LOAD_CONST           R71 constant[1316]  ; line 576
5868 BINARY               a=64 b=71 c=72 imm=0  ; line 576
5869 MOVE                 R64 <- R72  ; line 576
5870 JUMP                 -> 5834  ; line 576
5871 MOVE                 R71 <- R35  ; line 578
5872 CALL                 a=72 b=110 c=71 imm=1  ; line 578
5873 MOVE                 R73 <- R72  ; line 578
5874 LOAD_CONST           R74 constant[1317]  ; line 579
5875 MOVE                 R75 <- R74  ; line 579
5876 HOST_CALL            a=76 b=22 c=75 imm=1  ; line 579
5877 MOVE                 R77 <- R76  ; line 579
5878 LOAD_CONST           R78 constant[1318]  ; line 580
5879 MOVE                 R79 <- R78  ; line 580
5880 COMPARE              a=79 b=35 c=80 imm=2  ; line 581
5881 JUMP_IF_FALSE        R80 -> 5899  ; line 581
5882 LOAD_CONST           R80 constant[1319]  ; line 582
5883 BINARY               a=79 b=80 c=81 imm=0  ; line 582
5884 LOAD_CONST           R82 constant[1320]  ; line 582
5885 MOVE                 R83 <- R81  ; line 582
5886 MOVE                 R84 <- R82  ; line 582
5887 CALL                 a=85 b=104 c=83 imm=2  ; line 582
5888 LOAD_CONST           R86 constant[1321]  ; line 582
5889 BINARY               a=85 b=86 c=87 imm=1  ; line 582
5890 LOAD_CONST           R88 constant[1322]  ; line 582
5891 BINARY               a=87 b=88 c=89 imm=2  ; line 582
5892 MOVE                 R90 <- R77  ; line 582
5893 MOVE                 R91 <- R89  ; line 582
5894 HOST_CALL            a=92 b=23 c=90 imm=2  ; line 582
5895 LOAD_CONST           R80 constant[1323]  ; line 583
5896 BINARY               a=79 b=80 c=81 imm=0  ; line 583
5897 MOVE                 R79 <- R81  ; line 583
5898 JUMP                 -> 5880  ; line 583
5899 LOAD_CONST           R80 constant[1324]  ; line 585
5900 MOVE                 R81 <- R80  ; line 585
5901 LOAD_CONST           R82 constant[1325]  ; line 586
5902 MOVE                 R83 <- R82  ; line 586
5903 COMPARE              a=83 b=42 c=84 imm=2  ; line 587
5904 JUMP_IF_FALSE        R84 -> 6158  ; line 587
5905 LOAD_CONST           R84 constant[1326]  ; line 588
5906 MOVE                 R85 <- R84  ; line 588
5907 HOST_CALL            a=86 b=22 c=85 imm=1  ; line 588
5908 MOVE                 R87 <- R86  ; line 588
5909 LOAD_CONST           R88 constant[1327]  ; line 589
5910 MOVE                 R64 <- R88  ; line 589
5911 COMPARE              a=64 b=28 c=88 imm=2  ; line 590
5912 JUMP_IF_FALSE        R88 -> 5922  ; line 590
5913 MOVE                 R88 <- R35  ; line 591
5914 CALL                 a=89 b=110 c=88 imm=1  ; line 591
5915 MOVE                 R90 <- R87  ; line 591
5916 MOVE                 R91 <- R89  ; line 591
5917 HOST_CALL            a=92 b=23 c=90 imm=2  ; line 591
5918 LOAD_CONST           R88 constant[1328]  ; line 592
5919 BINARY               a=64 b=88 c=89 imm=0  ; line 592
5920 MOVE                 R64 <- R89  ; line 592
5921 JUMP                 -> 5911  ; line 592
5922 MOVE                 R88 <- R35  ; line 594
5923 CALL                 a=89 b=110 c=88 imm=1  ; line 594
5924 MOVE                 R90 <- R89  ; line 594
5925 MOVE                 R91 <- R35  ; line 595
5926 CALL                 a=92 b=110 c=91 imm=1  ; line 595
5927 MOVE                 R93 <- R92  ; line 595
5928 LOAD_CONST           R94 constant[1329]  ; line 596
5929 MOVE                 R95 <- R94  ; line 596
5930 LOAD_CONST           R96 constant[1330]  ; line 597
5931 MOVE                 R97 <- R96  ; line 597
5932 COMPARE              a=97 b=21 c=98 imm=2  ; line 598
5933 JUMP_IF_FALSE        R98 -> 6087  ; line 598
5934 LOAD_CONST           R98 constant[1331]  ; line 599
5935 MOVE                 R99 <- R98  ; line 599
5936 HOST_CALL            a=100 b=22 c=99 imm=1  ; line 599
5937 MOVE                 R101 <- R100  ; line 599
5938 LOAD_CONST           R102 constant[1332]  ; line 600
5939 MOVE                 R79 <- R102  ; line 600
5940 COMPARE              a=79 b=35 c=102 imm=2  ; line 601
5941 JUMP_IF_FALSE        R102 -> 5982  ; line 601
5942 MOVE                 R102 <- R73  ; line 602
5943 MOVE                 R103 <- R79  ; line 602
5944 HOST_CALL            a=104 b=11 c=102 imm=2  ; line 602
5945 MOVE                 R105 <- R104  ; line 602
5946 LOAD_CONST           R106 constant[1333]  ; line 603
5947 MOVE                 R64 <- R106  ; line 603
5948 COMPARE              a=64 b=28 c=106 imm=2  ; line 604
5949 JUMP_IF_FALSE        R106 -> 5969  ; line 604
5950 MOVE                 R106 <- R97  ; line 605
5951 MOVE                 R107 <- R64  ; line 605
5952 ARRAY_NEW            a=108 b=106 c=2 imm=4294967295  ; line 605
5953 MOVE                 R109 <- R9  ; line 605
5954 MOVE                 R110 <- R108  ; line 605
5955 HOST_CALL            a=111 b=11 c=109 imm=2  ; line 605
5956 MOVE                 R112 <- R62  ; line 605
5957 MOVE                 R113 <- R64  ; line 605
5958 HOST_CALL            a=114 b=11 c=112 imm=2  ; line 605
5959 MOVE                 R115 <- R114  ; line 605
5960 MOVE                 R116 <- R79  ; line 605
5961 HOST_CALL            a=117 b=11 c=115 imm=2  ; line 605
5962 BINARY               a=111 b=117 c=118 imm=2  ; line 605
5963 BINARY               a=105 b=118 c=119 imm=0  ; line 605
5964 MOVE                 R105 <- R119  ; line 605
5965 LOAD_CONST           R106 constant[1334]  ; line 606
5966 BINARY               a=64 b=106 c=107 imm=0  ; line 606
5967 MOVE                 R64 <- R107  ; line 606
5968 JUMP                 -> 5948  ; line 606
5969 LOAD_CONST           R106 constant[1335]  ; line 608
5970 COMPARE              a=105 b=106 c=107 imm=2  ; line 608
5971 JUMP_IF_FALSE        R107 -> 5975  ; line 608
5972 LOAD_CONST           R106 constant[1336]  ; line 608
5973 MOVE                 R105 <- R106  ; line 608
5974 JUMP                 -> 5975  ; line 608
5975 MOVE                 R106 <- R101  ; line 609
5976 MOVE                 R107 <- R105  ; line 609
5977 HOST_CALL            a=108 b=23 c=106 imm=2  ; line 609
5978 LOAD_CONST           R106 constant[1337]  ; line 610
5979 BINARY               a=79 b=106 c=107 imm=0  ; line 610
5980 MOVE                 R79 <- R107  ; line 610
5981 JUMP                 -> 5940  ; line 610
5982 MOVE                 R106 <- R81  ; line 612
5983 LOAD_CONST           R107 constant[1338]  ; line 613
5984 MOVE                 R79 <- R107  ; line 613
5985 COMPARE              a=79 b=35 c=107 imm=2  ; line 614
5986 JUMP_IF_FALSE        R107 -> 6000  ; line 614
5987 MOVE                 R107 <- R101  ; line 615
5988 MOVE                 R108 <- R79  ; line 615
5989 HOST_CALL            a=109 b=11 c=107 imm=2  ; line 615
5990 MOVE                 R110 <- R77  ; line 615
5991 MOVE                 R111 <- R79  ; line 615
5992 HOST_CALL            a=112 b=11 c=110 imm=2  ; line 615
5993 BINARY               a=109 b=112 c=113 imm=2  ; line 615
5994 BINARY               a=106 b=113 c=114 imm=0  ; line 615
5995 MOVE                 R106 <- R114  ; line 615
5996 LOAD_CONST           R107 constant[1339]  ; line 616
5997 BINARY               a=79 b=107 c=108 imm=0  ; line 616
5998 MOVE                 R79 <- R108  ; line 616
5999 JUMP                 -> 5985  ; line 616
6000 LOAD_CONST           R107 constant[1340]  ; line 618
6001 COMPARE              a=56 b=107 c=108 imm=0  ; line 618
6002 JUMP_IF_FALSE        R108 -> 6007  ; line 618
6003 MOVE                 R107 <- R106  ; line 618
6004 CALL                 a=108 b=106 c=107 imm=1  ; line 618
6005 MOVE                 R106 <- R108  ; line 618
6006 JUMP                 -> 6007  ; line 618
6007 MOVE                 R107 <- R14  ; line 619
6008 MOVE                 R108 <- R97  ; line 619
6009 HOST_CALL            a=109 b=11 c=107 imm=2  ; line 619
6010 BINARY               a=106 b=109 c=110 imm=1  ; line 619
6011 MOVE                 R111 <- R110  ; line 619
6012 BINARY               a=95 b=111 c=112 imm=0  ; line 620
6013 MOVE                 R95 <- R112  ; line 620
6014 LOAD_CONST           R112 constant[1341]  ; line 621
6015 MOVE                 R79 <- R112  ; line 621
6016 COMPARE              a=79 b=35 c=112 imm=2  ; line 622
6017 JUMP_IF_FALSE        R112 -> 6083  ; line 622
6018 MOVE                 R112 <- R93  ; line 623
6019 MOVE                 R113 <- R79  ; line 623
6020 HOST_CALL            a=114 b=11 c=112 imm=2  ; line 623
6021 MOVE                 R115 <- R101  ; line 623
6022 MOVE                 R116 <- R79  ; line 623
6023 HOST_CALL            a=117 b=11 c=115 imm=2  ; line 623
6024 BINARY               a=111 b=117 c=118 imm=2  ; line 623
6025 BINARY               a=114 b=118 c=119 imm=0  ; line 623
6026 MOVE                 R120 <- R93  ; line 623
6027 MOVE                 R121 <- R79  ; line 623
6028 MOVE                 R122 <- R119  ; line 623
6029 HOST_CALL            a=123 b=12 c=120 imm=3  ; line 623
6030 MOVE                 R112 <- R77  ; line 624
6031 MOVE                 R113 <- R79  ; line 624
6032 HOST_CALL            a=114 b=11 c=112 imm=2  ; line 624
6033 BINARY               a=111 b=114 c=115 imm=2  ; line 624
6034 MOVE                 R116 <- R115  ; line 624
6035 MOVE                 R117 <- R101  ; line 625
6036 MOVE                 R118 <- R79  ; line 625
6037 HOST_CALL            a=119 b=11 c=117 imm=2  ; line 625
6038 LOAD_CONST           R120 constant[1342]  ; line 625
6039 COMPARE              a=119 b=120 c=121 imm=0  ; line 625
6040 JUMP_IF_FALSE        R121 -> 6044  ; line 625
6041 LOAD_CONST           R117 constant[1343]  ; line 625
6042 MOVE                 R116 <- R117  ; line 625
6043 JUMP                 -> 6044  ; line 625
6044 MOVE                 R117 <- R90  ; line 626
6045 MOVE                 R118 <- R79  ; line 626
6046 HOST_CALL            a=119 b=11 c=117 imm=2  ; line 626
6047 BINARY               a=119 b=116 c=120 imm=0  ; line 626
6048 MOVE                 R121 <- R90  ; line 626
6049 MOVE                 R122 <- R79  ; line 626
6050 MOVE                 R123 <- R120  ; line 626
6051 HOST_CALL            a=124 b=12 c=121 imm=3  ; line 626
6052 LOAD_CONST           R117 constant[1344]  ; line 627
6053 MOVE                 R64 <- R117  ; line 627
6054 COMPARE              a=64 b=28 c=117 imm=2  ; line 628
6055 JUMP_IF_FALSE        R117 -> 6079  ; line 628
6056 MOVE                 R117 <- R87  ; line 629
6057 MOVE                 R118 <- R64  ; line 629
6058 HOST_CALL            a=119 b=11 c=117 imm=2  ; line 629
6059 MOVE                 R120 <- R119  ; line 629
6060 MOVE                 R121 <- R120  ; line 630
6061 MOVE                 R122 <- R79  ; line 630
6062 HOST_CALL            a=123 b=11 c=121 imm=2  ; line 630
6063 MOVE                 R124 <- R97  ; line 630
6064 MOVE                 R125 <- R64  ; line 630
6065 ARRAY_NEW            a=126 b=124 c=2 imm=4294967295  ; line 630
6066 MOVE                 R127 <- R9  ; line 630
6067 MOVE                 R128 <- R126  ; line 630
6068 HOST_CALL            a=129 b=11 c=127 imm=2  ; line 630
6069 BINARY               a=116 b=129 c=130 imm=2  ; line 630
6070 BINARY               a=123 b=130 c=131 imm=0  ; line 630
6071 MOVE                 R132 <- R120  ; line 630
6072 MOVE                 R133 <- R79  ; line 630
6073 MOVE                 R134 <- R131  ; line 630
6074 HOST_CALL            a=135 b=12 c=132 imm=3  ; line 630
6075 LOAD_CONST           R121 constant[1345]  ; line 631
6076 BINARY               a=64 b=121 c=122 imm=0  ; line 631
6077 MOVE                 R64 <- R122  ; line 631
6078 JUMP                 -> 6054  ; line 631
6079 LOAD_CONST           R121 constant[1346]  ; line 633
6080 BINARY               a=79 b=121 c=122 imm=0  ; line 633
6081 MOVE                 R79 <- R122  ; line 633
6082 JUMP                 -> 6016  ; line 633
6083 LOAD_CONST           R121 constant[1347]  ; line 635
6084 BINARY               a=97 b=121 c=122 imm=0  ; line 635
6085 MOVE                 R97 <- R122  ; line 635
6086 JUMP                 -> 5932  ; line 635
6087 LOAD_CONST           R121 constant[1348]  ; line 637
6088 MOVE                 R79 <- R121  ; line 637
6089 COMPARE              a=79 b=35 c=121 imm=2  ; line 638
6090 JUMP_IF_FALSE        R121 -> 6150  ; line 638
6091 MOVE                 R121 <- R77  ; line 639
6092 MOVE                 R122 <- R79  ; line 639
6093 HOST_CALL            a=123 b=11 c=121 imm=2  ; line 639
6094 MOVE                 R124 <- R93  ; line 639
6095 MOVE                 R125 <- R79  ; line 639
6096 HOST_CALL            a=126 b=11 c=124 imm=2  ; line 639
6097 BINARY               a=49 b=126 c=127 imm=2  ; line 639
6098 BINARY               a=127 b=21 c=128 imm=3  ; line 639
6099 BINARY               a=123 b=128 c=129 imm=1  ; line 639
6100 MOVE                 R130 <- R77  ; line 639
6101 MOVE                 R131 <- R79  ; line 639
6102 MOVE                 R132 <- R129  ; line 639
6103 HOST_CALL            a=133 b=12 c=130 imm=3  ; line 639
6104 MOVE                 R121 <- R73  ; line 640
6105 MOVE                 R122 <- R79  ; line 640
6106 HOST_CALL            a=123 b=11 c=121 imm=2  ; line 640
6107 MOVE                 R124 <- R90  ; line 640
6108 MOVE                 R125 <- R79  ; line 640
6109 HOST_CALL            a=126 b=11 c=124 imm=2  ; line 640
6110 BINARY               a=49 b=126 c=127 imm=2  ; line 640
6111 BINARY               a=127 b=21 c=128 imm=3  ; line 640
6112 BINARY               a=123 b=128 c=129 imm=1  ; line 640
6113 MOVE                 R130 <- R73  ; line 640
6114 MOVE                 R131 <- R79  ; line 640
6115 MOVE                 R132 <- R129  ; line 640
6116 HOST_CALL            a=133 b=12 c=130 imm=3  ; line 640
6117 LOAD_CONST           R121 constant[1349]  ; line 641
6118 MOVE                 R64 <- R121  ; line 641
6119 COMPARE              a=64 b=28 c=121 imm=2  ; line 642
6120 JUMP_IF_FALSE        R121 -> 6146  ; line 642
6121 MOVE                 R121 <- R62  ; line 643
6122 MOVE                 R122 <- R64  ; line 643
6123 HOST_CALL            a=123 b=11 c=121 imm=2  ; line 643
6124 MOVE                 R124 <- R123  ; line 643
6125 MOVE                 R125 <- R87  ; line 644
6126 MOVE                 R126 <- R64  ; line 644
6127 HOST_CALL            a=127 b=11 c=125 imm=2  ; line 644
6128 MOVE                 R128 <- R127  ; line 644
6129 MOVE                 R129 <- R124  ; line 645
6130 MOVE                 R130 <- R79  ; line 645
6131 HOST_CALL            a=131 b=11 c=129 imm=2  ; line 645
6132 MOVE                 R132 <- R128  ; line 645
6133 MOVE                 R133 <- R79  ; line 645
6134 HOST_CALL            a=134 b=11 c=132 imm=2  ; line 645
6135 BINARY               a=49 b=134 c=135 imm=2  ; line 645
6136 BINARY               a=135 b=21 c=136 imm=3  ; line 645
6137 BINARY               a=131 b=136 c=137 imm=1  ; line 645
6138 MOVE                 R138 <- R124  ; line 645
6139 MOVE                 R139 <- R79  ; line 645
6140 MOVE                 R140 <- R137  ; line 645
6141 HOST_CALL            a=141 b=12 c=138 imm=3  ; line 645
6142 LOAD_CONST           R129 constant[1350]  ; line 646
6143 BINARY               a=64 b=129 c=130 imm=0  ; line 646
6144 MOVE                 R64 <- R130  ; line 646
6145 JUMP                 -> 6119  ; line 646
6146 LOAD_CONST           R129 constant[1351]  ; line 648
6147 BINARY               a=79 b=129 c=130 imm=0  ; line 648
6148 MOVE                 R79 <- R130  ; line 648
6149 JUMP                 -> 6089  ; line 648
6150 BINARY               a=49 b=95 c=129 imm=2  ; line 650
6151 BINARY               a=129 b=21 c=130 imm=3  ; line 650
6152 BINARY               a=81 b=130 c=131 imm=1  ; line 650
6153 MOVE                 R81 <- R131  ; line 650
6154 LOAD_CONST           R129 constant[1352]  ; line 651
6155 BINARY               a=83 b=129 c=130 imm=0  ; line 651
6156 MOVE                 R83 <- R130  ; line 651
6157 JUMP                 -> 5903  ; line 651
6158 LOAD_CONST           R129 constant[1353]  ; line 653
6159 LOAD_CONST           R130 constant[1354]  ; line 653
6160 LOAD_CONST           R131 constant[1355]  ; line 653
6161 LOAD_CONST           R132 constant[1356]  ; line 653
6162 LOAD_CONST           R133 constant[1357]  ; line 653
6163 LOAD_CONST           R134 constant[1358]  ; line 653
6164 LOAD_CONST           R135 constant[1359]  ; line 653
6165 MOVE                 R136 <- R62  ; line 653
6166 HOST_CALL            a=137 b=72 c=136 imm=1  ; line 653
6167 LOAD_CONST           R138 constant[1360]  ; line 653
6168 MOVE                 R139 <- R73  ; line 653
6169 HOST_CALL            a=140 b=72 c=139 imm=1  ; line 653
6170 LOAD_CONST           R141 constant[1361]  ; line 653
6171 MOVE                 R142 <- R77  ; line 653
6172 HOST_CALL            a=143 b=72 c=142 imm=1  ; line 653
6173 LOAD_CONST           R144 constant[1362]  ; line 653
6174 LOAD_CONST           R145 constant[1363]  ; line 653
6175 MOVE                 R146 <- R135  ; line 653
6176 MOVE                 R147 <- R137  ; line 653
6177 MOVE                 R148 <- R138  ; line 653
6178 MOVE                 R149 <- R140  ; line 653
6179 MOVE                 R150 <- R141  ; line 653
6180 MOVE                 R151 <- R143  ; line 653
6181 MOVE                 R152 <- R144  ; line 653
6182 MOVE                 R153 <- R81  ; line 653
6183 MOVE                 R154 <- R145  ; line 653
6184 MOVE                 R155 <- R35  ; line 653
6185 HOST_CALL            a=156 b=6 c=146 imm=10  ; line 653
6186 LOAD_CONST           R157 constant[1364]  ; line 653
6187 LOAD_CONST           R158 constant[1365]  ; line 653
6188 LOAD_CONST           R159 constant[1366]  ; line 653
6189 MOVE                 R160 <- R158  ; line 653
6190 MOVE                 R161 <- R159  ; line 653
6191 HOST_CALL            a=162 b=6 c=160 imm=2  ; line 653
6192 LOAD_CONST           R163 constant[1367]  ; line 653
6193 ARRAY_NEW            a=164 b=164 c=0 imm=4294967295  ; line 653
6194 LOAD_CONST           R165 constant[1368]  ; line 653
6195 LOAD_CONST           R166 constant[1369]  ; line 653
6196 LOAD_CONST           R167 constant[1370]  ; line 653
6197 MOVE                 R168 <- R166  ; line 653
6198 MOVE                 R169 <- R42  ; line 653
6199 MOVE                 R170 <- R167  ; line 653
6200 MOVE                 R171 <- R49  ; line 653
6201 HOST_CALL            a=172 b=6 c=168 imm=4  ; line 653
6202 LOAD_CONST           R173 constant[1371]  ; line 653
6203 LOAD_CONST           R174 constant[1372]  ; line 653
6204 LOAD_CONST           R175 constant[1373]  ; line 653
6205 MOVE                 R176 <- R9  ; line 653
6206 HOST_CALL            a=177 b=60 c=176 imm=1  ; line 653
6207 LOAD_CONST           R178 constant[1374]  ; line 653
6208 LOAD_CONST           R179 constant[1375]  ; line 653
6209 MOVE                 R180 <- R129  ; line 653
6210 MOVE                 R181 <- R130  ; line 653
6211 MOVE                 R182 <- R131  ; line 653
6212 MOVE                 R183 <- R132  ; line 653
6213 MOVE                 R184 <- R133  ; line 653
6214 MOVE                 R185 <- R56  ; line 653
6215 MOVE                 R186 <- R134  ; line 653
6216 MOVE                 R187 <- R156  ; line 653
6217 MOVE                 R188 <- R157  ; line 653
6218 MOVE                 R189 <- R162  ; line 653
6219 MOVE                 R190 <- R163  ; line 653
6220 MOVE                 R191 <- R164  ; line 653
6221 MOVE                 R192 <- R165  ; line 653
6222 MOVE                 R193 <- R172  ; line 653
6223 MOVE                 R194 <- R173  ; line 653
6224 MOVE                 R195 <- R174  ; line 653
6225 MOVE                 R196 <- R175  ; line 653
6226 MOVE                 R197 <- R177  ; line 653
6227 MOVE                 R198 <- R178  ; line 653
6228 MOVE                 R199 <- R179  ; line 653
6229 HOST_CALL            a=200 b=6 c=180 imm=20  ; line 653
6230 MOVE                 R201 <- R200  ; line 653
6231 MOVE                 R202 <- R201  ; line 660
6232 MOVE                 R203 <- R9  ; line 660
6233 CALL                 a=204 b=126 c=202 imm=2  ; line 660
6234 MOVE                 R205 <- R204  ; line 660
6235 LOAD_CONST           R206 constant[1376]  ; line 661
6236 MOVE                 R207 <- R206  ; line 661
6237 LOAD_CONST           R208 constant[1377]  ; line 662
6238 MOVE                 R209 <- R208  ; line 662
6239 COMPARE              a=209 b=21 c=210 imm=2  ; line 663
6240 JUMP_IF_FALSE        R210 -> 6256  ; line 663
6241 MOVE                 R210 <- R205  ; line 664
6242 MOVE                 R211 <- R209  ; line 664
6243 HOST_CALL            a=212 b=11 c=210 imm=2  ; line 664
6244 MOVE                 R213 <- R14  ; line 664
6245 MOVE                 R214 <- R209  ; line 664
6246 HOST_CALL            a=215 b=11 c=213 imm=2  ; line 664
6247 BINARY               a=212 b=215 c=216 imm=1  ; line 664
6248 MOVE                 R217 <- R216  ; line 664
6249 BINARY               a=217 b=217 c=218 imm=2  ; line 665
6250 BINARY               a=207 b=218 c=219 imm=0  ; line 665
6251 MOVE                 R207 <- R219  ; line 665
6252 LOAD_CONST           R218 constant[1378]  ; line 666
6253 BINARY               a=209 b=218 c=219 imm=0  ; line 666
6254 MOVE                 R209 <- R219  ; line 666
6255 JUMP                 -> 6239  ; line 666
6256 BINARY               a=207 b=21 c=218 imm=3  ; line 668
6257 MOVE                 R207 <- R218  ; line 668
6258 LOAD_CONST           R218 constant[1379]  ; line 669
6259 LOAD_CONST           R219 constant[1380]  ; line 669
6260 MOVE                 R220 <- R219  ; line 669
6261 MOVE                 R221 <- R207  ; line 669
6262 HOST_CALL            a=222 b=6 c=220 imm=2  ; line 669
6263 MOVE                 R223 <- R201  ; line 669
6264 MOVE                 R224 <- R218  ; line 669
6265 MOVE                 R225 <- R222  ; line 669
6266 HOST_CALL            a=226 b=12 c=223 imm=3  ; line 669
6267 MOVE                 R218 <- R21  ; line 670
6268 MOVE                 R219 <- R207  ; line 670
6269 CALL                 a=220 b=113 c=218 imm=2  ; line 670
6270 MOVE                 R221 <- R220  ; line 670
6271 LOAD_CONST           R222 constant[1381]  ; line 671
6272 COMPARE              a=56 b=222 c=223 imm=0  ; line 671
6273 JUMP_IF_FALSE        R223 -> 6302  ; line 671
6274 LOAD_CONST           R222 constant[1382]  ; line 672
6275 MOVE                 R223 <- R222  ; line 672
6276 HOST_CALL            a=224 b=22 c=223 imm=1  ; line 672
6277 MOVE                 R225 <- R224  ; line 672
6278 LOAD_CONST           R226 constant[1383]  ; line 673
6279 MOVE                 R209 <- R226  ; line 673
6280 COMPARE              a=209 b=21 c=226 imm=2  ; line 674
6281 JUMP_IF_FALSE        R226 -> 6298  ; line 674
6282 MOVE                 R226 <- R205  ; line 675
6283 MOVE                 R227 <- R209  ; line 675
6284 HOST_CALL            a=228 b=11 c=226 imm=2  ; line 675
6285 LOAD_CONST           R229 constant[1384]  ; line 675
6286 MOVE                 R230 <- R205  ; line 675
6287 MOVE                 R231 <- R209  ; line 675
6288 HOST_CALL            a=232 b=11 c=230 imm=2  ; line 675
6289 BINARY               a=229 b=232 c=233 imm=1  ; line 675
6290 BINARY               a=228 b=233 c=234 imm=2  ; line 675
6291 MOVE                 R235 <- R225  ; line 675
6292 MOVE                 R236 <- R234  ; line 675
6293 HOST_CALL            a=237 b=23 c=235 imm=2  ; line 675
6294 LOAD_CONST           R226 constant[1385]  ; line 676
6295 BINARY               a=209 b=226 c=227 imm=0  ; line 676
6296 MOVE                 R209 <- R227  ; line 676
6297 JUMP                 -> 6280  ; line 676
6298 MOVE                 R226 <- R225  ; line 678
6299 HOST_CALL            a=227 b=72 c=226 imm=1  ; line 678
6300 MOVE                 R221 <- R227  ; line 678
6301 JUMP                 -> 6302  ; line 678
6302 MOVE                 R226 <- R205  ; line 680
6303 HOST_CALL            a=227 b=72 c=226 imm=1  ; line 680
6304 LOAD_CONST           R228 constant[1386]  ; line 680
6305 LOAD_CONST           R229 constant[1387]  ; line 680
6306 MOVE                 R230 <- R228  ; line 680
6307 MOVE                 R231 <- R207  ; line 680
6308 MOVE                 R232 <- R229  ; line 680
6309 MOVE                 R233 <- R21  ; line 680
6310 HOST_CALL            a=234 b=6 c=230 imm=4  ; line 680
6311 LOAD_CONST           R235 constant[1388]  ; line 680
6312 LOAD_CONST           R236 constant[1389]  ; line 680
6313 LOAD_CONST           R237 constant[1390]  ; line 680
6314 MOVE                 R238 <- R236  ; line 680
6315 MOVE                 R239 <- R237  ; line 680
6316 ARRAY_NEW            a=240 b=238 c=2 imm=4294967295  ; line 680
6317 MOVE                 R241 <- R201  ; line 680
6318 MOVE                 R242 <- R227  ; line 680
6319 MOVE                 R243 <- R221  ; line 680
6320 MOVE                 R244 <- R234  ; line 680
6321 MOVE                 R245 <- R235  ; line 680
6322 MOVE                 R246 <- R240  ; line 680
6323 CALL                 a=247 b=115 c=241 imm=6  ; line 680
6324 RETURN               R247  ; line 680
6325 LOAD_CONST           R248 constant[1391]  ; line 680
6326 RETURN               R248  ; line 680
6327 LOAD_CONST           R4 constant[1392]  ; line 686
6328 MOVE                 R5 <- R4  ; line 686
6329 HOST_CALL            a=6 b=22 c=5 imm=1  ; line 686
6330 MOVE                 R7 <- R6  ; line 686
6331 LOAD_CONST           R8 constant[1393]  ; line 687
6332 MOVE                 R9 <- R8  ; line 687
6333 COMPARE              a=9 b=0 c=10 imm=2  ; line 688
6334 JUMP_IF_FALSE        R10 -> 6370  ; line 688
6335 LOAD_CONST           R10 constant[1394]  ; line 689
6336 MOVE                 R11 <- R10  ; line 689
6337 HOST_CALL            a=12 b=22 c=11 imm=1  ; line 689
6338 MOVE                 R13 <- R12  ; line 689
6339 LOAD_CONST           R14 constant[1395]  ; line 690
6340 MOVE                 R15 <- R14  ; line 690
6341 COMPARE              a=15 b=1 c=16 imm=2  ; line 691
6342 JUMP_IF_FALSE        R16 -> 6363  ; line 691
6343 LOAD_CONST           R16 constant[1396]  ; line 692
6344 BINARY               a=9 b=16 c=17 imm=0  ; line 692
6345 LOAD_CONST           R18 constant[1397]  ; line 692
6346 BINARY               a=15 b=18 c=19 imm=0  ; line 692
6347 BINARY               a=17 b=19 c=20 imm=2  ; line 692
6348 LOAD_CONST           R21 constant[1398]  ; line 692
6349 MOVE                 R22 <- R20  ; line 692
6350 MOVE                 R23 <- R21  ; line 692
6351 CALL                 a=24 b=104 c=22 imm=2  ; line 692
6352 LOAD_CONST           R25 constant[1399]  ; line 692
6353 BINARY               a=24 b=25 c=26 imm=1  ; line 692
6354 LOAD_CONST           R27 constant[1400]  ; line 692
6355 BINARY               a=26 b=27 c=28 imm=2  ; line 692
6356 MOVE                 R29 <- R13  ; line 692
6357 MOVE                 R30 <- R28  ; line 692
6358 HOST_CALL            a=31 b=23 c=29 imm=2  ; line 692
6359 LOAD_CONST           R16 constant[1401]  ; line 693
6360 BINARY               a=15 b=16 c=17 imm=0  ; line 693
6361 MOVE                 R15 <- R17  ; line 693
6362 JUMP                 -> 6341  ; line 693
6363 MOVE                 R16 <- R7  ; line 695
6364 MOVE                 R17 <- R13  ; line 695
6365 HOST_CALL            a=18 b=23 c=16 imm=2  ; line 695
6366 LOAD_CONST           R16 constant[1402]  ; line 696
6367 BINARY               a=9 b=16 c=17 imm=0  ; line 696
6368 MOVE                 R9 <- R17  ; line 696
6369 JUMP                 -> 6333  ; line 696
6370 LOAD_CONST           R16 constant[1403]  ; line 698
6371 MOVE                 R17 <- R16  ; line 698
6372 HOST_CALL            a=18 b=22 c=17 imm=1  ; line 698
6373 MOVE                 R19 <- R18  ; line 698
6374 LOAD_CONST           R20 constant[1404]  ; line 699
6375 MOVE                 R21 <- R20  ; line 699
6376 COMPARE              a=21 b=1 c=22 imm=2  ; line 700
6377 JUMP_IF_FALSE        R22 -> 6395  ; line 700
6378 LOAD_CONST           R22 constant[1405]  ; line 701
6379 BINARY               a=21 b=22 c=23 imm=0  ; line 701
6380 LOAD_CONST           R24 constant[1406]  ; line 701
6381 MOVE                 R25 <- R23  ; line 701
6382 MOVE                 R26 <- R24  ; line 701
6383 CALL                 a=27 b=104 c=25 imm=2  ; line 701
6384 LOAD_CONST           R28 constant[1407]  ; line 701
6385 BINARY               a=27 b=28 c=29 imm=1  ; line 701
6386 LOAD_CONST           R30 constant[1408]  ; line 701
6387 BINARY               a=29 b=30 c=31 imm=2  ; line 701
6388 MOVE                 R32 <- R19  ; line 701
6389 MOVE                 R33 <- R31  ; line 701
6390 HOST_CALL            a=34 b=23 c=32 imm=2  ; line 701
6391 LOAD_CONST           R22 constant[1409]  ; line 702
6392 BINARY               a=21 b=22 c=23 imm=0  ; line 702
6393 MOVE                 R21 <- R23  ; line 702
6394 JUMP                 -> 6376  ; line 702
6395 LOAD_CONST           R22 constant[1410]  ; line 704
6396 MOVE                 R23 <- R7  ; line 704
6397 HOST_CALL            a=24 b=72 c=23 imm=1  ; line 704
6398 MOVE                 R25 <- R24  ; line 704
6399 MOVE                 R26 <- R2  ; line 704
6400 MOVE                 R27 <- R3  ; line 704
6401 CALL                 a=28 b=166 c=25 imm=3  ; line 704
6402 LOAD_CONST           R29 constant[1411]  ; line 704
6403 MOVE                 R30 <- R1  ; line 704
6404 CALL                 a=31 b=110 c=30 imm=1  ; line 704
6405 MOVE                 R32 <- R31  ; line 704
6406 HOST_CALL            a=33 b=72 c=32 imm=1  ; line 704
6407 MOVE                 R34 <- R33  ; line 704
6408 MOVE                 R35 <- R2  ; line 704
6409 MOVE                 R36 <- R3  ; line 704
6410 CALL                 a=37 b=166 c=34 imm=3  ; line 704
6411 LOAD_CONST           R38 constant[1412]  ; line 704
6412 MOVE                 R39 <- R19  ; line 704
6413 HOST_CALL            a=40 b=72 c=39 imm=1  ; line 704
6414 MOVE                 R41 <- R40  ; line 704
6415 MOVE                 R42 <- R2  ; line 704
6416 MOVE                 R43 <- R3  ; line 704
6417 CALL                 a=44 b=166 c=41 imm=3  ; line 704
6418 LOAD_CONST           R45 constant[1413]  ; line 704
6419 LOAD_CONST           R46 constant[1414]  ; line 704
6420 MOVE                 R47 <- R22  ; line 704
6421 MOVE                 R48 <- R28  ; line 704
6422 MOVE                 R49 <- R29  ; line 704
6423 MOVE                 R50 <- R37  ; line 704
6424 MOVE                 R51 <- R38  ; line 704
6425 MOVE                 R52 <- R44  ; line 704
6426 MOVE                 R53 <- R45  ; line 704
6427 MOVE                 R54 <- R46  ; line 704
6428 HOST_CALL            a=55 b=6 c=47 imm=8  ; line 704
6429 RETURN               R55  ; line 704
6430 LOAD_CONST           R56 constant[1415]  ; line 704
6431 RETURN               R56  ; line 704
6432 MOVE                 R8 <- R0  ; line 710
6433 HOST_CALL            a=9 b=61 c=8 imm=1  ; line 710
6434 LOAD_CONST           R10 constant[1416]  ; line 710
6435 MOVE                 R11 <- R9  ; line 710
6436 MOVE                 R12 <- R10  ; line 710
6437 HOST_CALL            a=13 b=11 c=11 imm=2  ; line 710
6438 MOVE                 R14 <- R13  ; line 710
6439 MOVE                 R15 <- R0  ; line 711
6440 HOST_CALL            a=16 b=184 c=15 imm=1  ; line 711
6441 MOVE                 R17 <- R16  ; line 711
6442 HOST_CALL            a=18 b=168 c=17 imm=1  ; line 711
6443 MOVE                 R19 <- R0  ; line 711
6444 HOST_CALL            a=20 b=60 c=19 imm=1  ; line 711
6445 MOVE                 R21 <- R18  ; line 711
6446 MOVE                 R22 <- R20  ; line 711
6447 MOVE                 R23 <- R7  ; line 711
6448 CALL                 a=24 b=166 c=21 imm=3  ; line 711
6449 MOVE                 R25 <- R24  ; line 711
6450 LOAD_CONST           R26 constant[1417]  ; line 712
6451 MOVE                 R27 <- R2  ; line 712
6452 MOVE                 R28 <- R26  ; line 712
6453 HOST_CALL            a=29 b=11 c=27 imm=2  ; line 712
6454 MOVE                 R30 <- R29  ; line 712
6455 LOAD_CONST           R31 constant[1418]  ; line 713
6456 MOVE                 R32 <- R2  ; line 713
6457 MOVE                 R33 <- R31  ; line 713
6458 HOST_CALL            a=34 b=11 c=32 imm=2  ; line 713
6459 MOVE                 R35 <- R34  ; line 713
6460 LOAD_CONST           R36 constant[1419]  ; line 714
6461 MOVE                 R37 <- R2  ; line 714
6462 MOVE                 R38 <- R36  ; line 714
6463 HOST_CALL            a=39 b=11 c=37 imm=2  ; line 714
6464 MOVE                 R40 <- R39  ; line 714
6465 LOAD_CONST           R41 constant[1420]  ; line 715
6466 MOVE                 R42 <- R2  ; line 715
6467 MOVE                 R43 <- R41  ; line 715
6468 HOST_CALL            a=44 b=11 c=42 imm=2  ; line 715
6469 MOVE                 R45 <- R44  ; line 715
6470 LOAD_CONST           R46 constant[1421]  ; line 716
6471 MOVE                 R47 <- R46  ; line 716
6472 COMPARE              a=47 b=4 c=48 imm=2  ; line 717
6473 JUMP_IF_FALSE        R48 -> 6565  ; line 717
6474 MOVE                 R48 <- R0  ; line 718
6475 MOVE                 R49 <- R30  ; line 718
6476 HOST_CALL            a=50 b=67 c=48 imm=2  ; line 718
6477 BINARY               a=50 b=35 c=51 imm=0  ; line 718
6478 MOVE                 R52 <- R51  ; line 718
6479 HOST_CALL            a=53 b=172 c=52 imm=1  ; line 718
6480 MOVE                 R54 <- R53  ; line 718
6481 MOVE                 R55 <- R54  ; line 719
6482 MOVE                 R56 <- R40  ; line 719
6483 HOST_CALL            a=57 b=67 c=55 imm=2  ; line 719
6484 BINARY               a=57 b=45 c=58 imm=0  ; line 719
6485 MOVE                 R59 <- R58  ; line 719
6486 LOAD_CONST           R60 constant[1422]  ; line 720
6487 COMPARE              a=6 b=60 c=61 imm=0  ; line 720
6488 JUMP_IF_FALSE        R61 -> 6497  ; line 720
6489 MOVE                 R60 <- R59  ; line 721
6490 HOST_CALL            a=61 b=169 c=60 imm=1  ; line 721
6491 MOVE                 R62 <- R61  ; line 721
6492 LOAD_CONST           R63 constant[1423]  ; line 722
6493 BINARY               a=62 b=63 c=64 imm=0  ; line 722
6494 BINARY               a=62 b=64 c=65 imm=3  ; line 722
6495 MOVE                 R59 <- R65  ; line 722
6496 JUMP                 -> 6497  ; line 722
6497 BINARY               a=59 b=1 c=63 imm=1  ; line 724
6498 MOVE                 R64 <- R63  ; line 724
6499 MOVE                 R65 <- R54  ; line 725
6500 HOST_CALL            a=66 b=168 c=65 imm=1  ; line 725
6501 MOVE                 R67 <- R66  ; line 725
6502 MOVE                 R68 <- R64  ; line 725
6503 HOST_CALL            a=69 b=67 c=67 imm=2  ; line 725
6504 BINARY               a=69 b=14 c=70 imm=3  ; line 725
6505 MOVE                 R71 <- R70  ; line 725
6506 LOAD_CONST           R72 constant[1424]  ; line 726
6507 MOVE                 R73 <- R14  ; line 726
6508 MOVE                 R74 <- R72  ; line 726
6509 ARRAY_NEW            a=75 b=73 c=2 imm=4294967295  ; line 726
6510 MOVE                 R76 <- R64  ; line 726
6511 MOVE                 R77 <- R75  ; line 726
6512 HOST_CALL            a=78 b=167 c=76 imm=2  ; line 726
6513 LOAD_CONST           R79 constant[1425]  ; line 726
6514 MOVE                 R80 <- R79  ; line 726
6515 MOVE                 R81 <- R3  ; line 726
6516 ARRAY_NEW            a=82 b=80 c=2 imm=4294967295  ; line 726
6517 MOVE                 R83 <- R40  ; line 726
6518 MOVE                 R84 <- R82  ; line 726
6519 HOST_CALL            a=85 b=167 c=83 imm=2  ; line 726
6520 BINARY               a=78 b=85 c=86 imm=2  ; line 726
6521 MOVE                 R87 <- R86  ; line 726
6522 LOAD_CONST           R88 constant[1426]  ; line 727
6523 BINARY               a=54 b=88 c=89 imm=2  ; line 727
6524 LOAD_CONST           R90 constant[1427]  ; line 727
6525 MOVE                 R91 <- R54  ; line 727
6526 MOVE                 R92 <- R89  ; line 727
6527 MOVE                 R93 <- R90  ; line 727
6528 HOST_CALL            a=94 b=176 c=91 imm=3  ; line 727
6529 MOVE                 R95 <- R94  ; line 727
6530 LOAD_CONST           R96 constant[1428]  ; line 728
6531 BINARY               a=87 b=96 c=97 imm=2  ; line 728
6532 MOVE                 R98 <- R95  ; line 728
6533 MOVE                 R99 <- R87  ; line 728
6534 MOVE                 R100 <- R97  ; line 728
6535 HOST_CALL            a=101 b=177 c=98 imm=3  ; line 728
6536 MOVE                 R87 <- R101  ; line 728
6537 MOVE                 R96 <- R25  ; line 729
6538 MOVE                 R97 <- R87  ; line 729
6539 HOST_CALL            a=98 b=67 c=96 imm=2  ; line 729
6540 BINARY               a=98 b=14 c=99 imm=3  ; line 729
6541 MOVE                 R100 <- R99  ; line 729
6542 LOAD_CONST           R101 constant[1429]  ; line 730
6543 MOVE                 R102 <- R87  ; line 730
6544 MOVE                 R103 <- R101  ; line 730
6545 HOST_CALL            a=104 b=69 c=102 imm=2  ; line 730
6546 MOVE                 R105 <- R104  ; line 730
6547 BINARY               a=71 b=5 c=106 imm=2  ; line 731
6548 BINARY               a=40 b=106 c=107 imm=1  ; line 731
6549 MOVE                 R40 <- R107  ; line 731
6550 BINARY               a=100 b=5 c=106 imm=2  ; line 732
6551 BINARY               a=30 b=106 c=107 imm=1  ; line 732
6552 MOVE                 R30 <- R107  ; line 732
6553 BINARY               a=105 b=5 c=106 imm=2  ; line 733
6554 BINARY               a=35 b=106 c=107 imm=1  ; line 733
6555 MOVE                 R35 <- R107  ; line 733
6556 MOVE                 R106 <- R64  ; line 734
6557 HOST_CALL            a=107 b=69 c=106 imm=1  ; line 734
6558 BINARY               a=5 b=107 c=108 imm=2  ; line 734
6559 BINARY               a=45 b=108 c=109 imm=1  ; line 734
6560 MOVE                 R45 <- R109  ; line 734
6561 LOAD_CONST           R106 constant[1430]  ; line 735
6562 BINARY               a=47 b=106 c=107 imm=0  ; line 735
6563 MOVE                 R47 <- R107  ; line 735
6564 JUMP                 -> 6472  ; line 735
6565 LOAD_CONST           R106 constant[1431]  ; line 737
6566 LOAD_CONST           R107 constant[1432]  ; line 737
6567 LOAD_CONST           R108 constant[1433]  ; line 737
6568 LOAD_CONST           R109 constant[1434]  ; line 737
6569 MOVE                 R110 <- R106  ; line 737
6570 MOVE                 R111 <- R30  ; line 737
6571 MOVE                 R112 <- R107  ; line 737
6572 MOVE                 R113 <- R35  ; line 737
6573 MOVE                 R114 <- R108  ; line 737
6574 MOVE                 R115 <- R40  ; line 737
6575 MOVE                 R116 <- R109  ; line 737
6576 MOVE                 R117 <- R45  ; line 737
6577 HOST_CALL            a=118 b=6 c=110 imm=8  ; line 737
6578 RETURN               R118  ; line 737
6579 LOAD_CONST           R119 constant[1435]  ; line 737
6580 RETURN               R119  ; line 737
6581 MOVE                 R2 <- R0  ; line 741
6582 CALL                 a=3 b=111 c=2 imm=1  ; line 741
6583 MOVE                 R4 <- R3  ; line 741
6584 LOAD_CONST           R5 constant[1436]  ; line 742
6585 COMPARE              a=4 b=5 c=6 imm=1  ; line 742
6586 JUMP_IF_FALSE        R6 -> 6595  ; line 742
6587 LOAD_CONST           R5 constant[1437]  ; line 742
6588 LOAD_CONST           R6 constant[1438]  ; line 742
6589 MOVE                 R7 <- R5  ; line 742
6590 MOVE                 R8 <- R4  ; line 742
6591 MOVE                 R9 <- R6  ; line 742
6592 CALL                 a=10 b=100 c=7 imm=3  ; line 742
6593 RETURN               R10  ; line 742
6594 JUMP                 -> 6595  ; line 742
6595 LOAD_CONST           R5 constant[1439]  ; line 743
6596 MOVE                 R6 <- R0  ; line 743
6597 MOVE                 R7 <- R5  ; line 743
6598 HOST_CALL            a=8 b=11 c=6 imm=2  ; line 743
6599 MOVE                 R9 <- R8  ; line 743
6600 LOAD_CONST           R10 constant[1440]  ; line 744
6601 MOVE                 R11 <- R0  ; line 744
6602 MOVE                 R12 <- R10  ; line 744
6603 HOST_CALL            a=13 b=11 c=11 imm=2  ; line 744
6604 MOVE                 R14 <- R13  ; line 744
6605 MOVE                 R15 <- R9  ; line 745
6606 HOST_CALL            a=16 b=61 c=15 imm=1  ; line 745
6607 LOAD_CONST           R17 constant[1441]  ; line 745
6608 MOVE                 R18 <- R16  ; line 745
6609 MOVE                 R19 <- R17  ; line 745
6610 HOST_CALL            a=20 b=11 c=18 imm=2  ; line 745
6611 MOVE                 R21 <- R20  ; line 745
6612 MOVE                 R22 <- R9  ; line 746
6613 HOST_CALL            a=23 b=61 c=22 imm=1  ; line 746
6614 LOAD_CONST           R24 constant[1442]  ; line 746
6615 MOVE                 R25 <- R23  ; line 746
6616 MOVE                 R26 <- R24  ; line 746
6617 HOST_CALL            a=27 b=11 c=25 imm=2  ; line 746
6618 MOVE                 R28 <- R27  ; line 746
6619 LOAD_CONST           R29 constant[1443]  ; line 747
6620 LOAD_CONST           R30 constant[1444]  ; line 747
6621 MOVE                 R31 <- R1  ; line 747
6622 MOVE                 R32 <- R29  ; line 747
6623 MOVE                 R33 <- R30  ; line 747
6624 CALL                 a=34 b=101 c=31 imm=3  ; line 747
6625 MOVE                 R35 <- R34  ; line 747
6626 LOAD_CONST           R36 constant[1445]  ; line 748
6627 LOAD_CONST           R37 constant[1446]  ; line 748
6628 MOVE                 R38 <- R1  ; line 748
6629 MOVE                 R39 <- R36  ; line 748
6630 MOVE                 R40 <- R37  ; line 748
6631 CALL                 a=41 b=101 c=38 imm=3  ; line 748
6632 MOVE                 R42 <- R41  ; line 748
6633 LOAD_CONST           R43 constant[1447]  ; line 749
6634 LOAD_CONST           R44 constant[1448]  ; line 749
6635 MOVE                 R45 <- R1  ; line 749
6636 MOVE                 R46 <- R43  ; line 749
6637 MOVE                 R47 <- R44  ; line 749
6638 CALL                 a=48 b=101 c=45 imm=3  ; line 749
6639 MOVE                 R49 <- R48  ; line 749
6640 LOAD_CONST           R50 constant[1449]  ; line 750
6641 LOAD_CONST           R51 constant[1450]  ; line 750
6642 MOVE                 R52 <- R1  ; line 750
6643 MOVE                 R53 <- R50  ; line 750
6644 MOVE                 R54 <- R51  ; line 750
6645 CALL                 a=55 b=101 c=52 imm=3  ; line 750
6646 MOVE                 R56 <- R55  ; line 750
6647 LOAD_CONST           R57 constant[1451]  ; line 751
6648 COMPARE              a=35 b=57 c=58 imm=2  ; line 751
6649 JUMP_IF_FALSE        R58 -> 6659  ; line 751
6650 LOAD_CONST           R57 constant[1452]  ; line 751
6651 LOAD_CONST           R58 constant[1453]  ; line 751
6652 LOAD_CONST           R59 constant[1454]  ; line 751
6653 MOVE                 R60 <- R57  ; line 751
6654 MOVE                 R61 <- R58  ; line 751
6655 MOVE                 R62 <- R59  ; line 751
6656 CALL                 a=63 b=100 c=60 imm=3  ; line 751
6657 RETURN               R63  ; line 751
6658 JUMP                 -> 6659  ; line 751
6659 LOAD_CONST           R57 constant[1455]  ; line 752
6660 COMPARE              a=42 b=57 c=58 imm=2  ; line 752
6661 JUMP_IF_FALSE        R58 -> 6671  ; line 752
6662 LOAD_CONST           R57 constant[1456]  ; line 752
6663 LOAD_CONST           R58 constant[1457]  ; line 752
6664 LOAD_CONST           R59 constant[1458]  ; line 752
6665 MOVE                 R60 <- R57  ; line 752
6666 MOVE                 R61 <- R58  ; line 752
6667 MOVE                 R62 <- R59  ; line 752
6668 CALL                 a=63 b=100 c=60 imm=3  ; line 752
6669 RETURN               R63  ; line 752
6670 JUMP                 -> 6671  ; line 752
6671 LOAD_CONST           R57 constant[1459]  ; line 753
6672 COMPARE              a=49 b=57 c=58 imm=3  ; line 753
6673 JUMP_IF_FALSE        R58 -> 6683  ; line 753
6674 LOAD_CONST           R57 constant[1460]  ; line 753
6675 LOAD_CONST           R58 constant[1461]  ; line 753
6676 LOAD_CONST           R59 constant[1462]  ; line 753
6677 MOVE                 R60 <- R57  ; line 753
6678 MOVE                 R61 <- R58  ; line 753
6679 MOVE                 R62 <- R59  ; line 753
6680 CALL                 a=63 b=100 c=60 imm=3  ; line 753
6681 RETURN               R63  ; line 753
6682 JUMP                 -> 6683  ; line 753
6683 LOAD_CONST           R57 constant[1463]  ; line 754
6684 COMPARE              a=56 b=57 c=58 imm=1  ; line 754
6685 JUMP_IF_FALSE        R58 -> 6699  ; line 754
6686 LOAD_CONST           R57 constant[1464]  ; line 755
6687 COMPARE              a=56 b=57 c=58 imm=1  ; line 755
6688 JUMP_IF_FALSE        R58 -> 6698  ; line 755
6689 LOAD_CONST           R57 constant[1465]  ; line 755
6690 LOAD_CONST           R58 constant[1466]  ; line 755
6691 LOAD_CONST           R59 constant[1467]  ; line 755
6692 MOVE                 R60 <- R57  ; line 755
6693 MOVE                 R61 <- R58  ; line 755
6694 MOVE                 R62 <- R59  ; line 755
6695 CALL                 a=63 b=100 c=60 imm=3  ; line 755
6696 RETURN               R63  ; line 755
6697 JUMP                 -> 6698  ; line 755
6698 JUMP                 -> 6699  ; line 755
6699 LOAD_CONST           R57 constant[1468]  ; line 757
6700 MOVE                 R58 <- R1  ; line 757
6701 MOVE                 R59 <- R57  ; line 757
6702 HOST_CALL            a=60 b=11 c=58 imm=2  ; line 757
6703 MOVE                 R61 <- R60  ; line 757
6704 MOVE                 R62 <- R9  ; line 758
6705 HOST_CALL            a=63 b=60 c=62 imm=1  ; line 758
6706 MOVE                 R64 <- R28  ; line 758
6707 MOVE                 R65 <- R35  ; line 758
6708 MOVE                 R66 <- R63  ; line 758
6709 MOVE                 R67 <- R61  ; line 758
6710 CALL                 a=68 b=123 c=64 imm=4  ; line 758
6711 MOVE                 R69 <- R68  ; line 758
6712 MOVE                 R70 <- R9  ; line 759
6713 MOVE                 R71 <- R14  ; line 759
6714 MOVE                 R72 <- R69  ; line 759
6715 MOVE                 R73 <- R35  ; line 759
6716 MOVE                 R74 <- R42  ; line 759
6717 MOVE                 R75 <- R49  ; line 759
6718 MOVE                 R76 <- R56  ; line 759
6719 MOVE                 R77 <- R61  ; line 759
6720 CALL                 a=78 b=124 c=70 imm=8  ; line 759
6721 MOVE                 R79 <- R78  ; line 759
6722 LOAD_CONST           R80 constant[1469]  ; line 760
6723 MOVE                 R81 <- R79  ; line 760
6724 MOVE                 R82 <- R80  ; line 760
6725 HOST_CALL            a=83 b=11 c=81 imm=2  ; line 760
6726 MOVE                 R84 <- R9  ; line 760
6727 MOVE                 R85 <- R83  ; line 760
6728 HOST_CALL            a=86 b=67 c=84 imm=2  ; line 760
6729 LOAD_CONST           R87 constant[1470]  ; line 760
6730 MOVE                 R88 <- R79  ; line 760
6731 MOVE                 R89 <- R87  ; line 760
6732 HOST_CALL            a=90 b=11 c=88 imm=2  ; line 760
6733 BINARY               a=86 b=90 c=91 imm=0  ; line 760
6734 MOVE                 R92 <- R91  ; line 760
6735 HOST_CALL            a=93 b=172 c=92 imm=1  ; line 760
6736 MOVE                 R94 <- R93  ; line 760
6737 LOAD_CONST           R95 constant[1471]  ; line 761
6738 MOVE                 R96 <- R79  ; line 761
6739 MOVE                 R97 <- R95  ; line 761
6740 HOST_CALL            a=98 b=11 c=96 imm=2  ; line 761
6741 MOVE                 R99 <- R94  ; line 761
6742 MOVE                 R100 <- R98  ; line 761
6743 HOST_CALL            a=101 b=67 c=99 imm=2  ; line 761
6744 LOAD_CONST           R102 constant[1472]  ; line 761
6745 MOVE                 R103 <- R79  ; line 761
6746 MOVE                 R104 <- R102  ; line 761
6747 HOST_CALL            a=105 b=11 c=103 imm=2  ; line 761
6748 BINARY               a=101 b=105 c=106 imm=0  ; line 761
6749 MOVE                 R107 <- R106  ; line 761
6750 LOAD_CONST           R108 constant[1473]  ; line 762
6751 COMPARE              a=56 b=108 c=109 imm=0  ; line 762
6752 JUMP_IF_FALSE        R109 -> 6761  ; line 762
6753 MOVE                 R108 <- R107  ; line 763
6754 HOST_CALL            a=109 b=169 c=108 imm=1  ; line 763
6755 MOVE                 R110 <- R109  ; line 763
6756 LOAD_CONST           R111 constant[1474]  ; line 764
6757 BINARY               a=110 b=111 c=112 imm=0  ; line 764
6758 BINARY               a=110 b=112 c=113 imm=3  ; line 764
6759 MOVE                 R107 <- R113  ; line 764
6760 JUMP                 -> 6761  ; line 764
6761 MOVE                 R111 <- R107  ; line 766
6762 HOST_CALL            a=112 b=184 c=111 imm=1  ; line 766
6763 MOVE                 R113 <- R112  ; line 766
6764 MOVE                 R114 <- R14  ; line 767
6765 HOST_CALL            a=115 b=184 c=114 imm=1  ; line 767
6766 BINARY               a=113 b=115 c=116 imm=1  ; line 767
6767 MOVE                 R117 <- R14  ; line 767
6768 HOST_CALL            a=118 b=184 c=117 imm=1  ; line 767
6769 BINARY               a=113 b=118 c=119 imm=1  ; line 767
6770 BINARY               a=116 b=119 c=120 imm=2  ; line 767
6771 MOVE                 R121 <- R120  ; line 767
6772 HOST_CALL            a=122 b=69 c=121 imm=1  ; line 767
6773 MOVE                 R123 <- R122  ; line 767
6774 MOVE                 R124 <- R21  ; line 768
6775 MOVE                 R125 <- R123  ; line 768
6776 CALL                 a=126 b=113 c=124 imm=2  ; line 768
6777 MOVE                 R127 <- R126  ; line 768
6778 LOAD_CONST           R128 constant[1475]  ; line 769
6779 COMPARE              a=56 b=128 c=129 imm=0  ; line 769
6780 JUMP_IF_FALSE        R129 -> 6791  ; line 769
6781 LOAD_CONST           R128 constant[1476]  ; line 770
6782 UNARY                a=128 b=129 c=4294967295 imm=0  ; line 770
6783 BINARY               a=107 b=129 c=130 imm=2  ; line 770
6784 LOAD_CONST           R131 constant[1477]  ; line 770
6785 BINARY               a=130 b=131 c=132 imm=0  ; line 770
6786 BINARY               a=107 b=132 c=133 imm=2  ; line 770
6787 MOVE                 R134 <- R133  ; line 770
6788 HOST_CALL            a=135 b=184 c=134 imm=1  ; line 770
6789 MOVE                 R127 <- R135  ; line 770
6790 JUMP                 -> 6791  ; line 770
6791 LOAD_CONST           R128 constant[1478]  ; line 772
6792 LOAD_CONST           R129 constant[1479]  ; line 772
6793 LOAD_CONST           R130 constant[1480]  ; line 772
6794 LOAD_CONST           R131 constant[1481]  ; line 772
6795 LOAD_CONST           R132 constant[1482]  ; line 772
6796 LOAD_CONST           R133 constant[1483]  ; line 772
6797 LOAD_CONST           R134 constant[1484]  ; line 772
6798 LOAD_CONST           R135 constant[1485]  ; line 772
6799 MOVE                 R136 <- R79  ; line 772
6800 MOVE                 R137 <- R135  ; line 772
6801 HOST_CALL            a=138 b=11 c=136 imm=2  ; line 772
6802 LOAD_CONST           R139 constant[1486]  ; line 772
6803 LOAD_CONST           R140 constant[1487]  ; line 772
6804 MOVE                 R141 <- R79  ; line 772
6805 MOVE                 R142 <- R140  ; line 772
6806 HOST_CALL            a=143 b=11 c=141 imm=2  ; line 772
6807 LOAD_CONST           R144 constant[1488]  ; line 772
6808 LOAD_CONST           R145 constant[1489]  ; line 772
6809 MOVE                 R146 <- R79  ; line 772
6810 MOVE                 R147 <- R145  ; line 772
6811 HOST_CALL            a=148 b=11 c=146 imm=2  ; line 772
6812 LOAD_CONST           R149 constant[1490]  ; line 772
6813 LOAD_CONST           R150 constant[1491]  ; line 772
6814 MOVE                 R151 <- R79  ; line 772
6815 MOVE                 R152 <- R150  ; line 772
6816 HOST_CALL            a=153 b=11 c=151 imm=2  ; line 772
6817 LOAD_CONST           R154 constant[1492]  ; line 772
6818 MOVE                 R155 <- R134  ; line 772
6819 MOVE                 R156 <- R138  ; line 772
6820 MOVE                 R157 <- R139  ; line 772
6821 MOVE                 R158 <- R143  ; line 772
6822 MOVE                 R159 <- R144  ; line 772
6823 MOVE                 R160 <- R148  ; line 772
6824 MOVE                 R161 <- R149  ; line 772
6825 MOVE                 R162 <- R153  ; line 772
6826 MOVE                 R163 <- R154  ; line 772
6827 MOVE                 R164 <- R35  ; line 772
6828 HOST_CALL            a=165 b=6 c=155 imm=10  ; line 772
6829 LOAD_CONST           R166 constant[1493]  ; line 772
6830 LOAD_CONST           R167 constant[1494]  ; line 772
6831 MOVE                 R168 <- R167  ; line 772
6832 MOVE                 R169 <- R123  ; line 772
6833 HOST_CALL            a=170 b=6 c=168 imm=2  ; line 772
6834 LOAD_CONST           R171 constant[1495]  ; line 772
6835 ARRAY_NEW            a=172 b=172 c=0 imm=4294967295  ; line 772
6836 LOAD_CONST           R173 constant[1496]  ; line 772
6837 LOAD_CONST           R174 constant[1497]  ; line 772
6838 LOAD_CONST           R175 constant[1498]  ; line 772
6839 MOVE                 R176 <- R174  ; line 772
6840 MOVE                 R177 <- R42  ; line 772
6841 MOVE                 R178 <- R175  ; line 772
6842 MOVE                 R179 <- R49  ; line 772
6843 HOST_CALL            a=180 b=6 c=176 imm=4  ; line 772
6844 LOAD_CONST           R181 constant[1499]  ; line 772
6845 LOAD_CONST           R182 constant[1500]  ; line 772
6846 LOAD_CONST           R183 constant[1501]  ; line 772
6847 MOVE                 R184 <- R9  ; line 772
6848 HOST_CALL            a=185 b=60 c=184 imm=1  ; line 772
6849 LOAD_CONST           R186 constant[1502]  ; line 772
6850 LOAD_CONST           R187 constant[1503]  ; line 772
6851 MOVE                 R188 <- R128  ; line 772
6852 MOVE                 R189 <- R129  ; line 772
6853 MOVE                 R190 <- R130  ; line 772
6854 MOVE                 R191 <- R131  ; line 772
6855 MOVE                 R192 <- R132  ; line 772
6856 MOVE                 R193 <- R56  ; line 772
6857 MOVE                 R194 <- R133  ; line 772
6858 MOVE                 R195 <- R165  ; line 772
6859 MOVE                 R196 <- R166  ; line 772
6860 MOVE                 R197 <- R170  ; line 772
6861 MOVE                 R198 <- R171  ; line 772
6862 MOVE                 R199 <- R172  ; line 772
6863 MOVE                 R200 <- R173  ; line 772
6864 MOVE                 R201 <- R180  ; line 772
6865 MOVE                 R202 <- R181  ; line 772
6866 MOVE                 R203 <- R182  ; line 772
6867 MOVE                 R204 <- R183  ; line 772
6868 MOVE                 R205 <- R185  ; line 772
6869 MOVE                 R206 <- R186  ; line 772
6870 MOVE                 R207 <- R187  ; line 772
6871 HOST_CALL            a=208 b=6 c=188 imm=20  ; line 772
6872 MOVE                 R209 <- R208  ; line 772
6873 LOAD_CONST           R210 constant[1504]  ; line 779
6874 LOAD_CONST           R211 constant[1505]  ; line 779
6875 MOVE                 R212 <- R210  ; line 779
6876 MOVE                 R213 <- R123  ; line 779
6877 MOVE                 R214 <- R211  ; line 779
6878 MOVE                 R215 <- R21  ; line 779
6879 HOST_CALL            a=216 b=6 c=212 imm=4  ; line 779
6880 LOAD_CONST           R217 constant[1506]  ; line 779
6881 LOAD_CONST           R218 constant[1507]  ; line 779
6882 MOVE                 R219 <- R218  ; line 779
6883 ARRAY_NEW            a=220 b=219 c=1 imm=4294967295  ; line 779
6884 MOVE                 R221 <- R209  ; line 779
6885 MOVE                 R222 <- R113  ; line 779
6886 MOVE                 R223 <- R127  ; line 779
6887 MOVE                 R224 <- R216  ; line 779
6888 MOVE                 R225 <- R217  ; line 779
6889 MOVE                 R226 <- R220  ; line 779
6890 CALL                 a=227 b=115 c=221 imm=6  ; line 779
6891 RETURN               R227  ; line 779
6892 LOAD_CONST           R228 constant[1508]  ; line 779
6893 RETURN               R228  ; line 779
6894 MOVE                 R2 <- R1  ; line 784
6895 HOST_CALL            a=3 b=61 c=2 imm=1  ; line 784
6896 LOAD_CONST           R4 constant[1509]  ; line 784
6897 MOVE                 R5 <- R3  ; line 784
6898 MOVE                 R6 <- R4  ; line 784
6899 HOST_CALL            a=7 b=11 c=5 imm=2  ; line 784
6900 MOVE                 R8 <- R7  ; line 784
6901 MOVE                 R9 <- R1  ; line 785
6902 HOST_CALL            a=10 b=61 c=9 imm=1  ; line 785
6903 LOAD_CONST           R11 constant[1510]  ; line 785
6904 MOVE                 R12 <- R10  ; line 785
6905 MOVE                 R13 <- R11  ; line 785
6906 HOST_CALL            a=14 b=11 c=12 imm=2  ; line 785
6907 MOVE                 R15 <- R14  ; line 785
6908 LOAD_CONST           R16 constant[1511]  ; line 786
6909 MOVE                 R17 <- R0  ; line 786
6910 MOVE                 R18 <- R16  ; line 786
6911 HOST_CALL            a=19 b=11 c=17 imm=2  ; line 786
6912 LOAD_CONST           R20 constant[1512]  ; line 786
6913 MOVE                 R21 <- R19  ; line 786
6914 MOVE                 R22 <- R20  ; line 786
6915 HOST_CALL            a=23 b=11 c=21 imm=2  ; line 786
6916 MOVE                 R24 <- R23  ; line 786
6917 LOAD_CONST           R25 constant[1513]  ; line 787
6918 MOVE                 R26 <- R25  ; line 787
6919 HOST_CALL            a=27 b=22 c=26 imm=1  ; line 787
6920 MOVE                 R28 <- R27  ; line 787
6921 LOAD_CONST           R29 constant[1514]  ; line 788
6922 MOVE                 R30 <- R29  ; line 788
6923 COMPARE              a=30 b=8 c=31 imm=2  ; line 789
6924 JUMP_IF_FALSE        R31 -> 7023  ; line 789
6925 LOAD_CONST           R31 constant[1515]  ; line 790
6926 MOVE                 R32 <- R0  ; line 790
6927 MOVE                 R33 <- R31  ; line 790
6928 HOST_CALL            a=34 b=11 c=32 imm=2  ; line 790
6929 LOAD_CONST           R35 constant[1516]  ; line 790
6930 MOVE                 R36 <- R34  ; line 790
6931 MOVE                 R37 <- R35  ; line 790
6932 HOST_CALL            a=38 b=11 c=36 imm=2  ; line 790
6933 MOVE                 R39 <- R38  ; line 790
6934 LOAD_CONST           R40 constant[1517]  ; line 791
6935 MOVE                 R41 <- R40  ; line 791
6936 COMPARE              a=41 b=24 c=42 imm=2  ; line 792
6937 JUMP_IF_FALSE        R42 -> 7005  ; line 792
6938 LOAD_CONST           R42 constant[1518]  ; line 793
6939 MOVE                 R43 <- R0  ; line 793
6940 MOVE                 R44 <- R42  ; line 793
6941 HOST_CALL            a=45 b=11 c=43 imm=2  ; line 793
6942 LOAD_CONST           R46 constant[1519]  ; line 793
6943 MOVE                 R47 <- R45  ; line 793
6944 MOVE                 R48 <- R46  ; line 793
6945 HOST_CALL            a=49 b=11 c=47 imm=2  ; line 793
6946 MOVE                 R50 <- R49  ; line 793
6947 MOVE                 R51 <- R41  ; line 793
6948 HOST_CALL            a=52 b=11 c=50 imm=2  ; line 793
6949 MOVE                 R53 <- R52  ; line 793
6950 LOAD_CONST           R54 constant[1520]  ; line 794
6951 MOVE                 R55 <- R54  ; line 794
6952 COMPARE              a=55 b=15 c=56 imm=2  ; line 795
6953 JUMP_IF_FALSE        R56 -> 6981  ; line 795
6954 MOVE                 R56 <- R30  ; line 796
6955 MOVE                 R57 <- R55  ; line 796
6956 ARRAY_NEW            a=58 b=56 c=2 imm=4294967295  ; line 796
6957 MOVE                 R59 <- R1  ; line 796
6958 MOVE                 R60 <- R58  ; line 796
6959 HOST_CALL            a=61 b=11 c=59 imm=2  ; line 796
6960 LOAD_CONST           R62 constant[1521]  ; line 796
6961 MOVE                 R63 <- R0  ; line 796
6962 MOVE                 R64 <- R62  ; line 796
6963 HOST_CALL            a=65 b=11 c=63 imm=2  ; line 796
6964 LOAD_CONST           R66 constant[1522]  ; line 796
6965 MOVE                 R67 <- R65  ; line 796
6966 MOVE                 R68 <- R66  ; line 796
6967 HOST_CALL            a=69 b=11 c=67 imm=2  ; line 796
6968 MOVE                 R70 <- R55  ; line 796
6969 MOVE                 R71 <- R41  ; line 796
6970 ARRAY_NEW            a=72 b=70 c=2 imm=4294967295  ; line 796
6971 MOVE                 R73 <- R69  ; line 796
6972 MOVE                 R74 <- R72  ; line 796
6973 HOST_CALL            a=75 b=11 c=73 imm=2  ; line 796
6974 BINARY               a=61 b=75 c=76 imm=2  ; line 796
6975 BINARY               a=53 b=76 c=77 imm=0  ; line 796
6976 MOVE                 R53 <- R77  ; line 796
6977 LOAD_CONST           R56 constant[1523]  ; line 797
6978 BINARY               a=55 b=56 c=57 imm=0  ; line 797
6979 MOVE                 R55 <- R57  ; line 797
6980 JUMP                 -> 6952  ; line 797
6981 LOAD_CONST           R56 constant[1524]  ; line 799
6982 COMPARE              a=53 b=56 c=57 imm=2  ; line 799
6983 JUMP_IF_FALSE        R57 -> 6987  ; line 799
6984 LOAD_CONST           R56 constant[1525]  ; line 799
6985 MOVE                 R53 <- R56  ; line 799
6986 JUMP                 -> 6987  ; line 799
6987 LOAD_CONST           R56 constant[1526]  ; line 800
6988 MOVE                 R57 <- R0  ; line 800
6989 MOVE                 R58 <- R56  ; line 800
6990 HOST_CALL            a=59 b=11 c=57 imm=2  ; line 800
6991 LOAD_CONST           R60 constant[1527]  ; line 800
6992 MOVE                 R61 <- R59  ; line 800
6993 MOVE                 R62 <- R60  ; line 800
6994 HOST_CALL            a=63 b=11 c=61 imm=2  ; line 800
6995 MOVE                 R64 <- R63  ; line 800
6996 MOVE                 R65 <- R41  ; line 800
6997 HOST_CALL            a=66 b=11 c=64 imm=2  ; line 800
6998 BINARY               a=53 b=66 c=67 imm=2  ; line 800
6999 BINARY               a=39 b=67 c=68 imm=0  ; line 800
7000 MOVE                 R39 <- R68  ; line 800
7001 LOAD_CONST           R56 constant[1528]  ; line 801
7002 BINARY               a=41 b=56 c=57 imm=0  ; line 801
7003 MOVE                 R41 <- R57  ; line 801
7004 JUMP                 -> 6936  ; line 801
7005 LOAD_CONST           R56 constant[1529]  ; line 803
7006 MOVE                 R57 <- R0  ; line 803
7007 MOVE                 R58 <- R56  ; line 803
7008 HOST_CALL            a=59 b=11 c=57 imm=2  ; line 803
7009 LOAD_CONST           R60 constant[1530]  ; line 803
7010 COMPARE              a=59 b=60 c=61 imm=0  ; line 803
7011 JUMP_IF_FALSE        R61 -> 7016  ; line 803
7012 MOVE                 R56 <- R39  ; line 803
7013 CALL                 a=57 b=106 c=56 imm=1  ; line 803
7014 MOVE                 R39 <- R57  ; line 803
7015 JUMP                 -> 7016  ; line 803
7016 MOVE                 R56 <- R28  ; line 804
7017 MOVE                 R57 <- R39  ; line 804
7018 HOST_CALL            a=58 b=23 c=56 imm=2  ; line 804
7019 LOAD_CONST           R56 constant[1531]  ; line 805
7020 BINARY               a=30 b=56 c=57 imm=0  ; line 805
7021 MOVE                 R30 <- R57  ; line 805
7022 JUMP                 -> 6923  ; line 805
7023 RETURN               R28  ; line 807
7024 LOAD_CONST           R56 constant[1532]  ; line 807
7025 RETURN               R56  ; line 807
7026 LOAD_CONST           R2 constant[1533]  ; line 811
7027 MOVE                 R3 <- R2  ; line 811
7028 HOST_CALL            a=4 b=22 c=3 imm=1  ; line 811
7029 MOVE                 R5 <- R4  ; line 811
7030 LOAD_CONST           R6 constant[1534]  ; line 812
7031 MOVE                 R7 <- R6  ; line 812
7032 COMPARE              a=7 b=0 c=8 imm=2  ; line 813
7033 JUMP_IF_FALSE        R8 -> 7043  ; line 813
7034 MOVE                 R8 <- R1  ; line 814
7035 CALL                 a=9 b=110 c=8 imm=1  ; line 814
7036 MOVE                 R10 <- R5  ; line 814
7037 MOVE                 R11 <- R9  ; line 814
7038 HOST_CALL            a=12 b=23 c=10 imm=2  ; line 814
7039 LOAD_CONST           R8 constant[1535]  ; line 815
7040 BINARY               a=7 b=8 c=9 imm=0  ; line 815
7041 MOVE                 R7 <- R9  ; line 815
7042 JUMP                 -> 7032  ; line 815
7043 RETURN               R5  ; line 817
7044 LOAD_CONST           R8 constant[1536]  ; line 817
7045 RETURN               R8  ; line 817
7046 MOVE                 R1 <- R0  ; line 821
7047 MOVE                 R2 <- R0  ; line 821
7048 CALL                 a=3 b=127 c=1 imm=2  ; line 821
7049 MOVE                 R4 <- R3  ; line 821
7050 LOAD_CONST           R5 constant[1537]  ; line 822
7051 MOVE                 R6 <- R5  ; line 822
7052 COMPARE              a=6 b=0 c=7 imm=2  ; line 823
7053 JUMP_IF_FALSE        R7 -> 7067  ; line 823
7054 MOVE                 R7 <- R4  ; line 824
7055 MOVE                 R8 <- R6  ; line 824
7056 HOST_CALL            a=9 b=11 c=7 imm=2  ; line 824
7057 MOVE                 R10 <- R9  ; line 824
7058 LOAD_CONST           R11 constant[1538]  ; line 825
7059 MOVE                 R12 <- R10  ; line 825
7060 MOVE                 R13 <- R6  ; line 825
7061 MOVE                 R14 <- R11  ; line 825
7062 HOST_CALL            a=15 b=12 c=12 imm=3  ; line 825
7063 LOAD_CONST           R11 constant[1539]  ; line 826
7064 BINARY               a=6 b=11 c=12 imm=0  ; line 826
7065 MOVE                 R6 <- R12  ; line 826
7066 JUMP                 -> 7052  ; line 826
7067 RETURN               R4  ; line 828
7068 LOAD_CONST           R11 constant[1540]  ; line 828
7069 RETURN               R11  ; line 828
7070 MOVE                 R1 <- R0  ; line 832
7071 HOST_CALL            a=2 b=61 c=1 imm=1  ; line 832
7072 MOVE                 R3 <- R2  ; line 832
7073 LOAD_CONST           R4 constant[1541]  ; line 833
7074 MOVE                 R5 <- R3  ; line 833
7075 MOVE                 R6 <- R4  ; line 833
7076 HOST_CALL            a=7 b=11 c=5 imm=2  ; line 833
7077 LOAD_CONST           R8 constant[1542]  ; line 833
7078 MOVE                 R9 <- R3  ; line 833
7079 MOVE                 R10 <- R8  ; line 833
7080 HOST_CALL            a=11 b=11 c=9 imm=2  ; line 833
7081 MOVE                 R12 <- R7  ; line 833
7082 MOVE                 R13 <- R11  ; line 833
7083 CALL                 a=14 b=127 c=12 imm=2  ; line 833
7084 MOVE                 R15 <- R14  ; line 833
7085 LOAD_CONST           R16 constant[1543]  ; line 834
7086 MOVE                 R17 <- R16  ; line 834
7087 LOAD_CONST           R18 constant[1544]  ; line 835
7088 MOVE                 R19 <- R3  ; line 835
7089 MOVE                 R20 <- R18  ; line 835
7090 HOST_CALL            a=21 b=11 c=19 imm=2  ; line 835
7091 COMPARE              a=17 b=21 c=22 imm=2  ; line 835
7092 JUMP_IF_FALSE        R22 -> 7123  ; line 835
7093 MOVE                 R18 <- R15  ; line 836
7094 MOVE                 R19 <- R17  ; line 836
7095 HOST_CALL            a=20 b=11 c=18 imm=2  ; line 836
7096 MOVE                 R21 <- R20  ; line 836
7097 LOAD_CONST           R22 constant[1545]  ; line 837
7098 MOVE                 R23 <- R22  ; line 837
7099 LOAD_CONST           R24 constant[1546]  ; line 838
7100 MOVE                 R25 <- R3  ; line 838
7101 MOVE                 R26 <- R24  ; line 838
7102 HOST_CALL            a=27 b=11 c=25 imm=2  ; line 838
7103 COMPARE              a=23 b=27 c=28 imm=2  ; line 838
7104 JUMP_IF_FALSE        R28 -> 7119  ; line 838
7105 MOVE                 R24 <- R17  ; line 839
7106 MOVE                 R25 <- R23  ; line 839
7107 ARRAY_NEW            a=26 b=24 c=2 imm=4294967295  ; line 839
7108 MOVE                 R27 <- R0  ; line 839
7109 MOVE                 R28 <- R26  ; line 839
7110 HOST_CALL            a=29 b=11 c=27 imm=2  ; line 839
7111 MOVE                 R30 <- R21  ; line 839
7112 MOVE                 R31 <- R23  ; line 839
7113 MOVE                 R32 <- R29  ; line 839
7114 HOST_CALL            a=33 b=12 c=30 imm=3  ; line 839
7115 LOAD_CONST           R24 constant[1547]  ; line 840
7116 BINARY               a=23 b=24 c=25 imm=0  ; line 840
7117 MOVE                 R23 <- R25  ; line 840
7118 JUMP                 -> 7099  ; line 840
7119 LOAD_CONST           R24 constant[1548]  ; line 842
7120 BINARY               a=17 b=24 c=25 imm=0  ; line 842
7121 MOVE                 R17 <- R25  ; line 842
7122 JUMP                 -> 7087  ; line 842
7123 RETURN               R15  ; line 844
7124 LOAD_CONST           R24 constant[1549]  ; line 844
7125 RETURN               R24  ; line 844
7126 MOVE                 R1 <- R0  ; line 848
7127 HOST_CALL            a=2 b=61 c=1 imm=1  ; line 848
7128 LOAD_CONST           R3 constant[1550]  ; line 848
7129 MOVE                 R4 <- R2  ; line 848
7130 MOVE                 R5 <- R3  ; line 848
7131 HOST_CALL            a=6 b=11 c=4 imm=2  ; line 848
7132 MOVE                 R7 <- R6  ; line 848
7133 MOVE                 R8 <- R7  ; line 849
7134 CALL                 a=9 b=110 c=8 imm=1  ; line 849
7135 MOVE                 R10 <- R9  ; line 849
7136 LOAD_CONST           R11 constant[1551]  ; line 850
7137 MOVE                 R12 <- R11  ; line 850
7138 COMPARE              a=12 b=7 c=13 imm=2  ; line 851
7139 JUMP_IF_FALSE        R13 -> 7151  ; line 851
7140 MOVE                 R13 <- R0  ; line 852
7141 MOVE                 R14 <- R12  ; line 852
7142 HOST_CALL            a=15 b=11 c=13 imm=2  ; line 852
7143 MOVE                 R16 <- R10  ; line 852
7144 MOVE                 R17 <- R12  ; line 852
7145 MOVE                 R18 <- R15  ; line 852
7146 HOST_CALL            a=19 b=12 c=16 imm=3  ; line 852
7147 LOAD_CONST           R13 constant[1552]  ; line 853
7148 BINARY               a=12 b=13 c=14 imm=0  ; line 853
7149 MOVE                 R12 <- R14  ; line 853
7150 JUMP                 -> 7138  ; line 853
7151 RETURN               R10  ; line 855
7152 LOAD_CONST           R13 constant[1553]  ; line 855
7153 RETURN               R13  ; line 855
7154 MOVE                 R1 <- R0  ; line 859
7155 HOST_CALL            a=2 b=26 c=1 imm=1  ; line 859
7156 MOVE                 R3 <- R2  ; line 859
7157 LOAD_CONST           R4 constant[1554]  ; line 860
7158 MOVE                 R5 <- R0  ; line 860
7159 MOVE                 R6 <- R4  ; line 860
7160 HOST_CALL            a=7 b=11 c=5 imm=2  ; line 860
7161 MOVE                 R8 <- R7  ; line 860
7162 HOST_CALL            a=9 b=26 c=8 imm=1  ; line 860
7163 MOVE                 R10 <- R9  ; line 860
7164 MOVE                 R11 <- R10  ; line 861
7165 MOVE                 R12 <- R3  ; line 861
7166 CALL                 a=13 b=127 c=11 imm=2  ; line 861
7167 MOVE                 R14 <- R13  ; line 861
7168 LOAD_CONST           R15 constant[1555]  ; line 862
7169 MOVE                 R16 <- R15  ; line 862
7170 COMPARE              a=16 b=3 c=17 imm=2  ; line 863
7171 JUMP_IF_FALSE        R17 -> 7198  ; line 863
7172 LOAD_CONST           R17 constant[1556]  ; line 864
7173 MOVE                 R18 <- R17  ; line 864
7174 COMPARE              a=18 b=10 c=19 imm=2  ; line 865
7175 JUMP_IF_FALSE        R19 -> 7194  ; line 865
7176 MOVE                 R19 <- R14  ; line 866
7177 MOVE                 R20 <- R18  ; line 866
7178 HOST_CALL            a=21 b=11 c=19 imm=2  ; line 866
7179 MOVE                 R22 <- R21  ; line 866
7180 MOVE                 R23 <- R0  ; line 867
7181 MOVE                 R24 <- R16  ; line 867
7182 HOST_CALL            a=25 b=11 c=23 imm=2  ; line 867
7183 MOVE                 R26 <- R25  ; line 867
7184 MOVE                 R27 <- R18  ; line 867
7185 HOST_CALL            a=28 b=11 c=26 imm=2  ; line 867
7186 MOVE                 R29 <- R22  ; line 867
7187 MOVE                 R30 <- R16  ; line 867
7188 MOVE                 R31 <- R28  ; line 867
7189 HOST_CALL            a=32 b=12 c=29 imm=3  ; line 867
7190 LOAD_CONST           R23 constant[1557]  ; line 868
7191 BINARY               a=18 b=23 c=24 imm=0  ; line 868
7192 MOVE                 R18 <- R24  ; line 868
7193 JUMP                 -> 7174  ; line 868
7194 LOAD_CONST           R23 constant[1558]  ; line 870
7195 BINARY               a=16 b=23 c=24 imm=0  ; line 870
7196 MOVE                 R16 <- R24  ; line 870
7197 JUMP                 -> 7170  ; line 870
7198 RETURN               R14  ; line 872
7199 LOAD_CONST           R23 constant[1559]  ; line 872
7200 RETURN               R23  ; line 872
7201 MOVE                 R2 <- R0  ; line 876
7202 HOST_CALL            a=3 b=26 c=2 imm=1  ; line 876
7203 MOVE                 R4 <- R3  ; line 876
7204 LOAD_CONST           R5 constant[1560]  ; line 877
7205 MOVE                 R6 <- R0  ; line 877
7206 MOVE                 R7 <- R5  ; line 877
7207 HOST_CALL            a=8 b=11 c=6 imm=2  ; line 877
7208 MOVE                 R9 <- R8  ; line 877
7209 HOST_CALL            a=10 b=26 c=9 imm=1  ; line 877
7210 MOVE                 R11 <- R10  ; line 877
7211 MOVE                 R12 <- R4  ; line 878
7212 MOVE                 R13 <- R11  ; line 878
7213 CALL                 a=14 b=127 c=12 imm=2  ; line 878
7214 MOVE                 R15 <- R14  ; line 878
7215 LOAD_CONST           R16 constant[1561]  ; line 879
7216 MOVE                 R17 <- R16  ; line 879
7217 COMPARE              a=17 b=4 c=18 imm=2  ; line 880
7218 JUMP_IF_FALSE        R18 -> 7252  ; line 880
7219 MOVE                 R18 <- R15  ; line 881
7220 MOVE                 R19 <- R17  ; line 881
7221 HOST_CALL            a=20 b=11 c=18 imm=2  ; line 881
7222 MOVE                 R21 <- R20  ; line 881
7223 LOAD_CONST           R22 constant[1562]  ; line 882
7224 MOVE                 R23 <- R22  ; line 882
7225 COMPARE              a=23 b=11 c=24 imm=2  ; line 883
7226 JUMP_IF_FALSE        R24 -> 7248  ; line 883
7227 MOVE                 R24 <- R0  ; line 884
7228 MOVE                 R25 <- R17  ; line 884
7229 HOST_CALL            a=26 b=11 c=24 imm=2  ; line 884
7230 MOVE                 R27 <- R26  ; line 884
7231 MOVE                 R28 <- R23  ; line 884
7232 HOST_CALL            a=29 b=11 c=27 imm=2  ; line 884
7233 MOVE                 R30 <- R1  ; line 884
7234 MOVE                 R31 <- R17  ; line 884
7235 HOST_CALL            a=32 b=11 c=30 imm=2  ; line 884
7236 MOVE                 R33 <- R32  ; line 884
7237 MOVE                 R34 <- R23  ; line 884
7238 HOST_CALL            a=35 b=11 c=33 imm=2  ; line 884
7239 BINARY               a=29 b=35 c=36 imm=0  ; line 884
7240 MOVE                 R37 <- R21  ; line 884
7241 MOVE                 R38 <- R23  ; line 884
7242 MOVE                 R39 <- R36  ; line 884
7243 HOST_CALL            a=40 b=12 c=37 imm=3  ; line 884
7244 LOAD_CONST           R24 constant[1563]  ; line 885
7245 BINARY               a=23 b=24 c=25 imm=0  ; line 885
7246 MOVE                 R23 <- R25  ; line 885
7247 JUMP                 -> 7225  ; line 885
7248 LOAD_CONST           R24 constant[1564]  ; line 887
7249 BINARY               a=17 b=24 c=25 imm=0  ; line 887
7250 MOVE                 R17 <- R25  ; line 887
7251 JUMP                 -> 7217  ; line 887
7252 RETURN               R15  ; line 889
7253 LOAD_CONST           R24 constant[1565]  ; line 889
7254 RETURN               R24  ; line 889
7255 MOVE                 R2 <- R0  ; line 893
7256 HOST_CALL            a=3 b=26 c=2 imm=1  ; line 893
7257 MOVE                 R4 <- R3  ; line 893
7258 LOAD_CONST           R5 constant[1566]  ; line 894
7259 MOVE                 R6 <- R0  ; line 894
7260 MOVE                 R7 <- R5  ; line 894
7261 HOST_CALL            a=8 b=11 c=6 imm=2  ; line 894
7262 MOVE                 R9 <- R8  ; line 894
7263 HOST_CALL            a=10 b=26 c=9 imm=1  ; line 894
7264 MOVE                 R11 <- R10  ; line 894
7265 MOVE                 R12 <- R4  ; line 895
7266 MOVE                 R13 <- R11  ; line 895
7267 CALL                 a=14 b=127 c=12 imm=2  ; line 895
7268 MOVE                 R15 <- R14  ; line 895
7269 LOAD_CONST           R16 constant[1567]  ; line 896
7270 MOVE                 R17 <- R16  ; line 896
7271 COMPARE              a=17 b=4 c=18 imm=2  ; line 897
7272 JUMP_IF_FALSE        R18 -> 7306  ; line 897
7273 MOVE                 R18 <- R15  ; line 898
7274 MOVE                 R19 <- R17  ; line 898
7275 HOST_CALL            a=20 b=11 c=18 imm=2  ; line 898
7276 MOVE                 R21 <- R20  ; line 898
7277 LOAD_CONST           R22 constant[1568]  ; line 899
7278 MOVE                 R23 <- R22  ; line 899
7279 COMPARE              a=23 b=11 c=24 imm=2  ; line 900
7280 JUMP_IF_FALSE        R24 -> 7302  ; line 900
7281 MOVE                 R24 <- R0  ; line 901
7282 MOVE                 R25 <- R17  ; line 901
7283 HOST_CALL            a=26 b=11 c=24 imm=2  ; line 901
7284 MOVE                 R27 <- R26  ; line 901
7285 MOVE                 R28 <- R23  ; line 901
7286 HOST_CALL            a=29 b=11 c=27 imm=2  ; line 901
7287 MOVE                 R30 <- R1  ; line 901
7288 MOVE                 R31 <- R17  ; line 901
7289 HOST_CALL            a=32 b=11 c=30 imm=2  ; line 901
7290 MOVE                 R33 <- R32  ; line 901
7291 MOVE                 R34 <- R23  ; line 901
7292 HOST_CALL            a=35 b=11 c=33 imm=2  ; line 901
7293 BINARY               a=29 b=35 c=36 imm=1  ; line 901
7294 MOVE                 R37 <- R21  ; line 901
7295 MOVE                 R38 <- R23  ; line 901
7296 MOVE                 R39 <- R36  ; line 901
7297 HOST_CALL            a=40 b=12 c=37 imm=3  ; line 901
7298 LOAD_CONST           R24 constant[1569]  ; line 902
7299 BINARY               a=23 b=24 c=25 imm=0  ; line 902
7300 MOVE                 R23 <- R25  ; line 902
7301 JUMP                 -> 7279  ; line 902
7302 LOAD_CONST           R24 constant[1570]  ; line 904
7303 BINARY               a=17 b=24 c=25 imm=0  ; line 904
7304 MOVE                 R17 <- R25  ; line 904
7305 JUMP                 -> 7271  ; line 904
7306 RETURN               R15  ; line 906
7307 LOAD_CONST           R24 constant[1571]  ; line 906
7308 RETURN               R24  ; line 906
7309 MOVE                 R2 <- R0  ; line 910
7310 HOST_CALL            a=3 b=26 c=2 imm=1  ; line 910
7311 MOVE                 R4 <- R3  ; line 910
7312 MOVE                 R5 <- R1  ; line 911
7313 HOST_CALL            a=6 b=26 c=5 imm=1  ; line 911
7314 MOVE                 R7 <- R6  ; line 911
7315 LOAD_CONST           R8 constant[1572]  ; line 912
7316 MOVE                 R9 <- R1  ; line 912
7317 MOVE                 R10 <- R8  ; line 912
7318 HOST_CALL            a=11 b=11 c=9 imm=2  ; line 912
7319 MOVE                 R12 <- R11  ; line 912
7320 HOST_CALL            a=13 b=26 c=12 imm=1  ; line 912
7321 MOVE                 R14 <- R13  ; line 912
7322 MOVE                 R15 <- R4  ; line 913
7323 MOVE                 R16 <- R14  ; line 913
7324 CALL                 a=17 b=127 c=15 imm=2  ; line 913
7325 MOVE                 R18 <- R17  ; line 913
7326 LOAD_CONST           R19 constant[1573]  ; line 914
7327 MOVE                 R20 <- R19  ; line 914
7328 COMPARE              a=20 b=4 c=21 imm=2  ; line 915
7329 JUMP_IF_FALSE        R21 -> 7375  ; line 915
7330 MOVE                 R21 <- R18  ; line 916
7331 MOVE                 R22 <- R20  ; line 916
7332 HOST_CALL            a=23 b=11 c=21 imm=2  ; line 916
7333 MOVE                 R24 <- R23  ; line 916
7334 LOAD_CONST           R25 constant[1574]  ; line 917
7335 MOVE                 R26 <- R25  ; line 917
7336 COMPARE              a=26 b=14 c=27 imm=2  ; line 918
7337 JUMP_IF_FALSE        R27 -> 7371  ; line 918
7338 LOAD_CONST           R27 constant[1575]  ; line 919
7339 MOVE                 R28 <- R27  ; line 919
7340 LOAD_CONST           R29 constant[1576]  ; line 920
7341 MOVE                 R30 <- R29  ; line 920
7342 COMPARE              a=30 b=7 c=31 imm=2  ; line 921
7343 JUMP_IF_FALSE        R31 -> 7363  ; line 921
7344 MOVE                 R31 <- R0  ; line 922
7345 MOVE                 R32 <- R20  ; line 922
7346 HOST_CALL            a=33 b=11 c=31 imm=2  ; line 922
7347 MOVE                 R34 <- R33  ; line 922
7348 MOVE                 R35 <- R30  ; line 922
7349 HOST_CALL            a=36 b=11 c=34 imm=2  ; line 922
7350 MOVE                 R37 <- R1  ; line 922
7351 MOVE                 R38 <- R30  ; line 922
7352 HOST_CALL            a=39 b=11 c=37 imm=2  ; line 922
7353 MOVE                 R40 <- R39  ; line 922
7354 MOVE                 R41 <- R26  ; line 922
7355 HOST_CALL            a=42 b=11 c=40 imm=2  ; line 922
7356 BINARY               a=36 b=42 c=43 imm=2  ; line 922
7357 BINARY               a=28 b=43 c=44 imm=0  ; line 922
7358 MOVE                 R28 <- R44  ; line 922
7359 LOAD_CONST           R31 constant[1577]  ; line 923
7360 BINARY               a=30 b=31 c=32 imm=0  ; line 923
7361 MOVE                 R30 <- R32  ; line 923
7362 JUMP                 -> 7342  ; line 923
7363 MOVE                 R31 <- R24  ; line 925
7364 MOVE                 R32 <- R26  ; line 925
7365 MOVE                 R33 <- R28  ; line 925
7366 HOST_CALL            a=34 b=12 c=31 imm=3  ; line 925
7367 LOAD_CONST           R31 constant[1578]  ; line 926
7368 BINARY               a=26 b=31 c=32 imm=0  ; line 926
7369 MOVE                 R26 <- R32  ; line 926
7370 JUMP                 -> 7336  ; line 926
7371 LOAD_CONST           R31 constant[1579]  ; line 928
7372 BINARY               a=20 b=31 c=32 imm=0  ; line 928
7373 MOVE                 R20 <- R32  ; line 928
7374 JUMP                 -> 7328  ; line 928
7375 RETURN               R18  ; line 930
7376 LOAD_CONST           R31 constant[1580]  ; line 930
7377 RETURN               R31  ; line 930
7378 MOVE                 R2 <- R0  ; line 934
7379 HOST_CALL            a=3 b=26 c=2 imm=1  ; line 934
7380 MOVE                 R4 <- R3  ; line 934
7381 MOVE                 R5 <- R1  ; line 935
7382 HOST_CALL            a=6 b=26 c=5 imm=1  ; line 935
7383 MOVE                 R7 <- R6  ; line 935
7384 MOVE                 R8 <- R4  ; line 936
7385 CALL                 a=9 b=110 c=8 imm=1  ; line 936
7386 MOVE                 R10 <- R9  ; line 936
7387 LOAD_CONST           R11 constant[1581]  ; line 937
7388 MOVE                 R12 <- R11  ; line 937
7389 COMPARE              a=12 b=4 c=13 imm=2  ; line 938
7390 JUMP_IF_FALSE        R13 -> 7421  ; line 938
7391 LOAD_CONST           R13 constant[1582]  ; line 939
7392 MOVE                 R14 <- R13  ; line 939
7393 LOAD_CONST           R15 constant[1583]  ; line 940
7394 MOVE                 R16 <- R15  ; line 940
7395 COMPARE              a=16 b=7 c=17 imm=2  ; line 941
7396 JUMP_IF_FALSE        R17 -> 7413  ; line 941
7397 MOVE                 R17 <- R0  ; line 942
7398 MOVE                 R18 <- R12  ; line 942
7399 HOST_CALL            a=19 b=11 c=17 imm=2  ; line 942
7400 MOVE                 R20 <- R19  ; line 942
7401 MOVE                 R21 <- R16  ; line 942
7402 HOST_CALL            a=22 b=11 c=20 imm=2  ; line 942
7403 MOVE                 R23 <- R1  ; line 942
7404 MOVE                 R24 <- R16  ; line 942
7405 HOST_CALL            a=25 b=11 c=23 imm=2  ; line 942
7406 BINARY               a=22 b=25 c=26 imm=2  ; line 942
7407 BINARY               a=14 b=26 c=27 imm=0  ; line 942
7408 MOVE                 R14 <- R27  ; line 942
7409 LOAD_CONST           R17 constant[1584]  ; line 943
7410 BINARY               a=16 b=17 c=18 imm=0  ; line 943
7411 MOVE                 R16 <- R18  ; line 943
7412 JUMP                 -> 7395  ; line 943
7413 MOVE                 R17 <- R10  ; line 945
7414 MOVE                 R18 <- R12  ; line 945
7415 MOVE                 R19 <- R14  ; line 945
7416 HOST_CALL            a=20 b=12 c=17 imm=3  ; line 945
7417 LOAD_CONST           R17 constant[1585]  ; line 946
7418 BINARY               a=12 b=17 c=18 imm=0  ; line 946
7419 MOVE                 R12 <- R18  ; line 946
7420 JUMP                 -> 7389  ; line 946
7421 RETURN               R10  ; line 948
7422 LOAD_CONST           R17 constant[1586]  ; line 948
7423 RETURN               R17  ; line 948
7424 MOVE                 R2 <- R0  ; line 952
7425 HOST_CALL            a=3 b=26 c=2 imm=1  ; line 952
7426 MOVE                 R4 <- R3  ; line 952
7427 CALL                 a=5 b=110 c=4 imm=1  ; line 952
7428 MOVE                 R6 <- R5  ; line 952
7429 LOAD_CONST           R7 constant[1587]  ; line 953
7430 MOVE                 R8 <- R7  ; line 953
7431 MOVE                 R9 <- R0  ; line 954
7432 HOST_CALL            a=10 b=26 c=9 imm=1  ; line 954
7433 COMPARE              a=8 b=10 c=11 imm=2  ; line 954
7434 JUMP_IF_FALSE        R11 -> 7450  ; line 954
7435 MOVE                 R9 <- R0  ; line 955
7436 MOVE                 R10 <- R8  ; line 955
7437 HOST_CALL            a=11 b=11 c=9 imm=2  ; line 955
7438 MOVE                 R12 <- R1  ; line 955
7439 MOVE                 R13 <- R8  ; line 955
7440 HOST_CALL            a=14 b=11 c=12 imm=2  ; line 955
7441 BINARY               a=11 b=14 c=15 imm=0  ; line 955
7442 MOVE                 R16 <- R6  ; line 955
7443 MOVE                 R17 <- R8  ; line 955
7444 MOVE                 R18 <- R15  ; line 955
7445 HOST_CALL            a=19 b=12 c=16 imm=3  ; line 955
7446 LOAD_CONST           R9 constant[1588]  ; line 956
7447 BINARY               a=8 b=9 c=10 imm=0  ; line 956
7448 MOVE                 R8 <- R10  ; line 956
7449 JUMP                 -> 7431  ; line 956
7450 RETURN               R6  ; line 958
7451 LOAD_CONST           R9 constant[1589]  ; line 958
7452 RETURN               R9  ; line 958
7453 MOVE                 R2 <- R0  ; line 962
7454 HOST_CALL            a=3 b=26 c=2 imm=1  ; line 962
7455 MOVE                 R4 <- R3  ; line 962
7456 CALL                 a=5 b=110 c=4 imm=1  ; line 962
7457 MOVE                 R6 <- R5  ; line 962
7458 LOAD_CONST           R7 constant[1590]  ; line 963
7459 MOVE                 R8 <- R7  ; line 963
7460 MOVE                 R9 <- R0  ; line 964
7461 HOST_CALL            a=10 b=26 c=9 imm=1  ; line 964
7462 COMPARE              a=8 b=10 c=11 imm=2  ; line 964
7463 JUMP_IF_FALSE        R11 -> 7479  ; line 964
7464 MOVE                 R9 <- R0  ; line 965
7465 MOVE                 R10 <- R8  ; line 965
7466 HOST_CALL            a=11 b=11 c=9 imm=2  ; line 965
7467 MOVE                 R12 <- R1  ; line 965
7468 MOVE                 R13 <- R8  ; line 965
7469 HOST_CALL            a=14 b=11 c=12 imm=2  ; line 965
7470 BINARY               a=11 b=14 c=15 imm=1  ; line 965
7471 MOVE                 R16 <- R6  ; line 965
7472 MOVE                 R17 <- R8  ; line 965
7473 MOVE                 R18 <- R15  ; line 965
7474 HOST_CALL            a=19 b=12 c=16 imm=3  ; line 965
7475 LOAD_CONST           R9 constant[1591]  ; line 966
7476 BINARY               a=8 b=9 c=10 imm=0  ; line 966
7477 MOVE                 R8 <- R10  ; line 966
7478 JUMP                 -> 7460  ; line 966
7479 RETURN               R6  ; line 968
7480 LOAD_CONST           R9 constant[1592]  ; line 968
7481 RETURN               R9  ; line 968
7482 MOVE                 R1 <- R0  ; line 972
7483 HOST_CALL            a=2 b=26 c=1 imm=1  ; line 972
7484 MOVE                 R3 <- R2  ; line 972
7485 MOVE                 R4 <- R3  ; line 973
7486 MOVE                 R5 <- R3  ; line 973
7487 CALL                 a=6 b=127 c=4 imm=2  ; line 973
7488 MOVE                 R7 <- R6  ; line 973
7489 MOVE                 R8 <- R3  ; line 974
7490 CALL                 a=9 b=128 c=8 imm=1  ; line 974
7491 MOVE                 R10 <- R9  ; line 974
7492 LOAD_CONST           R11 constant[1593]  ; line 975
7493 MOVE                 R12 <- R11  ; line 975
7494 COMPARE              a=12 b=3 c=13 imm=2  ; line 976
7495 JUMP_IF_FALSE        R13 -> 7522  ; line 976
7496 MOVE                 R13 <- R7  ; line 977
7497 MOVE                 R14 <- R12  ; line 977
7498 HOST_CALL            a=15 b=11 c=13 imm=2  ; line 977
7499 MOVE                 R16 <- R15  ; line 977
7500 LOAD_CONST           R17 constant[1594]  ; line 978
7501 MOVE                 R18 <- R17  ; line 978
7502 COMPARE              a=18 b=3 c=19 imm=2  ; line 979
7503 JUMP_IF_FALSE        R19 -> 7518  ; line 979
7504 MOVE                 R19 <- R0  ; line 980
7505 MOVE                 R20 <- R12  ; line 980
7506 HOST_CALL            a=21 b=11 c=19 imm=2  ; line 980
7507 MOVE                 R22 <- R21  ; line 980
7508 MOVE                 R23 <- R18  ; line 980
7509 HOST_CALL            a=24 b=11 c=22 imm=2  ; line 980
7510 MOVE                 R25 <- R16  ; line 980
7511 MOVE                 R26 <- R18  ; line 980
7512 MOVE                 R27 <- R24  ; line 980
7513 HOST_CALL            a=28 b=12 c=25 imm=3  ; line 980
7514 LOAD_CONST           R19 constant[1595]  ; line 981
7515 BINARY               a=18 b=19 c=20 imm=0  ; line 981
7516 MOVE                 R18 <- R20  ; line 981
7517 JUMP                 -> 7502  ; line 981
7518 LOAD_CONST           R19 constant[1596]  ; line 983
7519 BINARY               a=12 b=19 c=20 imm=0  ; line 983
7520 MOVE                 R12 <- R20  ; line 983
7521 JUMP                 -> 7494  ; line 983
7522 LOAD_CONST           R19 constant[1597]  ; line 985
7523 MOVE                 R20 <- R19  ; line 985
7524 COMPARE              a=20 b=3 c=21 imm=2  ; line 986
7525 JUMP_IF_FALSE        R21 -> 7717  ; line 986
7526 MOVE                 R21 <- R20  ; line 987
7527 LOAD_CONST           R22 constant[1598]  ; line 988
7528 BINARY               a=20 b=22 c=23 imm=0  ; line 988
7529 MOVE                 R24 <- R23  ; line 988
7530 COMPARE              a=24 b=3 c=25 imm=2  ; line 989
7531 JUMP_IF_FALSE        R25 -> 7556  ; line 989
7532 MOVE                 R25 <- R7  ; line 990
7533 MOVE                 R26 <- R24  ; line 990
7534 HOST_CALL            a=27 b=11 c=25 imm=2  ; line 990
7535 MOVE                 R28 <- R27  ; line 990
7536 MOVE                 R29 <- R20  ; line 990
7537 HOST_CALL            a=30 b=11 c=28 imm=2  ; line 990
7538 MOVE                 R31 <- R30  ; line 990
7539 CALL                 a=32 b=103 c=31 imm=1  ; line 990
7540 MOVE                 R33 <- R7  ; line 990
7541 MOVE                 R34 <- R21  ; line 990
7542 HOST_CALL            a=35 b=11 c=33 imm=2  ; line 990
7543 MOVE                 R36 <- R35  ; line 990
7544 MOVE                 R37 <- R20  ; line 990
7545 HOST_CALL            a=38 b=11 c=36 imm=2  ; line 990
7546 MOVE                 R39 <- R38  ; line 990
7547 CALL                 a=40 b=103 c=39 imm=1  ; line 990
7548 COMPARE              a=32 b=40 c=41 imm=4  ; line 990
7549 JUMP_IF_FALSE        R41 -> 7552  ; line 990
7550 MOVE                 R21 <- R24  ; line 991
7551 JUMP                 -> 7552  ; line 991
7552 LOAD_CONST           R25 constant[1599]  ; line 993
7553 BINARY               a=24 b=25 c=26 imm=0  ; line 993
7554 MOVE                 R24 <- R26  ; line 993
7555 JUMP                 -> 7530  ; line 993
7556 MOVE                 R25 <- R7  ; line 995
7557 MOVE                 R26 <- R21  ; line 995
7558 HOST_CALL            a=27 b=11 c=25 imm=2  ; line 995
7559 MOVE                 R28 <- R27  ; line 995
7560 MOVE                 R29 <- R20  ; line 995
7561 HOST_CALL            a=30 b=11 c=28 imm=2  ; line 995
7562 MOVE                 R31 <- R30  ; line 995
7563 CALL                 a=32 b=103 c=31 imm=1  ; line 995
7564 LOAD_CONST           R33 constant[1600]  ; line 995
7565 COMPARE              a=32 b=33 c=34 imm=2  ; line 995
7566 JUMP_IF_FALSE        R34 -> 7586  ; line 995
7567 LOAD_CONST           R25 constant[1601]  ; line 996
7568 LOAD_CONST           R26 constant[1602]  ; line 996
7569 LOAD_CONST           R27 constant[1603]  ; line 996
7570 LOAD_CONST           R28 constant[1604]  ; line 996
7571 LOAD_CONST           R29 constant[1605]  ; line 996
7572 LOAD_CONST           R30 constant[1606]  ; line 996
7573 LOAD_CONST           R31 constant[1607]  ; line 996
7574 MOVE                 R32 <- R26  ; line 996
7575 MOVE                 R33 <- R27  ; line 996
7576 MOVE                 R34 <- R28  ; line 996
7577 MOVE                 R35 <- R29  ; line 996
7578 MOVE                 R36 <- R30  ; line 996
7579 MOVE                 R37 <- R31  ; line 996
7580 HOST_CALL            a=38 b=6 c=32 imm=6  ; line 996
7581 MOVE                 R39 <- R25  ; line 996
7582 MOVE                 R40 <- R38  ; line 996
7583 ARRAY_NEW            a=41 b=39 c=2 imm=4294967295  ; line 996
7584 RETURN               R41  ; line 996
7585 JUMP                 -> 7586  ; line 996
7586 COMPARE              a=21 b=20 c=25 imm=1  ; line 998
7587 JUMP_IF_FALSE        R25 -> 7619  ; line 998
7588 MOVE                 R25 <- R7  ; line 999
7589 MOVE                 R26 <- R20  ; line 999
7590 HOST_CALL            a=27 b=11 c=25 imm=2  ; line 999
7591 MOVE                 R28 <- R27  ; line 999
7592 MOVE                 R29 <- R7  ; line 1000
7593 MOVE                 R30 <- R21  ; line 1000
7594 HOST_CALL            a=31 b=11 c=29 imm=2  ; line 1000
7595 MOVE                 R32 <- R7  ; line 1000
7596 MOVE                 R33 <- R20  ; line 1000
7597 MOVE                 R34 <- R31  ; line 1000
7598 HOST_CALL            a=35 b=12 c=32 imm=3  ; line 1000
7599 MOVE                 R29 <- R7  ; line 1001
7600 MOVE                 R30 <- R21  ; line 1001
7601 MOVE                 R31 <- R28  ; line 1001
7602 HOST_CALL            a=32 b=12 c=29 imm=3  ; line 1001
7603 MOVE                 R29 <- R10  ; line 1002
7604 MOVE                 R30 <- R20  ; line 1002
7605 HOST_CALL            a=31 b=11 c=29 imm=2  ; line 1002
7606 MOVE                 R32 <- R31  ; line 1002
7607 MOVE                 R33 <- R10  ; line 1003
7608 MOVE                 R34 <- R21  ; line 1003
7609 HOST_CALL            a=35 b=11 c=33 imm=2  ; line 1003
7610 MOVE                 R36 <- R10  ; line 1003
7611 MOVE                 R37 <- R20  ; line 1003
7612 MOVE                 R38 <- R35  ; line 1003
7613 HOST_CALL            a=39 b=12 c=36 imm=3  ; line 1003
7614 MOVE                 R33 <- R10  ; line 1004
7615 MOVE                 R34 <- R21  ; line 1004
7616 MOVE                 R35 <- R32  ; line 1004
7617 HOST_CALL            a=36 b=12 c=33 imm=3  ; line 1004
7618 JUMP                 -> 7619  ; line 1004
7619 MOVE                 R33 <- R7  ; line 1006
7620 MOVE                 R34 <- R20  ; line 1006
7621 HOST_CALL            a=35 b=11 c=33 imm=2  ; line 1006
7622 MOVE                 R36 <- R35  ; line 1006
7623 MOVE                 R37 <- R10  ; line 1007
7624 MOVE                 R38 <- R20  ; line 1007
7625 HOST_CALL            a=39 b=11 c=37 imm=2  ; line 1007
7626 MOVE                 R40 <- R39  ; line 1007
7627 MOVE                 R41 <- R36  ; line 1008
7628 MOVE                 R42 <- R20  ; line 1008
7629 HOST_CALL            a=43 b=11 c=41 imm=2  ; line 1008
7630 MOVE                 R44 <- R43  ; line 1008
7631 LOAD_CONST           R45 constant[1608]  ; line 1009
7632 MOVE                 R46 <- R45  ; line 1009
7633 COMPARE              a=46 b=3 c=47 imm=2  ; line 1010
7634 JUMP_IF_FALSE        R47 -> 7655  ; line 1010
7635 MOVE                 R47 <- R36  ; line 1011
7636 MOVE                 R48 <- R46  ; line 1011
7637 HOST_CALL            a=49 b=11 c=47 imm=2  ; line 1011
7638 BINARY               a=49 b=44 c=50 imm=3  ; line 1011
7639 MOVE                 R51 <- R36  ; line 1011
7640 MOVE                 R52 <- R46  ; line 1011
7641 MOVE                 R53 <- R50  ; line 1011
7642 HOST_CALL            a=54 b=12 c=51 imm=3  ; line 1011
7643 MOVE                 R47 <- R40  ; line 1012
7644 MOVE                 R48 <- R46  ; line 1012
7645 HOST_CALL            a=49 b=11 c=47 imm=2  ; line 1012
7646 BINARY               a=49 b=44 c=50 imm=3  ; line 1012
7647 MOVE                 R51 <- R40  ; line 1012
7648 MOVE                 R52 <- R46  ; line 1012
7649 MOVE                 R53 <- R50  ; line 1012
7650 HOST_CALL            a=54 b=12 c=51 imm=3  ; line 1012
7651 LOAD_CONST           R47 constant[1609]  ; line 1013
7652 BINARY               a=46 b=47 c=48 imm=0  ; line 1013
7653 MOVE                 R46 <- R48  ; line 1013
7654 JUMP                 -> 7633  ; line 1013
7655 LOAD_CONST           R47 constant[1610]  ; line 1015
7656 MOVE                 R12 <- R47  ; line 1015
7657 COMPARE              a=12 b=3 c=47 imm=2  ; line 1016
7658 JUMP_IF_FALSE        R47 -> 7713  ; line 1016
7659 COMPARE              a=12 b=20 c=47 imm=1  ; line 1017
7660 JUMP_IF_FALSE        R47 -> 7709  ; line 1017
7661 MOVE                 R47 <- R7  ; line 1018
7662 MOVE                 R48 <- R12  ; line 1018
7663 HOST_CALL            a=49 b=11 c=47 imm=2  ; line 1018
7664 MOVE                 R50 <- R49  ; line 1018
7665 MOVE                 R51 <- R20  ; line 1018
7666 HOST_CALL            a=52 b=11 c=50 imm=2  ; line 1018
7667 MOVE                 R53 <- R52  ; line 1018
7668 MOVE                 R54 <- R7  ; line 1019
7669 MOVE                 R55 <- R12  ; line 1019
7670 HOST_CALL            a=56 b=11 c=54 imm=2  ; line 1019
7671 MOVE                 R57 <- R56  ; line 1019
7672 MOVE                 R58 <- R10  ; line 1020
7673 MOVE                 R59 <- R12  ; line 1020
7674 HOST_CALL            a=60 b=11 c=58 imm=2  ; line 1020
7675 MOVE                 R61 <- R60  ; line 1020
7676 LOAD_CONST           R62 constant[1611]  ; line 1021
7677 MOVE                 R46 <- R62  ; line 1021
7678 COMPARE              a=46 b=3 c=62 imm=2  ; line 1022
7679 JUMP_IF_FALSE        R62 -> 7708  ; line 1022
7680 MOVE                 R62 <- R57  ; line 1023
7681 MOVE                 R63 <- R46  ; line 1023
7682 HOST_CALL            a=64 b=11 c=62 imm=2  ; line 1023
7683 MOVE                 R65 <- R36  ; line 1023
7684 MOVE                 R66 <- R46  ; line 1023
7685 HOST_CALL            a=67 b=11 c=65 imm=2  ; line 1023
7686 BINARY               a=53 b=67 c=68 imm=2  ; line 1023
7687 BINARY               a=64 b=68 c=69 imm=1  ; line 1023
7688 MOVE                 R70 <- R57  ; line 1023
7689 MOVE                 R71 <- R46  ; line 1023
7690 MOVE                 R72 <- R69  ; line 1023
7691 HOST_CALL            a=73 b=12 c=70 imm=3  ; line 1023
7692 MOVE                 R62 <- R61  ; line 1024
7693 MOVE                 R63 <- R46  ; line 1024
7694 HOST_CALL            a=64 b=11 c=62 imm=2  ; line 1024
7695 MOVE                 R65 <- R40  ; line 1024
7696 MOVE                 R66 <- R46  ; line 1024
7697 HOST_CALL            a=67 b=11 c=65 imm=2  ; line 1024
7698 BINARY               a=53 b=67 c=68 imm=2  ; line 1024
7699 BINARY               a=64 b=68 c=69 imm=1  ; line 1024
7700 MOVE                 R70 <- R61  ; line 1024
7701 MOVE                 R71 <- R46  ; line 1024
7702 MOVE                 R72 <- R69  ; line 1024
7703 HOST_CALL            a=73 b=12 c=70 imm=3  ; line 1024
7704 LOAD_CONST           R62 constant[1612]  ; line 1025
7705 BINARY               a=46 b=62 c=63 imm=0  ; line 1025
7706 MOVE                 R46 <- R63  ; line 1025
7707 JUMP                 -> 7678  ; line 1025
7708 JUMP                 -> 7709  ; line 1025
7709 LOAD_CONST           R62 constant[1613]  ; line 1028
7710 BINARY               a=12 b=62 c=63 imm=0  ; line 1028
7711 MOVE                 R12 <- R63  ; line 1028
7712 JUMP                 -> 7657  ; line 1028
7713 LOAD_CONST           R62 constant[1614]  ; line 1030
7714 BINARY               a=20 b=62 c=63 imm=0  ; line 1030
7715 MOVE                 R20 <- R63  ; line 1030
7716 JUMP                 -> 7524  ; line 1030
7717 LOAD_CONST           R62 constant[1615]  ; line 1032
7718 MOVE                 R63 <- R62  ; line 1032
7719 MOVE                 R64 <- R10  ; line 1032
7720 ARRAY_NEW            a=65 b=63 c=2 imm=4294967295  ; line 1032
7721 RETURN               R65  ; line 1032
7722 LOAD_CONST           R66 constant[1616]  ; line 1032
7723 RETURN               R66  ; line 1032
7724 MOVE                 R2 <- R0  ; line 1036
7725 HOST_CALL            a=3 b=61 c=2 imm=1  ; line 1036
7726 LOAD_CONST           R4 constant[1617]  ; line 1036
7727 MOVE                 R5 <- R3  ; line 1036
7728 MOVE                 R6 <- R4  ; line 1036
7729 HOST_CALL            a=7 b=11 c=5 imm=2  ; line 1036
7730 MOVE                 R8 <- R7  ; line 1036
7731 MOVE                 R9 <- R8  ; line 1037
7732 CALL                 a=10 b=110 c=9 imm=1  ; line 1037
7733 MOVE                 R11 <- R10  ; line 1037
7734 LOAD_CONST           R12 constant[1618]  ; line 1038
7735 MOVE                 R13 <- R12  ; line 1038
7736 COMPARE              a=13 b=8 c=14 imm=2  ; line 1039
7737 JUMP_IF_FALSE        R14 -> 7752  ; line 1039
7738 MOVE                 R14 <- R1  ; line 1040
7739 MOVE                 R15 <- R13  ; line 1040
7740 ARRAY_NEW            a=16 b=14 c=2 imm=4294967295  ; line 1040
7741 MOVE                 R17 <- R0  ; line 1040
7742 MOVE                 R18 <- R16  ; line 1040
7743 HOST_CALL            a=19 b=11 c=17 imm=2  ; line 1040
7744 MOVE                 R20 <- R11  ; line 1040
7745 MOVE                 R21 <- R13  ; line 1040
7746 MOVE                 R22 <- R19  ; line 1040
7747 HOST_CALL            a=23 b=12 c=20 imm=3  ; line 1040
7748 LOAD_CONST           R14 constant[1619]  ; line 1041
7749 BINARY               a=13 b=14 c=15 imm=0  ; line 1041
7750 MOVE                 R13 <- R15  ; line 1041
7751 JUMP                 -> 7736  ; line 1041
7752 RETURN               R11  ; line 1043
7753 LOAD_CONST           R14 constant[1620]  ; line 1043
7754 RETURN               R14  ; line 1043
7755 LOAD_CONST           R2 constant[1621]  ; line 1047
7756 MOVE                 R3 <- R1  ; line 1047
7757 MOVE                 R4 <- R2  ; line 1047
7758 HOST_CALL            a=5 b=11 c=3 imm=2  ; line 1047
7759 MOVE                 R6 <- R5  ; line 1047
7760 CALL                 a=7 b=129 c=6 imm=1  ; line 1047
7761 MOVE                 R8 <- R7  ; line 1047
7762 LOAD_CONST           R9 constant[1622]  ; line 1048
7763 MOVE                 R10 <- R1  ; line 1048
7764 MOVE                 R11 <- R9  ; line 1048
7765 HOST_CALL            a=12 b=11 c=10 imm=2  ; line 1048
7766 MOVE                 R13 <- R12  ; line 1048
7767 CALL                 a=14 b=129 c=13 imm=1  ; line 1048
7768 MOVE                 R15 <- R14  ; line 1048
7769 LOAD_CONST           R16 constant[1623]  ; line 1049
7770 MOVE                 R17 <- R1  ; line 1049
7771 MOVE                 R18 <- R16  ; line 1049
7772 HOST_CALL            a=19 b=11 c=17 imm=2  ; line 1049
7773 MOVE                 R20 <- R19  ; line 1049
7774 CALL                 a=21 b=129 c=20 imm=1  ; line 1049
7775 MOVE                 R22 <- R21  ; line 1049
7776 LOAD_CONST           R23 constant[1624]  ; line 1050
7777 MOVE                 R24 <- R1  ; line 1050
7778 MOVE                 R25 <- R23  ; line 1050
7779 HOST_CALL            a=26 b=11 c=24 imm=2  ; line 1050
7780 MOVE                 R27 <- R26  ; line 1050
7781 CALL                 a=28 b=129 c=27 imm=1  ; line 1050
7782 MOVE                 R29 <- R28  ; line 1050
7783 LOAD_CONST           R30 constant[1625]  ; line 1051
7784 MOVE                 R31 <- R1  ; line 1051
7785 MOVE                 R32 <- R30  ; line 1051
7786 HOST_CALL            a=33 b=11 c=31 imm=2  ; line 1051
7787 MOVE                 R34 <- R33  ; line 1051
7788 CALL                 a=35 b=130 c=34 imm=1  ; line 1051
7789 MOVE                 R36 <- R35  ; line 1051
7790 LOAD_CONST           R37 constant[1626]  ; line 1052
7791 MOVE                 R38 <- R1  ; line 1052
7792 MOVE                 R39 <- R37  ; line 1052
7793 HOST_CALL            a=40 b=11 c=38 imm=2  ; line 1052
7794 MOVE                 R41 <- R40  ; line 1052
7795 CALL                 a=42 b=129 c=41 imm=1  ; line 1052
7796 MOVE                 R43 <- R42  ; line 1052
7797 MOVE                 R44 <- R36  ; line 1053
7798 HOST_CALL            a=45 b=26 c=44 imm=1  ; line 1053
7799 MOVE                 R46 <- R45  ; line 1053
7800 CALL                 a=47 b=128 c=46 imm=1  ; line 1053
7801 MOVE                 R48 <- R47  ; line 1053
7802 LOAD_CONST           R49 constant[1627]  ; line 1054
7803 MOVE                 R50 <- R49  ; line 1054
7804 HOST_CALL            a=51 b=22 c=50 imm=1  ; line 1054
7805 MOVE                 R52 <- R51  ; line 1054
7806 LOAD_CONST           R53 constant[1628]  ; line 1055
7807 MOVE                 R54 <- R53  ; line 1055
7808 HOST_CALL            a=55 b=22 c=54 imm=1  ; line 1055
7809 MOVE                 R56 <- R55  ; line 1055
7810 LOAD_CONST           R57 constant[1629]  ; line 1056
7811 MOVE                 R58 <- R57  ; line 1056
7812 HOST_CALL            a=59 b=22 c=58 imm=1  ; line 1056
7813 MOVE                 R60 <- R59  ; line 1056
7814 LOAD_CONST           R61 constant[1630]  ; line 1057
7815 MOVE                 R62 <- R61  ; line 1057
7816 HOST_CALL            a=63 b=22 c=62 imm=1  ; line 1057
7817 MOVE                 R64 <- R63  ; line 1057
7818 LOAD_CONST           R65 constant[1631]  ; line 1058
7819 MOVE                 R66 <- R65  ; line 1058
7820 MOVE                 R67 <- R0  ; line 1059
7821 HOST_CALL            a=68 b=61 c=67 imm=1  ; line 1059
7822 LOAD_CONST           R69 constant[1632]  ; line 1059
7823 MOVE                 R70 <- R68  ; line 1059
7824 MOVE                 R71 <- R69  ; line 1059
7825 HOST_CALL            a=72 b=11 c=70 imm=2  ; line 1059
7826 COMPARE              a=66 b=72 c=73 imm=2  ; line 1059
7827 JUMP_IF_FALSE        R73 -> 7923  ; line 1059
7828 MOVE                 R67 <- R8  ; line 1060
7829 MOVE                 R68 <- R36  ; line 1060
7830 CALL                 a=69 b=135 c=67 imm=2  ; line 1060
7831 MOVE                 R70 <- R69  ; line 1060
7832 MOVE                 R71 <- R8  ; line 1061
7833 MOVE                 R72 <- R43  ; line 1061
7834 CALL                 a=73 b=134 c=71 imm=2  ; line 1061
7835 MOVE                 R74 <- R8  ; line 1061
7836 CALL                 a=75 b=131 c=74 imm=1  ; line 1061
7837 MOVE                 R76 <- R73  ; line 1061
7838 MOVE                 R77 <- R75  ; line 1061
7839 CALL                 a=78 b=134 c=76 imm=2  ; line 1061
7840 MOVE                 R79 <- R78  ; line 1061
7841 MOVE                 R80 <- R22  ; line 1061
7842 CALL                 a=81 b=132 c=79 imm=2  ; line 1061
7843 MOVE                 R82 <- R81  ; line 1061
7844 MOVE                 R83 <- R0  ; line 1062
7845 MOVE                 R84 <- R66  ; line 1062
7846 CALL                 a=85 b=139 c=83 imm=2  ; line 1062
7847 MOVE                 R86 <- R15  ; line 1062
7848 MOVE                 R87 <- R70  ; line 1062
7849 CALL                 a=88 b=135 c=86 imm=2  ; line 1062
7850 MOVE                 R89 <- R85  ; line 1062
7851 MOVE                 R90 <- R88  ; line 1062
7852 CALL                 a=91 b=137 c=89 imm=2  ; line 1062
7853 MOVE                 R92 <- R91  ; line 1062
7854 MOVE                 R93 <- R15  ; line 1063
7855 MOVE                 R94 <- R82  ; line 1063
7856 CALL                 a=95 b=134 c=93 imm=2  ; line 1063
7857 MOVE                 R96 <- R15  ; line 1063
7858 CALL                 a=97 b=131 c=96 imm=1  ; line 1063
7859 MOVE                 R98 <- R95  ; line 1063
7860 MOVE                 R99 <- R97  ; line 1063
7861 CALL                 a=100 b=134 c=98 imm=2  ; line 1063
7862 MOVE                 R101 <- R100  ; line 1063
7863 MOVE                 R102 <- R29  ; line 1063
7864 CALL                 a=103 b=132 c=101 imm=2  ; line 1063
7865 MOVE                 R104 <- R103  ; line 1063
7866 MOVE                 R105 <- R104  ; line 1064
7867 CALL                 a=106 b=138 c=105 imm=1  ; line 1064
7868 MOVE                 R107 <- R106  ; line 1064
7869 LOAD_CONST           R108 constant[1633]  ; line 1065
7870 MOVE                 R109 <- R107  ; line 1065
7871 MOVE                 R110 <- R108  ; line 1065
7872 HOST_CALL            a=111 b=11 c=109 imm=2  ; line 1065
7873 UNARY                a=111 b=112 c=4294967295 imm=1  ; line 1065
7874 JUMP_IF_FALSE        R112 -> 7877  ; line 1065
7875 RETURN               R107  ; line 1065
7876 JUMP                 -> 7877  ; line 1065
7877 MOVE                 R108 <- R15  ; line 1066
7878 CALL                 a=109 b=131 c=108 imm=1  ; line 1066
7879 MOVE                 R110 <- R82  ; line 1066
7880 MOVE                 R111 <- R109  ; line 1066
7881 CALL                 a=112 b=134 c=110 imm=2  ; line 1066
7882 LOAD_CONST           R113 constant[1634]  ; line 1066
7883 MOVE                 R114 <- R107  ; line 1066
7884 MOVE                 R115 <- R113  ; line 1066
7885 HOST_CALL            a=116 b=11 c=114 imm=2  ; line 1066
7886 MOVE                 R117 <- R112  ; line 1066
7887 MOVE                 R118 <- R116  ; line 1066
7888 CALL                 a=119 b=134 c=117 imm=2  ; line 1066
7889 MOVE                 R120 <- R119  ; line 1066
7890 MOVE                 R121 <- R120  ; line 1067
7891 MOVE                 R122 <- R92  ; line 1067
7892 CALL                 a=123 b=135 c=121 imm=2  ; line 1067
7893 MOVE                 R124 <- R70  ; line 1067
7894 MOVE                 R125 <- R123  ; line 1067
7895 CALL                 a=126 b=136 c=124 imm=2  ; line 1067
7896 MOVE                 R36 <- R126  ; line 1067
7897 MOVE                 R121 <- R120  ; line 1068
7898 MOVE                 R122 <- R15  ; line 1068
7899 CALL                 a=123 b=134 c=121 imm=2  ; line 1068
7900 MOVE                 R124 <- R48  ; line 1068
7901 MOVE                 R125 <- R123  ; line 1068
7902 CALL                 a=126 b=133 c=124 imm=2  ; line 1068
7903 MOVE                 R127 <- R126  ; line 1068
7904 MOVE                 R128 <- R82  ; line 1068
7905 CALL                 a=129 b=134 c=127 imm=2  ; line 1068
7906 MOVE                 R43 <- R129  ; line 1068
7907 MOVE                 R121 <- R60  ; line 1069
7908 MOVE                 R122 <- R70  ; line 1069
7909 HOST_CALL            a=123 b=23 c=121 imm=2  ; line 1069
7910 MOVE                 R121 <- R64  ; line 1070
7911 MOVE                 R122 <- R82  ; line 1070
7912 HOST_CALL            a=123 b=23 c=121 imm=2  ; line 1070
7913 MOVE                 R121 <- R52  ; line 1071
7914 MOVE                 R122 <- R36  ; line 1071
7915 HOST_CALL            a=123 b=23 c=121 imm=2  ; line 1071
7916 MOVE                 R121 <- R56  ; line 1072
7917 MOVE                 R122 <- R43  ; line 1072
7918 HOST_CALL            a=123 b=23 c=121 imm=2  ; line 1072
7919 LOAD_CONST           R121 constant[1635]  ; line 1073
7920 BINARY               a=66 b=121 c=122 imm=0  ; line 1073
7921 MOVE                 R66 <- R122  ; line 1073
7922 JUMP                 -> 7820  ; line 1073
7923 LOAD_CONST           R121 constant[1636]  ; line 1075
7924 LOAD_CONST           R122 constant[1637]  ; line 1075
7925 LOAD_CONST           R123 constant[1638]  ; line 1075
7926 LOAD_CONST           R124 constant[1639]  ; line 1075
7927 LOAD_CONST           R125 constant[1640]  ; line 1075
7928 MOVE                 R126 <- R122  ; line 1075
7929 MOVE                 R127 <- R52  ; line 1075
7930 MOVE                 R128 <- R123  ; line 1075
7931 MOVE                 R129 <- R56  ; line 1075
7932 MOVE                 R130 <- R124  ; line 1075
7933 MOVE                 R131 <- R60  ; line 1075
7934 MOVE                 R132 <- R125  ; line 1075
7935 MOVE                 R133 <- R64  ; line 1075
7936 HOST_CALL            a=134 b=6 c=126 imm=8  ; line 1075
7937 MOVE                 R135 <- R121  ; line 1075
7938 MOVE                 R136 <- R134  ; line 1075
7939 ARRAY_NEW            a=137 b=135 c=2 imm=4294967295  ; line 1075
7940 RETURN               R137  ; line 1075
7941 LOAD_CONST           R138 constant[1641]  ; line 1075
7942 RETURN               R138  ; line 1075
7943 MOVE                 R2 <- R0  ; line 1080
7944 CALL                 a=3 b=109 c=2 imm=1  ; line 1080
7945 MOVE                 R4 <- R3  ; line 1080
7946 LOAD_CONST           R5 constant[1642]  ; line 1081
7947 MOVE                 R6 <- R5  ; line 1081
7948 HOST_CALL            a=7 b=22 c=6 imm=1  ; line 1081
7949 MOVE                 R8 <- R7  ; line 1081
7950 LOAD_CONST           R9 constant[1643]  ; line 1082
7951 MOVE                 R10 <- R9  ; line 1082
7952 HOST_CALL            a=11 b=22 c=10 imm=1  ; line 1082
7953 MOVE                 R12 <- R11  ; line 1082
7954 LOAD_CONST           R13 constant[1644]  ; line 1083
7955 MOVE                 R14 <- R13  ; line 1083
7956 HOST_CALL            a=15 b=22 c=14 imm=1  ; line 1083
7957 MOVE                 R16 <- R15  ; line 1083
7958 LOAD_CONST           R17 constant[1645]  ; line 1084
7959 MOVE                 R18 <- R17  ; line 1084
7960 HOST_CALL            a=19 b=22 c=18 imm=1  ; line 1084
7961 MOVE                 R20 <- R19  ; line 1084
7962 LOAD_CONST           R21 constant[1646]  ; line 1085
7963 MOVE                 R22 <- R1  ; line 1085
7964 MOVE                 R23 <- R21  ; line 1085
7965 HOST_CALL            a=24 b=11 c=22 imm=2  ; line 1085
7966 MOVE                 R25 <- R24  ; line 1085
7967 LOAD_CONST           R26 constant[1647]  ; line 1086
7968 MOVE                 R27 <- R1  ; line 1086
7969 MOVE                 R28 <- R26  ; line 1086
7970 HOST_CALL            a=29 b=11 c=27 imm=2  ; line 1086
7971 MOVE                 R30 <- R29  ; line 1086
7972 LOAD_CONST           R31 constant[1648]  ; line 1087
7973 MOVE                 R32 <- R31  ; line 1087
7974 COMPARE              a=32 b=4 c=33 imm=2  ; line 1088
7975 JUMP_IF_FALSE        R33 -> 8058  ; line 1088
7976 LOAD_CONST           R33 constant[1649]  ; line 1089
7977 MOVE                 R34 <- R1  ; line 1089
7978 MOVE                 R35 <- R33  ; line 1089
7979 HOST_CALL            a=36 b=11 c=34 imm=2  ; line 1089
7980 BINARY               a=36 b=25 c=37 imm=2  ; line 1089
7981 MOVE                 R38 <- R37  ; line 1089
7982 LOAD_CONST           R39 constant[1650]  ; line 1090
7983 MOVE                 R40 <- R1  ; line 1090
7984 MOVE                 R41 <- R39  ; line 1090
7985 HOST_CALL            a=42 b=11 c=40 imm=2  ; line 1090
7986 BINARY               a=42 b=30 c=43 imm=2  ; line 1090
7987 LOAD_CONST           R44 constant[1651]  ; line 1090
7988 MOVE                 R45 <- R1  ; line 1090
7989 MOVE                 R46 <- R44  ; line 1090
7990 HOST_CALL            a=47 b=11 c=45 imm=2  ; line 1090
7991 BINARY               a=43 b=47 c=48 imm=2  ; line 1090
7992 LOAD_CONST           R49 constant[1652]  ; line 1090
7993 MOVE                 R50 <- R1  ; line 1090
7994 MOVE                 R51 <- R49  ; line 1090
7995 HOST_CALL            a=52 b=11 c=50 imm=2  ; line 1090
7996 BINARY               a=48 b=52 c=53 imm=0  ; line 1090
7997 MOVE                 R54 <- R53  ; line 1090
7998 LOAD_CONST           R55 constant[1653]  ; line 1091
7999 MOVE                 R56 <- R1  ; line 1091
8000 MOVE                 R57 <- R55  ; line 1091
8001 HOST_CALL            a=58 b=11 c=56 imm=2  ; line 1091
8002 BINARY               a=58 b=54 c=59 imm=2  ; line 1091
8003 LOAD_CONST           R60 constant[1654]  ; line 1091
8004 MOVE                 R61 <- R1  ; line 1091
8005 MOVE                 R62 <- R60  ; line 1091
8006 HOST_CALL            a=63 b=11 c=61 imm=2  ; line 1091
8007 BINARY               a=59 b=63 c=64 imm=2  ; line 1091
8008 LOAD_CONST           R65 constant[1655]  ; line 1091
8009 MOVE                 R66 <- R1  ; line 1091
8010 MOVE                 R67 <- R65  ; line 1091
8011 HOST_CALL            a=68 b=11 c=66 imm=2  ; line 1091
8012 BINARY               a=64 b=68 c=69 imm=0  ; line 1091
8013 MOVE                 R70 <- R69  ; line 1091
8014 LOAD_CONST           R71 constant[1656]  ; line 1092
8015 MOVE                 R72 <- R1  ; line 1092
8016 MOVE                 R73 <- R71  ; line 1092
8017 HOST_CALL            a=74 b=11 c=72 imm=2  ; line 1092
8018 BINARY               a=54 b=74 c=75 imm=2  ; line 1092
8019 BINARY               a=75 b=70 c=76 imm=3  ; line 1092
8020 MOVE                 R77 <- R76  ; line 1092
8021 MOVE                 R78 <- R0  ; line 1093
8022 MOVE                 R79 <- R32  ; line 1093
8023 HOST_CALL            a=80 b=11 c=78 imm=2  ; line 1093
8024 LOAD_CONST           R81 constant[1657]  ; line 1093
8025 MOVE                 R82 <- R1  ; line 1093
8026 MOVE                 R83 <- R81  ; line 1093
8027 HOST_CALL            a=84 b=11 c=82 imm=2  ; line 1093
8028 BINARY               a=84 b=38 c=85 imm=2  ; line 1093
8029 BINARY               a=80 b=85 c=86 imm=1  ; line 1093
8030 BINARY               a=77 b=86 c=87 imm=2  ; line 1093
8031 BINARY               a=38 b=87 c=88 imm=0  ; line 1093
8032 MOVE                 R25 <- R88  ; line 1093
8033 LOAD_CONST           R78 constant[1658]  ; line 1094
8034 LOAD_CONST           R79 constant[1659]  ; line 1094
8035 MOVE                 R80 <- R1  ; line 1094
8036 MOVE                 R81 <- R79  ; line 1094
8037 HOST_CALL            a=82 b=11 c=80 imm=2  ; line 1094
8038 BINARY               a=77 b=82 c=83 imm=2  ; line 1094
8039 BINARY               a=78 b=83 c=84 imm=1  ; line 1094
8040 BINARY               a=84 b=54 c=85 imm=2  ; line 1094
8041 MOVE                 R30 <- R85  ; line 1094
8042 MOVE                 R78 <- R16  ; line 1095
8043 MOVE                 R79 <- R38  ; line 1095
8044 HOST_CALL            a=80 b=23 c=78 imm=2  ; line 1095
8045 MOVE                 R78 <- R20  ; line 1096
8046 MOVE                 R79 <- R54  ; line 1096
8047 HOST_CALL            a=80 b=23 c=78 imm=2  ; line 1096
8048 MOVE                 R78 <- R8  ; line 1097
8049 MOVE                 R79 <- R25  ; line 1097
8050 HOST_CALL            a=80 b=23 c=78 imm=2  ; line 1097
8051 MOVE                 R78 <- R12  ; line 1098
8052 MOVE                 R79 <- R30  ; line 1098
8053 HOST_CALL            a=80 b=23 c=78 imm=2  ; line 1098
8054 LOAD_CONST           R78 constant[1660]  ; line 1099
8055 BINARY               a=32 b=78 c=79 imm=0  ; line 1099
8056 MOVE                 R32 <- R79  ; line 1099
8057 JUMP                 -> 7974  ; line 1099
8058 LOAD_CONST           R78 constant[1661]  ; line 1101
8059 LOAD_CONST           R79 constant[1662]  ; line 1101
8060 LOAD_CONST           R80 constant[1663]  ; line 1101
8061 LOAD_CONST           R81 constant[1664]  ; line 1101
8062 MOVE                 R82 <- R78  ; line 1101
8063 MOVE                 R83 <- R8  ; line 1101
8064 MOVE                 R84 <- R79  ; line 1101
8065 MOVE                 R85 <- R12  ; line 1101
8066 MOVE                 R86 <- R80  ; line 1101
8067 MOVE                 R87 <- R16  ; line 1101
8068 MOVE                 R88 <- R81  ; line 1101
8069 MOVE                 R89 <- R20  ; line 1101
8070 HOST_CALL            a=90 b=6 c=82 imm=8  ; line 1101
8071 RETURN               R90  ; line 1101
8072 LOAD_CONST           R91 constant[1665]  ; line 1101
8073 RETURN               R91  ; line 1101
8074 MOVE                 R2 <- R0  ; line 1106
8075 HOST_CALL            a=3 b=86 c=2 imm=1  ; line 1106
8076 LOAD_CONST           R4 constant[1666]  ; line 1106
8077 COMPARE              a=3 b=4 c=5 imm=1  ; line 1106
8078 JUMP_IF_FALSE        R5 -> 8088  ; line 1106
8079 LOAD_CONST           R2 constant[1667]  ; line 1106
8080 LOAD_CONST           R3 constant[1668]  ; line 1106
8081 LOAD_CONST           R4 constant[1669]  ; line 1106
8082 MOVE                 R5 <- R2  ; line 1106
8083 MOVE                 R6 <- R3  ; line 1106
8084 MOVE                 R7 <- R4  ; line 1106
8085 CALL                 a=8 b=100 c=5 imm=3  ; line 1106
8086 RETURN               R8  ; line 1106
8087 JUMP                 -> 8088  ; line 1106
8088 LOAD_CONST           R2 constant[1670]  ; line 1107
8089 MOVE                 R3 <- R0  ; line 1107
8090 MOVE                 R4 <- R2  ; line 1107
8091 HOST_CALL            a=5 b=7 c=3 imm=2  ; line 1107
8092 UNARY                a=5 b=6 c=4294967295 imm=1  ; line 1107
8093 JUMP_IF_FALSE        R6 -> 8103  ; line 1107
8094 LOAD_CONST           R2 constant[1671]  ; line 1107
8095 LOAD_CONST           R3 constant[1672]  ; line 1107
8096 LOAD_CONST           R4 constant[1673]  ; line 1107
8097 MOVE                 R5 <- R2  ; line 1107
8098 MOVE                 R6 <- R3  ; line 1107
8099 MOVE                 R7 <- R4  ; line 1107
8100 CALL                 a=8 b=100 c=5 imm=3  ; line 1107
8101 RETURN               R8  ; line 1107
8102 JUMP                 -> 8103  ; line 1107
8103 LOAD_CONST           R2 constant[1674]  ; line 1108
8104 MOVE                 R3 <- R0  ; line 1108
8105 MOVE                 R4 <- R2  ; line 1108
8106 HOST_CALL            a=5 b=11 c=3 imm=2  ; line 1108
8107 MOVE                 R6 <- R5  ; line 1108
8108 HOST_CALL            a=7 b=86 c=6 imm=1  ; line 1108
8109 LOAD_CONST           R8 constant[1675]  ; line 1108
8110 COMPARE              a=7 b=8 c=9 imm=1  ; line 1108
8111 JUMP_IF_FALSE        R9 -> 8121  ; line 1108
8112 LOAD_CONST           R2 constant[1676]  ; line 1108
8113 LOAD_CONST           R3 constant[1677]  ; line 1108
8114 LOAD_CONST           R4 constant[1678]  ; line 1108
8115 MOVE                 R5 <- R2  ; line 1108
8116 MOVE                 R6 <- R3  ; line 1108
8117 MOVE                 R7 <- R4  ; line 1108
8118 CALL                 a=8 b=100 c=5 imm=3  ; line 1108
8119 RETURN               R8  ; line 1108
8120 JUMP                 -> 8121  ; line 1108
8121 LOAD_CONST           R2 constant[1679]  ; line 1109
8122 MOVE                 R3 <- R0  ; line 1109
8123 MOVE                 R4 <- R2  ; line 1109
8124 HOST_CALL            a=5 b=11 c=3 imm=2  ; line 1109
8125 MOVE                 R6 <- R5  ; line 1109
8126 HOST_CALL            a=7 b=62 c=6 imm=1  ; line 1109
8127 LOAD_CONST           R8 constant[1680]  ; line 1109
8128 COMPARE              a=7 b=8 c=9 imm=0  ; line 1109
8129 JUMP_IF_FALSE        R9 -> 8135  ; line 1109
8130 MOVE                 R2 <- R0  ; line 1109
8131 MOVE                 R3 <- R1  ; line 1109
8132 CALL                 a=4 b=144 c=2 imm=2  ; line 1109
8133 RETURN               R4  ; line 1109
8134 JUMP                 -> 8135  ; line 1109
8135 LOAD_CONST           R2 constant[1681]  ; line 1110
8136 MOVE                 R3 <- R0  ; line 1110
8137 MOVE                 R4 <- R2  ; line 1110
8138 HOST_CALL            a=5 b=11 c=3 imm=2  ; line 1110
8139 MOVE                 R6 <- R5  ; line 1110
8140 CALL                 a=7 b=109 c=6 imm=1  ; line 1110
8141 LOAD_CONST           R8 constant[1682]  ; line 1110
8142 COMPARE              a=7 b=8 c=9 imm=2  ; line 1110
8143 JUMP_IF_FALSE        R9 -> 8153  ; line 1110
8144 LOAD_CONST           R2 constant[1683]  ; line 1110
8145 LOAD_CONST           R3 constant[1684]  ; line 1110
8146 LOAD_CONST           R4 constant[1685]  ; line 1110
8147 MOVE                 R5 <- R2  ; line 1110
8148 MOVE                 R6 <- R3  ; line 1110
8149 MOVE                 R7 <- R4  ; line 1110
8150 CALL                 a=8 b=100 c=5 imm=3  ; line 1110
8151 RETURN               R8  ; line 1110
8152 JUMP                 -> 8153  ; line 1110
8153 LOAD_CONST           R2 constant[1686]  ; line 1111
8154 LOAD_CONST           R3 constant[1687]  ; line 1111
8155 LOAD_CONST           R4 constant[1688]  ; line 1111
8156 MOVE                 R5 <- R1  ; line 1111
8157 MOVE                 R6 <- R3  ; line 1111
8158 MOVE                 R7 <- R4  ; line 1111
8159 CALL                 a=8 b=101 c=5 imm=3  ; line 1111
8160 LOAD_CONST           R9 constant[1689]  ; line 1111
8161 LOAD_CONST           R10 constant[1690]  ; line 1111
8162 LOAD_CONST           R11 constant[1691]  ; line 1111
8163 MOVE                 R12 <- R1  ; line 1111
8164 MOVE                 R13 <- R10  ; line 1111
8165 MOVE                 R14 <- R11  ; line 1111
8166 CALL                 a=15 b=101 c=12 imm=3  ; line 1111
8167 LOAD_CONST           R16 constant[1692]  ; line 1111
8168 LOAD_CONST           R17 constant[1693]  ; line 1111
8169 LOAD_CONST           R18 constant[1694]  ; line 1111
8170 MOVE                 R19 <- R1  ; line 1111
8171 MOVE                 R20 <- R17  ; line 1111
8172 MOVE                 R21 <- R18  ; line 1111
8173 CALL                 a=22 b=101 c=19 imm=3  ; line 1111
8174 LOAD_CONST           R23 constant[1695]  ; line 1111
8175 LOAD_CONST           R24 constant[1696]  ; line 1111
8176 LOAD_CONST           R25 constant[1697]  ; line 1111
8177 MOVE                 R26 <- R1  ; line 1111
8178 MOVE                 R27 <- R24  ; line 1111
8179 MOVE                 R28 <- R25  ; line 1111
8180 CALL                 a=29 b=101 c=26 imm=3  ; line 1111
8181 LOAD_CONST           R30 constant[1698]  ; line 1111
8182 LOAD_CONST           R31 constant[1699]  ; line 1111
8183 LOAD_CONST           R32 constant[1700]  ; line 1111
8184 MOVE                 R33 <- R0  ; line 1111
8185 MOVE                 R34 <- R32  ; line 1111
8186 HOST_CALL            a=35 b=11 c=33 imm=2  ; line 1111
8187 LOAD_CONST           R36 constant[1701]  ; line 1111
8188 MOVE                 R37 <- R35  ; line 1111
8189 MOVE                 R38 <- R36  ; line 1111
8190 HOST_CALL            a=39 b=11 c=37 imm=2  ; line 1111
8191 MOVE                 R40 <- R1  ; line 1111
8192 MOVE                 R41 <- R31  ; line 1111
8193 MOVE                 R42 <- R39  ; line 1111
8194 CALL                 a=43 b=101 c=40 imm=3  ; line 1111
8195 LOAD_CONST           R44 constant[1702]  ; line 1111
8196 LOAD_CONST           R45 constant[1703]  ; line 1111
8197 LOAD_CONST           R46 constant[1704]  ; line 1111
8198 MOVE                 R47 <- R1  ; line 1111
8199 MOVE                 R48 <- R45  ; line 1111
8200 MOVE                 R49 <- R46  ; line 1111
8201 CALL                 a=50 b=101 c=47 imm=3  ; line 1111
8202 LOAD_CONST           R51 constant[1705]  ; line 1111
8203 LOAD_CONST           R52 constant[1706]  ; line 1111
8204 MOVE                 R53 <- R2  ; line 1111
8205 MOVE                 R54 <- R8  ; line 1111
8206 MOVE                 R55 <- R9  ; line 1111
8207 MOVE                 R56 <- R15  ; line 1111
8208 MOVE                 R57 <- R16  ; line 1111
8209 MOVE                 R58 <- R22  ; line 1111
8210 MOVE                 R59 <- R23  ; line 1111
8211 MOVE                 R60 <- R29  ; line 1111
8212 MOVE                 R61 <- R30  ; line 1111
8213 MOVE                 R62 <- R43  ; line 1111
8214 MOVE                 R63 <- R44  ; line 1111
8215 MOVE                 R64 <- R50  ; line 1111
8216 MOVE                 R65 <- R51  ; line 1111
8217 MOVE                 R66 <- R52  ; line 1111
8218 HOST_CALL            a=67 b=6 c=53 imm=14  ; line 1111
8219 MOVE                 R68 <- R67  ; line 1111
8220 LOAD_CONST           R69 constant[1707]  ; line 1117
8221 MOVE                 R70 <- R68  ; line 1117
8222 MOVE                 R71 <- R69  ; line 1117
8223 HOST_CALL            a=72 b=11 c=70 imm=2  ; line 1117
8224 LOAD_CONST           R73 constant[1708]  ; line 1117
8225 COMPARE              a=72 b=73 c=74 imm=2  ; line 1117
8226 JUMP_IF_FALSE        R74 -> 8236  ; line 1117
8227 LOAD_CONST           R69 constant[1709]  ; line 1117
8228 LOAD_CONST           R70 constant[1710]  ; line 1117
8229 LOAD_CONST           R71 constant[1711]  ; line 1117
8230 MOVE                 R72 <- R69  ; line 1117
8231 MOVE                 R73 <- R70  ; line 1117
8232 MOVE                 R74 <- R71  ; line 1117
8233 CALL                 a=75 b=100 c=72 imm=3  ; line 1117
8234 RETURN               R75  ; line 1117
8235 JUMP                 -> 8236  ; line 1117
8236 LOAD_CONST           R69 constant[1712]  ; line 1118
8237 MOVE                 R70 <- R68  ; line 1118
8238 MOVE                 R71 <- R69  ; line 1118
8239 HOST_CALL            a=72 b=11 c=70 imm=2  ; line 1118
8240 LOAD_CONST           R73 constant[1713]  ; line 1118
8241 COMPARE              a=72 b=73 c=74 imm=3  ; line 1118
8242 JUMP_IF_FALSE        R74 -> 8252  ; line 1118
8243 LOAD_CONST           R69 constant[1714]  ; line 1118
8244 LOAD_CONST           R70 constant[1715]  ; line 1118
8245 LOAD_CONST           R71 constant[1716]  ; line 1118
8246 MOVE                 R72 <- R69  ; line 1118
8247 MOVE                 R73 <- R70  ; line 1118
8248 MOVE                 R74 <- R71  ; line 1118
8249 CALL                 a=75 b=100 c=72 imm=3  ; line 1118
8250 RETURN               R75  ; line 1118
8251 JUMP                 -> 8252  ; line 1118
8252 LOAD_CONST           R69 constant[1717]  ; line 1119
8253 MOVE                 R70 <- R68  ; line 1119
8254 MOVE                 R71 <- R69  ; line 1119
8255 HOST_CALL            a=72 b=11 c=70 imm=2  ; line 1119
8256 LOAD_CONST           R73 constant[1718]  ; line 1119
8257 COMPARE              a=72 b=73 c=74 imm=2  ; line 1119
8258 JUMP_IF_FALSE        R74 -> 8268  ; line 1119
8259 LOAD_CONST           R69 constant[1719]  ; line 1119
8260 LOAD_CONST           R70 constant[1720]  ; line 1119
8261 LOAD_CONST           R71 constant[1721]  ; line 1119
8262 MOVE                 R72 <- R69  ; line 1119
8263 MOVE                 R73 <- R70  ; line 1119
8264 MOVE                 R74 <- R71  ; line 1119
8265 CALL                 a=75 b=100 c=72 imm=3  ; line 1119
8266 RETURN               R75  ; line 1119
8267 JUMP                 -> 8268  ; line 1119
8268 LOAD_CONST           R69 constant[1722]  ; line 1120
8269 MOVE                 R70 <- R68  ; line 1120
8270 MOVE                 R71 <- R69  ; line 1120
8271 HOST_CALL            a=72 b=11 c=70 imm=2  ; line 1120
8272 MOVE                 R73 <- R72  ; line 1120
8273 CALL                 a=74 b=102 c=73 imm=1  ; line 1120
8274 UNARY                a=74 b=75 c=4294967295 imm=1  ; line 1120
8275 JUMP_IF_FALSE        R75 -> 8285  ; line 1120
8276 LOAD_CONST           R69 constant[1723]  ; line 1120
8277 LOAD_CONST           R70 constant[1724]  ; line 1120
8278 LOAD_CONST           R71 constant[1725]  ; line 1120
8279 MOVE                 R72 <- R69  ; line 1120
8280 MOVE                 R73 <- R70  ; line 1120
8281 MOVE                 R74 <- R71  ; line 1120
8282 CALL                 a=75 b=100 c=72 imm=3  ; line 1120
8283 RETURN               R75  ; line 1120
8284 JUMP                 -> 8285  ; line 1120
8285 LOAD_CONST           R69 constant[1726]  ; line 1121
8286 MOVE                 R70 <- R68  ; line 1121
8287 MOVE                 R71 <- R69  ; line 1121
8288 HOST_CALL            a=72 b=11 c=70 imm=2  ; line 1121
8289 MOVE                 R73 <- R72  ; line 1121
8290 CALL                 a=74 b=102 c=73 imm=1  ; line 1121
8291 UNARY                a=74 b=75 c=4294967295 imm=1  ; line 1121
8292 JUMP_IF_FALSE        R75 -> 8302  ; line 1121
8293 LOAD_CONST           R69 constant[1727]  ; line 1121
8294 LOAD_CONST           R70 constant[1728]  ; line 1121
8295 LOAD_CONST           R71 constant[1729]  ; line 1121
8296 MOVE                 R72 <- R69  ; line 1121
8297 MOVE                 R73 <- R70  ; line 1121
8298 MOVE                 R74 <- R71  ; line 1121
8299 CALL                 a=75 b=100 c=72 imm=3  ; line 1121
8300 RETURN               R75  ; line 1121
8301 JUMP                 -> 8302  ; line 1121
8302 LOAD_CONST           R69 constant[1730]  ; line 1122
8303 MOVE                 R70 <- R0  ; line 1122
8304 MOVE                 R71 <- R69  ; line 1122
8305 HOST_CALL            a=72 b=11 c=70 imm=2  ; line 1122
8306 MOVE                 R73 <- R72  ; line 1122
8307 MOVE                 R74 <- R68  ; line 1122
8308 CALL                 a=75 b=141 c=73 imm=2  ; line 1122
8309 MOVE                 R76 <- R75  ; line 1122
8310 LOAD_CONST           R77 constant[1731]  ; line 1123
8311 LOAD_CONST           R78 constant[1732]  ; line 1123
8312 LOAD_CONST           R79 constant[1733]  ; line 1123
8313 LOAD_CONST           R80 constant[1734]  ; line 1123
8314 LOAD_CONST           R81 constant[1735]  ; line 1123
8315 LOAD_CONST           R82 constant[1736]  ; line 1123
8316 LOAD_CONST           R83 constant[1737]  ; line 1123
8317 LOAD_CONST           R84 constant[1738]  ; line 1123
8318 LOAD_CONST           R85 constant[1739]  ; line 1123
8319 LOAD_CONST           R86 constant[1740]  ; line 1123
8320 MOVE                 R87 <- R85  ; line 1123
8321 MOVE                 R88 <- R86  ; line 1123
8322 HOST_CALL            a=89 b=6 c=87 imm=2  ; line 1123
8323 LOAD_CONST           R90 constant[1741]  ; line 1123
8324 ARRAY_NEW            a=91 b=91 c=0 imm=4294967295  ; line 1123
8325 LOAD_CONST           R92 constant[1742]  ; line 1123
8326 LOAD_CONST           R93 constant[1743]  ; line 1123
8327 LOAD_CONST           R94 constant[1744]  ; line 1123
8328 MOVE                 R95 <- R0  ; line 1123
8329 MOVE                 R96 <- R94  ; line 1123
8330 HOST_CALL            a=97 b=11 c=95 imm=2  ; line 1123
8331 MOVE                 R98 <- R97  ; line 1123
8332 CALL                 a=99 b=109 c=98 imm=1  ; line 1123
8333 MOVE                 R100 <- R93  ; line 1123
8334 MOVE                 R101 <- R99  ; line 1123
8335 HOST_CALL            a=102 b=6 c=100 imm=2  ; line 1123
8336 LOAD_CONST           R103 constant[1745]  ; line 1123
8337 LOAD_CONST           R104 constant[1746]  ; line 1123
8338 LOAD_CONST           R105 constant[1747]  ; line 1123
8339 LOAD_CONST           R106 constant[1748]  ; line 1123
8340 MOVE                 R107 <- R0  ; line 1123
8341 MOVE                 R108 <- R106  ; line 1123
8342 HOST_CALL            a=109 b=11 c=107 imm=2  ; line 1123
8343 MOVE                 R110 <- R109  ; line 1123
8344 HOST_CALL            a=111 b=60 c=110 imm=1  ; line 1123
8345 LOAD_CONST           R112 constant[1749]  ; line 1123
8346 LOAD_CONST           R113 constant[1750]  ; line 1123
8347 MOVE                 R114 <- R77  ; line 1123
8348 MOVE                 R115 <- R78  ; line 1123
8349 MOVE                 R116 <- R79  ; line 1123
8350 MOVE                 R117 <- R80  ; line 1123
8351 MOVE                 R118 <- R81  ; line 1123
8352 MOVE                 R119 <- R82  ; line 1123
8353 MOVE                 R120 <- R83  ; line 1123
8354 MOVE                 R121 <- R68  ; line 1123
8355 MOVE                 R122 <- R84  ; line 1123
8356 MOVE                 R123 <- R89  ; line 1123
8357 MOVE                 R124 <- R90  ; line 1123
8358 MOVE                 R125 <- R91  ; line 1123
8359 MOVE                 R126 <- R92  ; line 1123
8360 MOVE                 R127 <- R102  ; line 1123
8361 MOVE                 R128 <- R103  ; line 1123
8362 MOVE                 R129 <- R104  ; line 1123
8363 MOVE                 R130 <- R105  ; line 1123
8364 MOVE                 R131 <- R111  ; line 1123
8365 MOVE                 R132 <- R112  ; line 1123
8366 MOVE                 R133 <- R113  ; line 1123
8367 HOST_CALL            a=134 b=6 c=114 imm=20  ; line 1123
8368 MOVE                 R135 <- R134  ; line 1123
8369 LOAD_CONST           R136 constant[1751]  ; line 1126
8370 MOVE                 R137 <- R76  ; line 1126
8371 MOVE                 R138 <- R136  ; line 1126
8372 HOST_CALL            a=139 b=11 c=137 imm=2  ; line 1126
8373 MOVE                 R140 <- R139  ; line 1126
8374 HOST_CALL            a=141 b=72 c=140 imm=1  ; line 1126
8375 LOAD_CONST           R142 constant[1752]  ; line 1126
8376 MOVE                 R143 <- R76  ; line 1126
8377 MOVE                 R144 <- R142  ; line 1126
8378 HOST_CALL            a=145 b=11 c=143 imm=2  ; line 1126
8379 MOVE                 R146 <- R145  ; line 1126
8380 HOST_CALL            a=147 b=72 c=146 imm=1  ; line 1126
8381 LOAD_CONST           R148 constant[1753]  ; line 1126
8382 LOAD_CONST           R149 constant[1754]  ; line 1126
8383 MOVE                 R150 <- R68  ; line 1126
8384 MOVE                 R151 <- R149  ; line 1126
8385 HOST_CALL            a=152 b=11 c=150 imm=2  ; line 1126
8386 MOVE                 R153 <- R148  ; line 1126
8387 MOVE                 R154 <- R152  ; line 1126
8388 HOST_CALL            a=155 b=6 c=153 imm=2  ; line 1126
8389 LOAD_CONST           R156 constant[1755]  ; line 1126
8390 LOAD_CONST           R157 constant[1756]  ; line 1126
8391 LOAD_CONST           R158 constant[1757]  ; line 1126
8392 MOVE                 R159 <- R157  ; line 1126
8393 MOVE                 R160 <- R158  ; line 1126
8394 ARRAY_NEW            a=161 b=159 c=2 imm=4294967295  ; line 1126
8395 MOVE                 R162 <- R135  ; line 1126
8396 MOVE                 R163 <- R141  ; line 1126
8397 MOVE                 R164 <- R147  ; line 1126
8398 MOVE                 R165 <- R155  ; line 1126
8399 MOVE                 R166 <- R156  ; line 1126
8400 MOVE                 R167 <- R161  ; line 1126
8401 CALL                 a=168 b=115 c=162 imm=6  ; line 1126
8402 RETURN               R168  ; line 1126
8403 LOAD_CONST           R169 constant[1758]  ; line 1126
8404 RETURN               R169  ; line 1126
8405 MOVE                 R2 <- R0  ; line 1132
8406 MOVE                 R3 <- R1  ; line 1132
8407 HOST_CALL            a=4 b=7 c=2 imm=2  ; line 1132
8408 UNARY                a=4 b=5 c=4294967295 imm=1  ; line 1132
8409 JUMP_IF_FALSE        R5 -> 8413  ; line 1132
8410 LOAD_CONST           R2 constant[1759]  ; line 1132
8411 RETURN               R2  ; line 1132
8412 JUMP                 -> 8413  ; line 1132
8413 MOVE                 R2 <- R0  ; line 1133
8414 MOVE                 R3 <- R1  ; line 1133
8415 HOST_CALL            a=4 b=11 c=2 imm=2  ; line 1133
8416 MOVE                 R5 <- R4  ; line 1133
8417 HOST_CALL            a=6 b=86 c=5 imm=1  ; line 1133
8418 LOAD_CONST           R7 constant[1760]  ; line 1133
8419 COMPARE              a=6 b=7 c=8 imm=0  ; line 1133
8420 RETURN               R8  ; line 1133
8421 LOAD_CONST           R9 constant[1761]  ; line 1133
8422 RETURN               R9  ; line 1133
8423 LOAD_CONST           R2 constant[1762]  ; line 1137
8424 LOAD_CONST           R3 constant[1763]  ; line 1137
8425 LOAD_CONST           R4 constant[1764]  ; line 1137
8426 LOAD_CONST           R5 constant[1765]  ; line 1137
8427 LOAD_CONST           R6 constant[1766]  ; line 1137
8428 LOAD_CONST           R7 constant[1767]  ; line 1137
8429 MOVE                 R8 <- R2  ; line 1137
8430 MOVE                 R9 <- R3  ; line 1137
8431 MOVE                 R10 <- R4  ; line 1137
8432 MOVE                 R11 <- R5  ; line 1137
8433 MOVE                 R12 <- R6  ; line 1137
8434 MOVE                 R13 <- R7  ; line 1137
8435 ARRAY_NEW            a=14 b=8 c=6 imm=4294967295  ; line 1137
8436 MOVE                 R15 <- R14  ; line 1137
8437 LOAD_CONST           R16 constant[1768]  ; line 1138
8438 MOVE                 R17 <- R16  ; line 1138
8439 MOVE                 R18 <- R15  ; line 1139
8440 HOST_CALL            a=19 b=26 c=18 imm=1  ; line 1139
8441 COMPARE              a=17 b=19 c=20 imm=2  ; line 1139
8442 JUMP_IF_FALSE        R20 -> 8466  ; line 1139
8443 MOVE                 R18 <- R15  ; line 1140
8444 MOVE                 R19 <- R17  ; line 1140
8445 HOST_CALL            a=20 b=11 c=18 imm=2  ; line 1140
8446 MOVE                 R21 <- R1  ; line 1140
8447 MOVE                 R22 <- R20  ; line 1140
8448 CALL                 a=23 b=143 c=21 imm=2  ; line 1140
8449 UNARY                a=23 b=24 c=4294967295 imm=1  ; line 1140
8450 JUMP_IF_FALSE        R24 -> 8462  ; line 1140
8451 LOAD_CONST           R18 constant[1769]  ; line 1141
8452 LOAD_CONST           R19 constant[1770]  ; line 1141
8453 MOVE                 R20 <- R15  ; line 1141
8454 MOVE                 R21 <- R17  ; line 1141
8455 HOST_CALL            a=22 b=11 c=20 imm=2  ; line 1141
8456 MOVE                 R23 <- R18  ; line 1141
8457 MOVE                 R24 <- R19  ; line 1141
8458 MOVE                 R25 <- R22  ; line 1141
8459 CALL                 a=26 b=100 c=23 imm=3  ; line 1141
8460 RETURN               R26  ; line 1141
8461 JUMP                 -> 8462  ; line 1141
8462 LOAD_CONST           R18 constant[1771]  ; line 1143
8463 BINARY               a=17 b=18 c=19 imm=0  ; line 1143
8464 MOVE                 R17 <- R19  ; line 1143
8465 JUMP                 -> 8439  ; line 1143
8466 LOAD_CONST           R18 constant[1772]  ; line 1145
8467 MOVE                 R19 <- R0  ; line 1145
8468 MOVE                 R20 <- R18  ; line 1145
8469 HOST_CALL            a=21 b=11 c=19 imm=2  ; line 1145
8470 MOVE                 R22 <- R21  ; line 1145
8471 MOVE                 R23 <- R22  ; line 1146
8472 HOST_CALL            a=24 b=61 c=23 imm=1  ; line 1146
8473 MOVE                 R25 <- R24  ; line 1146
8474 LOAD_CONST           R26 constant[1773]  ; line 1147
8475 MOVE                 R27 <- R25  ; line 1147
8476 MOVE                 R28 <- R26  ; line 1147
8477 HOST_CALL            a=29 b=11 c=27 imm=2  ; line 1147
8478 LOAD_CONST           R30 constant[1774]  ; line 1147
8479 COMPARE              a=29 b=30 c=31 imm=2  ; line 1147
8480 JUMP_IF_FALSE        R31 -> 8490  ; line 1147
8481 LOAD_CONST           R26 constant[1775]  ; line 1147
8482 LOAD_CONST           R27 constant[1776]  ; line 1147
8483 LOAD_CONST           R28 constant[1777]  ; line 1147
8484 MOVE                 R29 <- R26  ; line 1147
8485 MOVE                 R30 <- R27  ; line 1147
8486 MOVE                 R31 <- R28  ; line 1147
8487 CALL                 a=32 b=100 c=29 imm=3  ; line 1147
8488 RETURN               R32  ; line 1147
8489 JUMP                 -> 8490  ; line 1147
8490 LOAD_CONST           R26 constant[1778]  ; line 1148
8491 MOVE                 R27 <- R1  ; line 1148
8492 MOVE                 R28 <- R26  ; line 1148
8493 HOST_CALL            a=29 b=11 c=27 imm=2  ; line 1148
8494 MOVE                 R30 <- R29  ; line 1148
8495 HOST_CALL            a=31 b=61 c=30 imm=1  ; line 1148
8496 LOAD_CONST           R32 constant[1779]  ; line 1148
8497 MOVE                 R33 <- R31  ; line 1148
8498 MOVE                 R34 <- R32  ; line 1148
8499 HOST_CALL            a=35 b=11 c=33 imm=2  ; line 1148
8500 MOVE                 R36 <- R35  ; line 1148
8501 LOAD_CONST           R37 constant[1780]  ; line 1149
8502 MOVE                 R38 <- R25  ; line 1149
8503 MOVE                 R39 <- R37  ; line 1149
8504 HOST_CALL            a=40 b=11 c=38 imm=2  ; line 1149
8505 MOVE                 R41 <- R40  ; line 1149
8506 LOAD_CONST           R42 constant[1781]  ; line 1150
8507 MOVE                 R43 <- R1  ; line 1150
8508 MOVE                 R44 <- R42  ; line 1150
8509 HOST_CALL            a=45 b=11 c=43 imm=2  ; line 1150
8510 MOVE                 R46 <- R45  ; line 1150
8511 HOST_CALL            a=47 b=62 c=46 imm=1  ; line 1150
8512 LOAD_CONST           R48 constant[1782]  ; line 1150
8513 COMPARE              a=47 b=48 c=49 imm=1  ; line 1150
8514 JUMP_IF_FALSE        R49 -> 8524  ; line 1150
8515 LOAD_CONST           R42 constant[1783]  ; line 1150
8516 LOAD_CONST           R43 constant[1784]  ; line 1150
8517 LOAD_CONST           R44 constant[1785]  ; line 1150
8518 MOVE                 R45 <- R42  ; line 1150
8519 MOVE                 R46 <- R43  ; line 1150
8520 MOVE                 R47 <- R44  ; line 1150
8521 CALL                 a=48 b=100 c=45 imm=3  ; line 1150
8522 RETURN               R48  ; line 1150
8523 JUMP                 -> 8524  ; line 1150
8524 LOAD_CONST           R42 constant[1786]  ; line 1151
8525 MOVE                 R43 <- R1  ; line 1151
8526 MOVE                 R44 <- R42  ; line 1151
8527 HOST_CALL            a=45 b=11 c=43 imm=2  ; line 1151
8528 MOVE                 R46 <- R45  ; line 1151
8529 HOST_CALL            a=47 b=61 c=46 imm=1  ; line 1151
8530 LOAD_CONST           R48 constant[1787]  ; line 1151
8531 MOVE                 R49 <- R47  ; line 1151
8532 MOVE                 R50 <- R48  ; line 1151
8533 HOST_CALL            a=51 b=11 c=49 imm=2  ; line 1151
8534 COMPARE              a=51 b=36 c=52 imm=1  ; line 1151
8535 JUMP_IF_FALSE        R52 -> 8545  ; line 1151
8536 LOAD_CONST           R42 constant[1788]  ; line 1151
8537 LOAD_CONST           R43 constant[1789]  ; line 1151
8538 LOAD_CONST           R44 constant[1790]  ; line 1151
8539 MOVE                 R45 <- R42  ; line 1151
8540 MOVE                 R46 <- R43  ; line 1151
8541 MOVE                 R47 <- R44  ; line 1151
8542 CALL                 a=48 b=100 c=45 imm=3  ; line 1151
8543 RETURN               R48  ; line 1151
8544 JUMP                 -> 8545  ; line 1151
8545 LOAD_CONST           R42 constant[1791]  ; line 1152
8546 MOVE                 R43 <- R1  ; line 1152
8547 MOVE                 R44 <- R42  ; line 1152
8548 HOST_CALL            a=45 b=11 c=43 imm=2  ; line 1152
8549 MOVE                 R46 <- R45  ; line 1152
8550 HOST_CALL            a=47 b=61 c=46 imm=1  ; line 1152
8551 LOAD_CONST           R48 constant[1792]  ; line 1152
8552 MOVE                 R49 <- R47  ; line 1152
8553 MOVE                 R50 <- R48  ; line 1152
8554 HOST_CALL            a=51 b=11 c=49 imm=2  ; line 1152
8555 COMPARE              a=51 b=36 c=52 imm=1  ; line 1152
8556 JUMP_IF_FALSE        R52 -> 8566  ; line 1152
8557 LOAD_CONST           R42 constant[1793]  ; line 1152
8558 LOAD_CONST           R43 constant[1794]  ; line 1152
8559 LOAD_CONST           R44 constant[1795]  ; line 1152
8560 MOVE                 R45 <- R42  ; line 1152
8561 MOVE                 R46 <- R43  ; line 1152
8562 MOVE                 R47 <- R44  ; line 1152
8563 CALL                 a=48 b=100 c=45 imm=3  ; line 1152
8564 RETURN               R48  ; line 1152
8565 JUMP                 -> 8566  ; line 1152
8566 LOAD_CONST           R42 constant[1796]  ; line 1153
8567 MOVE                 R43 <- R1  ; line 1153
8568 MOVE                 R44 <- R42  ; line 1153
8569 HOST_CALL            a=45 b=11 c=43 imm=2  ; line 1153
8570 MOVE                 R46 <- R45  ; line 1153
8571 HOST_CALL            a=47 b=61 c=46 imm=1  ; line 1153
8572 LOAD_CONST           R48 constant[1797]  ; line 1153
8573 MOVE                 R49 <- R47  ; line 1153
8574 MOVE                 R50 <- R48  ; line 1153
8575 HOST_CALL            a=51 b=11 c=49 imm=2  ; line 1153
8576 COMPARE              a=51 b=36 c=52 imm=1  ; line 1153
8577 JUMP_IF_FALSE        R52 -> 8587  ; line 1153
8578 LOAD_CONST           R42 constant[1798]  ; line 1153
8579 LOAD_CONST           R43 constant[1799]  ; line 1153
8580 LOAD_CONST           R44 constant[1800]  ; line 1153
8581 MOVE                 R45 <- R42  ; line 1153
8582 MOVE                 R46 <- R43  ; line 1153
8583 MOVE                 R47 <- R44  ; line 1153
8584 CALL                 a=48 b=100 c=45 imm=3  ; line 1153
8585 RETURN               R48  ; line 1153
8586 JUMP                 -> 8587  ; line 1153
8587 LOAD_CONST           R42 constant[1801]  ; line 1154
8588 MOVE                 R43 <- R1  ; line 1154
8589 MOVE                 R44 <- R42  ; line 1154
8590 HOST_CALL            a=45 b=11 c=43 imm=2  ; line 1154
8591 MOVE                 R46 <- R45  ; line 1154
8592 HOST_CALL            a=47 b=61 c=46 imm=1  ; line 1154
8593 LOAD_CONST           R48 constant[1802]  ; line 1154
8594 MOVE                 R49 <- R47  ; line 1154
8595 MOVE                 R50 <- R48  ; line 1154
8596 HOST_CALL            a=51 b=11 c=49 imm=2  ; line 1154
8597 COMPARE              a=51 b=36 c=52 imm=1  ; line 1154
8598 JUMP_IF_FALSE        R52 -> 8608  ; line 1154
8599 LOAD_CONST           R42 constant[1803]  ; line 1154
8600 LOAD_CONST           R43 constant[1804]  ; line 1154
8601 LOAD_CONST           R44 constant[1805]  ; line 1154
8602 MOVE                 R45 <- R42  ; line 1154
8603 MOVE                 R46 <- R43  ; line 1154
8604 MOVE                 R47 <- R44  ; line 1154
8605 CALL                 a=48 b=100 c=45 imm=3  ; line 1154
8606 RETURN               R48  ; line 1154
8607 JUMP                 -> 8608  ; line 1154
8608 LOAD_CONST           R42 constant[1806]  ; line 1155
8609 MOVE                 R43 <- R1  ; line 1155
8610 MOVE                 R44 <- R42  ; line 1155
8611 HOST_CALL            a=45 b=11 c=43 imm=2  ; line 1155
8612 MOVE                 R46 <- R45  ; line 1155
8613 HOST_CALL            a=47 b=61 c=46 imm=1  ; line 1155
8614 LOAD_CONST           R48 constant[1807]  ; line 1155
8615 MOVE                 R49 <- R47  ; line 1155
8616 MOVE                 R50 <- R48  ; line 1155
8617 HOST_CALL            a=51 b=11 c=49 imm=2  ; line 1155
8618 COMPARE              a=51 b=36 c=52 imm=1  ; line 1155
8619 JUMP_IF_FALSE        R52 -> 8629  ; line 1155
8620 LOAD_CONST           R42 constant[1808]  ; line 1155
8621 LOAD_CONST           R43 constant[1809]  ; line 1155
8622 LOAD_CONST           R44 constant[1810]  ; line 1155
8623 MOVE                 R45 <- R42  ; line 1155
8624 MOVE                 R46 <- R43  ; line 1155
8625 MOVE                 R47 <- R44  ; line 1155
8626 CALL                 a=48 b=100 c=45 imm=3  ; line 1155
8627 RETURN               R48  ; line 1155
8628 JUMP                 -> 8629  ; line 1155
8629 LOAD_CONST           R42 constant[1811]  ; line 1156
8630 MOVE                 R43 <- R1  ; line 1156
8631 MOVE                 R44 <- R42  ; line 1156
8632 HOST_CALL            a=45 b=11 c=43 imm=2  ; line 1156
8633 MOVE                 R46 <- R45  ; line 1156
8634 HOST_CALL            a=47 b=61 c=46 imm=1  ; line 1156
8635 LOAD_CONST           R48 constant[1812]  ; line 1156
8636 MOVE                 R49 <- R47  ; line 1156
8637 MOVE                 R50 <- R48  ; line 1156
8638 HOST_CALL            a=51 b=11 c=49 imm=2  ; line 1156
8639 COMPARE              a=51 b=36 c=52 imm=1  ; line 1156
8640 JUMP_IF_FALSE        R52 -> 8650  ; line 1156
8641 LOAD_CONST           R42 constant[1813]  ; line 1156
8642 LOAD_CONST           R43 constant[1814]  ; line 1156
8643 LOAD_CONST           R44 constant[1815]  ; line 1156
8644 MOVE                 R45 <- R42  ; line 1156
8645 MOVE                 R46 <- R43  ; line 1156
8646 MOVE                 R47 <- R44  ; line 1156
8647 CALL                 a=48 b=100 c=45 imm=3  ; line 1156
8648 RETURN               R48  ; line 1156
8649 JUMP                 -> 8650  ; line 1156
8650 LOAD_CONST           R42 constant[1816]  ; line 1157
8651 MOVE                 R43 <- R1  ; line 1157
8652 MOVE                 R44 <- R42  ; line 1157
8653 HOST_CALL            a=45 b=11 c=43 imm=2  ; line 1157
8654 MOVE                 R46 <- R45  ; line 1157
8655 HOST_CALL            a=47 b=61 c=46 imm=1  ; line 1157
8656 LOAD_CONST           R48 constant[1817]  ; line 1157
8657 MOVE                 R49 <- R47  ; line 1157
8658 MOVE                 R50 <- R48  ; line 1157
8659 HOST_CALL            a=51 b=11 c=49 imm=2  ; line 1157
8660 COMPARE              a=51 b=41 c=52 imm=1  ; line 1157
8661 JUMP_IF_FALSE        R52 -> 8671  ; line 1157
8662 LOAD_CONST           R42 constant[1818]  ; line 1157
8663 LOAD_CONST           R43 constant[1819]  ; line 1157
8664 LOAD_CONST           R44 constant[1820]  ; line 1157
8665 MOVE                 R45 <- R42  ; line 1157
8666 MOVE                 R46 <- R43  ; line 1157
8667 MOVE                 R47 <- R44  ; line 1157
8668 CALL                 a=48 b=100 c=45 imm=3  ; line 1157
8669 RETURN               R48  ; line 1157
8670 JUMP                 -> 8671  ; line 1157
8671 LOAD_CONST           R42 constant[1821]  ; line 1158
8672 MOVE                 R43 <- R1  ; line 1158
8673 MOVE                 R44 <- R42  ; line 1158
8674 HOST_CALL            a=45 b=11 c=43 imm=2  ; line 1158
8675 MOVE                 R46 <- R45  ; line 1158
8676 HOST_CALL            a=47 b=61 c=46 imm=1  ; line 1158
8677 LOAD_CONST           R48 constant[1822]  ; line 1158
8678 MOVE                 R49 <- R47  ; line 1158
8679 MOVE                 R50 <- R48  ; line 1158
8680 HOST_CALL            a=51 b=11 c=49 imm=2  ; line 1158
8681 COMPARE              a=51 b=36 c=52 imm=1  ; line 1158
8682 JUMP_IF_FALSE        R52 -> 8692  ; line 1158
8683 LOAD_CONST           R42 constant[1823]  ; line 1158
8684 LOAD_CONST           R43 constant[1824]  ; line 1158
8685 LOAD_CONST           R44 constant[1825]  ; line 1158
8686 MOVE                 R45 <- R42  ; line 1158
8687 MOVE                 R46 <- R43  ; line 1158
8688 MOVE                 R47 <- R44  ; line 1158
8689 CALL                 a=48 b=100 c=45 imm=3  ; line 1158
8690 RETURN               R48  ; line 1158
8691 JUMP                 -> 8692  ; line 1158
8692 LOAD_CONST           R42 constant[1826]  ; line 1159
8693 MOVE                 R43 <- R1  ; line 1159
8694 MOVE                 R44 <- R42  ; line 1159
8695 HOST_CALL            a=45 b=11 c=43 imm=2  ; line 1159
8696 MOVE                 R46 <- R45  ; line 1159
8697 HOST_CALL            a=47 b=61 c=46 imm=1  ; line 1159
8698 LOAD_CONST           R48 constant[1827]  ; line 1159
8699 MOVE                 R49 <- R47  ; line 1159
8700 MOVE                 R50 <- R48  ; line 1159
8701 HOST_CALL            a=51 b=11 c=49 imm=2  ; line 1159
8702 COMPARE              a=51 b=41 c=52 imm=1  ; line 1159
8703 JUMP_IF_FALSE        R52 -> 8713  ; line 1159
8704 LOAD_CONST           R42 constant[1828]  ; line 1159
8705 LOAD_CONST           R43 constant[1829]  ; line 1159
8706 LOAD_CONST           R44 constant[1830]  ; line 1159
8707 MOVE                 R45 <- R42  ; line 1159
8708 MOVE                 R46 <- R43  ; line 1159
8709 MOVE                 R47 <- R44  ; line 1159
8710 CALL                 a=48 b=100 c=45 imm=3  ; line 1159
8711 RETURN               R48  ; line 1159
8712 JUMP                 -> 8713  ; line 1159
8713 LOAD_CONST           R42 constant[1831]  ; line 1160
8714 MOVE                 R43 <- R1  ; line 1160
8715 MOVE                 R44 <- R42  ; line 1160
8716 HOST_CALL            a=45 b=11 c=43 imm=2  ; line 1160
8717 MOVE                 R46 <- R45  ; line 1160
8718 HOST_CALL            a=47 b=61 c=46 imm=1  ; line 1160
8719 LOAD_CONST           R48 constant[1832]  ; line 1160
8720 MOVE                 R49 <- R47  ; line 1160
8721 MOVE                 R50 <- R48  ; line 1160
8722 HOST_CALL            a=51 b=11 c=49 imm=2  ; line 1160
8723 COMPARE              a=51 b=41 c=52 imm=1  ; line 1160
8724 JUMP_IF_FALSE        R52 -> 8734  ; line 1160
8725 LOAD_CONST           R42 constant[1833]  ; line 1160
8726 LOAD_CONST           R43 constant[1834]  ; line 1160
8727 LOAD_CONST           R44 constant[1835]  ; line 1160
8728 MOVE                 R45 <- R42  ; line 1160
8729 MOVE                 R46 <- R43  ; line 1160
8730 MOVE                 R47 <- R44  ; line 1160
8731 CALL                 a=48 b=100 c=45 imm=3  ; line 1160
8732 RETURN               R48  ; line 1160
8733 JUMP                 -> 8734  ; line 1160
8734 LOAD_CONST           R42 constant[1836]  ; line 1161
8735 LOAD_CONST           R43 constant[1837]  ; line 1161
8736 MOVE                 R44 <- R1  ; line 1161
8737 MOVE                 R45 <- R43  ; line 1161
8738 HOST_CALL            a=46 b=11 c=44 imm=2  ; line 1161
8739 LOAD_CONST           R47 constant[1838]  ; line 1161
8740 LOAD_CONST           R48 constant[1839]  ; line 1161
8741 MOVE                 R49 <- R1  ; line 1161
8742 MOVE                 R50 <- R48  ; line 1161
8743 HOST_CALL            a=51 b=11 c=49 imm=2  ; line 1161
8744 LOAD_CONST           R52 constant[1840]  ; line 1161
8745 LOAD_CONST           R53 constant[1841]  ; line 1161
8746 MOVE                 R54 <- R1  ; line 1161
8747 MOVE                 R55 <- R53  ; line 1161
8748 HOST_CALL            a=56 b=11 c=54 imm=2  ; line 1161
8749 LOAD_CONST           R57 constant[1842]  ; line 1161
8750 LOAD_CONST           R58 constant[1843]  ; line 1161
8751 MOVE                 R59 <- R1  ; line 1161
8752 MOVE                 R60 <- R58  ; line 1161
8753 HOST_CALL            a=61 b=11 c=59 imm=2  ; line 1161
8754 LOAD_CONST           R62 constant[1844]  ; line 1161
8755 LOAD_CONST           R63 constant[1845]  ; line 1161
8756 MOVE                 R64 <- R1  ; line 1161
8757 MOVE                 R65 <- R63  ; line 1161
8758 HOST_CALL            a=66 b=11 c=64 imm=2  ; line 1161
8759 LOAD_CONST           R67 constant[1846]  ; line 1161
8760 LOAD_CONST           R68 constant[1847]  ; line 1161
8761 MOVE                 R69 <- R1  ; line 1161
8762 MOVE                 R70 <- R68  ; line 1161
8763 HOST_CALL            a=71 b=11 c=69 imm=2  ; line 1161
8764 LOAD_CONST           R72 constant[1848]  ; line 1161
8765 LOAD_CONST           R73 constant[1849]  ; line 1161
8766 MOVE                 R74 <- R42  ; line 1161
8767 MOVE                 R75 <- R46  ; line 1161
8768 MOVE                 R76 <- R47  ; line 1161
8769 MOVE                 R77 <- R51  ; line 1161
8770 MOVE                 R78 <- R52  ; line 1161
8771 MOVE                 R79 <- R56  ; line 1161
8772 MOVE                 R80 <- R57  ; line 1161
8773 MOVE                 R81 <- R61  ; line 1161
8774 MOVE                 R82 <- R62  ; line 1161
8775 MOVE                 R83 <- R66  ; line 1161
8776 MOVE                 R84 <- R67  ; line 1161
8777 MOVE                 R85 <- R71  ; line 1161
8778 MOVE                 R86 <- R72  ; line 1161
8779 MOVE                 R87 <- R73  ; line 1161
8780 HOST_CALL            a=88 b=6 c=74 imm=14  ; line 1161
8781 MOVE                 R89 <- R88  ; line 1161
8782 MOVE                 R90 <- R22  ; line 1163
8783 MOVE                 R91 <- R89  ; line 1163
8784 CALL                 a=92 b=140 c=90 imm=2  ; line 1163
8785 MOVE                 R93 <- R92  ; line 1163
8786 LOAD_CONST           R94 constant[1850]  ; line 1164
8787 MOVE                 R95 <- R93  ; line 1164
8788 MOVE                 R96 <- R94  ; line 1164
8789 HOST_CALL            a=97 b=11 c=95 imm=2  ; line 1164
8790 UNARY                a=97 b=98 c=4294967295 imm=1  ; line 1164
8791 JUMP_IF_FALSE        R98 -> 8794  ; line 1164
8792 RETURN               R93  ; line 1164
8793 JUMP                 -> 8794  ; line 1164
8794 LOAD_CONST           R94 constant[1851]  ; line 1165
8795 MOVE                 R95 <- R93  ; line 1165
8796 MOVE                 R96 <- R94  ; line 1165
8797 HOST_CALL            a=97 b=11 c=95 imm=2  ; line 1165
8798 MOVE                 R98 <- R97  ; line 1165
8799 LOAD_CONST           R99 constant[1852]  ; line 1166
8800 LOAD_CONST           R100 constant[1853]  ; line 1166
8801 LOAD_CONST           R101 constant[1854]  ; line 1166
8802 LOAD_CONST           R102 constant[1855]  ; line 1166
8803 LOAD_CONST           R103 constant[1856]  ; line 1166
8804 LOAD_CONST           R104 constant[1857]  ; line 1166
8805 LOAD_CONST           R105 constant[1858]  ; line 1166
8806 LOAD_CONST           R106 constant[1859]  ; line 1166
8807 LOAD_CONST           R107 constant[1860]  ; line 1166
8808 LOAD_CONST           R108 constant[1861]  ; line 1166
8809 MOVE                 R109 <- R107  ; line 1166
8810 MOVE                 R110 <- R108  ; line 1166
8811 HOST_CALL            a=111 b=6 c=109 imm=2  ; line 1166
8812 LOAD_CONST           R112 constant[1862]  ; line 1166
8813 ARRAY_NEW            a=113 b=113 c=0 imm=4294967295  ; line 1166
8814 LOAD_CONST           R114 constant[1863]  ; line 1166
8815 LOAD_CONST           R115 constant[1864]  ; line 1166
8816 LOAD_CONST           R116 constant[1865]  ; line 1166
8817 MOVE                 R117 <- R25  ; line 1166
8818 MOVE                 R118 <- R116  ; line 1166
8819 HOST_CALL            a=119 b=11 c=117 imm=2  ; line 1166
8820 LOAD_CONST           R120 constant[1866]  ; line 1166
8821 LOAD_CONST           R121 constant[1867]  ; line 1166
8822 MOVE                 R122 <- R115  ; line 1166
8823 MOVE                 R123 <- R119  ; line 1166
8824 MOVE                 R124 <- R120  ; line 1166
8825 MOVE                 R125 <- R36  ; line 1166
8826 MOVE                 R126 <- R121  ; line 1166
8827 MOVE                 R127 <- R41  ; line 1166
8828 HOST_CALL            a=128 b=6 c=122 imm=6  ; line 1166
8829 LOAD_CONST           R129 constant[1868]  ; line 1166
8830 LOAD_CONST           R130 constant[1869]  ; line 1166
8831 LOAD_CONST           R131 constant[1870]  ; line 1166
8832 MOVE                 R132 <- R22  ; line 1166
8833 HOST_CALL            a=133 b=60 c=132 imm=1  ; line 1166
8834 LOAD_CONST           R134 constant[1871]  ; line 1166
8835 LOAD_CONST           R135 constant[1872]  ; line 1166
8836 MOVE                 R136 <- R99  ; line 1166
8837 MOVE                 R137 <- R100  ; line 1166
8838 MOVE                 R138 <- R101  ; line 1166
8839 MOVE                 R139 <- R102  ; line 1166
8840 MOVE                 R140 <- R103  ; line 1166
8841 MOVE                 R141 <- R104  ; line 1166
8842 MOVE                 R142 <- R105  ; line 1166
8843 MOVE                 R143 <- R89  ; line 1166
8844 MOVE                 R144 <- R106  ; line 1166
8845 MOVE                 R145 <- R111  ; line 1166
8846 MOVE                 R146 <- R112  ; line 1166
8847 MOVE                 R147 <- R113  ; line 1166
8848 MOVE                 R148 <- R114  ; line 1166
8849 MOVE                 R149 <- R128  ; line 1166
8850 MOVE                 R150 <- R129  ; line 1166
8851 MOVE                 R151 <- R130  ; line 1166
8852 MOVE                 R152 <- R131  ; line 1166
8853 MOVE                 R153 <- R133  ; line 1166
8854 MOVE                 R154 <- R134  ; line 1166
8855 MOVE                 R155 <- R135  ; line 1166
8856 HOST_CALL            a=156 b=6 c=136 imm=20  ; line 1166
8857 MOVE                 R157 <- R156  ; line 1166
8858 LOAD_CONST           R158 constant[1873]  ; line 1170
8859 MOVE                 R159 <- R98  ; line 1170
8860 MOVE                 R160 <- R158  ; line 1170
8861 HOST_CALL            a=161 b=11 c=159 imm=2  ; line 1170
8862 MOVE                 R162 <- R161  ; line 1170
8863 HOST_CALL            a=163 b=72 c=162 imm=1  ; line 1170
8864 LOAD_CONST           R164 constant[1874]  ; line 1170
8865 MOVE                 R165 <- R98  ; line 1170
8866 MOVE                 R166 <- R164  ; line 1170
8867 HOST_CALL            a=167 b=11 c=165 imm=2  ; line 1170
8868 MOVE                 R168 <- R167  ; line 1170
8869 HOST_CALL            a=169 b=72 c=168 imm=1  ; line 1170
8870 LOAD_CONST           R170 constant[1875]  ; line 1170
8871 LOAD_CONST           R171 constant[1876]  ; line 1170
8872 MOVE                 R172 <- R25  ; line 1170
8873 MOVE                 R173 <- R171  ; line 1170
8874 HOST_CALL            a=174 b=11 c=172 imm=2  ; line 1170
8875 MOVE                 R175 <- R170  ; line 1170
8876 MOVE                 R176 <- R174  ; line 1170
8877 HOST_CALL            a=177 b=6 c=175 imm=2  ; line 1170
8878 LOAD_CONST           R178 constant[1877]  ; line 1170
8879 LOAD_CONST           R179 constant[1878]  ; line 1170
8880 LOAD_CONST           R180 constant[1879]  ; line 1170
8881 MOVE                 R181 <- R179  ; line 1170
8882 MOVE                 R182 <- R180  ; line 1170
8883 ARRAY_NEW            a=183 b=181 c=2 imm=4294967295  ; line 1170
8884 MOVE                 R184 <- R157  ; line 1170
8885 MOVE                 R185 <- R163  ; line 1170
8886 MOVE                 R186 <- R169  ; line 1170
8887 MOVE                 R187 <- R177  ; line 1170
8888 MOVE                 R188 <- R178  ; line 1170
8889 MOVE                 R189 <- R183  ; line 1170
8890 CALL                 a=190 b=115 c=184 imm=6  ; line 1170
8891 RETURN               R190  ; line 1170
8892 LOAD_CONST           R191 constant[1880]  ; line 1170
8893 RETURN               R191  ; line 1170
8894 LOAD_CONST           R2 constant[1881]  ; line 1176
8895 MOVE                 R3 <- R0  ; line 1176
8896 MOVE                 R4 <- R2  ; line 1176
8897 HOST_CALL            a=5 b=11 c=3 imm=2  ; line 1176
8898 MOVE                 R6 <- R1  ; line 1176
8899 MOVE                 R7 <- R5  ; line 1176
8900 CALL                 a=8 b=141 c=6 imm=2  ; line 1176
8901 MOVE                 R9 <- R8  ; line 1176
8902 LOAD_CONST           R10 constant[1882]  ; line 1177
8903 MOVE                 R11 <- R9  ; line 1177
8904 MOVE                 R12 <- R10  ; line 1177
8905 HOST_CALL            a=13 b=11 c=11 imm=2  ; line 1177
8906 MOVE                 R14 <- R13  ; line 1177
8907 LOAD_CONST           R15 constant[1883]  ; line 1178
8908 MOVE                 R16 <- R9  ; line 1178
8909 MOVE                 R17 <- R15  ; line 1178
8910 HOST_CALL            a=18 b=11 c=16 imm=2  ; line 1178
8911 MOVE                 R19 <- R18  ; line 1178
8912 MOVE                 R20 <- R14  ; line 1179
8913 HOST_CALL            a=21 b=26 c=20 imm=1  ; line 1179
8914 LOAD_CONST           R22 constant[1884]  ; line 1179
8915 BINARY               a=21 b=22 c=23 imm=1  ; line 1179
8916 MOVE                 R24 <- R23  ; line 1179
8917 LOAD_CONST           R25 constant[1885]  ; line 1180
8918 COMPARE              a=24 b=25 c=26 imm=5  ; line 1180
8919 JUMP_IF_FALSE        R26 -> 8994  ; line 1180
8920 LOAD_CONST           R25 constant[1886]  ; line 1181
8921 MOVE                 R26 <- R9  ; line 1181
8922 MOVE                 R27 <- R25  ; line 1181
8923 HOST_CALL            a=28 b=11 c=26 imm=2  ; line 1181
8924 LOAD_CONST           R29 constant[1887]  ; line 1181
8925 BINARY               a=24 b=29 c=30 imm=0  ; line 1181
8926 MOVE                 R31 <- R28  ; line 1181
8927 MOVE                 R32 <- R30  ; line 1181
8928 HOST_CALL            a=33 b=11 c=31 imm=2  ; line 1181
8929 MOVE                 R34 <- R33  ; line 1181
8930 LOAD_CONST           R35 constant[1888]  ; line 1182
8931 MOVE                 R36 <- R35  ; line 1182
8932 LOAD_CONST           R37 constant[1889]  ; line 1183
8933 COMPARE              a=34 b=37 c=38 imm=4  ; line 1183
8934 JUMP_IF_FALSE        R38 -> 8950  ; line 1183
8935 MOVE                 R37 <- R19  ; line 1184
8936 MOVE                 R38 <- R24  ; line 1184
8937 HOST_CALL            a=39 b=11 c=37 imm=2  ; line 1184
8938 LOAD_CONST           R40 constant[1890]  ; line 1184
8939 MOVE                 R41 <- R0  ; line 1184
8940 MOVE                 R42 <- R40  ; line 1184
8941 HOST_CALL            a=43 b=11 c=41 imm=2  ; line 1184
8942 LOAD_CONST           R44 constant[1891]  ; line 1184
8943 MOVE                 R45 <- R43  ; line 1184
8944 MOVE                 R46 <- R44  ; line 1184
8945 HOST_CALL            a=47 b=11 c=45 imm=2  ; line 1184
8946 BINARY               a=39 b=47 c=48 imm=2  ; line 1184
8947 BINARY               a=48 b=34 c=49 imm=3  ; line 1184
8948 MOVE                 R36 <- R49  ; line 1184
8949 JUMP                 -> 8950  ; line 1184
8950 MOVE                 R37 <- R14  ; line 1186
8951 MOVE                 R38 <- R24  ; line 1186
8952 HOST_CALL            a=39 b=11 c=37 imm=2  ; line 1186
8953 LOAD_CONST           R40 constant[1892]  ; line 1186
8954 BINARY               a=24 b=40 c=41 imm=0  ; line 1186
8955 MOVE                 R42 <- R14  ; line 1186
8956 MOVE                 R43 <- R41  ; line 1186
8957 HOST_CALL            a=44 b=11 c=42 imm=2  ; line 1186
8958 LOAD_CONST           R45 constant[1893]  ; line 1186
8959 MOVE                 R46 <- R9  ; line 1186
8960 MOVE                 R47 <- R45  ; line 1186
8961 HOST_CALL            a=48 b=11 c=46 imm=2  ; line 1186
8962 LOAD_CONST           R49 constant[1894]  ; line 1186
8963 BINARY               a=24 b=49 c=50 imm=0  ; line 1186
8964 MOVE                 R51 <- R48  ; line 1186
8965 MOVE                 R52 <- R50  ; line 1186
8966 HOST_CALL            a=53 b=11 c=51 imm=2  ; line 1186
8967 BINARY               a=44 b=53 c=54 imm=1  ; line 1186
8968 BINARY               a=36 b=54 c=55 imm=2  ; line 1186
8969 BINARY               a=39 b=55 c=56 imm=0  ; line 1186
8970 MOVE                 R57 <- R14  ; line 1186
8971 MOVE                 R58 <- R24  ; line 1186
8972 MOVE                 R59 <- R56  ; line 1186
8973 HOST_CALL            a=60 b=12 c=57 imm=3  ; line 1186
8974 MOVE                 R37 <- R19  ; line 1188
8975 MOVE                 R38 <- R24  ; line 1188
8976 HOST_CALL            a=39 b=11 c=37 imm=2  ; line 1188
8977 BINARY               a=36 b=36 c=40 imm=2  ; line 1188
8978 LOAD_CONST           R41 constant[1895]  ; line 1188
8979 BINARY               a=24 b=41 c=42 imm=0  ; line 1188
8980 MOVE                 R43 <- R19  ; line 1188
8981 MOVE                 R44 <- R42  ; line 1188
8982 HOST_CALL            a=45 b=11 c=43 imm=2  ; line 1188
8983 BINARY               a=45 b=34 c=46 imm=1  ; line 1188
8984 BINARY               a=40 b=46 c=47 imm=2  ; line 1188
8985 BINARY               a=39 b=47 c=48 imm=0  ; line 1188
8986 MOVE                 R49 <- R19  ; line 1188
8987 MOVE                 R50 <- R24  ; line 1188
8988 MOVE                 R51 <- R48  ; line 1188
8989 HOST_CALL            a=52 b=12 c=49 imm=3  ; line 1188
8990 LOAD_CONST           R37 constant[1896]  ; line 1190
8991 BINARY               a=24 b=37 c=38 imm=1  ; line 1190
8992 MOVE                 R24 <- R38  ; line 1190
8993 JUMP                 -> 8917  ; line 1190
8994 LOAD_CONST           R37 constant[1897]  ; line 1192
8995 MOVE                 R38 <- R14  ; line 1192
8996 HOST_CALL            a=39 b=72 c=38 imm=1  ; line 1192
8997 LOAD_CONST           R40 constant[1898]  ; line 1192
8998 MOVE                 R41 <- R19  ; line 1192
8999 HOST_CALL            a=42 b=72 c=41 imm=1  ; line 1192
9000 MOVE                 R43 <- R37  ; line 1192
9001 MOVE                 R44 <- R39  ; line 1192
9002 MOVE                 R45 <- R40  ; line 1192
9003 MOVE                 R46 <- R42  ; line 1192
9004 HOST_CALL            a=47 b=6 c=43 imm=4  ; line 1192
9005 RETURN               R47  ; line 1192
9006 LOAD_CONST           R48 constant[1899]  ; line 1192
9007 RETURN               R48  ; line 1192
9008 LOAD_CONST           R2 constant[1900]  ; line 1196
9009 MOVE                 R3 <- R0  ; line 1196
9010 MOVE                 R4 <- R2  ; line 1196
9011 HOST_CALL            a=5 b=11 c=3 imm=2  ; line 1196
9012 MOVE                 R6 <- R1  ; line 1196
9013 MOVE                 R7 <- R5  ; line 1196
9014 CALL                 a=8 b=140 c=6 imm=2  ; line 1196
9015 MOVE                 R9 <- R8  ; line 1196
9016 LOAD_CONST           R10 constant[1901]  ; line 1197
9017 MOVE                 R11 <- R9  ; line 1197
9018 MOVE                 R12 <- R10  ; line 1197
9019 HOST_CALL            a=13 b=11 c=11 imm=2  ; line 1197
9020 UNARY                a=13 b=14 c=4294967295 imm=1  ; line 1197
9021 JUMP_IF_FALSE        R14 -> 9024  ; line 1197
9022 RETURN               R9  ; line 1197
9023 JUMP                 -> 9024  ; line 1197
9024 LOAD_CONST           R10 constant[1902]  ; line 1198
9025 MOVE                 R11 <- R9  ; line 1198
9026 MOVE                 R12 <- R10  ; line 1198
9027 HOST_CALL            a=13 b=11 c=11 imm=2  ; line 1198
9028 MOVE                 R14 <- R13  ; line 1198
9029 LOAD_CONST           R15 constant[1903]  ; line 1199
9030 MOVE                 R16 <- R14  ; line 1199
9031 MOVE                 R17 <- R15  ; line 1199
9032 HOST_CALL            a=18 b=11 c=16 imm=2  ; line 1199
9033 MOVE                 R19 <- R18  ; line 1199
9034 LOAD_CONST           R20 constant[1904]  ; line 1200
9035 MOVE                 R21 <- R14  ; line 1200
9036 MOVE                 R22 <- R20  ; line 1200
9037 HOST_CALL            a=23 b=11 c=21 imm=2  ; line 1200
9038 MOVE                 R24 <- R23  ; line 1200
9039 LOAD_CONST           R25 constant[1905]  ; line 1201
9040 MOVE                 R26 <- R0  ; line 1201
9041 MOVE                 R27 <- R25  ; line 1201
9042 HOST_CALL            a=28 b=11 c=26 imm=2  ; line 1201
9043 LOAD_CONST           R29 constant[1906]  ; line 1201
9044 MOVE                 R30 <- R28  ; line 1201
9045 MOVE                 R31 <- R29  ; line 1201
9046 HOST_CALL            a=32 b=11 c=30 imm=2  ; line 1201
9047 MOVE                 R33 <- R32  ; line 1201
9048 CALL                 a=34 b=129 c=33 imm=1  ; line 1201
9049 MOVE                 R35 <- R34  ; line 1201
9050 MOVE                 R36 <- R19  ; line 1202
9051 HOST_CALL            a=37 b=26 c=36 imm=1  ; line 1202
9052 LOAD_CONST           R38 constant[1907]  ; line 1202
9053 BINARY               a=37 b=38 c=39 imm=1  ; line 1202
9054 MOVE                 R40 <- R39  ; line 1202
9055 LOAD_CONST           R41 constant[1908]  ; line 1203
9056 COMPARE              a=40 b=41 c=42 imm=5  ; line 1203
9057 JUMP_IF_FALSE        R42 -> 9163  ; line 1203
9058 LOAD_CONST           R41 constant[1909]  ; line 1204
9059 MOVE                 R42 <- R14  ; line 1204
9060 MOVE                 R43 <- R41  ; line 1204
9061 HOST_CALL            a=44 b=11 c=42 imm=2  ; line 1204
9062 LOAD_CONST           R45 constant[1910]  ; line 1204
9063 BINARY               a=40 b=45 c=46 imm=0  ; line 1204
9064 MOVE                 R47 <- R44  ; line 1204
9065 MOVE                 R48 <- R46  ; line 1204
9066 HOST_CALL            a=49 b=11 c=47 imm=2  ; line 1204
9067 MOVE                 R50 <- R49  ; line 1204
9068 CALL                 a=51 b=138 c=50 imm=1  ; line 1204
9069 MOVE                 R52 <- R51  ; line 1204
9070 LOAD_CONST           R53 constant[1911]  ; line 1205
9071 MOVE                 R54 <- R52  ; line 1205
9072 MOVE                 R55 <- R53  ; line 1205
9073 HOST_CALL            a=56 b=11 c=54 imm=2  ; line 1205
9074 UNARY                a=56 b=57 c=4294967295 imm=1  ; line 1205
9075 JUMP_IF_FALSE        R57 -> 9078  ; line 1205
9076 RETURN               R52  ; line 1205
9077 JUMP                 -> 9078  ; line 1205
9078 MOVE                 R53 <- R24  ; line 1206
9079 MOVE                 R54 <- R40  ; line 1206
9080 HOST_CALL            a=55 b=11 c=53 imm=2  ; line 1206
9081 MOVE                 R56 <- R35  ; line 1206
9082 CALL                 a=57 b=131 c=56 imm=1  ; line 1206
9083 MOVE                 R58 <- R55  ; line 1206
9084 MOVE                 R59 <- R57  ; line 1206
9085 CALL                 a=60 b=134 c=58 imm=2  ; line 1206
9086 LOAD_CONST           R61 constant[1912]  ; line 1206
9087 MOVE                 R62 <- R52  ; line 1206
9088 MOVE                 R63 <- R61  ; line 1206
9089 HOST_CALL            a=64 b=11 c=62 imm=2  ; line 1206
9090 MOVE                 R65 <- R60  ; line 1206
9091 MOVE                 R66 <- R64  ; line 1206
9092 CALL                 a=67 b=134 c=65 imm=2  ; line 1206
9093 MOVE                 R68 <- R67  ; line 1206
9094 MOVE                 R69 <- R19  ; line 1207
9095 MOVE                 R70 <- R40  ; line 1207
9096 HOST_CALL            a=71 b=11 c=69 imm=2  ; line 1207
9097 LOAD_CONST           R72 constant[1913]  ; line 1207
9098 BINARY               a=40 b=72 c=73 imm=0  ; line 1207
9099 MOVE                 R74 <- R19  ; line 1207
9100 MOVE                 R75 <- R73  ; line 1207
9101 HOST_CALL            a=76 b=11 c=74 imm=2  ; line 1207
9102 LOAD_CONST           R77 constant[1914]  ; line 1207
9103 MOVE                 R78 <- R14  ; line 1207
9104 MOVE                 R79 <- R77  ; line 1207
9105 HOST_CALL            a=80 b=11 c=78 imm=2  ; line 1207
9106 LOAD_CONST           R81 constant[1915]  ; line 1207
9107 BINARY               a=40 b=81 c=82 imm=0  ; line 1207
9108 MOVE                 R83 <- R80  ; line 1207
9109 MOVE                 R84 <- R82  ; line 1207
9110 HOST_CALL            a=85 b=11 c=83 imm=2  ; line 1207
9111 MOVE                 R86 <- R76  ; line 1207
9112 MOVE                 R87 <- R85  ; line 1207
9113 CALL                 a=88 b=137 c=86 imm=2  ; line 1207
9114 MOVE                 R89 <- R68  ; line 1207
9115 MOVE                 R90 <- R88  ; line 1207
9116 CALL                 a=91 b=135 c=89 imm=2  ; line 1207
9117 MOVE                 R92 <- R71  ; line 1207
9118 MOVE                 R93 <- R91  ; line 1207
9119 CALL                 a=94 b=136 c=92 imm=2  ; line 1207
9120 MOVE                 R95 <- R19  ; line 1207
9121 MOVE                 R96 <- R40  ; line 1207
9122 MOVE                 R97 <- R94  ; line 1207
9123 HOST_CALL            a=98 b=12 c=95 imm=3  ; line 1207
9124 MOVE                 R69 <- R24  ; line 1209
9125 MOVE                 R70 <- R40  ; line 1209
9126 HOST_CALL            a=71 b=11 c=69 imm=2  ; line 1209
9127 LOAD_CONST           R72 constant[1916]  ; line 1209
9128 BINARY               a=40 b=72 c=73 imm=0  ; line 1209
9129 MOVE                 R74 <- R24  ; line 1209
9130 MOVE                 R75 <- R73  ; line 1209
9131 HOST_CALL            a=76 b=11 c=74 imm=2  ; line 1209
9132 LOAD_CONST           R77 constant[1917]  ; line 1209
9133 MOVE                 R78 <- R14  ; line 1209
9134 MOVE                 R79 <- R77  ; line 1209
9135 HOST_CALL            a=80 b=11 c=78 imm=2  ; line 1209
9136 LOAD_CONST           R81 constant[1918]  ; line 1209
9137 BINARY               a=40 b=81 c=82 imm=0  ; line 1209
9138 MOVE                 R83 <- R80  ; line 1209
9139 MOVE                 R84 <- R82  ; line 1209
9140 HOST_CALL            a=85 b=11 c=83 imm=2  ; line 1209
9141 MOVE                 R86 <- R76  ; line 1209
9142 MOVE                 R87 <- R85  ; line 1209
9143 CALL                 a=88 b=133 c=86 imm=2  ; line 1209
9144 MOVE                 R89 <- R68  ; line 1209
9145 MOVE                 R90 <- R88  ; line 1209
9146 CALL                 a=91 b=134 c=89 imm=2  ; line 1209
9147 MOVE                 R92 <- R68  ; line 1209
9148 CALL                 a=93 b=131 c=92 imm=1  ; line 1209
9149 MOVE                 R94 <- R91  ; line 1209
9150 MOVE                 R95 <- R93  ; line 1209
9151 CALL                 a=96 b=134 c=94 imm=2  ; line 1209
9152 MOVE                 R97 <- R71  ; line 1209
9153 MOVE                 R98 <- R96  ; line 1209
9154 CALL                 a=99 b=132 c=97 imm=2  ; line 1209
9155 MOVE                 R100 <- R24  ; line 1209
9156 MOVE                 R101 <- R40  ; line 1209
9157 MOVE                 R102 <- R99  ; line 1209
9158 HOST_CALL            a=103 b=12 c=100 imm=3  ; line 1209
9159 LOAD_CONST           R69 constant[1919]  ; line 1212
9160 BINARY               a=40 b=69 c=70 imm=1  ; line 1212
9161 MOVE                 R40 <- R70  ; line 1212
9162 JUMP                 -> 9055  ; line 1212
9163 LOAD_CONST           R69 constant[1920]  ; line 1214
9164 LOAD_CONST           R70 constant[1921]  ; line 1214
9165 MOVE                 R71 <- R19  ; line 1214
9166 HOST_CALL            a=72 b=72 c=71 imm=1  ; line 1214
9167 LOAD_CONST           R73 constant[1922]  ; line 1214
9168 MOVE                 R74 <- R24  ; line 1214
9169 HOST_CALL            a=75 b=72 c=74 imm=1  ; line 1214
9170 MOVE                 R76 <- R70  ; line 1214
9171 MOVE                 R77 <- R72  ; line 1214
9172 MOVE                 R78 <- R73  ; line 1214
9173 MOVE                 R79 <- R75  ; line 1214
9174 HOST_CALL            a=80 b=6 c=76 imm=4  ; line 1214
9175 MOVE                 R81 <- R69  ; line 1214
9176 MOVE                 R82 <- R80  ; line 1214
9177 ARRAY_NEW            a=83 b=81 c=2 imm=4294967295  ; line 1214
9178 RETURN               R83  ; line 1214
9179 LOAD_CONST           R84 constant[1923]  ; line 1214
9180 RETURN               R84  ; line 1214
9181 MOVE                 R2 <- R0  ; line 1218
9182 HOST_CALL            a=3 b=86 c=2 imm=1  ; line 1218
9183 LOAD_CONST           R4 constant[1924]  ; line 1218
9184 COMPARE              a=3 b=4 c=5 imm=1  ; line 1218
9185 JUMP_IF_FALSE        R5 -> 9195  ; line 1218
9186 LOAD_CONST           R2 constant[1925]  ; line 1218
9187 LOAD_CONST           R3 constant[1926]  ; line 1218
9188 LOAD_CONST           R4 constant[1927]  ; line 1218
9189 MOVE                 R5 <- R2  ; line 1218
9190 MOVE                 R6 <- R3  ; line 1218
9191 MOVE                 R7 <- R4  ; line 1218
9192 CALL                 a=8 b=100 c=5 imm=3  ; line 1218
9193 RETURN               R8  ; line 1218
9194 JUMP                 -> 9195  ; line 1218
9195 LOAD_CONST           R2 constant[1928]  ; line 1219
9196 MOVE                 R3 <- R0  ; line 1219
9197 MOVE                 R4 <- R2  ; line 1219
9198 HOST_CALL            a=5 b=7 c=3 imm=2  ; line 1219
9199 UNARY                a=5 b=6 c=4294967295 imm=1  ; line 1219
9200 JUMP_IF_FALSE        R6 -> 9210  ; line 1219
9201 LOAD_CONST           R2 constant[1929]  ; line 1219
9202 LOAD_CONST           R3 constant[1930]  ; line 1219
9203 LOAD_CONST           R4 constant[1931]  ; line 1219
9204 MOVE                 R5 <- R2  ; line 1219
9205 MOVE                 R6 <- R3  ; line 1219
9206 MOVE                 R7 <- R4  ; line 1219
9207 CALL                 a=8 b=100 c=5 imm=3  ; line 1219
9208 RETURN               R8  ; line 1219
9209 JUMP                 -> 9210  ; line 1219
9210 LOAD_CONST           R2 constant[1932]  ; line 1220
9211 MOVE                 R3 <- R0  ; line 1220
9212 MOVE                 R4 <- R2  ; line 1220
9213 HOST_CALL            a=5 b=11 c=3 imm=2  ; line 1220
9214 MOVE                 R6 <- R5  ; line 1220
9215 MOVE                 R7 <- R6  ; line 1221
9216 CALL                 a=8 b=109 c=7 imm=1  ; line 1221
9217 MOVE                 R9 <- R8  ; line 1221
9218 LOAD_CONST           R10 constant[1933]  ; line 1222
9219 LOAD_CONST           R11 constant[1934]  ; line 1222
9220 MOVE                 R12 <- R1  ; line 1222
9221 MOVE                 R13 <- R10  ; line 1222
9222 MOVE                 R14 <- R11  ; line 1222
9223 CALL                 a=15 b=101 c=12 imm=3  ; line 1222
9224 MOVE                 R16 <- R15  ; line 1222
9225 LOAD_CONST           R17 constant[1935]  ; line 1223
9226 LOAD_CONST           R18 constant[1936]  ; line 1223
9227 MOVE                 R19 <- R1  ; line 1223
9228 MOVE                 R20 <- R17  ; line 1223
9229 MOVE                 R21 <- R18  ; line 1223
9230 CALL                 a=22 b=101 c=19 imm=3  ; line 1223
9231 MOVE                 R23 <- R22  ; line 1223
9232 LOAD_CONST           R24 constant[1937]  ; line 1224
9233 COMPARE              a=9 b=24 c=25 imm=2  ; line 1224
9234 JUMP_IF_FALSE        R25 -> 9244  ; line 1224
9235 LOAD_CONST           R24 constant[1938]  ; line 1224
9236 LOAD_CONST           R25 constant[1939]  ; line 1224
9237 LOAD_CONST           R26 constant[1940]  ; line 1224
9238 MOVE                 R27 <- R24  ; line 1224
9239 MOVE                 R28 <- R25  ; line 1224
9240 MOVE                 R29 <- R26  ; line 1224
9241 CALL                 a=30 b=100 c=27 imm=3  ; line 1224
9242 RETURN               R30  ; line 1224
9243 JUMP                 -> 9244  ; line 1224
9244 LOAD_CONST           R24 constant[1941]  ; line 1225
9245 COMPARE              a=16 b=24 c=25 imm=2  ; line 1225
9246 JUMP_IF_FALSE        R25 -> 9256  ; line 1225
9247 LOAD_CONST           R24 constant[1942]  ; line 1225
9248 LOAD_CONST           R25 constant[1943]  ; line 1225
9249 LOAD_CONST           R26 constant[1944]  ; line 1225
9250 MOVE                 R27 <- R24  ; line 1225
9251 MOVE                 R28 <- R25  ; line 1225
9252 MOVE                 R29 <- R26  ; line 1225
9253 CALL                 a=30 b=100 c=27 imm=3  ; line 1225
9254 RETURN               R30  ; line 1225
9255 JUMP                 -> 9256  ; line 1225
9256 LOAD_CONST           R24 constant[1945]  ; line 1226
9257 COMPARE              a=23 b=24 c=25 imm=2  ; line 1226
9258 JUMP_IF_FALSE        R25 -> 9268  ; line 1226
9259 LOAD_CONST           R24 constant[1946]  ; line 1226
9260 LOAD_CONST           R25 constant[1947]  ; line 1226
9261 LOAD_CONST           R26 constant[1948]  ; line 1226
9262 MOVE                 R27 <- R24  ; line 1226
9263 MOVE                 R28 <- R25  ; line 1226
9264 MOVE                 R29 <- R26  ; line 1226
9265 CALL                 a=30 b=100 c=27 imm=3  ; line 1226
9266 RETURN               R30  ; line 1226
9267 JUMP                 -> 9268  ; line 1226
9268 LOAD_CONST           R24 constant[1949]  ; line 1227
9269 MOVE                 R25 <- R24  ; line 1227
9270 COMPARE              a=25 b=9 c=26 imm=2  ; line 1228
9271 JUMP_IF_FALSE        R26 -> 9316  ; line 1228
9272 MOVE                 R26 <- R6  ; line 1229
9273 MOVE                 R27 <- R25  ; line 1229
9274 HOST_CALL            a=28 b=11 c=26 imm=2  ; line 1229
9275 MOVE                 R29 <- R28  ; line 1229
9276 LOAD_CONST           R30 constant[1950]  ; line 1230
9277 COMPARE              a=29 b=30 c=31 imm=2  ; line 1230
9278 JUMP_IF_FALSE        R31 -> 9288  ; line 1230
9279 LOAD_CONST           R30 constant[1951]  ; line 1230
9280 LOAD_CONST           R31 constant[1952]  ; line 1230
9281 LOAD_CONST           R32 constant[1953]  ; line 1230
9282 MOVE                 R33 <- R30  ; line 1230
9283 MOVE                 R34 <- R31  ; line 1230
9284 MOVE                 R35 <- R32  ; line 1230
9285 CALL                 a=36 b=100 c=33 imm=3  ; line 1230
9286 RETURN               R36  ; line 1230
9287 JUMP                 -> 9288  ; line 1230
9288 COMPARE              a=29 b=23 c=30 imm=5  ; line 1231
9289 JUMP_IF_FALSE        R30 -> 9299  ; line 1231
9290 LOAD_CONST           R30 constant[1954]  ; line 1231
9291 LOAD_CONST           R31 constant[1955]  ; line 1231
9292 LOAD_CONST           R32 constant[1956]  ; line 1231
9293 MOVE                 R33 <- R30  ; line 1231
9294 MOVE                 R34 <- R31  ; line 1231
9295 MOVE                 R35 <- R32  ; line 1231
9296 CALL                 a=36 b=100 c=33 imm=3  ; line 1231
9297 RETURN               R36  ; line 1231
9298 JUMP                 -> 9299  ; line 1231
9299 MOVE                 R30 <- R29  ; line 1232
9300 HOST_CALL            a=31 b=84 c=30 imm=1  ; line 1232
9301 COMPARE              a=31 b=29 c=32 imm=1  ; line 1232
9302 JUMP_IF_FALSE        R32 -> 9312  ; line 1232
9303 LOAD_CONST           R30 constant[1957]  ; line 1232
9304 LOAD_CONST           R31 constant[1958]  ; line 1232
9305 LOAD_CONST           R32 constant[1959]  ; line 1232
9306 MOVE                 R33 <- R30  ; line 1232
9307 MOVE                 R34 <- R31  ; line 1232
9308 MOVE                 R35 <- R32  ; line 1232
9309 CALL                 a=36 b=100 c=33 imm=3  ; line 1232
9310 RETURN               R36  ; line 1232
9311 JUMP                 -> 9312  ; line 1232
9312 LOAD_CONST           R30 constant[1960]  ; line 1233
9313 BINARY               a=25 b=30 c=31 imm=0  ; line 1233
9314 MOVE                 R25 <- R31  ; line 1233
9315 JUMP                 -> 9270  ; line 1233
9316 LOAD_CONST           R30 constant[1961]  ; line 1235
9317 MOVE                 R31 <- R30  ; line 1235
9318 HOST_CALL            a=32 b=22 c=31 imm=1  ; line 1235
9319 MOVE                 R33 <- R32  ; line 1235
9320 LOAD_CONST           R34 constant[1962]  ; line 1236
9321 MOVE                 R35 <- R34  ; line 1236
9322 HOST_CALL            a=36 b=22 c=35 imm=1  ; line 1236
9323 MOVE                 R37 <- R36  ; line 1236
9324 LOAD_CONST           R38 constant[1963]  ; line 1237
9325 MOVE                 R39 <- R38  ; line 1237
9326 COMPARE              a=39 b=16 c=40 imm=2  ; line 1238
9327 JUMP_IF_FALSE        R40 -> 9391  ; line 1238
9328 LOAD_CONST           R40 constant[1964]  ; line 1239
9329 MOVE                 R41 <- R40  ; line 1239
9330 HOST_CALL            a=42 b=22 c=41 imm=1  ; line 1239
9331 MOVE                 R43 <- R42  ; line 1239
9332 LOAD_CONST           R44 constant[1965]  ; line 1240
9333 MOVE                 R45 <- R44  ; line 1240
9334 HOST_CALL            a=46 b=22 c=45 imm=1  ; line 1240
9335 MOVE                 R47 <- R46  ; line 1240
9336 LOAD_CONST           R48 constant[1966]  ; line 1241
9337 MOVE                 R49 <- R48  ; line 1241
9338 COMPARE              a=49 b=16 c=50 imm=2  ; line 1242
9339 JUMP_IF_FALSE        R50 -> 9357  ; line 1242
9340 LOAD_CONST           R50 constant[1967]  ; line 1243
9341 LOAD_CONST           R51 constant[1968]  ; line 1243
9342 BINARY               a=16 b=51 c=52 imm=1  ; line 1243
9343 BINARY               a=50 b=52 c=53 imm=3  ; line 1243
9344 MOVE                 R54 <- R53  ; line 1243
9345 COMPARE              a=39 b=49 c=55 imm=0  ; line 1244
9346 JUMP_IF_FALSE        R55 -> 9350  ; line 1244
9347 LOAD_CONST           R55 constant[1969]  ; line 1244
9348 MOVE                 R54 <- R55  ; line 1244
9349 JUMP                 -> 9350  ; line 1244
9350 MOVE                 R55 <- R43  ; line 1245
9351 MOVE                 R56 <- R54  ; line 1245
9352 HOST_CALL            a=57 b=23 c=55 imm=2  ; line 1245
9353 LOAD_CONST           R55 constant[1970]  ; line 1246
9354 BINARY               a=49 b=55 c=56 imm=0  ; line 1246
9355 MOVE                 R49 <- R56  ; line 1246
9356 JUMP                 -> 9338  ; line 1246
9357 LOAD_CONST           R55 constant[1971]  ; line 1248
9358 MOVE                 R56 <- R55  ; line 1248
9359 COMPARE              a=56 b=23 c=57 imm=2  ; line 1249
9360 JUMP_IF_FALSE        R57 -> 9381  ; line 1249
9361 LOAD_CONST           R57 constant[1972]  ; line 1250
9362 LOAD_CONST           R58 constant[1973]  ; line 1250
9363 BINARY               a=23 b=58 c=59 imm=1  ; line 1250
9364 BINARY               a=57 b=59 c=60 imm=3  ; line 1250
9365 MOVE                 R61 <- R60  ; line 1250
9366 MOVE                 R62 <- R39  ; line 1251
9367 MOVE                 R63 <- R23  ; line 1251
9368 CALL                 a=64 b=104 c=62 imm=2  ; line 1251
9369 COMPARE              a=56 b=64 c=65 imm=0  ; line 1251
9370 JUMP_IF_FALSE        R65 -> 9374  ; line 1251
9371 LOAD_CONST           R62 constant[1974]  ; line 1251
9372 MOVE                 R61 <- R62  ; line 1251
9373 JUMP                 -> 9374  ; line 1251
9374 MOVE                 R62 <- R47  ; line 1252
9375 MOVE                 R63 <- R61  ; line 1252
9376 HOST_CALL            a=64 b=23 c=62 imm=2  ; line 1252
9377 LOAD_CONST           R62 constant[1975]  ; line 1253
9378 BINARY               a=56 b=62 c=63 imm=0  ; line 1253
9379 MOVE                 R56 <- R63  ; line 1253
9380 JUMP                 -> 9359  ; line 1253
9381 MOVE                 R62 <- R33  ; line 1255
9382 MOVE                 R63 <- R43  ; line 1255
9383 HOST_CALL            a=64 b=23 c=62 imm=2  ; line 1255
9384 MOVE                 R62 <- R37  ; line 1256
9385 MOVE                 R63 <- R47  ; line 1256
9386 HOST_CALL            a=64 b=23 c=62 imm=2  ; line 1256
9387 LOAD_CONST           R62 constant[1976]  ; line 1257
9388 BINARY               a=39 b=62 c=63 imm=0  ; line 1257
9389 MOVE                 R39 <- R63  ; line 1257
9390 JUMP                 -> 9326  ; line 1257
9391 LOAD_CONST           R62 constant[1977]  ; line 1259
9392 MOVE                 R63 <- R62  ; line 1259
9393 HOST_CALL            a=64 b=22 c=63 imm=1  ; line 1259
9394 MOVE                 R65 <- R64  ; line 1259
9395 LOAD_CONST           R66 constant[1978]  ; line 1260
9396 MOVE                 R39 <- R66  ; line 1260
9397 COMPARE              a=39 b=16 c=66 imm=2  ; line 1261
9398 JUMP_IF_FALSE        R66 -> 9408  ; line 1261
9399 LOAD_CONST           R66 constant[1979]  ; line 1261
9400 BINARY               a=66 b=16 c=67 imm=3  ; line 1261
9401 MOVE                 R68 <- R65  ; line 1261
9402 MOVE                 R69 <- R67  ; line 1261
9403 HOST_CALL            a=70 b=23 c=68 imm=2  ; line 1261
9404 LOAD_CONST           R66 constant[1980]  ; line 1261
9405 BINARY               a=39 b=66 c=67 imm=0  ; line 1261
9406 MOVE                 R39 <- R67  ; line 1261
9407 JUMP                 -> 9397  ; line 1261
9408 LOAD_CONST           R66 constant[1981]  ; line 1262
9409 LOAD_CONST           R67 constant[1982]  ; line 1262
9410 LOAD_CONST           R68 constant[1983]  ; line 1262
9411 LOAD_CONST           R69 constant[1984]  ; line 1262
9412 LOAD_CONST           R70 constant[1985]  ; line 1262
9413 LOAD_CONST           R71 constant[1986]  ; line 1262
9414 LOAD_CONST           R72 constant[1987]  ; line 1262
9415 LOAD_CONST           R73 constant[1988]  ; line 1262
9416 MOVE                 R74 <- R33  ; line 1262
9417 HOST_CALL            a=75 b=72 c=74 imm=1  ; line 1262
9418 LOAD_CONST           R76 constant[1989]  ; line 1262
9419 MOVE                 R77 <- R37  ; line 1262
9420 HOST_CALL            a=78 b=72 c=77 imm=1  ; line 1262
9421 LOAD_CONST           R79 constant[1990]  ; line 1262
9422 MOVE                 R80 <- R65  ; line 1262
9423 HOST_CALL            a=81 b=72 c=80 imm=1  ; line 1262
9424 LOAD_CONST           R82 constant[1991]  ; line 1262
9425 LOAD_CONST           R83 constant[1992]  ; line 1262
9426 MOVE                 R84 <- R73  ; line 1262
9427 MOVE                 R85 <- R75  ; line 1262
9428 MOVE                 R86 <- R76  ; line 1262
9429 MOVE                 R87 <- R78  ; line 1262
9430 MOVE                 R88 <- R79  ; line 1262
9431 MOVE                 R89 <- R81  ; line 1262
9432 MOVE                 R90 <- R82  ; line 1262
9433 MOVE                 R91 <- R16  ; line 1262
9434 MOVE                 R92 <- R83  ; line 1262
9435 MOVE                 R93 <- R23  ; line 1262
9436 HOST_CALL            a=94 b=6 c=84 imm=10  ; line 1262
9437 LOAD_CONST           R95 constant[1993]  ; line 1262
9438 LOAD_CONST           R96 constant[1994]  ; line 1262
9439 LOAD_CONST           R97 constant[1995]  ; line 1262
9440 MOVE                 R98 <- R96  ; line 1262
9441 MOVE                 R99 <- R97  ; line 1262
9442 HOST_CALL            a=100 b=6 c=98 imm=2  ; line 1262
9443 LOAD_CONST           R101 constant[1996]  ; line 1262
9444 LOAD_CONST           R102 constant[1997]  ; line 1262
9445 LOAD_CONST           R103 constant[1998]  ; line 1262
9446 LOAD_CONST           R104 constant[1999]  ; line 1262
9447 LOAD_CONST           R105 constant[2000]  ; line 1262
9448 LOAD_CONST           R106 constant[2001]  ; line 1262
9449 LOAD_CONST           R107 constant[2002]  ; line 1262
9450 MOVE                 R108 <- R1  ; line 1262
9451 MOVE                 R109 <- R106  ; line 1262
9452 MOVE                 R110 <- R107  ; line 1262
9453 CALL                 a=111 b=101 c=108 imm=3  ; line 1262
9454 MOVE                 R112 <- R103  ; line 1262
9455 MOVE                 R113 <- R104  ; line 1262
9456 MOVE                 R114 <- R105  ; line 1262
9457 MOVE                 R115 <- R111  ; line 1262
9458 HOST_CALL            a=116 b=6 c=112 imm=4  ; line 1262
9459 LOAD_CONST           R117 constant[2003]  ; line 1262
9460 LOAD_CONST           R118 constant[2004]  ; line 1262
9461 LOAD_CONST           R119 constant[2005]  ; line 1262
9462 LOAD_CONST           R120 constant[2006]  ; line 1262
9463 LOAD_CONST           R121 constant[2007]  ; line 1262
9464 LOAD_CONST           R122 constant[2008]  ; line 1262
9465 MOVE                 R123 <- R66  ; line 1262
9466 MOVE                 R124 <- R67  ; line 1262
9467 MOVE                 R125 <- R68  ; line 1262
9468 MOVE                 R126 <- R69  ; line 1262
9469 MOVE                 R127 <- R70  ; line 1262
9470 MOVE                 R128 <- R71  ; line 1262
9471 MOVE                 R129 <- R72  ; line 1262
9472 MOVE                 R130 <- R94  ; line 1262
9473 MOVE                 R131 <- R95  ; line 1262
9474 MOVE                 R132 <- R100  ; line 1262
9475 MOVE                 R133 <- R101  ; line 1262
9476 MOVE                 R134 <- R16  ; line 1262
9477 MOVE                 R135 <- R102  ; line 1262
9478 MOVE                 R136 <- R116  ; line 1262
9479 MOVE                 R137 <- R117  ; line 1262
9480 MOVE                 R138 <- R118  ; line 1262
9481 MOVE                 R139 <- R119  ; line 1262
9482 MOVE                 R140 <- R120  ; line 1262
9483 MOVE                 R141 <- R121  ; line 1262
9484 MOVE                 R142 <- R122  ; line 1262
9485 HOST_CALL            a=143 b=6 c=123 imm=20  ; line 1262
9486 MOVE                 R144 <- R143  ; line 1262
9487 LOAD_CONST           R145 constant[2009]  ; line 1266
9488 LOAD_CONST           R146 constant[2010]  ; line 1266
9489 MOVE                 R147 <- R1  ; line 1266
9490 MOVE                 R148 <- R145  ; line 1266
9491 MOVE                 R149 <- R146  ; line 1266
9492 CALL                 a=150 b=101 c=147 imm=3  ; line 1266
9493 MOVE                 R151 <- R144  ; line 1266
9494 MOVE                 R152 <- R6  ; line 1266
9495 MOVE                 R153 <- R150  ; line 1266
9496 CALL                 a=154 b=155 c=151 imm=3  ; line 1266
9497 MOVE                 R144 <- R154  ; line 1266
9498 MOVE                 R145 <- R144  ; line 1267
9499 MOVE                 R146 <- R6  ; line 1267
9500 CALL                 a=147 b=148 c=145 imm=2  ; line 1267
9501 MOVE                 R148 <- R147  ; line 1267
9502 LOAD_CONST           R149 constant[2011]  ; line 1268
9503 MOVE                 R150 <- R148  ; line 1268
9504 MOVE                 R151 <- R149  ; line 1268
9505 HOST_CALL            a=152 b=11 c=150 imm=2  ; line 1268
9506 LOAD_CONST           R153 constant[2012]  ; line 1268
9507 MOVE                 R154 <- R148  ; line 1268
9508 MOVE                 R155 <- R153  ; line 1268
9509 HOST_CALL            a=156 b=11 c=154 imm=2  ; line 1268
9510 LOAD_CONST           R157 constant[2013]  ; line 1268
9511 LOAD_CONST           R158 constant[2014]  ; line 1268
9512 LOAD_CONST           R159 constant[2015]  ; line 1268
9513 LOAD_CONST           R160 constant[2016]  ; line 1268
9514 MOVE                 R161 <- R1  ; line 1268
9515 MOVE                 R162 <- R159  ; line 1268
9516 MOVE                 R163 <- R160  ; line 1268
9517 CALL                 a=164 b=101 c=161 imm=3  ; line 1268
9518 MOVE                 R165 <- R157  ; line 1268
9519 MOVE                 R166 <- R9  ; line 1268
9520 MOVE                 R167 <- R158  ; line 1268
9521 MOVE                 R168 <- R164  ; line 1268
9522 HOST_CALL            a=169 b=6 c=165 imm=4  ; line 1268
9523 LOAD_CONST           R170 constant[2017]  ; line 1268
9524 LOAD_CONST           R171 constant[2018]  ; line 1268
9525 LOAD_CONST           R172 constant[2019]  ; line 1268
9526 MOVE                 R173 <- R171  ; line 1268
9527 MOVE                 R174 <- R172  ; line 1268
9528 ARRAY_NEW            a=175 b=173 c=2 imm=4294967295  ; line 1268
9529 MOVE                 R176 <- R144  ; line 1268
9530 MOVE                 R177 <- R152  ; line 1268
9531 MOVE                 R178 <- R156  ; line 1268
9532 MOVE                 R179 <- R169  ; line 1268
9533 MOVE                 R180 <- R170  ; line 1268
9534 MOVE                 R181 <- R175  ; line 1268
9535 CALL                 a=182 b=115 c=176 imm=6  ; line 1268
9536 RETURN               R182  ; line 1268
9537 LOAD_CONST           R183 constant[2020]  ; line 1268
9538 RETURN               R183  ; line 1268
9539 MOVE                 R2 <- R1  ; line 1274
9540 CALL                 a=3 b=109 c=2 imm=1  ; line 1274
9541 MOVE                 R4 <- R3  ; line 1274
9542 LOAD_CONST           R5 constant[2021]  ; line 1275
9543 MOVE                 R6 <- R0  ; line 1275
9544 MOVE                 R7 <- R5  ; line 1275
9545 HOST_CALL            a=8 b=11 c=6 imm=2  ; line 1275
9546 LOAD_CONST           R9 constant[2022]  ; line 1275
9547 MOVE                 R10 <- R8  ; line 1275
9548 MOVE                 R11 <- R9  ; line 1275
9549 HOST_CALL            a=12 b=11 c=10 imm=2  ; line 1275
9550 MOVE                 R13 <- R12  ; line 1275
9551 LOAD_CONST           R14 constant[2023]  ; line 1276
9552 MOVE                 R15 <- R14  ; line 1276
9553 HOST_CALL            a=16 b=22 c=15 imm=1  ; line 1276
9554 MOVE                 R17 <- R16  ; line 1276
9555 LOAD_CONST           R18 constant[2024]  ; line 1277
9556 MOVE                 R19 <- R18  ; line 1277
9557 HOST_CALL            a=20 b=22 c=19 imm=1  ; line 1277
9558 MOVE                 R21 <- R20  ; line 1277
9559 LOAD_CONST           R22 constant[2025]  ; line 1278
9560 MOVE                 R23 <- R22  ; line 1278
9561 HOST_CALL            a=24 b=22 c=23 imm=1  ; line 1278
9562 MOVE                 R25 <- R24  ; line 1278
9563 LOAD_CONST           R26 constant[2026]  ; line 1279
9564 MOVE                 R27 <- R26  ; line 1279
9565 COMPARE              a=27 b=13 c=28 imm=2  ; line 1280
9566 JUMP_IF_FALSE        R28 -> 9585  ; line 1280
9567 LOAD_CONST           R28 constant[2027]  ; line 1281
9568 MOVE                 R29 <- R0  ; line 1281
9569 MOVE                 R30 <- R28  ; line 1281
9570 HOST_CALL            a=31 b=11 c=29 imm=2  ; line 1281
9571 LOAD_CONST           R32 constant[2028]  ; line 1281
9572 MOVE                 R33 <- R31  ; line 1281
9573 MOVE                 R34 <- R32  ; line 1281
9574 HOST_CALL            a=35 b=11 c=33 imm=2  ; line 1281
9575 MOVE                 R36 <- R35  ; line 1281
9576 MOVE                 R37 <- R27  ; line 1281
9577 HOST_CALL            a=38 b=11 c=36 imm=2  ; line 1281
9578 MOVE                 R39 <- R25  ; line 1281
9579 MOVE                 R40 <- R38  ; line 1281
9580 HOST_CALL            a=41 b=23 c=39 imm=2  ; line 1281
9581 LOAD_CONST           R28 constant[2029]  ; line 1282
9582 BINARY               a=27 b=28 c=29 imm=0  ; line 1282
9583 MOVE                 R27 <- R29  ; line 1282
9584 JUMP                 -> 9565  ; line 1282
9585 LOAD_CONST           R28 constant[2030]  ; line 1284
9586 MOVE                 R29 <- R28  ; line 1284
9587 COMPARE              a=29 b=4 c=30 imm=2  ; line 1285
9588 JUMP_IF_FALSE        R30 -> 9702  ; line 1285
9589 MOVE                 R30 <- R13  ; line 1286
9590 CALL                 a=31 b=110 c=30 imm=1  ; line 1286
9591 MOVE                 R32 <- R31  ; line 1286
9592 LOAD_CONST           R33 constant[2031]  ; line 1287
9593 MOVE                 R34 <- R33  ; line 1287
9594 LOAD_CONST           R35 constant[2032]  ; line 1288
9595 MOVE                 R27 <- R35  ; line 1288
9596 COMPARE              a=27 b=13 c=35 imm=2  ; line 1289
9597 JUMP_IF_FALSE        R35 -> 9659  ; line 1289
9598 LOAD_CONST           R35 constant[2033]  ; line 1290
9599 MOVE                 R36 <- R35  ; line 1290
9600 LOAD_CONST           R37 constant[2034]  ; line 1291
9601 MOVE                 R38 <- R37  ; line 1291
9602 COMPARE              a=38 b=13 c=39 imm=2  ; line 1292
9603 JUMP_IF_FALSE        R39 -> 9628  ; line 1292
9604 MOVE                 R39 <- R25  ; line 1293
9605 MOVE                 R40 <- R38  ; line 1293
9606 HOST_CALL            a=41 b=11 c=39 imm=2  ; line 1293
9607 LOAD_CONST           R42 constant[2035]  ; line 1293
9608 MOVE                 R43 <- R0  ; line 1293
9609 MOVE                 R44 <- R42  ; line 1293
9610 HOST_CALL            a=45 b=11 c=43 imm=2  ; line 1293
9611 LOAD_CONST           R46 constant[2036]  ; line 1293
9612 MOVE                 R47 <- R45  ; line 1293
9613 MOVE                 R48 <- R46  ; line 1293
9614 HOST_CALL            a=49 b=11 c=47 imm=2  ; line 1293
9615 MOVE                 R50 <- R38  ; line 1293
9616 MOVE                 R51 <- R27  ; line 1293
9617 ARRAY_NEW            a=52 b=50 c=2 imm=4294967295  ; line 1293
9618 MOVE                 R53 <- R49  ; line 1293
9619 MOVE                 R54 <- R52  ; line 1293
9620 HOST_CALL            a=55 b=11 c=53 imm=2  ; line 1293
9621 BINARY               a=41 b=55 c=56 imm=2  ; line 1293
9622 BINARY               a=36 b=56 c=57 imm=0  ; line 1293
9623 MOVE                 R36 <- R57  ; line 1293
9624 LOAD_CONST           R39 constant[2037]  ; line 1294
9625 BINARY               a=38 b=39 c=40 imm=0  ; line 1294
9626 MOVE                 R38 <- R40  ; line 1294
9627 JUMP                 -> 9602  ; line 1294
9628 LOAD_CONST           R39 constant[2038]  ; line 1296
9629 MOVE                 R40 <- R0  ; line 1296
9630 MOVE                 R41 <- R39  ; line 1296
9631 HOST_CALL            a=42 b=11 c=40 imm=2  ; line 1296
9632 LOAD_CONST           R43 constant[2039]  ; line 1296
9633 MOVE                 R44 <- R42  ; line 1296
9634 MOVE                 R45 <- R43  ; line 1296
9635 HOST_CALL            a=46 b=11 c=44 imm=2  ; line 1296
9636 MOVE                 R47 <- R1  ; line 1296
9637 MOVE                 R48 <- R29  ; line 1296
9638 HOST_CALL            a=49 b=11 c=47 imm=2  ; line 1296
9639 MOVE                 R50 <- R27  ; line 1296
9640 MOVE                 R51 <- R49  ; line 1296
9641 ARRAY_NEW            a=52 b=50 c=2 imm=4294967295  ; line 1296
9642 MOVE                 R53 <- R46  ; line 1296
9643 MOVE                 R54 <- R52  ; line 1296
9644 HOST_CALL            a=55 b=11 c=53 imm=2  ; line 1296
9645 BINARY               a=36 b=55 c=56 imm=2  ; line 1296
9646 MOVE                 R57 <- R32  ; line 1296
9647 MOVE                 R58 <- R27  ; line 1296
9648 MOVE                 R59 <- R56  ; line 1296
9649 HOST_CALL            a=60 b=12 c=57 imm=3  ; line 1296
9650 MOVE                 R39 <- R32  ; line 1297
9651 MOVE                 R40 <- R27  ; line 1297
9652 HOST_CALL            a=41 b=11 c=39 imm=2  ; line 1297
9653 BINARY               a=34 b=41 c=42 imm=0  ; line 1297
9654 MOVE                 R34 <- R42  ; line 1297
9655 LOAD_CONST           R39 constant[2040]  ; line 1298
9656 BINARY               a=27 b=39 c=40 imm=0  ; line 1298
9657 MOVE                 R27 <- R40  ; line 1298
9658 JUMP                 -> 9596  ; line 1298
9659 LOAD_CONST           R39 constant[2041]  ; line 1300
9660 MOVE                 R40 <- R39  ; line 1300
9661 HOST_CALL            a=41 b=22 c=40 imm=1  ; line 1300
9662 MOVE                 R42 <- R41  ; line 1300
9663 LOAD_CONST           R43 constant[2042]  ; line 1301
9664 MOVE                 R27 <- R43  ; line 1301
9665 COMPARE              a=27 b=13 c=43 imm=2  ; line 1302
9666 JUMP_IF_FALSE        R43 -> 9691  ; line 1302
9667 MOVE                 R43 <- R32  ; line 1303
9668 MOVE                 R44 <- R27  ; line 1303
9669 HOST_CALL            a=45 b=11 c=43 imm=2  ; line 1303
9670 BINARY               a=45 b=34 c=46 imm=3  ; line 1303
9671 MOVE                 R47 <- R32  ; line 1303
9672 MOVE                 R48 <- R27  ; line 1303
9673 MOVE                 R49 <- R46  ; line 1303
9674 HOST_CALL            a=50 b=12 c=47 imm=3  ; line 1303
9675 MOVE                 R43 <- R32  ; line 1304
9676 MOVE                 R44 <- R27  ; line 1304
9677 HOST_CALL            a=45 b=11 c=43 imm=2  ; line 1304
9678 LOAD_CONST           R46 constant[2043]  ; line 1304
9679 MOVE                 R47 <- R32  ; line 1304
9680 MOVE                 R48 <- R27  ; line 1304
9681 HOST_CALL            a=49 b=11 c=47 imm=2  ; line 1304
9682 BINARY               a=46 b=49 c=50 imm=1  ; line 1304
9683 BINARY               a=45 b=50 c=51 imm=2  ; line 1304
9684 MOVE                 R52 <- R42  ; line 1304
9685 MOVE                 R53 <- R51  ; line 1304
9686 HOST_CALL            a=54 b=23 c=52 imm=2  ; line 1304
9687 LOAD_CONST           R43 constant[2044]  ; line 1305
9688 BINARY               a=27 b=43 c=44 imm=0  ; line 1305
9689 MOVE                 R27 <- R44  ; line 1305
9690 JUMP                 -> 9665  ; line 1305
9691 MOVE                 R43 <- R17  ; line 1307
9692 MOVE                 R44 <- R32  ; line 1307
9693 HOST_CALL            a=45 b=23 c=43 imm=2  ; line 1307
9694 MOVE                 R43 <- R21  ; line 1308
9695 MOVE                 R44 <- R42  ; line 1308
9696 HOST_CALL            a=45 b=23 c=43 imm=2  ; line 1308
9697 MOVE                 R25 <- R32  ; line 1309
9698 LOAD_CONST           R43 constant[2045]  ; line 1310
9699 BINARY               a=29 b=43 c=44 imm=0  ; line 1310
9700 MOVE                 R29 <- R44  ; line 1310
9701 JUMP                 -> 9587  ; line 1310
9702 LOAD_CONST           R43 constant[2046]  ; line 1312
9703 MOVE                 R44 <- R17  ; line 1312
9704 HOST_CALL            a=45 b=72 c=44 imm=1  ; line 1312
9705 LOAD_CONST           R46 constant[2047]  ; line 1312
9706 MOVE                 R47 <- R21  ; line 1312
9707 HOST_CALL            a=48 b=72 c=47 imm=1  ; line 1312
9708 MOVE                 R49 <- R43  ; line 1312
9709 MOVE                 R50 <- R45  ; line 1312
9710 MOVE                 R51 <- R46  ; line 1312
9711 MOVE                 R52 <- R48  ; line 1312
9712 HOST_CALL            a=53 b=6 c=49 imm=4  ; line 1312
9713 RETURN               R53  ; line 1312
9714 LOAD_CONST           R54 constant[2048]  ; line 1312
9715 RETURN               R54  ; line 1312
9716 MOVE                 R2 <- R0  ; line 1316
9717 HOST_CALL            a=3 b=86 c=2 imm=1  ; line 1316
9718 LOAD_CONST           R4 constant[2049]  ; line 1316
9719 COMPARE              a=3 b=4 c=5 imm=1  ; line 1316
9720 JUMP_IF_FALSE        R5 -> 9730  ; line 1316
9721 LOAD_CONST           R2 constant[2050]  ; line 1316
9722 LOAD_CONST           R3 constant[2051]  ; line 1316
9723 LOAD_CONST           R4 constant[2052]  ; line 1316
9724 MOVE                 R5 <- R2  ; line 1316
9725 MOVE                 R6 <- R3  ; line 1316
9726 MOVE                 R7 <- R4  ; line 1316
9727 CALL                 a=8 b=100 c=5 imm=3  ; line 1316
9728 RETURN               R8  ; line 1316
9729 JUMP                 -> 9730  ; line 1316
9730 LOAD_CONST           R2 constant[2053]  ; line 1317
9731 MOVE                 R3 <- R0  ; line 1317
9732 MOVE                 R4 <- R2  ; line 1317
9733 HOST_CALL            a=5 b=7 c=3 imm=2  ; line 1317
9734 UNARY                a=5 b=6 c=4294967295 imm=1  ; line 1317
9735 JUMP_IF_FALSE        R6 -> 9745  ; line 1317
9736 LOAD_CONST           R2 constant[2054]  ; line 1317
9737 LOAD_CONST           R3 constant[2055]  ; line 1317
9738 LOAD_CONST           R4 constant[2056]  ; line 1317
9739 MOVE                 R5 <- R2  ; line 1317
9740 MOVE                 R6 <- R3  ; line 1317
9741 MOVE                 R7 <- R4  ; line 1317
9742 CALL                 a=8 b=100 c=5 imm=3  ; line 1317
9743 RETURN               R8  ; line 1317
9744 JUMP                 -> 9745  ; line 1317
9745 LOAD_CONST           R2 constant[2057]  ; line 1318
9746 MOVE                 R3 <- R0  ; line 1318
9747 MOVE                 R4 <- R2  ; line 1318
9748 HOST_CALL            a=5 b=11 c=3 imm=2  ; line 1318
9749 MOVE                 R6 <- R5  ; line 1318
9750 MOVE                 R7 <- R6  ; line 1319
9751 CALL                 a=8 b=108 c=7 imm=1  ; line 1319
9752 MOVE                 R9 <- R8  ; line 1319
9753 LOAD_CONST           R10 constant[2058]  ; line 1320
9754 COMPARE              a=9 b=10 c=11 imm=0  ; line 1320
9755 JUMP_IF_FALSE        R11 -> 9765  ; line 1320
9756 LOAD_CONST           R10 constant[2059]  ; line 1320
9757 LOAD_CONST           R11 constant[2060]  ; line 1320
9758 LOAD_CONST           R12 constant[2061]  ; line 1320
9759 MOVE                 R13 <- R10  ; line 1320
9760 MOVE                 R14 <- R11  ; line 1320
9761 MOVE                 R15 <- R12  ; line 1320
9762 CALL                 a=16 b=100 c=13 imm=3  ; line 1320
9763 RETURN               R16  ; line 1320
9764 JUMP                 -> 9765  ; line 1320
9765 LOAD_CONST           R10 constant[2062]  ; line 1321
9766 MOVE                 R11 <- R9  ; line 1321
9767 MOVE                 R12 <- R10  ; line 1321
9768 HOST_CALL            a=13 b=11 c=11 imm=2  ; line 1321
9769 LOAD_CONST           R14 constant[2063]  ; line 1321
9770 COMPARE              a=13 b=14 c=15 imm=2  ; line 1321
9771 JUMP_IF_FALSE        R15 -> 9781  ; line 1321
9772 LOAD_CONST           R10 constant[2064]  ; line 1321
9773 LOAD_CONST           R11 constant[2065]  ; line 1321
9774 LOAD_CONST           R12 constant[2066]  ; line 1321
9775 MOVE                 R13 <- R10  ; line 1321
9776 MOVE                 R14 <- R11  ; line 1321
9777 MOVE                 R15 <- R12  ; line 1321
9778 CALL                 a=16 b=100 c=13 imm=3  ; line 1321
9779 RETURN               R16  ; line 1321
9780 JUMP                 -> 9781  ; line 1321
9781 LOAD_CONST           R10 constant[2067]  ; line 1322
9782 LOAD_CONST           R11 constant[2068]  ; line 1322
9783 MOVE                 R12 <- R1  ; line 1322
9784 MOVE                 R13 <- R10  ; line 1322
9785 MOVE                 R14 <- R11  ; line 1322
9786 CALL                 a=15 b=101 c=12 imm=3  ; line 1322
9787 MOVE                 R16 <- R15  ; line 1322
9788 LOAD_CONST           R17 constant[2069]  ; line 1323
9789 COMPARE              a=16 b=17 c=18 imm=2  ; line 1323
9790 JUMP_IF_FALSE        R18 -> 9800  ; line 1323
9791 LOAD_CONST           R17 constant[2070]  ; line 1323
9792 LOAD_CONST           R18 constant[2071]  ; line 1323
9793 LOAD_CONST           R19 constant[2072]  ; line 1323
9794 MOVE                 R20 <- R17  ; line 1323
9795 MOVE                 R21 <- R18  ; line 1323
9796 MOVE                 R22 <- R19  ; line 1323
9797 CALL                 a=23 b=100 c=20 imm=3  ; line 1323
9798 RETURN               R23  ; line 1323
9799 JUMP                 -> 9800  ; line 1323
9800 LOAD_CONST           R17 constant[2073]  ; line 1324
9801 MOVE                 R18 <- R9  ; line 1324
9802 MOVE                 R19 <- R17  ; line 1324
9803 HOST_CALL            a=20 b=11 c=18 imm=2  ; line 1324
9804 MOVE                 R21 <- R20  ; line 1324
9805 LOAD_CONST           R22 constant[2074]  ; line 1325
9806 MOVE                 R23 <- R22  ; line 1325
9807 HOST_CALL            a=24 b=22 c=23 imm=1  ; line 1325
9808 MOVE                 R25 <- R24  ; line 1325
9809 LOAD_CONST           R26 constant[2075]  ; line 1326
9810 MOVE                 R27 <- R26  ; line 1326
9811 HOST_CALL            a=28 b=22 c=27 imm=1  ; line 1326
9812 MOVE                 R29 <- R28  ; line 1326
9813 LOAD_CONST           R30 constant[2076]  ; line 1327
9814 MOVE                 R31 <- R30  ; line 1327
9815 HOST_CALL            a=32 b=22 c=31 imm=1  ; line 1327
9816 MOVE                 R33 <- R32  ; line 1327
9817 LOAD_CONST           R34 constant[2077]  ; line 1328
9818 MOVE                 R35 <- R34  ; line 1328
9819 COMPARE              a=35 b=21 c=36 imm=2  ; line 1329
9820 JUMP_IF_FALSE        R36 -> 9940  ; line 1329
9821 LOAD_CONST           R36 constant[2078]  ; line 1330
9822 MOVE                 R37 <- R36  ; line 1330
9823 MOVE                 R38 <- R35  ; line 1330
9824 ARRAY_NEW            a=39 b=37 c=2 imm=4294967295  ; line 1330
9825 MOVE                 R40 <- R6  ; line 1330
9826 MOVE                 R41 <- R39  ; line 1330
9827 HOST_CALL            a=42 b=11 c=40 imm=2  ; line 1330
9828 MOVE                 R43 <- R42  ; line 1330
9829 MOVE                 R44 <- R43  ; line 1331
9830 LOAD_CONST           R45 constant[2079]  ; line 1332
9831 MOVE                 R46 <- R45  ; line 1332
9832 LOAD_CONST           R47 constant[2080]  ; line 1333
9833 MOVE                 R48 <- R47  ; line 1333
9834 LOAD_CONST           R49 constant[2081]  ; line 1334
9835 MOVE                 R50 <- R9  ; line 1334
9836 MOVE                 R51 <- R49  ; line 1334
9837 HOST_CALL            a=52 b=11 c=50 imm=2  ; line 1334
9838 COMPARE              a=48 b=52 c=53 imm=2  ; line 1334
9839 JUMP_IF_FALSE        R53 -> 9884  ; line 1334
9840 MOVE                 R49 <- R48  ; line 1335
9841 MOVE                 R50 <- R35  ; line 1335
9842 ARRAY_NEW            a=51 b=49 c=2 imm=4294967295  ; line 1335
9843 MOVE                 R52 <- R6  ; line 1335
9844 MOVE                 R53 <- R51  ; line 1335
9845 HOST_CALL            a=54 b=11 c=52 imm=2  ; line 1335
9846 COMPARE              a=54 b=43 c=55 imm=2  ; line 1335
9847 JUMP_IF_FALSE        R55 -> 9856  ; line 1335
9848 MOVE                 R49 <- R48  ; line 1335
9849 MOVE                 R50 <- R35  ; line 1335
9850 ARRAY_NEW            a=51 b=49 c=2 imm=4294967295  ; line 1335
9851 MOVE                 R52 <- R6  ; line 1335
9852 MOVE                 R53 <- R51  ; line 1335
9853 HOST_CALL            a=54 b=11 c=52 imm=2  ; line 1335
9854 MOVE                 R43 <- R54  ; line 1335
9855 JUMP                 -> 9856  ; line 1335
9856 MOVE                 R49 <- R48  ; line 1336
9857 MOVE                 R50 <- R35  ; line 1336
9858 ARRAY_NEW            a=51 b=49 c=2 imm=4294967295  ; line 1336
9859 MOVE                 R52 <- R6  ; line 1336
9860 MOVE                 R53 <- R51  ; line 1336
9861 HOST_CALL            a=54 b=11 c=52 imm=2  ; line 1336
9862 COMPARE              a=54 b=44 c=55 imm=4  ; line 1336
9863 JUMP_IF_FALSE        R55 -> 9872  ; line 1336
9864 MOVE                 R49 <- R48  ; line 1336
9865 MOVE                 R50 <- R35  ; line 1336
9866 ARRAY_NEW            a=51 b=49 c=2 imm=4294967295  ; line 1336
9867 MOVE                 R52 <- R6  ; line 1336
9868 MOVE                 R53 <- R51  ; line 1336
9869 HOST_CALL            a=54 b=11 c=52 imm=2  ; line 1336
9870 MOVE                 R44 <- R54  ; line 1336
9871 JUMP                 -> 9872  ; line 1336
9872 MOVE                 R49 <- R48  ; line 1337
9873 MOVE                 R50 <- R35  ; line 1337
9874 ARRAY_NEW            a=51 b=49 c=2 imm=4294967295  ; line 1337
9875 MOVE                 R52 <- R6  ; line 1337
9876 MOVE                 R53 <- R51  ; line 1337
9877 HOST_CALL            a=54 b=11 c=52 imm=2  ; line 1337
9878 BINARY               a=46 b=54 c=55 imm=0  ; line 1337
9879 MOVE                 R46 <- R55  ; line 1337
9880 LOAD_CONST           R49 constant[2082]  ; line 1338
9881 BINARY               a=48 b=49 c=50 imm=0  ; line 1338
9882 MOVE                 R48 <- R50  ; line 1338
9883 JUMP                 -> 9834  ; line 1338
9884 LOAD_CONST           R49 constant[2083]  ; line 1340
9885 MOVE                 R50 <- R9  ; line 1340
9886 MOVE                 R51 <- R49  ; line 1340
9887 HOST_CALL            a=52 b=11 c=50 imm=2  ; line 1340
9888 BINARY               a=46 b=52 c=53 imm=3  ; line 1340
9889 MOVE                 R46 <- R53  ; line 1340
9890 LOAD_CONST           R49 constant[2084]  ; line 1341
9891 MOVE                 R50 <- R49  ; line 1341
9892 LOAD_CONST           R51 constant[2085]  ; line 1342
9893 MOVE                 R48 <- R51  ; line 1342
9894 LOAD_CONST           R51 constant[2086]  ; line 1343
9895 MOVE                 R52 <- R9  ; line 1343
9896 MOVE                 R53 <- R51  ; line 1343
9897 HOST_CALL            a=54 b=11 c=52 imm=2  ; line 1343
9898 COMPARE              a=48 b=54 c=55 imm=2  ; line 1343
9899 JUMP_IF_FALSE        R55 -> 9915  ; line 1343
9900 MOVE                 R51 <- R48  ; line 1344
9901 MOVE                 R52 <- R35  ; line 1344
9902 ARRAY_NEW            a=53 b=51 c=2 imm=4294967295  ; line 1344
9903 MOVE                 R54 <- R6  ; line 1344
9904 MOVE                 R55 <- R53  ; line 1344
9905 HOST_CALL            a=56 b=11 c=54 imm=2  ; line 1344
9906 BINARY               a=56 b=46 c=57 imm=1  ; line 1344
9907 MOVE                 R58 <- R57  ; line 1344
9908 BINARY               a=58 b=58 c=59 imm=2  ; line 1345
9909 BINARY               a=50 b=59 c=60 imm=0  ; line 1345
9910 MOVE                 R50 <- R60  ; line 1345
9911 LOAD_CONST           R59 constant[2087]  ; line 1346
9912 BINARY               a=48 b=59 c=60 imm=0  ; line 1346
9913 MOVE                 R48 <- R60  ; line 1346
9914 JUMP                 -> 9894  ; line 1346
9915 LOAD_CONST           R59 constant[2088]  ; line 1348
9916 MOVE                 R60 <- R9  ; line 1348
9917 MOVE                 R61 <- R59  ; line 1348
9918 HOST_CALL            a=62 b=11 c=60 imm=2  ; line 1348
9919 BINARY               a=50 b=62 c=63 imm=3  ; line 1348
9920 MOVE                 R50 <- R63  ; line 1348
9921 LOAD_CONST           R59 constant[2089]  ; line 1349
9922 COMPARE              a=50 b=59 c=60 imm=2  ; line 1349
9923 JUMP_IF_FALSE        R60 -> 9927  ; line 1349
9924 LOAD_CONST           R59 constant[2090]  ; line 1349
9925 MOVE                 R50 <- R59  ; line 1349
9926 JUMP                 -> 9927  ; line 1349
9927 MOVE                 R59 <- R25  ; line 1350
9928 MOVE                 R60 <- R43  ; line 1350
9929 HOST_CALL            a=61 b=23 c=59 imm=2  ; line 1350
9930 MOVE                 R59 <- R29  ; line 1351
9931 MOVE                 R60 <- R44  ; line 1351
9932 HOST_CALL            a=61 b=23 c=59 imm=2  ; line 1351
9933 MOVE                 R59 <- R33  ; line 1352
9934 MOVE                 R60 <- R50  ; line 1352
9935 HOST_CALL            a=61 b=23 c=59 imm=2  ; line 1352
9936 LOAD_CONST           R59 constant[2091]  ; line 1353
9937 BINARY               a=35 b=59 c=60 imm=0  ; line 1353
9938 MOVE                 R35 <- R60  ; line 1353
9939 JUMP                 -> 9819  ; line 1353
9940 LOAD_CONST           R59 constant[2092]  ; line 1355
9941 MOVE                 R60 <- R59  ; line 1355
9942 HOST_CALL            a=61 b=22 c=60 imm=1  ; line 1355
9943 MOVE                 R62 <- R61  ; line 1355
9944 LOAD_CONST           R63 constant[2093]  ; line 1356
9945 MOVE                 R64 <- R63  ; line 1356
9946 HOST_CALL            a=65 b=22 c=64 imm=1  ; line 1356
9947 MOVE                 R66 <- R65  ; line 1356
9948 LOAD_CONST           R67 constant[2094]  ; line 1357
9949 MOVE                 R68 <- R67  ; line 1357
9950 HOST_CALL            a=69 b=22 c=68 imm=1  ; line 1357
9951 MOVE                 R70 <- R69  ; line 1357
9952 LOAD_CONST           R71 constant[2095]  ; line 1358
9953 MOVE                 R72 <- R71  ; line 1358
9954 HOST_CALL            a=73 b=22 c=72 imm=1  ; line 1358
9955 MOVE                 R74 <- R73  ; line 1358
9956 LOAD_CONST           R75 constant[2096]  ; line 1359
9957 MOVE                 R76 <- R75  ; line 1359
9958 COMPARE              a=76 b=16 c=77 imm=2  ; line 1360
9959 JUMP_IF_FALSE        R77 -> 10043  ; line 1360
9960 LOAD_CONST           R77 constant[2097]  ; line 1361
9961 MOVE                 R78 <- R77  ; line 1361
9962 HOST_CALL            a=79 b=22 c=78 imm=1  ; line 1361
9963 MOVE                 R80 <- R79  ; line 1361
9964 LOAD_CONST           R81 constant[2098]  ; line 1362
9965 MOVE                 R82 <- R81  ; line 1362
9966 HOST_CALL            a=83 b=22 c=82 imm=1  ; line 1362
9967 MOVE                 R84 <- R83  ; line 1362
9968 LOAD_CONST           R85 constant[2099]  ; line 1363
9969 MOVE                 R35 <- R85  ; line 1363
9970 COMPARE              a=35 b=21 c=85 imm=2  ; line 1364
9971 JUMP_IF_FALSE        R85 -> 10000  ; line 1364
9972 MOVE                 R85 <- R25  ; line 1365
9973 MOVE                 R86 <- R35  ; line 1365
9974 HOST_CALL            a=87 b=11 c=85 imm=2  ; line 1365
9975 MOVE                 R88 <- R29  ; line 1365
9976 MOVE                 R89 <- R35  ; line 1365
9977 HOST_CALL            a=90 b=11 c=88 imm=2  ; line 1365
9978 MOVE                 R91 <- R25  ; line 1365
9979 MOVE                 R92 <- R35  ; line 1365
9980 HOST_CALL            a=93 b=11 c=91 imm=2  ; line 1365
9981 BINARY               a=90 b=93 c=94 imm=1  ; line 1365
9982 BINARY               a=94 b=76 c=95 imm=2  ; line 1365
9983 LOAD_CONST           R96 constant[2100]  ; line 1365
9984 BINARY               a=16 b=96 c=97 imm=1  ; line 1365
9985 BINARY               a=95 b=97 c=98 imm=3  ; line 1365
9986 BINARY               a=87 b=98 c=99 imm=0  ; line 1365
9987 MOVE                 R100 <- R80  ; line 1365
9988 MOVE                 R101 <- R99  ; line 1365
9989 HOST_CALL            a=102 b=23 c=100 imm=2  ; line 1365
9990 MOVE                 R85 <- R33  ; line 1366
9991 MOVE                 R86 <- R35  ; line 1366
9992 HOST_CALL            a=87 b=11 c=85 imm=2  ; line 1366
9993 MOVE                 R88 <- R84  ; line 1366
9994 MOVE                 R89 <- R87  ; line 1366
9995 HOST_CALL            a=90 b=23 c=88 imm=2  ; line 1366
9996 LOAD_CONST           R85 constant[2101]  ; line 1367
9997 BINARY               a=35 b=85 c=86 imm=0  ; line 1367
9998 MOVE                 R35 <- R86  ; line 1367
9999 JUMP                 -> 9970  ; line 1367
10000 LOAD_CONST           R85 constant[2102]  ; line 1369
10001 MOVE                 R86 <- R85  ; line 1369
10002 HOST_CALL            a=87 b=22 c=86 imm=1  ; line 1369
10003 MOVE                 R88 <- R87  ; line 1369
10004 LOAD_CONST           R89 constant[2103]  ; line 1370
10005 MOVE                 R90 <- R89  ; line 1370
10006 COMPARE              a=90 b=16 c=91 imm=2  ; line 1371
10007 JUMP_IF_FALSE        R91 -> 10025  ; line 1371
10008 LOAD_CONST           R91 constant[2104]  ; line 1372
10009 LOAD_CONST           R92 constant[2105]  ; line 1372
10010 BINARY               a=16 b=92 c=93 imm=1  ; line 1372
10011 BINARY               a=91 b=93 c=94 imm=3  ; line 1372
10012 MOVE                 R95 <- R94  ; line 1372
10013 COMPARE              a=90 b=76 c=96 imm=0  ; line 1373
10014 JUMP_IF_FALSE        R96 -> 10018  ; line 1373
10015 LOAD_CONST           R96 constant[2106]  ; line 1373
10016 MOVE                 R95 <- R96  ; line 1373
10017 JUMP                 -> 10018  ; line 1373
10018 MOVE                 R96 <- R88  ; line 1374
10019 MOVE                 R97 <- R95  ; line 1374
10020 HOST_CALL            a=98 b=23 c=96 imm=2  ; line 1374
10021 LOAD_CONST           R96 constant[2107]  ; line 1375
10022 BINARY               a=90 b=96 c=97 imm=0  ; line 1375
10023 MOVE                 R90 <- R97  ; line 1375
10024 JUMP                 -> 10006  ; line 1375
10025 MOVE                 R96 <- R62  ; line 1377
10026 MOVE                 R97 <- R80  ; line 1377
10027 HOST_CALL            a=98 b=23 c=96 imm=2  ; line 1377
10028 MOVE                 R96 <- R66  ; line 1378
10029 MOVE                 R97 <- R84  ; line 1378
10030 HOST_CALL            a=98 b=23 c=96 imm=2  ; line 1378
10031 MOVE                 R96 <- R70  ; line 1379
10032 MOVE                 R97 <- R88  ; line 1379
10033 HOST_CALL            a=98 b=23 c=96 imm=2  ; line 1379
10034 LOAD_CONST           R96 constant[2108]  ; line 1380
10035 BINARY               a=96 b=16 c=97 imm=3  ; line 1380
10036 MOVE                 R98 <- R74  ; line 1380
10037 MOVE                 R99 <- R97  ; line 1380
10038 HOST_CALL            a=100 b=23 c=98 imm=2  ; line 1380
10039 LOAD_CONST           R96 constant[2109]  ; line 1381
10040 BINARY               a=76 b=96 c=97 imm=0  ; line 1381
10041 MOVE                 R76 <- R97  ; line 1381
10042 JUMP                 -> 9958  ; line 1381
10043 LOAD_CONST           R96 constant[2110]  ; line 1383
10044 LOAD_CONST           R97 constant[2111]  ; line 1383
10045 LOAD_CONST           R98 constant[2112]  ; line 1383
10046 LOAD_CONST           R99 constant[2113]  ; line 1383
10047 LOAD_CONST           R100 constant[2114]  ; line 1383
10048 LOAD_CONST           R101 constant[2115]  ; line 1383
10049 LOAD_CONST           R102 constant[2116]  ; line 1383
10050 LOAD_CONST           R103 constant[2117]  ; line 1383
10051 MOVE                 R104 <- R70  ; line 1383
10052 HOST_CALL            a=105 b=72 c=104 imm=1  ; line 1383
10053 LOAD_CONST           R106 constant[2118]  ; line 1383
10054 MOVE                 R107 <- R62  ; line 1383
10055 HOST_CALL            a=108 b=72 c=107 imm=1  ; line 1383
10056 LOAD_CONST           R109 constant[2119]  ; line 1383
10057 MOVE                 R110 <- R66  ; line 1383
10058 HOST_CALL            a=111 b=72 c=110 imm=1  ; line 1383
10059 LOAD_CONST           R112 constant[2120]  ; line 1383
10060 MOVE                 R113 <- R74  ; line 1383
10061 HOST_CALL            a=114 b=72 c=113 imm=1  ; line 1383
10062 LOAD_CONST           R115 constant[2121]  ; line 1383
10063 LOAD_CONST           R116 constant[2122]  ; line 1383
10064 MOVE                 R117 <- R103  ; line 1383
10065 MOVE                 R118 <- R105  ; line 1383
10066 MOVE                 R119 <- R106  ; line 1383
10067 MOVE                 R120 <- R108  ; line 1383
10068 MOVE                 R121 <- R109  ; line 1383
10069 MOVE                 R122 <- R111  ; line 1383
10070 MOVE                 R123 <- R112  ; line 1383
10071 MOVE                 R124 <- R114  ; line 1383
10072 MOVE                 R125 <- R115  ; line 1383
10073 MOVE                 R126 <- R16  ; line 1383
10074 MOVE                 R127 <- R116  ; line 1383
10075 MOVE                 R128 <- R21  ; line 1383
10076 HOST_CALL            a=129 b=6 c=117 imm=12  ; line 1383
10077 LOAD_CONST           R130 constant[2123]  ; line 1383
10078 LOAD_CONST           R131 constant[2124]  ; line 1383
10079 LOAD_CONST           R132 constant[2125]  ; line 1383
10080 MOVE                 R133 <- R131  ; line 1383
10081 MOVE                 R134 <- R132  ; line 1383
10082 HOST_CALL            a=135 b=6 c=133 imm=2  ; line 1383
10083 LOAD_CONST           R136 constant[2126]  ; line 1383
10084 LOAD_CONST           R137 constant[2127]  ; line 1383
10085 LOAD_CONST           R138 constant[2128]  ; line 1383
10086 LOAD_CONST           R139 constant[2129]  ; line 1383
10087 LOAD_CONST           R140 constant[2130]  ; line 1383
10088 LOAD_CONST           R141 constant[2131]  ; line 1383
10089 LOAD_CONST           R142 constant[2132]  ; line 1383
10090 MOVE                 R143 <- R1  ; line 1383
10091 MOVE                 R144 <- R141  ; line 1383
10092 MOVE                 R145 <- R142  ; line 1383
10093 CALL                 a=146 b=101 c=143 imm=3  ; line 1383
10094 MOVE                 R147 <- R138  ; line 1383
10095 MOVE                 R148 <- R139  ; line 1383
10096 MOVE                 R149 <- R140  ; line 1383
10097 MOVE                 R150 <- R146  ; line 1383
10098 HOST_CALL            a=151 b=6 c=147 imm=4  ; line 1383
10099 LOAD_CONST           R152 constant[2133]  ; line 1383
10100 LOAD_CONST           R153 constant[2134]  ; line 1383
10101 LOAD_CONST           R154 constant[2135]  ; line 1383
10102 MOVE                 R155 <- R6  ; line 1383
10103 HOST_CALL            a=156 b=60 c=155 imm=1  ; line 1383
10104 LOAD_CONST           R157 constant[2136]  ; line 1383
10105 LOAD_CONST           R158 constant[2137]  ; line 1383
10106 MOVE                 R159 <- R96  ; line 1383
10107 MOVE                 R160 <- R97  ; line 1383
10108 MOVE                 R161 <- R98  ; line 1383
10109 MOVE                 R162 <- R99  ; line 1383
10110 MOVE                 R163 <- R100  ; line 1383
10111 MOVE                 R164 <- R101  ; line 1383
10112 MOVE                 R165 <- R102  ; line 1383
10113 MOVE                 R166 <- R129  ; line 1383
10114 MOVE                 R167 <- R130  ; line 1383
10115 MOVE                 R168 <- R135  ; line 1383
10116 MOVE                 R169 <- R136  ; line 1383
10117 MOVE                 R170 <- R16  ; line 1383
10118 MOVE                 R171 <- R137  ; line 1383
10119 MOVE                 R172 <- R151  ; line 1383
10120 MOVE                 R173 <- R152  ; line 1383
10121 MOVE                 R174 <- R153  ; line 1383
10122 MOVE                 R175 <- R154  ; line 1383
10123 MOVE                 R176 <- R156  ; line 1383
10124 MOVE                 R177 <- R157  ; line 1383
10125 MOVE                 R178 <- R158  ; line 1383
10126 HOST_CALL            a=179 b=6 c=159 imm=20  ; line 1383
10127 MOVE                 R180 <- R179  ; line 1383
10128 LOAD_CONST           R181 constant[2138]  ; line 1389
10129 LOAD_CONST           R182 constant[2139]  ; line 1389
10130 MOVE                 R183 <- R1  ; line 1389
10131 MOVE                 R184 <- R181  ; line 1389
10132 MOVE                 R185 <- R182  ; line 1389
10133 CALL                 a=186 b=101 c=183 imm=3  ; line 1389
10134 MOVE                 R187 <- R180  ; line 1389
10135 MOVE                 R188 <- R6  ; line 1389
10136 MOVE                 R189 <- R186  ; line 1389
10137 CALL                 a=190 b=156 c=187 imm=3  ; line 1389
10138 MOVE                 R180 <- R190  ; line 1389
10139 MOVE                 R181 <- R180  ; line 1390
10140 MOVE                 R182 <- R6  ; line 1390
10141 CALL                 a=183 b=151 c=181 imm=2  ; line 1390
10142 MOVE                 R184 <- R183  ; line 1390
10143 LOAD_CONST           R185 constant[2140]  ; line 1391
10144 MOVE                 R186 <- R184  ; line 1391
10145 MOVE                 R187 <- R185  ; line 1391
10146 HOST_CALL            a=188 b=11 c=186 imm=2  ; line 1391
10147 LOAD_CONST           R189 constant[2141]  ; line 1391
10148 MOVE                 R190 <- R184  ; line 1391
10149 MOVE                 R191 <- R189  ; line 1391
10150 HOST_CALL            a=192 b=11 c=190 imm=2  ; line 1391
10151 LOAD_CONST           R193 constant[2142]  ; line 1391
10152 LOAD_CONST           R194 constant[2143]  ; line 1391
10153 MOVE                 R195 <- R9  ; line 1391
10154 MOVE                 R196 <- R194  ; line 1391
10155 HOST_CALL            a=197 b=11 c=195 imm=2  ; line 1391
10156 LOAD_CONST           R198 constant[2144]  ; line 1391
10157 LOAD_CONST           R199 constant[2145]  ; line 1391
10158 LOAD_CONST           R200 constant[2146]  ; line 1391
10159 MOVE                 R201 <- R1  ; line 1391
10160 MOVE                 R202 <- R199  ; line 1391
10161 MOVE                 R203 <- R200  ; line 1391
10162 CALL                 a=204 b=101 c=201 imm=3  ; line 1391
10163 MOVE                 R205 <- R193  ; line 1391
10164 MOVE                 R206 <- R197  ; line 1391
10165 MOVE                 R207 <- R198  ; line 1391
10166 MOVE                 R208 <- R204  ; line 1391
10167 HOST_CALL            a=209 b=6 c=205 imm=4  ; line 1391
10168 LOAD_CONST           R210 constant[2147]  ; line 1391
10169 LOAD_CONST           R211 constant[2148]  ; line 1391
10170 LOAD_CONST           R212 constant[2149]  ; line 1391
10171 MOVE                 R213 <- R211  ; line 1391
10172 MOVE                 R214 <- R212  ; line 1391
10173 ARRAY_NEW            a=215 b=213 c=2 imm=4294967295  ; line 1391
10174 MOVE                 R216 <- R180  ; line 1391
10175 MOVE                 R217 <- R188  ; line 1391
10176 MOVE                 R218 <- R192  ; line 1391
10177 MOVE                 R219 <- R209  ; line 1391
10178 MOVE                 R220 <- R210  ; line 1391
10179 MOVE                 R221 <- R215  ; line 1391
10180 CALL                 a=222 b=115 c=216 imm=6  ; line 1391
10181 RETURN               R222  ; line 1391
10182 LOAD_CONST           R223 constant[2150]  ; line 1391
10183 RETURN               R223  ; line 1391
10184 LOAD_CONST           R4 constant[2151]  ; line 1397
10185 MOVE                 R5 <- R4  ; line 1397
10186 LOAD_CONST           R6 constant[2152]  ; line 1398
10187 MOVE                 R7 <- R6  ; line 1398
10188 LOAD_CONST           R8 constant[2153]  ; line 1399
10189 MOVE                 R9 <- R0  ; line 1399
10190 MOVE                 R10 <- R8  ; line 1399
10191 HOST_CALL            a=11 b=11 c=9 imm=2  ; line 1399
10192 LOAD_CONST           R12 constant[2154]  ; line 1399
10193 MOVE                 R13 <- R11  ; line 1399
10194 MOVE                 R14 <- R12  ; line 1399
10195 HOST_CALL            a=15 b=11 c=13 imm=2  ; line 1399
10196 COMPARE              a=7 b=15 c=16 imm=2  ; line 1399
10197 JUMP_IF_FALSE        R16 -> 10251  ; line 1399
10198 LOAD_CONST           R8 constant[2155]  ; line 1400
10199 MOVE                 R9 <- R0  ; line 1400
10200 MOVE                 R10 <- R8  ; line 1400
10201 HOST_CALL            a=11 b=11 c=9 imm=2  ; line 1400
10202 LOAD_CONST           R12 constant[2156]  ; line 1400
10203 MOVE                 R13 <- R11  ; line 1400
10204 MOVE                 R14 <- R12  ; line 1400
10205 HOST_CALL            a=15 b=11 c=13 imm=2  ; line 1400
10206 MOVE                 R16 <- R3  ; line 1400
10207 MOVE                 R17 <- R7  ; line 1400
10208 ARRAY_NEW            a=18 b=16 c=2 imm=4294967295  ; line 1400
10209 MOVE                 R19 <- R15  ; line 1400
10210 MOVE                 R20 <- R18  ; line 1400
10211 HOST_CALL            a=21 b=11 c=19 imm=2  ; line 1400
10212 MOVE                 R22 <- R21  ; line 1400
10213 MOVE                 R23 <- R2  ; line 1401
10214 MOVE                 R24 <- R7  ; line 1401
10215 ARRAY_NEW            a=25 b=23 c=2 imm=4294967295  ; line 1401
10216 MOVE                 R26 <- R1  ; line 1401
10217 MOVE                 R27 <- R25  ; line 1401
10218 HOST_CALL            a=28 b=11 c=26 imm=2  ; line 1401
10219 LOAD_CONST           R29 constant[2157]  ; line 1401
10220 MOVE                 R30 <- R0  ; line 1401
10221 MOVE                 R31 <- R29  ; line 1401
10222 HOST_CALL            a=32 b=11 c=30 imm=2  ; line 1401
10223 LOAD_CONST           R33 constant[2158]  ; line 1401
10224 MOVE                 R34 <- R32  ; line 1401
10225 MOVE                 R35 <- R33  ; line 1401
10226 HOST_CALL            a=36 b=11 c=34 imm=2  ; line 1401
10227 MOVE                 R37 <- R3  ; line 1401
10228 MOVE                 R38 <- R7  ; line 1401
10229 ARRAY_NEW            a=39 b=37 c=2 imm=4294967295  ; line 1401
10230 MOVE                 R40 <- R36  ; line 1401
10231 MOVE                 R41 <- R39  ; line 1401
10232 HOST_CALL            a=42 b=11 c=40 imm=2  ; line 1401
10233 BINARY               a=28 b=42 c=43 imm=1  ; line 1401
10234 MOVE                 R44 <- R43  ; line 1401
10235 LOAD_CONST           R45 constant[2159]  ; line 1402
10236 UNARY                a=45 b=46 c=4294967295 imm=0  ; line 1402
10237 BINARY               a=46 b=44 c=47 imm=2  ; line 1402
10238 BINARY               a=47 b=44 c=48 imm=2  ; line 1402
10239 BINARY               a=48 b=22 c=49 imm=3  ; line 1402
10240 MOVE                 R50 <- R49  ; line 1402
10241 CALL                 a=51 b=105 c=50 imm=1  ; line 1402
10242 BINARY               a=5 b=51 c=52 imm=2  ; line 1402
10243 MOVE                 R53 <- R22  ; line 1402
10244 CALL                 a=54 b=107 c=53 imm=1  ; line 1402
10245 BINARY               a=52 b=54 c=55 imm=3  ; line 1402
10246 MOVE                 R5 <- R55  ; line 1402
10247 LOAD_CONST           R45 constant[2160]  ; line 1403
10248 BINARY               a=7 b=45 c=46 imm=0  ; line 1403
10249 MOVE                 R7 <- R46  ; line 1403
10250 JUMP                 -> 10188  ; line 1403
10251 RETURN               R5  ; line 1405
10252 LOAD_CONST           R45 constant[2161]  ; line 1405
10253 RETURN               R45  ; line 1405
10254 MOVE                 R2 <- R1  ; line 1409
10255 HOST_CALL            a=3 b=61 c=2 imm=1  ; line 1409
10256 LOAD_CONST           R4 constant[2162]  ; line 1409
10257 MOVE                 R5 <- R3  ; line 1409
10258 MOVE                 R6 <- R4  ; line 1409
10259 HOST_CALL            a=7 b=11 c=5 imm=2  ; line 1409
10260 MOVE                 R8 <- R7  ; line 1409
10261 LOAD_CONST           R9 constant[2163]  ; line 1410
10262 MOVE                 R10 <- R0  ; line 1410
10263 MOVE                 R11 <- R9  ; line 1410
10264 HOST_CALL            a=12 b=11 c=10 imm=2  ; line 1410
10265 LOAD_CONST           R13 constant[2164]  ; line 1410
10266 MOVE                 R14 <- R12  ; line 1410
10267 MOVE                 R15 <- R13  ; line 1410
10268 HOST_CALL            a=16 b=11 c=14 imm=2  ; line 1410
10269 MOVE                 R17 <- R16  ; line 1410
10270 LOAD_CONST           R18 constant[2165]  ; line 1411
10271 MOVE                 R19 <- R18  ; line 1411
10272 HOST_CALL            a=20 b=22 c=19 imm=1  ; line 1411
10273 MOVE                 R21 <- R20  ; line 1411
10274 LOAD_CONST           R22 constant[2166]  ; line 1412
10275 MOVE                 R23 <- R22  ; line 1412
10276 HOST_CALL            a=24 b=22 c=23 imm=1  ; line 1412
10277 MOVE                 R25 <- R24  ; line 1412
10278 LOAD_CONST           R26 constant[2167]  ; line 1413
10279 MOVE                 R27 <- R26  ; line 1413
10280 HOST_CALL            a=28 b=22 c=27 imm=1  ; line 1413
10281 MOVE                 R29 <- R28  ; line 1413
10282 LOAD_CONST           R30 constant[2168]  ; line 1414
10283 MOVE                 R31 <- R30  ; line 1414
10284 COMPARE              a=31 b=17 c=32 imm=2  ; line 1415
10285 JUMP_IF_FALSE        R32 -> 10304  ; line 1415
10286 LOAD_CONST           R32 constant[2169]  ; line 1416
10287 MOVE                 R33 <- R0  ; line 1416
10288 MOVE                 R34 <- R32  ; line 1416
10289 HOST_CALL            a=35 b=11 c=33 imm=2  ; line 1416
10290 LOAD_CONST           R36 constant[2170]  ; line 1416
10291 MOVE                 R37 <- R35  ; line 1416
10292 MOVE                 R38 <- R36  ; line 1416
10293 HOST_CALL            a=39 b=11 c=37 imm=2  ; line 1416
10294 MOVE                 R40 <- R39  ; line 1416
10295 MOVE                 R41 <- R31  ; line 1416
10296 HOST_CALL            a=42 b=11 c=40 imm=2  ; line 1416
10297 MOVE                 R43 <- R29  ; line 1416
10298 MOVE                 R44 <- R42  ; line 1416
10299 HOST_CALL            a=45 b=23 c=43 imm=2  ; line 1416
10300 LOAD_CONST           R32 constant[2171]  ; line 1417
10301 BINARY               a=31 b=32 c=33 imm=0  ; line 1417
10302 MOVE                 R31 <- R33  ; line 1417
10303 JUMP                 -> 10284  ; line 1417
10304 LOAD_CONST           R32 constant[2172]  ; line 1419
10305 MOVE                 R33 <- R32  ; line 1419
10306 COMPARE              a=33 b=8 c=34 imm=2  ; line 1420
10307 JUMP_IF_FALSE        R34 -> 10415  ; line 1420
10308 MOVE                 R34 <- R17  ; line 1421
10309 CALL                 a=35 b=110 c=34 imm=1  ; line 1421
10310 MOVE                 R36 <- R35  ; line 1421
10311 LOAD_CONST           R37 constant[2173]  ; line 1422
10312 MOVE                 R38 <- R37  ; line 1422
10313 LOAD_CONST           R39 constant[2174]  ; line 1423
10314 MOVE                 R31 <- R39  ; line 1423
10315 COMPARE              a=31 b=17 c=39 imm=2  ; line 1424
10316 JUMP_IF_FALSE        R39 -> 10366  ; line 1424
10317 LOAD_CONST           R39 constant[2175]  ; line 1425
10318 MOVE                 R40 <- R39  ; line 1425
10319 LOAD_CONST           R41 constant[2176]  ; line 1426
10320 MOVE                 R42 <- R41  ; line 1426
10321 COMPARE              a=42 b=17 c=43 imm=2  ; line 1427
10322 JUMP_IF_FALSE        R43 -> 10347  ; line 1427
10323 MOVE                 R43 <- R29  ; line 1428
10324 MOVE                 R44 <- R42  ; line 1428
10325 HOST_CALL            a=45 b=11 c=43 imm=2  ; line 1428
10326 LOAD_CONST           R46 constant[2177]  ; line 1428
10327 MOVE                 R47 <- R0  ; line 1428
10328 MOVE                 R48 <- R46  ; line 1428
10329 HOST_CALL            a=49 b=11 c=47 imm=2  ; line 1428
10330 LOAD_CONST           R50 constant[2178]  ; line 1428
10331 MOVE                 R51 <- R49  ; line 1428
10332 MOVE                 R52 <- R50  ; line 1428
10333 HOST_CALL            a=53 b=11 c=51 imm=2  ; line 1428
10334 MOVE                 R54 <- R42  ; line 1428
10335 MOVE                 R55 <- R31  ; line 1428
10336 ARRAY_NEW            a=56 b=54 c=2 imm=4294967295  ; line 1428
10337 MOVE                 R57 <- R53  ; line 1428
10338 MOVE                 R58 <- R56  ; line 1428
10339 HOST_CALL            a=59 b=11 c=57 imm=2  ; line 1428
10340 BINARY               a=45 b=59 c=60 imm=2  ; line 1428
10341 BINARY               a=40 b=60 c=61 imm=0  ; line 1428
10342 MOVE                 R40 <- R61  ; line 1428
10343 LOAD_CONST           R43 constant[2179]  ; line 1429
10344 BINARY               a=42 b=43 c=44 imm=0  ; line 1429
10345 MOVE                 R42 <- R44  ; line 1429
10346 JUMP                 -> 10321  ; line 1429
10347 MOVE                 R43 <- R0  ; line 1431
10348 MOVE                 R44 <- R1  ; line 1431
10349 MOVE                 R45 <- R33  ; line 1431
10350 MOVE                 R46 <- R31  ; line 1431
10351 CALL                 a=47 b=150 c=43 imm=4  ; line 1431
10352 BINARY               a=40 b=47 c=48 imm=2  ; line 1431
10353 MOVE                 R49 <- R36  ; line 1431
10354 MOVE                 R50 <- R31  ; line 1431
10355 MOVE                 R51 <- R48  ; line 1431
10356 HOST_CALL            a=52 b=12 c=49 imm=3  ; line 1431
10357 MOVE                 R43 <- R36  ; line 1432
10358 MOVE                 R44 <- R31  ; line 1432
10359 HOST_CALL            a=45 b=11 c=43 imm=2  ; line 1432
10360 BINARY               a=38 b=45 c=46 imm=0  ; line 1432
10361 MOVE                 R38 <- R46  ; line 1432
10362 LOAD_CONST           R43 constant[2180]  ; line 1433
10363 BINARY               a=31 b=43 c=44 imm=0  ; line 1433
10364 MOVE                 R31 <- R44  ; line 1433
10365 JUMP                 -> 10315  ; line 1433
10366 LOAD_CONST           R43 constant[2181]  ; line 1435
10367 COMPARE              a=38 b=43 c=44 imm=3  ; line 1435
10368 JUMP_IF_FALSE        R44 -> 10372  ; line 1435
10369 LOAD_CONST           R43 constant[2182]  ; line 1435
10370 MOVE                 R38 <- R43  ; line 1435
10371 JUMP                 -> 10372  ; line 1435
10372 LOAD_CONST           R43 constant[2183]  ; line 1436
10373 MOVE                 R44 <- R43  ; line 1436
10374 HOST_CALL            a=45 b=22 c=44 imm=1  ; line 1436
10375 MOVE                 R46 <- R45  ; line 1436
10376 LOAD_CONST           R47 constant[2184]  ; line 1437
10377 MOVE                 R31 <- R47  ; line 1437
10378 COMPARE              a=31 b=17 c=47 imm=2  ; line 1438
10379 JUMP_IF_FALSE        R47 -> 10404  ; line 1438
10380 MOVE                 R47 <- R36  ; line 1439
10381 MOVE                 R48 <- R31  ; line 1439
10382 HOST_CALL            a=49 b=11 c=47 imm=2  ; line 1439
10383 BINARY               a=49 b=38 c=50 imm=3  ; line 1439
10384 MOVE                 R51 <- R36  ; line 1439
10385 MOVE                 R52 <- R31  ; line 1439
10386 MOVE                 R53 <- R50  ; line 1439
10387 HOST_CALL            a=54 b=12 c=51 imm=3  ; line 1439
10388 MOVE                 R47 <- R36  ; line 1440
10389 MOVE                 R48 <- R31  ; line 1440
10390 HOST_CALL            a=49 b=11 c=47 imm=2  ; line 1440
10391 LOAD_CONST           R50 constant[2185]  ; line 1440
10392 MOVE                 R51 <- R36  ; line 1440
10393 MOVE                 R52 <- R31  ; line 1440
10394 HOST_CALL            a=53 b=11 c=51 imm=2  ; line 1440
10395 BINARY               a=50 b=53 c=54 imm=1  ; line 1440
10396 BINARY               a=49 b=54 c=55 imm=2  ; line 1440
10397 MOVE                 R56 <- R46  ; line 1440
10398 MOVE                 R57 <- R55  ; line 1440
10399 HOST_CALL            a=58 b=23 c=56 imm=2  ; line 1440
10400 LOAD_CONST           R47 constant[2186]  ; line 1441
10401 BINARY               a=31 b=47 c=48 imm=0  ; line 1441
10402 MOVE                 R31 <- R48  ; line 1441
10403 JUMP                 -> 10378  ; line 1441
10404 MOVE                 R47 <- R21  ; line 1443
10405 MOVE                 R48 <- R36  ; line 1443
10406 HOST_CALL            a=49 b=23 c=47 imm=2  ; line 1443
10407 MOVE                 R47 <- R25  ; line 1444
10408 MOVE                 R48 <- R46  ; line 1444
10409 HOST_CALL            a=49 b=23 c=47 imm=2  ; line 1444
10410 MOVE                 R29 <- R36  ; line 1445
10411 LOAD_CONST           R47 constant[2187]  ; line 1446
10412 BINARY               a=33 b=47 c=48 imm=0  ; line 1446
10413 MOVE                 R33 <- R48  ; line 1446
10414 JUMP                 -> 10306  ; line 1446
10415 LOAD_CONST           R47 constant[2188]  ; line 1448
10416 MOVE                 R48 <- R21  ; line 1448
10417 HOST_CALL            a=49 b=72 c=48 imm=1  ; line 1448
10418 LOAD_CONST           R50 constant[2189]  ; line 1448
10419 MOVE                 R51 <- R25  ; line 1448
10420 HOST_CALL            a=52 b=72 c=51 imm=1  ; line 1448
10421 MOVE                 R53 <- R47  ; line 1448
10422 MOVE                 R54 <- R49  ; line 1448
10423 MOVE                 R55 <- R50  ; line 1448
10424 MOVE                 R56 <- R52  ; line 1448
10425 HOST_CALL            a=57 b=6 c=53 imm=4  ; line 1448
10426 RETURN               R57  ; line 1448
10427 LOAD_CONST           R58 constant[2190]  ; line 1448
10428 RETURN               R58  ; line 1448
10429 LOAD_CONST           R4 constant[2191]  ; line 1452
10430 MOVE                 R5 <- R0  ; line 1452
10431 MOVE                 R6 <- R4  ; line 1452
10432 HOST_CALL            a=7 b=11 c=5 imm=2  ; line 1452
10433 LOAD_CONST           R8 constant[2192]  ; line 1452
10434 COMPARE              a=7 b=8 c=9 imm=0  ; line 1452
10435 JUMP_IF_FALSE        R9 -> 10455  ; line 1452
10436 LOAD_CONST           R4 constant[2193]  ; line 1453
10437 MOVE                 R5 <- R0  ; line 1453
10438 MOVE                 R6 <- R4  ; line 1453
10439 HOST_CALL            a=7 b=11 c=5 imm=2  ; line 1453
10440 LOAD_CONST           R8 constant[2194]  ; line 1453
10441 MOVE                 R9 <- R7  ; line 1453
10442 MOVE                 R10 <- R8  ; line 1453
10443 HOST_CALL            a=11 b=11 c=9 imm=2  ; line 1453
10444 MOVE                 R12 <- R1  ; line 1453
10445 MOVE                 R13 <- R2  ; line 1453
10446 HOST_CALL            a=14 b=11 c=12 imm=2  ; line 1453
10447 MOVE                 R15 <- R3  ; line 1453
10448 MOVE                 R16 <- R14  ; line 1453
10449 ARRAY_NEW            a=17 b=15 c=2 imm=4294967295  ; line 1453
10450 MOVE                 R18 <- R11  ; line 1453
10451 MOVE                 R19 <- R17  ; line 1453
10452 HOST_CALL            a=20 b=11 c=18 imm=2  ; line 1453
10453 RETURN               R20  ; line 1453
10454 JUMP                 -> 10455  ; line 1453
10455 MOVE                 R4 <- R0  ; line 1455
10456 MOVE                 R5 <- R1  ; line 1455
10457 MOVE                 R6 <- R2  ; line 1455
10458 MOVE                 R7 <- R3  ; line 1455
10459 CALL                 a=8 b=150 c=4 imm=4  ; line 1455
10460 RETURN               R8  ; line 1455
10461 LOAD_CONST           R9 constant[2195]  ; line 1455
10462 RETURN               R9  ; line 1455
10463 MOVE                 R2 <- R1  ; line 1459
10464 HOST_CALL            a=3 b=61 c=2 imm=1  ; line 1459
10465 LOAD_CONST           R4 constant[2196]  ; line 1459
10466 MOVE                 R5 <- R3  ; line 1459
10467 MOVE                 R6 <- R4  ; line 1459
10468 HOST_CALL            a=7 b=11 c=5 imm=2  ; line 1459
10469 MOVE                 R8 <- R7  ; line 1459
10470 LOAD_CONST           R9 constant[2197]  ; line 1460
10471 MOVE                 R10 <- R0  ; line 1460
10472 MOVE                 R11 <- R9  ; line 1460
10473 HOST_CALL            a=12 b=11 c=10 imm=2  ; line 1460
10474 LOAD_CONST           R13 constant[2198]  ; line 1460
10475 MOVE                 R14 <- R12  ; line 1460
10476 MOVE                 R15 <- R13  ; line 1460
10477 HOST_CALL            a=16 b=11 c=14 imm=2  ; line 1460
10478 MOVE                 R17 <- R16  ; line 1460
10479 LOAD_CONST           R18 constant[2199]  ; line 1461
10480 MOVE                 R19 <- R18  ; line 1461
10481 HOST_CALL            a=20 b=22 c=19 imm=1  ; line 1461
10482 MOVE                 R21 <- R20  ; line 1461
10483 LOAD_CONST           R22 constant[2200]  ; line 1462
10484 MOVE                 R23 <- R22  ; line 1462
10485 HOST_CALL            a=24 b=22 c=23 imm=1  ; line 1462
10486 MOVE                 R25 <- R24  ; line 1462
10487 LOAD_CONST           R26 constant[2201]  ; line 1463
10488 MOVE                 R27 <- R26  ; line 1463
10489 COMPARE              a=27 b=8 c=28 imm=2  ; line 1464
10490 JUMP_IF_FALSE        R28 -> 10602  ; line 1464
10491 MOVE                 R28 <- R17  ; line 1465
10492 CALL                 a=29 b=110 c=28 imm=1  ; line 1465
10493 MOVE                 R30 <- R29  ; line 1465
10494 LOAD_CONST           R31 constant[2202]  ; line 1466
10495 MOVE                 R32 <- R31  ; line 1466
10496 LOAD_CONST           R33 constant[2203]  ; line 1467
10497 MOVE                 R34 <- R33  ; line 1467
10498 COMPARE              a=34 b=17 c=35 imm=2  ; line 1468
10499 JUMP_IF_FALSE        R35 -> 10570  ; line 1468
10500 LOAD_CONST           R35 constant[2204]  ; line 1469
10501 MOVE                 R36 <- R0  ; line 1469
10502 MOVE                 R37 <- R35  ; line 1469
10503 HOST_CALL            a=38 b=11 c=36 imm=2  ; line 1469
10504 LOAD_CONST           R39 constant[2205]  ; line 1469
10505 MOVE                 R40 <- R38  ; line 1469
10506 MOVE                 R41 <- R39  ; line 1469
10507 HOST_CALL            a=42 b=11 c=40 imm=2  ; line 1469
10508 MOVE                 R43 <- R42  ; line 1469
10509 MOVE                 R44 <- R34  ; line 1469
10510 HOST_CALL            a=45 b=11 c=43 imm=2  ; line 1469
10511 MOVE                 R46 <- R45  ; line 1469
10512 LOAD_CONST           R47 constant[2206]  ; line 1470
10513 COMPARE              a=27 b=47 c=48 imm=4  ; line 1470
10514 JUMP_IF_FALSE        R48 -> 10551  ; line 1470
10515 LOAD_CONST           R47 constant[2207]  ; line 1471
10516 MOVE                 R46 <- R47  ; line 1471
10517 LOAD_CONST           R47 constant[2208]  ; line 1472
10518 MOVE                 R48 <- R47  ; line 1472
10519 COMPARE              a=48 b=17 c=49 imm=2  ; line 1473
10520 JUMP_IF_FALSE        R49 -> 10550  ; line 1473
10521 LOAD_CONST           R49 constant[2209]  ; line 1474
10522 BINARY               a=27 b=49 c=50 imm=1  ; line 1474
10523 MOVE                 R51 <- R21  ; line 1474
10524 MOVE                 R52 <- R50  ; line 1474
10525 HOST_CALL            a=53 b=11 c=51 imm=2  ; line 1474
10526 MOVE                 R54 <- R53  ; line 1474
10527 MOVE                 R55 <- R48  ; line 1474
10528 HOST_CALL            a=56 b=11 c=54 imm=2  ; line 1474
10529 LOAD_CONST           R57 constant[2210]  ; line 1474
10530 MOVE                 R58 <- R0  ; line 1474
10531 MOVE                 R59 <- R57  ; line 1474
10532 HOST_CALL            a=60 b=11 c=58 imm=2  ; line 1474
10533 LOAD_CONST           R61 constant[2211]  ; line 1474
10534 MOVE                 R62 <- R60  ; line 1474
10535 MOVE                 R63 <- R61  ; line 1474
10536 HOST_CALL            a=64 b=11 c=62 imm=2  ; line 1474
10537 MOVE                 R65 <- R48  ; line 1474
10538 MOVE                 R66 <- R34  ; line 1474
10539 ARRAY_NEW            a=67 b=65 c=2 imm=4294967295  ; line 1474
10540 MOVE                 R68 <- R64  ; line 1474
10541 MOVE                 R69 <- R67  ; line 1474
10542 HOST_CALL            a=70 b=11 c=68 imm=2  ; line 1474
10543 BINARY               a=56 b=70 c=71 imm=2  ; line 1474
10544 BINARY               a=46 b=71 c=72 imm=0  ; line 1474
10545 MOVE                 R46 <- R72  ; line 1474
10546 LOAD_CONST           R49 constant[2212]  ; line 1475
10547 BINARY               a=48 b=49 c=50 imm=0  ; line 1475
10548 MOVE                 R48 <- R50  ; line 1475
10549 JUMP                 -> 10519  ; line 1475
10550 JUMP                 -> 10551  ; line 1475
10551 MOVE                 R49 <- R0  ; line 1478
10552 MOVE                 R50 <- R1  ; line 1478
10553 MOVE                 R51 <- R27  ; line 1478
10554 MOVE                 R52 <- R34  ; line 1478
10555 CALL                 a=53 b=152 c=49 imm=4  ; line 1478
10556 BINARY               a=46 b=53 c=54 imm=2  ; line 1478
10557 MOVE                 R55 <- R30  ; line 1478
10558 MOVE                 R56 <- R34  ; line 1478
10559 MOVE                 R57 <- R54  ; line 1478
10560 HOST_CALL            a=58 b=12 c=55 imm=3  ; line 1478
10561 MOVE                 R49 <- R30  ; line 1479
10562 MOVE                 R50 <- R34  ; line 1479
10563 HOST_CALL            a=51 b=11 c=49 imm=2  ; line 1479
10564 BINARY               a=32 b=51 c=52 imm=0  ; line 1479
10565 MOVE                 R32 <- R52  ; line 1479
10566 LOAD_CONST           R49 constant[2213]  ; line 1480
10567 BINARY               a=34 b=49 c=50 imm=0  ; line 1480
10568 MOVE                 R34 <- R50  ; line 1480
10569 JUMP                 -> 10498  ; line 1480
10570 LOAD_CONST           R49 constant[2214]  ; line 1482
10571 COMPARE              a=32 b=49 c=50 imm=2  ; line 1482
10572 JUMP_IF_FALSE        R50 -> 10576  ; line 1482
10573 LOAD_CONST           R49 constant[2215]  ; line 1482
10574 MOVE                 R32 <- R49  ; line 1482
10575 JUMP                 -> 10576  ; line 1482
10576 LOAD_CONST           R49 constant[2216]  ; line 1483
10577 MOVE                 R34 <- R49  ; line 1483
10578 COMPARE              a=34 b=17 c=49 imm=2  ; line 1484
10579 JUMP_IF_FALSE        R49 -> 10592  ; line 1484
10580 MOVE                 R49 <- R30  ; line 1485
10581 MOVE                 R50 <- R34  ; line 1485
10582 HOST_CALL            a=51 b=11 c=49 imm=2  ; line 1485
10583 BINARY               a=51 b=32 c=52 imm=3  ; line 1485
10584 MOVE                 R53 <- R30  ; line 1485
10585 MOVE                 R54 <- R34  ; line 1485
10586 MOVE                 R55 <- R52  ; line 1485
10587 HOST_CALL            a=56 b=12 c=53 imm=3  ; line 1485
10588 LOAD_CONST           R49 constant[2217]  ; line 1486
10589 BINARY               a=34 b=49 c=50 imm=0  ; line 1486
10590 MOVE                 R34 <- R50  ; line 1486
10591 JUMP                 -> 10578  ; line 1486
10592 MOVE                 R49 <- R21  ; line 1488
10593 MOVE                 R50 <- R30  ; line 1488
10594 HOST_CALL            a=51 b=23 c=49 imm=2  ; line 1488
10595 MOVE                 R49 <- R25  ; line 1489
10596 MOVE                 R50 <- R32  ; line 1489
10597 HOST_CALL            a=51 b=23 c=49 imm=2  ; line 1489
10598 LOAD_CONST           R49 constant[2218]  ; line 1490
10599 BINARY               a=27 b=49 c=50 imm=0  ; line 1490
10600 MOVE                 R27 <- R50  ; line 1490
10601 JUMP                 -> 10489  ; line 1490
10602 MOVE                 R49 <- R8  ; line 1493
10603 MOVE                 R50 <- R17  ; line 1493
10604 CALL                 a=51 b=127 c=49 imm=2  ; line 1493
10605 MOVE                 R52 <- R51  ; line 1493
10606 LOAD_CONST           R53 constant[2219]  ; line 1494
10607 BINARY               a=8 b=53 c=54 imm=1  ; line 1494
10608 MOVE                 R55 <- R52  ; line 1494
10609 MOVE                 R56 <- R54  ; line 1494
10610 HOST_CALL            a=57 b=11 c=55 imm=2  ; line 1494
10611 MOVE                 R58 <- R57  ; line 1494
10612 LOAD_CONST           R59 constant[2220]  ; line 1495
10613 MOVE                 R60 <- R59  ; line 1495
10614 COMPARE              a=60 b=17 c=61 imm=2  ; line 1496
10615 JUMP_IF_FALSE        R61 -> 10625  ; line 1496
10616 LOAD_CONST           R61 constant[2221]  ; line 1496
10617 MOVE                 R62 <- R58  ; line 1496
10618 MOVE                 R63 <- R60  ; line 1496
10619 MOVE                 R64 <- R61  ; line 1496
10620 HOST_CALL            a=65 b=12 c=62 imm=3  ; line 1496
10621 LOAD_CONST           R61 constant[2222]  ; line 1496
10622 BINARY               a=60 b=61 c=62 imm=0  ; line 1496
10623 MOVE                 R60 <- R62  ; line 1496
10624 JUMP                 -> 10614  ; line 1496
10625 LOAD_CONST           R61 constant[2223]  ; line 1497
10626 BINARY               a=8 b=61 c=62 imm=1  ; line 1497
10627 MOVE                 R27 <- R62  ; line 1497
10628 LOAD_CONST           R61 constant[2224]  ; line 1498
10629 COMPARE              a=27 b=61 c=62 imm=5  ; line 1498
10630 JUMP_IF_FALSE        R62 -> 10700  ; line 1498
10631 MOVE                 R61 <- R52  ; line 1499
10632 MOVE                 R62 <- R27  ; line 1499
10633 HOST_CALL            a=63 b=11 c=61 imm=2  ; line 1499
10634 MOVE                 R64 <- R63  ; line 1499
10635 LOAD_CONST           R65 constant[2225]  ; line 1500
10636 MOVE                 R60 <- R65  ; line 1500
10637 COMPARE              a=60 b=17 c=65 imm=2  ; line 1501
10638 JUMP_IF_FALSE        R65 -> 10696  ; line 1501
10639 LOAD_CONST           R65 constant[2226]  ; line 1502
10640 MOVE                 R66 <- R65  ; line 1502
10641 LOAD_CONST           R67 constant[2227]  ; line 1503
10642 MOVE                 R68 <- R67  ; line 1503
10643 COMPARE              a=68 b=17 c=69 imm=2  ; line 1504
10644 JUMP_IF_FALSE        R69 -> 10682  ; line 1504
10645 LOAD_CONST           R69 constant[2228]  ; line 1505
10646 MOVE                 R70 <- R0  ; line 1505
10647 MOVE                 R71 <- R69  ; line 1505
10648 HOST_CALL            a=72 b=11 c=70 imm=2  ; line 1505
10649 LOAD_CONST           R73 constant[2229]  ; line 1505
10650 MOVE                 R74 <- R72  ; line 1505
10651 MOVE                 R75 <- R73  ; line 1505
10652 HOST_CALL            a=76 b=11 c=74 imm=2  ; line 1505
10653 MOVE                 R77 <- R60  ; line 1505
10654 MOVE                 R78 <- R68  ; line 1505
10655 ARRAY_NEW            a=79 b=77 c=2 imm=4294967295  ; line 1505
10656 MOVE                 R80 <- R76  ; line 1505
10657 MOVE                 R81 <- R79  ; line 1505
10658 HOST_CALL            a=82 b=11 c=80 imm=2  ; line 1505
10659 LOAD_CONST           R83 constant[2230]  ; line 1505
10660 BINARY               a=27 b=83 c=84 imm=0  ; line 1505
10661 MOVE                 R85 <- R0  ; line 1505
10662 MOVE                 R86 <- R1  ; line 1505
10663 MOVE                 R87 <- R84  ; line 1505
10664 MOVE                 R88 <- R68  ; line 1505
10665 CALL                 a=89 b=152 c=85 imm=4  ; line 1505
10666 BINARY               a=82 b=89 c=90 imm=2  ; line 1505
10667 LOAD_CONST           R91 constant[2231]  ; line 1505
10668 BINARY               a=27 b=91 c=92 imm=0  ; line 1505
10669 MOVE                 R93 <- R52  ; line 1505
10670 MOVE                 R94 <- R92  ; line 1505
10671 HOST_CALL            a=95 b=11 c=93 imm=2  ; line 1505
10672 MOVE                 R96 <- R95  ; line 1505
10673 MOVE                 R97 <- R68  ; line 1505
10674 HOST_CALL            a=98 b=11 c=96 imm=2  ; line 1505
10675 BINARY               a=90 b=98 c=99 imm=2  ; line 1505
10676 BINARY               a=66 b=99 c=100 imm=0  ; line 1505
10677 MOVE                 R66 <- R100  ; line 1505
10678 LOAD_CONST           R69 constant[2232]  ; line 1507
10679 BINARY               a=68 b=69 c=70 imm=0  ; line 1507
10680 MOVE                 R68 <- R70  ; line 1507
10681 JUMP                 -> 10643  ; line 1507
10682 LOAD_CONST           R69 constant[2233]  ; line 1509
10683 BINARY               a=27 b=69 c=70 imm=0  ; line 1509
10684 MOVE                 R71 <- R25  ; line 1509
10685 MOVE                 R72 <- R70  ; line 1509
10686 HOST_CALL            a=73 b=11 c=71 imm=2  ; line 1509
10687 BINARY               a=66 b=73 c=74 imm=3  ; line 1509
10688 MOVE                 R75 <- R64  ; line 1509
10689 MOVE                 R76 <- R60  ; line 1509
10690 MOVE                 R77 <- R74  ; line 1509
10691 HOST_CALL            a=78 b=12 c=75 imm=3  ; line 1509
10692 LOAD_CONST           R69 constant[2234]  ; line 1510
10693 BINARY               a=60 b=69 c=70 imm=0  ; line 1510
10694 MOVE                 R60 <- R70  ; line 1510
10695 JUMP                 -> 10637  ; line 1510
10696 LOAD_CONST           R69 constant[2235]  ; line 1512
10697 BINARY               a=27 b=69 c=70 imm=1  ; line 1512
10698 MOVE                 R27 <- R70  ; line 1512
10699 JUMP                 -> 10628  ; line 1512
10700 MOVE                 R69 <- R8  ; line 1515
10701 MOVE                 R70 <- R17  ; line 1515
10702 CALL                 a=71 b=127 c=69 imm=2  ; line 1515
10703 MOVE                 R72 <- R71  ; line 1515
10704 LOAD_CONST           R73 constant[2236]  ; line 1516
10705 MOVE                 R27 <- R73  ; line 1516
10706 COMPARE              a=27 b=8 c=73 imm=2  ; line 1517
10707 JUMP_IF_FALSE        R73 -> 10770  ; line 1517
10708 MOVE                 R73 <- R72  ; line 1518
10709 MOVE                 R74 <- R27  ; line 1518
10710 HOST_CALL            a=75 b=11 c=73 imm=2  ; line 1518
10711 MOVE                 R76 <- R75  ; line 1518
10712 LOAD_CONST           R77 constant[2237]  ; line 1519
10713 MOVE                 R78 <- R77  ; line 1519
10714 LOAD_CONST           R79 constant[2238]  ; line 1520
10715 MOVE                 R60 <- R79  ; line 1520
10716 COMPARE              a=60 b=17 c=79 imm=2  ; line 1521
10717 JUMP_IF_FALSE        R79 -> 10744  ; line 1521
10718 MOVE                 R79 <- R21  ; line 1522
10719 MOVE                 R80 <- R27  ; line 1522
10720 HOST_CALL            a=81 b=11 c=79 imm=2  ; line 1522
10721 MOVE                 R82 <- R81  ; line 1522
10722 MOVE                 R83 <- R60  ; line 1522
10723 HOST_CALL            a=84 b=11 c=82 imm=2  ; line 1522
10724 MOVE                 R85 <- R52  ; line 1522
10725 MOVE                 R86 <- R27  ; line 1522
10726 HOST_CALL            a=87 b=11 c=85 imm=2  ; line 1522
10727 MOVE                 R88 <- R87  ; line 1522
10728 MOVE                 R89 <- R60  ; line 1522
10729 HOST_CALL            a=90 b=11 c=88 imm=2  ; line 1522
10730 BINARY               a=84 b=90 c=91 imm=2  ; line 1522
10731 MOVE                 R92 <- R76  ; line 1522
10732 MOVE                 R93 <- R60  ; line 1522
10733 MOVE                 R94 <- R91  ; line 1522
10734 HOST_CALL            a=95 b=12 c=92 imm=3  ; line 1522
10735 MOVE                 R79 <- R76  ; line 1523
10736 MOVE                 R80 <- R60  ; line 1523
10737 HOST_CALL            a=81 b=11 c=79 imm=2  ; line 1523
10738 BINARY               a=78 b=81 c=82 imm=0  ; line 1523
10739 MOVE                 R78 <- R82  ; line 1523
10740 LOAD_CONST           R79 constant[2239]  ; line 1524
10741 BINARY               a=60 b=79 c=80 imm=0  ; line 1524
10742 MOVE                 R60 <- R80  ; line 1524
10743 JUMP                 -> 10716  ; line 1524
10744 LOAD_CONST           R79 constant[2240]  ; line 1526
10745 COMPARE              a=78 b=79 c=80 imm=2  ; line 1526
10746 JUMP_IF_FALSE        R80 -> 10750  ; line 1526
10747 LOAD_CONST           R79 constant[2241]  ; line 1526
10748 MOVE                 R78 <- R79  ; line 1526
10749 JUMP                 -> 10750  ; line 1526
10750 LOAD_CONST           R79 constant[2242]  ; line 1527
10751 MOVE                 R60 <- R79  ; line 1527
10752 COMPARE              a=60 b=17 c=79 imm=2  ; line 1528
10753 JUMP_IF_FALSE        R79 -> 10766  ; line 1528
10754 MOVE                 R79 <- R76  ; line 1529
10755 MOVE                 R80 <- R60  ; line 1529
10756 HOST_CALL            a=81 b=11 c=79 imm=2  ; line 1529
10757 BINARY               a=81 b=78 c=82 imm=3  ; line 1529
10758 MOVE                 R83 <- R76  ; line 1529
10759 MOVE                 R84 <- R60  ; line 1529
10760 MOVE                 R85 <- R82  ; line 1529
10761 HOST_CALL            a=86 b=12 c=83 imm=3  ; line 1529
10762 LOAD_CONST           R79 constant[2243]  ; line 1530
10763 BINARY               a=60 b=79 c=80 imm=0  ; line 1530
10764 MOVE                 R60 <- R80  ; line 1530
10765 JUMP                 -> 10752  ; line 1530
10766 LOAD_CONST           R79 constant[2244]  ; line 1532
10767 BINARY               a=27 b=79 c=80 imm=0  ; line 1532
10768 MOVE                 R27 <- R80  ; line 1532
10769 JUMP                 -> 10706  ; line 1532
10770 LOAD_CONST           R79 constant[2245]  ; line 1535
10771 MOVE                 R80 <- R79  ; line 1535
10772 HOST_CALL            a=81 b=22 c=80 imm=1  ; line 1535
10773 MOVE                 R82 <- R81  ; line 1535
10774 LOAD_CONST           R83 constant[2246]  ; line 1536
10775 MOVE                 R27 <- R83  ; line 1536
10776 LOAD_CONST           R83 constant[2247]  ; line 1537
10777 BINARY               a=8 b=83 c=84 imm=1  ; line 1537
10778 COMPARE              a=27 b=84 c=85 imm=2  ; line 1537
10779 JUMP_IF_FALSE        R85 -> 10892  ; line 1537
10780 MOVE                 R83 <- R17  ; line 1538
10781 MOVE                 R84 <- R17  ; line 1538
10782 CALL                 a=85 b=127 c=83 imm=2  ; line 1538
10783 MOVE                 R86 <- R85  ; line 1538
10784 LOAD_CONST           R87 constant[2248]  ; line 1539
10785 MOVE                 R88 <- R87  ; line 1539
10786 LOAD_CONST           R89 constant[2249]  ; line 1540
10787 MOVE                 R60 <- R89  ; line 1540
10788 COMPARE              a=60 b=17 c=89 imm=2  ; line 1541
10789 JUMP_IF_FALSE        R89 -> 10851  ; line 1541
10790 MOVE                 R89 <- R86  ; line 1542
10791 MOVE                 R90 <- R60  ; line 1542
10792 HOST_CALL            a=91 b=11 c=89 imm=2  ; line 1542
10793 MOVE                 R92 <- R91  ; line 1542
10794 LOAD_CONST           R93 constant[2250]  ; line 1543
10795 MOVE                 R94 <- R93  ; line 1543
10796 COMPARE              a=94 b=17 c=95 imm=2  ; line 1544
10797 JUMP_IF_FALSE        R95 -> 10847  ; line 1544
10798 MOVE                 R95 <- R21  ; line 1545
10799 MOVE                 R96 <- R27  ; line 1545
10800 HOST_CALL            a=97 b=11 c=95 imm=2  ; line 1545
10801 MOVE                 R98 <- R97  ; line 1545
10802 MOVE                 R99 <- R60  ; line 1545
10803 HOST_CALL            a=100 b=11 c=98 imm=2  ; line 1545
10804 LOAD_CONST           R101 constant[2251]  ; line 1545
10805 MOVE                 R102 <- R0  ; line 1545
10806 MOVE                 R103 <- R101  ; line 1545
10807 HOST_CALL            a=104 b=11 c=102 imm=2  ; line 1545
10808 LOAD_CONST           R105 constant[2252]  ; line 1545
10809 MOVE                 R106 <- R104  ; line 1545
10810 MOVE                 R107 <- R105  ; line 1545
10811 HOST_CALL            a=108 b=11 c=106 imm=2  ; line 1545
10812 MOVE                 R109 <- R60  ; line 1545
10813 MOVE                 R110 <- R94  ; line 1545
10814 ARRAY_NEW            a=111 b=109 c=2 imm=4294967295  ; line 1545
10815 MOVE                 R112 <- R108  ; line 1545
10816 MOVE                 R113 <- R111  ; line 1545
10817 HOST_CALL            a=114 b=11 c=112 imm=2  ; line 1545
10818 BINARY               a=100 b=114 c=115 imm=2  ; line 1545
10819 LOAD_CONST           R116 constant[2253]  ; line 1545
10820 BINARY               a=27 b=116 c=117 imm=0  ; line 1545
10821 MOVE                 R118 <- R0  ; line 1545
10822 MOVE                 R119 <- R1  ; line 1545
10823 MOVE                 R120 <- R117  ; line 1545
10824 MOVE                 R121 <- R94  ; line 1545
10825 CALL                 a=122 b=152 c=118 imm=4  ; line 1545
10826 BINARY               a=115 b=122 c=123 imm=2  ; line 1545
10827 LOAD_CONST           R124 constant[2254]  ; line 1545
10828 BINARY               a=27 b=124 c=125 imm=0  ; line 1545
10829 MOVE                 R126 <- R52  ; line 1545
10830 MOVE                 R127 <- R125  ; line 1545
10831 HOST_CALL            a=128 b=11 c=126 imm=2  ; line 1545
10832 MOVE                 R129 <- R128  ; line 1545
10833 MOVE                 R130 <- R94  ; line 1545
10834 HOST_CALL            a=131 b=11 c=129 imm=2  ; line 1545
10835 BINARY               a=123 b=131 c=132 imm=2  ; line 1545
10836 MOVE                 R133 <- R132  ; line 1545
10837 MOVE                 R134 <- R92  ; line 1547
10838 MOVE                 R135 <- R94  ; line 1547
10839 MOVE                 R136 <- R133  ; line 1547
10840 HOST_CALL            a=137 b=12 c=134 imm=3  ; line 1547
10841 BINARY               a=88 b=133 c=134 imm=0  ; line 1548
10842 MOVE                 R88 <- R134  ; line 1548
10843 LOAD_CONST           R134 constant[2255]  ; line 1549
10844 BINARY               a=94 b=134 c=135 imm=0  ; line 1549
10845 MOVE                 R94 <- R135  ; line 1549
10846 JUMP                 -> 10796  ; line 1549
10847 LOAD_CONST           R134 constant[2256]  ; line 1551
10848 BINARY               a=60 b=134 c=135 imm=0  ; line 1551
10849 MOVE                 R60 <- R135  ; line 1551
10850 JUMP                 -> 10788  ; line 1551
10851 LOAD_CONST           R134 constant[2257]  ; line 1553
10852 COMPARE              a=88 b=134 c=135 imm=2  ; line 1553
10853 JUMP_IF_FALSE        R135 -> 10857  ; line 1553
10854 LOAD_CONST           R134 constant[2258]  ; line 1553
10855 MOVE                 R88 <- R134  ; line 1553
10856 JUMP                 -> 10857  ; line 1553
10857 LOAD_CONST           R134 constant[2259]  ; line 1554
10858 MOVE                 R60 <- R134  ; line 1554
10859 COMPARE              a=60 b=17 c=134 imm=2  ; line 1555
10860 JUMP_IF_FALSE        R134 -> 10885  ; line 1555
10861 MOVE                 R134 <- R86  ; line 1556
10862 MOVE                 R135 <- R60  ; line 1556
10863 HOST_CALL            a=136 b=11 c=134 imm=2  ; line 1556
10864 MOVE                 R137 <- R136  ; line 1556
10865 LOAD_CONST           R138 constant[2260]  ; line 1557
10866 MOVE                 R139 <- R138  ; line 1557
10867 COMPARE              a=139 b=17 c=140 imm=2  ; line 1558
10868 JUMP_IF_FALSE        R140 -> 10881  ; line 1558
10869 MOVE                 R140 <- R137  ; line 1559
10870 MOVE                 R141 <- R139  ; line 1559
10871 HOST_CALL            a=142 b=11 c=140 imm=2  ; line 1559
10872 BINARY               a=142 b=88 c=143 imm=3  ; line 1559
10873 MOVE                 R144 <- R137  ; line 1559
10874 MOVE                 R145 <- R139  ; line 1559
10875 MOVE                 R146 <- R143  ; line 1559
10876 HOST_CALL            a=147 b=12 c=144 imm=3  ; line 1559
10877 LOAD_CONST           R140 constant[2261]  ; line 1560
10878 BINARY               a=139 b=140 c=141 imm=0  ; line 1560
10879 MOVE                 R139 <- R141  ; line 1560
10880 JUMP                 -> 10867  ; line 1560
10881 LOAD_CONST           R140 constant[2262]  ; line 1562
10882 BINARY               a=60 b=140 c=141 imm=0  ; line 1562
10883 MOVE                 R60 <- R141  ; line 1562
10884 JUMP                 -> 10859  ; line 1562
10885 MOVE                 R140 <- R82  ; line 1564
10886 MOVE                 R141 <- R86  ; line 1564
10887 HOST_CALL            a=142 b=23 c=140 imm=2  ; line 1564
10888 LOAD_CONST           R140 constant[2263]  ; line 1565
10889 BINARY               a=27 b=140 c=141 imm=0  ; line 1565
10890 MOVE                 R27 <- R141  ; line 1565
10891 JUMP                 -> 10776  ; line 1565
10892 LOAD_CONST           R140 constant[2264]  ; line 1567
10893 LOAD_CONST           R141 constant[2265]  ; line 1567
10894 LOAD_CONST           R142 constant[2266]  ; line 1567
10895 MOVE                 R143 <- R140  ; line 1567
10896 MOVE                 R144 <- R72  ; line 1567
10897 MOVE                 R145 <- R141  ; line 1567
10898 MOVE                 R146 <- R82  ; line 1567
10899 MOVE                 R147 <- R142  ; line 1567
10900 MOVE                 R148 <- R25  ; line 1567
10901 HOST_CALL            a=149 b=6 c=143 imm=6  ; line 1567
10902 RETURN               R149  ; line 1567
10903 LOAD_CONST           R150 constant[2267]  ; line 1567
10904 RETURN               R150  ; line 1567
10905 LOAD_CONST           R2 constant[2268]  ; line 1571
10906 MOVE                 R3 <- R0  ; line 1571
10907 MOVE                 R4 <- R2  ; line 1571
10908 HOST_CALL            a=5 b=11 c=3 imm=2  ; line 1571
10909 LOAD_CONST           R6 constant[2269]  ; line 1571
10910 MOVE                 R7 <- R5  ; line 1571
10911 MOVE                 R8 <- R6  ; line 1571
10912 HOST_CALL            a=9 b=11 c=7 imm=2  ; line 1571
10913 MOVE                 R10 <- R9  ; line 1571
10914 LOAD_CONST           R11 constant[2270]  ; line 1572
10915 MOVE                 R12 <- R1  ; line 1572
10916 MOVE                 R13 <- R11  ; line 1572
10917 HOST_CALL            a=14 b=11 c=12 imm=2  ; line 1572
10918 MOVE                 R15 <- R14  ; line 1572
10919 HOST_CALL            a=16 b=26 c=15 imm=1  ; line 1572
10920 MOVE                 R17 <- R16  ; line 1572
10921 MOVE                 R18 <- R10  ; line 1573
10922 MOVE                 R19 <- R10  ; line 1573
10923 CALL                 a=20 b=127 c=18 imm=2  ; line 1573
10924 MOVE                 R21 <- R20  ; line 1573
10925 LOAD_CONST           R22 constant[2271]  ; line 1574
10926 MOVE                 R23 <- R22  ; line 1574
10927 COMPARE              a=23 b=10 c=24 imm=2  ; line 1575
10928 JUMP_IF_FALSE        R24 -> 11007  ; line 1575
10929 LOAD_CONST           R24 constant[2272]  ; line 1576
10930 MOVE                 R25 <- R24  ; line 1576
10931 LOAD_CONST           R26 constant[2273]  ; line 1577
10932 MOVE                 R27 <- R26  ; line 1577
10933 LOAD_CONST           R28 constant[2274]  ; line 1578
10934 BINARY               a=17 b=28 c=29 imm=1  ; line 1578
10935 COMPARE              a=27 b=29 c=30 imm=2  ; line 1578
10936 JUMP_IF_FALSE        R30 -> 10953  ; line 1578
10937 LOAD_CONST           R28 constant[2275]  ; line 1579
10938 MOVE                 R29 <- R1  ; line 1579
10939 MOVE                 R30 <- R28  ; line 1579
10940 HOST_CALL            a=31 b=11 c=29 imm=2  ; line 1579
10941 MOVE                 R32 <- R31  ; line 1579
10942 MOVE                 R33 <- R27  ; line 1579
10943 HOST_CALL            a=34 b=11 c=32 imm=2  ; line 1579
10944 MOVE                 R35 <- R34  ; line 1579
10945 MOVE                 R36 <- R23  ; line 1579
10946 HOST_CALL            a=37 b=11 c=35 imm=2  ; line 1579
10947 BINARY               a=25 b=37 c=38 imm=0  ; line 1579
10948 MOVE                 R25 <- R38  ; line 1579
10949 LOAD_CONST           R28 constant[2276]  ; line 1580
10950 BINARY               a=27 b=28 c=29 imm=0  ; line 1580
10951 MOVE                 R27 <- R29  ; line 1580
10952 JUMP                 -> 10933  ; line 1580
10953 LOAD_CONST           R28 constant[2277]  ; line 1582
10954 COMPARE              a=25 b=28 c=29 imm=2  ; line 1582
10955 JUMP_IF_FALSE        R29 -> 10959  ; line 1582
10956 LOAD_CONST           R28 constant[2278]  ; line 1582
10957 MOVE                 R25 <- R28  ; line 1582
10958 JUMP                 -> 10959  ; line 1582
10959 MOVE                 R28 <- R21  ; line 1583
10960 MOVE                 R29 <- R23  ; line 1583
10961 HOST_CALL            a=30 b=11 c=28 imm=2  ; line 1583
10962 MOVE                 R31 <- R30  ; line 1583
10963 LOAD_CONST           R32 constant[2279]  ; line 1584
10964 MOVE                 R33 <- R32  ; line 1584
10965 COMPARE              a=33 b=10 c=34 imm=2  ; line 1585
10966 JUMP_IF_FALSE        R34 -> 11003  ; line 1585
10967 LOAD_CONST           R34 constant[2280]  ; line 1586
10968 MOVE                 R35 <- R34  ; line 1586
10969 LOAD_CONST           R36 constant[2281]  ; line 1587
10970 MOVE                 R27 <- R36  ; line 1587
10971 LOAD_CONST           R36 constant[2282]  ; line 1588
10972 BINARY               a=17 b=36 c=37 imm=1  ; line 1588
10973 COMPARE              a=27 b=37 c=38 imm=2  ; line 1588
10974 JUMP_IF_FALSE        R38 -> 10994  ; line 1588
10975 LOAD_CONST           R36 constant[2283]  ; line 1589
10976 MOVE                 R37 <- R1  ; line 1589
10977 MOVE                 R38 <- R36  ; line 1589
10978 HOST_CALL            a=39 b=11 c=37 imm=2  ; line 1589
10979 MOVE                 R40 <- R39  ; line 1589
10980 MOVE                 R41 <- R27  ; line 1589
10981 HOST_CALL            a=42 b=11 c=40 imm=2  ; line 1589
10982 MOVE                 R43 <- R42  ; line 1589
10983 MOVE                 R44 <- R23  ; line 1589
10984 HOST_CALL            a=45 b=11 c=43 imm=2  ; line 1589
10985 MOVE                 R46 <- R45  ; line 1589
10986 MOVE                 R47 <- R33  ; line 1589
10987 HOST_CALL            a=48 b=11 c=46 imm=2  ; line 1589
10988 BINARY               a=35 b=48 c=49 imm=0  ; line 1589
10989 MOVE                 R35 <- R49  ; line 1589
10990 LOAD_CONST           R36 constant[2284]  ; line 1590
10991 BINARY               a=27 b=36 c=37 imm=0  ; line 1590
10992 MOVE                 R27 <- R37  ; line 1590
10993 JUMP                 -> 10971  ; line 1590
10994 BINARY               a=35 b=25 c=36 imm=3  ; line 1592
10995 MOVE                 R37 <- R31  ; line 1592
10996 MOVE                 R38 <- R33  ; line 1592
10997 MOVE                 R39 <- R36  ; line 1592
10998 HOST_CALL            a=40 b=12 c=37 imm=3  ; line 1592
10999 LOAD_CONST           R36 constant[2285]  ; line 1593
11000 BINARY               a=33 b=36 c=37 imm=0  ; line 1593
11001 MOVE                 R33 <- R37  ; line 1593
11002 JUMP                 -> 10965  ; line 1593
11003 LOAD_CONST           R36 constant[2286]  ; line 1595
11004 BINARY               a=23 b=36 c=37 imm=0  ; line 1595
11005 MOVE                 R23 <- R37  ; line 1595
11006 JUMP                 -> 10927  ; line 1595
11007 RETURN               R21  ; line 1597
11008 LOAD_CONST           R36 constant[2287]  ; line 1597
11009 RETURN               R36  ; line 1597
11010 LOAD_CONST           R3 constant[2288]  ; line 1601
11011 MOVE                 R4 <- R3  ; line 1601
11012 COMPARE              a=4 b=2 c=5 imm=2  ; line 1602
11013 JUMP_IF_FALSE        R5 -> 11175  ; line 1602
11014 MOVE                 R5 <- R0  ; line 1603
11015 MOVE                 R6 <- R1  ; line 1603
11016 CALL                 a=7 b=153 c=5 imm=2  ; line 1603
11017 MOVE                 R8 <- R7  ; line 1603
11018 LOAD_CONST           R9 constant[2289]  ; line 1604
11019 MOVE                 R10 <- R0  ; line 1604
11020 MOVE                 R11 <- R9  ; line 1604
11021 HOST_CALL            a=12 b=11 c=10 imm=2  ; line 1604
11022 LOAD_CONST           R13 constant[2290]  ; line 1604
11023 MOVE                 R14 <- R12  ; line 1604
11024 MOVE                 R15 <- R13  ; line 1604
11025 HOST_CALL            a=16 b=11 c=14 imm=2  ; line 1604
11026 MOVE                 R17 <- R16  ; line 1604
11027 LOAD_CONST           R18 constant[2291]  ; line 1605
11028 MOVE                 R19 <- R0  ; line 1605
11029 MOVE                 R20 <- R18  ; line 1605
11030 HOST_CALL            a=21 b=11 c=19 imm=2  ; line 1605
11031 LOAD_CONST           R22 constant[2292]  ; line 1605
11032 MOVE                 R23 <- R21  ; line 1605
11033 MOVE                 R24 <- R22  ; line 1605
11034 HOST_CALL            a=25 b=11 c=23 imm=2  ; line 1605
11035 MOVE                 R26 <- R25  ; line 1605
11036 MOVE                 R27 <- R17  ; line 1606
11037 MOVE                 R28 <- R26  ; line 1606
11038 CALL                 a=29 b=127 c=27 imm=2  ; line 1606
11039 MOVE                 R30 <- R29  ; line 1606
11040 LOAD_CONST           R31 constant[2293]  ; line 1607
11041 MOVE                 R32 <- R31  ; line 1607
11042 COMPARE              a=32 b=17 c=33 imm=2  ; line 1608
11043 JUMP_IF_FALSE        R33 -> 11133  ; line 1608
11044 LOAD_CONST           R33 constant[2294]  ; line 1609
11045 MOVE                 R34 <- R33  ; line 1609
11046 LOAD_CONST           R35 constant[2295]  ; line 1610
11047 MOVE                 R36 <- R35  ; line 1610
11048 MOVE                 R37 <- R1  ; line 1611
11049 HOST_CALL            a=38 b=61 c=37 imm=1  ; line 1611
11050 LOAD_CONST           R39 constant[2296]  ; line 1611
11051 MOVE                 R40 <- R38  ; line 1611
11052 MOVE                 R41 <- R39  ; line 1611
11053 HOST_CALL            a=42 b=11 c=40 imm=2  ; line 1611
11054 COMPARE              a=36 b=42 c=43 imm=2  ; line 1611
11055 JUMP_IF_FALSE        R43 -> 11072  ; line 1611
11056 LOAD_CONST           R37 constant[2297]  ; line 1612
11057 MOVE                 R38 <- R8  ; line 1612
11058 MOVE                 R39 <- R37  ; line 1612
11059 HOST_CALL            a=40 b=11 c=38 imm=2  ; line 1612
11060 MOVE                 R41 <- R40  ; line 1612
11061 MOVE                 R42 <- R36  ; line 1612
11062 HOST_CALL            a=43 b=11 c=41 imm=2  ; line 1612
11063 MOVE                 R44 <- R43  ; line 1612
11064 MOVE                 R45 <- R32  ; line 1612
11065 HOST_CALL            a=46 b=11 c=44 imm=2  ; line 1612
11066 BINARY               a=34 b=46 c=47 imm=0  ; line 1612
11067 MOVE                 R34 <- R47  ; line 1612
11068 LOAD_CONST           R37 constant[2298]  ; line 1613
11069 BINARY               a=36 b=37 c=38 imm=0  ; line 1613
11070 MOVE                 R36 <- R38  ; line 1613
11071 JUMP                 -> 11048  ; line 1613
11072 LOAD_CONST           R37 constant[2299]  ; line 1615
11073 COMPARE              a=34 b=37 c=38 imm=2  ; line 1615
11074 JUMP_IF_FALSE        R38 -> 11078  ; line 1615
11075 LOAD_CONST           R37 constant[2300]  ; line 1615
11076 MOVE                 R34 <- R37  ; line 1615
11077 JUMP                 -> 11078  ; line 1615
11078 MOVE                 R37 <- R30  ; line 1616
11079 MOVE                 R38 <- R32  ; line 1616
11080 HOST_CALL            a=39 b=11 c=37 imm=2  ; line 1616
11081 MOVE                 R40 <- R39  ; line 1616
11082 LOAD_CONST           R41 constant[2301]  ; line 1617
11083 MOVE                 R42 <- R41  ; line 1617
11084 COMPARE              a=42 b=26 c=43 imm=2  ; line 1618
11085 JUMP_IF_FALSE        R43 -> 11129  ; line 1618
11086 LOAD_CONST           R43 constant[2302]  ; line 1619
11087 MOVE                 R44 <- R43  ; line 1619
11088 LOAD_CONST           R45 constant[2303]  ; line 1620
11089 MOVE                 R36 <- R45  ; line 1620
11090 MOVE                 R45 <- R1  ; line 1621
11091 HOST_CALL            a=46 b=61 c=45 imm=1  ; line 1621
11092 LOAD_CONST           R47 constant[2304]  ; line 1621
11093 MOVE                 R48 <- R46  ; line 1621
11094 MOVE                 R49 <- R47  ; line 1621
11095 HOST_CALL            a=50 b=11 c=48 imm=2  ; line 1621
11096 COMPARE              a=36 b=50 c=51 imm=2  ; line 1621
11097 JUMP_IF_FALSE        R51 -> 11120  ; line 1621
11098 MOVE                 R45 <- R1  ; line 1622
11099 MOVE                 R46 <- R36  ; line 1622
11100 HOST_CALL            a=47 b=11 c=45 imm=2  ; line 1622
11101 COMPARE              a=47 b=42 c=48 imm=0  ; line 1622
11102 JUMP_IF_FALSE        R48 -> 11116  ; line 1622
11103 LOAD_CONST           R45 constant[2305]  ; line 1622
11104 MOVE                 R46 <- R8  ; line 1622
11105 MOVE                 R47 <- R45  ; line 1622
11106 HOST_CALL            a=48 b=11 c=46 imm=2  ; line 1622
11107 MOVE                 R49 <- R48  ; line 1622
11108 MOVE                 R50 <- R36  ; line 1622
11109 HOST_CALL            a=51 b=11 c=49 imm=2  ; line 1622
11110 MOVE                 R52 <- R51  ; line 1622
11111 MOVE                 R53 <- R32  ; line 1622
11112 HOST_CALL            a=54 b=11 c=52 imm=2  ; line 1622
11113 BINARY               a=44 b=54 c=55 imm=0  ; line 1622
11114 MOVE                 R44 <- R55  ; line 1622
11115 JUMP                 -> 11116  ; line 1622
11116 LOAD_CONST           R45 constant[2306]  ; line 1623
11117 BINARY               a=36 b=45 c=46 imm=0  ; line 1623
11118 MOVE                 R36 <- R46  ; line 1623
11119 JUMP                 -> 11090  ; line 1623
11120 BINARY               a=44 b=34 c=45 imm=3  ; line 1625
11121 MOVE                 R46 <- R40  ; line 1625
11122 MOVE                 R47 <- R42  ; line 1625
11123 MOVE                 R48 <- R45  ; line 1625
11124 HOST_CALL            a=49 b=12 c=46 imm=3  ; line 1625
11125 LOAD_CONST           R45 constant[2307]  ; line 1626
11126 BINARY               a=42 b=45 c=46 imm=0  ; line 1626
11127 MOVE                 R42 <- R46  ; line 1626
11128 JUMP                 -> 11084  ; line 1626
11129 LOAD_CONST           R45 constant[2308]  ; line 1628
11130 BINARY               a=32 b=45 c=46 imm=0  ; line 1628
11131 MOVE                 R32 <- R46  ; line 1628
11132 JUMP                 -> 11042  ; line 1628
11133 LOAD_CONST           R45 constant[2309]  ; line 1630
11134 LOAD_CONST           R46 constant[2310]  ; line 1630
11135 MOVE                 R47 <- R0  ; line 1630
11136 MOVE                 R48 <- R8  ; line 1630
11137 CALL                 a=49 b=154 c=47 imm=2  ; line 1630
11138 MOVE                 R50 <- R49  ; line 1630
11139 HOST_CALL            a=51 b=72 c=50 imm=1  ; line 1630
11140 LOAD_CONST           R52 constant[2311]  ; line 1630
11141 MOVE                 R53 <- R30  ; line 1630
11142 HOST_CALL            a=54 b=72 c=53 imm=1  ; line 1630
11143 LOAD_CONST           R55 constant[2312]  ; line 1630
11144 LOAD_CONST           R56 constant[2313]  ; line 1630
11145 MOVE                 R57 <- R8  ; line 1630
11146 MOVE                 R58 <- R56  ; line 1630
11147 HOST_CALL            a=59 b=11 c=57 imm=2  ; line 1630
11148 LOAD_CONST           R60 constant[2314]  ; line 1630
11149 MOVE                 R61 <- R59  ; line 1630
11150 MOVE                 R62 <- R60  ; line 1630
11151 HOST_CALL            a=63 b=11 c=61 imm=2  ; line 1630
11152 MOVE                 R64 <- R63  ; line 1630
11153 HOST_CALL            a=65 b=72 c=64 imm=1  ; line 1630
11154 LOAD_CONST           R66 constant[2315]  ; line 1630
11155 LOAD_CONST           R67 constant[2316]  ; line 1630
11156 MOVE                 R68 <- R46  ; line 1630
11157 MOVE                 R69 <- R51  ; line 1630
11158 MOVE                 R70 <- R52  ; line 1630
11159 MOVE                 R71 <- R54  ; line 1630
11160 MOVE                 R72 <- R55  ; line 1630
11161 MOVE                 R73 <- R65  ; line 1630
11162 MOVE                 R74 <- R66  ; line 1630
11163 MOVE                 R75 <- R17  ; line 1630
11164 MOVE                 R76 <- R67  ; line 1630
11165 MOVE                 R77 <- R26  ; line 1630
11166 HOST_CALL            a=78 b=6 c=68 imm=10  ; line 1630
11167 MOVE                 R79 <- R0  ; line 1630
11168 MOVE                 R80 <- R45  ; line 1630
11169 MOVE                 R81 <- R78  ; line 1630
11170 HOST_CALL            a=82 b=12 c=79 imm=3  ; line 1630
11171 LOAD_CONST           R45 constant[2317]  ; line 1632
11172 BINARY               a=4 b=45 c=46 imm=0  ; line 1632
11173 MOVE                 R4 <- R46  ; line 1632
11174 JUMP                 -> 11012  ; line 1632
11175 RETURN               R0  ; line 1634
11176 LOAD_CONST           R45 constant[2318]  ; line 1634
11177 RETURN               R45  ; line 1634
11178 LOAD_CONST           R3 constant[2319]  ; line 1638
11179 MOVE                 R4 <- R3  ; line 1638
11180 COMPARE              a=4 b=2 c=5 imm=2  ; line 1639
11181 JUMP_IF_FALSE        R5 -> 11423  ; line 1639
11182 MOVE                 R5 <- R0  ; line 1640
11183 MOVE                 R6 <- R1  ; line 1640
11184 CALL                 a=7 b=153 c=5 imm=2  ; line 1640
11185 MOVE                 R8 <- R7  ; line 1640
11186 LOAD_CONST           R9 constant[2320]  ; line 1641
11187 MOVE                 R10 <- R0  ; line 1641
11188 MOVE                 R11 <- R9  ; line 1641
11189 HOST_CALL            a=12 b=11 c=10 imm=2  ; line 1641
11190 LOAD_CONST           R13 constant[2321]  ; line 1641
11191 MOVE                 R14 <- R12  ; line 1641
11192 MOVE                 R15 <- R13  ; line 1641
11193 HOST_CALL            a=16 b=11 c=14 imm=2  ; line 1641
11194 MOVE                 R17 <- R16  ; line 1641
11195 LOAD_CONST           R18 constant[2322]  ; line 1642
11196 MOVE                 R19 <- R0  ; line 1642
11197 MOVE                 R20 <- R18  ; line 1642
11198 HOST_CALL            a=21 b=11 c=19 imm=2  ; line 1642
11199 LOAD_CONST           R22 constant[2323]  ; line 1642
11200 MOVE                 R23 <- R21  ; line 1642
11201 MOVE                 R24 <- R22  ; line 1642
11202 HOST_CALL            a=25 b=11 c=23 imm=2  ; line 1642
11203 MOVE                 R26 <- R25  ; line 1642
11204 MOVE                 R27 <- R17  ; line 1643
11205 MOVE                 R28 <- R26  ; line 1643
11206 CALL                 a=29 b=127 c=27 imm=2  ; line 1643
11207 MOVE                 R30 <- R29  ; line 1643
11208 MOVE                 R31 <- R17  ; line 1644
11209 MOVE                 R32 <- R26  ; line 1644
11210 CALL                 a=33 b=127 c=31 imm=2  ; line 1644
11211 MOVE                 R34 <- R33  ; line 1644
11212 LOAD_CONST           R35 constant[2324]  ; line 1645
11213 MOVE                 R36 <- R35  ; line 1645
11214 COMPARE              a=36 b=17 c=37 imm=2  ; line 1646
11215 JUMP_IF_FALSE        R37 -> 11376  ; line 1646
11216 LOAD_CONST           R37 constant[2325]  ; line 1647
11217 MOVE                 R38 <- R37  ; line 1647
11218 LOAD_CONST           R39 constant[2326]  ; line 1648
11219 MOVE                 R40 <- R39  ; line 1648
11220 MOVE                 R41 <- R1  ; line 1649
11221 HOST_CALL            a=42 b=61 c=41 imm=1  ; line 1649
11222 LOAD_CONST           R43 constant[2327]  ; line 1649
11223 MOVE                 R44 <- R42  ; line 1649
11224 MOVE                 R45 <- R43  ; line 1649
11225 HOST_CALL            a=46 b=11 c=44 imm=2  ; line 1649
11226 COMPARE              a=40 b=46 c=47 imm=2  ; line 1649
11227 JUMP_IF_FALSE        R47 -> 11244  ; line 1649
11228 LOAD_CONST           R41 constant[2328]  ; line 1650
11229 MOVE                 R42 <- R8  ; line 1650
11230 MOVE                 R43 <- R41  ; line 1650
11231 HOST_CALL            a=44 b=11 c=42 imm=2  ; line 1650
11232 MOVE                 R45 <- R44  ; line 1650
11233 MOVE                 R46 <- R40  ; line 1650
11234 HOST_CALL            a=47 b=11 c=45 imm=2  ; line 1650
11235 MOVE                 R48 <- R47  ; line 1650
11236 MOVE                 R49 <- R36  ; line 1650
11237 HOST_CALL            a=50 b=11 c=48 imm=2  ; line 1650
11238 BINARY               a=38 b=50 c=51 imm=0  ; line 1650
11239 MOVE                 R38 <- R51  ; line 1650
11240 LOAD_CONST           R41 constant[2329]  ; line 1651
11241 BINARY               a=40 b=41 c=42 imm=0  ; line 1651
11242 MOVE                 R40 <- R42  ; line 1651
11243 JUMP                 -> 11220  ; line 1651
11244 LOAD_CONST           R41 constant[2330]  ; line 1653
11245 COMPARE              a=38 b=41 c=42 imm=2  ; line 1653
11246 JUMP_IF_FALSE        R42 -> 11250  ; line 1653
11247 LOAD_CONST           R41 constant[2331]  ; line 1653
11248 MOVE                 R38 <- R41  ; line 1653
11249 JUMP                 -> 11250  ; line 1653
11250 MOVE                 R41 <- R30  ; line 1654
11251 MOVE                 R42 <- R36  ; line 1654
11252 HOST_CALL            a=43 b=11 c=41 imm=2  ; line 1654
11253 MOVE                 R44 <- R43  ; line 1654
11254 LOAD_CONST           R45 constant[2332]  ; line 1655
11255 MOVE                 R46 <- R45  ; line 1655
11256 COMPARE              a=46 b=26 c=47 imm=2  ; line 1656
11257 JUMP_IF_FALSE        R47 -> 11302  ; line 1656
11258 LOAD_CONST           R47 constant[2333]  ; line 1657
11259 MOVE                 R48 <- R47  ; line 1657
11260 LOAD_CONST           R49 constant[2334]  ; line 1658
11261 MOVE                 R40 <- R49  ; line 1658
11262 MOVE                 R49 <- R1  ; line 1659
11263 HOST_CALL            a=50 b=61 c=49 imm=1  ; line 1659
11264 LOAD_CONST           R51 constant[2335]  ; line 1659
11265 MOVE                 R52 <- R50  ; line 1659
11266 MOVE                 R53 <- R51  ; line 1659
11267 HOST_CALL            a=54 b=11 c=52 imm=2  ; line 1659
11268 COMPARE              a=40 b=54 c=55 imm=2  ; line 1659
11269 JUMP_IF_FALSE        R55 -> 11293  ; line 1659
11270 LOAD_CONST           R49 constant[2336]  ; line 1660
11271 MOVE                 R50 <- R8  ; line 1660
11272 MOVE                 R51 <- R49  ; line 1660
11273 HOST_CALL            a=52 b=11 c=50 imm=2  ; line 1660
11274 MOVE                 R53 <- R52  ; line 1660
11275 MOVE                 R54 <- R40  ; line 1660
11276 HOST_CALL            a=55 b=11 c=53 imm=2  ; line 1660
11277 MOVE                 R56 <- R55  ; line 1660
11278 MOVE                 R57 <- R36  ; line 1660
11279 HOST_CALL            a=58 b=11 c=56 imm=2  ; line 1660
11280 MOVE                 R59 <- R40  ; line 1660
11281 MOVE                 R60 <- R46  ; line 1660
11282 ARRAY_NEW            a=61 b=59 c=2 imm=4294967295  ; line 1660
11283 MOVE                 R62 <- R1  ; line 1660
11284 MOVE                 R63 <- R61  ; line 1660
11285 HOST_CALL            a=64 b=11 c=62 imm=2  ; line 1660
11286 BINARY               a=58 b=64 c=65 imm=2  ; line 1660
11287 BINARY               a=48 b=65 c=66 imm=0  ; line 1660
11288 MOVE                 R48 <- R66  ; line 1660
11289 LOAD_CONST           R49 constant[2337]  ; line 1661
11290 BINARY               a=40 b=49 c=50 imm=0  ; line 1661
11291 MOVE                 R40 <- R50  ; line 1661
11292 JUMP                 -> 11262  ; line 1661
11293 BINARY               a=48 b=38 c=49 imm=3  ; line 1663
11294 MOVE                 R50 <- R44  ; line 1663
11295 MOVE                 R51 <- R46  ; line 1663
11296 MOVE                 R52 <- R49  ; line 1663
11297 HOST_CALL            a=53 b=12 c=50 imm=3  ; line 1663
11298 LOAD_CONST           R49 constant[2338]  ; line 1664
11299 BINARY               a=46 b=49 c=50 imm=0  ; line 1664
11300 MOVE                 R46 <- R50  ; line 1664
11301 JUMP                 -> 11256  ; line 1664
11302 MOVE                 R49 <- R34  ; line 1666
11303 MOVE                 R50 <- R36  ; line 1666
11304 HOST_CALL            a=51 b=11 c=49 imm=2  ; line 1666
11305 MOVE                 R52 <- R51  ; line 1666
11306 LOAD_CONST           R53 constant[2339]  ; line 1667
11307 MOVE                 R46 <- R53  ; line 1667
11308 COMPARE              a=46 b=26 c=53 imm=2  ; line 1668
11309 JUMP_IF_FALSE        R53 -> 11372  ; line 1668
11310 LOAD_CONST           R53 constant[2340]  ; line 1669
11311 MOVE                 R54 <- R53  ; line 1669
11312 LOAD_CONST           R55 constant[2341]  ; line 1670
11313 MOVE                 R40 <- R55  ; line 1670
11314 MOVE                 R55 <- R1  ; line 1671
11315 HOST_CALL            a=56 b=61 c=55 imm=1  ; line 1671
11316 LOAD_CONST           R57 constant[2342]  ; line 1671
11317 MOVE                 R58 <- R56  ; line 1671
11318 MOVE                 R59 <- R57  ; line 1671
11319 HOST_CALL            a=60 b=11 c=58 imm=2  ; line 1671
11320 COMPARE              a=40 b=60 c=61 imm=2  ; line 1671
11321 JUMP_IF_FALSE        R61 -> 11351  ; line 1671
11322 MOVE                 R55 <- R40  ; line 1672
11323 MOVE                 R56 <- R46  ; line 1672
11324 ARRAY_NEW            a=57 b=55 c=2 imm=4294967295  ; line 1672
11325 MOVE                 R58 <- R1  ; line 1672
11326 MOVE                 R59 <- R57  ; line 1672
11327 HOST_CALL            a=60 b=11 c=58 imm=2  ; line 1672
11328 MOVE                 R61 <- R44  ; line 1672
11329 MOVE                 R62 <- R46  ; line 1672
11330 HOST_CALL            a=63 b=11 c=61 imm=2  ; line 1672
11331 BINARY               a=60 b=63 c=64 imm=1  ; line 1672
11332 MOVE                 R65 <- R64  ; line 1672
11333 LOAD_CONST           R66 constant[2343]  ; line 1673
11334 MOVE                 R67 <- R8  ; line 1673
11335 MOVE                 R68 <- R66  ; line 1673
11336 HOST_CALL            a=69 b=11 c=67 imm=2  ; line 1673
11337 MOVE                 R70 <- R69  ; line 1673
11338 MOVE                 R71 <- R40  ; line 1673
11339 HOST_CALL            a=72 b=11 c=70 imm=2  ; line 1673
11340 MOVE                 R73 <- R72  ; line 1673
11341 MOVE                 R74 <- R36  ; line 1673
11342 HOST_CALL            a=75 b=11 c=73 imm=2  ; line 1673
11343 BINARY               a=75 b=65 c=76 imm=2  ; line 1673
11344 BINARY               a=76 b=65 c=77 imm=2  ; line 1673
11345 BINARY               a=54 b=77 c=78 imm=0  ; line 1673
11346 MOVE                 R54 <- R78  ; line 1673
11347 LOAD_CONST           R66 constant[2344]  ; line 1674
11348 BINARY               a=40 b=66 c=67 imm=0  ; line 1674
11349 MOVE                 R40 <- R67  ; line 1674
11350 JUMP                 -> 11314  ; line 1674
11351 BINARY               a=54 b=38 c=66 imm=3  ; line 1676
11352 MOVE                 R67 <- R52  ; line 1676
11353 MOVE                 R68 <- R46  ; line 1676
11354 MOVE                 R69 <- R66  ; line 1676
11355 HOST_CALL            a=70 b=12 c=67 imm=3  ; line 1676
11356 MOVE                 R66 <- R52  ; line 1677
11357 MOVE                 R67 <- R46  ; line 1677
11358 HOST_CALL            a=68 b=11 c=66 imm=2  ; line 1677
11359 LOAD_CONST           R69 constant[2345]  ; line 1677
11360 COMPARE              a=68 b=69 c=70 imm=2  ; line 1677
11361 JUMP_IF_FALSE        R70 -> 11368  ; line 1677
11362 LOAD_CONST           R66 constant[2346]  ; line 1677
11363 MOVE                 R67 <- R52  ; line 1677
11364 MOVE                 R68 <- R46  ; line 1677
11365 MOVE                 R69 <- R66  ; line 1677
11366 HOST_CALL            a=70 b=12 c=67 imm=3  ; line 1677
11367 JUMP                 -> 11368  ; line 1677
11368 LOAD_CONST           R66 constant[2347]  ; line 1678
11369 BINARY               a=46 b=66 c=67 imm=0  ; line 1678
11370 MOVE                 R46 <- R67  ; line 1678
11371 JUMP                 -> 11308  ; line 1678
11372 LOAD_CONST           R66 constant[2348]  ; line 1680
11373 BINARY               a=36 b=66 c=67 imm=0  ; line 1680
11374 MOVE                 R36 <- R67  ; line 1680
11375 JUMP                 -> 11214  ; line 1680
11376 LOAD_CONST           R66 constant[2349]  ; line 1682
11377 LOAD_CONST           R67 constant[2350]  ; line 1682
11378 MOVE                 R68 <- R0  ; line 1682
11379 MOVE                 R69 <- R8  ; line 1682
11380 CALL                 a=70 b=154 c=68 imm=2  ; line 1682
11381 MOVE                 R71 <- R70  ; line 1682
11382 HOST_CALL            a=72 b=72 c=71 imm=1  ; line 1682
11383 LOAD_CONST           R73 constant[2351]  ; line 1682
11384 MOVE                 R74 <- R30  ; line 1682
11385 HOST_CALL            a=75 b=72 c=74 imm=1  ; line 1682
11386 LOAD_CONST           R76 constant[2352]  ; line 1682
11387 MOVE                 R77 <- R34  ; line 1682
11388 HOST_CALL            a=78 b=72 c=77 imm=1  ; line 1682
11389 LOAD_CONST           R79 constant[2353]  ; line 1682
11390 LOAD_CONST           R80 constant[2354]  ; line 1682
11391 MOVE                 R81 <- R8  ; line 1682
11392 MOVE                 R82 <- R80  ; line 1682
11393 HOST_CALL            a=83 b=11 c=81 imm=2  ; line 1682
11394 LOAD_CONST           R84 constant[2355]  ; line 1682
11395 MOVE                 R85 <- R83  ; line 1682
11396 MOVE                 R86 <- R84  ; line 1682
11397 HOST_CALL            a=87 b=11 c=85 imm=2  ; line 1682
11398 MOVE                 R88 <- R87  ; line 1682
11399 HOST_CALL            a=89 b=72 c=88 imm=1  ; line 1682
11400 LOAD_CONST           R90 constant[2356]  ; line 1682
11401 LOAD_CONST           R91 constant[2357]  ; line 1682
11402 MOVE                 R92 <- R67  ; line 1682
11403 MOVE                 R93 <- R72  ; line 1682
11404 MOVE                 R94 <- R73  ; line 1682
11405 MOVE                 R95 <- R75  ; line 1682
11406 MOVE                 R96 <- R76  ; line 1682
11407 MOVE                 R97 <- R78  ; line 1682
11408 MOVE                 R98 <- R79  ; line 1682
11409 MOVE                 R99 <- R89  ; line 1682
11410 MOVE                 R100 <- R90  ; line 1682
11411 MOVE                 R101 <- R17  ; line 1682
11412 MOVE                 R102 <- R91  ; line 1682
11413 MOVE                 R103 <- R26  ; line 1682
11414 HOST_CALL            a=104 b=6 c=92 imm=12  ; line 1682
11415 MOVE                 R105 <- R0  ; line 1682
11416 MOVE                 R106 <- R66  ; line 1682
11417 MOVE                 R107 <- R104  ; line 1682
11418 HOST_CALL            a=108 b=12 c=105 imm=3  ; line 1682
11419 LOAD_CONST           R66 constant[2358]  ; line 1684
11420 BINARY               a=4 b=66 c=67 imm=0  ; line 1684
11421 MOVE                 R4 <- R67  ; line 1684
11422 JUMP                 -> 11180  ; line 1684
11423 RETURN               R0  ; line 1686
11424 LOAD_CONST           R66 constant[2359]  ; line 1686
11425 RETURN               R66  ; line 1686
11426 MOVE                 R2 <- R1  ; line 1690
11427 HOST_CALL            a=3 b=61 c=2 imm=1  ; line 1690
11428 LOAD_CONST           R4 constant[2360]  ; line 1690
11429 MOVE                 R5 <- R3  ; line 1690
11430 MOVE                 R6 <- R4  ; line 1690
11431 HOST_CALL            a=7 b=11 c=5 imm=2  ; line 1690
11432 MOVE                 R8 <- R7  ; line 1690
11433 LOAD_CONST           R9 constant[2361]  ; line 1691
11434 MOVE                 R10 <- R0  ; line 1691
11435 MOVE                 R11 <- R9  ; line 1691
11436 HOST_CALL            a=12 b=11 c=10 imm=2  ; line 1691
11437 LOAD_CONST           R13 constant[2362]  ; line 1691
11438 MOVE                 R14 <- R12  ; line 1691
11439 MOVE                 R15 <- R13  ; line 1691
11440 HOST_CALL            a=16 b=11 c=14 imm=2  ; line 1691
11441 MOVE                 R17 <- R16  ; line 1691
11442 MOVE                 R18 <- R8  ; line 1692
11443 MOVE                 R19 <- R17  ; line 1692
11444 CALL                 a=20 b=127 c=18 imm=2  ; line 1692
11445 MOVE                 R21 <- R20  ; line 1692
11446 MOVE                 R22 <- R8  ; line 1693
11447 MOVE                 R23 <- R17  ; line 1693
11448 CALL                 a=24 b=127 c=22 imm=2  ; line 1693
11449 MOVE                 R25 <- R24  ; line 1693
11450 LOAD_CONST           R26 constant[2363]  ; line 1694
11451 MOVE                 R27 <- R26  ; line 1694
11452 LOAD_CONST           R28 constant[2364]  ; line 1695
11453 MOVE                 R29 <- R21  ; line 1695
11454 MOVE                 R30 <- R28  ; line 1695
11455 HOST_CALL            a=31 b=11 c=29 imm=2  ; line 1695
11456 MOVE                 R32 <- R31  ; line 1695
11457 COMPARE              a=27 b=17 c=33 imm=2  ; line 1696
11458 JUMP_IF_FALSE        R33 -> 11485  ; line 1696
11459 LOAD_CONST           R33 constant[2365]  ; line 1697
11460 MOVE                 R34 <- R0  ; line 1697
11461 MOVE                 R35 <- R33  ; line 1697
11462 HOST_CALL            a=36 b=11 c=34 imm=2  ; line 1697
11463 LOAD_CONST           R37 constant[2366]  ; line 1697
11464 MOVE                 R38 <- R36  ; line 1697
11465 MOVE                 R39 <- R37  ; line 1697
11466 HOST_CALL            a=40 b=11 c=38 imm=2  ; line 1697
11467 MOVE                 R41 <- R40  ; line 1697
11468 MOVE                 R42 <- R27  ; line 1697
11469 HOST_CALL            a=43 b=11 c=41 imm=2  ; line 1697
11470 LOAD_CONST           R44 constant[2367]  ; line 1697
11471 MOVE                 R45 <- R0  ; line 1697
11472 MOVE                 R46 <- R1  ; line 1697
11473 MOVE                 R47 <- R44  ; line 1697
11474 MOVE                 R48 <- R27  ; line 1697
11475 CALL                 a=49 b=152 c=45 imm=4  ; line 1697
11476 BINARY               a=43 b=49 c=50 imm=2  ; line 1697
11477 MOVE                 R51 <- R32  ; line 1697
11478 MOVE                 R52 <- R27  ; line 1697
11479 MOVE                 R53 <- R50  ; line 1697
11480 HOST_CALL            a=54 b=12 c=51 imm=3  ; line 1697
11481 LOAD_CONST           R33 constant[2368]  ; line 1699
11482 BINARY               a=27 b=33 c=34 imm=0  ; line 1699
11483 MOVE                 R27 <- R34  ; line 1699
11484 JUMP                 -> 11457  ; line 1699
11485 LOAD_CONST           R33 constant[2369]  ; line 1701
11486 MOVE                 R34 <- R33  ; line 1701
11487 COMPARE              a=34 b=8 c=35 imm=2  ; line 1702
11488 JUMP_IF_FALSE        R35 -> 11615  ; line 1702
11489 MOVE                 R35 <- R21  ; line 1703
11490 MOVE                 R36 <- R34  ; line 1703
11491 HOST_CALL            a=37 b=11 c=35 imm=2  ; line 1703
11492 MOVE                 R38 <- R37  ; line 1703
11493 MOVE                 R39 <- R25  ; line 1704
11494 MOVE                 R40 <- R34  ; line 1704
11495 HOST_CALL            a=41 b=11 c=39 imm=2  ; line 1704
11496 MOVE                 R42 <- R41  ; line 1704
11497 LOAD_CONST           R43 constant[2370]  ; line 1705
11498 MOVE                 R27 <- R43  ; line 1705
11499 LOAD_CONST           R43 constant[2371]  ; line 1706
11500 MOVE                 R44 <- R43  ; line 1706
11501 COMPARE              a=27 b=17 c=45 imm=2  ; line 1707
11502 JUMP_IF_FALSE        R45 -> 11591  ; line 1707
11503 LOAD_CONST           R45 constant[2372]  ; line 1708
11504 MOVE                 R46 <- R45  ; line 1708
11505 LOAD_CONST           R47 constant[2373]  ; line 1709
11506 BINARY               a=34 b=47 c=48 imm=1  ; line 1709
11507 MOVE                 R49 <- R21  ; line 1709
11508 MOVE                 R50 <- R48  ; line 1709
11509 HOST_CALL            a=51 b=11 c=49 imm=2  ; line 1709
11510 LOAD_CONST           R52 constant[2374]  ; line 1709
11511 MOVE                 R53 <- R51  ; line 1709
11512 MOVE                 R54 <- R52  ; line 1709
11513 HOST_CALL            a=55 b=11 c=53 imm=2  ; line 1709
11514 LOAD_CONST           R56 constant[2375]  ; line 1709
11515 MOVE                 R57 <- R0  ; line 1709
11516 MOVE                 R58 <- R56  ; line 1709
11517 HOST_CALL            a=59 b=11 c=57 imm=2  ; line 1709
11518 LOAD_CONST           R60 constant[2376]  ; line 1709
11519 MOVE                 R61 <- R59  ; line 1709
11520 MOVE                 R62 <- R60  ; line 1709
11521 HOST_CALL            a=63 b=11 c=61 imm=2  ; line 1709
11522 LOAD_CONST           R64 constant[2377]  ; line 1709
11523 MOVE                 R65 <- R64  ; line 1709
11524 MOVE                 R66 <- R27  ; line 1709
11525 ARRAY_NEW            a=67 b=65 c=2 imm=4294967295  ; line 1709
11526 MOVE                 R68 <- R63  ; line 1709
11527 MOVE                 R69 <- R67  ; line 1709
11528 HOST_CALL            a=70 b=11 c=68 imm=2  ; line 1709
11529 BINARY               a=55 b=70 c=71 imm=2  ; line 1709
11530 MOVE                 R72 <- R71  ; line 1709
11531 LOAD_CONST           R73 constant[2378]  ; line 1710
11532 MOVE                 R74 <- R73  ; line 1710
11533 COMPARE              a=74 b=17 c=75 imm=2  ; line 1711
11534 JUMP_IF_FALSE        R75 -> 11568  ; line 1711
11535 LOAD_CONST           R75 constant[2379]  ; line 1712
11536 BINARY               a=34 b=75 c=76 imm=1  ; line 1712
11537 MOVE                 R77 <- R21  ; line 1712
11538 MOVE                 R78 <- R76  ; line 1712
11539 HOST_CALL            a=79 b=11 c=77 imm=2  ; line 1712
11540 MOVE                 R80 <- R79  ; line 1712
11541 MOVE                 R81 <- R74  ; line 1712
11542 HOST_CALL            a=82 b=11 c=80 imm=2  ; line 1712
11543 LOAD_CONST           R83 constant[2380]  ; line 1712
11544 MOVE                 R84 <- R0  ; line 1712
11545 MOVE                 R85 <- R83  ; line 1712
11546 HOST_CALL            a=86 b=11 c=84 imm=2  ; line 1712
11547 LOAD_CONST           R87 constant[2381]  ; line 1712
11548 MOVE                 R88 <- R86  ; line 1712
11549 MOVE                 R89 <- R87  ; line 1712
11550 HOST_CALL            a=90 b=11 c=88 imm=2  ; line 1712
11551 MOVE                 R91 <- R74  ; line 1712
11552 MOVE                 R92 <- R27  ; line 1712
11553 ARRAY_NEW            a=93 b=91 c=2 imm=4294967295  ; line 1712
11554 MOVE                 R94 <- R90  ; line 1712
11555 MOVE                 R95 <- R93  ; line 1712
11556 HOST_CALL            a=96 b=11 c=94 imm=2  ; line 1712
11557 BINARY               a=82 b=96 c=97 imm=2  ; line 1712
11558 MOVE                 R98 <- R97  ; line 1712
11559 COMPARE              a=98 b=72 c=99 imm=4  ; line 1713
11560 JUMP_IF_FALSE        R99 -> 11564  ; line 1713
11561 MOVE                 R72 <- R98  ; line 1713
11562 MOVE                 R46 <- R74  ; line 1713
11563 JUMP                 -> 11564  ; line 1713
11564 LOAD_CONST           R99 constant[2382]  ; line 1714
11565 BINARY               a=74 b=99 c=100 imm=0  ; line 1714
11566 MOVE                 R74 <- R100  ; line 1714
11567 JUMP                 -> 11533  ; line 1714
11568 MOVE                 R99 <- R0  ; line 1716
11569 MOVE                 R100 <- R1  ; line 1716
11570 MOVE                 R101 <- R34  ; line 1716
11571 MOVE                 R102 <- R27  ; line 1716
11572 CALL                 a=103 b=152 c=99 imm=4  ; line 1716
11573 BINARY               a=72 b=103 c=104 imm=2  ; line 1716
11574 MOVE                 R105 <- R38  ; line 1716
11575 MOVE                 R106 <- R27  ; line 1716
11576 MOVE                 R107 <- R104  ; line 1716
11577 HOST_CALL            a=108 b=12 c=105 imm=3  ; line 1716
11578 MOVE                 R99 <- R42  ; line 1717
11579 MOVE                 R100 <- R27  ; line 1717
11580 MOVE                 R101 <- R46  ; line 1717
11581 HOST_CALL            a=102 b=12 c=99 imm=3  ; line 1717
11582 MOVE                 R99 <- R38  ; line 1718
11583 MOVE                 R100 <- R27  ; line 1718
11584 HOST_CALL            a=101 b=11 c=99 imm=2  ; line 1718
11585 BINARY               a=44 b=101 c=102 imm=0  ; line 1718
11586 MOVE                 R44 <- R102  ; line 1718
11587 LOAD_CONST           R99 constant[2383]  ; line 1719
11588 BINARY               a=27 b=99 c=100 imm=0  ; line 1719
11589 MOVE                 R27 <- R100  ; line 1719
11590 JUMP                 -> 11501  ; line 1719
11591 LOAD_CONST           R99 constant[2384]  ; line 1721
11592 COMPARE              a=44 b=99 c=100 imm=4  ; line 1721
11593 JUMP_IF_FALSE        R100 -> 11611  ; line 1721
11594 LOAD_CONST           R99 constant[2385]  ; line 1722
11595 MOVE                 R27 <- R99  ; line 1722
11596 COMPARE              a=27 b=17 c=99 imm=2  ; line 1723
11597 JUMP_IF_FALSE        R99 -> 11610  ; line 1723
11598 MOVE                 R99 <- R38  ; line 1724
11599 MOVE                 R100 <- R27  ; line 1724
11600 HOST_CALL            a=101 b=11 c=99 imm=2  ; line 1724
11601 BINARY               a=101 b=44 c=102 imm=3  ; line 1724
11602 MOVE                 R103 <- R38  ; line 1724
11603 MOVE                 R104 <- R27  ; line 1724
11604 MOVE                 R105 <- R102  ; line 1724
11605 HOST_CALL            a=106 b=12 c=103 imm=3  ; line 1724
11606 LOAD_CONST           R99 constant[2386]  ; line 1725
11607 BINARY               a=27 b=99 c=100 imm=0  ; line 1725
11608 MOVE                 R27 <- R100  ; line 1725
11609 JUMP                 -> 11596  ; line 1725
11610 JUMP                 -> 11611  ; line 1725
11611 LOAD_CONST           R99 constant[2387]  ; line 1728
11612 BINARY               a=34 b=99 c=100 imm=0  ; line 1728
11613 MOVE                 R34 <- R100  ; line 1728
11614 JUMP                 -> 11487  ; line 1728
11615 MOVE                 R99 <- R8  ; line 1730
11616 CALL                 a=100 b=110 c=99 imm=1  ; line 1730
11617 MOVE                 R101 <- R100  ; line 1730
11618 LOAD_CONST           R102 constant[2388]  ; line 1731
11619 MOVE                 R103 <- R102  ; line 1731
11620 LOAD_CONST           R104 constant[2389]  ; line 1732
11621 MOVE                 R27 <- R104  ; line 1732
11622 COMPARE              a=27 b=17 c=104 imm=2  ; line 1733
11623 JUMP_IF_FALSE        R104 -> 11648  ; line 1733
11624 LOAD_CONST           R104 constant[2390]  ; line 1734
11625 BINARY               a=8 b=104 c=105 imm=1  ; line 1734
11626 MOVE                 R106 <- R21  ; line 1734
11627 MOVE                 R107 <- R105  ; line 1734
11628 HOST_CALL            a=108 b=11 c=106 imm=2  ; line 1734
11629 MOVE                 R109 <- R108  ; line 1734
11630 MOVE                 R110 <- R27  ; line 1734
11631 HOST_CALL            a=111 b=11 c=109 imm=2  ; line 1734
11632 LOAD_CONST           R112 constant[2391]  ; line 1734
11633 BINARY               a=8 b=112 c=113 imm=1  ; line 1734
11634 MOVE                 R114 <- R21  ; line 1734
11635 MOVE                 R115 <- R113  ; line 1734
11636 HOST_CALL            a=116 b=11 c=114 imm=2  ; line 1734
11637 MOVE                 R117 <- R116  ; line 1734
11638 MOVE                 R118 <- R103  ; line 1734
11639 HOST_CALL            a=119 b=11 c=117 imm=2  ; line 1734
11640 COMPARE              a=111 b=119 c=120 imm=4  ; line 1734
11641 JUMP_IF_FALSE        R120 -> 11644  ; line 1734
11642 MOVE                 R103 <- R27  ; line 1734
11643 JUMP                 -> 11644  ; line 1734
11644 LOAD_CONST           R104 constant[2392]  ; line 1735
11645 BINARY               a=27 b=104 c=105 imm=0  ; line 1735
11646 MOVE                 R27 <- R105  ; line 1735
11647 JUMP                 -> 11622  ; line 1735
11648 LOAD_CONST           R104 constant[2393]  ; line 1737
11649 BINARY               a=8 b=104 c=105 imm=1  ; line 1737
11650 MOVE                 R106 <- R101  ; line 1737
11651 MOVE                 R107 <- R105  ; line 1737
11652 MOVE                 R108 <- R103  ; line 1737
11653 HOST_CALL            a=109 b=12 c=106 imm=3  ; line 1737
11654 LOAD_CONST           R104 constant[2394]  ; line 1738
11655 BINARY               a=8 b=104 c=105 imm=1  ; line 1738
11656 MOVE                 R34 <- R105  ; line 1738
11657 LOAD_CONST           R104 constant[2395]  ; line 1739
11658 COMPARE              a=34 b=104 c=105 imm=5  ; line 1739
11659 JUMP_IF_FALSE        R105 -> 11681  ; line 1739
11660 LOAD_CONST           R104 constant[2396]  ; line 1740
11661 BINARY               a=34 b=104 c=105 imm=0  ; line 1740
11662 MOVE                 R106 <- R25  ; line 1740
11663 MOVE                 R107 <- R105  ; line 1740
11664 HOST_CALL            a=108 b=11 c=106 imm=2  ; line 1740
11665 LOAD_CONST           R109 constant[2397]  ; line 1740
11666 BINARY               a=34 b=109 c=110 imm=0  ; line 1740
11667 MOVE                 R111 <- R101  ; line 1740
11668 MOVE                 R112 <- R110  ; line 1740
11669 HOST_CALL            a=113 b=11 c=111 imm=2  ; line 1740
11670 MOVE                 R114 <- R108  ; line 1740
11671 MOVE                 R115 <- R113  ; line 1740
11672 HOST_CALL            a=116 b=11 c=114 imm=2  ; line 1740
11673 MOVE                 R117 <- R101  ; line 1740
11674 MOVE                 R118 <- R34  ; line 1740
11675 MOVE                 R119 <- R116  ; line 1740
11676 HOST_CALL            a=120 b=12 c=117 imm=3  ; line 1740
11677 LOAD_CONST           R104 constant[2398]  ; line 1741
11678 BINARY               a=34 b=104 c=105 imm=1  ; line 1741
11679 MOVE                 R34 <- R105  ; line 1741
11680 JUMP                 -> 11657  ; line 1741
11681 MOVE                 R104 <- R0  ; line 1743
11682 MOVE                 R105 <- R1  ; line 1743
11683 CALL                 a=106 b=153 c=104 imm=2  ; line 1743
11684 MOVE                 R107 <- R106  ; line 1743
11685 MOVE                 R108 <- R8  ; line 1744
11686 CALL                 a=109 b=110 c=108 imm=1  ; line 1744
11687 MOVE                 R110 <- R109  ; line 1744
11688 LOAD_CONST           R111 constant[2399]  ; line 1745
11689 MOVE                 R34 <- R111  ; line 1745
11690 COMPARE              a=34 b=8 c=111 imm=2  ; line 1746
11691 JUMP_IF_FALSE        R111 -> 11715  ; line 1746
11692 LOAD_CONST           R111 constant[2400]  ; line 1747
11693 LOAD_CONST           R112 constant[2401]  ; line 1747
11694 MOVE                 R113 <- R107  ; line 1747
11695 MOVE                 R114 <- R112  ; line 1747
11696 HOST_CALL            a=115 b=11 c=113 imm=2  ; line 1747
11697 MOVE                 R116 <- R115  ; line 1747
11698 MOVE                 R117 <- R34  ; line 1747
11699 HOST_CALL            a=118 b=11 c=116 imm=2  ; line 1747
11700 MOVE                 R119 <- R101  ; line 1747
11701 MOVE                 R120 <- R34  ; line 1747
11702 HOST_CALL            a=121 b=11 c=119 imm=2  ; line 1747
11703 MOVE                 R122 <- R118  ; line 1747
11704 MOVE                 R123 <- R121  ; line 1747
11705 HOST_CALL            a=124 b=11 c=122 imm=2  ; line 1747
11706 BINARY               a=111 b=124 c=125 imm=1  ; line 1747
11707 MOVE                 R126 <- R110  ; line 1747
11708 MOVE                 R127 <- R34  ; line 1747
11709 MOVE                 R128 <- R125  ; line 1747
11710 HOST_CALL            a=129 b=12 c=126 imm=3  ; line 1747
11711 LOAD_CONST           R111 constant[2402]  ; line 1748
11712 BINARY               a=34 b=111 c=112 imm=0  ; line 1748
11713 MOVE                 R34 <- R112  ; line 1748
11714 JUMP                 -> 11690  ; line 1748
11715 LOAD_CONST           R111 constant[2403]  ; line 1750
11716 MOVE                 R112 <- R101  ; line 1750
11717 HOST_CALL            a=113 b=72 c=112 imm=1  ; line 1750
11718 LOAD_CONST           R114 constant[2404]  ; line 1750
11719 MOVE                 R115 <- R110  ; line 1750
11720 HOST_CALL            a=116 b=72 c=115 imm=1  ; line 1750
11721 MOVE                 R117 <- R111  ; line 1750
11722 MOVE                 R118 <- R113  ; line 1750
11723 MOVE                 R119 <- R114  ; line 1750
11724 MOVE                 R120 <- R116  ; line 1750
11725 HOST_CALL            a=121 b=6 c=117 imm=4  ; line 1750
11726 RETURN               R121  ; line 1750
11727 LOAD_CONST           R122 constant[2405]  ; line 1750
11728 RETURN               R122  ; line 1750
11729 LOAD_CONST           R2 constant[2406]  ; line 1754
11730 MOVE                 R3 <- R2  ; line 1754
11731 LOAD_CONST           R4 constant[2407]  ; line 1755
11732 MOVE                 R5 <- R4  ; line 1755
11733 MOVE                 R6 <- R1  ; line 1756
11734 HOST_CALL            a=7 b=26 c=6 imm=1  ; line 1756
11735 COMPARE              a=5 b=7 c=8 imm=2  ; line 1756
11736 JUMP_IF_FALSE        R8 -> 11749  ; line 1756
11737 MOVE                 R6 <- R1  ; line 1757
11738 MOVE                 R7 <- R5  ; line 1757
11739 HOST_CALL            a=8 b=11 c=6 imm=2  ; line 1757
11740 MOVE                 R9 <- R0  ; line 1757
11741 MOVE                 R10 <- R8  ; line 1757
11742 HOST_CALL            a=11 b=11 c=9 imm=2  ; line 1757
11743 BINARY               a=3 b=11 c=12 imm=0  ; line 1757
11744 MOVE                 R3 <- R12  ; line 1757
11745 LOAD_CONST           R6 constant[2408]  ; line 1758
11746 BINARY               a=5 b=6 c=7 imm=0  ; line 1758
11747 MOVE                 R5 <- R7  ; line 1758
11748 JUMP                 -> 11733  ; line 1758
11749 LOAD_CONST           R6 constant[2409]  ; line 1760
11750 LOAD_CONST           R7 constant[2410]  ; line 1760
11751 LOAD_CONST           R8 constant[2411]  ; line 1760
11752 MOVE                 R9 <- R1  ; line 1760
11753 HOST_CALL            a=10 b=26 c=9 imm=1  ; line 1760
11754 BINARY               a=3 b=10 c=11 imm=3  ; line 1760
11755 MOVE                 R12 <- R6  ; line 1760
11756 MOVE                 R13 <- R7  ; line 1760
11757 MOVE                 R14 <- R8  ; line 1760
11758 MOVE                 R15 <- R11  ; line 1760
11759 HOST_CALL            a=16 b=6 c=12 imm=4  ; line 1760
11760 RETURN               R16  ; line 1760
11761 LOAD_CONST           R17 constant[2412]  ; line 1760
11762 RETURN               R17  ; line 1760
11763 MOVE                 R4 <- R0  ; line 1764
11764 HOST_CALL            a=5 b=61 c=4 imm=1  ; line 1764
11765 LOAD_CONST           R6 constant[2413]  ; line 1764
11766 MOVE                 R7 <- R5  ; line 1764
11767 MOVE                 R8 <- R6  ; line 1764
11768 HOST_CALL            a=9 b=11 c=7 imm=2  ; line 1764
11769 MOVE                 R10 <- R9  ; line 1764
11770 LOAD_CONST           R11 constant[2414]  ; line 1765
11771 LOAD_CONST           R12 constant[2415]  ; line 1765
11772 LOAD_CONST           R13 constant[2416]  ; line 1765
11773 LOAD_CONST           R14 constant[2417]  ; line 1765
11774 LOAD_CONST           R15 constant[2418]  ; line 1765
11775 LOAD_CONST           R16 constant[2419]  ; line 1765
11776 LOAD_CONST           R17 constant[2420]  ; line 1765
11777 LOAD_CONST           R18 constant[2421]  ; line 1765
11778 MOVE                 R19 <- R11  ; line 1765
11779 MOVE                 R20 <- R12  ; line 1765
11780 MOVE                 R21 <- R13  ; line 1765
11781 MOVE                 R22 <- R14  ; line 1765
11782 MOVE                 R23 <- R15  ; line 1765
11783 MOVE                 R24 <- R16  ; line 1765
11784 MOVE                 R25 <- R17  ; line 1765
11785 MOVE                 R26 <- R18  ; line 1765
11786 HOST_CALL            a=27 b=6 c=19 imm=8  ; line 1765
11787 MOVE                 R28 <- R27  ; line 1765
11788 LOAD_CONST           R29 constant[2422]  ; line 1766
11789 MOVE                 R30 <- R29  ; line 1766
11790 COMPARE              a=30 b=10 c=31 imm=2  ; line 1767
11791 JUMP_IF_FALSE        R31 -> 11964  ; line 1767
11792 LOAD_CONST           R31 constant[2423]  ; line 1768
11793 MOVE                 R32 <- R2  ; line 1768
11794 MOVE                 R33 <- R31  ; line 1768
11795 HOST_CALL            a=34 b=11 c=32 imm=2  ; line 1768
11796 MOVE                 R35 <- R34  ; line 1768
11797 MOVE                 R36 <- R30  ; line 1768
11798 ARRAY_NEW            a=37 b=35 c=2 imm=4294967295  ; line 1768
11799 MOVE                 R38 <- R0  ; line 1768
11800 MOVE                 R39 <- R37  ; line 1768
11801 HOST_CALL            a=40 b=11 c=38 imm=2  ; line 1768
11802 MOVE                 R41 <- R40  ; line 1768
11803 MOVE                 R42 <- R41  ; line 1769
11804 LOAD_CONST           R43 constant[2424]  ; line 1770
11805 MOVE                 R44 <- R43  ; line 1770
11806 MOVE                 R45 <- R2  ; line 1771
11807 HOST_CALL            a=46 b=26 c=45 imm=1  ; line 1771
11808 COMPARE              a=44 b=46 c=47 imm=2  ; line 1771
11809 JUMP_IF_FALSE        R47 -> 11832  ; line 1771
11810 MOVE                 R45 <- R2  ; line 1772
11811 MOVE                 R46 <- R44  ; line 1772
11812 HOST_CALL            a=47 b=11 c=45 imm=2  ; line 1772
11813 MOVE                 R48 <- R47  ; line 1772
11814 MOVE                 R49 <- R30  ; line 1772
11815 ARRAY_NEW            a=50 b=48 c=2 imm=4294967295  ; line 1772
11816 MOVE                 R51 <- R0  ; line 1772
11817 MOVE                 R52 <- R50  ; line 1772
11818 HOST_CALL            a=53 b=11 c=51 imm=2  ; line 1772
11819 MOVE                 R54 <- R53  ; line 1772
11820 COMPARE              a=54 b=41 c=55 imm=2  ; line 1773
11821 JUMP_IF_FALSE        R55 -> 11824  ; line 1773
11822 MOVE                 R41 <- R54  ; line 1773
11823 JUMP                 -> 11824  ; line 1773
11824 COMPARE              a=54 b=42 c=55 imm=4  ; line 1774
11825 JUMP_IF_FALSE        R55 -> 11828  ; line 1774
11826 MOVE                 R42 <- R54  ; line 1774
11827 JUMP                 -> 11828  ; line 1774
11828 LOAD_CONST           R55 constant[2425]  ; line 1775
11829 BINARY               a=44 b=55 c=56 imm=0  ; line 1775
11830 MOVE                 R44 <- R56  ; line 1775
11831 JUMP                 -> 11806  ; line 1775
11832 LOAD_CONST           R55 constant[2426]  ; line 1777
11833 MOVE                 R56 <- R55  ; line 1777
11834 COMPARE              a=56 b=3 c=57 imm=2  ; line 1778
11835 JUMP_IF_FALSE        R57 -> 11960  ; line 1778
11836 BINARY               a=42 b=41 c=57 imm=1  ; line 1779
11837 BINARY               a=57 b=56 c=58 imm=2  ; line 1779
11838 BINARY               a=58 b=3 c=59 imm=3  ; line 1779
11839 BINARY               a=41 b=59 c=60 imm=0  ; line 1779
11840 MOVE                 R61 <- R60  ; line 1779
11841 LOAD_CONST           R62 constant[2427]  ; line 1780
11842 MOVE                 R63 <- R62  ; line 1780
11843 LOAD_CONST           R64 constant[2428]  ; line 1781
11844 MOVE                 R65 <- R64  ; line 1781
11845 LOAD_CONST           R66 constant[2429]  ; line 1782
11846 MOVE                 R67 <- R66  ; line 1782
11847 LOAD_CONST           R68 constant[2430]  ; line 1783
11848 MOVE                 R69 <- R68  ; line 1783
11849 LOAD_CONST           R70 constant[2431]  ; line 1784
11850 MOVE                 R71 <- R70  ; line 1784
11851 LOAD_CONST           R72 constant[2432]  ; line 1785
11852 MOVE                 R73 <- R72  ; line 1785
11853 LOAD_CONST           R74 constant[2433]  ; line 1786
11854 MOVE                 R44 <- R74  ; line 1786
11855 MOVE                 R74 <- R2  ; line 1787
11856 HOST_CALL            a=75 b=26 c=74 imm=1  ; line 1787
11857 COMPARE              a=44 b=75 c=76 imm=2  ; line 1787
11858 JUMP_IF_FALSE        R76 -> 11896  ; line 1787
11859 MOVE                 R74 <- R2  ; line 1788
11860 MOVE                 R75 <- R44  ; line 1788
11861 HOST_CALL            a=76 b=11 c=74 imm=2  ; line 1788
11862 MOVE                 R77 <- R76  ; line 1788
11863 MOVE                 R78 <- R1  ; line 1789
11864 MOVE                 R79 <- R77  ; line 1789
11865 HOST_CALL            a=80 b=11 c=78 imm=2  ; line 1789
11866 MOVE                 R81 <- R80  ; line 1789
11867 MOVE                 R82 <- R77  ; line 1790
11868 MOVE                 R83 <- R30  ; line 1790
11869 ARRAY_NEW            a=84 b=82 c=2 imm=4294967295  ; line 1790
11870 MOVE                 R85 <- R0  ; line 1790
11871 MOVE                 R86 <- R84  ; line 1790
11872 HOST_CALL            a=87 b=11 c=85 imm=2  ; line 1790
11873 COMPARE              a=87 b=61 c=88 imm=3  ; line 1790
11874 JUMP_IF_FALSE        R88 -> 11884  ; line 1790
11875 LOAD_CONST           R82 constant[2434]  ; line 1791
11876 BINARY               a=63 b=82 c=83 imm=0  ; line 1791
11877 MOVE                 R63 <- R83  ; line 1791
11878 BINARY               a=67 b=81 c=82 imm=0  ; line 1792
11879 MOVE                 R67 <- R82  ; line 1792
11880 BINARY               a=81 b=81 c=82 imm=2  ; line 1793
11881 BINARY               a=71 b=82 c=83 imm=0  ; line 1793
11882 MOVE                 R71 <- R83  ; line 1793
11883 JUMP                 -> 11892  ; line 1793
11884 LOAD_CONST           R82 constant[2435]  ; line 1795
11885 BINARY               a=65 b=82 c=83 imm=0  ; line 1795
11886 MOVE                 R65 <- R83  ; line 1795
11887 BINARY               a=69 b=81 c=82 imm=0  ; line 1796
11888 MOVE                 R69 <- R82  ; line 1796
11889 BINARY               a=81 b=81 c=82 imm=2  ; line 1797
11890 BINARY               a=73 b=82 c=83 imm=0  ; line 1797
11891 MOVE                 R73 <- R83  ; line 1797
11892 LOAD_CONST           R82 constant[2436]  ; line 1799
11893 BINARY               a=44 b=82 c=83 imm=0  ; line 1799
11894 MOVE                 R44 <- R83  ; line 1799
11895 JUMP                 -> 11855  ; line 1799
11896 LOAD_CONST           R82 constant[2437]  ; line 1801
11897 COMPARE              a=63 b=82 c=83 imm=4  ; line 1801
11898 JUMP_IF_FALSE        R83 -> 11956  ; line 1801
11899 LOAD_CONST           R82 constant[2438]  ; line 1802
11900 COMPARE              a=65 b=82 c=83 imm=4  ; line 1802
11901 JUMP_IF_FALSE        R83 -> 11955  ; line 1802
11902 BINARY               a=67 b=67 c=82 imm=2  ; line 1803
11903 BINARY               a=82 b=63 c=83 imm=3  ; line 1803
11904 BINARY               a=71 b=83 c=84 imm=1  ; line 1803
11905 BINARY               a=84 b=73 c=85 imm=0  ; line 1803
11906 BINARY               a=69 b=69 c=86 imm=2  ; line 1803
11907 BINARY               a=86 b=65 c=87 imm=3  ; line 1803
11908 BINARY               a=85 b=87 c=88 imm=1  ; line 1803
11909 MOVE                 R89 <- R88  ; line 1803
11910 LOAD_CONST           R90 constant[2439]  ; line 1805
11911 MOVE                 R91 <- R28  ; line 1805
11912 MOVE                 R92 <- R90  ; line 1805
11913 HOST_CALL            a=93 b=11 c=91 imm=2  ; line 1805
11914 UNARY                a=93 b=94 c=4294967295 imm=1  ; line 1805
11915 JUMP_IF_FALSE        R94 -> 11932  ; line 1805
11916 LOAD_CONST           R90 constant[2440]  ; line 1806
11917 LOAD_CONST           R91 constant[2441]  ; line 1806
11918 LOAD_CONST           R92 constant[2442]  ; line 1806
11919 LOAD_CONST           R93 constant[2443]  ; line 1806
11920 LOAD_CONST           R94 constant[2444]  ; line 1806
11921 MOVE                 R95 <- R90  ; line 1806
11922 MOVE                 R96 <- R91  ; line 1806
11923 MOVE                 R97 <- R92  ; line 1806
11924 MOVE                 R98 <- R89  ; line 1806
11925 MOVE                 R99 <- R93  ; line 1806
11926 MOVE                 R100 <- R30  ; line 1806
11927 MOVE                 R101 <- R94  ; line 1806
11928 MOVE                 R102 <- R61  ; line 1806
11929 HOST_CALL            a=103 b=6 c=95 imm=8  ; line 1806
11930 MOVE                 R28 <- R103  ; line 1806
11931 JUMP                 -> 11954  ; line 1806
11932 LOAD_CONST           R90 constant[2445]  ; line 1808
11933 MOVE                 R91 <- R28  ; line 1808
11934 MOVE                 R92 <- R90  ; line 1808
11935 HOST_CALL            a=93 b=11 c=91 imm=2  ; line 1808
11936 COMPARE              a=89 b=93 c=94 imm=2  ; line 1808
11937 JUMP_IF_FALSE        R94 -> 11954  ; line 1808
11938 LOAD_CONST           R90 constant[2446]  ; line 1809
11939 LOAD_CONST           R91 constant[2447]  ; line 1809
11940 LOAD_CONST           R92 constant[2448]  ; line 1809
11941 LOAD_CONST           R93 constant[2449]  ; line 1809
11942 LOAD_CONST           R94 constant[2450]  ; line 1809
11943 MOVE                 R95 <- R90  ; line 1809
11944 MOVE                 R96 <- R91  ; line 1809
11945 MOVE                 R97 <- R92  ; line 1809
11946 MOVE                 R98 <- R89  ; line 1809
11947 MOVE                 R99 <- R93  ; line 1809
11948 MOVE                 R100 <- R30  ; line 1809
11949 MOVE                 R101 <- R94  ; line 1809
11950 MOVE                 R102 <- R61  ; line 1809
11951 HOST_CALL            a=103 b=6 c=95 imm=8  ; line 1809
11952 MOVE                 R28 <- R103  ; line 1809
11953 JUMP                 -> 11954  ; line 1809
11954 JUMP                 -> 11955  ; line 1809
11955 JUMP                 -> 11956  ; line 1809
11956 LOAD_CONST           R90 constant[2451]  ; line 1814
11957 BINARY               a=56 b=90 c=91 imm=0  ; line 1814
11958 MOVE                 R56 <- R91  ; line 1814
11959 JUMP                 -> 11834  ; line 1814
11960 LOAD_CONST           R90 constant[2452]  ; line 1816
11961 BINARY               a=30 b=90 c=91 imm=0  ; line 1816
11962 MOVE                 R30 <- R91  ; line 1816
11963 JUMP                 -> 11790  ; line 1816
11964 RETURN               R28  ; line 1818
11965 LOAD_CONST           R90 constant[2453]  ; line 1818
11966 RETURN               R90  ; line 1818
11967 COMPARE              a=3 b=4 c=6 imm=5  ; line 1822
11968 JUMP_IF_FALSE        R6 -> 11974  ; line 1822
11969 MOVE                 R6 <- R1  ; line 1822
11970 MOVE                 R7 <- R2  ; line 1822
11971 CALL                 a=8 b=158 c=6 imm=2  ; line 1822
11972 RETURN               R8  ; line 1822
11973 JUMP                 -> 11974  ; line 1822
11974 MOVE                 R6 <- R2  ; line 1823
11975 HOST_CALL            a=7 b=26 c=6 imm=1  ; line 1823
11976 LOAD_CONST           R8 constant[2454]  ; line 1823
11977 COMPARE              a=7 b=8 c=9 imm=2  ; line 1823
11978 JUMP_IF_FALSE        R9 -> 11984  ; line 1823
11979 MOVE                 R6 <- R1  ; line 1823
11980 MOVE                 R7 <- R2  ; line 1823
11981 CALL                 a=8 b=158 c=6 imm=2  ; line 1823
11982 RETURN               R8  ; line 1823
11983 JUMP                 -> 11984  ; line 1823
11984 MOVE                 R6 <- R0  ; line 1824
11985 MOVE                 R7 <- R1  ; line 1824
11986 MOVE                 R8 <- R2  ; line 1824
11987 MOVE                 R9 <- R5  ; line 1824
11988 CALL                 a=10 b=159 c=6 imm=4  ; line 1824
11989 MOVE                 R11 <- R10  ; line 1824
11990 LOAD_CONST           R12 constant[2455]  ; line 1825
11991 MOVE                 R13 <- R11  ; line 1825
11992 MOVE                 R14 <- R12  ; line 1825
11993 HOST_CALL            a=15 b=11 c=13 imm=2  ; line 1825
11994 UNARY                a=15 b=16 c=4294967295 imm=1  ; line 1825
11995 JUMP_IF_FALSE        R16 -> 12001  ; line 1825
11996 MOVE                 R12 <- R1  ; line 1825
11997 MOVE                 R13 <- R2  ; line 1825
11998 CALL                 a=14 b=158 c=12 imm=2  ; line 1825
11999 RETURN               R14  ; line 1825
12000 JUMP                 -> 12001  ; line 1825
12001 LOAD_CONST           R12 constant[2456]  ; line 1826
12002 MOVE                 R13 <- R12  ; line 1826
12003 HOST_CALL            a=14 b=22 c=13 imm=1  ; line 1826
12004 MOVE                 R15 <- R14  ; line 1826
12005 LOAD_CONST           R16 constant[2457]  ; line 1827
12006 MOVE                 R17 <- R16  ; line 1827
12007 HOST_CALL            a=18 b=22 c=17 imm=1  ; line 1827
12008 MOVE                 R19 <- R18  ; line 1827
12009 LOAD_CONST           R20 constant[2458]  ; line 1828
12010 MOVE                 R21 <- R20  ; line 1828
12011 MOVE                 R22 <- R2  ; line 1829
12012 HOST_CALL            a=23 b=26 c=22 imm=1  ; line 1829
12013 COMPARE              a=21 b=23 c=24 imm=2  ; line 1829
12014 JUMP_IF_FALSE        R24 -> 12046  ; line 1829
12015 MOVE                 R22 <- R2  ; line 1830
12016 MOVE                 R23 <- R21  ; line 1830
12017 HOST_CALL            a=24 b=11 c=22 imm=2  ; line 1830
12018 MOVE                 R25 <- R24  ; line 1830
12019 LOAD_CONST           R26 constant[2459]  ; line 1831
12020 MOVE                 R27 <- R11  ; line 1831
12021 MOVE                 R28 <- R26  ; line 1831
12022 HOST_CALL            a=29 b=11 c=27 imm=2  ; line 1831
12023 MOVE                 R30 <- R25  ; line 1831
12024 MOVE                 R31 <- R29  ; line 1831
12025 ARRAY_NEW            a=32 b=30 c=2 imm=4294967295  ; line 1831
12026 MOVE                 R33 <- R0  ; line 1831
12027 MOVE                 R34 <- R32  ; line 1831
12028 HOST_CALL            a=35 b=11 c=33 imm=2  ; line 1831
12029 LOAD_CONST           R36 constant[2460]  ; line 1831
12030 MOVE                 R37 <- R11  ; line 1831
12031 MOVE                 R38 <- R36  ; line 1831
12032 HOST_CALL            a=39 b=11 c=37 imm=2  ; line 1831
12033 COMPARE              a=35 b=39 c=40 imm=3  ; line 1831
12034 JUMP_IF_FALSE        R40 -> 12039  ; line 1831
12035 MOVE                 R26 <- R15  ; line 1832
12036 MOVE                 R27 <- R25  ; line 1832
12037 HOST_CALL            a=28 b=23 c=26 imm=2  ; line 1832
12038 JUMP                 -> 12042  ; line 1832
12039 MOVE                 R26 <- R19  ; line 1834
12040 MOVE                 R27 <- R25  ; line 1834
12041 HOST_CALL            a=28 b=23 c=26 imm=2  ; line 1834
12042 LOAD_CONST           R26 constant[2461]  ; line 1836
12043 BINARY               a=21 b=26 c=27 imm=0  ; line 1836
12044 MOVE                 R21 <- R27  ; line 1836
12045 JUMP                 -> 12011  ; line 1836
12046 LOAD_CONST           R26 constant[2462]  ; line 1838
12047 LOAD_CONST           R27 constant[2463]  ; line 1838
12048 LOAD_CONST           R28 constant[2464]  ; line 1838
12049 LOAD_CONST           R29 constant[2465]  ; line 1838
12050 MOVE                 R30 <- R11  ; line 1838
12051 MOVE                 R31 <- R29  ; line 1838
12052 HOST_CALL            a=32 b=11 c=30 imm=2  ; line 1838
12053 LOAD_CONST           R33 constant[2466]  ; line 1838
12054 LOAD_CONST           R34 constant[2467]  ; line 1838
12055 MOVE                 R35 <- R11  ; line 1838
12056 MOVE                 R36 <- R34  ; line 1838
12057 HOST_CALL            a=37 b=11 c=35 imm=2  ; line 1838
12058 LOAD_CONST           R38 constant[2468]  ; line 1838
12059 LOAD_CONST           R39 constant[2469]  ; line 1838
12060 BINARY               a=3 b=39 c=40 imm=0  ; line 1838
12061 MOVE                 R41 <- R0  ; line 1838
12062 MOVE                 R42 <- R1  ; line 1838
12063 MOVE                 R43 <- R15  ; line 1838
12064 MOVE                 R44 <- R40  ; line 1838
12065 MOVE                 R45 <- R4  ; line 1838
12066 MOVE                 R46 <- R5  ; line 1838
12067 CALL                 a=47 b=160 c=41 imm=6  ; line 1838
12068 LOAD_CONST           R48 constant[2470]  ; line 1838
12069 LOAD_CONST           R49 constant[2471]  ; line 1838
12070 BINARY               a=3 b=49 c=50 imm=0  ; line 1838
12071 MOVE                 R51 <- R0  ; line 1838
12072 MOVE                 R52 <- R1  ; line 1838
12073 MOVE                 R53 <- R19  ; line 1838
12074 MOVE                 R54 <- R50  ; line 1838
12075 MOVE                 R55 <- R4  ; line 1838
12076 MOVE                 R56 <- R5  ; line 1838
12077 CALL                 a=57 b=160 c=51 imm=6  ; line 1838
12078 MOVE                 R58 <- R26  ; line 1838
12079 MOVE                 R59 <- R27  ; line 1838
12080 MOVE                 R60 <- R28  ; line 1838
12081 MOVE                 R61 <- R32  ; line 1838
12082 MOVE                 R62 <- R33  ; line 1838
12083 MOVE                 R63 <- R37  ; line 1838
12084 MOVE                 R64 <- R38  ; line 1838
12085 MOVE                 R65 <- R47  ; line 1838
12086 MOVE                 R66 <- R48  ; line 1838
12087 MOVE                 R67 <- R57  ; line 1838
12088 HOST_CALL            a=68 b=6 c=58 imm=10  ; line 1838
12089 RETURN               R68  ; line 1838
12090 LOAD_CONST           R69 constant[2472]  ; line 1838
12091 RETURN               R69  ; line 1838
12092 MOVE                 R3 <- R0  ; line 1844
12093 LOAD_CONST           R4 constant[2473]  ; line 1845
12094 MOVE                 R5 <- R3  ; line 1845
12095 MOVE                 R6 <- R4  ; line 1845
12096 HOST_CALL            a=7 b=11 c=5 imm=2  ; line 1845
12097 UNARY                a=7 b=8 c=4294967295 imm=1  ; line 1845
12098 JUMP_IF_FALSE        R8 -> 12127  ; line 1845
12099 LOAD_CONST           R4 constant[2474]  ; line 1846
12100 MOVE                 R5 <- R3  ; line 1846
12101 MOVE                 R6 <- R4  ; line 1846
12102 HOST_CALL            a=7 b=11 c=5 imm=2  ; line 1846
12103 MOVE                 R8 <- R2  ; line 1846
12104 MOVE                 R9 <- R7  ; line 1846
12105 ARRAY_NEW            a=10 b=8 c=2 imm=4294967295  ; line 1846
12106 MOVE                 R11 <- R1  ; line 1846
12107 MOVE                 R12 <- R10  ; line 1846
12108 HOST_CALL            a=13 b=11 c=11 imm=2  ; line 1846
12109 LOAD_CONST           R14 constant[2475]  ; line 1846
12110 MOVE                 R15 <- R3  ; line 1846
12111 MOVE                 R16 <- R14  ; line 1846
12112 HOST_CALL            a=17 b=11 c=15 imm=2  ; line 1846
12113 COMPARE              a=13 b=17 c=18 imm=3  ; line 1846
12114 JUMP_IF_FALSE        R18 -> 12121  ; line 1846
12115 LOAD_CONST           R4 constant[2476]  ; line 1846
12116 MOVE                 R5 <- R3  ; line 1846
12117 MOVE                 R6 <- R4  ; line 1846
12118 HOST_CALL            a=7 b=11 c=5 imm=2  ; line 1846
12119 MOVE                 R3 <- R7  ; line 1846
12120 JUMP                 -> 12126  ; line 1846
12121 LOAD_CONST           R4 constant[2477]  ; line 1847
12122 MOVE                 R5 <- R3  ; line 1847
12123 MOVE                 R6 <- R4  ; line 1847
12124 HOST_CALL            a=7 b=11 c=5 imm=2  ; line 1847
12125 MOVE                 R3 <- R7  ; line 1847
12126 JUMP                 -> 12093  ; line 1847
12127 LOAD_CONST           R4 constant[2478]  ; line 1849
12128 MOVE                 R5 <- R3  ; line 1849
12129 MOVE                 R6 <- R4  ; line 1849
12130 HOST_CALL            a=7 b=11 c=5 imm=2  ; line 1849
12131 RETURN               R7  ; line 1849
12132 LOAD_CONST           R8 constant[2479]  ; line 1849
12133 RETURN               R8  ; line 1849
12134 MOVE                 R2 <- R1  ; line 1853
12135 HOST_CALL            a=3 b=61 c=2 imm=1  ; line 1853
12136 LOAD_CONST           R4 constant[2480]  ; line 1853
12137 MOVE                 R5 <- R3  ; line 1853
12138 MOVE                 R6 <- R4  ; line 1853
12139 HOST_CALL            a=7 b=11 c=5 imm=2  ; line 1853
12140 MOVE                 R8 <- R7  ; line 1853
12141 LOAD_CONST           R9 constant[2481]  ; line 1854
12142 MOVE                 R10 <- R9  ; line 1854
12143 HOST_CALL            a=11 b=22 c=10 imm=1  ; line 1854
12144 MOVE                 R12 <- R11  ; line 1854
12145 LOAD_CONST           R13 constant[2482]  ; line 1855
12146 MOVE                 R14 <- R13  ; line 1855
12147 COMPARE              a=14 b=8 c=15 imm=2  ; line 1856
12148 JUMP_IF_FALSE        R15 -> 12221  ; line 1856
12149 LOAD_CONST           R15 constant[2483]  ; line 1857
12150 MOVE                 R16 <- R0  ; line 1857
12151 MOVE                 R17 <- R15  ; line 1857
12152 HOST_CALL            a=18 b=11 c=16 imm=2  ; line 1857
12153 LOAD_CONST           R19 constant[2484]  ; line 1857
12154 MOVE                 R20 <- R18  ; line 1857
12155 MOVE                 R21 <- R19  ; line 1857
12156 HOST_CALL            a=22 b=11 c=20 imm=2  ; line 1857
12157 MOVE                 R23 <- R22  ; line 1857
12158 LOAD_CONST           R24 constant[2485]  ; line 1858
12159 MOVE                 R25 <- R24  ; line 1858
12160 LOAD_CONST           R26 constant[2486]  ; line 1859
12161 MOVE                 R27 <- R0  ; line 1859
12162 MOVE                 R28 <- R26  ; line 1859
12163 HOST_CALL            a=29 b=11 c=27 imm=2  ; line 1859
12164 LOAD_CONST           R30 constant[2487]  ; line 1859
12165 MOVE                 R31 <- R29  ; line 1859
12166 MOVE                 R32 <- R30  ; line 1859
12167 HOST_CALL            a=33 b=11 c=31 imm=2  ; line 1859
12168 MOVE                 R34 <- R33  ; line 1859
12169 HOST_CALL            a=35 b=26 c=34 imm=1  ; line 1859
12170 COMPARE              a=25 b=35 c=36 imm=2  ; line 1859
12171 JUMP_IF_FALSE        R36 -> 12203  ; line 1859
12172 LOAD_CONST           R26 constant[2488]  ; line 1860
12173 MOVE                 R27 <- R0  ; line 1860
12174 MOVE                 R28 <- R26  ; line 1860
12175 HOST_CALL            a=29 b=11 c=27 imm=2  ; line 1860
12176 LOAD_CONST           R30 constant[2489]  ; line 1860
12177 MOVE                 R31 <- R29  ; line 1860
12178 MOVE                 R32 <- R30  ; line 1860
12179 HOST_CALL            a=33 b=11 c=31 imm=2  ; line 1860
12180 MOVE                 R34 <- R33  ; line 1860
12181 MOVE                 R35 <- R25  ; line 1860
12182 HOST_CALL            a=36 b=11 c=34 imm=2  ; line 1860
12183 MOVE                 R37 <- R36  ; line 1860
12184 LOAD_CONST           R38 constant[2490]  ; line 1861
12185 MOVE                 R39 <- R0  ; line 1861
12186 MOVE                 R40 <- R38  ; line 1861
12187 HOST_CALL            a=41 b=11 c=39 imm=2  ; line 1861
12188 LOAD_CONST           R42 constant[2491]  ; line 1861
12189 MOVE                 R43 <- R41  ; line 1861
12190 MOVE                 R44 <- R42  ; line 1861
12191 HOST_CALL            a=45 b=11 c=43 imm=2  ; line 1861
12192 MOVE                 R46 <- R37  ; line 1861
12193 MOVE                 R47 <- R1  ; line 1861
12194 MOVE                 R48 <- R14  ; line 1861
12195 CALL                 a=49 b=161 c=46 imm=3  ; line 1861
12196 BINARY               a=45 b=49 c=50 imm=2  ; line 1861
12197 BINARY               a=23 b=50 c=51 imm=0  ; line 1861
12198 MOVE                 R23 <- R51  ; line 1861
12199 LOAD_CONST           R38 constant[2492]  ; line 1862
12200 BINARY               a=25 b=38 c=39 imm=0  ; line 1862
12201 MOVE                 R25 <- R39  ; line 1862
12202 JUMP                 -> 12160  ; line 1862
12203 LOAD_CONST           R38 constant[2493]  ; line 1864
12204 MOVE                 R39 <- R0  ; line 1864
12205 MOVE                 R40 <- R38  ; line 1864
12206 HOST_CALL            a=41 b=11 c=39 imm=2  ; line 1864
12207 LOAD_CONST           R42 constant[2494]  ; line 1864
12208 COMPARE              a=41 b=42 c=43 imm=0  ; line 1864
12209 JUMP_IF_FALSE        R43 -> 12214  ; line 1864
12210 MOVE                 R38 <- R23  ; line 1864
12211 CALL                 a=39 b=106 c=38 imm=1  ; line 1864
12212 MOVE                 R23 <- R39  ; line 1864
12213 JUMP                 -> 12214  ; line 1864
12214 MOVE                 R38 <- R12  ; line 1865
12215 MOVE                 R39 <- R23  ; line 1865
12216 HOST_CALL            a=40 b=23 c=38 imm=2  ; line 1865
12217 LOAD_CONST           R38 constant[2495]  ; line 1866
12218 BINARY               a=14 b=38 c=39 imm=0  ; line 1866
12219 MOVE                 R14 <- R39  ; line 1866
12220 JUMP                 -> 12147  ; line 1866
12221 RETURN               R12  ; line 1868
12222 LOAD_CONST           R38 constant[2496]  ; line 1868
12223 RETURN               R38  ; line 1868
12224 MOVE                 R3 <- R0  ; line 1872
12225 CALL                 a=4 b=111 c=3 imm=1  ; line 1872
12226 MOVE                 R5 <- R4  ; line 1872
12227 LOAD_CONST           R6 constant[2497]  ; line 1873
12228 COMPARE              a=5 b=6 c=7 imm=1  ; line 1873
12229 JUMP_IF_FALSE        R7 -> 12238  ; line 1873
12230 LOAD_CONST           R6 constant[2498]  ; line 1873
12231 LOAD_CONST           R7 constant[2499]  ; line 1873
12232 MOVE                 R8 <- R6  ; line 1873
12233 MOVE                 R9 <- R5  ; line 1873
12234 MOVE                 R10 <- R7  ; line 1873
12235 CALL                 a=11 b=100 c=8 imm=3  ; line 1873
12236 RETURN               R11  ; line 1873
12237 JUMP                 -> 12238  ; line 1873
12238 LOAD_CONST           R6 constant[2500]  ; line 1874
12239 MOVE                 R7 <- R0  ; line 1874
12240 MOVE                 R8 <- R6  ; line 1874
12241 HOST_CALL            a=9 b=11 c=7 imm=2  ; line 1874
12242 MOVE                 R10 <- R9  ; line 1874
12243 LOAD_CONST           R11 constant[2501]  ; line 1875
12244 MOVE                 R12 <- R0  ; line 1875
12245 MOVE                 R13 <- R11  ; line 1875
12246 HOST_CALL            a=14 b=11 c=12 imm=2  ; line 1875
12247 MOVE                 R15 <- R14  ; line 1875
12248 MOVE                 R16 <- R10  ; line 1876
12249 HOST_CALL            a=17 b=61 c=16 imm=1  ; line 1876
12250 LOAD_CONST           R18 constant[2502]  ; line 1876
12251 MOVE                 R19 <- R17  ; line 1876
12252 MOVE                 R20 <- R18  ; line 1876
12253 HOST_CALL            a=21 b=11 c=19 imm=2  ; line 1876
12254 MOVE                 R22 <- R21  ; line 1876
12255 MOVE                 R23 <- R10  ; line 1877
12256 HOST_CALL            a=24 b=61 c=23 imm=1  ; line 1877
12257 LOAD_CONST           R25 constant[2503]  ; line 1877
12258 MOVE                 R26 <- R24  ; line 1877
12259 MOVE                 R27 <- R25  ; line 1877
12260 HOST_CALL            a=28 b=11 c=26 imm=2  ; line 1877
12261 MOVE                 R29 <- R28  ; line 1877
12262 LOAD_CONST           R30 constant[2504]  ; line 1878
12263 LOAD_CONST           R31 constant[2505]  ; line 1878
12264 MOVE                 R32 <- R1  ; line 1878
12265 MOVE                 R33 <- R30  ; line 1878
12266 MOVE                 R34 <- R31  ; line 1878
12267 CALL                 a=35 b=101 c=32 imm=3  ; line 1878
12268 MOVE                 R36 <- R35  ; line 1878
12269 LOAD_CONST           R37 constant[2506]  ; line 1879
12270 LOAD_CONST           R38 constant[2507]  ; line 1879
12271 MOVE                 R39 <- R1  ; line 1879
12272 MOVE                 R40 <- R37  ; line 1879
12273 MOVE                 R41 <- R38  ; line 1879
12274 CALL                 a=42 b=101 c=39 imm=3  ; line 1879
12275 MOVE                 R43 <- R42  ; line 1879
12276 LOAD_CONST           R44 constant[2508]  ; line 1880
12277 LOAD_CONST           R45 constant[2509]  ; line 1880
12278 MOVE                 R46 <- R1  ; line 1880
12279 MOVE                 R47 <- R44  ; line 1880
12280 MOVE                 R48 <- R45  ; line 1880
12281 CALL                 a=49 b=101 c=46 imm=3  ; line 1880
12282 MOVE                 R50 <- R49  ; line 1880
12283 LOAD_CONST           R51 constant[2510]  ; line 1881
12284 LOAD_CONST           R52 constant[2511]  ; line 1881
12285 MOVE                 R53 <- R1  ; line 1881
12286 MOVE                 R54 <- R51  ; line 1881
12287 MOVE                 R55 <- R52  ; line 1881
12288 CALL                 a=56 b=101 c=53 imm=3  ; line 1881
12289 MOVE                 R57 <- R56  ; line 1881
12290 LOAD_CONST           R58 constant[2512]  ; line 1882
12291 COMPARE              a=36 b=58 c=59 imm=2  ; line 1882
12292 JUMP_IF_FALSE        R59 -> 12302  ; line 1882
12293 LOAD_CONST           R58 constant[2513]  ; line 1882
12294 LOAD_CONST           R59 constant[2514]  ; line 1882
12295 LOAD_CONST           R60 constant[2515]  ; line 1882
12296 MOVE                 R61 <- R58  ; line 1882
12297 MOVE                 R62 <- R59  ; line 1882
12298 MOVE                 R63 <- R60  ; line 1882
12299 CALL                 a=64 b=100 c=61 imm=3  ; line 1882
12300 RETURN               R64  ; line 1882
12301 JUMP                 -> 12302  ; line 1882
12302 LOAD_CONST           R58 constant[2516]  ; line 1883
12303 COMPARE              a=43 b=58 c=59 imm=3  ; line 1883
12304 JUMP_IF_FALSE        R59 -> 12314  ; line 1883
12305 LOAD_CONST           R58 constant[2517]  ; line 1883
12306 LOAD_CONST           R59 constant[2518]  ; line 1883
12307 LOAD_CONST           R60 constant[2519]  ; line 1883
12308 MOVE                 R61 <- R58  ; line 1883
12309 MOVE                 R62 <- R59  ; line 1883
12310 MOVE                 R63 <- R60  ; line 1883
12311 CALL                 a=64 b=100 c=61 imm=3  ; line 1883
12312 RETURN               R64  ; line 1883
12313 JUMP                 -> 12314  ; line 1883
12314 LOAD_CONST           R58 constant[2520]  ; line 1884
12315 COMPARE              a=50 b=58 c=59 imm=2  ; line 1884
12316 JUMP_IF_FALSE        R59 -> 12326  ; line 1884
12317 LOAD_CONST           R58 constant[2521]  ; line 1884
12318 LOAD_CONST           R59 constant[2522]  ; line 1884
12319 LOAD_CONST           R60 constant[2523]  ; line 1884
12320 MOVE                 R61 <- R58  ; line 1884
12321 MOVE                 R62 <- R59  ; line 1884
12322 MOVE                 R63 <- R60  ; line 1884
12323 CALL                 a=64 b=100 c=61 imm=3  ; line 1884
12324 RETURN               R64  ; line 1884
12325 JUMP                 -> 12326  ; line 1884
12326 LOAD_CONST           R58 constant[2524]  ; line 1885
12327 COMPARE              a=57 b=58 c=59 imm=2  ; line 1885
12328 JUMP_IF_FALSE        R59 -> 12338  ; line 1885
12329 LOAD_CONST           R58 constant[2525]  ; line 1885
12330 LOAD_CONST           R59 constant[2526]  ; line 1885
12331 LOAD_CONST           R60 constant[2527]  ; line 1885
12332 MOVE                 R61 <- R58  ; line 1885
12333 MOVE                 R62 <- R59  ; line 1885
12334 MOVE                 R63 <- R60  ; line 1885
12335 CALL                 a=64 b=100 c=61 imm=3  ; line 1885
12336 RETURN               R64  ; line 1885
12337 JUMP                 -> 12338  ; line 1885
12338 LOAD_CONST           R58 constant[2528]  ; line 1886
12339 COMPARE              a=2 b=58 c=59 imm=0  ; line 1886
12340 JUMP_IF_FALSE        R59 -> 12372  ; line 1886
12341 LOAD_CONST           R58 constant[2529]  ; line 1887
12342 MOVE                 R59 <- R58  ; line 1887
12343 COMPARE              a=59 b=22 c=60 imm=2  ; line 1888
12344 JUMP_IF_FALSE        R60 -> 12371  ; line 1888
12345 MOVE                 R60 <- R15  ; line 1889
12346 MOVE                 R61 <- R59  ; line 1889
12347 HOST_CALL            a=62 b=11 c=60 imm=2  ; line 1889
12348 LOAD_CONST           R63 constant[2530]  ; line 1889
12349 COMPARE              a=62 b=63 c=64 imm=1  ; line 1889
12350 JUMP_IF_FALSE        R64 -> 12367  ; line 1889
12351 MOVE                 R60 <- R15  ; line 1890
12352 MOVE                 R61 <- R59  ; line 1890
12353 HOST_CALL            a=62 b=11 c=60 imm=2  ; line 1890
12354 LOAD_CONST           R63 constant[2531]  ; line 1890
12355 COMPARE              a=62 b=63 c=64 imm=1  ; line 1890
12356 JUMP_IF_FALSE        R64 -> 12366  ; line 1890
12357 LOAD_CONST           R60 constant[2532]  ; line 1890
12358 LOAD_CONST           R61 constant[2533]  ; line 1890
12359 LOAD_CONST           R62 constant[2534]  ; line 1890
12360 MOVE                 R63 <- R60  ; line 1890
12361 MOVE                 R64 <- R61  ; line 1890
12362 MOVE                 R65 <- R62  ; line 1890
12363 CALL                 a=66 b=100 c=63 imm=3  ; line 1890
12364 RETURN               R66  ; line 1890
12365 JUMP                 -> 12366  ; line 1890
12366 JUMP                 -> 12367  ; line 1890
12367 LOAD_CONST           R60 constant[2535]  ; line 1892
12368 BINARY               a=59 b=60 c=61 imm=0  ; line 1892
12369 MOVE                 R59 <- R61  ; line 1892
12370 JUMP                 -> 12343  ; line 1892
12371 JUMP                 -> 12372  ; line 1892
12372 MOVE                 R60 <- R15  ; line 1895
12373 HOST_CALL            a=61 b=69 c=60 imm=1  ; line 1895
12374 MOVE                 R62 <- R61  ; line 1895
12375 LOAD_CONST           R63 constant[2536]  ; line 1896
12376 COMPARE              a=2 b=63 c=64 imm=0  ; line 1896
12377 JUMP_IF_FALSE        R64 -> 12381  ; line 1896
12378 LOAD_CONST           R63 constant[2537]  ; line 1896
12379 MOVE                 R62 <- R63  ; line 1896
12380 JUMP                 -> 12381  ; line 1896
12381 LOAD_CONST           R63 constant[2538]  ; line 1897
12382 MOVE                 R64 <- R63  ; line 1897
12383 HOST_CALL            a=65 b=22 c=64 imm=1  ; line 1897
12384 MOVE                 R66 <- R65  ; line 1897
12385 LOAD_CONST           R67 constant[2539]  ; line 1898
12386 MOVE                 R68 <- R67  ; line 1898
12387 COMPARE              a=68 b=22 c=69 imm=2  ; line 1899
12388 JUMP_IF_FALSE        R69 -> 12396  ; line 1899
12389 MOVE                 R69 <- R66  ; line 1899
12390 MOVE                 R70 <- R62  ; line 1899
12391 HOST_CALL            a=71 b=23 c=69 imm=2  ; line 1899
12392 LOAD_CONST           R69 constant[2540]  ; line 1899
12393 BINARY               a=68 b=69 c=70 imm=0  ; line 1899
12394 MOVE                 R68 <- R70  ; line 1899
12395 JUMP                 -> 12387  ; line 1899
12396 LOAD_CONST           R69 constant[2541]  ; line 1900
12397 MOVE                 R70 <- R69  ; line 1900
12398 HOST_CALL            a=71 b=22 c=70 imm=1  ; line 1900
12399 MOVE                 R72 <- R71  ; line 1900
12400 LOAD_CONST           R73 constant[2542]  ; line 1901
12401 MOVE                 R74 <- R73  ; line 1901
12402 COMPARE              a=74 b=36 c=75 imm=2  ; line 1902
12403 JUMP_IF_FALSE        R75 -> 12493  ; line 1902
12404 LOAD_CONST           R75 constant[2543]  ; line 1903
12405 MOVE                 R76 <- R75  ; line 1903
12406 HOST_CALL            a=77 b=22 c=76 imm=1  ; line 1903
12407 MOVE                 R78 <- R77  ; line 1903
12408 LOAD_CONST           R79 constant[2544]  ; line 1904
12409 MOVE                 R68 <- R79  ; line 1904
12410 COMPARE              a=68 b=22 c=79 imm=2  ; line 1905
12411 JUMP_IF_FALSE        R79 -> 12441  ; line 1905
12412 MOVE                 R79 <- R15  ; line 1906
12413 MOVE                 R80 <- R68  ; line 1906
12414 HOST_CALL            a=81 b=11 c=79 imm=2  ; line 1906
12415 MOVE                 R82 <- R66  ; line 1906
12416 MOVE                 R83 <- R68  ; line 1906
12417 HOST_CALL            a=84 b=11 c=82 imm=2  ; line 1906
12418 BINARY               a=81 b=84 c=85 imm=1  ; line 1906
12419 MOVE                 R86 <- R85  ; line 1906
12420 LOAD_CONST           R87 constant[2545]  ; line 1907
12421 COMPARE              a=2 b=87 c=88 imm=0  ; line 1907
12422 JUMP_IF_FALSE        R88 -> 12434  ; line 1907
12423 MOVE                 R87 <- R15  ; line 1907
12424 MOVE                 R88 <- R68  ; line 1907
12425 HOST_CALL            a=89 b=11 c=87 imm=2  ; line 1907
12426 MOVE                 R90 <- R66  ; line 1907
12427 MOVE                 R91 <- R68  ; line 1907
12428 HOST_CALL            a=92 b=11 c=90 imm=2  ; line 1907
12429 MOVE                 R93 <- R92  ; line 1907
12430 CALL                 a=94 b=106 c=93 imm=1  ; line 1907
12431 BINARY               a=89 b=94 c=95 imm=1  ; line 1907
12432 MOVE                 R86 <- R95  ; line 1907
12433 JUMP                 -> 12434  ; line 1907
12434 MOVE                 R87 <- R78  ; line 1908
12435 MOVE                 R88 <- R86  ; line 1908
12436 HOST_CALL            a=89 b=23 c=87 imm=2  ; line 1908
12437 LOAD_CONST           R87 constant[2546]  ; line 1909
12438 BINARY               a=68 b=87 c=88 imm=0  ; line 1909
12439 MOVE                 R68 <- R88  ; line 1909
12440 JUMP                 -> 12410  ; line 1909
12441 LOAD_CONST           R87 constant[2547]  ; line 1911
12442 MOVE                 R88 <- R87  ; line 1911
12443 HOST_CALL            a=89 b=22 c=88 imm=1  ; line 1911
12444 MOVE                 R90 <- R89  ; line 1911
12445 LOAD_CONST           R91 constant[2548]  ; line 1912
12446 MOVE                 R68 <- R91  ; line 1912
12447 COMPARE              a=68 b=22 c=91 imm=2  ; line 1913
12448 JUMP_IF_FALSE        R91 -> 12456  ; line 1913
12449 MOVE                 R91 <- R90  ; line 1913
12450 MOVE                 R92 <- R68  ; line 1913
12451 HOST_CALL            a=93 b=23 c=91 imm=2  ; line 1913
12452 LOAD_CONST           R91 constant[2549]  ; line 1913
12453 BINARY               a=68 b=91 c=92 imm=0  ; line 1913
12454 MOVE                 R68 <- R92  ; line 1913
12455 JUMP                 -> 12447  ; line 1913
12456 LOAD_CONST           R91 constant[2550]  ; line 1914
12457 MOVE                 R92 <- R10  ; line 1914
12458 MOVE                 R93 <- R78  ; line 1914
12459 MOVE                 R94 <- R90  ; line 1914
12460 MOVE                 R95 <- R91  ; line 1914
12461 MOVE                 R96 <- R50  ; line 1914
12462 MOVE                 R97 <- R57  ; line 1914
12463 CALL                 a=98 b=160 c=92 imm=6  ; line 1914
12464 MOVE                 R99 <- R98  ; line 1914
12465 MOVE                 R100 <- R72  ; line 1915
12466 MOVE                 R101 <- R99  ; line 1915
12467 HOST_CALL            a=102 b=23 c=100 imm=2  ; line 1915
12468 LOAD_CONST           R100 constant[2551]  ; line 1916
12469 MOVE                 R68 <- R100  ; line 1916
12470 COMPARE              a=68 b=22 c=100 imm=2  ; line 1917
12471 JUMP_IF_FALSE        R100 -> 12489  ; line 1917
12472 MOVE                 R100 <- R66  ; line 1918
12473 MOVE                 R101 <- R68  ; line 1918
12474 HOST_CALL            a=102 b=11 c=100 imm=2  ; line 1918
12475 MOVE                 R103 <- R99  ; line 1918
12476 MOVE                 R104 <- R10  ; line 1918
12477 MOVE                 R105 <- R68  ; line 1918
12478 CALL                 a=106 b=161 c=103 imm=3  ; line 1918
12479 BINARY               a=43 b=106 c=107 imm=2  ; line 1918
12480 BINARY               a=102 b=107 c=108 imm=0  ; line 1918
12481 MOVE                 R109 <- R66  ; line 1918
12482 MOVE                 R110 <- R68  ; line 1918
12483 MOVE                 R111 <- R108  ; line 1918
12484 HOST_CALL            a=112 b=12 c=109 imm=3  ; line 1918
12485 LOAD_CONST           R100 constant[2552]  ; line 1919
12486 BINARY               a=68 b=100 c=101 imm=0  ; line 1919
12487 MOVE                 R68 <- R101  ; line 1919
12488 JUMP                 -> 12470  ; line 1919
12489 LOAD_CONST           R100 constant[2553]  ; line 1921
12490 BINARY               a=74 b=100 c=101 imm=0  ; line 1921
12491 MOVE                 R74 <- R101  ; line 1921
12492 JUMP                 -> 12402  ; line 1921
12493 MOVE                 R100 <- R66  ; line 1923
12494 LOAD_CONST           R101 constant[2554]  ; line 1924
12495 COMPARE              a=2 b=101 c=102 imm=0  ; line 1924
12496 JUMP_IF_FALSE        R102 -> 12515  ; line 1924
12497 LOAD_CONST           R101 constant[2555]  ; line 1925
12498 MOVE                 R68 <- R101  ; line 1925
12499 COMPARE              a=68 b=22 c=101 imm=2  ; line 1926
12500 JUMP_IF_FALSE        R101 -> 12514  ; line 1926
12501 MOVE                 R101 <- R100  ; line 1926
12502 MOVE                 R102 <- R68  ; line 1926
12503 HOST_CALL            a=103 b=11 c=101 imm=2  ; line 1926
12504 MOVE                 R104 <- R103  ; line 1926
12505 CALL                 a=105 b=106 c=104 imm=1  ; line 1926
12506 MOVE                 R106 <- R100  ; line 1926
12507 MOVE                 R107 <- R68  ; line 1926
12508 MOVE                 R108 <- R105  ; line 1926
12509 HOST_CALL            a=109 b=12 c=106 imm=3  ; line 1926
12510 LOAD_CONST           R101 constant[2556]  ; line 1926
12511 BINARY               a=68 b=101 c=102 imm=0  ; line 1926
12512 MOVE                 R68 <- R102  ; line 1926
12513 JUMP                 -> 12499  ; line 1926
12514 JUMP                 -> 12515  ; line 1926
12515 LOAD_CONST           R101 constant[2557]  ; line 1928
12516 MOVE                 R102 <- R101  ; line 1928
12517 HOST_CALL            a=103 b=22 c=102 imm=1  ; line 1928
12518 MOVE                 R104 <- R103  ; line 1928
12519 LOAD_CONST           R105 constant[2558]  ; line 1929
12520 MOVE                 R106 <- R105  ; line 1929
12521 LOAD_CONST           R107 constant[2559]  ; line 1930
12522 MOVE                 R68 <- R107  ; line 1930
12523 COMPARE              a=68 b=22 c=107 imm=2  ; line 1931
12524 JUMP_IF_FALSE        R107 -> 12540  ; line 1931
12525 MOVE                 R107 <- R100  ; line 1932
12526 MOVE                 R108 <- R68  ; line 1932
12527 HOST_CALL            a=109 b=11 c=107 imm=2  ; line 1932
12528 MOVE                 R110 <- R15  ; line 1932
12529 MOVE                 R111 <- R68  ; line 1932
12530 HOST_CALL            a=112 b=11 c=110 imm=2  ; line 1932
12531 BINARY               a=109 b=112 c=113 imm=1  ; line 1932
12532 MOVE                 R114 <- R113  ; line 1932
12533 BINARY               a=114 b=114 c=115 imm=2  ; line 1933
12534 BINARY               a=106 b=115 c=116 imm=0  ; line 1933
12535 MOVE                 R106 <- R116  ; line 1933
12536 LOAD_CONST           R115 constant[2560]  ; line 1934
12537 BINARY               a=68 b=115 c=116 imm=0  ; line 1934
12538 MOVE                 R68 <- R116  ; line 1934
12539 JUMP                 -> 12523  ; line 1934
12540 BINARY               a=106 b=22 c=115 imm=3  ; line 1936
12541 MOVE                 R106 <- R115  ; line 1936
12542 LOAD_CONST           R115 constant[2561]  ; line 1937
12543 MOVE                 R68 <- R115  ; line 1937
12544 COMPARE              a=68 b=22 c=115 imm=2  ; line 1938
12545 JUMP_IF_FALSE        R115 -> 12568  ; line 1938
12546 MOVE                 R115 <- R106  ; line 1939
12547 LOAD_CONST           R116 constant[2562]  ; line 1940
12548 COMPARE              a=2 b=116 c=117 imm=0  ; line 1940
12549 JUMP_IF_FALSE        R117 -> 12561  ; line 1940
12550 MOVE                 R116 <- R100  ; line 1940
12551 MOVE                 R117 <- R68  ; line 1940
12552 HOST_CALL            a=118 b=11 c=116 imm=2  ; line 1940
12553 LOAD_CONST           R119 constant[2563]  ; line 1940
12554 MOVE                 R120 <- R100  ; line 1940
12555 MOVE                 R121 <- R68  ; line 1940
12556 HOST_CALL            a=122 b=11 c=120 imm=2  ; line 1940
12557 BINARY               a=119 b=122 c=123 imm=1  ; line 1940
12558 BINARY               a=118 b=123 c=124 imm=2  ; line 1940
12559 MOVE                 R115 <- R124  ; line 1940
12560 JUMP                 -> 12561  ; line 1940
12561 MOVE                 R116 <- R104  ; line 1941
12562 MOVE                 R117 <- R115  ; line 1941
12563 HOST_CALL            a=118 b=23 c=116 imm=2  ; line 1941
12564 LOAD_CONST           R116 constant[2564]  ; line 1942
12565 BINARY               a=68 b=116 c=117 imm=0  ; line 1942
12566 MOVE                 R68 <- R117  ; line 1942
12567 JUMP                 -> 12544  ; line 1942
12568 LOAD_CONST           R116 constant[2565]  ; line 1944
12569 MOVE                 R117 <- R116  ; line 1944
12570 LOAD_CONST           R118 constant[2566]  ; line 1945
12571 COMPARE              a=2 b=118 c=119 imm=0  ; line 1945
12572 JUMP_IF_FALSE        R119 -> 12576  ; line 1945
12573 LOAD_CONST           R118 constant[2567]  ; line 1945
12574 MOVE                 R117 <- R118  ; line 1945
12575 JUMP                 -> 12576  ; line 1945
12576 LOAD_CONST           R118 constant[2568]  ; line 1946
12577 LOAD_CONST           R119 constant[2569]  ; line 1946
12578 LOAD_CONST           R120 constant[2570]  ; line 1946
12579 LOAD_CONST           R121 constant[2571]  ; line 1946
12580 LOAD_CONST           R122 constant[2572]  ; line 1946
12581 LOAD_CONST           R123 constant[2573]  ; line 1946
12582 LOAD_CONST           R124 constant[2574]  ; line 1946
12583 LOAD_CONST           R125 constant[2575]  ; line 1946
12584 LOAD_CONST           R126 constant[2576]  ; line 1946
12585 LOAD_CONST           R127 constant[2577]  ; line 1946
12586 MOVE                 R128 <- R123  ; line 1946
12587 MOVE                 R129 <- R62  ; line 1946
12588 MOVE                 R130 <- R124  ; line 1946
12589 MOVE                 R131 <- R72  ; line 1946
12590 MOVE                 R132 <- R125  ; line 1946
12591 MOVE                 R133 <- R43  ; line 1946
12592 MOVE                 R134 <- R126  ; line 1946
12593 MOVE                 R135 <- R50  ; line 1946
12594 MOVE                 R136 <- R127  ; line 1946
12595 MOVE                 R137 <- R57  ; line 1946
12596 HOST_CALL            a=138 b=6 c=128 imm=10  ; line 1946
12597 LOAD_CONST           R139 constant[2578]  ; line 1946
12598 LOAD_CONST           R140 constant[2579]  ; line 1946
12599 MOVE                 R141 <- R140  ; line 1946
12600 MOVE                 R142 <- R106  ; line 1946
12601 HOST_CALL            a=143 b=6 c=141 imm=2  ; line 1946
12602 LOAD_CONST           R144 constant[2580]  ; line 1946
12603 ARRAY_NEW            a=145 b=145 c=0 imm=4294967295  ; line 1946
12604 LOAD_CONST           R146 constant[2581]  ; line 1946
12605 LOAD_CONST           R147 constant[2582]  ; line 1946
12606 LOAD_CONST           R148 constant[2583]  ; line 1946
12607 LOAD_CONST           R149 constant[2584]  ; line 1946
12608 MOVE                 R150 <- R147  ; line 1946
12609 MOVE                 R151 <- R36  ; line 1946
12610 MOVE                 R152 <- R148  ; line 1946
12611 MOVE                 R153 <- R50  ; line 1946
12612 MOVE                 R154 <- R149  ; line 1946
12613 MOVE                 R155 <- R57  ; line 1946
12614 HOST_CALL            a=156 b=6 c=150 imm=6  ; line 1946
12615 LOAD_CONST           R157 constant[2585]  ; line 1946
12616 LOAD_CONST           R158 constant[2586]  ; line 1946
12617 LOAD_CONST           R159 constant[2587]  ; line 1946
12618 MOVE                 R160 <- R10  ; line 1946
12619 HOST_CALL            a=161 b=60 c=160 imm=1  ; line 1946
12620 LOAD_CONST           R162 constant[2588]  ; line 1946
12621 LOAD_CONST           R163 constant[2589]  ; line 1946
12622 MOVE                 R164 <- R118  ; line 1946
12623 MOVE                 R165 <- R119  ; line 1946
12624 MOVE                 R166 <- R120  ; line 1946
12625 MOVE                 R167 <- R117  ; line 1946
12626 MOVE                 R168 <- R121  ; line 1946
12627 MOVE                 R169 <- R2  ; line 1946
12628 MOVE                 R170 <- R122  ; line 1946
12629 MOVE                 R171 <- R138  ; line 1946
12630 MOVE                 R172 <- R139  ; line 1946
12631 MOVE                 R173 <- R143  ; line 1946
12632 MOVE                 R174 <- R144  ; line 1946
12633 MOVE                 R175 <- R145  ; line 1946
12634 MOVE                 R176 <- R146  ; line 1946
12635 MOVE                 R177 <- R156  ; line 1946
12636 MOVE                 R178 <- R157  ; line 1946
12637 MOVE                 R179 <- R158  ; line 1946
12638 MOVE                 R180 <- R159  ; line 1946
12639 MOVE                 R181 <- R161  ; line 1946
12640 MOVE                 R182 <- R162  ; line 1946
12641 MOVE                 R183 <- R163  ; line 1946
12642 HOST_CALL            a=184 b=6 c=164 imm=20  ; line 1946
12643 MOVE                 R185 <- R184  ; line 1946
12644 MOVE                 R186 <- R100  ; line 1952
12645 HOST_CALL            a=187 b=72 c=186 imm=1  ; line 1952
12646 MOVE                 R188 <- R104  ; line 1952
12647 HOST_CALL            a=189 b=72 c=188 imm=1  ; line 1952
12648 LOAD_CONST           R190 constant[2590]  ; line 1952
12649 LOAD_CONST           R191 constant[2591]  ; line 1952
12650 MOVE                 R192 <- R190  ; line 1952
12651 MOVE                 R193 <- R106  ; line 1952
12652 MOVE                 R194 <- R191  ; line 1952
12653 MOVE                 R195 <- R22  ; line 1952
12654 HOST_CALL            a=196 b=6 c=192 imm=4  ; line 1952
12655 LOAD_CONST           R197 constant[2592]  ; line 1952
12656 LOAD_CONST           R198 constant[2593]  ; line 1952
12657 LOAD_CONST           R199 constant[2594]  ; line 1952
12658 MOVE                 R200 <- R198  ; line 1952
12659 MOVE                 R201 <- R199  ; line 1952
12660 ARRAY_NEW            a=202 b=200 c=2 imm=4294967295  ; line 1952
12661 MOVE                 R203 <- R185  ; line 1952
12662 MOVE                 R204 <- R187  ; line 1952
12663 MOVE                 R205 <- R189  ; line 1952
12664 MOVE                 R206 <- R196  ; line 1952
12665 MOVE                 R207 <- R197  ; line 1952
12666 MOVE                 R208 <- R202  ; line 1952
12667 CALL                 a=209 b=115 c=203 imm=6  ; line 1952
12668 RETURN               R209  ; line 1952
12669 LOAD_CONST           R210 constant[2595]  ; line 1952
12670 RETURN               R210  ; line 1952
12671 MOVE                 R2 <- R0  ; line 1958
12672 HOST_CALL            a=3 b=86 c=2 imm=1  ; line 1958
12673 LOAD_CONST           R4 constant[2596]  ; line 1958
12674 COMPARE              a=3 b=4 c=5 imm=1  ; line 1958
12675 JUMP_IF_FALSE        R5 -> 12685  ; line 1958
12676 LOAD_CONST           R2 constant[2597]  ; line 1958
12677 LOAD_CONST           R3 constant[2598]  ; line 1958
12678 LOAD_CONST           R4 constant[2599]  ; line 1958
12679 MOVE                 R5 <- R2  ; line 1958
12680 MOVE                 R6 <- R3  ; line 1958
12681 MOVE                 R7 <- R4  ; line 1958
12682 CALL                 a=8 b=100 c=5 imm=3  ; line 1958
12683 RETURN               R8  ; line 1958
12684 JUMP                 -> 12685  ; line 1958
12685 LOAD_CONST           R2 constant[2600]  ; line 1959
12686 LOAD_CONST           R3 constant[2601]  ; line 1959
12687 MOVE                 R4 <- R1  ; line 1959
12688 MOVE                 R5 <- R2  ; line 1959
12689 MOVE                 R6 <- R3  ; line 1959
12690 CALL                 a=7 b=101 c=4 imm=3  ; line 1959
12691 MOVE                 R8 <- R7  ; line 1959
12692 LOAD_CONST           R9 constant[2602]  ; line 1960
12693 COMPARE              a=8 b=9 c=10 imm=1  ; line 1960
12694 JUMP_IF_FALSE        R10 -> 12712  ; line 1960
12695 LOAD_CONST           R9 constant[2603]  ; line 1961
12696 COMPARE              a=8 b=9 c=10 imm=1  ; line 1961
12697 JUMP_IF_FALSE        R10 -> 12711  ; line 1961
12698 LOAD_CONST           R9 constant[2604]  ; line 1962
12699 COMPARE              a=8 b=9 c=10 imm=1  ; line 1962
12700 JUMP_IF_FALSE        R10 -> 12710  ; line 1962
12701 LOAD_CONST           R9 constant[2605]  ; line 1962
12702 LOAD_CONST           R10 constant[2606]  ; line 1962
12703 LOAD_CONST           R11 constant[2607]  ; line 1962
12704 MOVE                 R12 <- R9  ; line 1962
12705 MOVE                 R13 <- R10  ; line 1962
12706 MOVE                 R14 <- R11  ; line 1962
12707 CALL                 a=15 b=100 c=12 imm=3  ; line 1962
12708 RETURN               R15  ; line 1962
12709 JUMP                 -> 12710  ; line 1962
12710 JUMP                 -> 12711  ; line 1962
12711 JUMP                 -> 12712  ; line 1962
12712 LOAD_CONST           R9 constant[2608]  ; line 1965
12713 MOVE                 R10 <- R9  ; line 1965
12714 HOST_CALL            a=11 b=22 c=10 imm=1  ; line 1965
12715 MOVE                 R12 <- R11  ; line 1965
12716 LOAD_CONST           R13 constant[2609]  ; line 1966
12717 MOVE                 R14 <- R13  ; line 1966
12718 HOST_CALL            a=15 b=22 c=14 imm=1  ; line 1966
12719 MOVE                 R16 <- R15  ; line 1966
12720 LOAD_CONST           R17 constant[2610]  ; line 1967
12721 MOVE                 R18 <- R17  ; line 1967
12722 LOAD_CONST           R19 constant[2611]  ; line 1968
12723 MOVE                 R20 <- R19  ; line 1968
12724 LOAD_CONST           R21 constant[2612]  ; line 1969
12725 MOVE                 R22 <- R0  ; line 1969
12726 MOVE                 R23 <- R21  ; line 1969
12727 HOST_CALL            a=24 b=7 c=22 imm=2  ; line 1969
12728 JUMP_IF_FALSE        R24 -> 12802  ; line 1969
12729 LOAD_CONST           R21 constant[2613]  ; line 1970
12730 MOVE                 R22 <- R1  ; line 1970
12731 MOVE                 R23 <- R21  ; line 1970
12732 HOST_CALL            a=24 b=7 c=22 imm=2  ; line 1970
12733 UNARY                a=24 b=25 c=4294967295 imm=1  ; line 1970
12734 JUMP_IF_FALSE        R25 -> 12744  ; line 1970
12735 LOAD_CONST           R21 constant[2614]  ; line 1970
12736 LOAD_CONST           R22 constant[2615]  ; line 1970
12737 LOAD_CONST           R23 constant[2616]  ; line 1970
12738 MOVE                 R24 <- R21  ; line 1970
12739 MOVE                 R25 <- R22  ; line 1970
12740 MOVE                 R26 <- R23  ; line 1970
12741 CALL                 a=27 b=100 c=24 imm=3  ; line 1970
12742 RETURN               R27  ; line 1970
12743 JUMP                 -> 12744  ; line 1970
12744 LOAD_CONST           R21 constant[2617]  ; line 1971
12745 MOVE                 R22 <- R1  ; line 1971
12746 MOVE                 R23 <- R21  ; line 1971
12747 HOST_CALL            a=24 b=11 c=22 imm=2  ; line 1971
12748 MOVE                 R20 <- R24  ; line 1971
12749 LOAD_CONST           R21 constant[2618]  ; line 1972
12750 COMPARE              a=20 b=21 c=22 imm=3  ; line 1972
12751 JUMP_IF_FALSE        R22 -> 12761  ; line 1972
12752 LOAD_CONST           R21 constant[2619]  ; line 1972
12753 LOAD_CONST           R22 constant[2620]  ; line 1972
12754 LOAD_CONST           R23 constant[2621]  ; line 1972
12755 MOVE                 R24 <- R21  ; line 1972
12756 MOVE                 R25 <- R22  ; line 1972
12757 MOVE                 R26 <- R23  ; line 1972
12758 CALL                 a=27 b=100 c=24 imm=3  ; line 1972
12759 RETURN               R27  ; line 1972
12760 JUMP                 -> 12761  ; line 1972
12761 LOAD_CONST           R21 constant[2622]  ; line 1973
12762 MOVE                 R22 <- R0  ; line 1973
12763 MOVE                 R23 <- R21  ; line 1973
12764 HOST_CALL            a=24 b=11 c=22 imm=2  ; line 1973
12765 MOVE                 R25 <- R24  ; line 1973
12766 CALL                 a=26 b=109 c=25 imm=1  ; line 1973
12767 MOVE                 R18 <- R26  ; line 1973
12768 LOAD_CONST           R21 constant[2623]  ; line 1974
12769 MOVE                 R22 <- R21  ; line 1974
12770 COMPARE              a=22 b=18 c=23 imm=2  ; line 1975
12771 JUMP_IF_FALSE        R23 -> 12801  ; line 1975
12772 LOAD_CONST           R23 constant[2624]  ; line 1976
12773 MOVE                 R24 <- R0  ; line 1976
12774 MOVE                 R25 <- R23  ; line 1976
12775 HOST_CALL            a=26 b=11 c=24 imm=2  ; line 1976
12776 MOVE                 R27 <- R26  ; line 1976
12777 MOVE                 R28 <- R22  ; line 1976
12778 HOST_CALL            a=29 b=11 c=27 imm=2  ; line 1976
12779 MOVE                 R30 <- R29  ; line 1976
12780 CALL                 a=31 b=103 c=30 imm=1  ; line 1976
12781 COMPARE              a=31 b=20 c=32 imm=5  ; line 1976
12782 JUMP_IF_FALSE        R32 -> 12797  ; line 1976
12783 MOVE                 R23 <- R16  ; line 1977
12784 MOVE                 R24 <- R22  ; line 1977
12785 HOST_CALL            a=25 b=23 c=23 imm=2  ; line 1977
12786 LOAD_CONST           R23 constant[2625]  ; line 1978
12787 MOVE                 R24 <- R0  ; line 1978
12788 MOVE                 R25 <- R23  ; line 1978
12789 HOST_CALL            a=26 b=11 c=24 imm=2  ; line 1978
12790 MOVE                 R27 <- R26  ; line 1978
12791 MOVE                 R28 <- R22  ; line 1978
12792 HOST_CALL            a=29 b=11 c=27 imm=2  ; line 1978
12793 MOVE                 R30 <- R12  ; line 1978
12794 MOVE                 R31 <- R29  ; line 1978
12795 HOST_CALL            a=32 b=23 c=30 imm=2  ; line 1978
12796 JUMP                 -> 12797  ; line 1978
12797 LOAD_CONST           R23 constant[2626]  ; line 1980
12798 BINARY               a=22 b=23 c=24 imm=0  ; line 1980
12799 MOVE                 R22 <- R24  ; line 1980
12800 JUMP                 -> 12770  ; line 1980
12801 JUMP                 -> 12890  ; line 1980
12802 LOAD_CONST           R23 constant[2627]  ; line 1983
12803 MOVE                 R24 <- R0  ; line 1983
12804 MOVE                 R25 <- R23  ; line 1983
12805 HOST_CALL            a=26 b=7 c=24 imm=2  ; line 1983
12806 UNARY                a=26 b=27 c=4294967295 imm=1  ; line 1983
12807 JUMP_IF_FALSE        R27 -> 12817  ; line 1983
12808 LOAD_CONST           R23 constant[2628]  ; line 1983
12809 LOAD_CONST           R24 constant[2629]  ; line 1983
12810 LOAD_CONST           R25 constant[2630]  ; line 1983
12811 MOVE                 R26 <- R23  ; line 1983
12812 MOVE                 R27 <- R24  ; line 1983
12813 MOVE                 R28 <- R25  ; line 1983
12814 CALL                 a=29 b=100 c=26 imm=3  ; line 1983
12815 RETURN               R29  ; line 1983
12816 JUMP                 -> 12817  ; line 1983
12817 LOAD_CONST           R23 constant[2631]  ; line 1984
12818 MOVE                 R24 <- R0  ; line 1984
12819 MOVE                 R25 <- R23  ; line 1984
12820 HOST_CALL            a=26 b=7 c=24 imm=2  ; line 1984
12821 UNARY                a=26 b=27 c=4294967295 imm=1  ; line 1984
12822 JUMP_IF_FALSE        R27 -> 12832  ; line 1984
12823 LOAD_CONST           R23 constant[2632]  ; line 1984
12824 LOAD_CONST           R24 constant[2633]  ; line 1984
12825 LOAD_CONST           R25 constant[2634]  ; line 1984
12826 MOVE                 R26 <- R23  ; line 1984
12827 MOVE                 R27 <- R24  ; line 1984
12828 MOVE                 R28 <- R25  ; line 1984
12829 CALL                 a=29 b=100 c=26 imm=3  ; line 1984
12830 RETURN               R29  ; line 1984
12831 JUMP                 -> 12832  ; line 1984
12832 LOAD_CONST           R23 constant[2635]  ; line 1985
12833 MOVE                 R24 <- R0  ; line 1985
12834 MOVE                 R25 <- R23  ; line 1985
12835 HOST_CALL            a=26 b=11 c=24 imm=2  ; line 1985
12836 MOVE                 R27 <- R26  ; line 1985
12837 CALL                 a=28 b=109 c=27 imm=1  ; line 1985
12838 MOVE                 R29 <- R28  ; line 1985
12839 LOAD_CONST           R30 constant[2636]  ; line 1986
12840 MOVE                 R31 <- R0  ; line 1986
12841 MOVE                 R32 <- R30  ; line 1986
12842 HOST_CALL            a=33 b=11 c=31 imm=2  ; line 1986
12843 MOVE                 R34 <- R33  ; line 1986
12844 CALL                 a=35 b=109 c=34 imm=1  ; line 1986
12845 COMPARE              a=29 b=35 c=36 imm=1  ; line 1986
12846 JUMP_IF_FALSE        R36 -> 12856  ; line 1986
12847 LOAD_CONST           R30 constant[2637]  ; line 1986
12848 LOAD_CONST           R31 constant[2638]  ; line 1986
12849 LOAD_CONST           R32 constant[2639]  ; line 1986
12850 MOVE                 R33 <- R30  ; line 1986
12851 MOVE                 R34 <- R31  ; line 1986
12852 MOVE                 R35 <- R32  ; line 1986
12853 CALL                 a=36 b=100 c=33 imm=3  ; line 1986
12854 RETURN               R36  ; line 1986
12855 JUMP                 -> 12856  ; line 1986
12856 LOAD_CONST           R30 constant[2640]  ; line 1987
12857 MOVE                 R31 <- R30  ; line 1987
12858 COMPARE              a=31 b=29 c=32 imm=2  ; line 1988
12859 JUMP_IF_FALSE        R32 -> 12884  ; line 1988
12860 LOAD_CONST           R32 constant[2641]  ; line 1989
12861 MOVE                 R33 <- R0  ; line 1989
12862 MOVE                 R34 <- R32  ; line 1989
12863 HOST_CALL            a=35 b=11 c=33 imm=2  ; line 1989
12864 MOVE                 R36 <- R35  ; line 1989
12865 MOVE                 R37 <- R31  ; line 1989
12866 HOST_CALL            a=38 b=11 c=36 imm=2  ; line 1989
12867 MOVE                 R39 <- R16  ; line 1989
12868 MOVE                 R40 <- R38  ; line 1989
12869 HOST_CALL            a=41 b=23 c=39 imm=2  ; line 1989
12870 LOAD_CONST           R32 constant[2642]  ; line 1990
12871 MOVE                 R33 <- R0  ; line 1990
12872 MOVE                 R34 <- R32  ; line 1990
12873 HOST_CALL            a=35 b=11 c=33 imm=2  ; line 1990
12874 MOVE                 R36 <- R35  ; line 1990
12875 MOVE                 R37 <- R31  ; line 1990
12876 HOST_CALL            a=38 b=11 c=36 imm=2  ; line 1990
12877 MOVE                 R39 <- R12  ; line 1990
12878 MOVE                 R40 <- R38  ; line 1990
12879 HOST_CALL            a=41 b=23 c=39 imm=2  ; line 1990
12880 LOAD_CONST           R32 constant[2643]  ; line 1991
12881 BINARY               a=31 b=32 c=33 imm=0  ; line 1991
12882 MOVE                 R31 <- R33  ; line 1991
12883 JUMP                 -> 12858  ; line 1991
12884 LOAD_CONST           R32 constant[2644]  ; line 1993
12885 MOVE                 R33 <- R1  ; line 1993
12886 MOVE                 R34 <- R32  ; line 1993
12887 MOVE                 R35 <- R29  ; line 1993
12888 CALL                 a=36 b=101 c=33 imm=3  ; line 1993
12889 MOVE                 R18 <- R36  ; line 1993
12890 LOAD_CONST           R32 constant[2645]  ; line 1995
12891 COMPARE              a=18 b=32 c=33 imm=2  ; line 1995
12892 JUMP_IF_FALSE        R33 -> 12902  ; line 1995
12893 LOAD_CONST           R32 constant[2646]  ; line 1995
12894 LOAD_CONST           R33 constant[2647]  ; line 1995
12895 LOAD_CONST           R34 constant[2648]  ; line 1995
12896 MOVE                 R35 <- R32  ; line 1995
12897 MOVE                 R36 <- R33  ; line 1995
12898 MOVE                 R37 <- R34  ; line 1995
12899 CALL                 a=38 b=100 c=35 imm=3  ; line 1995
12900 RETURN               R38  ; line 1995
12901 JUMP                 -> 12902  ; line 1995
12902 MOVE                 R32 <- R12  ; line 1996
12903 HOST_CALL            a=33 b=26 c=32 imm=1  ; line 1996
12904 MOVE                 R34 <- R33  ; line 1996
12905 LOAD_CONST           R35 constant[2649]  ; line 1997
12906 COMPARE              a=34 b=35 c=36 imm=0  ; line 1997
12907 JUMP_IF_FALSE        R36 -> 12917  ; line 1997
12908 LOAD_CONST           R35 constant[2650]  ; line 1997
12909 LOAD_CONST           R36 constant[2651]  ; line 1997
12910 LOAD_CONST           R37 constant[2652]  ; line 1997
12911 MOVE                 R38 <- R35  ; line 1997
12912 MOVE                 R39 <- R36  ; line 1997
12913 MOVE                 R40 <- R37  ; line 1997
12914 CALL                 a=41 b=100 c=38 imm=3  ; line 1997
12915 RETURN               R41  ; line 1997
12916 JUMP                 -> 12917  ; line 1997
12917 LOAD_CONST           R35 constant[2653]  ; line 1998
12918 MOVE                 R36 <- R35  ; line 1998
12919 LOAD_CONST           R37 constant[2654]  ; line 1999
12920 MOVE                 R38 <- R37  ; line 1999
12921 LOAD_CONST           R39 constant[2655]  ; line 2000
12922 MOVE                 R40 <- R39  ; line 2000
12923 LOAD_CONST           R41 constant[2656]  ; line 2001
12924 MOVE                 R42 <- R41  ; line 2001
12925 LOAD_CONST           R43 constant[2657]  ; line 2002
12926 MOVE                 R44 <- R43  ; line 2002
12927 LOAD_CONST           R45 constant[2658]  ; line 2003
12928 MOVE                 R46 <- R45  ; line 2003
12929 COMPARE              a=46 b=34 c=47 imm=2  ; line 2004
12930 JUMP_IF_FALSE        R47 -> 12983  ; line 2004
12931 MOVE                 R47 <- R12  ; line 2005
12932 MOVE                 R48 <- R46  ; line 2005
12933 HOST_CALL            a=49 b=11 c=47 imm=2  ; line 2005
12934 LOAD_CONST           R50 constant[2659]  ; line 2005
12935 COMPARE              a=49 b=50 c=51 imm=5  ; line 2005
12936 JUMP_IF_FALSE        R51 -> 12946  ; line 2005
12937 MOVE                 R47 <- R12  ; line 2006
12938 MOVE                 R48 <- R46  ; line 2006
12939 HOST_CALL            a=49 b=11 c=47 imm=2  ; line 2006
12940 BINARY               a=36 b=49 c=50 imm=0  ; line 2006
12941 MOVE                 R36 <- R50  ; line 2006
12942 LOAD_CONST           R47 constant[2660]  ; line 2007
12943 BINARY               a=40 b=47 c=48 imm=0  ; line 2007
12944 MOVE                 R40 <- R48  ; line 2007
12945 JUMP                 -> 12954  ; line 2007
12946 MOVE                 R47 <- R12  ; line 2009
12947 MOVE                 R48 <- R46  ; line 2009
12948 HOST_CALL            a=49 b=11 c=47 imm=2  ; line 2009
12949 BINARY               a=38 b=49 c=50 imm=1  ; line 2009
12950 MOVE                 R38 <- R50  ; line 2009
12951 LOAD_CONST           R47 constant[2661]  ; line 2010
12952 BINARY               a=42 b=47 c=48 imm=0  ; line 2010
12953 MOVE                 R42 <- R48  ; line 2010
12954 LOAD_CONST           R47 constant[2662]  ; line 2012
12955 COMPARE              a=46 b=47 c=48 imm=4  ; line 2012
12956 JUMP_IF_FALSE        R48 -> 12979  ; line 2012
12957 MOVE                 R47 <- R16  ; line 2013
12958 MOVE                 R48 <- R46  ; line 2013
12959 HOST_CALL            a=49 b=11 c=47 imm=2  ; line 2013
12960 LOAD_CONST           R50 constant[2663]  ; line 2013
12961 BINARY               a=46 b=50 c=51 imm=1  ; line 2013
12962 MOVE                 R52 <- R16  ; line 2013
12963 MOVE                 R53 <- R51  ; line 2013
12964 HOST_CALL            a=54 b=11 c=52 imm=2  ; line 2013
12965 BINARY               a=49 b=54 c=55 imm=1  ; line 2013
12966 LOAD_CONST           R56 constant[2664]  ; line 2013
12967 LOAD_CONST           R57 constant[2665]  ; line 2013
12968 MOVE                 R58 <- R1  ; line 2013
12969 MOVE                 R59 <- R56  ; line 2013
12970 MOVE                 R60 <- R57  ; line 2013
12971 CALL                 a=61 b=101 c=58 imm=3  ; line 2013
12972 COMPARE              a=55 b=61 c=62 imm=3  ; line 2013
12973 JUMP_IF_FALSE        R62 -> 12978  ; line 2013
12974 LOAD_CONST           R47 constant[2666]  ; line 2014
12975 BINARY               a=44 b=47 c=48 imm=0  ; line 2014
12976 MOVE                 R44 <- R48  ; line 2014
12977 JUMP                 -> 12978  ; line 2014
12978 JUMP                 -> 12979  ; line 2014
12979 LOAD_CONST           R47 constant[2667]  ; line 2017
12980 BINARY               a=46 b=47 c=48 imm=0  ; line 2017
12981 MOVE                 R46 <- R48  ; line 2017
12982 JUMP                 -> 12929  ; line 2017
12983 BINARY               a=40 b=34 c=47 imm=3  ; line 2019
12984 MOVE                 R48 <- R47  ; line 2019
12985 LOAD_CONST           R49 constant[2668]  ; line 2020
12986 MOVE                 R50 <- R49  ; line 2020
12987 LOAD_CONST           R51 constant[2669]  ; line 2021
12988 MOVE                 R52 <- R51  ; line 2021
12989 LOAD_CONST           R53 constant[2670]  ; line 2022
12990 COMPARE              a=40 b=53 c=54 imm=4  ; line 2022
12991 JUMP_IF_FALSE        R54 -> 12995  ; line 2022
12992 BINARY               a=36 b=40 c=53 imm=3  ; line 2022
12993 MOVE                 R50 <- R53  ; line 2022
12994 JUMP                 -> 12995  ; line 2022
12995 LOAD_CONST           R53 constant[2671]  ; line 2023
12996 COMPARE              a=42 b=53 c=54 imm=4  ; line 2023
12997 JUMP_IF_FALSE        R54 -> 13001  ; line 2023
12998 BINARY               a=38 b=42 c=53 imm=3  ; line 2023
12999 MOVE                 R52 <- R53  ; line 2023
13000 JUMP                 -> 13001  ; line 2023
13001 BINARY               a=34 b=18 c=53 imm=3  ; line 2024
13002 MOVE                 R54 <- R53  ; line 2024
13003 LOAD_CONST           R55 constant[2672]  ; line 2025
13004 MOVE                 R56 <- R55  ; line 2025
13005 LOAD_CONST           R57 constant[2673]  ; line 2026
13006 COMPARE              a=34 b=57 c=58 imm=4  ; line 2026
13007 JUMP_IF_FALSE        R58 -> 13013  ; line 2026
13008 LOAD_CONST           R57 constant[2674]  ; line 2026
13009 BINARY               a=34 b=57 c=58 imm=1  ; line 2026
13010 BINARY               a=44 b=58 c=59 imm=3  ; line 2026
13011 MOVE                 R56 <- R59  ; line 2026
13012 JUMP                 -> 13013  ; line 2026
13013 LOAD_CONST           R57 constant[2675]  ; line 2027
13014 COMPARE              a=8 b=57 c=58 imm=0  ; line 2027
13015 JUMP_IF_FALSE        R58 -> 13019  ; line 2027
13016 LOAD_CONST           R57 constant[2676]  ; line 2027
13017 MOVE                 R56 <- R57  ; line 2027
13018 JUMP                 -> 13019  ; line 2027
13019 LOAD_CONST           R57 constant[2677]  ; line 2028
13020 MOVE                 R58 <- R57  ; line 2028
13021 HOST_CALL            a=59 b=22 c=58 imm=1  ; line 2028
13022 MOVE                 R60 <- R59  ; line 2028
13023 LOAD_CONST           R61 constant[2678]  ; line 2029
13024 MOVE                 R62 <- R61  ; line 2029
13025 HOST_CALL            a=63 b=22 c=62 imm=1  ; line 2029
13026 MOVE                 R64 <- R63  ; line 2029
13027 LOAD_CONST           R65 constant[2679]  ; line 2030
13028 MOVE                 R46 <- R65  ; line 2030
13029 COMPARE              a=46 b=18 c=65 imm=2  ; line 2031
13030 JUMP_IF_FALSE        R65 -> 13078  ; line 2031
13031 MOVE                 R65 <- R54  ; line 2032
13032 LOAD_CONST           R66 constant[2680]  ; line 2033
13033 COMPARE              a=8 b=66 c=67 imm=1  ; line 2033
13034 JUMP_IF_FALSE        R67 -> 13060  ; line 2033
13035 LOAD_CONST           R66 constant[2681]  ; line 2034
13036 MOVE                 R67 <- R66  ; line 2034
13037 COMPARE              a=67 b=34 c=68 imm=2  ; line 2035
13038 JUMP_IF_FALSE        R68 -> 13059  ; line 2035
13039 MOVE                 R68 <- R16  ; line 2036
13040 MOVE                 R69 <- R67  ; line 2036
13041 HOST_CALL            a=70 b=11 c=68 imm=2  ; line 2036
13042 COMPARE              a=70 b=46 c=71 imm=2  ; line 2036
13043 JUMP_IF_FALSE        R71 -> 13055  ; line 2036
13044 MOVE                 R68 <- R16  ; line 2037
13045 MOVE                 R69 <- R67  ; line 2037
13046 HOST_CALL            a=70 b=11 c=68 imm=2  ; line 2037
13047 BINARY               a=46 b=70 c=71 imm=1  ; line 2037
13048 UNARY                a=71 b=72 c=4294967295 imm=0  ; line 2037
13049 MOVE                 R73 <- R72  ; line 2037
13050 CALL                 a=74 b=105 c=73 imm=1  ; line 2037
13051 BINARY               a=56 b=74 c=75 imm=2  ; line 2037
13052 BINARY               a=65 b=75 c=76 imm=0  ; line 2037
13053 MOVE                 R65 <- R76  ; line 2037
13054 JUMP                 -> 13055  ; line 2037
13055 LOAD_CONST           R68 constant[2682]  ; line 2039
13056 BINARY               a=67 b=68 c=69 imm=0  ; line 2039
13057 MOVE                 R67 <- R69  ; line 2039
13058 JUMP                 -> 13037  ; line 2039
13059 JUMP                 -> 13060  ; line 2039
13060 MOVE                 R68 <- R60  ; line 2042
13061 MOVE                 R69 <- R65  ; line 2042
13062 HOST_CALL            a=70 b=23 c=68 imm=2  ; line 2042
13063 BINARY               a=48 b=50 c=68 imm=2  ; line 2043
13064 BINARY               a=68 b=50 c=69 imm=2  ; line 2043
13065 BINARY               a=65 b=69 c=70 imm=0  ; line 2043
13066 LOAD_CONST           R71 constant[2683]  ; line 2043
13067 BINARY               a=71 b=48 c=72 imm=1  ; line 2043
13068 BINARY               a=72 b=52 c=73 imm=2  ; line 2043
13069 BINARY               a=73 b=52 c=74 imm=2  ; line 2043
13070 BINARY               a=70 b=74 c=75 imm=0  ; line 2043
13071 MOVE                 R76 <- R64  ; line 2043
13072 MOVE                 R77 <- R75  ; line 2043
13073 HOST_CALL            a=78 b=23 c=76 imm=2  ; line 2043
13074 LOAD_CONST           R68 constant[2684]  ; line 2044
13075 BINARY               a=46 b=68 c=69 imm=0  ; line 2044
13076 MOVE                 R46 <- R69  ; line 2044
13077 JUMP                 -> 13029  ; line 2044
13078 LOAD_CONST           R68 constant[2685]  ; line 2046
13079 LOAD_CONST           R69 constant[2686]  ; line 2046
13080 LOAD_CONST           R70 constant[2687]  ; line 2046
13081 LOAD_CONST           R71 constant[2688]  ; line 2046
13082 LOAD_CONST           R72 constant[2689]  ; line 2046
13083 LOAD_CONST           R73 constant[2690]  ; line 2046
13084 LOAD_CONST           R74 constant[2691]  ; line 2046
13085 LOAD_CONST           R75 constant[2692]  ; line 2046
13086 LOAD_CONST           R76 constant[2693]  ; line 2046
13087 LOAD_CONST           R77 constant[2694]  ; line 2046
13088 LOAD_CONST           R78 constant[2695]  ; line 2046
13089 LOAD_CONST           R79 constant[2696]  ; line 2046
13090 LOAD_CONST           R80 constant[2697]  ; line 2046
13091 LOAD_CONST           R81 constant[2698]  ; line 2046
13092 MOVE                 R82 <- R75  ; line 2046
13093 MOVE                 R83 <- R8  ; line 2046
13094 MOVE                 R84 <- R76  ; line 2046
13095 MOVE                 R85 <- R54  ; line 2046
13096 MOVE                 R86 <- R77  ; line 2046
13097 MOVE                 R87 <- R56  ; line 2046
13098 MOVE                 R88 <- R78  ; line 2046
13099 MOVE                 R89 <- R48  ; line 2046
13100 MOVE                 R90 <- R79  ; line 2046
13101 MOVE                 R91 <- R50  ; line 2046
13102 MOVE                 R92 <- R80  ; line 2046
13103 MOVE                 R93 <- R52  ; line 2046
13104 MOVE                 R94 <- R81  ; line 2046
13105 MOVE                 R95 <- R20  ; line 2046
13106 HOST_CALL            a=96 b=6 c=82 imm=14  ; line 2046
13107 LOAD_CONST           R97 constant[2699]  ; line 2046
13108 LOAD_CONST           R98 constant[2700]  ; line 2046
13109 LOAD_CONST           R99 constant[2701]  ; line 2046
13110 MOVE                 R100 <- R98  ; line 2046
13111 MOVE                 R101 <- R99  ; line 2046
13112 HOST_CALL            a=102 b=6 c=100 imm=2  ; line 2046
13113 LOAD_CONST           R103 constant[2702]  ; line 2046
13114 ARRAY_NEW            a=104 b=104 c=0 imm=4294967295  ; line 2046
13115 LOAD_CONST           R105 constant[2703]  ; line 2046
13116 LOAD_CONST           R106 constant[2704]  ; line 2046
13117 LOAD_CONST           R107 constant[2705]  ; line 2046
13118 MOVE                 R108 <- R106  ; line 2046
13119 MOVE                 R109 <- R34  ; line 2046
13120 MOVE                 R110 <- R107  ; line 2046
13121 MOVE                 R111 <- R18  ; line 2046
13122 HOST_CALL            a=112 b=6 c=108 imm=4  ; line 2046
13123 LOAD_CONST           R113 constant[2706]  ; line 2046
13124 LOAD_CONST           R114 constant[2707]  ; line 2046
13125 LOAD_CONST           R115 constant[2708]  ; line 2046
13126 LOAD_CONST           R116 constant[2709]  ; line 2046
13127 LOAD_CONST           R117 constant[2710]  ; line 2046
13128 LOAD_CONST           R118 constant[2711]  ; line 2046
13129 MOVE                 R119 <- R68  ; line 2046
13130 MOVE                 R120 <- R69  ; line 2046
13131 MOVE                 R121 <- R70  ; line 2046
13132 MOVE                 R122 <- R71  ; line 2046
13133 MOVE                 R123 <- R72  ; line 2046
13134 MOVE                 R124 <- R73  ; line 2046
13135 MOVE                 R125 <- R74  ; line 2046
13136 MOVE                 R126 <- R96  ; line 2046
13137 MOVE                 R127 <- R97  ; line 2046
13138 MOVE                 R128 <- R102  ; line 2046
13139 MOVE                 R129 <- R103  ; line 2046
13140 MOVE                 R130 <- R104  ; line 2046
13141 MOVE                 R131 <- R105  ; line 2046
13142 MOVE                 R132 <- R112  ; line 2046
13143 MOVE                 R133 <- R113  ; line 2046
13144 MOVE                 R134 <- R114  ; line 2046
13145 MOVE                 R135 <- R115  ; line 2046
13146 MOVE                 R136 <- R116  ; line 2046
13147 MOVE                 R137 <- R117  ; line 2046
13148 MOVE                 R138 <- R118  ; line 2046
13149 HOST_CALL            a=139 b=6 c=119 imm=20  ; line 2046
13150 MOVE                 R140 <- R139  ; line 2046
13151 MOVE                 R141 <- R60  ; line 2051
13152 HOST_CALL            a=142 b=72 c=141 imm=1  ; line 2051
13153 MOVE                 R143 <- R64  ; line 2051
13154 HOST_CALL            a=144 b=72 c=143 imm=1  ; line 2051
13155 LOAD_CONST           R145 constant[2712]  ; line 2051
13156 LOAD_CONST           R146 constant[2713]  ; line 2051
13157 MOVE                 R147 <- R145  ; line 2051
13158 MOVE                 R148 <- R34  ; line 2051
13159 MOVE                 R149 <- R146  ; line 2051
13160 MOVE                 R150 <- R44  ; line 2051
13161 HOST_CALL            a=151 b=6 c=147 imm=4  ; line 2051
13162 LOAD_CONST           R152 constant[2714]  ; line 2051
13163 LOAD_CONST           R153 constant[2715]  ; line 2051
13164 LOAD_CONST           R154 constant[2716]  ; line 2051
13165 MOVE                 R155 <- R153  ; line 2051
13166 MOVE                 R156 <- R154  ; line 2051
13167 ARRAY_NEW            a=157 b=155 c=2 imm=4294967295  ; line 2051
13168 MOVE                 R158 <- R140  ; line 2051
13169 MOVE                 R159 <- R142  ; line 2051
13170 MOVE                 R160 <- R144  ; line 2051
13171 MOVE                 R161 <- R151  ; line 2051
13172 MOVE                 R162 <- R152  ; line 2051
13173 MOVE                 R163 <- R157  ; line 2051
13174 CALL                 a=164 b=115 c=158 imm=6  ; line 2051
13175 RETURN               R164  ; line 2051
13176 LOAD_CONST           R165 constant[2717]  ; line 2051
13177 RETURN               R165  ; line 2051
13178 LOAD_CONST           R1 constant[2718]  ; line 2057
13179 COMPARE              a=0 b=1 c=2 imm=0  ; line 2057
13180 JUMP_IF_FALSE        R2 -> 13184  ; line 2057
13181 LOAD_CONST           R1 constant[2719]  ; line 2057
13182 RETURN               R1  ; line 2057
13183 JUMP                 -> 13184  ; line 2057
13184 LOAD_CONST           R1 constant[2720]  ; line 2058
13185 COMPARE              a=0 b=1 c=2 imm=0  ; line 2058
13186 JUMP_IF_FALSE        R2 -> 13190  ; line 2058
13187 LOAD_CONST           R1 constant[2721]  ; line 2058
13188 RETURN               R1  ; line 2058
13189 JUMP                 -> 13190  ; line 2058
13190 LOAD_CONST           R1 constant[2722]  ; line 2059
13191 COMPARE              a=0 b=1 c=2 imm=0  ; line 2059
13192 JUMP_IF_FALSE        R2 -> 13196  ; line 2059
13193 LOAD_CONST           R1 constant[2723]  ; line 2059
13194 RETURN               R1  ; line 2059
13195 JUMP                 -> 13196  ; line 2059
13196 LOAD_CONST           R1 constant[2724]  ; line 2060
13197 COMPARE              a=0 b=1 c=2 imm=0  ; line 2060
13198 JUMP_IF_FALSE        R2 -> 13202  ; line 2060
13199 LOAD_CONST           R1 constant[2725]  ; line 2060
13200 RETURN               R1  ; line 2060
13201 JUMP                 -> 13202  ; line 2060
13202 LOAD_CONST           R1 constant[2726]  ; line 2061
13203 COMPARE              a=0 b=1 c=2 imm=0  ; line 2061
13204 RETURN               R2  ; line 2061
13205 LOAD_CONST           R3 constant[2727]  ; line 2061
13206 RETURN               R3  ; line 2061
13207 LOAD_CONST           R3 constant[2728]  ; line 2065
13208 COMPARE              a=1 b=3 c=4 imm=0  ; line 2065
13209 JUMP_IF_FALSE        R4 -> 13216  ; line 2065
13210 LOAD_CONST           R3 constant[2729]  ; line 2065
13211 MOVE                 R4 <- R0  ; line 2065
13212 MOVE                 R5 <- R3  ; line 2065
13213 HOST_CALL            a=6 b=166 c=4 imm=2  ; line 2065
13214 MOVE                 R0 <- R6  ; line 2065
13215 JUMP                 -> 13216  ; line 2065
13216 LOAD_CONST           R3 constant[2730]  ; line 2066
13217 COMPARE              a=1 b=3 c=4 imm=0  ; line 2066
13218 JUMP_IF_FALSE        R4 -> 13225  ; line 2066
13219 LOAD_CONST           R3 constant[2731]  ; line 2066
13220 MOVE                 R4 <- R0  ; line 2066
13221 MOVE                 R5 <- R3  ; line 2066
13222 HOST_CALL            a=6 b=166 c=4 imm=2  ; line 2066
13223 MOVE                 R0 <- R6  ; line 2066
13224 JUMP                 -> 13225  ; line 2066
13225 LOAD_CONST           R3 constant[2732]  ; line 2067
13226 COMPARE              a=1 b=3 c=4 imm=0  ; line 2067
13227 JUMP_IF_FALSE        R4 -> 13234  ; line 2067
13228 LOAD_CONST           R3 constant[2733]  ; line 2067
13229 MOVE                 R4 <- R0  ; line 2067
13230 MOVE                 R5 <- R3  ; line 2067
13231 HOST_CALL            a=6 b=166 c=4 imm=2  ; line 2067
13232 MOVE                 R0 <- R6  ; line 2067
13233 JUMP                 -> 13234  ; line 2067
13234 LOAD_CONST           R3 constant[2734]  ; line 2068
13235 MOVE                 R4 <- R0  ; line 2068
13236 MOVE                 R5 <- R3  ; line 2068
13237 MOVE                 R6 <- R2  ; line 2068
13238 HOST_CALL            a=7 b=183 c=4 imm=3  ; line 2068
13239 RETURN               R7  ; line 2068
13240 LOAD_CONST           R8 constant[2735]  ; line 2068
13241 RETURN               R8  ; line 2068
13242 MOVE                 R3 <- R2  ; line 2072
13243 HOST_CALL            a=4 b=86 c=3 imm=1  ; line 2072
13244 LOAD_CONST           R5 constant[2736]  ; line 2072
13245 COMPARE              a=4 b=5 c=6 imm=1  ; line 2072
13246 JUMP_IF_FALSE        R6 -> 13256  ; line 2072
13247 LOAD_CONST           R3 constant[2737]  ; line 2072
13248 LOAD_CONST           R4 constant[2738]  ; line 2072
13249 LOAD_CONST           R5 constant[2739]  ; line 2072
13250 MOVE                 R6 <- R3  ; line 2072
13251 MOVE                 R7 <- R4  ; line 2072
13252 MOVE                 R8 <- R5  ; line 2072
13253 CALL                 a=9 b=100 c=6 imm=3  ; line 2072
13254 RETURN               R9  ; line 2072
13255 JUMP                 -> 13256  ; line 2072
13256 LOAD_CONST           R3 constant[2740]  ; line 2073
13257 COMPARE              a=0 b=3 c=4 imm=0  ; line 2073
13258 JUMP_IF_FALSE        R4 -> 13265  ; line 2073
13259 MOVE                 R3 <- R0  ; line 2073
13260 MOVE                 R4 <- R1  ; line 2073
13261 MOVE                 R5 <- R2  ; line 2073
13262 CALL                 a=6 b=116 c=3 imm=3  ; line 2073
13263 RETURN               R6  ; line 2073
13264 JUMP                 -> 13265  ; line 2073
13265 LOAD_CONST           R3 constant[2741]  ; line 2074
13266 COMPARE              a=0 b=3 c=4 imm=0  ; line 2074
13267 JUMP_IF_FALSE        R4 -> 13274  ; line 2074
13268 MOVE                 R3 <- R0  ; line 2074
13269 MOVE                 R4 <- R1  ; line 2074
13270 MOVE                 R5 <- R2  ; line 2074
13271 CALL                 a=6 b=116 c=3 imm=3  ; line 2074
13272 RETURN               R6  ; line 2074
13273 JUMP                 -> 13274  ; line 2074
13274 LOAD_CONST           R3 constant[2742]  ; line 2075
13275 COMPARE              a=0 b=3 c=4 imm=0  ; line 2075
13276 JUMP_IF_FALSE        R4 -> 13282  ; line 2075
13277 MOVE                 R3 <- R1  ; line 2075
13278 MOVE                 R4 <- R2  ; line 2075
13279 CALL                 a=5 b=118 c=3 imm=2  ; line 2075
13280 RETURN               R5  ; line 2075
13281 JUMP                 -> 13282  ; line 2075
13282 LOAD_CONST           R3 constant[2743]  ; line 2076
13283 COMPARE              a=0 b=3 c=4 imm=0  ; line 2076
13284 JUMP_IF_FALSE        R4 -> 13290  ; line 2076
13285 MOVE                 R3 <- R1  ; line 2076
13286 MOVE                 R4 <- R2  ; line 2076
13287 CALL                 a=5 b=120 c=3 imm=2  ; line 2076
13288 RETURN               R5  ; line 2076
13289 JUMP                 -> 13290  ; line 2076
13290 LOAD_CONST           R3 constant[2744]  ; line 2077
13291 COMPARE              a=0 b=3 c=4 imm=0  ; line 2077
13292 JUMP_IF_FALSE        R4 -> 13298  ; line 2077
13293 MOVE                 R3 <- R1  ; line 2077
13294 MOVE                 R4 <- R2  ; line 2077
13295 CALL                 a=5 b=122 c=3 imm=2  ; line 2077
13296 RETURN               R5  ; line 2077
13297 JUMP                 -> 13298  ; line 2077
13298 LOAD_CONST           R3 constant[2745]  ; line 2078
13299 COMPARE              a=0 b=3 c=4 imm=0  ; line 2078
13300 JUMP_IF_FALSE        R4 -> 13306  ; line 2078
13301 MOVE                 R3 <- R1  ; line 2078
13302 MOVE                 R4 <- R2  ; line 2078
13303 CALL                 a=5 b=142 c=3 imm=2  ; line 2078
13304 RETURN               R5  ; line 2078
13305 JUMP                 -> 13306  ; line 2078
13306 LOAD_CONST           R3 constant[2746]  ; line 2079
13307 COMPARE              a=0 b=3 c=4 imm=0  ; line 2079
13308 JUMP_IF_FALSE        R4 -> 13314  ; line 2079
13309 MOVE                 R3 <- R1  ; line 2079
13310 MOVE                 R4 <- R2  ; line 2079
13311 CALL                 a=5 b=147 c=3 imm=2  ; line 2079
13312 RETURN               R5  ; line 2079
13313 JUMP                 -> 13314  ; line 2079
13314 LOAD_CONST           R3 constant[2747]  ; line 2080
13315 COMPARE              a=0 b=3 c=4 imm=0  ; line 2080
13316 JUMP_IF_FALSE        R4 -> 13322  ; line 2080
13317 MOVE                 R3 <- R1  ; line 2080
13318 MOVE                 R4 <- R2  ; line 2080
13319 CALL                 a=5 b=149 c=3 imm=2  ; line 2080
13320 RETURN               R5  ; line 2080
13321 JUMP                 -> 13322  ; line 2080
13322 LOAD_CONST           R3 constant[2748]  ; line 2081
13323 COMPARE              a=0 b=3 c=4 imm=0  ; line 2081
13324 JUMP_IF_FALSE        R4 -> 13332  ; line 2081
13325 LOAD_CONST           R3 constant[2749]  ; line 2081
13326 MOVE                 R4 <- R1  ; line 2081
13327 MOVE                 R5 <- R2  ; line 2081
13328 MOVE                 R6 <- R3  ; line 2081
13329 CALL                 a=7 b=163 c=4 imm=3  ; line 2081
13330 RETURN               R7  ; line 2081
13331 JUMP                 -> 13332  ; line 2081
13332 LOAD_CONST           R3 constant[2750]  ; line 2082
13333 COMPARE              a=0 b=3 c=4 imm=0  ; line 2082
13334 JUMP_IF_FALSE        R4 -> 13342  ; line 2082
13335 LOAD_CONST           R3 constant[2751]  ; line 2082
13336 MOVE                 R4 <- R1  ; line 2082
13337 MOVE                 R5 <- R2  ; line 2082
13338 MOVE                 R6 <- R3  ; line 2082
13339 CALL                 a=7 b=163 c=4 imm=3  ; line 2082
13340 RETURN               R7  ; line 2082
13341 JUMP                 -> 13342  ; line 2082
13342 LOAD_CONST           R3 constant[2752]  ; line 2083
13343 COMPARE              a=0 b=3 c=4 imm=0  ; line 2083
13344 JUMP_IF_FALSE        R4 -> 13350  ; line 2083
13345 MOVE                 R3 <- R1  ; line 2083
13346 MOVE                 R4 <- R2  ; line 2083
13347 CALL                 a=5 b=164 c=3 imm=2  ; line 2083
13348 RETURN               R5  ; line 2083
13349 JUMP                 -> 13350  ; line 2083
13350 LOAD_CONST           R3 constant[2753]  ; line 2084
13351 LOAD_CONST           R4 constant[2754]  ; line 2084
13352 LOAD_CONST           R5 constant[2755]  ; line 2084
13353 MOVE                 R6 <- R3  ; line 2084
13354 MOVE                 R7 <- R4  ; line 2084
13355 MOVE                 R8 <- R5  ; line 2084
13356 CALL                 a=9 b=100 c=6 imm=3  ; line 2084
13357 RETURN               R9  ; line 2084
13358 LOAD_CONST           R10 constant[2756]  ; line 2084
13359 RETURN               R10  ; line 2084
13360 LOAD_CONST           R2 constant[2757]  ; line 2088
13361 MOVE                 R3 <- R0  ; line 2088
13362 MOVE                 R4 <- R2  ; line 2088
13363 HOST_CALL            a=5 b=11 c=3 imm=2  ; line 2088
13364 LOAD_CONST           R6 constant[2758]  ; line 2088
13365 MOVE                 R7 <- R5  ; line 2088
13366 MOVE                 R8 <- R6  ; line 2088
13367 HOST_CALL            a=9 b=11 c=7 imm=2  ; line 2088
13368 MOVE                 R10 <- R9  ; line 2088
13369 LOAD_CONST           R11 constant[2759]  ; line 2089
13370 MOVE                 R12 <- R10  ; line 2089
13371 MOVE                 R13 <- R11  ; line 2089
13372 HOST_CALL            a=14 b=11 c=12 imm=2  ; line 2089
13373 LOAD_CONST           R15 constant[2760]  ; line 2089
13374 COMPARE              a=14 b=15 c=16 imm=0  ; line 2089
13375 MOVE                 R17 <- R16  ; line 2089
13376 LOAD_CONST           R18 constant[2761]  ; line 2090
13377 MOVE                 R19 <- R10  ; line 2090
13378 MOVE                 R20 <- R18  ; line 2090
13379 HOST_CALL            a=21 b=11 c=19 imm=2  ; line 2090
13380 LOAD_CONST           R22 constant[2762]  ; line 2090
13381 COMPARE              a=21 b=22 c=23 imm=0  ; line 2090
13382 JUMP_IF_FALSE        R23 -> 13386  ; line 2090
13383 LOAD_CONST           R18 constant[2763]  ; line 2090
13384 MOVE                 R17 <- R18  ; line 2090
13385 JUMP                 -> 13386  ; line 2090
13386 LOAD_CONST           R18 constant[2764]  ; line 2091
13387 MOVE                 R19 <- R10  ; line 2091
13388 MOVE                 R20 <- R18  ; line 2091
13389 HOST_CALL            a=21 b=11 c=19 imm=2  ; line 2091
13390 LOAD_CONST           R22 constant[2765]  ; line 2091
13391 COMPARE              a=21 b=22 c=23 imm=0  ; line 2091
13392 JUMP_IF_FALSE        R23 -> 13396  ; line 2091
13393 LOAD_CONST           R18 constant[2766]  ; line 2091
13394 MOVE                 R17 <- R18  ; line 2091
13395 JUMP                 -> 13396  ; line 2091
13396 LOAD_CONST           R18 constant[2767]  ; line 2092
13397 MOVE                 R19 <- R10  ; line 2092
13398 MOVE                 R20 <- R18  ; line 2092
13399 HOST_CALL            a=21 b=11 c=19 imm=2  ; line 2092
13400 MOVE                 R22 <- R21  ; line 2092
13401 JUMP_IF_FALSE        R17 -> 13420  ; line 2093
13402 LOAD_CONST           R23 constant[2768]  ; line 2094
13403 LOAD_CONST           R24 constant[2769]  ; line 2094
13404 MOVE                 R25 <- R22  ; line 2094
13405 MOVE                 R26 <- R24  ; line 2094
13406 HOST_CALL            a=27 b=11 c=25 imm=2  ; line 2094
13407 LOAD_CONST           R28 constant[2770]  ; line 2094
13408 MOVE                 R29 <- R10  ; line 2094
13409 MOVE                 R30 <- R28  ; line 2094
13410 HOST_CALL            a=31 b=11 c=29 imm=2  ; line 2094
13411 MOVE                 R32 <- R27  ; line 2094
13412 MOVE                 R33 <- R31  ; line 2094
13413 MOVE                 R34 <- R1  ; line 2094
13414 CALL                 a=35 b=166 c=32 imm=3  ; line 2094
13415 MOVE                 R36 <- R22  ; line 2094
13416 MOVE                 R37 <- R23  ; line 2094
13417 MOVE                 R38 <- R35  ; line 2094
13418 HOST_CALL            a=39 b=12 c=36 imm=3  ; line 2094
13419 JUMP                 -> 13420  ; line 2094
13420 LOAD_CONST           R23 constant[2771]  ; line 2096
13421 MOVE                 R24 <- R10  ; line 2096
13422 MOVE                 R25 <- R23  ; line 2096
13423 HOST_CALL            a=26 b=11 c=24 imm=2  ; line 2096
13424 LOAD_CONST           R27 constant[2772]  ; line 2096
13425 COMPARE              a=26 b=27 c=28 imm=0  ; line 2096
13426 JUMP_IF_FALSE        R28 -> 13462  ; line 2096
13427 LOAD_CONST           R23 constant[2773]  ; line 2097
13428 LOAD_CONST           R24 constant[2774]  ; line 2097
13429 MOVE                 R25 <- R22  ; line 2097
13430 MOVE                 R26 <- R24  ; line 2097
13431 HOST_CALL            a=27 b=11 c=25 imm=2  ; line 2097
13432 LOAD_CONST           R28 constant[2775]  ; line 2097
13433 MOVE                 R29 <- R10  ; line 2097
13434 MOVE                 R30 <- R28  ; line 2097
13435 HOST_CALL            a=31 b=11 c=29 imm=2  ; line 2097
13436 MOVE                 R32 <- R27  ; line 2097
13437 MOVE                 R33 <- R31  ; line 2097
13438 MOVE                 R34 <- R1  ; line 2097
13439 CALL                 a=35 b=166 c=32 imm=3  ; line 2097
13440 MOVE                 R36 <- R22  ; line 2097
13441 MOVE                 R37 <- R23  ; line 2097
13442 MOVE                 R38 <- R35  ; line 2097
13443 HOST_CALL            a=39 b=12 c=36 imm=3  ; line 2097
13444 LOAD_CONST           R23 constant[2776]  ; line 2098
13445 LOAD_CONST           R24 constant[2777]  ; line 2098
13446 MOVE                 R25 <- R22  ; line 2098
13447 MOVE                 R26 <- R24  ; line 2098
13448 HOST_CALL            a=27 b=11 c=25 imm=2  ; line 2098
13449 LOAD_CONST           R28 constant[2778]  ; line 2098
13450 MOVE                 R29 <- R10  ; line 2098
13451 MOVE                 R30 <- R28  ; line 2098
13452 HOST_CALL            a=31 b=11 c=29 imm=2  ; line 2098
13453 MOVE                 R32 <- R27  ; line 2098
13454 MOVE                 R33 <- R31  ; line 2098
13455 MOVE                 R34 <- R1  ; line 2098
13456 CALL                 a=35 b=166 c=32 imm=3  ; line 2098
13457 MOVE                 R36 <- R22  ; line 2098
13458 MOVE                 R37 <- R23  ; line 2098
13459 MOVE                 R38 <- R35  ; line 2098
13460 HOST_CALL            a=39 b=12 c=36 imm=3  ; line 2098
13461 JUMP                 -> 13462  ; line 2098
13462 LOAD_CONST           R23 constant[2779]  ; line 2100
13463 MOVE                 R24 <- R10  ; line 2100
13464 MOVE                 R25 <- R23  ; line 2100
13465 HOST_CALL            a=26 b=11 c=24 imm=2  ; line 2100
13466 LOAD_CONST           R27 constant[2780]  ; line 2100
13467 COMPARE              a=26 b=27 c=28 imm=0  ; line 2100
13468 JUMP_IF_FALSE        R28 -> 13521  ; line 2100
13469 LOAD_CONST           R23 constant[2781]  ; line 2101
13470 LOAD_CONST           R24 constant[2782]  ; line 2101
13471 MOVE                 R25 <- R22  ; line 2101
13472 MOVE                 R26 <- R24  ; line 2101
13473 HOST_CALL            a=27 b=11 c=25 imm=2  ; line 2101
13474 LOAD_CONST           R28 constant[2783]  ; line 2101
13475 MOVE                 R29 <- R10  ; line 2101
13476 MOVE                 R30 <- R28  ; line 2101
13477 HOST_CALL            a=31 b=11 c=29 imm=2  ; line 2101
13478 MOVE                 R32 <- R27  ; line 2101
13479 MOVE                 R33 <- R31  ; line 2101
13480 MOVE                 R34 <- R1  ; line 2101
13481 CALL                 a=35 b=166 c=32 imm=3  ; line 2101
13482 MOVE                 R36 <- R22  ; line 2101
13483 MOVE                 R37 <- R23  ; line 2101
13484 MOVE                 R38 <- R35  ; line 2101
13485 HOST_CALL            a=39 b=12 c=36 imm=3  ; line 2101
13486 LOAD_CONST           R23 constant[2784]  ; line 2102
13487 LOAD_CONST           R24 constant[2785]  ; line 2102
13488 MOVE                 R25 <- R22  ; line 2102
13489 MOVE                 R26 <- R24  ; line 2102
13490 HOST_CALL            a=27 b=11 c=25 imm=2  ; line 2102
13491 LOAD_CONST           R28 constant[2786]  ; line 2102
13492 MOVE                 R29 <- R10  ; line 2102
13493 MOVE                 R30 <- R28  ; line 2102
13494 HOST_CALL            a=31 b=11 c=29 imm=2  ; line 2102
13495 MOVE                 R32 <- R27  ; line 2102
13496 MOVE                 R33 <- R31  ; line 2102
13497 MOVE                 R34 <- R1  ; line 2102
13498 CALL                 a=35 b=166 c=32 imm=3  ; line 2102
13499 MOVE                 R36 <- R22  ; line 2102
13500 MOVE                 R37 <- R23  ; line 2102
13501 MOVE                 R38 <- R35  ; line 2102
13502 HOST_CALL            a=39 b=12 c=36 imm=3  ; line 2102
13503 LOAD_CONST           R23 constant[2787]  ; line 2103
13504 LOAD_CONST           R24 constant[2788]  ; line 2103
13505 MOVE                 R25 <- R22  ; line 2103
13506 MOVE                 R26 <- R24  ; line 2103
13507 HOST_CALL            a=27 b=11 c=25 imm=2  ; line 2103
13508 LOAD_CONST           R28 constant[2789]  ; line 2103
13509 MOVE                 R29 <- R10  ; line 2103
13510 MOVE                 R30 <- R28  ; line 2103
13511 HOST_CALL            a=31 b=11 c=29 imm=2  ; line 2103
13512 MOVE                 R32 <- R27  ; line 2103
13513 MOVE                 R33 <- R31  ; line 2103
13514 MOVE                 R34 <- R1  ; line 2103
13515 CALL                 a=35 b=166 c=32 imm=3  ; line 2103
13516 MOVE                 R36 <- R22  ; line 2103
13517 MOVE                 R37 <- R23  ; line 2103
13518 MOVE                 R38 <- R35  ; line 2103
13519 HOST_CALL            a=39 b=12 c=36 imm=3  ; line 2103
13520 JUMP                 -> 13521  ; line 2103
13521 LOAD_CONST           R23 constant[2790]  ; line 2105
13522 MOVE                 R24 <- R10  ; line 2105
13523 MOVE                 R25 <- R23  ; line 2105
13524 MOVE                 R26 <- R22  ; line 2105
13525 HOST_CALL            a=27 b=12 c=24 imm=3  ; line 2105
13526 LOAD_CONST           R23 constant[2791]  ; line 2106
13527 LOAD_CONST           R24 constant[2792]  ; line 2106
13528 MOVE                 R25 <- R10  ; line 2106
13529 MOVE                 R26 <- R23  ; line 2106
13530 MOVE                 R27 <- R24  ; line 2106
13531 HOST_CALL            a=28 b=12 c=25 imm=3  ; line 2106
13532 RETURN               R0  ; line 2107
13533 LOAD_CONST           R23 constant[2793]  ; line 2107
13534 RETURN               R23  ; line 2107
13535 MOVE                 R3 <- R2  ; line 2111
13536 HOST_CALL            a=4 b=86 c=3 imm=1  ; line 2111
13537 LOAD_CONST           R5 constant[2794]  ; line 2111
13538 COMPARE              a=4 b=5 c=6 imm=1  ; line 2111
13539 JUMP_IF_FALSE        R6 -> 13549  ; line 2111
13540 LOAD_CONST           R3 constant[2795]  ; line 2111
13541 LOAD_CONST           R4 constant[2796]  ; line 2111
13542 LOAD_CONST           R5 constant[2797]  ; line 2111
13543 MOVE                 R6 <- R3  ; line 2111
13544 MOVE                 R7 <- R4  ; line 2111
13545 MOVE                 R8 <- R5  ; line 2111
13546 CALL                 a=9 b=100 c=6 imm=3  ; line 2111
13547 RETURN               R9  ; line 2111
13548 JUMP                 -> 13549  ; line 2111
13549 LOAD_CONST           R3 constant[2798]  ; line 2112
13550 LOAD_CONST           R4 constant[2799]  ; line 2112
13551 MOVE                 R5 <- R2  ; line 2112
13552 MOVE                 R6 <- R3  ; line 2112
13553 MOVE                 R7 <- R4  ; line 2112
13554 CALL                 a=8 b=101 c=5 imm=3  ; line 2112
13555 MOVE                 R9 <- R8  ; line 2112
13556 LOAD_CONST           R10 constant[2800]  ; line 2113
13557 COMPARE              a=9 b=10 c=11 imm=1  ; line 2113
13558 JUMP_IF_FALSE        R11 -> 13576  ; line 2113
13559 LOAD_CONST           R10 constant[2801]  ; line 2114
13560 COMPARE              a=9 b=10 c=11 imm=1  ; line 2114
13561 JUMP_IF_FALSE        R11 -> 13575  ; line 2114
13562 LOAD_CONST           R10 constant[2802]  ; line 2115
13563 COMPARE              a=9 b=10 c=11 imm=1  ; line 2115
13564 JUMP_IF_FALSE        R11 -> 13574  ; line 2115
13565 LOAD_CONST           R10 constant[2803]  ; line 2116
13566 LOAD_CONST           R11 constant[2804]  ; line 2116
13567 LOAD_CONST           R12 constant[2805]  ; line 2116
13568 MOVE                 R13 <- R10  ; line 2116
13569 MOVE                 R14 <- R11  ; line 2116
13570 MOVE                 R15 <- R12  ; line 2116
13571 CALL                 a=16 b=100 c=13 imm=3  ; line 2116
13572 RETURN               R16  ; line 2116
13573 JUMP                 -> 13574  ; line 2116
13574 JUMP                 -> 13575  ; line 2116
13575 JUMP                 -> 13576  ; line 2116
13576 LOAD_CONST           R10 constant[2806]  ; line 2120
13577 COMPARE              a=9 b=10 c=11 imm=0  ; line 2120
13578 JUMP_IF_FALSE        R11 -> 13593  ; line 2120
13579 MOVE                 R10 <- R0  ; line 2121
13580 CALL                 a=11 b=165 c=10 imm=1  ; line 2121
13581 UNARY                a=11 b=12 c=4294967295 imm=1  ; line 2121
13582 JUMP_IF_FALSE        R12 -> 13592  ; line 2121
13583 LOAD_CONST           R10 constant[2807]  ; line 2122
13584 LOAD_CONST           R11 constant[2808]  ; line 2122
13585 LOAD_CONST           R12 constant[2809]  ; line 2122
13586 MOVE                 R13 <- R10  ; line 2122
13587 MOVE                 R14 <- R11  ; line 2122
13588 MOVE                 R15 <- R12  ; line 2122
13589 CALL                 a=16 b=100 c=13 imm=3  ; line 2122
13590 RETURN               R16  ; line 2122
13591 JUMP                 -> 13592  ; line 2122
13592 JUMP                 -> 13593  ; line 2122
13593 LOAD_CONST           R10 constant[2810]  ; line 2125
13594 COMPARE              a=9 b=10 c=11 imm=0  ; line 2125
13595 MOVE                 R12 <- R11  ; line 2125
13596 LOAD_CONST           R13 constant[2811]  ; line 2126
13597 COMPARE              a=9 b=13 c=14 imm=0  ; line 2126
13598 JUMP_IF_FALSE        R14 -> 13612  ; line 2126
13599 MOVE                 R13 <- R0  ; line 2127
13600 CALL                 a=14 b=165 c=13 imm=1  ; line 2127
13601 JUMP_IF_FALSE        R14 -> 13611  ; line 2127
13602 LOAD_CONST           R13 constant[2812]  ; line 2128
13603 MOVE                 R14 <- R2  ; line 2128
13604 MOVE                 R15 <- R13  ; line 2128
13605 HOST_CALL            a=16 b=7 c=14 imm=2  ; line 2128
13606 JUMP_IF_FALSE        R16 -> 13610  ; line 2128
13607 LOAD_CONST           R13 constant[2813]  ; line 2128
13608 MOVE                 R12 <- R13  ; line 2128
13609 JUMP                 -> 13610  ; line 2128
13610 JUMP                 -> 13611  ; line 2128
13611 JUMP                 -> 13612  ; line 2128
13612 UNARY                a=12 b=13 c=4294967295 imm=1  ; line 2131
13613 JUMP_IF_FALSE        R13 -> 13620  ; line 2131
13614 MOVE                 R13 <- R0  ; line 2131
13615 MOVE                 R14 <- R1  ; line 2131
13616 MOVE                 R15 <- R2  ; line 2131
13617 CALL                 a=16 b=167 c=13 imm=3  ; line 2131
13618 RETURN               R16  ; line 2131
13619 JUMP                 -> 13620  ; line 2131
13620 LOAD_CONST           R13 constant[2814]  ; line 2132
13621 MOVE                 R14 <- R2  ; line 2132
13622 MOVE                 R15 <- R13  ; line 2132
13623 HOST_CALL            a=16 b=7 c=14 imm=2  ; line 2132
13624 UNARY                a=16 b=17 c=4294967295 imm=1  ; line 2132
13625 JUMP_IF_FALSE        R17 -> 13635  ; line 2132
13626 LOAD_CONST           R13 constant[2815]  ; line 2133
13627 LOAD_CONST           R14 constant[2816]  ; line 2133
13628 LOAD_CONST           R15 constant[2817]  ; line 2133
13629 MOVE                 R16 <- R13  ; line 2133
13630 MOVE                 R17 <- R14  ; line 2133
13631 MOVE                 R18 <- R15  ; line 2133
13632 CALL                 a=19 b=100 c=16 imm=3  ; line 2133
13633 RETURN               R19  ; line 2133
13634 JUMP                 -> 13635  ; line 2133
13635 LOAD_CONST           R13 constant[2818]  ; line 2135
13636 MOVE                 R14 <- R2  ; line 2135
13637 MOVE                 R15 <- R13  ; line 2135
13638 HOST_CALL            a=16 b=11 c=14 imm=2  ; line 2135
13639 MOVE                 R17 <- R16  ; line 2135
13640 HOST_CALL            a=18 b=86 c=17 imm=1  ; line 2135
13641 LOAD_CONST           R19 constant[2819]  ; line 2135
13642 COMPARE              a=18 b=19 c=20 imm=1  ; line 2135
13643 JUMP_IF_FALSE        R20 -> 13653  ; line 2135
13644 LOAD_CONST           R13 constant[2820]  ; line 2136
13645 LOAD_CONST           R14 constant[2821]  ; line 2136
13646 LOAD_CONST           R15 constant[2822]  ; line 2136
13647 MOVE                 R16 <- R13  ; line 2136
13648 MOVE                 R17 <- R14  ; line 2136
13649 MOVE                 R18 <- R15  ; line 2136
13650 CALL                 a=19 b=100 c=16 imm=3  ; line 2136
13651 RETURN               R19  ; line 2136
13652 JUMP                 -> 13653  ; line 2136
13653 MOVE                 R13 <- R1  ; line 2138
13654 HOST_CALL            a=14 b=86 c=13 imm=1  ; line 2138
13655 LOAD_CONST           R15 constant[2823]  ; line 2138
13656 COMPARE              a=14 b=15 c=16 imm=1  ; line 2138
13657 JUMP_IF_FALSE        R16 -> 13667  ; line 2138
13658 LOAD_CONST           R13 constant[2824]  ; line 2139
13659 LOAD_CONST           R14 constant[2825]  ; line 2139
13660 LOAD_CONST           R15 constant[2826]  ; line 2139
13661 MOVE                 R16 <- R13  ; line 2139
13662 MOVE                 R17 <- R14  ; line 2139
13663 MOVE                 R18 <- R15  ; line 2139
13664 CALL                 a=19 b=100 c=16 imm=3  ; line 2139
13665 RETURN               R19  ; line 2139
13666 JUMP                 -> 13667  ; line 2139
13667 LOAD_CONST           R13 constant[2827]  ; line 2141
13668 MOVE                 R14 <- R1  ; line 2141
13669 MOVE                 R15 <- R13  ; line 2141
13670 HOST_CALL            a=16 b=7 c=14 imm=2  ; line 2141
13671 UNARY                a=16 b=17 c=4294967295 imm=1  ; line 2141
13672 JUMP_IF_FALSE        R17 -> 13682  ; line 2141
13673 LOAD_CONST           R13 constant[2828]  ; line 2142
13674 LOAD_CONST           R14 constant[2829]  ; line 2142
13675 LOAD_CONST           R15 constant[2830]  ; line 2142
13676 MOVE                 R16 <- R13  ; line 2142
13677 MOVE                 R17 <- R14  ; line 2142
13678 MOVE                 R18 <- R15  ; line 2142
13679 CALL                 a=19 b=100 c=16 imm=3  ; line 2142
13680 RETURN               R19  ; line 2142
13681 JUMP                 -> 13682  ; line 2142
13682 LOAD_CONST           R13 constant[2831]  ; line 2144
13683 MOVE                 R14 <- R1  ; line 2144
13684 MOVE                 R15 <- R13  ; line 2144
13685 HOST_CALL            a=16 b=7 c=14 imm=2  ; line 2144
13686 UNARY                a=16 b=17 c=4294967295 imm=1  ; line 2144
13687 JUMP_IF_FALSE        R17 -> 13697  ; line 2144
13688 LOAD_CONST           R13 constant[2832]  ; line 2145
13689 LOAD_CONST           R14 constant[2833]  ; line 2145
13690 LOAD_CONST           R15 constant[2834]  ; line 2145
13691 MOVE                 R16 <- R13  ; line 2145
13692 MOVE                 R17 <- R14  ; line 2145
13693 MOVE                 R18 <- R15  ; line 2145
13694 CALL                 a=19 b=100 c=16 imm=3  ; line 2145
13695 RETURN               R19  ; line 2145
13696 JUMP                 -> 13697  ; line 2145
13697 LOAD_CONST           R13 constant[2835]  ; line 2147
13698 MOVE                 R14 <- R1  ; line 2147
13699 MOVE                 R15 <- R13  ; line 2147
13700 HOST_CALL            a=16 b=11 c=14 imm=2  ; line 2147
13701 MOVE                 R17 <- R16  ; line 2147
13702 HOST_CALL            a=18 b=60 c=17 imm=1  ; line 2147
13703 MOVE                 R19 <- R18  ; line 2147
13704 LOAD_CONST           R20 constant[2836]  ; line 2148
13705 COMPARE              a=19 b=20 c=21 imm=0  ; line 2148
13706 JUMP_IF_FALSE        R21 -> 13716  ; line 2148
13707 LOAD_CONST           R20 constant[2837]  ; line 2149
13708 LOAD_CONST           R21 constant[2838]  ; line 2149
13709 LOAD_CONST           R22 constant[2839]  ; line 2149
13710 MOVE                 R23 <- R20  ; line 2149
13711 MOVE                 R24 <- R21  ; line 2149
13712 MOVE                 R25 <- R22  ; line 2149
13713 CALL                 a=26 b=100 c=23 imm=3  ; line 2149
13714 RETURN               R26  ; line 2149
13715 JUMP                 -> 13716  ; line 2149
13716 LOAD_CONST           R20 constant[2840]  ; line 2151
13717 COMPARE              a=19 b=20 c=21 imm=0  ; line 2151
13718 JUMP_IF_FALSE        R21 -> 13728  ; line 2151
13719 LOAD_CONST           R20 constant[2841]  ; line 2152
13720 LOAD_CONST           R21 constant[2842]  ; line 2152
13721 LOAD_CONST           R22 constant[2843]  ; line 2152
13722 MOVE                 R23 <- R20  ; line 2152
13723 MOVE                 R24 <- R21  ; line 2152
13724 MOVE                 R25 <- R22  ; line 2152
13725 CALL                 a=26 b=100 c=23 imm=3  ; line 2152
13726 RETURN               R26  ; line 2152
13727 JUMP                 -> 13728  ; line 2152
13728 LOAD_CONST           R20 constant[2844]  ; line 2154
13729 LOAD_CONST           R21 constant[2845]  ; line 2154
13730 MOVE                 R22 <- R1  ; line 2154
13731 MOVE                 R23 <- R21  ; line 2154
13732 HOST_CALL            a=24 b=11 c=22 imm=2  ; line 2154
13733 LOAD_CONST           R25 constant[2846]  ; line 2154
13734 LOAD_CONST           R26 constant[2847]  ; line 2154
13735 MOVE                 R27 <- R2  ; line 2154
13736 MOVE                 R28 <- R26  ; line 2154
13737 HOST_CALL            a=29 b=11 c=27 imm=2  ; line 2154
13738 MOVE                 R30 <- R24  ; line 2154
13739 MOVE                 R31 <- R25  ; line 2154
13740 MOVE                 R32 <- R29  ; line 2154
13741 HOST_CALL            a=33 b=183 c=30 imm=3  ; line 2154
13742 LOAD_CONST           R34 constant[2848]  ; line 2154
13743 LOAD_CONST           R35 constant[2849]  ; line 2154
13744 MOVE                 R36 <- R1  ; line 2154
13745 MOVE                 R37 <- R35  ; line 2154
13746 HOST_CALL            a=38 b=11 c=36 imm=2  ; line 2154
13747 LOAD_CONST           R39 constant[2850]  ; line 2154
13748 LOAD_CONST           R40 constant[2851]  ; line 2154
13749 MOVE                 R41 <- R2  ; line 2154
13750 MOVE                 R42 <- R40  ; line 2154
13751 HOST_CALL            a=43 b=11 c=41 imm=2  ; line 2154
13752 MOVE                 R44 <- R38  ; line 2154
13753 MOVE                 R45 <- R39  ; line 2154
13754 MOVE                 R46 <- R43  ; line 2154
13755 HOST_CALL            a=47 b=183 c=44 imm=3  ; line 2154
13756 MOVE                 R48 <- R20  ; line 2154
13757 MOVE                 R49 <- R33  ; line 2154
13758 MOVE                 R50 <- R34  ; line 2154
13759 MOVE                 R51 <- R47  ; line 2154
13760 HOST_CALL            a=52 b=6 c=48 imm=4  ; line 2154
13761 MOVE                 R53 <- R52  ; line 2154
13762 LOAD_CONST           R54 constant[2852]  ; line 2156
13763 COMPARE              a=0 b=54 c=55 imm=0  ; line 2156
13764 JUMP_IF_FALSE        R55 -> 13771  ; line 2156
13765 MOVE                 R54 <- R0  ; line 2156
13766 MOVE                 R55 <- R53  ; line 2156
13767 MOVE                 R56 <- R2  ; line 2156
13768 CALL                 a=57 b=117 c=54 imm=3  ; line 2156
13769 RETURN               R57  ; line 2156
13770 JUMP                 -> 13771  ; line 2156
13771 LOAD_CONST           R54 constant[2853]  ; line 2157
13772 COMPARE              a=0 b=54 c=55 imm=0  ; line 2157
13773 JUMP_IF_FALSE        R55 -> 13780  ; line 2157
13774 MOVE                 R54 <- R0  ; line 2157
13775 MOVE                 R55 <- R53  ; line 2157
13776 MOVE                 R56 <- R2  ; line 2157
13777 CALL                 a=57 b=117 c=54 imm=3  ; line 2157
13778 RETURN               R57  ; line 2157
13779 JUMP                 -> 13780  ; line 2157
13780 LOAD_CONST           R54 constant[2854]  ; line 2158
13781 COMPARE              a=0 b=54 c=55 imm=0  ; line 2158
13782 JUMP_IF_FALSE        R55 -> 13788  ; line 2158
13783 MOVE                 R54 <- R53  ; line 2158
13784 MOVE                 R55 <- R2  ; line 2158
13785 CALL                 a=56 b=119 c=54 imm=2  ; line 2158
13786 RETURN               R56  ; line 2158
13787 JUMP                 -> 13788  ; line 2158
13788 LOAD_CONST           R54 constant[2855]  ; line 2159
13789 COMPARE              a=0 b=54 c=55 imm=0  ; line 2159
13790 JUMP_IF_FALSE        R55 -> 13796  ; line 2159
13791 MOVE                 R54 <- R53  ; line 2159
13792 MOVE                 R55 <- R2  ; line 2159
13793 CALL                 a=56 b=125 c=54 imm=2  ; line 2159
13794 RETURN               R56  ; line 2159
13795 JUMP                 -> 13796  ; line 2159
13796 MOVE                 R54 <- R0  ; line 2160
13797 MOVE                 R55 <- R53  ; line 2160
13798 MOVE                 R56 <- R2  ; line 2160
13799 CALL                 a=57 b=167 c=54 imm=3  ; line 2160
13800 MOVE                 R58 <- R57  ; line 2160
13801 LOAD_CONST           R59 constant[2856]  ; line 2161
13802 MOVE                 R60 <- R58  ; line 2161
13803 MOVE                 R61 <- R59  ; line 2161
13804 HOST_CALL            a=62 b=11 c=60 imm=2  ; line 2161
13805 UNARY                a=62 b=63 c=4294967295 imm=1  ; line 2161
13806 JUMP_IF_FALSE        R63 -> 13809  ; line 2161
13807 RETURN               R58  ; line 2161
13808 JUMP                 -> 13809  ; line 2161
13809 LOAD_CONST           R59 constant[2857]  ; line 2162
13810 MOVE                 R60 <- R2  ; line 2162
13811 MOVE                 R61 <- R59  ; line 2162
13812 HOST_CALL            a=62 b=11 c=60 imm=2  ; line 2162
13813 MOVE                 R63 <- R58  ; line 2162
13814 MOVE                 R64 <- R62  ; line 2162
13815 CALL                 a=65 b=168 c=63 imm=2  ; line 2162
13816 RETURN               R65  ; line 2162
13817 LOAD_CONST           R66 constant[2858]  ; line 2162
13818 RETURN               R66  ; line 2162
13819 MOVE                 R3 <- R1  ; line 2168
13820 HOST_CALL            a=4 b=139 c=3 imm=1  ; line 2168
13821 MOVE                 R5 <- R4  ; line 2168
13822 MOVE                 R6 <- R5  ; line 2169
13823 HOST_CALL            a=7 b=26 c=6 imm=1  ; line 2169
13824 LOAD_CONST           R8 constant[2859]  ; line 2169
13825 COMPARE              a=7 b=8 c=9 imm=0  ; line 2169
13826 JUMP_IF_FALSE        R9 -> 13836  ; line 2169
13827 LOAD_CONST           R6 constant[2860]  ; line 2169
13828 LOAD_CONST           R7 constant[2861]  ; line 2169
13829 LOAD_CONST           R8 constant[2862]  ; line 2169
13830 MOVE                 R9 <- R6  ; line 2169
13831 MOVE                 R10 <- R7  ; line 2169
13832 MOVE                 R11 <- R8  ; line 2169
13833 CALL                 a=12 b=100 c=9 imm=3  ; line 2169
13834 RETURN               R12  ; line 2169
13835 JUMP                 -> 13836  ; line 2169
13836 LOAD_CONST           R6 constant[2863]  ; line 2170
13837 MOVE                 R7 <- R5  ; line 2170
13838 MOVE                 R8 <- R6  ; line 2170
13839 HOST_CALL            a=9 b=11 c=7 imm=2  ; line 2170
13840 MOVE                 R10 <- R9  ; line 2170
13841 MOVE                 R11 <- R10  ; line 2171
13842 HOST_CALL            a=12 b=86 c=11 imm=1  ; line 2171
13843 LOAD_CONST           R13 constant[2864]  ; line 2171
13844 COMPARE              a=12 b=13 c=14 imm=1  ; line 2171
13845 JUMP_IF_FALSE        R14 -> 13855  ; line 2171
13846 LOAD_CONST           R11 constant[2865]  ; line 2171
13847 LOAD_CONST           R12 constant[2866]  ; line 2171
13848 LOAD_CONST           R13 constant[2867]  ; line 2171
13849 MOVE                 R14 <- R11  ; line 2171
13850 MOVE                 R15 <- R12  ; line 2171
13851 MOVE                 R16 <- R13  ; line 2171
13852 CALL                 a=17 b=100 c=14 imm=3  ; line 2171
13853 RETURN               R17  ; line 2171
13854 JUMP                 -> 13855  ; line 2171
13855 LOAD_CONST           R11 constant[2868]  ; line 2172
13856 MOVE                 R12 <- R10  ; line 2172
13857 MOVE                 R13 <- R11  ; line 2172
13858 HOST_CALL            a=14 b=7 c=12 imm=2  ; line 2172
13859 UNARY                a=14 b=15 c=4294967295 imm=1  ; line 2172
13860 JUMP_IF_FALSE        R15 -> 13870  ; line 2172
13861 LOAD_CONST           R11 constant[2869]  ; line 2172
13862 LOAD_CONST           R12 constant[2870]  ; line 2172
13863 LOAD_CONST           R13 constant[2871]  ; line 2172
13864 MOVE                 R14 <- R11  ; line 2172
13865 MOVE                 R15 <- R12  ; line 2172
13866 MOVE                 R16 <- R13  ; line 2172
13867 CALL                 a=17 b=100 c=14 imm=3  ; line 2172
13868 RETURN               R17  ; line 2172
13869 JUMP                 -> 13870  ; line 2172
13870 LOAD_CONST           R11 constant[2872]  ; line 2173
13871 MOVE                 R12 <- R10  ; line 2173
13872 MOVE                 R13 <- R11  ; line 2173
13873 HOST_CALL            a=14 b=7 c=12 imm=2  ; line 2173
13874 UNARY                a=14 b=15 c=4294967295 imm=1  ; line 2173
13875 JUMP_IF_FALSE        R15 -> 13885  ; line 2173
13876 LOAD_CONST           R11 constant[2873]  ; line 2173
13877 LOAD_CONST           R12 constant[2874]  ; line 2173
13878 LOAD_CONST           R13 constant[2875]  ; line 2173
13879 MOVE                 R14 <- R11  ; line 2173
13880 MOVE                 R15 <- R12  ; line 2173
13881 MOVE                 R16 <- R13  ; line 2173
13882 CALL                 a=17 b=100 c=14 imm=3  ; line 2173
13883 RETURN               R17  ; line 2173
13884 JUMP                 -> 13885  ; line 2173
13885 LOAD_CONST           R11 constant[2876]  ; line 2174
13886 MOVE                 R12 <- R11  ; line 2174
13887 HOST_CALL            a=13 b=22 c=12 imm=1  ; line 2174
13888 MOVE                 R14 <- R13  ; line 2174
13889 LOAD_CONST           R15 constant[2877]  ; line 2175
13890 MOVE                 R16 <- R15  ; line 2175
13891 HOST_CALL            a=17 b=22 c=16 imm=1  ; line 2175
13892 MOVE                 R18 <- R17  ; line 2175
13893 LOAD_CONST           R19 constant[2878]  ; line 2176
13894 MOVE                 R20 <- R19  ; line 2176
13895 MOVE                 R21 <- R5  ; line 2177
13896 HOST_CALL            a=22 b=26 c=21 imm=1  ; line 2177
13897 COMPARE              a=20 b=22 c=23 imm=2  ; line 2177
13898 JUMP_IF_FALSE        R23 -> 13923  ; line 2177
13899 MOVE                 R21 <- R5  ; line 2178
13900 MOVE                 R22 <- R20  ; line 2178
13901 HOST_CALL            a=23 b=11 c=21 imm=2  ; line 2178
13902 LOAD_CONST           R24 constant[2879]  ; line 2178
13903 MOVE                 R25 <- R23  ; line 2178
13904 MOVE                 R26 <- R24  ; line 2178
13905 HOST_CALL            a=27 b=11 c=25 imm=2  ; line 2178
13906 MOVE                 R28 <- R14  ; line 2178
13907 MOVE                 R29 <- R27  ; line 2178
13908 HOST_CALL            a=30 b=23 c=28 imm=2  ; line 2178
13909 MOVE                 R21 <- R5  ; line 2179
13910 MOVE                 R22 <- R20  ; line 2179
13911 HOST_CALL            a=23 b=11 c=21 imm=2  ; line 2179
13912 LOAD_CONST           R24 constant[2880]  ; line 2179
13913 MOVE                 R25 <- R23  ; line 2179
13914 MOVE                 R26 <- R24  ; line 2179
13915 HOST_CALL            a=27 b=11 c=25 imm=2  ; line 2179
13916 MOVE                 R28 <- R18  ; line 2179
13917 MOVE                 R29 <- R27  ; line 2179
13918 HOST_CALL            a=30 b=23 c=28 imm=2  ; line 2179
13919 LOAD_CONST           R21 constant[2881]  ; line 2180
13920 BINARY               a=20 b=21 c=22 imm=0  ; line 2180
13921 MOVE                 R20 <- R22  ; line 2180
13922 JUMP                 -> 13895  ; line 2180
13923 LOAD_CONST           R21 constant[2882]  ; line 2182
13924 MOVE                 R22 <- R14  ; line 2182
13925 HOST_CALL            a=23 b=72 c=22 imm=1  ; line 2182
13926 LOAD_CONST           R24 constant[2883]  ; line 2182
13927 MOVE                 R25 <- R18  ; line 2182
13928 HOST_CALL            a=26 b=72 c=25 imm=1  ; line 2182
13929 MOVE                 R27 <- R21  ; line 2182
13930 MOVE                 R28 <- R23  ; line 2182
13931 MOVE                 R29 <- R24  ; line 2182
13932 MOVE                 R30 <- R26  ; line 2182
13933 HOST_CALL            a=31 b=6 c=27 imm=4  ; line 2182
13934 MOVE                 R32 <- R0  ; line 2182
13935 MOVE                 R33 <- R31  ; line 2182
13936 MOVE                 R34 <- R2  ; line 2182
13937 CALL                 a=35 b=169 c=32 imm=3  ; line 2182
13938 RETURN               R35  ; line 2182
13939 LOAD_CONST           R36 constant[2884]  ; line 2182
13940 RETURN               R36  ; line 2182
13941 MOVE                 R3 <- R0  ; line 2186
13942 HOST_CALL            a=4 b=86 c=3 imm=1  ; line 2186
13943 LOAD_CONST           R5 constant[2885]  ; line 2186
13944 COMPARE              a=4 b=5 c=6 imm=1  ; line 2186
13945 JUMP_IF_FALSE        R6 -> 13955  ; line 2186
13946 LOAD_CONST           R3 constant[2886]  ; line 2186
13947 LOAD_CONST           R4 constant[2887]  ; line 2186
13948 LOAD_CONST           R5 constant[2888]  ; line 2186
13949 MOVE                 R6 <- R3  ; line 2186
13950 MOVE                 R7 <- R4  ; line 2186
13951 MOVE                 R8 <- R5  ; line 2186
13952 CALL                 a=9 b=100 c=6 imm=3  ; line 2186
13953 RETURN               R9  ; line 2186
13954 JUMP                 -> 13955  ; line 2186
13955 MOVE                 R3 <- R1  ; line 2187
13956 CALL                 a=4 b=108 c=3 imm=1  ; line 2187
13957 MOVE                 R5 <- R4  ; line 2187
13958 LOAD_CONST           R6 constant[2889]  ; line 2188
13959 COMPARE              a=5 b=6 c=7 imm=0  ; line 2188
13960 JUMP_IF_FALSE        R7 -> 13970  ; line 2188
13961 LOAD_CONST           R6 constant[2890]  ; line 2188
13962 LOAD_CONST           R7 constant[2891]  ; line 2188
13963 LOAD_CONST           R8 constant[2892]  ; line 2188
13964 MOVE                 R9 <- R6  ; line 2188
13965 MOVE                 R10 <- R7  ; line 2188
13966 MOVE                 R11 <- R8  ; line 2188
13967 CALL                 a=12 b=100 c=9 imm=3  ; line 2188
13968 RETURN               R12  ; line 2188
13969 JUMP                 -> 13970  ; line 2188
13970 LOAD_CONST           R6 constant[2893]  ; line 2189
13971 MOVE                 R7 <- R0  ; line 2189
13972 MOVE                 R8 <- R6  ; line 2189
13973 HOST_CALL            a=9 b=11 c=7 imm=2  ; line 2189
13974 LOAD_CONST           R10 constant[2894]  ; line 2189
13975 COMPARE              a=9 b=10 c=11 imm=0  ; line 2189
13976 JUMP_IF_FALSE        R11 -> 14032  ; line 2189
13977 LOAD_CONST           R6 constant[2895]  ; line 2190
13978 MOVE                 R7 <- R0  ; line 2190
13979 MOVE                 R8 <- R6  ; line 2190
13980 HOST_CALL            a=9 b=11 c=7 imm=2  ; line 2190
13981 LOAD_CONST           R10 constant[2896]  ; line 2190
13982 MOVE                 R11 <- R9  ; line 2190
13983 MOVE                 R12 <- R10  ; line 2190
13984 HOST_CALL            a=13 b=11 c=11 imm=2  ; line 2190
13985 LOAD_CONST           R14 constant[2897]  ; line 2190
13986 MOVE                 R15 <- R0  ; line 2190
13987 MOVE                 R16 <- R14  ; line 2190
13988 HOST_CALL            a=17 b=11 c=15 imm=2  ; line 2190
13989 LOAD_CONST           R18 constant[2898]  ; line 2190
13990 MOVE                 R19 <- R17  ; line 2190
13991 MOVE                 R20 <- R18  ; line 2190
13992 HOST_CALL            a=21 b=11 c=19 imm=2  ; line 2190
13993 MOVE                 R22 <- R1  ; line 2190
13994 MOVE                 R23 <- R13  ; line 2190
13995 MOVE                 R24 <- R21  ; line 2190
13996 CALL                 a=25 b=112 c=22 imm=3  ; line 2190
13997 MOVE                 R26 <- R25  ; line 2190
13998 LOAD_CONST           R27 constant[2899]  ; line 2191
13999 MOVE                 R28 <- R0  ; line 2191
14000 MOVE                 R29 <- R27  ; line 2191
14001 HOST_CALL            a=30 b=11 c=28 imm=2  ; line 2191
14002 LOAD_CONST           R31 constant[2900]  ; line 2191
14003 MOVE                 R32 <- R30  ; line 2191
14004 MOVE                 R33 <- R31  ; line 2191
14005 HOST_CALL            a=34 b=11 c=32 imm=2  ; line 2191
14006 MOVE                 R35 <- R34  ; line 2191
14007 LOAD_CONST           R36 constant[2901]  ; line 2192
14008 MOVE                 R37 <- R26  ; line 2192
14009 HOST_CALL            a=38 b=72 c=37 imm=1  ; line 2192
14010 LOAD_CONST           R39 constant[2902]  ; line 2192
14011 MOVE                 R40 <- R5  ; line 2192
14012 MOVE                 R41 <- R39  ; line 2192
14013 HOST_CALL            a=42 b=11 c=40 imm=2  ; line 2192
14014 MOVE                 R43 <- R42  ; line 2192
14015 MOVE                 R44 <- R35  ; line 2192
14016 CALL                 a=45 b=113 c=43 imm=2  ; line 2192
14017 LOAD_CONST           R46 constant[2903]  ; line 2192
14018 LOAD_CONST           R47 constant[2904]  ; line 2192
14019 MOVE                 R48 <- R47  ; line 2192
14020 ARRAY_NEW            a=49 b=48 c=1 imm=4294967295  ; line 2192
14021 MOVE                 R50 <- R0  ; line 2192
14022 MOVE                 R51 <- R38  ; line 2192
14023 MOVE                 R52 <- R45  ; line 2192
14024 MOVE                 R53 <- R46  ; line 2192
14025 MOVE                 R54 <- R49  ; line 2192
14026 CALL                 a=55 b=114 c=50 imm=5  ; line 2192
14027 MOVE                 R56 <- R36  ; line 2192
14028 MOVE                 R57 <- R55  ; line 2192
14029 ARRAY_NEW            a=58 b=56 c=2 imm=4294967295  ; line 2192
14030 RETURN               R58  ; line 2192
14031 JUMP                 -> 14032  ; line 2192
14032 LOAD_CONST           R36 constant[2905]  ; line 2195
14033 MOVE                 R37 <- R0  ; line 2195
14034 MOVE                 R38 <- R36  ; line 2195
14035 HOST_CALL            a=39 b=11 c=37 imm=2  ; line 2195
14036 LOAD_CONST           R40 constant[2906]  ; line 2195
14037 COMPARE              a=39 b=40 c=41 imm=0  ; line 2195
14038 JUMP_IF_FALSE        R41 -> 14094  ; line 2195
14039 LOAD_CONST           R36 constant[2907]  ; line 2196
14040 MOVE                 R37 <- R0  ; line 2196
14041 MOVE                 R38 <- R36  ; line 2196
14042 HOST_CALL            a=39 b=11 c=37 imm=2  ; line 2196
14043 LOAD_CONST           R40 constant[2908]  ; line 2196
14044 MOVE                 R41 <- R39  ; line 2196
14045 MOVE                 R42 <- R40  ; line 2196
14046 HOST_CALL            a=43 b=11 c=41 imm=2  ; line 2196
14047 LOAD_CONST           R44 constant[2909]  ; line 2196
14048 MOVE                 R45 <- R0  ; line 2196
14049 MOVE                 R46 <- R44  ; line 2196
14050 HOST_CALL            a=47 b=11 c=45 imm=2  ; line 2196
14051 LOAD_CONST           R48 constant[2910]  ; line 2196
14052 MOVE                 R49 <- R47  ; line 2196
14053 MOVE                 R50 <- R48  ; line 2196
14054 HOST_CALL            a=51 b=11 c=49 imm=2  ; line 2196
14055 MOVE                 R52 <- R1  ; line 2196
14056 MOVE                 R53 <- R43  ; line 2196
14057 MOVE                 R54 <- R51  ; line 2196
14058 CALL                 a=55 b=112 c=52 imm=3  ; line 2196
14059 MOVE                 R56 <- R55  ; line 2196
14060 LOAD_CONST           R57 constant[2911]  ; line 2197
14061 MOVE                 R58 <- R0  ; line 2197
14062 MOVE                 R59 <- R57  ; line 2197
14063 HOST_CALL            a=60 b=11 c=58 imm=2  ; line 2197
14064 LOAD_CONST           R61 constant[2912]  ; line 2197
14065 MOVE                 R62 <- R60  ; line 2197
14066 MOVE                 R63 <- R61  ; line 2197
14067 HOST_CALL            a=64 b=11 c=62 imm=2  ; line 2197
14068 MOVE                 R65 <- R64  ; line 2197
14069 LOAD_CONST           R66 constant[2913]  ; line 2198
14070 MOVE                 R67 <- R56  ; line 2198
14071 HOST_CALL            a=68 b=72 c=67 imm=1  ; line 2198
14072 LOAD_CONST           R69 constant[2914]  ; line 2198
14073 MOVE                 R70 <- R5  ; line 2198
14074 MOVE                 R71 <- R69  ; line 2198
14075 HOST_CALL            a=72 b=11 c=70 imm=2  ; line 2198
14076 MOVE                 R73 <- R72  ; line 2198
14077 MOVE                 R74 <- R65  ; line 2198
14078 CALL                 a=75 b=113 c=73 imm=2  ; line 2198
14079 LOAD_CONST           R76 constant[2915]  ; line 2198
14080 LOAD_CONST           R77 constant[2916]  ; line 2198
14081 MOVE                 R78 <- R77  ; line 2198
14082 ARRAY_NEW            a=79 b=78 c=1 imm=4294967295  ; line 2198
14083 MOVE                 R80 <- R0  ; line 2198
14084 MOVE                 R81 <- R68  ; line 2198
14085 MOVE                 R82 <- R75  ; line 2198
14086 MOVE                 R83 <- R76  ; line 2198
14087 MOVE                 R84 <- R79  ; line 2198
14088 CALL                 a=85 b=114 c=80 imm=5  ; line 2198
14089 MOVE                 R86 <- R66  ; line 2198
14090 MOVE                 R87 <- R85  ; line 2198
14091 ARRAY_NEW            a=88 b=86 c=2 imm=4294967295  ; line 2198
14092 RETURN               R88  ; line 2198
14093 JUMP                 -> 14094  ; line 2198
14094 LOAD_CONST           R66 constant[2917]  ; line 2201
14095 MOVE                 R67 <- R0  ; line 2201
14096 MOVE                 R68 <- R66  ; line 2201
14097 HOST_CALL            a=69 b=11 c=67 imm=2  ; line 2201
14098 LOAD_CONST           R70 constant[2918]  ; line 2201
14099 COMPARE              a=69 b=70 c=71 imm=0  ; line 2201
14100 JUMP_IF_FALSE        R71 -> 14177  ; line 2201
14101 LOAD_CONST           R66 constant[2919]  ; line 2202
14102 MOVE                 R67 <- R0  ; line 2202
14103 MOVE                 R68 <- R66  ; line 2202
14104 HOST_CALL            a=69 b=11 c=67 imm=2  ; line 2202
14105 LOAD_CONST           R70 constant[2920]  ; line 2202
14106 MOVE                 R71 <- R69  ; line 2202
14107 MOVE                 R72 <- R70  ; line 2202
14108 HOST_CALL            a=73 b=11 c=71 imm=2  ; line 2202
14109 LOAD_CONST           R74 constant[2921]  ; line 2202
14110 MOVE                 R75 <- R0  ; line 2202
14111 MOVE                 R76 <- R74  ; line 2202
14112 HOST_CALL            a=77 b=11 c=75 imm=2  ; line 2202
14113 LOAD_CONST           R78 constant[2922]  ; line 2202
14114 MOVE                 R79 <- R77  ; line 2202
14115 MOVE                 R80 <- R78  ; line 2202
14116 HOST_CALL            a=81 b=11 c=79 imm=2  ; line 2202
14117 MOVE                 R82 <- R1  ; line 2202
14118 MOVE                 R83 <- R73  ; line 2202
14119 MOVE                 R84 <- R81  ; line 2202
14120 CALL                 a=85 b=112 c=82 imm=3  ; line 2202
14121 MOVE                 R86 <- R85  ; line 2202
14122 LOAD_CONST           R87 constant[2923]  ; line 2203
14123 MOVE                 R88 <- R87  ; line 2203
14124 HOST_CALL            a=89 b=22 c=88 imm=1  ; line 2203
14125 MOVE                 R90 <- R89  ; line 2203
14126 LOAD_CONST           R91 constant[2924]  ; line 2204
14127 MOVE                 R92 <- R91  ; line 2204
14128 HOST_CALL            a=93 b=22 c=92 imm=1  ; line 2204
14129 MOVE                 R94 <- R93  ; line 2204
14130 LOAD_CONST           R95 constant[2925]  ; line 2205
14131 MOVE                 R96 <- R95  ; line 2205
14132 LOAD_CONST           R97 constant[2926]  ; line 2206
14133 MOVE                 R98 <- R5  ; line 2206
14134 MOVE                 R99 <- R97  ; line 2206
14135 HOST_CALL            a=100 b=11 c=98 imm=2  ; line 2206
14136 COMPARE              a=96 b=100 c=101 imm=2  ; line 2206
14137 JUMP_IF_FALSE        R101 -> 14157  ; line 2206
14138 MOVE                 R97 <- R86  ; line 2207
14139 MOVE                 R98 <- R96  ; line 2207
14140 HOST_CALL            a=99 b=11 c=97 imm=2  ; line 2207
14141 MOVE                 R100 <- R99  ; line 2207
14142 CALL                 a=101 b=106 c=100 imm=1  ; line 2207
14143 MOVE                 R102 <- R101  ; line 2207
14144 MOVE                 R103 <- R90  ; line 2208
14145 MOVE                 R104 <- R102  ; line 2208
14146 HOST_CALL            a=105 b=23 c=103 imm=2  ; line 2208
14147 LOAD_CONST           R103 constant[2927]  ; line 2209
14148 BINARY               a=103 b=102 c=104 imm=1  ; line 2209
14149 BINARY               a=102 b=104 c=105 imm=2  ; line 2209
14150 MOVE                 R106 <- R94  ; line 2209
14151 MOVE                 R107 <- R105  ; line 2209
14152 HOST_CALL            a=108 b=23 c=106 imm=2  ; line 2209
14153 LOAD_CONST           R103 constant[2928]  ; line 2210
14154 BINARY               a=96 b=103 c=104 imm=0  ; line 2210
14155 MOVE                 R96 <- R104  ; line 2210
14156 JUMP                 -> 14132  ; line 2210
14157 LOAD_CONST           R103 constant[2929]  ; line 2212
14158 MOVE                 R104 <- R90  ; line 2212
14159 HOST_CALL            a=105 b=72 c=104 imm=1  ; line 2212
14160 MOVE                 R106 <- R94  ; line 2212
14161 HOST_CALL            a=107 b=72 c=106 imm=1  ; line 2212
14162 LOAD_CONST           R108 constant[2930]  ; line 2212
14163 LOAD_CONST           R109 constant[2931]  ; line 2212
14164 MOVE                 R110 <- R109  ; line 2212
14165 ARRAY_NEW            a=111 b=110 c=1 imm=4294967295  ; line 2212
14166 MOVE                 R112 <- R0  ; line 2212
14167 MOVE                 R113 <- R105  ; line 2212
14168 MOVE                 R114 <- R107  ; line 2212
14169 MOVE                 R115 <- R108  ; line 2212
14170 MOVE                 R116 <- R111  ; line 2212
14171 CALL                 a=117 b=114 c=112 imm=5  ; line 2212
14172 MOVE                 R118 <- R103  ; line 2212
14173 MOVE                 R119 <- R117  ; line 2212
14174 ARRAY_NEW            a=120 b=118 c=2 imm=4294967295  ; line 2212
14175 RETURN               R120  ; line 2212
14176 JUMP                 -> 14177  ; line 2212
14177 LOAD_CONST           R103 constant[2932]  ; line 2215
14178 MOVE                 R104 <- R0  ; line 2215
14179 MOVE                 R105 <- R103  ; line 2215
14180 HOST_CALL            a=106 b=11 c=104 imm=2  ; line 2215
14181 LOAD_CONST           R107 constant[2933]  ; line 2215
14182 COMPARE              a=106 b=107 c=108 imm=0  ; line 2215
14183 JUMP_IF_FALSE        R108 -> 14212  ; line 2215
14184 MOVE                 R103 <- R0  ; line 2216
14185 MOVE                 R104 <- R1  ; line 2216
14186 CALL                 a=105 b=121 c=103 imm=2  ; line 2216
14187 MOVE                 R106 <- R105  ; line 2216
14188 LOAD_CONST           R107 constant[2934]  ; line 2217
14189 LOAD_CONST           R108 constant[2935]  ; line 2217
14190 MOVE                 R109 <- R106  ; line 2217
14191 MOVE                 R110 <- R108  ; line 2217
14192 HOST_CALL            a=111 b=11 c=109 imm=2  ; line 2217
14193 LOAD_CONST           R112 constant[2936]  ; line 2217
14194 MOVE                 R113 <- R106  ; line 2217
14195 MOVE                 R114 <- R112  ; line 2217
14196 HOST_CALL            a=115 b=11 c=113 imm=2  ; line 2217
14197 LOAD_CONST           R116 constant[2937]  ; line 2217
14198 LOAD_CONST           R117 constant[2938]  ; line 2217
14199 MOVE                 R118 <- R117  ; line 2217
14200 ARRAY_NEW            a=119 b=118 c=1 imm=4294967295  ; line 2217
14201 MOVE                 R120 <- R0  ; line 2217
14202 MOVE                 R121 <- R111  ; line 2217
14203 MOVE                 R122 <- R115  ; line 2217
14204 MOVE                 R123 <- R116  ; line 2217
14205 MOVE                 R124 <- R119  ; line 2217
14206 CALL                 a=125 b=114 c=120 imm=5  ; line 2217
14207 MOVE                 R126 <- R107  ; line 2217
14208 MOVE                 R127 <- R125  ; line 2217
14209 ARRAY_NEW            a=128 b=126 c=2 imm=4294967295  ; line 2217
14210 RETURN               R128  ; line 2217
14211 JUMP                 -> 14212  ; line 2217
14212 LOAD_CONST           R107 constant[2939]  ; line 2220
14213 MOVE                 R108 <- R0  ; line 2220
14214 MOVE                 R109 <- R107  ; line 2220
14215 HOST_CALL            a=110 b=11 c=108 imm=2  ; line 2220
14216 LOAD_CONST           R111 constant[2940]  ; line 2220
14217 COMPARE              a=110 b=111 c=112 imm=0  ; line 2220
14218 JUMP_IF_FALSE        R112 -> 14296  ; line 2220
14219 MOVE                 R107 <- R0  ; line 2221
14220 MOVE                 R108 <- R1  ; line 2221
14221 CALL                 a=109 b=126 c=107 imm=2  ; line 2221
14222 MOVE                 R110 <- R109  ; line 2221
14223 LOAD_CONST           R111 constant[2941]  ; line 2222
14224 MOVE                 R112 <- R5  ; line 2222
14225 MOVE                 R113 <- R111  ; line 2222
14226 HOST_CALL            a=114 b=11 c=112 imm=2  ; line 2222
14227 LOAD_CONST           R115 constant[2942]  ; line 2222
14228 MOVE                 R116 <- R0  ; line 2222
14229 MOVE                 R117 <- R115  ; line 2222
14230 HOST_CALL            a=118 b=11 c=116 imm=2  ; line 2222
14231 LOAD_CONST           R119 constant[2943]  ; line 2222
14232 MOVE                 R120 <- R118  ; line 2222
14233 MOVE                 R121 <- R119  ; line 2222
14234 HOST_CALL            a=122 b=11 c=120 imm=2  ; line 2222
14235 MOVE                 R123 <- R114  ; line 2222
14236 MOVE                 R124 <- R122  ; line 2222
14237 CALL                 a=125 b=113 c=123 imm=2  ; line 2222
14238 MOVE                 R126 <- R125  ; line 2222
14239 LOAD_CONST           R127 constant[2944]  ; line 2223
14240 MOVE                 R128 <- R0  ; line 2223
14241 MOVE                 R129 <- R127  ; line 2223
14242 HOST_CALL            a=130 b=11 c=128 imm=2  ; line 2223
14243 LOAD_CONST           R131 constant[2945]  ; line 2223
14244 COMPARE              a=130 b=131 c=132 imm=0  ; line 2223
14245 JUMP_IF_FALSE        R132 -> 14278  ; line 2223
14246 LOAD_CONST           R127 constant[2946]  ; line 2224
14247 MOVE                 R128 <- R127  ; line 2224
14248 HOST_CALL            a=129 b=22 c=128 imm=1  ; line 2224
14249 MOVE                 R130 <- R129  ; line 2224
14250 LOAD_CONST           R131 constant[2947]  ; line 2225
14251 MOVE                 R132 <- R131  ; line 2225
14252 LOAD_CONST           R133 constant[2948]  ; line 2226
14253 MOVE                 R134 <- R5  ; line 2226
14254 MOVE                 R135 <- R133  ; line 2226
14255 HOST_CALL            a=136 b=11 c=134 imm=2  ; line 2226
14256 COMPARE              a=132 b=136 c=137 imm=2  ; line 2226
14257 JUMP_IF_FALSE        R137 -> 14274  ; line 2226
14258 MOVE                 R133 <- R110  ; line 2227
14259 MOVE                 R134 <- R132  ; line 2227
14260 HOST_CALL            a=135 b=11 c=133 imm=2  ; line 2227
14261 LOAD_CONST           R136 constant[2949]  ; line 2227
14262 MOVE                 R137 <- R110  ; line 2227
14263 MOVE                 R138 <- R132  ; line 2227
14264 HOST_CALL            a=139 b=11 c=137 imm=2  ; line 2227
14265 BINARY               a=136 b=139 c=140 imm=1  ; line 2227
14266 BINARY               a=135 b=140 c=141 imm=2  ; line 2227
14267 MOVE                 R142 <- R130  ; line 2227
14268 MOVE                 R143 <- R141  ; line 2227
14269 HOST_CALL            a=144 b=23 c=142 imm=2  ; line 2227
14270 LOAD_CONST           R133 constant[2950]  ; line 2228
14271 BINARY               a=132 b=133 c=134 imm=0  ; line 2228
14272 MOVE                 R132 <- R134  ; line 2228
14273 JUMP                 -> 14252  ; line 2228
14274 MOVE                 R133 <- R130  ; line 2230
14275 HOST_CALL            a=134 b=72 c=133 imm=1  ; line 2230
14276 MOVE                 R126 <- R134  ; line 2230
14277 JUMP                 -> 14278  ; line 2230
14278 LOAD_CONST           R133 constant[2951]  ; line 2232
14279 MOVE                 R134 <- R110  ; line 2232
14280 HOST_CALL            a=135 b=72 c=134 imm=1  ; line 2232
14281 LOAD_CONST           R136 constant[2952]  ; line 2232
14282 LOAD_CONST           R137 constant[2953]  ; line 2232
14283 MOVE                 R138 <- R137  ; line 2232
14284 ARRAY_NEW            a=139 b=138 c=1 imm=4294967295  ; line 2232
14285 MOVE                 R140 <- R0  ; line 2232
14286 MOVE                 R141 <- R135  ; line 2232
14287 MOVE                 R142 <- R126  ; line 2232
14288 MOVE                 R143 <- R136  ; line 2232
14289 MOVE                 R144 <- R139  ; line 2232
14290 CALL                 a=145 b=114 c=140 imm=5  ; line 2232
14291 MOVE                 R146 <- R133  ; line 2232
14292 MOVE                 R147 <- R145  ; line 2232
14293 ARRAY_NEW            a=148 b=146 c=2 imm=4294967295  ; line 2232
14294 RETURN               R148  ; line 2232
14295 JUMP                 -> 14296  ; line 2232
14296 LOAD_CONST           R133 constant[2954]  ; line 2235
14297 MOVE                 R134 <- R0  ; line 2235
14298 MOVE                 R135 <- R133  ; line 2235
14299 HOST_CALL            a=136 b=11 c=134 imm=2  ; line 2235
14300 LOAD_CONST           R137 constant[2955]  ; line 2235
14301 COMPARE              a=136 b=137 c=138 imm=0  ; line 2235
14302 JUMP_IF_FALSE        R138 -> 14340  ; line 2235
14303 MOVE                 R133 <- R0  ; line 2236
14304 MOVE                 R134 <- R1  ; line 2236
14305 CALL                 a=135 b=162 c=133 imm=2  ; line 2236
14306 MOVE                 R136 <- R135  ; line 2236
14307 LOAD_CONST           R137 constant[2956]  ; line 2237
14308 MOVE                 R138 <- R136  ; line 2237
14309 HOST_CALL            a=139 b=72 c=138 imm=1  ; line 2237
14310 LOAD_CONST           R140 constant[2957]  ; line 2237
14311 MOVE                 R141 <- R5  ; line 2237
14312 MOVE                 R142 <- R140  ; line 2237
14313 HOST_CALL            a=143 b=11 c=141 imm=2  ; line 2237
14314 LOAD_CONST           R144 constant[2958]  ; line 2237
14315 MOVE                 R145 <- R0  ; line 2237
14316 MOVE                 R146 <- R144  ; line 2237
14317 HOST_CALL            a=147 b=11 c=145 imm=2  ; line 2237
14318 LOAD_CONST           R148 constant[2959]  ; line 2237
14319 MOVE                 R149 <- R147  ; line 2237
14320 MOVE                 R150 <- R148  ; line 2237
14321 HOST_CALL            a=151 b=11 c=149 imm=2  ; line 2237
14322 MOVE                 R152 <- R143  ; line 2237
14323 MOVE                 R153 <- R151  ; line 2237
14324 CALL                 a=154 b=113 c=152 imm=2  ; line 2237
14325 LOAD_CONST           R155 constant[2960]  ; line 2237
14326 LOAD_CONST           R156 constant[2961]  ; line 2237
14327 MOVE                 R157 <- R156  ; line 2237
14328 ARRAY_NEW            a=158 b=157 c=1 imm=4294967295  ; line 2237
14329 MOVE                 R159 <- R0  ; line 2237
14330 MOVE                 R160 <- R139  ; line 2237
14331 MOVE                 R161 <- R154  ; line 2237
14332 MOVE                 R162 <- R155  ; line 2237
14333 MOVE                 R163 <- R158  ; line 2237
14334 CALL                 a=164 b=114 c=159 imm=5  ; line 2237
14335 MOVE                 R165 <- R137  ; line 2237
14336 MOVE                 R166 <- R164  ; line 2237
14337 ARRAY_NEW            a=167 b=165 c=2 imm=4294967295  ; line 2237
14338 RETURN               R167  ; line 2237
14339 JUMP                 -> 14340  ; line 2237
14340 LOAD_CONST           R137 constant[2962]  ; line 2241
14341 MOVE                 R138 <- R0  ; line 2241
14342 MOVE                 R139 <- R137  ; line 2241
14343 HOST_CALL            a=140 b=11 c=138 imm=2  ; line 2241
14344 LOAD_CONST           R141 constant[2963]  ; line 2241
14345 COMPARE              a=140 b=141 c=142 imm=0  ; line 2241
14346 JUMP_IF_FALSE        R142 -> 14399  ; line 2241
14347 MOVE                 R137 <- R0  ; line 2242
14348 MOVE                 R138 <- R1  ; line 2242
14349 CALL                 a=139 b=162 c=137 imm=2  ; line 2242
14350 MOVE                 R140 <- R139  ; line 2242
14351 LOAD_CONST           R141 constant[2964]  ; line 2243
14352 MOVE                 R142 <- R141  ; line 2243
14353 HOST_CALL            a=143 b=22 c=142 imm=1  ; line 2243
14354 MOVE                 R144 <- R143  ; line 2243
14355 LOAD_CONST           R145 constant[2965]  ; line 2244
14356 MOVE                 R146 <- R145  ; line 2244
14357 LOAD_CONST           R147 constant[2966]  ; line 2245
14358 MOVE                 R148 <- R5  ; line 2245
14359 MOVE                 R149 <- R147  ; line 2245
14360 HOST_CALL            a=150 b=11 c=148 imm=2  ; line 2245
14361 COMPARE              a=146 b=150 c=151 imm=2  ; line 2245
14362 JUMP_IF_FALSE        R151 -> 14379  ; line 2245
14363 MOVE                 R147 <- R140  ; line 2246
14364 MOVE                 R148 <- R146  ; line 2246
14365 HOST_CALL            a=149 b=11 c=147 imm=2  ; line 2246
14366 LOAD_CONST           R150 constant[2967]  ; line 2246
14367 MOVE                 R151 <- R140  ; line 2246
14368 MOVE                 R152 <- R146  ; line 2246
14369 HOST_CALL            a=153 b=11 c=151 imm=2  ; line 2246
14370 BINARY               a=150 b=153 c=154 imm=1  ; line 2246
14371 BINARY               a=149 b=154 c=155 imm=2  ; line 2246
14372 MOVE                 R156 <- R144  ; line 2246
14373 MOVE                 R157 <- R155  ; line 2246
14374 HOST_CALL            a=158 b=23 c=156 imm=2  ; line 2246
14375 LOAD_CONST           R147 constant[2968]  ; line 2247
14376 BINARY               a=146 b=147 c=148 imm=0  ; line 2247
14377 MOVE                 R146 <- R148  ; line 2247
14378 JUMP                 -> 14357  ; line 2247
14379 LOAD_CONST           R147 constant[2969]  ; line 2249
14380 MOVE                 R148 <- R140  ; line 2249
14381 HOST_CALL            a=149 b=72 c=148 imm=1  ; line 2249
14382 MOVE                 R150 <- R144  ; line 2249
14383 HOST_CALL            a=151 b=72 c=150 imm=1  ; line 2249
14384 LOAD_CONST           R152 constant[2970]  ; line 2249
14385 LOAD_CONST           R153 constant[2971]  ; line 2249
14386 MOVE                 R154 <- R153  ; line 2249
14387 ARRAY_NEW            a=155 b=154 c=1 imm=4294967295  ; line 2249
14388 MOVE                 R156 <- R0  ; line 2249
14389 MOVE                 R157 <- R149  ; line 2249
14390 MOVE                 R158 <- R151  ; line 2249
14391 MOVE                 R159 <- R152  ; line 2249
14392 MOVE                 R160 <- R155  ; line 2249
14393 CALL                 a=161 b=114 c=156 imm=5  ; line 2249
14394 MOVE                 R162 <- R147  ; line 2249
14395 MOVE                 R163 <- R161  ; line 2249
14396 ARRAY_NEW            a=164 b=162 c=2 imm=4294967295  ; line 2249
14397 RETURN               R164  ; line 2249
14398 JUMP                 -> 14399  ; line 2249
14399 LOAD_CONST           R147 constant[2972]  ; line 2252
14400 LOAD_CONST           R148 constant[2973]  ; line 2252
14401 LOAD_CONST           R149 constant[2974]  ; line 2252
14402 MOVE                 R150 <- R147  ; line 2252
14403 MOVE                 R151 <- R148  ; line 2252
14404 MOVE                 R152 <- R149  ; line 2252
14405 CALL                 a=153 b=100 c=150 imm=3  ; line 2252
14406 RETURN               R153  ; line 2252
14407 LOAD_CONST           R154 constant[2975]  ; line 2252
14408 RETURN               R154  ; line 2252
14409 MOVE                 R3 <- R0  ; line 2256
14410 MOVE                 R4 <- R1  ; line 2256
14411 MOVE                 R5 <- R2  ; line 2256
14412 CALL                 a=6 b=171 c=3 imm=3  ; line 2256
14413 MOVE                 R7 <- R6  ; line 2256
14414 LOAD_CONST           R8 constant[2976]  ; line 2257
14415 MOVE                 R9 <- R7  ; line 2257
14416 MOVE                 R10 <- R8  ; line 2257
14417 HOST_CALL            a=11 b=11 c=9 imm=2  ; line 2257
14418 UNARY                a=11 b=12 c=4294967295 imm=1  ; line 2257
14419 JUMP_IF_FALSE        R12 -> 14422  ; line 2257
14420 RETURN               R7  ; line 2257
14421 JUMP                 -> 14422  ; line 2257
14422 LOAD_CONST           R8 constant[2977]  ; line 2258
14423 MOVE                 R9 <- R7  ; line 2258
14424 MOVE                 R10 <- R8  ; line 2258
14425 HOST_CALL            a=11 b=11 c=9 imm=2  ; line 2258
14426 MOVE                 R12 <- R11  ; line 2258
14427 LOAD_CONST           R13 constant[2978]  ; line 2259
14428 MOVE                 R14 <- R0  ; line 2259
14429 MOVE                 R15 <- R13  ; line 2259
14430 HOST_CALL            a=16 b=11 c=14 imm=2  ; line 2259
14431 LOAD_CONST           R17 constant[2979]  ; line 2259
14432 COMPARE              a=16 b=17 c=18 imm=0  ; line 2259
14433 JUMP_IF_FALSE        R18 -> 14540  ; line 2259
14434 LOAD_CONST           R13 constant[2980]  ; line 2260
14435 MOVE                 R14 <- R2  ; line 2260
14436 MOVE                 R15 <- R13  ; line 2260
14437 HOST_CALL            a=16 b=7 c=14 imm=2  ; line 2260
14438 UNARY                a=16 b=17 c=4294967295 imm=1  ; line 2260
14439 JUMP_IF_FALSE        R17 -> 14449  ; line 2260
14440 LOAD_CONST           R13 constant[2981]  ; line 2261
14441 LOAD_CONST           R14 constant[2982]  ; line 2261
14442 LOAD_CONST           R15 constant[2983]  ; line 2261
14443 MOVE                 R16 <- R13  ; line 2261
14444 MOVE                 R17 <- R14  ; line 2261
14445 MOVE                 R18 <- R15  ; line 2261
14446 CALL                 a=19 b=100 c=16 imm=3  ; line 2261
14447 RETURN               R19  ; line 2261
14448 JUMP                 -> 14449  ; line 2261
14449 LOAD_CONST           R13 constant[2984]  ; line 2263
14450 MOVE                 R14 <- R12  ; line 2263
14451 MOVE                 R15 <- R13  ; line 2263
14452 HOST_CALL            a=16 b=11 c=14 imm=2  ; line 2263
14453 MOVE                 R17 <- R16  ; line 2263
14454 LOAD_CONST           R18 constant[2985]  ; line 2264
14455 MOVE                 R19 <- R12  ; line 2264
14456 MOVE                 R20 <- R18  ; line 2264
14457 HOST_CALL            a=21 b=11 c=19 imm=2  ; line 2264
14458 MOVE                 R22 <- R21  ; line 2264
14459 LOAD_CONST           R23 constant[2986]  ; line 2265
14460 MOVE                 R24 <- R0  ; line 2265
14461 MOVE                 R25 <- R23  ; line 2265
14462 HOST_CALL            a=26 b=11 c=24 imm=2  ; line 2265
14463 LOAD_CONST           R27 constant[2987]  ; line 2265
14464 COMPARE              a=26 b=27 c=28 imm=0  ; line 2265
14465 JUMP_IF_FALSE        R28 -> 14477  ; line 2265
14466 LOAD_CONST           R23 constant[2988]  ; line 2266
14467 MOVE                 R24 <- R17  ; line 2266
14468 MOVE                 R25 <- R23  ; line 2266
14469 HOST_CALL            a=26 b=166 c=24 imm=2  ; line 2266
14470 MOVE                 R17 <- R26  ; line 2266
14471 LOAD_CONST           R23 constant[2989]  ; line 2267
14472 MOVE                 R24 <- R22  ; line 2267
14473 MOVE                 R25 <- R23  ; line 2267
14474 HOST_CALL            a=26 b=166 c=24 imm=2  ; line 2267
14475 MOVE                 R22 <- R26  ; line 2267
14476 JUMP                 -> 14477  ; line 2267
14477 LOAD_CONST           R23 constant[2990]  ; line 2269
14478 MOVE                 R24 <- R0  ; line 2269
14479 MOVE                 R25 <- R23  ; line 2269
14480 HOST_CALL            a=26 b=11 c=24 imm=2  ; line 2269
14481 LOAD_CONST           R27 constant[2991]  ; line 2269
14482 COMPARE              a=26 b=27 c=28 imm=0  ; line 2269
14483 JUMP_IF_FALSE        R28 -> 14495  ; line 2269
14484 LOAD_CONST           R23 constant[2992]  ; line 2270
14485 MOVE                 R24 <- R17  ; line 2270
14486 MOVE                 R25 <- R23  ; line 2270
14487 HOST_CALL            a=26 b=166 c=24 imm=2  ; line 2270
14488 MOVE                 R17 <- R26  ; line 2270
14489 LOAD_CONST           R23 constant[2993]  ; line 2271
14490 MOVE                 R24 <- R22  ; line 2271
14491 MOVE                 R25 <- R23  ; line 2271
14492 HOST_CALL            a=26 b=166 c=24 imm=2  ; line 2271
14493 MOVE                 R22 <- R26  ; line 2271
14494 JUMP                 -> 14495  ; line 2271
14495 LOAD_CONST           R23 constant[2994]  ; line 2273
14496 MOVE                 R24 <- R0  ; line 2273
14497 MOVE                 R25 <- R23  ; line 2273
14498 HOST_CALL            a=26 b=11 c=24 imm=2  ; line 2273
14499 LOAD_CONST           R27 constant[2995]  ; line 2273
14500 COMPARE              a=26 b=27 c=28 imm=0  ; line 2273
14501 JUMP_IF_FALSE        R28 -> 14513  ; line 2273
14502 LOAD_CONST           R23 constant[2996]  ; line 2274
14503 MOVE                 R24 <- R17  ; line 2274
14504 MOVE                 R25 <- R23  ; line 2274
14505 HOST_CALL            a=26 b=166 c=24 imm=2  ; line 2274
14506 MOVE                 R17 <- R26  ; line 2274
14507 LOAD_CONST           R23 constant[2997]  ; line 2275
14508 MOVE                 R24 <- R22  ; line 2275
14509 MOVE                 R25 <- R23  ; line 2275
14510 HOST_CALL            a=26 b=166 c=24 imm=2  ; line 2275
14511 MOVE                 R22 <- R26  ; line 2275
14512 JUMP                 -> 14513  ; line 2275
14513 LOAD_CONST           R23 constant[2998]  ; line 2277
14514 LOAD_CONST           R24 constant[2999]  ; line 2277
14515 LOAD_CONST           R25 constant[3000]  ; line 2277
14516 MOVE                 R26 <- R2  ; line 2277
14517 MOVE                 R27 <- R25  ; line 2277
14518 HOST_CALL            a=28 b=11 c=26 imm=2  ; line 2277
14519 MOVE                 R29 <- R17  ; line 2277
14520 MOVE                 R30 <- R24  ; line 2277
14521 MOVE                 R31 <- R28  ; line 2277
14522 HOST_CALL            a=32 b=183 c=29 imm=3  ; line 2277
14523 LOAD_CONST           R33 constant[3001]  ; line 2277
14524 LOAD_CONST           R34 constant[3002]  ; line 2277
14525 MOVE                 R35 <- R2  ; line 2277
14526 MOVE                 R36 <- R34  ; line 2277
14527 HOST_CALL            a=37 b=11 c=35 imm=2  ; line 2277
14528 MOVE                 R38 <- R22  ; line 2277
14529 MOVE                 R39 <- R33  ; line 2277
14530 MOVE                 R40 <- R37  ; line 2277
14531 HOST_CALL            a=41 b=183 c=38 imm=3  ; line 2277
14532 MOVE                 R42 <- R32  ; line 2277
14533 MOVE                 R43 <- R41  ; line 2277
14534 ARRAY_NEW            a=44 b=42 c=2 imm=4294967295  ; line 2277
14535 MOVE                 R45 <- R23  ; line 2277
14536 MOVE                 R46 <- R44  ; line 2277
14537 ARRAY_NEW            a=47 b=45 c=2 imm=4294967295  ; line 2277
14538 RETURN               R47  ; line 2277
14539 JUMP                 -> 14540  ; line 2277
14540 LOAD_CONST           R23 constant[3003]  ; line 2280
14541 LOAD_CONST           R24 constant[3004]  ; line 2280
14542 MOVE                 R25 <- R12  ; line 2280
14543 MOVE                 R26 <- R24  ; line 2280
14544 HOST_CALL            a=27 b=11 c=25 imm=2  ; line 2280
14545 LOAD_CONST           R28 constant[3005]  ; line 2280
14546 MOVE                 R29 <- R12  ; line 2280
14547 MOVE                 R30 <- R28  ; line 2280
14548 HOST_CALL            a=31 b=11 c=29 imm=2  ; line 2280
14549 MOVE                 R32 <- R27  ; line 2280
14550 MOVE                 R33 <- R31  ; line 2280
14551 ARRAY_NEW            a=34 b=32 c=2 imm=4294967295  ; line 2280
14552 MOVE                 R35 <- R23  ; line 2280
14553 MOVE                 R36 <- R34  ; line 2280
14554 ARRAY_NEW            a=37 b=35 c=2 imm=4294967295  ; line 2280
14555 RETURN               R37  ; line 2280
14556 LOAD_CONST           R38 constant[3006]  ; line 2280
14557 RETURN               R38  ; line 2280
14558 LOAD_CONST           R3 constant[3007]  ; line 2284
14559 MOVE                 R4 <- R0  ; line 2284
14560 MOVE                 R5 <- R3  ; line 2284
14561 HOST_CALL            a=6 b=11 c=4 imm=2  ; line 2284
14562 LOAD_CONST           R7 constant[3008]  ; line 2284
14563 COMPARE              a=6 b=7 c=8 imm=1  ; line 2284
14564 JUMP_IF_FALSE        R8 -> 14574  ; line 2284
14565 LOAD_CONST           R3 constant[3009]  ; line 2284
14566 LOAD_CONST           R4 constant[3010]  ; line 2284
14567 LOAD_CONST           R5 constant[3011]  ; line 2284
14568 MOVE                 R6 <- R3  ; line 2284
14569 MOVE                 R7 <- R4  ; line 2284
14570 MOVE                 R8 <- R5  ; line 2284
14571 CALL                 a=9 b=100 c=6 imm=3  ; line 2284
14572 RETURN               R9  ; line 2284
14573 JUMP                 -> 14574  ; line 2284
14574 LOAD_CONST           R3 constant[3012]  ; line 2285
14575 MOVE                 R4 <- R0  ; line 2285
14576 MOVE                 R5 <- R3  ; line 2285
14577 HOST_CALL            a=6 b=11 c=4 imm=2  ; line 2285
14578 LOAD_CONST           R7 constant[3013]  ; line 2285
14579 MOVE                 R8 <- R6  ; line 2285
14580 MOVE                 R9 <- R7  ; line 2285
14581 HOST_CALL            a=10 b=11 c=8 imm=2  ; line 2285
14582 JUMP_IF_FALSE        R10 -> 14632  ; line 2285
14583 LOAD_CONST           R3 constant[3014]  ; line 2286
14584 MOVE                 R4 <- R0  ; line 2286
14585 MOVE                 R5 <- R3  ; line 2286
14586 HOST_CALL            a=6 b=11 c=4 imm=2  ; line 2286
14587 MOVE                 R7 <- R1  ; line 2286
14588 MOVE                 R8 <- R6  ; line 2286
14589 CALL                 a=9 b=140 c=7 imm=2  ; line 2286
14590 MOVE                 R10 <- R9  ; line 2286
14591 LOAD_CONST           R11 constant[3015]  ; line 2287
14592 MOVE                 R12 <- R10  ; line 2287
14593 MOVE                 R13 <- R11  ; line 2287
14594 HOST_CALL            a=14 b=11 c=12 imm=2  ; line 2287
14595 UNARY                a=14 b=15 c=4294967295 imm=1  ; line 2287
14596 JUMP_IF_FALSE        R15 -> 14599  ; line 2287
14597 RETURN               R10  ; line 2287
14598 JUMP                 -> 14599  ; line 2287
14599 LOAD_CONST           R11 constant[3016]  ; line 2288
14600 MOVE                 R12 <- R10  ; line 2288
14601 MOVE                 R13 <- R11  ; line 2288
14602 HOST_CALL            a=14 b=11 c=12 imm=2  ; line 2288
14603 MOVE                 R15 <- R14  ; line 2288
14604 LOAD_CONST           R16 constant[3017]  ; line 2289
14605 LOAD_CONST           R17 constant[3018]  ; line 2289
14606 MOVE                 R18 <- R15  ; line 2289
14607 MOVE                 R19 <- R17  ; line 2289
14608 HOST_CALL            a=20 b=11 c=18 imm=2  ; line 2289
14609 MOVE                 R21 <- R20  ; line 2289
14610 HOST_CALL            a=22 b=72 c=21 imm=1  ; line 2289
14611 LOAD_CONST           R23 constant[3019]  ; line 2289
14612 MOVE                 R24 <- R15  ; line 2289
14613 MOVE                 R25 <- R23  ; line 2289
14614 HOST_CALL            a=26 b=11 c=24 imm=2  ; line 2289
14615 MOVE                 R27 <- R26  ; line 2289
14616 HOST_CALL            a=28 b=72 c=27 imm=1  ; line 2289
14617 LOAD_CONST           R29 constant[3020]  ; line 2289
14618 LOAD_CONST           R30 constant[3021]  ; line 2289
14619 MOVE                 R31 <- R30  ; line 2289
14620 ARRAY_NEW            a=32 b=31 c=1 imm=4294967295  ; line 2289
14621 MOVE                 R33 <- R0  ; line 2289
14622 MOVE                 R34 <- R22  ; line 2289
14623 MOVE                 R35 <- R28  ; line 2289
14624 MOVE                 R36 <- R29  ; line 2289
14625 MOVE                 R37 <- R32  ; line 2289
14626 CALL                 a=38 b=114 c=33 imm=5  ; line 2289
14627 MOVE                 R39 <- R16  ; line 2289
14628 MOVE                 R40 <- R38  ; line 2289
14629 ARRAY_NEW            a=41 b=39 c=2 imm=4294967295  ; line 2289
14630 RETURN               R41  ; line 2289
14631 JUMP                 -> 14632  ; line 2289
14632 LOAD_CONST           R16 constant[3022]  ; line 2292
14633 MOVE                 R17 <- R0  ; line 2292
14634 MOVE                 R18 <- R16  ; line 2292
14635 HOST_CALL            a=19 b=11 c=17 imm=2  ; line 2292
14636 MOVE                 R20 <- R1  ; line 2292
14637 MOVE                 R21 <- R19  ; line 2292
14638 CALL                 a=22 b=141 c=20 imm=2  ; line 2292
14639 MOVE                 R23 <- R22  ; line 2292
14640 LOAD_CONST           R24 constant[3023]  ; line 2293
14641 LOAD_CONST           R25 constant[3024]  ; line 2293
14642 MOVE                 R26 <- R23  ; line 2293
14643 MOVE                 R27 <- R25  ; line 2293
14644 HOST_CALL            a=28 b=11 c=26 imm=2  ; line 2293
14645 MOVE                 R29 <- R28  ; line 2293
14646 HOST_CALL            a=30 b=72 c=29 imm=1  ; line 2293
14647 LOAD_CONST           R31 constant[3025]  ; line 2293
14648 MOVE                 R32 <- R23  ; line 2293
14649 MOVE                 R33 <- R31  ; line 2293
14650 HOST_CALL            a=34 b=11 c=32 imm=2  ; line 2293
14651 MOVE                 R35 <- R34  ; line 2293
14652 HOST_CALL            a=36 b=72 c=35 imm=1  ; line 2293
14653 LOAD_CONST           R37 constant[3026]  ; line 2293
14654 LOAD_CONST           R38 constant[3027]  ; line 2293
14655 MOVE                 R39 <- R38  ; line 2293
14656 ARRAY_NEW            a=40 b=39 c=1 imm=4294967295  ; line 2293
14657 MOVE                 R41 <- R0  ; line 2293
14658 MOVE                 R42 <- R30  ; line 2293
14659 MOVE                 R43 <- R36  ; line 2293
14660 MOVE                 R44 <- R37  ; line 2293
14661 MOVE                 R45 <- R40  ; line 2293
14662 CALL                 a=46 b=114 c=41 imm=5  ; line 2293
14663 MOVE                 R47 <- R24  ; line 2293
14664 MOVE                 R48 <- R46  ; line 2293
14665 ARRAY_NEW            a=49 b=47 c=2 imm=4294967295  ; line 2293
14666 RETURN               R49  ; line 2293
14667 LOAD_CONST           R50 constant[3028]  ; line 2293
14668 RETURN               R50  ; line 2293
14669 LOAD_CONST           R3 constant[3029]  ; line 2298
14670 MOVE                 R4 <- R0  ; line 2298
14671 MOVE                 R5 <- R3  ; line 2298
14672 HOST_CALL            a=6 b=11 c=4 imm=2  ; line 2298
14673 LOAD_CONST           R7 constant[3030]  ; line 2298
14674 COMPARE              a=6 b=7 c=8 imm=1  ; line 2298
14675 JUMP_IF_FALSE        R8 -> 14685  ; line 2298
14676 LOAD_CONST           R3 constant[3031]  ; line 2298
14677 LOAD_CONST           R4 constant[3032]  ; line 2298
14678 LOAD_CONST           R5 constant[3033]  ; line 2298
14679 MOVE                 R6 <- R3  ; line 2298
14680 MOVE                 R7 <- R4  ; line 2298
14681 MOVE                 R8 <- R5  ; line 2298
14682 CALL                 a=9 b=100 c=6 imm=3  ; line 2298
14683 RETURN               R9  ; line 2298
14684 JUMP                 -> 14685  ; line 2298
14685 LOAD_CONST           R3 constant[3034]  ; line 2299
14686 MOVE                 R4 <- R0  ; line 2299
14687 MOVE                 R5 <- R3  ; line 2299
14688 HOST_CALL            a=6 b=11 c=4 imm=2  ; line 2299
14689 LOAD_CONST           R7 constant[3035]  ; line 2299
14690 MOVE                 R8 <- R6  ; line 2299
14691 MOVE                 R9 <- R7  ; line 2299
14692 HOST_CALL            a=10 b=11 c=8 imm=2  ; line 2299
14693 JUMP_IF_FALSE        R10 -> 14735  ; line 2299
14694 MOVE                 R3 <- R0  ; line 2300
14695 MOVE                 R4 <- R1  ; line 2300
14696 CALL                 a=5 b=146 c=3 imm=2  ; line 2300
14697 MOVE                 R6 <- R5  ; line 2300
14698 LOAD_CONST           R7 constant[3036]  ; line 2301
14699 MOVE                 R8 <- R6  ; line 2301
14700 MOVE                 R9 <- R7  ; line 2301
14701 HOST_CALL            a=10 b=11 c=8 imm=2  ; line 2301
14702 UNARY                a=10 b=11 c=4294967295 imm=1  ; line 2301
14703 JUMP_IF_FALSE        R11 -> 14706  ; line 2301
14704 RETURN               R6  ; line 2301
14705 JUMP                 -> 14706  ; line 2301
14706 LOAD_CONST           R7 constant[3037]  ; line 2302
14707 MOVE                 R8 <- R6  ; line 2302
14708 MOVE                 R9 <- R7  ; line 2302
14709 HOST_CALL            a=10 b=11 c=8 imm=2  ; line 2302
14710 MOVE                 R11 <- R10  ; line 2302
14711 LOAD_CONST           R12 constant[3038]  ; line 2303
14712 LOAD_CONST           R13 constant[3039]  ; line 2303
14713 MOVE                 R14 <- R11  ; line 2303
14714 MOVE                 R15 <- R13  ; line 2303
14715 HOST_CALL            a=16 b=11 c=14 imm=2  ; line 2303
14716 LOAD_CONST           R17 constant[3040]  ; line 2303
14717 MOVE                 R18 <- R11  ; line 2303
14718 MOVE                 R19 <- R17  ; line 2303
14719 HOST_CALL            a=20 b=11 c=18 imm=2  ; line 2303
14720 LOAD_CONST           R21 constant[3041]  ; line 2303
14721 LOAD_CONST           R22 constant[3042]  ; line 2303
14722 MOVE                 R23 <- R22  ; line 2303
14723 ARRAY_NEW            a=24 b=23 c=1 imm=4294967295  ; line 2303
14724 MOVE                 R25 <- R0  ; line 2303
14725 MOVE                 R26 <- R16  ; line 2303
14726 MOVE                 R27 <- R20  ; line 2303
14727 MOVE                 R28 <- R21  ; line 2303
14728 MOVE                 R29 <- R24  ; line 2303
14729 CALL                 a=30 b=114 c=25 imm=5  ; line 2303
14730 MOVE                 R31 <- R12  ; line 2303
14731 MOVE                 R32 <- R30  ; line 2303
14732 ARRAY_NEW            a=33 b=31 c=2 imm=4294967295  ; line 2303
14733 RETURN               R33  ; line 2303
14734 JUMP                 -> 14735  ; line 2303
14735 MOVE                 R12 <- R0  ; line 2306
14736 MOVE                 R13 <- R1  ; line 2306
14737 CALL                 a=14 b=145 c=12 imm=2  ; line 2306
14738 MOVE                 R15 <- R14  ; line 2306
14739 LOAD_CONST           R16 constant[3043]  ; line 2307
14740 LOAD_CONST           R17 constant[3044]  ; line 2307
14741 MOVE                 R18 <- R15  ; line 2307
14742 MOVE                 R19 <- R17  ; line 2307
14743 HOST_CALL            a=20 b=11 c=18 imm=2  ; line 2307
14744 LOAD_CONST           R21 constant[3045]  ; line 2307
14745 MOVE                 R22 <- R15  ; line 2307
14746 MOVE                 R23 <- R21  ; line 2307
14747 HOST_CALL            a=24 b=11 c=22 imm=2  ; line 2307
14748 LOAD_CONST           R25 constant[3046]  ; line 2307
14749 LOAD_CONST           R26 constant[3047]  ; line 2307
14750 MOVE                 R27 <- R26  ; line 2307
14751 ARRAY_NEW            a=28 b=27 c=1 imm=4294967295  ; line 2307
14752 MOVE                 R29 <- R0  ; line 2307
14753 MOVE                 R30 <- R20  ; line 2307
14754 MOVE                 R31 <- R24  ; line 2307
14755 MOVE                 R32 <- R25  ; line 2307
14756 MOVE                 R33 <- R28  ; line 2307
14757 CALL                 a=34 b=114 c=29 imm=5  ; line 2307
14758 MOVE                 R35 <- R16  ; line 2307
14759 MOVE                 R36 <- R34  ; line 2307
14760 ARRAY_NEW            a=37 b=35 c=2 imm=4294967295  ; line 2307
14761 RETURN               R37  ; line 2307
14762 LOAD_CONST           R38 constant[3048]  ; line 2307
14763 RETURN               R38  ; line 2307
14764 LOAD_CONST           R3 constant[3049]  ; line 2312
14765 MOVE                 R4 <- R0  ; line 2312
14766 MOVE                 R5 <- R3  ; line 2312
14767 HOST_CALL            a=6 b=11 c=4 imm=2  ; line 2312
14768 LOAD_CONST           R7 constant[3050]  ; line 2312
14769 COMPARE              a=6 b=7 c=8 imm=1  ; line 2312
14770 JUMP_IF_FALSE        R8 -> 14788  ; line 2312
14771 LOAD_CONST           R3 constant[3051]  ; line 2313
14772 MOVE                 R4 <- R0  ; line 2313
14773 MOVE                 R5 <- R3  ; line 2313
14774 HOST_CALL            a=6 b=11 c=4 imm=2  ; line 2313
14775 LOAD_CONST           R7 constant[3052]  ; line 2313
14776 COMPARE              a=6 b=7 c=8 imm=1  ; line 2313
14777 JUMP_IF_FALSE        R8 -> 14787  ; line 2313
14778 LOAD_CONST           R3 constant[3053]  ; line 2313
14779 LOAD_CONST           R4 constant[3054]  ; line 2313
14780 LOAD_CONST           R5 constant[3055]  ; line 2313
14781 MOVE                 R6 <- R3  ; line 2313
14782 MOVE                 R7 <- R4  ; line 2313
14783 MOVE                 R8 <- R5  ; line 2313
14784 CALL                 a=9 b=100 c=6 imm=3  ; line 2313
14785 RETURN               R9  ; line 2313
14786 JUMP                 -> 14787  ; line 2313
14787 JUMP                 -> 14788  ; line 2313
14788 MOVE                 R3 <- R0  ; line 2315
14789 MOVE                 R4 <- R1  ; line 2315
14790 CALL                 a=5 b=157 c=3 imm=2  ; line 2315
14791 MOVE                 R6 <- R5  ; line 2315
14792 LOAD_CONST           R7 constant[3056]  ; line 2316
14793 LOAD_CONST           R8 constant[3057]  ; line 2316
14794 MOVE                 R9 <- R6  ; line 2316
14795 MOVE                 R10 <- R8  ; line 2316
14796 HOST_CALL            a=11 b=11 c=9 imm=2  ; line 2316
14797 LOAD_CONST           R12 constant[3058]  ; line 2316
14798 MOVE                 R13 <- R6  ; line 2316
14799 MOVE                 R14 <- R12  ; line 2316
14800 HOST_CALL            a=15 b=11 c=13 imm=2  ; line 2316
14801 LOAD_CONST           R16 constant[3059]  ; line 2316
14802 LOAD_CONST           R17 constant[3060]  ; line 2316
14803 MOVE                 R18 <- R17  ; line 2316
14804 ARRAY_NEW            a=19 b=18 c=1 imm=4294967295  ; line 2316
14805 MOVE                 R20 <- R0  ; line 2316
14806 MOVE                 R21 <- R11  ; line 2316
14807 MOVE                 R22 <- R15  ; line 2316
14808 MOVE                 R23 <- R16  ; line 2316
14809 MOVE                 R24 <- R19  ; line 2316
14810 CALL                 a=25 b=114 c=20 imm=5  ; line 2316
14811 MOVE                 R26 <- R7  ; line 2316
14812 MOVE                 R27 <- R25  ; line 2316
14813 ARRAY_NEW            a=28 b=26 c=2 imm=4294967295  ; line 2316
14814 RETURN               R28  ; line 2316
14815 LOAD_CONST           R29 constant[3061]  ; line 2316
14816 RETURN               R29  ; line 2316
14817 LOAD_CONST           R3 constant[3062]  ; line 2321
14818 MOVE                 R4 <- R0  ; line 2321
14819 MOVE                 R5 <- R3  ; line 2321
14820 HOST_CALL            a=6 b=11 c=4 imm=2  ; line 2321
14821 LOAD_CONST           R7 constant[3063]  ; line 2321
14822 COMPARE              a=6 b=7 c=8 imm=1  ; line 2321
14823 JUMP_IF_FALSE        R8 -> 14833  ; line 2321
14824 LOAD_CONST           R3 constant[3064]  ; line 2321
14825 LOAD_CONST           R4 constant[3065]  ; line 2321
14826 LOAD_CONST           R5 constant[3066]  ; line 2321
14827 MOVE                 R6 <- R3  ; line 2321
14828 MOVE                 R7 <- R4  ; line 2321
14829 MOVE                 R8 <- R5  ; line 2321
14830 CALL                 a=9 b=100 c=6 imm=3  ; line 2321
14831 RETURN               R9  ; line 2321
14832 JUMP                 -> 14833  ; line 2321
14833 LOAD_CONST           R3 constant[3067]  ; line 2322
14834 LOAD_CONST           R4 constant[3068]  ; line 2322
14835 MOVE                 R5 <- R2  ; line 2322
14836 MOVE                 R6 <- R3  ; line 2322
14837 MOVE                 R7 <- R4  ; line 2322
14838 CALL                 a=8 b=101 c=5 imm=3  ; line 2322
14839 MOVE                 R9 <- R8  ; line 2322
14840 LOAD_CONST           R10 constant[3069]  ; line 2323
14841 COMPARE              a=9 b=10 c=11 imm=2  ; line 2323
14842 JUMP_IF_FALSE        R11 -> 14852  ; line 2323
14843 LOAD_CONST           R10 constant[3070]  ; line 2323
14844 LOAD_CONST           R11 constant[3071]  ; line 2323
14845 LOAD_CONST           R12 constant[3072]  ; line 2323
14846 MOVE                 R13 <- R10  ; line 2323
14847 MOVE                 R14 <- R11  ; line 2323
14848 MOVE                 R15 <- R12  ; line 2323
14849 CALL                 a=16 b=100 c=13 imm=3  ; line 2323
14850 RETURN               R16  ; line 2323
14851 JUMP                 -> 14852  ; line 2323
14852 LOAD_CONST           R10 constant[3073]  ; line 2324
14853 MOVE                 R11 <- R10  ; line 2324
14854 HOST_CALL            a=12 b=22 c=11 imm=1  ; line 2324
14855 MOVE                 R13 <- R12  ; line 2324
14856 LOAD_CONST           R14 constant[3074]  ; line 2325
14857 MOVE                 R15 <- R14  ; line 2325
14858 HOST_CALL            a=16 b=22 c=15 imm=1  ; line 2325
14859 MOVE                 R17 <- R16  ; line 2325
14860 LOAD_CONST           R18 constant[3075]  ; line 2326
14861 MOVE                 R19 <- R18  ; line 2326
14862 COMPARE              a=19 b=9 c=20 imm=2  ; line 2327
14863 JUMP_IF_FALSE        R20 -> 15004  ; line 2327
14864 LOAD_CONST           R20 constant[3076]  ; line 2328
14865 MOVE                 R21 <- R0  ; line 2328
14866 MOVE                 R22 <- R20  ; line 2328
14867 HOST_CALL            a=23 b=11 c=21 imm=2  ; line 2328
14868 LOAD_CONST           R24 constant[3077]  ; line 2328
14869 MOVE                 R25 <- R23  ; line 2328
14870 MOVE                 R26 <- R24  ; line 2328
14871 HOST_CALL            a=27 b=11 c=25 imm=2  ; line 2328
14872 LOAD_CONST           R28 constant[3078]  ; line 2328
14873 MOVE                 R29 <- R0  ; line 2328
14874 MOVE                 R30 <- R28  ; line 2328
14875 HOST_CALL            a=31 b=11 c=29 imm=2  ; line 2328
14876 LOAD_CONST           R32 constant[3079]  ; line 2328
14877 MOVE                 R33 <- R31  ; line 2328
14878 MOVE                 R34 <- R32  ; line 2328
14879 HOST_CALL            a=35 b=11 c=33 imm=2  ; line 2328
14880 BINARY               a=27 b=35 c=36 imm=2  ; line 2328
14881 LOAD_CONST           R37 constant[3080]  ; line 2328
14882 LOAD_CONST           R38 constant[3081]  ; line 2328
14883 MOVE                 R39 <- R0  ; line 2328
14884 MOVE                 R40 <- R38  ; line 2328
14885 HOST_CALL            a=41 b=11 c=39 imm=2  ; line 2328
14886 LOAD_CONST           R42 constant[3082]  ; line 2328
14887 MOVE                 R43 <- R41  ; line 2328
14888 MOVE                 R44 <- R42  ; line 2328
14889 HOST_CALL            a=45 b=11 c=43 imm=2  ; line 2328
14890 BINARY               a=37 b=45 c=46 imm=1  ; line 2328
14891 LOAD_CONST           R47 constant[3083]  ; line 2328
14892 MOVE                 R48 <- R0  ; line 2328
14893 MOVE                 R49 <- R47  ; line 2328
14894 HOST_CALL            a=50 b=11 c=48 imm=2  ; line 2328
14895 LOAD_CONST           R51 constant[3084]  ; line 2328
14896 MOVE                 R52 <- R50  ; line 2328
14897 MOVE                 R53 <- R51  ; line 2328
14898 HOST_CALL            a=54 b=11 c=52 imm=2  ; line 2328
14899 BINARY               a=46 b=54 c=55 imm=2  ; line 2328
14900 BINARY               a=36 b=55 c=56 imm=1  ; line 2328
14901 MOVE                 R57 <- R56  ; line 2328
14902 LOAD_CONST           R58 constant[3085]  ; line 2330
14903 MOVE                 R59 <- R0  ; line 2330
14904 MOVE                 R60 <- R58  ; line 2330
14905 HOST_CALL            a=61 b=11 c=59 imm=2  ; line 2330
14906 LOAD_CONST           R62 constant[3086]  ; line 2330
14907 MOVE                 R63 <- R61  ; line 2330
14908 MOVE                 R64 <- R62  ; line 2330
14909 HOST_CALL            a=65 b=11 c=63 imm=2  ; line 2330
14910 MOVE                 R66 <- R65  ; line 2330
14911 LOAD_CONST           R67 constant[3087]  ; line 2331
14912 MOVE                 R68 <- R0  ; line 2331
14913 MOVE                 R69 <- R67  ; line 2331
14914 HOST_CALL            a=70 b=11 c=68 imm=2  ; line 2331
14915 LOAD_CONST           R71 constant[3088]  ; line 2331
14916 MOVE                 R72 <- R70  ; line 2331
14917 MOVE                 R73 <- R71  ; line 2331
14918 HOST_CALL            a=74 b=11 c=72 imm=2  ; line 2331
14919 LOAD_CONST           R75 constant[3089]  ; line 2331
14920 COMPARE              a=74 b=75 c=76 imm=1  ; line 2331
14921 JUMP_IF_FALSE        R76 -> 14937  ; line 2331
14922 LOAD_CONST           R67 constant[3090]  ; line 2332
14923 MOVE                 R68 <- R0  ; line 2332
14924 MOVE                 R69 <- R67  ; line 2332
14925 HOST_CALL            a=70 b=11 c=68 imm=2  ; line 2332
14926 LOAD_CONST           R71 constant[3091]  ; line 2332
14927 MOVE                 R72 <- R70  ; line 2332
14928 MOVE                 R73 <- R71  ; line 2332
14929 HOST_CALL            a=74 b=11 c=72 imm=2  ; line 2332
14930 UNARY                a=19 b=75 c=4294967295 imm=0  ; line 2332
14931 MOVE                 R76 <- R75  ; line 2332
14932 CALL                 a=77 b=105 c=76 imm=1  ; line 2332
14933 BINARY               a=74 b=77 c=78 imm=2  ; line 2332
14934 BINARY               a=66 b=78 c=79 imm=0  ; line 2332
14935 MOVE                 R66 <- R79  ; line 2332
14936 JUMP                 -> 14937  ; line 2332
14937 BINARY               a=66 b=57 c=67 imm=2  ; line 2334
14938 MOVE                 R68 <- R13  ; line 2334
14939 MOVE                 R69 <- R67  ; line 2334
14940 HOST_CALL            a=70 b=23 c=68 imm=2  ; line 2334
14941 LOAD_CONST           R67 constant[3092]  ; line 2335
14942 MOVE                 R68 <- R0  ; line 2335
14943 MOVE                 R69 <- R67  ; line 2335
14944 HOST_CALL            a=70 b=11 c=68 imm=2  ; line 2335
14945 LOAD_CONST           R71 constant[3093]  ; line 2335
14946 MOVE                 R72 <- R70  ; line 2335
14947 MOVE                 R73 <- R71  ; line 2335
14948 HOST_CALL            a=74 b=11 c=72 imm=2  ; line 2335
14949 LOAD_CONST           R75 constant[3094]  ; line 2335
14950 MOVE                 R76 <- R0  ; line 2335
14951 MOVE                 R77 <- R75  ; line 2335
14952 HOST_CALL            a=78 b=11 c=76 imm=2  ; line 2335
14953 LOAD_CONST           R79 constant[3095]  ; line 2335
14954 MOVE                 R80 <- R78  ; line 2335
14955 MOVE                 R81 <- R79  ; line 2335
14956 HOST_CALL            a=82 b=11 c=80 imm=2  ; line 2335
14957 BINARY               a=74 b=82 c=83 imm=2  ; line 2335
14958 LOAD_CONST           R84 constant[3096]  ; line 2335
14959 MOVE                 R85 <- R0  ; line 2335
14960 MOVE                 R86 <- R84  ; line 2335
14961 HOST_CALL            a=87 b=11 c=85 imm=2  ; line 2335
14962 LOAD_CONST           R88 constant[3097]  ; line 2335
14963 MOVE                 R89 <- R87  ; line 2335
14964 MOVE                 R90 <- R88  ; line 2335
14965 HOST_CALL            a=91 b=11 c=89 imm=2  ; line 2335
14966 BINARY               a=83 b=91 c=92 imm=2  ; line 2335
14967 LOAD_CONST           R93 constant[3098]  ; line 2335
14968 LOAD_CONST           R94 constant[3099]  ; line 2335
14969 MOVE                 R95 <- R0  ; line 2335
14970 MOVE                 R96 <- R94  ; line 2335
14971 HOST_CALL            a=97 b=11 c=95 imm=2  ; line 2335
14972 LOAD_CONST           R98 constant[3100]  ; line 2335
14973 MOVE                 R99 <- R97  ; line 2335
14974 MOVE                 R100 <- R98  ; line 2335
14975 HOST_CALL            a=101 b=11 c=99 imm=2  ; line 2335
14976 BINARY               a=93 b=101 c=102 imm=1  ; line 2335
14977 LOAD_CONST           R103 constant[3101]  ; line 2335
14978 MOVE                 R104 <- R0  ; line 2335
14979 MOVE                 R105 <- R103  ; line 2335
14980 HOST_CALL            a=106 b=11 c=104 imm=2  ; line 2335
14981 LOAD_CONST           R107 constant[3102]  ; line 2335
14982 MOVE                 R108 <- R106  ; line 2335
14983 MOVE                 R109 <- R107  ; line 2335
14984 HOST_CALL            a=110 b=11 c=108 imm=2  ; line 2335
14985 BINARY               a=102 b=110 c=111 imm=2  ; line 2335
14986 LOAD_CONST           R112 constant[3103]  ; line 2335
14987 MOVE                 R113 <- R0  ; line 2335
14988 MOVE                 R114 <- R112  ; line 2335
14989 HOST_CALL            a=115 b=11 c=113 imm=2  ; line 2335
14990 LOAD_CONST           R116 constant[3104]  ; line 2335
14991 MOVE                 R117 <- R115  ; line 2335
14992 MOVE                 R118 <- R116  ; line 2335
14993 HOST_CALL            a=119 b=11 c=117 imm=2  ; line 2335
14994 BINARY               a=111 b=119 c=120 imm=2  ; line 2335
14995 BINARY               a=92 b=120 c=121 imm=0  ; line 2335
14996 BINARY               a=66 b=121 c=122 imm=2  ; line 2335
14997 MOVE                 R123 <- R17  ; line 2335
14998 MOVE                 R124 <- R122  ; line 2335
14999 HOST_CALL            a=125 b=23 c=123 imm=2  ; line 2335
15000 LOAD_CONST           R67 constant[3105]  ; line 2337
15001 BINARY               a=19 b=67 c=68 imm=0  ; line 2337
15002 MOVE                 R19 <- R68  ; line 2337
15003 JUMP                 -> 14862  ; line 2337
15004 LOAD_CONST           R67 constant[3106]  ; line 2339
15005 MOVE                 R68 <- R13  ; line 2339
15006 HOST_CALL            a=69 b=72 c=68 imm=1  ; line 2339
15007 MOVE                 R70 <- R17  ; line 2339
15008 HOST_CALL            a=71 b=72 c=70 imm=1  ; line 2339
15009 LOAD_CONST           R72 constant[3107]  ; line 2339
15010 LOAD_CONST           R73 constant[3108]  ; line 2339
15011 MOVE                 R74 <- R73  ; line 2339
15012 ARRAY_NEW            a=75 b=74 c=1 imm=4294967295  ; line 2339
15013 MOVE                 R76 <- R0  ; line 2339
15014 MOVE                 R77 <- R69  ; line 2339
15015 MOVE                 R78 <- R71  ; line 2339
15016 MOVE                 R79 <- R72  ; line 2339
15017 MOVE                 R80 <- R75  ; line 2339
15018 CALL                 a=81 b=114 c=76 imm=5  ; line 2339
15019 MOVE                 R82 <- R67  ; line 2339
15020 MOVE                 R83 <- R81  ; line 2339
15021 ARRAY_NEW            a=84 b=82 c=2 imm=4294967295  ; line 2339
15022 RETURN               R84  ; line 2339
15023 LOAD_CONST           R85 constant[3109]  ; line 2339
15024 RETURN               R85  ; line 2339
15025 HOST_CALL            a=0 b=0 c=0 imm=0  ; line 5
15026 MOVE                 R1 <- R0  ; line 5
15027 MOVE                 R2 <- R1  ; line 6
15028 HOST_CALL            a=3 b=26 c=2 imm=1  ; line 6
15029 LOAD_CONST           R4 constant[3110]  ; line 6
15030 COMPARE              a=3 b=4 c=5 imm=0  ; line 6
15031 LOAD_CONST           R6 constant[3111]  ; line 6
15032 MOVE                 R7 <- R5  ; line 6
15033 MOVE                 R8 <- R6  ; line 6
15034 HOST_CALL            a=9 b=5 c=7 imm=2  ; line 6
15035 LOAD_CONST           R2 constant[3112]  ; line 7
15036 MOVE                 R3 <- R1  ; line 7
15037 MOVE                 R4 <- R2  ; line 7
15038 HOST_CALL            a=5 b=11 c=3 imm=2  ; line 7
15039 MOVE                 R6 <- R5  ; line 7
15040 HOST_CALL            a=7 b=85 c=6 imm=1  ; line 7
15041 MOVE                 R8 <- R7  ; line 7
15042 LOAD_CONST           R9 constant[3113]  ; line 7
15043 MOVE                 R10 <- R1  ; line 7
15044 MOVE                 R11 <- R9  ; line 7
15045 HOST_CALL            a=12 b=11 c=10 imm=2  ; line 7
15046 MOVE                 R13 <- R12  ; line 7
15047 HOST_CALL            a=14 b=85 c=13 imm=1  ; line 7
15048 MOVE                 R15 <- R14  ; line 7
15049 LOAD_CONST           R16 constant[3114]  ; line 8
15050 MOVE                 R17 <- R8  ; line 8
15051 MOVE                 R18 <- R16  ; line 8
15052 HOST_CALL            a=19 b=11 c=17 imm=2  ; line 8
15053 LOAD_CONST           R20 constant[3115]  ; line 8
15054 MOVE                 R21 <- R19  ; line 8
15055 MOVE                 R22 <- R20  ; line 8
15056 HOST_CALL            a=23 b=5 c=21 imm=2  ; line 8
15057 LOAD_CONST           R16 constant[3116]  ; line 8
15058 MOVE                 R17 <- R15  ; line 8
15059 MOVE                 R18 <- R16  ; line 8
15060 HOST_CALL            a=19 b=11 c=17 imm=2  ; line 8
15061 LOAD_CONST           R20 constant[3117]  ; line 8
15062 MOVE                 R21 <- R19  ; line 8
15063 MOVE                 R22 <- R20  ; line 8
15064 HOST_CALL            a=23 b=5 c=21 imm=2  ; line 8
15065 LOAD_CONST           R16 constant[3118]  ; line 9
15066 MOVE                 R17 <- R1  ; line 9
15067 MOVE                 R18 <- R16  ; line 9
15068 HOST_CALL            a=19 b=11 c=17 imm=2  ; line 9
15069 MOVE                 R20 <- R19  ; line 9
15070 LOAD_CONST           R21 constant[3119]  ; line 9
15071 MOVE                 R22 <- R8  ; line 9
15072 MOVE                 R23 <- R21  ; line 9
15073 HOST_CALL            a=24 b=11 c=22 imm=2  ; line 9
15074 MOVE                 R25 <- R24  ; line 9
15075 LOAD_CONST           R26 constant[3120]  ; line 9
15076 MOVE                 R27 <- R1  ; line 9
15077 MOVE                 R28 <- R26  ; line 9
15078 HOST_CALL            a=29 b=11 c=27 imm=2  ; line 9
15079 MOVE                 R30 <- R29  ; line 9
15080 LOAD_CONST           R31 constant[3121]  ; line 9
15081 MOVE                 R32 <- R15  ; line 9
15082 MOVE                 R33 <- R31  ; line 9
15083 HOST_CALL            a=34 b=11 c=32 imm=2  ; line 9
15084 MOVE                 R35 <- R34  ; line 9
15085 LOAD_CONST           R36 constant[3122]  ; line 10
15086 MOVE                 R37 <- R1  ; line 10
15087 MOVE                 R38 <- R36  ; line 10
15088 HOST_CALL            a=39 b=11 c=37 imm=2  ; line 10
15089 MOVE                 R40 <- R39  ; line 10
15090 LOAD_CONST           R41 constant[3123]  ; line 10
15091 MOVE                 R42 <- R1  ; line 10
15092 MOVE                 R43 <- R41  ; line 10
15093 HOST_CALL            a=44 b=11 c=42 imm=2  ; line 10
15094 MOVE                 R45 <- R44  ; line 10
15095 MOVE                 R46 <- R25  ; line 56
15096 MOVE                 R47 <- R40  ; line 56
15097 MOVE                 R48 <- R30  ; line 56
15098 CALL                 a=49 b=3 c=46 imm=3  ; line 56
15099 MOVE                 R50 <- R49  ; line 56
15100 LOAD_CONST           R51 constant[3124]  ; line 57
15101 MOVE                 R52 <- R51  ; line 57
15102 LOAD_CONST           R53 constant[3125]  ; line 57
15103 MOVE                 R54 <- R53  ; line 57
15104 LOAD_CONST           R55 constant[3126]  ; line 57
15105 MOVE                 R56 <- R55  ; line 57
15106 CALL                 a=57 b=94 c=57 imm=0  ; line 58
15107 MOVE                 R58 <- R57  ; line 58
15108 CALL                 a=59 b=94 c=59 imm=0  ; line 59
15109 MOVE                 R60 <- R59  ; line 59
15110 LOAD_CONST           R61 constant[3127]  ; line 60
15111 MOVE                 R62 <- R61  ; line 60
15112 HOST_CALL            a=63 b=22 c=62 imm=1  ; line 60
15113 MOVE                 R64 <- R63  ; line 60
15114 LOAD_CONST           R65 constant[3128]  ; line 61
15115 MOVE                 R66 <- R65  ; line 61
15116 LOAD_CONST           R67 constant[3129]  ; line 62
15117 MOVE                 R68 <- R67  ; line 62
15118 LOAD_CONST           R69 constant[3130]  ; line 63
15119 COMPARE              a=30 b=69 c=70 imm=0  ; line 63
15120 JUMP_IF_FALSE        R70 -> 15124  ; line 63
15121 LOAD_CONST           R69 constant[3131]  ; line 63
15122 MOVE                 R68 <- R69  ; line 63
15123 JUMP                 -> 15124  ; line 63
15124 LOAD_CONST           R69 constant[3132]  ; line 64
15125 COMPARE              a=30 b=69 c=70 imm=0  ; line 64
15126 JUMP_IF_FALSE        R70 -> 15130  ; line 64
15127 LOAD_CONST           R69 constant[3133]  ; line 64
15128 MOVE                 R68 <- R69  ; line 64
15129 JUMP                 -> 15130  ; line 64
15130 JUMP_IF_FALSE        R68 -> 15147  ; line 65
15131 MOVE                 R69 <- R20  ; line 66
15132 MOVE                 R70 <- R25  ; line 66
15133 CALL                 a=71 b=43 c=69 imm=2  ; line 66
15134 MOVE                 R72 <- R71  ; line 66
15135 CALL                 a=73 b=72 c=72 imm=1  ; line 66
15136 MOVE                 R74 <- R73  ; line 66
15137 MOVE                 R75 <- R74  ; line 67
15138 HOST_CALL            a=76 b=14 c=75 imm=1  ; line 67
15139 MOVE                 R77 <- R76  ; line 67
15140 HOST_CALL            a=78 b=17 c=77 imm=1  ; line 67
15141 MOVE                 R66 <- R78  ; line 67
15142 MOVE                 R75 <- R20  ; line 68
15143 MOVE                 R76 <- R25  ; line 68
15144 CALL                 a=77 b=87 c=75 imm=2  ; line 68
15145 MOVE                 R64 <- R77  ; line 68
15146 JUMP                 -> 15147  ; line 68
15147 LOAD_CONST           R75 constant[3134]  ; line 70
15148 COMPARE              a=40 b=75 c=76 imm=1  ; line 70
15149 JUMP_IF_FALSE        R76 -> 15217  ; line 70
15150 LOAD_CONST           R75 constant[3135]  ; line 71
15151 MOVE                 R76 <- R75  ; line 71
15152 LOAD_CONST           R77 constant[3136]  ; line 72
15153 COMPARE              a=30 b=77 c=78 imm=0  ; line 72
15154 JUMP_IF_FALSE        R78 -> 15158  ; line 72
15155 LOAD_CONST           R77 constant[3137]  ; line 72
15156 MOVE                 R76 <- R77  ; line 72
15157 JUMP                 -> 15158  ; line 72
15158 LOAD_CONST           R77 constant[3138]  ; line 73
15159 COMPARE              a=30 b=77 c=78 imm=0  ; line 73
15160 JUMP_IF_FALSE        R78 -> 15164  ; line 73
15161 LOAD_CONST           R77 constant[3139]  ; line 73
15162 MOVE                 R76 <- R77  ; line 73
15163 JUMP                 -> 15164  ; line 73
15164 LOAD_CONST           R77 constant[3140]  ; line 74
15165 COMPARE              a=30 b=77 c=78 imm=0  ; line 74
15166 JUMP_IF_FALSE        R78 -> 15170  ; line 74
15167 LOAD_CONST           R77 constant[3141]  ; line 74
15168 MOVE                 R76 <- R77  ; line 74
15169 JUMP                 -> 15170  ; line 74
15170 JUMP_IF_FALSE        R76 -> 15216  ; line 75
15171 LOAD_CONST           R77 constant[3142]  ; line 76
15172 MOVE                 R78 <- R77  ; line 76
15173 LOAD_CONST           R79 constant[3143]  ; line 77
15174 COMPARE              a=78 b=79 c=80 imm=2  ; line 77
15175 JUMP_IF_FALSE        R80 -> 15197  ; line 77
15176 MOVE                 R79 <- R78  ; line 77
15177 MOVE                 R80 <- R25  ; line 77
15178 CALL                 a=81 b=6 c=79 imm=2  ; line 77
15179 MOVE                 R82 <- R25  ; line 77
15180 MOVE                 R83 <- R81  ; line 77
15181 CALL                 a=84 b=0 c=82 imm=2  ; line 77
15182 MOVE                 R85 <- R84  ; line 77
15183 MOVE                 R86 <- R20  ; line 77
15184 MOVE                 R87 <- R25  ; line 77
15185 MOVE                 R88 <- R30  ; line 77
15186 MOVE                 R89 <- R64  ; line 77
15187 MOVE                 R90 <- R60  ; line 77
15188 MOVE                 R91 <- R58  ; line 77
15189 MOVE                 R92 <- R35  ; line 77
15190 MOVE                 R93 <- R85  ; line 77
15191 MOVE                 R94 <- R78  ; line 77
15192 CALL                 a=95 b=5 c=86 imm=9  ; line 77
15193 LOAD_CONST           R86 constant[3144]  ; line 77
15194 BINARY               a=78 b=86 c=87 imm=0  ; line 77
15195 MOVE                 R78 <- R87  ; line 77
15196 JUMP                 -> 15173  ; line 77
15197 LOAD_CONST           R86 constant[3145]  ; line 78
15198 LOAD_CONST           R87 constant[3146]  ; line 78
15199 MOVE                 R88 <- R58  ; line 78
15200 MOVE                 R89 <- R86  ; line 78
15201 MOVE                 R90 <- R87  ; line 78
15202 HOST_CALL            a=91 b=9 c=88 imm=3  ; line 78
15203 LOAD_CONST           R86 constant[3147]  ; line 78
15204 LOAD_CONST           R87 constant[3148]  ; line 78
15205 MOVE                 R88 <- R58  ; line 78
15206 MOVE                 R89 <- R86  ; line 78
15207 MOVE                 R90 <- R87  ; line 78
15208 HOST_CALL            a=91 b=9 c=88 imm=3  ; line 78
15209 LOAD_CONST           R86 constant[3149]  ; line 78
15210 LOAD_CONST           R87 constant[3150]  ; line 78
15211 MOVE                 R88 <- R58  ; line 78
15212 MOVE                 R89 <- R86  ; line 78
15213 MOVE                 R90 <- R87  ; line 78
15214 HOST_CALL            a=91 b=9 c=88 imm=3  ; line 78
15215 JUMP                 -> 15216  ; line 78
15216 JUMP                 -> 15217  ; line 78
15217 LOAD_CONST           R86 constant[3151]  ; line 81
15218 MOVE                 R87 <- R86  ; line 81
15219 LOAD_CONST           R88 constant[3152]  ; line 82
15220 COMPARE              a=30 b=88 c=89 imm=0  ; line 82
15221 JUMP_IF_FALSE        R89 -> 15229  ; line 82
15222 MOVE                 R88 <- R20  ; line 82
15223 MOVE                 R89 <- R25  ; line 82
15224 CALL                 a=90 b=42 c=88 imm=2  ; line 82
15225 MOVE                 R91 <- R90  ; line 82
15226 CALL                 a=92 b=80 c=91 imm=1  ; line 82
15227 MOVE                 R87 <- R92  ; line 82
15228 JUMP                 -> 15229  ; line 82
15229 LOAD_CONST           R88 constant[3153]  ; line 83
15230 MOVE                 R89 <- R88  ; line 83
15231 HOST_CALL            a=90 b=22 c=89 imm=1  ; line 83
15232 MOVE                 R91 <- R90  ; line 83
15233 LOAD_CONST           R92 constant[3154]  ; line 84
15234 COMPARE              a=30 b=92 c=93 imm=0  ; line 84
15235 JUMP_IF_FALSE        R93 -> 15254  ; line 84
15236 LOAD_CONST           R92 constant[3155]  ; line 85
15237 MOVE                 R93 <- R92  ; line 85
15238 COMPARE              a=93 b=25 c=94 imm=2  ; line 86
15239 JUMP_IF_FALSE        R94 -> 15253  ; line 86
15240 MOVE                 R94 <- R20  ; line 86
15241 MOVE                 R95 <- R25  ; line 86
15242 MOVE                 R96 <- R93  ; line 86
15243 CALL                 a=97 b=47 c=94 imm=3  ; line 86
15244 MOVE                 R98 <- R97  ; line 86
15245 CALL                 a=99 b=80 c=98 imm=1  ; line 86
15246 MOVE                 R100 <- R91  ; line 86
15247 MOVE                 R101 <- R99  ; line 86
15248 HOST_CALL            a=102 b=23 c=100 imm=2  ; line 86
15249 LOAD_CONST           R94 constant[3156]  ; line 86
15250 BINARY               a=93 b=94 c=95 imm=0  ; line 86
15251 MOVE                 R93 <- R95  ; line 86
15252 JUMP                 -> 15238  ; line 86
15253 JUMP                 -> 15254  ; line 86
15254 CALL                 a=94 b=7 c=94 imm=0  ; line 88
15255 MOVE                 R95 <- R94  ; line 88
15256 LOAD_CONST           R96 constant[3157]  ; line 89
15257 MOVE                 R97 <- R96  ; line 89
15258 COMPARE              a=97 b=50 c=98 imm=2  ; line 90
15259 JUMP_IF_FALSE        R98 -> 15438  ; line 90
15260 MOVE                 R98 <- R97  ; line 91
15261 LOAD_CONST           R99 constant[3158]  ; line 92
15262 COMPARE              a=40 b=99 c=100 imm=1  ; line 92
15263 JUMP_IF_FALSE        R100 -> 15269  ; line 92
15264 MOVE                 R99 <- R97  ; line 92
15265 MOVE                 R100 <- R25  ; line 92
15266 CALL                 a=101 b=6 c=99 imm=2  ; line 92
15267 MOVE                 R98 <- R101  ; line 92
15268 JUMP                 -> 15269  ; line 92
15269 MOVE                 R99 <- R25  ; line 93
15270 MOVE                 R100 <- R98  ; line 93
15271 CALL                 a=101 b=0 c=99 imm=2  ; line 93
15272 MOVE                 R102 <- R101  ; line 93
15273 LOAD_CONST           R103 constant[3159]  ; line 94
15274 COMPARE              a=30 b=103 c=104 imm=0  ; line 94
15275 JUMP_IF_FALSE        R104 -> 15305  ; line 94
15276 MOVE                 R103 <- R102  ; line 95
15277 CALL                 a=104 b=2 c=103 imm=1  ; line 95
15278 MOVE                 R105 <- R87  ; line 95
15279 MOVE                 R106 <- R104  ; line 95
15280 CALL                 a=107 b=85 c=105 imm=2  ; line 95
15281 LOAD_CONST           R108 constant[3160]  ; line 95
15282 MOVE                 R109 <- R107  ; line 95
15283 MOVE                 R110 <- R108  ; line 95
15284 HOST_CALL            a=111 b=11 c=109 imm=2  ; line 95
15285 MOVE                 R112 <- R111  ; line 95
15286 LOAD_CONST           R113 constant[3161]  ; line 95
15287 MOVE                 R114 <- R113  ; line 95
15288 LOAD_CONST           R115 constant[3162]  ; line 96
15289 COMPARE              a=112 b=115 c=116 imm=5  ; line 96
15290 JUMP_IF_FALSE        R116 -> 15294  ; line 96
15291 LOAD_CONST           R115 constant[3163]  ; line 96
15292 MOVE                 R114 <- R115  ; line 96
15293 JUMP                 -> 15294  ; line 96
15294 LOAD_CONST           R115 constant[3164]  ; line 96
15295 MOVE                 R116 <- R102  ; line 96
15296 MOVE                 R117 <- R115  ; line 96
15297 HOST_CALL            a=118 b=11 c=116 imm=2  ; line 96
15298 COMPARE              a=114 b=118 c=119 imm=0  ; line 96
15299 JUMP_IF_FALSE        R119 -> 15304  ; line 96
15300 LOAD_CONST           R115 constant[3165]  ; line 96
15301 BINARY               a=56 b=115 c=116 imm=0  ; line 96
15302 MOVE                 R56 <- R116  ; line 96
15303 JUMP                 -> 15304  ; line 96
15304 JUMP                 -> 15305  ; line 96
15305 LOAD_CONST           R115 constant[3166]  ; line 98
15306 COMPARE              a=30 b=115 c=116 imm=0  ; line 98
15307 JUMP_IF_FALSE        R116 -> 15320  ; line 98
15308 CALL                 a=115 b=7 c=115 imm=0  ; line 99
15309 MOVE                 R116 <- R115  ; line 99
15310 MOVE                 R117 <- R64  ; line 99
15311 MOVE                 R118 <- R60  ; line 99
15312 MOVE                 R119 <- R102  ; line 99
15313 CALL                 a=120 b=4 c=117 imm=3  ; line 99
15314 MOVE                 R121 <- R120  ; line 99
15315 CALL                 a=122 b=7 c=122 imm=0  ; line 100
15316 BINARY               a=122 b=116 c=123 imm=1  ; line 100
15317 BINARY               a=52 b=123 c=124 imm=0  ; line 100
15318 MOVE                 R52 <- R124  ; line 100
15319 JUMP                 -> 15320  ; line 100
15320 LOAD_CONST           R122 constant[3167]  ; line 102
15321 MOVE                 R123 <- R122  ; line 102
15322 LOAD_CONST           R124 constant[3168]  ; line 103
15323 COMPARE              a=30 b=124 c=125 imm=0  ; line 103
15324 JUMP_IF_FALSE        R125 -> 15328  ; line 103
15325 LOAD_CONST           R124 constant[3169]  ; line 103
15326 MOVE                 R123 <- R124  ; line 103
15327 JUMP                 -> 15328  ; line 103
15328 LOAD_CONST           R124 constant[3170]  ; line 104
15329 COMPARE              a=30 b=124 c=125 imm=0  ; line 104
15330 JUMP_IF_FALSE        R125 -> 15334  ; line 104
15331 LOAD_CONST           R124 constant[3171]  ; line 104
15332 MOVE                 R123 <- R124  ; line 104
15333 JUMP                 -> 15334  ; line 104
15334 LOAD_CONST           R124 constant[3172]  ; line 105
15335 COMPARE              a=30 b=124 c=125 imm=0  ; line 105
15336 JUMP_IF_FALSE        R125 -> 15340  ; line 105
15337 LOAD_CONST           R124 constant[3173]  ; line 105
15338 MOVE                 R123 <- R124  ; line 105
15339 JUMP                 -> 15340  ; line 105
15340 JUMP_IF_FALSE        R123 -> 15387  ; line 106
15341 MOVE                 R124 <- R20  ; line 107
15342 MOVE                 R125 <- R25  ; line 107
15343 MOVE                 R126 <- R30  ; line 107
15344 MOVE                 R127 <- R64  ; line 107
15345 MOVE                 R128 <- R60  ; line 107
15346 MOVE                 R129 <- R58  ; line 107
15347 MOVE                 R130 <- R35  ; line 107
15348 MOVE                 R131 <- R102  ; line 107
15349 MOVE                 R132 <- R97  ; line 107
15350 CALL                 a=133 b=5 c=124 imm=9  ; line 107
15351 MOVE                 R134 <- R133  ; line 107
15352 LOAD_CONST           R135 constant[3174]  ; line 108
15353 MOVE                 R136 <- R134  ; line 108
15354 MOVE                 R137 <- R135  ; line 108
15355 HOST_CALL            a=138 b=11 c=136 imm=2  ; line 108
15356 BINARY               a=52 b=138 c=139 imm=0  ; line 108
15357 MOVE                 R52 <- R139  ; line 108
15358 LOAD_CONST           R135 constant[3175]  ; line 108
15359 MOVE                 R136 <- R134  ; line 108
15360 MOVE                 R137 <- R135  ; line 108
15361 HOST_CALL            a=138 b=11 c=136 imm=2  ; line 108
15362 BINARY               a=54 b=138 c=139 imm=0  ; line 108
15363 MOVE                 R54 <- R139  ; line 108
15364 LOAD_CONST           R135 constant[3176]  ; line 109
15365 MOVE                 R136 <- R135  ; line 109
15366 LOAD_CONST           R137 constant[3177]  ; line 109
15367 MOVE                 R138 <- R134  ; line 109
15368 MOVE                 R139 <- R137  ; line 109
15369 HOST_CALL            a=140 b=11 c=138 imm=2  ; line 109
15370 LOAD_CONST           R141 constant[3178]  ; line 109
15371 COMPARE              a=140 b=141 c=142 imm=5  ; line 109
15372 JUMP_IF_FALSE        R142 -> 15376  ; line 109
15373 LOAD_CONST           R137 constant[3179]  ; line 109
15374 MOVE                 R136 <- R137  ; line 109
15375 JUMP                 -> 15376  ; line 109
15376 LOAD_CONST           R137 constant[3180]  ; line 109
15377 MOVE                 R138 <- R102  ; line 109
15378 MOVE                 R139 <- R137  ; line 109
15379 HOST_CALL            a=140 b=11 c=138 imm=2  ; line 109
15380 COMPARE              a=136 b=140 c=141 imm=0  ; line 109
15381 JUMP_IF_FALSE        R141 -> 15386  ; line 109
15382 LOAD_CONST           R137 constant[3181]  ; line 109
15383 BINARY               a=56 b=137 c=138 imm=0  ; line 109
15384 MOVE                 R56 <- R138  ; line 109
15385 JUMP                 -> 15386  ; line 109
15386 JUMP                 -> 15387  ; line 109
15387 LOAD_CONST           R137 constant[3182]  ; line 111
15388 COMPARE              a=30 b=137 c=138 imm=0  ; line 111
15389 JUMP_IF_FALSE        R138 -> 15434  ; line 111
15390 LOAD_CONST           R137 constant[3183]  ; line 112
15391 MOVE                 R138 <- R137  ; line 112
15392 LOAD_CONST           R139 constant[3184]  ; line 112
15393 MOVE                 R140 <- R139  ; line 112
15394 COMPARE              a=140 b=25 c=141 imm=2  ; line 113
15395 JUMP_IF_FALSE        R141 -> 15414  ; line 113
15396 MOVE                 R141 <- R91  ; line 113
15397 MOVE                 R142 <- R140  ; line 113
15398 HOST_CALL            a=143 b=11 c=141 imm=2  ; line 113
15399 MOVE                 R144 <- R102  ; line 113
15400 CALL                 a=145 b=1 c=144 imm=1  ; line 113
15401 MOVE                 R146 <- R143  ; line 113
15402 MOVE                 R147 <- R145  ; line 113
15403 CALL                 a=148 b=85 c=146 imm=2  ; line 113
15404 LOAD_CONST           R149 constant[3185]  ; line 113
15405 MOVE                 R150 <- R148  ; line 113
15406 MOVE                 R151 <- R149  ; line 113
15407 HOST_CALL            a=152 b=11 c=150 imm=2  ; line 113
15408 BINARY               a=138 b=152 c=153 imm=0  ; line 113
15409 MOVE                 R138 <- R153  ; line 113
15410 LOAD_CONST           R141 constant[3186]  ; line 113
15411 BINARY               a=140 b=141 c=142 imm=0  ; line 113
15412 MOVE                 R140 <- R142  ; line 113
15413 JUMP                 -> 15394  ; line 113
15414 LOAD_CONST           R141 constant[3187]  ; line 114
15415 MOVE                 R142 <- R141  ; line 114
15416 BINARY               a=138 b=25 c=143 imm=3  ; line 114
15417 LOAD_CONST           R144 constant[3188]  ; line 114
15418 COMPARE              a=143 b=144 c=145 imm=5  ; line 114
15419 JUMP_IF_FALSE        R145 -> 15423  ; line 114
15420 LOAD_CONST           R143 constant[3189]  ; line 114
15421 MOVE                 R142 <- R143  ; line 114
15422 JUMP                 -> 15423  ; line 114
15423 LOAD_CONST           R143 constant[3190]  ; line 114
15424 MOVE                 R144 <- R102  ; line 114
15425 MOVE                 R145 <- R143  ; line 114
15426 HOST_CALL            a=146 b=11 c=144 imm=2  ; line 114
15427 COMPARE              a=142 b=146 c=147 imm=0  ; line 114
15428 JUMP_IF_FALSE        R147 -> 15433  ; line 114
15429 LOAD_CONST           R143 constant[3191]  ; line 114
15430 BINARY               a=56 b=143 c=144 imm=0  ; line 114
15431 MOVE                 R56 <- R144  ; line 114
15432 JUMP                 -> 15433  ; line 114
15433 JUMP                 -> 15434  ; line 114
15434 LOAD_CONST           R143 constant[3192]  ; line 116
15435 BINARY               a=97 b=143 c=144 imm=0  ; line 116
15436 MOVE                 R97 <- R144  ; line 116
15437 JUMP                 -> 15258  ; line 116
15438 CALL                 a=143 b=7 c=143 imm=0  ; line 118
15439 BINARY               a=143 b=95 c=144 imm=1  ; line 118
15440 MOVE                 R145 <- R144  ; line 118
15441 LOAD_CONST           R146 constant[3193]  ; line 119
15442 MOVE                 R147 <- R146  ; line 119
15443 LOAD_CONST           R148 constant[3194]  ; line 119
15444 COMPARE              a=50 b=148 c=149 imm=4  ; line 119
15445 JUMP_IF_FALSE        R149 -> 15451  ; line 119
15446 BINARY               a=52 b=50 c=148 imm=3  ; line 119
15447 LOAD_CONST           R149 constant[3195]  ; line 119
15448 BINARY               a=148 b=149 c=150 imm=2  ; line 119
15449 MOVE                 R147 <- R150  ; line 119
15450 JUMP                 -> 15451  ; line 119
15451 LOAD_CONST           R148 constant[3196]  ; line 120
15452 MOVE                 R149 <- R148  ; line 120
15453 LOAD_CONST           R150 constant[3197]  ; line 120
15454 MOVE                 R151 <- R58  ; line 120
15455 MOVE                 R152 <- R150  ; line 120
15456 HOST_CALL            a=153 b=11 c=151 imm=2  ; line 120
15457 LOAD_CONST           R154 constant[3198]  ; line 120
15458 COMPARE              a=153 b=154 c=155 imm=4  ; line 120
15459 JUMP_IF_FALSE        R155 -> 15469  ; line 120
15460 LOAD_CONST           R150 constant[3199]  ; line 120
15461 MOVE                 R151 <- R58  ; line 120
15462 MOVE                 R152 <- R150  ; line 120
15463 HOST_CALL            a=153 b=11 c=151 imm=2  ; line 120
15464 BINARY               a=54 b=153 c=154 imm=3  ; line 120
15465 LOAD_CONST           R155 constant[3200]  ; line 120
15466 BINARY               a=154 b=155 c=156 imm=2  ; line 120
15467 MOVE                 R149 <- R156  ; line 120
15468 JUMP                 -> 15469  ; line 120
15469 BINARY               a=145 b=50 c=150 imm=3  ; line 121
15470 LOAD_CONST           R151 constant[3201]  ; line 121
15471 BINARY               a=150 b=151 c=152 imm=2  ; line 121
15472 MOVE                 R153 <- R152  ; line 121
15473 LOAD_CONST           R154 constant[3202]  ; line 122
15474 MOVE                 R155 <- R154  ; line 122
15475 LOAD_CONST           R156 constant[3203]  ; line 122
15476 COMPARE              a=50 b=156 c=157 imm=4  ; line 122
15477 JUMP_IF_FALSE        R157 -> 15485  ; line 122
15478 LOAD_CONST           R156 constant[3204]  ; line 122
15479 MOVE                 R157 <- R58  ; line 122
15480 MOVE                 R158 <- R156  ; line 122
15481 HOST_CALL            a=159 b=11 c=157 imm=2  ; line 122
15482 BINARY               a=159 b=50 c=160 imm=3  ; line 122
15483 MOVE                 R155 <- R160  ; line 122
15484 JUMP                 -> 15485  ; line 122
15485 LOAD_CONST           R156 constant[3205]  ; line 123
15486 LOAD_CONST           R157 constant[3206]  ; line 123
15487 LOAD_CONST           R158 constant[3207]  ; line 123
15488 LOAD_CONST           R159 constant[3208]  ; line 123
15489 LOAD_CONST           R160 constant[3209]  ; line 123
15490 LOAD_CONST           R161 constant[3210]  ; line 123
15491 LOAD_CONST           R162 constant[3211]  ; line 123
15492 LOAD_CONST           R163 constant[3212]  ; line 123
15493 BINARY               a=50 b=145 c=164 imm=3  ; line 123
15494 LOAD_CONST           R165 constant[3213]  ; line 123
15495 LOAD_CONST           R166 constant[3214]  ; line 123
15496 LOAD_CONST           R167 constant[3215]  ; line 123
15497 LOAD_CONST           R168 constant[3216]  ; line 123
15498 LOAD_CONST           R169 constant[3217]  ; line 123
15499 MOVE                 R170 <- R58  ; line 123
15500 MOVE                 R171 <- R169  ; line 123
15501 HOST_CALL            a=172 b=11 c=170 imm=2  ; line 123
15502 LOAD_CONST           R173 constant[3218]  ; line 123
15503 LOAD_CONST           R174 constant[3219]  ; line 123
15504 MOVE                 R175 <- R58  ; line 123
15505 MOVE                 R176 <- R174  ; line 123
15506 HOST_CALL            a=177 b=11 c=175 imm=2  ; line 123
15507 LOAD_CONST           R178 constant[3220]  ; line 123
15508 LOAD_CONST           R179 constant[3221]  ; line 123
15509 MOVE                 R180 <- R58  ; line 123
15510 MOVE                 R181 <- R179  ; line 123
15511 HOST_CALL            a=182 b=11 c=180 imm=2  ; line 123
15512 LOAD_CONST           R183 constant[3222]  ; line 123
15513 LOAD_CONST           R184 constant[3223]  ; line 123
15514 LOAD_CONST           R185 constant[3224]  ; line 123
15515 MOVE                 R186 <- R58  ; line 123
15516 MOVE                 R187 <- R185  ; line 123
15517 HOST_CALL            a=188 b=11 c=186 imm=2  ; line 123
15518 BINARY               a=188 b=50 c=189 imm=3  ; line 123
15519 MOVE                 R190 <- R156  ; line 123
15520 MOVE                 R191 <- R25  ; line 123
15521 MOVE                 R192 <- R157  ; line 123
15522 MOVE                 R193 <- R30  ; line 123
15523 MOVE                 R194 <- R158  ; line 123
15524 MOVE                 R195 <- R35  ; line 123
15525 MOVE                 R196 <- R159  ; line 123
15526 MOVE                 R197 <- R40  ; line 123
15527 MOVE                 R198 <- R160  ; line 123
15528 MOVE                 R199 <- R50  ; line 123
15529 MOVE                 R200 <- R161  ; line 123
15530 MOVE                 R201 <- R56  ; line 123
15531 MOVE                 R202 <- R162  ; line 123
15532 MOVE                 R203 <- R153  ; line 123
15533 MOVE                 R204 <- R163  ; line 123
15534 MOVE                 R205 <- R164  ; line 123
15535 MOVE                 R206 <- R165  ; line 123
15536 MOVE                 R207 <- R147  ; line 123
15537 MOVE                 R208 <- R166  ; line 123
15538 MOVE                 R209 <- R149  ; line 123
15539 MOVE                 R210 <- R167  ; line 123
15540 MOVE                 R211 <- R66  ; line 123
15541 MOVE                 R212 <- R168  ; line 123
15542 MOVE                 R213 <- R172  ; line 123
15543 MOVE                 R214 <- R173  ; line 123
15544 MOVE                 R215 <- R177  ; line 123
15545 MOVE                 R216 <- R178  ; line 123
15546 MOVE                 R217 <- R182  ; line 123
15547 MOVE                 R218 <- R183  ; line 123
15548 MOVE                 R219 <- R155  ; line 123
15549 MOVE                 R220 <- R184  ; line 123
15550 MOVE                 R221 <- R189  ; line 123
15551 HOST_CALL            a=222 b=6 c=190 imm=32  ; line 123
15552 MOVE                 R223 <- R45  ; line 123
15553 MOVE                 R224 <- R222  ; line 123
15554 CALL                 a=225 b=71 c=223 imm=2  ; line 123
15555 LOAD_CONST           R156 constant[3225]  ; line 128
15556 LOAD_CONST           R157 constant[3226]  ; line 128
15557 LOAD_CONST           R158 constant[3227]  ; line 128
15558 LOAD_CONST           R159 constant[3228]  ; line 128
15559 LOAD_CONST           R160 constant[3229]  ; line 128
15560 MOVE                 R161 <- R156  ; line 128
15561 MOVE                 R162 <- R25  ; line 128
15562 MOVE                 R163 <- R157  ; line 128
15563 MOVE                 R164 <- R30  ; line 128
15564 MOVE                 R165 <- R158  ; line 128
15565 MOVE                 R166 <- R40  ; line 128
15566 MOVE                 R167 <- R159  ; line 128
15567 MOVE                 R168 <- R50  ; line 128
15568 MOVE                 R169 <- R160  ; line 128
15569 MOVE                 R170 <- R153  ; line 128
15570 HOST_CALL            a=171 b=6 c=161 imm=10  ; line 128
15571 MOVE                 R172 <- R171  ; line 128
15572 HOST_CALL            a=173 b=14 c=172 imm=1  ; line 128
15573 PRINT                R173  ; line 128
15574 HALT                   ; line 128
verified
