LABC v2 entry=0 constants=2854 functions=130 instructions=13903
0000 JUMP                 -> 13810  ; line 2
0001 MOVE                 R6 <- R3  ; line 20
0002 MOVE                 R7 <- R4  ; line 20
0003 CALL                 a=8 b=19 c=6 imm=2  ; line 20
0004 MOVE                 R9 <- R8  ; line 20
0005 LOAD_CONST           R10 constant[0]  ; line 21
0006 MOVE                 R11 <- R0  ; line 21
0007 MOVE                 R12 <- R10  ; line 21
0008 CALL                 a=13 b=14 c=11 imm=2  ; line 21
0009 MOVE                 R14 <- R13  ; line 21
0010 LOAD_CONST           R15 constant[1]  ; line 22
0011 MOVE                 R16 <- R15  ; line 22
0012 LOAD_CONST           R17 constant[2]  ; line 23
0013 MOVE                 R18 <- R17  ; line 23
0014 LOAD_CONST           R19 constant[3]  ; line 24
0015 COMPARE              a=1 b=19 c=20 imm=0  ; line 24
0016 JUMP_IF_FALSE        R20 -> 33  ; line 24
0017 LOAD_CONST           R19 constant[4]  ; line 25
0018 MOVE                 R20 <- R14  ; line 25
0019 MOVE                 R21 <- R19  ; line 25
0020 CALL                 a=22 b=14 c=20 imm=2  ; line 25
0021 MOVE                 R23 <- R22  ; line 25
0022 CALL                 a=24 b=31 c=23 imm=1  ; line 25
0023 MOVE                 R16 <- R24  ; line 25
0024 LOAD_CONST           R19 constant[5]  ; line 26
0025 MOVE                 R20 <- R9  ; line 26
0026 MOVE                 R21 <- R19  ; line 26
0027 HOST_CALL            a=22 b=11 c=20 imm=2  ; line 26
0028 MOVE                 R23 <- R16  ; line 26
0029 MOVE                 R24 <- R22  ; line 26
0030 CALL                 a=25 b=34 c=23 imm=2  ; line 26
0031 MOVE                 R18 <- R25  ; line 26
0032 JUMP                 -> 33  ; line 26
0033 LOAD_CONST           R19 constant[6]  ; line 29
0034 MOVE                 R20 <- R19  ; line 29
0035 HOST_CALL            a=21 b=22 c=20 imm=1  ; line 29
0036 LOAD_CONST           R22 constant[7]  ; line 29
0037 MOVE                 R23 <- R22  ; line 29
0038 HOST_CALL            a=24 b=22 c=23 imm=1  ; line 29
0039 LOAD_CONST           R25 constant[8]  ; line 29
0040 MOVE                 R26 <- R25  ; line 29
0041 HOST_CALL            a=27 b=22 c=26 imm=1  ; line 29
0042 LOAD_CONST           R28 constant[9]  ; line 29
0043 MOVE                 R29 <- R28  ; line 29
0044 HOST_CALL            a=30 b=22 c=29 imm=1  ; line 29
0045 LOAD_CONST           R31 constant[10]  ; line 29
0046 MOVE                 R32 <- R31  ; line 29
0047 HOST_CALL            a=33 b=22 c=32 imm=1  ; line 29
0048 LOAD_CONST           R34 constant[11]  ; line 29
0049 MOVE                 R35 <- R34  ; line 29
0050 HOST_CALL            a=36 b=22 c=35 imm=1  ; line 29
0051 LOAD_CONST           R37 constant[12]  ; line 29
0052 MOVE                 R38 <- R37  ; line 29
0053 HOST_CALL            a=39 b=22 c=38 imm=1  ; line 29
0054 LOAD_CONST           R40 constant[13]  ; line 29
0055 MOVE                 R41 <- R40  ; line 29
0056 HOST_CALL            a=42 b=22 c=41 imm=1  ; line 29
0057 MOVE                 R43 <- R21  ; line 29
0058 MOVE                 R44 <- R24  ; line 29
0059 MOVE                 R45 <- R27  ; line 29
0060 MOVE                 R46 <- R30  ; line 29
0061 MOVE                 R47 <- R33  ; line 29
0062 MOVE                 R48 <- R36  ; line 29
0063 MOVE                 R49 <- R39  ; line 29
0064 MOVE                 R50 <- R42  ; line 29
0065 ARRAY_NEW            a=51 b=43 c=8 imm=4294967295  ; line 29
0066 MOVE                 R52 <- R51  ; line 29
0067 LOAD_CONST           R53 constant[14]  ; line 31
0068 MOVE                 R54 <- R53  ; line 31
0069 HOST_CALL            a=55 b=22 c=54 imm=1  ; line 31
0070 LOAD_CONST           R56 constant[15]  ; line 31
0071 MOVE                 R57 <- R56  ; line 31
0072 HOST_CALL            a=58 b=22 c=57 imm=1  ; line 31
0073 LOAD_CONST           R59 constant[16]  ; line 31
0074 MOVE                 R60 <- R59  ; line 31
0075 HOST_CALL            a=61 b=22 c=60 imm=1  ; line 31
0076 LOAD_CONST           R62 constant[17]  ; line 31
0077 MOVE                 R63 <- R62  ; line 31
0078 HOST_CALL            a=64 b=22 c=63 imm=1  ; line 31
0079 LOAD_CONST           R65 constant[18]  ; line 31
0080 MOVE                 R66 <- R65  ; line 31
0081 HOST_CALL            a=67 b=22 c=66 imm=1  ; line 31
0082 LOAD_CONST           R68 constant[19]  ; line 31
0083 MOVE                 R69 <- R68  ; line 31
0084 HOST_CALL            a=70 b=22 c=69 imm=1  ; line 31
0085 LOAD_CONST           R71 constant[20]  ; line 31
0086 MOVE                 R72 <- R71  ; line 31
0087 HOST_CALL            a=73 b=22 c=72 imm=1  ; line 31
0088 LOAD_CONST           R74 constant[21]  ; line 31
0089 MOVE                 R75 <- R74  ; line 31
0090 HOST_CALL            a=76 b=22 c=75 imm=1  ; line 31
0091 MOVE                 R77 <- R55  ; line 31
0092 MOVE                 R78 <- R58  ; line 31
0093 MOVE                 R79 <- R61  ; line 31
0094 MOVE                 R80 <- R64  ; line 31
0095 MOVE                 R81 <- R67  ; line 31
0096 MOVE                 R82 <- R70  ; line 31
0097 MOVE                 R83 <- R73  ; line 31
0098 MOVE                 R84 <- R76  ; line 31
0099 ARRAY_NEW            a=85 b=77 c=8 imm=4294967295  ; line 31
0100 MOVE                 R86 <- R85  ; line 31
0101 LOAD_CONST           R87 constant[22]  ; line 33
0102 MOVE                 R88 <- R87  ; line 33
0103 HOST_CALL            a=89 b=22 c=88 imm=1  ; line 33
0104 MOVE                 R90 <- R89  ; line 33
0105 LOAD_CONST           R91 constant[23]  ; line 34
0106 MOVE                 R92 <- R91  ; line 34
0107 LOAD_CONST           R93 constant[24]  ; line 35
0108 MOVE                 R94 <- R93  ; line 35
0109 LOAD_CONST           R95 constant[25]  ; line 36
0110 MOVE                 R96 <- R95  ; line 36
0111 COMPARE              a=96 b=4 c=97 imm=2  ; line 37
0112 JUMP_IF_FALSE        R97 -> 192  ; line 37
0113 LOAD_CONST           R97 constant[26]  ; line 38
0114 MOVE                 R98 <- R97  ; line 38
0115 LOAD_CONST           R99 constant[27]  ; line 39
0116 COMPARE              a=1 b=99 c=100 imm=0  ; line 39
0117 JUMP_IF_FALSE        R100 -> 125  ; line 39
0118 LOAD_CONST           R99 constant[28]  ; line 39
0119 MOVE                 R100 <- R18  ; line 39
0120 MOVE                 R101 <- R96  ; line 39
0121 MOVE                 R102 <- R99  ; line 39
0122 CALL                 a=103 b=35 c=100 imm=3  ; line 39
0123 MOVE                 R98 <- R103  ; line 39
0124 JUMP                 -> 125  ; line 39
0125 LOAD_CONST           R99 constant[29]  ; line 40
0126 COMPARE              a=1 b=99 c=100 imm=0  ; line 40
0127 JUMP_IF_FALSE        R100 -> 138  ; line 40
0128 LOAD_CONST           R99 constant[30]  ; line 40
0129 LOAD_CONST           R100 constant[31]  ; line 40
0130 BINARY               a=3 b=96 c=101 imm=0  ; line 40
0131 MOVE                 R102 <- R99  ; line 40
0132 MOVE                 R103 <- R100  ; line 40
0133 MOVE                 R104 <- R1  ; line 40
0134 MOVE                 R105 <- R101  ; line 40
0135 CALL                 a=106 b=37 c=102 imm=4  ; line 40
0136 MOVE                 R98 <- R106  ; line 40
0137 JUMP                 -> 138  ; line 40
0138 LOAD_CONST           R99 constant[32]  ; line 41
0139 COMPARE              a=1 b=99 c=100 imm=0  ; line 41
0140 JUMP_IF_FALSE        R100 -> 150  ; line 41
0141 LOAD_CONST           R99 constant[33]  ; line 41
0142 MOVE                 R100 <- R9  ; line 41
0143 MOVE                 R101 <- R99  ; line 41
0144 HOST_CALL            a=102 b=11 c=100 imm=2  ; line 41
0145 MOVE                 R103 <- R102  ; line 41
0146 MOVE                 R104 <- R96  ; line 41
0147 HOST_CALL            a=105 b=11 c=103 imm=2  ; line 41
0148 MOVE                 R98 <- R105  ; line 41
0149 JUMP                 -> 150  ; line 41
0150 MOVE                 R99 <- R90  ; line 42
0151 MOVE                 R100 <- R98  ; line 42
0152 HOST_CALL            a=101 b=23 c=99 imm=2  ; line 42
0153 LOAD_CONST           R99 constant[34]  ; line 43
0154 MOVE                 R100 <- R9  ; line 43
0155 MOVE                 R101 <- R99  ; line 43
0156 HOST_CALL            a=102 b=11 c=100 imm=2  ; line 43
0157 MOVE                 R103 <- R102  ; line 43
0158 MOVE                 R104 <- R96  ; line 43
0159 HOST_CALL            a=105 b=11 c=103 imm=2  ; line 43
0160 COMPARE              a=98 b=105 c=106 imm=0  ; line 43
0161 JUMP_IF_FALSE        R106 -> 166  ; line 43
0162 LOAD_CONST           R99 constant[35]  ; line 43
0163 BINARY               a=92 b=99 c=100 imm=0  ; line 43
0164 MOVE                 R92 <- R100  ; line 43
0165 JUMP                 -> 166  ; line 43
0166 LOAD_CONST           R99 constant[36]  ; line 44
0167 BINARY               a=94 b=99 c=100 imm=0  ; line 44
0168 MOVE                 R94 <- R100  ; line 44
0169 MOVE                 R99 <- R52  ; line 45
0170 MOVE                 R100 <- R98  ; line 45
0171 HOST_CALL            a=101 b=11 c=99 imm=2  ; line 45
0172 LOAD_CONST           R102 constant[37]  ; line 45
0173 MOVE                 R103 <- R9  ; line 45
0174 MOVE                 R104 <- R102  ; line 45
0175 HOST_CALL            a=105 b=11 c=103 imm=2  ; line 45
0176 MOVE                 R106 <- R105  ; line 45
0177 MOVE                 R107 <- R96  ; line 45
0178 CALL                 a=108 b=20 c=106 imm=2  ; line 45
0179 MOVE                 R109 <- R101  ; line 45
0180 MOVE                 R110 <- R108  ; line 45
0181 HOST_CALL            a=111 b=23 c=109 imm=2  ; line 45
0182 MOVE                 R99 <- R86  ; line 46
0183 MOVE                 R100 <- R98  ; line 46
0184 HOST_CALL            a=101 b=11 c=99 imm=2  ; line 46
0185 MOVE                 R102 <- R101  ; line 46
0186 MOVE                 R103 <- R96  ; line 46
0187 HOST_CALL            a=104 b=23 c=102 imm=2  ; line 46
0188 LOAD_CONST           R99 constant[38]  ; line 47
0189 BINARY               a=96 b=99 c=100 imm=0  ; line 47
0190 MOVE                 R96 <- R100  ; line 47
0191 JUMP                 -> 111  ; line 47
0192 LOAD_CONST           R99 constant[39]  ; line 50
0193 MOVE                 R100 <- R99  ; line 50
0194 LOAD_CONST           R101 constant[40]  ; line 51
0195 MOVE                 R102 <- R101  ; line 51
0196 LOAD_CONST           R103 constant[41]  ; line 52
0197 COMPARE              a=1 b=103 c=104 imm=0  ; line 52
0198 JUMP_IF_FALSE        R104 -> 336  ; line 52
0199 LOAD_CONST           R103 constant[42]  ; line 53
0200 MOVE                 R104 <- R103  ; line 53
0201 HOST_CALL            a=105 b=22 c=104 imm=1  ; line 53
0202 MOVE                 R106 <- R105  ; line 53
0203 LOAD_CONST           R107 constant[43]  ; line 54
0204 MOVE                 R96 <- R107  ; line 54
0205 COMPARE              a=96 b=4 c=107 imm=2  ; line 55
0206 JUMP_IF_FALSE        R107 -> 215  ; line 55
0207 LOAD_CONST           R107 constant[44]  ; line 55
0208 MOVE                 R108 <- R106  ; line 55
0209 MOVE                 R109 <- R107  ; line 55
0210 HOST_CALL            a=110 b=23 c=108 imm=2  ; line 55
0211 LOAD_CONST           R107 constant[45]  ; line 55
0212 BINARY               a=96 b=107 c=108 imm=0  ; line 55
0213 MOVE                 R96 <- R108  ; line 55
0214 JUMP                 -> 205  ; line 55
0215 LOAD_CONST           R107 constant[46]  ; line 56
0216 MOVE                 R108 <- R107  ; line 56
0217 CALL                 a=109 b=10 c=109 imm=0  ; line 57
0218 COMPARE              a=108 b=109 c=110 imm=2  ; line 57
0219 JUMP_IF_FALSE        R110 -> 268  ; line 57
0220 LOAD_CONST           R109 constant[47]  ; line 58
0221 MOVE                 R110 <- R108  ; line 58
0222 HOST_CALL            a=111 b=21 c=110 imm=1  ; line 58
0223 LOAD_CONST           R112 constant[48]  ; line 58
0224 MOVE                 R113 <- R111  ; line 58
0225 MOVE                 R114 <- R112  ; line 58
0226 HOST_CALL            a=115 b=20 c=113 imm=2  ; line 58
0227 MOVE                 R116 <- R109  ; line 58
0228 MOVE                 R117 <- R115  ; line 58
0229 HOST_CALL            a=118 b=20 c=116 imm=2  ; line 58
0230 MOVE                 R119 <- R118  ; line 58
0231 MOVE                 R120 <- R14  ; line 60
0232 MOVE                 R121 <- R119  ; line 60
0233 CALL                 a=122 b=14 c=120 imm=2  ; line 60
0234 MOVE                 R123 <- R122  ; line 60
0235 CALL                 a=124 b=31 c=123 imm=1  ; line 60
0236 MOVE                 R125 <- R124  ; line 60
0237 LOAD_CONST           R126 constant[49]  ; line 61
0238 MOVE                 R127 <- R9  ; line 61
0239 MOVE                 R128 <- R126  ; line 61
0240 HOST_CALL            a=129 b=11 c=127 imm=2  ; line 61
0241 MOVE                 R130 <- R125  ; line 61
0242 MOVE                 R131 <- R129  ; line 61
0243 CALL                 a=132 b=34 c=130 imm=2  ; line 61
0244 MOVE                 R133 <- R132  ; line 61
0245 LOAD_CONST           R134 constant[50]  ; line 62
0246 MOVE                 R96 <- R134  ; line 62
0247 COMPARE              a=96 b=4 c=134 imm=2  ; line 63
0248 JUMP_IF_FALSE        R134 -> 264  ; line 63
0249 MOVE                 R134 <- R106  ; line 64
0250 MOVE                 R135 <- R96  ; line 64
0251 HOST_CALL            a=136 b=11 c=134 imm=2  ; line 64
0252 MOVE                 R137 <- R133  ; line 64
0253 MOVE                 R138 <- R96  ; line 64
0254 HOST_CALL            a=139 b=11 c=137 imm=2  ; line 64
0255 BINARY               a=136 b=139 c=140 imm=0  ; line 64
0256 MOVE                 R141 <- R106  ; line 64
0257 MOVE                 R142 <- R96  ; line 64
0258 MOVE                 R143 <- R140  ; line 64
0259 HOST_CALL            a=144 b=12 c=141 imm=3  ; line 64
0260 LOAD_CONST           R134 constant[51]  ; line 65
0261 BINARY               a=96 b=134 c=135 imm=0  ; line 65
0262 MOVE                 R96 <- R135  ; line 65
0263 JUMP                 -> 247  ; line 65
0264 LOAD_CONST           R134 constant[52]  ; line 67
0265 BINARY               a=108 b=134 c=135 imm=0  ; line 67
0266 MOVE                 R108 <- R135  ; line 67
0267 JUMP                 -> 217  ; line 67
0268 LOAD_CONST           R134 constant[53]  ; line 69
0269 MOVE                 R96 <- R134  ; line 69
0270 COMPARE              a=96 b=4 c=134 imm=2  ; line 70
0271 JUMP_IF_FALSE        R134 -> 331  ; line 70
0272 MOVE                 R134 <- R106  ; line 71
0273 MOVE                 R135 <- R96  ; line 71
0274 HOST_CALL            a=136 b=11 c=134 imm=2  ; line 71
0275 CALL                 a=137 b=10 c=137 imm=0  ; line 71
0276 BINARY               a=136 b=137 c=138 imm=3  ; line 71
0277 MOVE                 R139 <- R138  ; line 71
0278 LOAD_CONST           R140 constant[54]  ; line 72
0279 MOVE                 R141 <- R140  ; line 72
0280 LOAD_CONST           R142 constant[55]  ; line 73
0281 COMPARE              a=139 b=142 c=143 imm=5  ; line 73
0282 JUMP_IF_FALSE        R143 -> 297  ; line 73
0283 LOAD_CONST           R142 constant[56]  ; line 73
0284 MOVE                 R143 <- R9  ; line 73
0285 MOVE                 R144 <- R142  ; line 73
0286 HOST_CALL            a=145 b=11 c=143 imm=2  ; line 73
0287 MOVE                 R146 <- R145  ; line 73
0288 MOVE                 R147 <- R96  ; line 73
0289 HOST_CALL            a=148 b=11 c=146 imm=2  ; line 73
0290 LOAD_CONST           R149 constant[57]  ; line 73
0291 COMPARE              a=148 b=149 c=150 imm=0  ; line 73
0292 JUMP_IF_FALSE        R150 -> 296  ; line 73
0293 LOAD_CONST           R142 constant[58]  ; line 73
0294 MOVE                 R141 <- R142  ; line 73
0295 JUMP                 -> 296  ; line 73
0296 JUMP                 -> 310  ; line 73
0297 LOAD_CONST           R142 constant[59]  ; line 74
0298 MOVE                 R143 <- R9  ; line 74
0299 MOVE                 R144 <- R142  ; line 74
0300 HOST_CALL            a=145 b=11 c=143 imm=2  ; line 74
0301 MOVE                 R146 <- R145  ; line 74
0302 MOVE                 R147 <- R96  ; line 74
0303 HOST_CALL            a=148 b=11 c=146 imm=2  ; line 74
0304 LOAD_CONST           R149 constant[60]  ; line 74
0305 COMPARE              a=148 b=149 c=150 imm=0  ; line 74
0306 JUMP_IF_FALSE        R150 -> 310  ; line 74
0307 LOAD_CONST           R142 constant[61]  ; line 74
0308 MOVE                 R141 <- R142  ; line 74
0309 JUMP                 -> 310  ; line 74
0310 JUMP_IF_FALSE        R141 -> 315  ; line 75
0311 LOAD_CONST           R142 constant[62]  ; line 75
0312 BINARY               a=100 b=142 c=143 imm=0  ; line 75
0313 MOVE                 R100 <- R143  ; line 75
0314 JUMP                 -> 315  ; line 75
0315 LOAD_CONST           R142 constant[63]  ; line 76
0316 MOVE                 R143 <- R9  ; line 76
0317 MOVE                 R144 <- R142  ; line 76
0318 HOST_CALL            a=145 b=11 c=143 imm=2  ; line 76
0319 MOVE                 R146 <- R145  ; line 76
0320 MOVE                 R147 <- R96  ; line 76
0321 HOST_CALL            a=148 b=11 c=146 imm=2  ; line 76
0322 MOVE                 R149 <- R139  ; line 76
0323 MOVE                 R150 <- R148  ; line 76
0324 CALL                 a=151 b=38 c=149 imm=2  ; line 76
0325 BINARY               a=102 b=151 c=152 imm=0  ; line 76
0326 MOVE                 R102 <- R152  ; line 76
0327 LOAD_CONST           R142 constant[64]  ; line 77
0328 BINARY               a=96 b=142 c=143 imm=0  ; line 77
0329 MOVE                 R96 <- R143  ; line 77
0330 JUMP                 -> 270  ; line 77
0331 LOAD_CONST           R142 constant[65]  ; line 79
0332 MOVE                 R92 <- R142  ; line 79
0333 LOAD_CONST           R142 constant[66]  ; line 80
0334 MOVE                 R94 <- R142  ; line 80
0335 JUMP                 -> 451  ; line 80
0336 LOAD_CONST           R142 constant[67]  ; line 82
0337 MOVE                 R143 <- R142  ; line 82
0338 CALL                 a=144 b=10 c=144 imm=0  ; line 83
0339 COMPARE              a=143 b=144 c=145 imm=2  ; line 83
0340 JUMP_IF_FALSE        R145 -> 451  ; line 83
0341 MOVE                 R144 <- R86  ; line 84
0342 MOVE                 R145 <- R143  ; line 84
0343 HOST_CALL            a=146 b=11 c=144 imm=2  ; line 84
0344 MOVE                 R147 <- R146  ; line 84
0345 HOST_CALL            a=148 b=26 c=147 imm=1  ; line 84
0346 LOAD_CONST           R149 constant[68]  ; line 84
0347 COMPARE              a=148 b=149 c=150 imm=4  ; line 84
0348 JUMP_IF_FALSE        R150 -> 447  ; line 84
0349 LOAD_CONST           R144 constant[69]  ; line 85
0350 MOVE                 R145 <- R143  ; line 85
0351 HOST_CALL            a=146 b=21 c=145 imm=1  ; line 85
0352 LOAD_CONST           R147 constant[70]  ; line 85
0353 MOVE                 R148 <- R146  ; line 85
0354 MOVE                 R149 <- R147  ; line 85
0355 HOST_CALL            a=150 b=20 c=148 imm=2  ; line 85
0356 MOVE                 R151 <- R144  ; line 85
0357 MOVE                 R152 <- R150  ; line 85
0358 HOST_CALL            a=153 b=20 c=151 imm=2  ; line 85
0359 MOVE                 R154 <- R153  ; line 85
0360 MOVE                 R155 <- R14  ; line 87
0361 MOVE                 R156 <- R154  ; line 87
0362 CALL                 a=157 b=14 c=155 imm=2  ; line 87
0363 MOVE                 R158 <- R157  ; line 87
0364 CALL                 a=159 b=31 c=158 imm=1  ; line 87
0365 MOVE                 R160 <- R159  ; line 87
0366 MOVE                 R161 <- R52  ; line 88
0367 MOVE                 R162 <- R143  ; line 88
0368 HOST_CALL            a=163 b=11 c=161 imm=2  ; line 88
0369 MOVE                 R164 <- R163  ; line 88
0370 HOST_CALL            a=165 b=72 c=164 imm=1  ; line 88
0371 MOVE                 R166 <- R160  ; line 88
0372 MOVE                 R167 <- R165  ; line 88
0373 CALL                 a=168 b=34 c=166 imm=2  ; line 88
0374 MOVE                 R169 <- R168  ; line 88
0375 MOVE                 R170 <- R86  ; line 89
0376 MOVE                 R171 <- R143  ; line 89
0377 HOST_CALL            a=172 b=11 c=170 imm=2  ; line 89
0378 MOVE                 R173 <- R172  ; line 89
0379 LOAD_CONST           R174 constant[71]  ; line 90
0380 MOVE                 R175 <- R174  ; line 90
0381 MOVE                 R176 <- R173  ; line 91
0382 HOST_CALL            a=177 b=26 c=176 imm=1  ; line 91
0383 COMPARE              a=175 b=177 c=178 imm=2  ; line 91
0384 JUMP_IF_FALSE        R178 -> 446  ; line 91
0385 MOVE                 R176 <- R173  ; line 92
0386 MOVE                 R177 <- R175  ; line 92
0387 HOST_CALL            a=178 b=11 c=176 imm=2  ; line 92
0388 MOVE                 R179 <- R178  ; line 92
0389 MOVE                 R180 <- R169  ; line 93
0390 MOVE                 R181 <- R175  ; line 93
0391 HOST_CALL            a=182 b=11 c=180 imm=2  ; line 93
0392 MOVE                 R183 <- R182  ; line 93
0393 LOAD_CONST           R184 constant[72]  ; line 94
0394 MOVE                 R185 <- R184  ; line 94
0395 LOAD_CONST           R186 constant[73]  ; line 95
0396 COMPARE              a=183 b=186 c=187 imm=5  ; line 95
0397 JUMP_IF_FALSE        R187 -> 412  ; line 95
0398 LOAD_CONST           R186 constant[74]  ; line 95
0399 MOVE                 R187 <- R9  ; line 95
0400 MOVE                 R188 <- R186  ; line 95
0401 HOST_CALL            a=189 b=11 c=187 imm=2  ; line 95
0402 MOVE                 R190 <- R189  ; line 95
0403 MOVE                 R191 <- R179  ; line 95
0404 HOST_CALL            a=192 b=11 c=190 imm=2  ; line 95
0405 LOAD_CONST           R193 constant[75]  ; line 95
0406 COMPARE              a=192 b=193 c=194 imm=0  ; line 95
0407 JUMP_IF_FALSE        R194 -> 411  ; line 95
0408 LOAD_CONST           R186 constant[76]  ; line 95
0409 MOVE                 R185 <- R186  ; line 95
0410 JUMP                 -> 411  ; line 95
0411 JUMP                 -> 425  ; line 95
0412 LOAD_CONST           R186 constant[77]  ; line 96
0413 MOVE                 R187 <- R9  ; line 96
0414 MOVE                 R188 <- R186  ; line 96
0415 HOST_CALL            a=189 b=11 c=187 imm=2  ; line 96
0416 MOVE                 R190 <- R189  ; line 96
0417 MOVE                 R191 <- R179  ; line 96
0418 HOST_CALL            a=192 b=11 c=190 imm=2  ; line 96
0419 LOAD_CONST           R193 constant[78]  ; line 96
0420 COMPARE              a=192 b=193 c=194 imm=0  ; line 96
0421 JUMP_IF_FALSE        R194 -> 425  ; line 96
0422 LOAD_CONST           R186 constant[79]  ; line 96
0423 MOVE                 R185 <- R186  ; line 96
0424 JUMP                 -> 425  ; line 96
0425 JUMP_IF_FALSE        R185 -> 430  ; line 97
0426 LOAD_CONST           R186 constant[80]  ; line 97
0427 BINARY               a=100 b=186 c=187 imm=0  ; line 97
0428 MOVE                 R100 <- R187  ; line 97
0429 JUMP                 -> 430  ; line 97
0430 LOAD_CONST           R186 constant[81]  ; line 98
0431 MOVE                 R187 <- R9  ; line 98
0432 MOVE                 R188 <- R186  ; line 98
0433 HOST_CALL            a=189 b=11 c=187 imm=2  ; line 98
0434 MOVE                 R190 <- R189  ; line 98
0435 MOVE                 R191 <- R179  ; line 98
0436 HOST_CALL            a=192 b=11 c=190 imm=2  ; line 98
0437 MOVE                 R193 <- R183  ; line 98
0438 MOVE                 R194 <- R192  ; line 98
0439 CALL                 a=195 b=38 c=193 imm=2  ; line 98
0440 BINARY               a=102 b=195 c=196 imm=0  ; line 98
0441 MOVE                 R102 <- R196  ; line 98
0442 LOAD_CONST           R186 constant[82]  ; line 99
0443 BINARY               a=175 b=186 c=187 imm=0  ; line 99
0444 MOVE                 R175 <- R187  ; line 99
0445 JUMP                 -> 381  ; line 99
0446 JUMP                 -> 447  ; line 99
0447 LOAD_CONST           R186 constant[83]  ; line 102
0448 BINARY               a=143 b=186 c=187 imm=0  ; line 102
0449 MOVE                 R143 <- R187  ; line 102
0450 JUMP                 -> 338  ; line 102
0451 LOAD_CONST           R186 constant[84]  ; line 106
0452 LOAD_CONST           R187 constant[85]  ; line 106
0453 LOAD_CONST           R188 constant[86]  ; line 106
0454 LOAD_CONST           R189 constant[87]  ; line 106
0455 LOAD_CONST           R190 constant[88]  ; line 106
0456 LOAD_CONST           R191 constant[89]  ; line 106
0457 LOAD_CONST           R192 constant[90]  ; line 106
0458 LOAD_CONST           R193 constant[91]  ; line 106
0459 LOAD_CONST           R194 constant[92]  ; line 106
0460 LOAD_CONST           R195 constant[93]  ; line 106
0461 MOVE                 R196 <- R186  ; line 106
0462 MOVE                 R197 <- R1  ; line 106
0463 MOVE                 R198 <- R187  ; line 106
0464 MOVE                 R199 <- R2  ; line 106
0465 MOVE                 R200 <- R188  ; line 106
0466 MOVE                 R201 <- R3  ; line 106
0467 MOVE                 R202 <- R189  ; line 106
0468 MOVE                 R203 <- R4  ; line 106
0469 MOVE                 R204 <- R190  ; line 106
0470 MOVE                 R205 <- R100  ; line 106
0471 MOVE                 R206 <- R191  ; line 106
0472 MOVE                 R207 <- R102  ; line 106
0473 MOVE                 R208 <- R192  ; line 106
0474 MOVE                 R209 <- R92  ; line 106
0475 MOVE                 R210 <- R193  ; line 106
0476 MOVE                 R211 <- R94  ; line 106
0477 MOVE                 R212 <- R194  ; line 106
0478 MOVE                 R213 <- R195  ; line 106
0479 HOST_CALL            a=214 b=6 c=196 imm=18  ; line 106
0480 MOVE                 R215 <- R5  ; line 106
0481 MOVE                 R216 <- R214  ; line 106
0482 CALL                 a=217 b=22 c=215 imm=2  ; line 106
0483 LOAD_CONST           R186 constant[94]  ; line 110
0484 LOAD_CONST           R187 constant[95]  ; line 110
0485 LOAD_CONST           R188 constant[96]  ; line 110
0486 LOAD_CONST           R189 constant[97]  ; line 110
0487 MOVE                 R190 <- R186  ; line 110
0488 MOVE                 R191 <- R1  ; line 110
0489 MOVE                 R192 <- R187  ; line 110
0490 MOVE                 R193 <- R3  ; line 110
0491 MOVE                 R194 <- R188  ; line 110
0492 MOVE                 R195 <- R4  ; line 110
0493 MOVE                 R196 <- R189  ; line 110
0494 MOVE                 R197 <- R100  ; line 110
0495 HOST_CALL            a=198 b=6 c=190 imm=8  ; line 110
0496 MOVE                 R199 <- R198  ; line 110
0497 HOST_CALL            a=200 b=14 c=199 imm=1  ; line 110
0498 PRINT                R200  ; line 110
0499 LOAD_CONST           R201 constant[98]  ; line 110
0500 RETURN               R201  ; line 110
0501 LOAD_CONST           R0 constant[99]  ; line 5
0502 RETURN               R0  ; line 5
0503 LOAD_CONST           R1 constant[100]  ; line 5
0504 RETURN               R1  ; line 5
0505 LOAD_CONST           R0 constant[101]  ; line 6
0506 RETURN               R0  ; line 6
0507 LOAD_CONST           R1 constant[102]  ; line 6
0508 RETURN               R1  ; line 6
0509 LOAD_CONST           R0 constant[103]  ; line 7
0510 RETURN               R0  ; line 7
0511 LOAD_CONST           R1 constant[104]  ; line 7
0512 RETURN               R1  ; line 7
0513 LOAD_CONST           R0 constant[105]  ; line 8
0514 RETURN               R0  ; line 8
0515 LOAD_CONST           R1 constant[106]  ; line 8
0516 RETURN               R1  ; line 8
0517 LOAD_CONST           R0 constant[107]  ; line 9
0518 RETURN               R0  ; line 9
0519 LOAD_CONST           R1 constant[108]  ; line 9
0520 RETURN               R1  ; line 9
0521 LOAD_CONST           R0 constant[109]  ; line 10
0522 RETURN               R0  ; line 10
0523 LOAD_CONST           R1 constant[110]  ; line 10
0524 RETURN               R1  ; line 10
0525 LOAD_CONST           R0 constant[111]  ; line 11
0526 RETURN               R0  ; line 11
0527 LOAD_CONST           R1 constant[112]  ; line 11
0528 RETURN               R1  ; line 11
0529 LOAD_CONST           R1 constant[113]  ; line 13
0530 COMPARE              a=0 b=1 c=2 imm=0  ; line 13
0531 JUMP_IF_FALSE        R2 -> 535  ; line 13
0532 LOAD_CONST           R1 constant[114]  ; line 13
0533 RETURN               R1  ; line 13
0534 JUMP                 -> 535  ; line 13
0535 LOAD_CONST           R1 constant[115]  ; line 14
0536 COMPARE              a=0 b=1 c=2 imm=0  ; line 14
0537 JUMP_IF_FALSE        R2 -> 541  ; line 14
0538 LOAD_CONST           R1 constant[116]  ; line 14
0539 RETURN               R1  ; line 14
0540 JUMP                 -> 541  ; line 14
0541 CALL                 a=1 b=7 c=1 imm=0  ; line 15
0542 RETURN               R1  ; line 15
0543 LOAD_CONST           R2 constant[117]  ; line 15
0544 RETURN               R2  ; line 15
0545 LOAD_CONST           R1 constant[118]  ; line 18
0546 COMPARE              a=0 b=1 c=2 imm=0  ; line 18
0547 JUMP_IF_FALSE        R2 -> 551  ; line 18
0548 CALL                 a=1 b=6 c=1 imm=0  ; line 18
0549 RETURN               R1  ; line 18
0550 JUMP                 -> 551  ; line 18
0551 LOAD_CONST           R1 constant[119]  ; line 19
0552 COMPARE              a=0 b=1 c=2 imm=0  ; line 19
0553 JUMP_IF_FALSE        R2 -> 557  ; line 19
0554 CALL                 a=1 b=6 c=1 imm=0  ; line 19
0555 RETURN               R1  ; line 19
0556 JUMP                 -> 557  ; line 19
0557 LOAD_CONST           R1 constant[120]  ; line 20
0558 COMPARE              a=0 b=1 c=2 imm=0  ; line 20
0559 JUMP_IF_FALSE        R2 -> 563  ; line 20
0560 CALL                 a=1 b=6 c=1 imm=0  ; line 20
0561 RETURN               R1  ; line 20
0562 JUMP                 -> 563  ; line 20
0563 CALL                 a=1 b=5 c=1 imm=0  ; line 21
0564 RETURN               R1  ; line 21
0565 LOAD_CONST           R2 constant[121]  ; line 21
0566 RETURN               R2  ; line 21
0567 LOAD_CONST           R0 constant[122]  ; line 23
0568 RETURN               R0  ; line 23
0569 LOAD_CONST           R1 constant[123]  ; line 23
0570 RETURN               R1  ; line 23
0571 LOAD_CONST           R0 constant[124]  ; line 24
0572 RETURN               R0  ; line 24
0573 LOAD_CONST           R1 constant[125]  ; line 24
0574 RETURN               R1  ; line 24
0575 LOAD_CONST           R0 constant[126]  ; line 25
0576 RETURN               R0  ; line 25
0577 LOAD_CONST           R1 constant[127]  ; line 25
0578 RETURN               R1  ; line 25
0579 LOAD_CONST           R0 constant[128]  ; line 26
0580 RETURN               R0  ; line 26
0581 LOAD_CONST           R1 constant[129]  ; line 26
0582 RETURN               R1  ; line 26
0583 LOAD_CONST           R2 constant[130]  ; line 29
0584 MOVE                 R3 <- R0  ; line 29
0585 MOVE                 R4 <- R2  ; line 29
0586 HOST_CALL            a=5 b=20 c=3 imm=2  ; line 29
0587 MOVE                 R6 <- R5  ; line 29
0588 MOVE                 R7 <- R1  ; line 29
0589 HOST_CALL            a=8 b=20 c=6 imm=2  ; line 29
0590 RETURN               R8  ; line 29
0591 LOAD_CONST           R9 constant[131]  ; line 29
0592 RETURN               R9  ; line 29
0593 CALL                 a=0 b=1 c=0 imm=0  ; line 33
0594 LAZY                 R1 <- lazy(function[18], bound=R0)  ; line 33
0595 RETURN               R1  ; line 33
0596 LOAD_CONST           R2 constant[132]  ; line 33
0597 RETURN               R2  ; line 33
0598 LOAD_CONST           R2 constant[133]  ; line 37
0599 BINARY               a=0 b=2 c=3 imm=0  ; line 37
0600 MOVE                 R4 <- R3  ; line 37
0601 LOAD_CONST           R5 constant[134]  ; line 38
0602 BINARY               a=1 b=5 c=6 imm=0  ; line 38
0603 MOVE                 R7 <- R6  ; line 38
0604 CALL                 a=8 b=12 c=8 imm=0  ; line 39
0605 LOAD_CONST           R9 constant[135]  ; line 39
0606 BINARY               a=4 b=9 c=10 imm=2  ; line 39
0607 BINARY               a=8 b=10 c=11 imm=0  ; line 39
0608 LOAD_CONST           R12 constant[136]  ; line 39
0609 BINARY               a=7 b=12 c=13 imm=2  ; line 39
0610 BINARY               a=11 b=13 c=14 imm=0  ; line 39
0611 BINARY               a=4 b=7 c=15 imm=2  ; line 39
0612 LOAD_CONST           R16 constant[137]  ; line 39
0613 BINARY               a=15 b=16 c=17 imm=2  ; line 39
0614 BINARY               a=14 b=17 c=18 imm=0  ; line 39
0615 MOVE                 R19 <- R18  ; line 39
0616 LOAD_CONST           R20 constant[138]  ; line 40
0617 MOVE                 R21 <- R19  ; line 40
0618 MOVE                 R22 <- R20  ; line 40
0619 CALL                 a=23 b=52 c=21 imm=2  ; line 40
0620 MOVE                 R19 <- R23  ; line 40
0621 LOAD_CONST           R20 constant[139]  ; line 41
0622 BINARY               a=19 b=20 c=21 imm=3  ; line 41
0623 LOAD_CONST           R22 constant[140]  ; line 41
0624 BINARY               a=21 b=22 c=23 imm=2  ; line 41
0625 LOAD_CONST           R24 constant[141]  ; line 41
0626 BINARY               a=23 b=24 c=25 imm=1  ; line 41
0627 RETURN               R25  ; line 41
0628 LOAD_CONST           R26 constant[142]  ; line 41
0629 RETURN               R26  ; line 41
0630 LOAD_CONST           R2 constant[143]  ; line 45
0631 LOAD_CONST           R3 constant[144]  ; line 45
0632 LOAD_CONST           R4 constant[145]  ; line 45
0633 MOVE                 R5 <- R2  ; line 45
0634 MOVE                 R6 <- R3  ; line 45
0635 MOVE                 R7 <- R4  ; line 45
0636 ARRAY_NEW            a=8 b=5 c=3 imm=4294967295  ; line 45
0637 MOVE                 R9 <- R8  ; line 45
0638 MOVE                 R10 <- R9  ; line 46
0639 MOVE                 R11 <- R1  ; line 46
0640 HOST_CALL            a=12 b=11 c=10 imm=2  ; line 46
0641 MOVE                 R13 <- R0  ; line 46
0642 MOVE                 R14 <- R12  ; line 46
0643 CALL                 a=15 b=51 c=13 imm=2  ; line 46
0644 LOAD_CONST           R16 constant[146]  ; line 46
0645 MOVE                 R17 <- R15  ; line 46
0646 MOVE                 R18 <- R16  ; line 46
0647 CALL                 a=19 b=52 c=17 imm=2  ; line 46
0648 MOVE                 R20 <- R19  ; line 46
0649 LOAD_CONST           R21 constant[147]  ; line 47
0650 COMPARE              a=20 b=21 c=22 imm=0  ; line 47
0651 JUMP_IF_FALSE        R22 -> 656  ; line 47
0652 LOAD_CONST           R21 constant[148]  ; line 47
0653 UNARY                a=21 b=22 c=4294967295 imm=0  ; line 47
0654 RETURN               R22  ; line 47
0655 JUMP                 -> 656  ; line 47
0656 LOAD_CONST           R21 constant[149]  ; line 48
0657 RETURN               R21  ; line 48
0658 LOAD_CONST           R22 constant[150]  ; line 48
0659 RETURN               R22  ; line 48
0660 CALL                 a=1 b=10 c=1 imm=0  ; line 52
0661 MOVE                 R2 <- R0  ; line 52
0662 MOVE                 R3 <- R1  ; line 52
0663 CALL                 a=4 b=52 c=2 imm=2  ; line 52
0664 MOVE                 R5 <- R4  ; line 52
0665 LOAD_CONST           R6 constant[151]  ; line 53
0666 MOVE                 R7 <- R6  ; line 53
0667 HOST_CALL            a=8 b=22 c=7 imm=1  ; line 53
0668 MOVE                 R9 <- R8  ; line 53
0669 LOAD_CONST           R10 constant[152]  ; line 54
0670 MOVE                 R11 <- R10  ; line 54
0671 LOAD_CONST           R12 constant[153]  ; line 55
0672 COMPARE              a=11 b=12 c=13 imm=2  ; line 55
0673 JUMP_IF_FALSE        R13 -> 684  ; line 55
0674 MOVE                 R12 <- R5  ; line 56
0675 MOVE                 R13 <- R11  ; line 56
0676 CALL                 a=14 b=17 c=12 imm=2  ; line 56
0677 MOVE                 R15 <- R9  ; line 56
0678 MOVE                 R16 <- R14  ; line 56
0679 HOST_CALL            a=17 b=23 c=15 imm=2  ; line 56
0680 LOAD_CONST           R12 constant[154]  ; line 57
0681 BINARY               a=11 b=12 c=13 imm=0  ; line 57
0682 MOVE                 R11 <- R13  ; line 57
0683 JUMP                 -> 671  ; line 57
0684 LOAD_CONST           R12 constant[155]  ; line 59
0685 MOVE                 R13 <- R12  ; line 59
0686 HOST_CALL            a=14 b=22 c=13 imm=1  ; line 59
0687 MOVE                 R15 <- R14  ; line 59
0688 LOAD_CONST           R16 constant[156]  ; line 60
0689 MOVE                 R17 <- R16  ; line 60
0690 LOAD_CONST           R18 constant[157]  ; line 61
0691 COMPARE              a=17 b=18 c=19 imm=2  ; line 61
0692 JUMP_IF_FALSE        R19 -> 703  ; line 61
0693 MOVE                 R18 <- R0  ; line 62
0694 MOVE                 R19 <- R17  ; line 62
0695 CALL                 a=20 b=16 c=18 imm=2  ; line 62
0696 MOVE                 R21 <- R15  ; line 62
0697 MOVE                 R22 <- R20  ; line 62
0698 HOST_CALL            a=23 b=23 c=21 imm=2  ; line 62
0699 LOAD_CONST           R18 constant[158]  ; line 63
0700 BINARY               a=17 b=18 c=19 imm=0  ; line 63
0701 MOVE                 R17 <- R19  ; line 63
0702 JUMP                 -> 690  ; line 63
0703 LOAD_CONST           R18 constant[159]  ; line 65
0704 MOVE                 R17 <- R18  ; line 65
0705 LOAD_CONST           R18 constant[160]  ; line 66
0706 COMPARE              a=17 b=18 c=19 imm=2  ; line 66
0707 JUMP_IF_FALSE        R19 -> 718  ; line 66
0708 MOVE                 R18 <- R15  ; line 67
0709 MOVE                 R19 <- R17  ; line 67
0710 HOST_CALL            a=20 b=11 c=18 imm=2  ; line 67
0711 MOVE                 R21 <- R9  ; line 67
0712 MOVE                 R22 <- R20  ; line 67
0713 HOST_CALL            a=23 b=23 c=21 imm=2  ; line 67
0714 LOAD_CONST           R18 constant[161]  ; line 68
0715 BINARY               a=17 b=18 c=19 imm=0  ; line 68
0716 MOVE                 R17 <- R19  ; line 68
0717 JUMP                 -> 705  ; line 68
0718 LOAD_CONST           R18 constant[162]  ; line 70
0719 MOVE                 R19 <- R18  ; line 70
0720 LOAD_CONST           R20 constant[163]  ; line 71
0721 MOVE                 R21 <- R5  ; line 71
0722 MOVE                 R22 <- R20  ; line 71
0723 CALL                 a=23 b=52 c=21 imm=2  ; line 71
0724 LOAD_CONST           R24 constant[164]  ; line 71
0725 COMPARE              a=23 b=24 c=25 imm=0  ; line 71
0726 JUMP_IF_FALSE        R25 -> 731  ; line 71
0727 LOAD_CONST           R20 constant[165]  ; line 71
0728 UNARY                a=20 b=21 c=4294967295 imm=0  ; line 71
0729 MOVE                 R19 <- R21  ; line 71
0730 JUMP                 -> 731  ; line 71
0731 LOAD_CONST           R20 constant[166]  ; line 72
0732 BINARY               a=5 b=20 c=21 imm=0  ; line 72
0733 LOAD_CONST           R22 constant[167]  ; line 72
0734 MOVE                 R23 <- R21  ; line 72
0735 MOVE                 R24 <- R22  ; line 72
0736 CALL                 a=25 b=52 c=23 imm=2  ; line 72
0737 MOVE                 R26 <- R25  ; line 72
0738 MOVE                 R27 <- R15  ; line 73
0739 MOVE                 R28 <- R5  ; line 73
0740 HOST_CALL            a=29 b=11 c=27 imm=2  ; line 73
0741 BINARY               a=19 b=29 c=30 imm=2  ; line 73
0742 LOAD_CONST           R31 constant[168]  ; line 73
0743 MOVE                 R32 <- R15  ; line 73
0744 MOVE                 R33 <- R26  ; line 73
0745 HOST_CALL            a=34 b=11 c=32 imm=2  ; line 73
0746 BINARY               a=31 b=34 c=35 imm=2  ; line 73
0747 BINARY               a=30 b=35 c=36 imm=0  ; line 73
0748 LOAD_CONST           R37 constant[169]  ; line 73
0749 LOAD_CONST           R38 constant[170]  ; line 73
0750 BINARY               a=5 b=38 c=39 imm=1  ; line 73
0751 BINARY               a=37 b=39 c=40 imm=2  ; line 73
0752 BINARY               a=36 b=40 c=41 imm=0  ; line 73
0753 MOVE                 R42 <- R41  ; line 73
0754 LOAD_CONST           R43 constant[171]  ; line 75
0755 MOVE                 R44 <- R43  ; line 75
0756 LOAD_CONST           R45 constant[172]  ; line 76
0757 COMPARE              a=42 b=45 c=46 imm=5  ; line 76
0758 JUMP_IF_FALSE        R46 -> 762  ; line 76
0759 LOAD_CONST           R45 constant[173]  ; line 76
0760 MOVE                 R44 <- R45  ; line 76
0761 JUMP                 -> 762  ; line 76
0762 LOAD_CONST           R45 constant[174]  ; line 77
0763 LOAD_CONST           R46 constant[175]  ; line 77
0764 LOAD_CONST           R47 constant[176]  ; line 77
0765 MOVE                 R48 <- R45  ; line 77
0766 MOVE                 R49 <- R9  ; line 77
0767 MOVE                 R50 <- R46  ; line 77
0768 MOVE                 R51 <- R44  ; line 77
0769 MOVE                 R52 <- R47  ; line 77
0770 MOVE                 R53 <- R5  ; line 77
0771 HOST_CALL            a=54 b=6 c=48 imm=6  ; line 77
0772 RETURN               R54  ; line 77
0773 LOAD_CONST           R55 constant[177]  ; line 77
0774 RETURN               R55  ; line 77
0775 CALL                 a=2 b=15 c=2 imm=0  ; line 81
0776 MOVE                 R3 <- R2  ; line 81
0777 LOAD_CONST           R4 constant[178]  ; line 82
0778 MOVE                 R5 <- R4  ; line 82
0779 HOST_CALL            a=6 b=22 c=5 imm=1  ; line 82
0780 MOVE                 R7 <- R6  ; line 82
0781 LOAD_CONST           R8 constant[179]  ; line 83
0782 MOVE                 R9 <- R8  ; line 83
0783 HOST_CALL            a=10 b=22 c=9 imm=1  ; line 83
0784 MOVE                 R11 <- R10  ; line 83
0785 LOAD_CONST           R12 constant[180]  ; line 84
0786 MOVE                 R13 <- R12  ; line 84
0787 HOST_CALL            a=14 b=22 c=13 imm=1  ; line 84
0788 MOVE                 R15 <- R14  ; line 84
0789 LOAD_CONST           R16 constant[181]  ; line 85
0790 MOVE                 R17 <- R16  ; line 85
0791 COMPARE              a=17 b=1 c=18 imm=2  ; line 86
0792 JUMP_IF_FALSE        R18 -> 821  ; line 86
0793 BINARY               a=0 b=17 c=18 imm=0  ; line 87
0794 FORCE                R19 <- force(R3, index=R18)  ; line 87
0795 MOVE                 R20 <- R19  ; line 87
0796 LOAD_CONST           R21 constant[182]  ; line 88
0797 MOVE                 R22 <- R20  ; line 88
0798 MOVE                 R23 <- R21  ; line 88
0799 HOST_CALL            a=24 b=11 c=22 imm=2  ; line 88
0800 MOVE                 R25 <- R7  ; line 88
0801 MOVE                 R26 <- R24  ; line 88
0802 HOST_CALL            a=27 b=23 c=25 imm=2  ; line 88
0803 LOAD_CONST           R21 constant[183]  ; line 89
0804 MOVE                 R22 <- R20  ; line 89
0805 MOVE                 R23 <- R21  ; line 89
0806 HOST_CALL            a=24 b=11 c=22 imm=2  ; line 89
0807 MOVE                 R25 <- R11  ; line 89
0808 MOVE                 R26 <- R24  ; line 89
0809 HOST_CALL            a=27 b=23 c=25 imm=2  ; line 89
0810 LOAD_CONST           R21 constant[184]  ; line 90
0811 MOVE                 R22 <- R20  ; line 90
0812 MOVE                 R23 <- R21  ; line 90
0813 HOST_CALL            a=24 b=11 c=22 imm=2  ; line 90
0814 MOVE                 R25 <- R15  ; line 90
0815 MOVE                 R26 <- R24  ; line 90
0816 HOST_CALL            a=27 b=23 c=25 imm=2  ; line 90
0817 LOAD_CONST           R21 constant[185]  ; line 91
0818 BINARY               a=17 b=21 c=22 imm=0  ; line 91
0819 MOVE                 R17 <- R22  ; line 91
0820 JUMP                 -> 791  ; line 91
0821 LOAD_CONST           R21 constant[186]  ; line 93
0822 MOVE                 R22 <- R7  ; line 93
0823 HOST_CALL            a=23 b=72 c=22 imm=1  ; line 93
0824 LOAD_CONST           R24 constant[187]  ; line 93
0825 MOVE                 R25 <- R11  ; line 93
0826 HOST_CALL            a=26 b=72 c=25 imm=1  ; line 93
0827 LOAD_CONST           R27 constant[188]  ; line 93
0828 MOVE                 R28 <- R21  ; line 93
0829 MOVE                 R29 <- R23  ; line 93
0830 MOVE                 R30 <- R24  ; line 93
0831 MOVE                 R31 <- R26  ; line 93
0832 MOVE                 R32 <- R27  ; line 93
0833 MOVE                 R33 <- R15  ; line 93
0834 HOST_CALL            a=34 b=6 c=28 imm=6  ; line 93
0835 RETURN               R34  ; line 93
0836 LOAD_CONST           R35 constant[189]  ; line 93
0837 RETURN               R35  ; line 93
0838 LOAD_CONST           R2 constant[190]  ; line 97
0839 MOVE                 R3 <- R2  ; line 97
0840 HOST_CALL            a=4 b=22 c=3 imm=1  ; line 97
0841 MOVE                 R5 <- R4  ; line 97
0842 LOAD_CONST           R6 constant[191]  ; line 98
0843 MOVE                 R7 <- R6  ; line 98
0844 MOVE                 R8 <- R0  ; line 99
0845 HOST_CALL            a=9 b=61 c=8 imm=1  ; line 99
0846 LOAD_CONST           R10 constant[192]  ; line 99
0847 MOVE                 R11 <- R9  ; line 99
0848 MOVE                 R12 <- R10  ; line 99
0849 HOST_CALL            a=13 b=11 c=11 imm=2  ; line 99
0850 COMPARE              a=7 b=13 c=14 imm=2  ; line 99
0851 JUMP_IF_FALSE        R14 -> 865  ; line 99
0852 MOVE                 R8 <- R1  ; line 100
0853 MOVE                 R9 <- R7  ; line 100
0854 ARRAY_NEW            a=10 b=8 c=2 imm=4294967295  ; line 100
0855 MOVE                 R11 <- R0  ; line 100
0856 MOVE                 R12 <- R10  ; line 100
0857 HOST_CALL            a=13 b=11 c=11 imm=2  ; line 100
0858 MOVE                 R14 <- R5  ; line 100
0859 MOVE                 R15 <- R13  ; line 100
0860 HOST_CALL            a=16 b=23 c=14 imm=2  ; line 100
0861 LOAD_CONST           R8 constant[193]  ; line 101
0862 BINARY               a=7 b=8 c=9 imm=0  ; line 101
0863 MOVE                 R7 <- R9  ; line 101
0864 JUMP                 -> 844  ; line 101
0865 RETURN               R5  ; line 103
0866 LOAD_CONST           R8 constant[194]  ; line 103
0867 RETURN               R8  ; line 103
0868 LOAD_CONST           R2 constant[195]  ; line 107
0869 MOVE                 R3 <- R2  ; line 107
0870 HOST_CALL            a=4 b=22 c=3 imm=1  ; line 107
0871 MOVE                 R5 <- R4  ; line 107
0872 LOAD_CONST           R6 constant[196]  ; line 108
0873 MOVE                 R7 <- R6  ; line 108
0874 HOST_CALL            a=8 b=22 c=7 imm=1  ; line 108
0875 MOVE                 R9 <- R8  ; line 108
0876 LOAD_CONST           R10 constant[197]  ; line 109
0877 MOVE                 R11 <- R10  ; line 109
0878 LOAD_CONST           R12 constant[198]  ; line 110
0879 MOVE                 R13 <- R0  ; line 110
0880 MOVE                 R14 <- R12  ; line 110
0881 HOST_CALL            a=15 b=11 c=13 imm=2  ; line 110
0882 MOVE                 R16 <- R15  ; line 110
0883 HOST_CALL            a=17 b=26 c=16 imm=1  ; line 110
0884 COMPARE              a=11 b=17 c=18 imm=2  ; line 110
0885 JUMP_IF_FALSE        R18 -> 920  ; line 110
0886 LOAD_CONST           R12 constant[199]  ; line 111
0887 MOVE                 R13 <- R0  ; line 111
0888 MOVE                 R14 <- R12  ; line 111
0889 HOST_CALL            a=15 b=11 c=13 imm=2  ; line 111
0890 MOVE                 R16 <- R15  ; line 111
0891 MOVE                 R17 <- R11  ; line 111
0892 HOST_CALL            a=18 b=11 c=16 imm=2  ; line 111
0893 COMPARE              a=18 b=1 c=19 imm=0  ; line 111
0894 JUMP_IF_FALSE        R19 -> 916  ; line 111
0895 LOAD_CONST           R12 constant[200]  ; line 112
0896 MOVE                 R13 <- R0  ; line 112
0897 MOVE                 R14 <- R12  ; line 112
0898 HOST_CALL            a=15 b=11 c=13 imm=2  ; line 112
0899 MOVE                 R16 <- R15  ; line 112
0900 MOVE                 R17 <- R11  ; line 112
0901 CALL                 a=18 b=20 c=16 imm=2  ; line 112
0902 MOVE                 R19 <- R5  ; line 112
0903 MOVE                 R20 <- R18  ; line 112
0904 HOST_CALL            a=21 b=23 c=19 imm=2  ; line 112
0905 LOAD_CONST           R12 constant[201]  ; line 113
0906 MOVE                 R13 <- R0  ; line 113
0907 MOVE                 R14 <- R12  ; line 113
0908 HOST_CALL            a=15 b=11 c=13 imm=2  ; line 113
0909 MOVE                 R16 <- R15  ; line 113
0910 MOVE                 R17 <- R11  ; line 113
0911 HOST_CALL            a=18 b=11 c=16 imm=2  ; line 113
0912 MOVE                 R19 <- R9  ; line 113
0913 MOVE                 R20 <- R18  ; line 113
0914 HOST_CALL            a=21 b=23 c=19 imm=2  ; line 113
0915 JUMP                 -> 916  ; line 113
0916 LOAD_CONST           R12 constant[202]  ; line 115
0917 BINARY               a=11 b=12 c=13 imm=0  ; line 115
0918 MOVE                 R11 <- R13  ; line 115
0919 JUMP                 -> 878  ; line 115
0920 LOAD_CONST           R12 constant[203]  ; line 117
0921 MOVE                 R13 <- R5  ; line 117
0922 HOST_CALL            a=14 b=72 c=13 imm=1  ; line 117
0923 LOAD_CONST           R15 constant[204]  ; line 117
0924 MOVE                 R16 <- R9  ; line 117
0925 HOST_CALL            a=17 b=72 c=16 imm=1  ; line 117
0926 MOVE                 R18 <- R12  ; line 117
0927 MOVE                 R19 <- R14  ; line 117
0928 MOVE                 R20 <- R15  ; line 117
0929 MOVE                 R21 <- R17  ; line 117
0930 HOST_CALL            a=22 b=6 c=18 imm=4  ; line 117
0931 RETURN               R22  ; line 117
0932 LOAD_CONST           R23 constant[205]  ; line 117
0933 RETURN               R23  ; line 117
0934 MOVE                 R2 <- R1  ; line 121
0935 CALL                 a=3 b=45 c=2 imm=1  ; line 121
0936 MOVE                 R4 <- R0  ; line 121
0937 MOVE                 R5 <- R3  ; line 121
0938 HOST_CALL            a=6 b=51 c=4 imm=2  ; line 121
0939 LOAD_CONST           R2 constant[206]  ; line 122
0940 RETURN               R2  ; line 122
0941 LOAD_CONST           R3 constant[207]  ; line 122
0942 RETURN               R3  ; line 122
0943 MOVE                 R1 <- R0  ; line 126
0944 HOST_CALL            a=2 b=1 c=1 imm=1  ; line 126
0945 MOVE                 R3 <- R2  ; line 126
0946 CALL                 a=4 b=44 c=3 imm=1  ; line 126
0947 MOVE                 R5 <- R4  ; line 126
0948 LOAD_CONST           R6 constant[208]  ; line 127
0949 MOVE                 R7 <- R5  ; line 127
0950 MOVE                 R8 <- R6  ; line 127
0951 HOST_CALL            a=9 b=11 c=7 imm=2  ; line 127
0952 LOAD_CONST           R10 constant[209]  ; line 127
0953 MOVE                 R11 <- R10  ; line 127
0954 MOVE                 R12 <- R0  ; line 127
0955 HOST_CALL            a=13 b=20 c=11 imm=2  ; line 127
0956 MOVE                 R14 <- R9  ; line 127
0957 MOVE                 R15 <- R13  ; line 127
0958 HOST_CALL            a=16 b=5 c=14 imm=2  ; line 127
0959 LOAD_CONST           R6 constant[210]  ; line 128
0960 MOVE                 R7 <- R5  ; line 128
0961 MOVE                 R8 <- R6  ; line 128
0962 HOST_CALL            a=9 b=11 c=7 imm=2  ; line 128
0963 RETURN               R9  ; line 128
0964 LOAD_CONST           R10 constant[211]  ; line 128
0965 RETURN               R10  ; line 128
0966 LOAD_CONST           R1 constant[212]  ; line 132
0967 MOVE                 R2 <- R1  ; line 132
0968 HOST_CALL            a=3 b=22 c=2 imm=1  ; line 132
0969 MOVE                 R4 <- R3  ; line 132
0970 LOAD_CONST           R5 constant[213]  ; line 133
0971 MOVE                 R6 <- R5  ; line 133
0972 MOVE                 R7 <- R0  ; line 134
0973 HOST_CALL            a=8 b=61 c=7 imm=1  ; line 134
0974 LOAD_CONST           R9 constant[214]  ; line 134
0975 MOVE                 R10 <- R8  ; line 134
0976 MOVE                 R11 <- R9  ; line 134
0977 HOST_CALL            a=12 b=11 c=10 imm=2  ; line 134
0978 COMPARE              a=6 b=12 c=13 imm=2  ; line 134
0979 JUMP_IF_FALSE        R13 -> 990  ; line 134
0980 MOVE                 R7 <- R0  ; line 135
0981 MOVE                 R8 <- R6  ; line 135
0982 HOST_CALL            a=9 b=11 c=7 imm=2  ; line 135
0983 MOVE                 R10 <- R4  ; line 135
0984 MOVE                 R11 <- R9  ; line 135
0985 HOST_CALL            a=12 b=23 c=10 imm=2  ; line 135
0986 LOAD_CONST           R7 constant[215]  ; line 136
0987 BINARY               a=6 b=7 c=8 imm=0  ; line 136
0988 MOVE                 R6 <- R8  ; line 136
0989 JUMP                 -> 972  ; line 136
0990 RETURN               R4  ; line 138
0991 LOAD_CONST           R7 constant[216]  ; line 138
0992 RETURN               R7  ; line 138
0993 LOAD_CONST           R1 constant[217]  ; line 142
0994 MOVE                 R2 <- R1  ; line 142
0995 HOST_CALL            a=3 b=22 c=2 imm=1  ; line 142
0996 MOVE                 R4 <- R3  ; line 142
0997 MOVE                 R5 <- R0  ; line 143
0998 HOST_CALL            a=6 b=61 c=5 imm=1  ; line 143
0999 LOAD_CONST           R7 constant[218]  ; line 143
1000 MOVE                 R8 <- R6  ; line 143
1001 MOVE                 R9 <- R7  ; line 143
1002 HOST_CALL            a=10 b=11 c=8 imm=2  ; line 143
1003 MOVE                 R11 <- R10  ; line 143
1004 MOVE                 R12 <- R0  ; line 144
1005 HOST_CALL            a=13 b=61 c=12 imm=1  ; line 144
1006 LOAD_CONST           R14 constant[219]  ; line 144
1007 MOVE                 R15 <- R13  ; line 144
1008 MOVE                 R16 <- R14  ; line 144
1009 HOST_CALL            a=17 b=11 c=15 imm=2  ; line 144
1010 MOVE                 R18 <- R17  ; line 144
1011 LOAD_CONST           R19 constant[220]  ; line 145
1012 MOVE                 R20 <- R19  ; line 145
1013 COMPARE              a=20 b=11 c=21 imm=2  ; line 146
1014 JUMP_IF_FALSE        R21 -> 1043  ; line 146
1015 LOAD_CONST           R21 constant[221]  ; line 147
1016 MOVE                 R22 <- R21  ; line 147
1017 HOST_CALL            a=23 b=22 c=22 imm=1  ; line 147
1018 MOVE                 R24 <- R23  ; line 147
1019 LOAD_CONST           R25 constant[222]  ; line 148
1020 MOVE                 R26 <- R25  ; line 148
1021 COMPARE              a=26 b=18 c=27 imm=2  ; line 149
1022 JUMP_IF_FALSE        R27 -> 1036  ; line 149
1023 MOVE                 R27 <- R20  ; line 150
1024 MOVE                 R28 <- R26  ; line 150
1025 ARRAY_NEW            a=29 b=27 c=2 imm=4294967295  ; line 150
1026 MOVE                 R30 <- R0  ; line 150
1027 MOVE                 R31 <- R29  ; line 150
1028 HOST_CALL            a=32 b=11 c=30 imm=2  ; line 150
1029 MOVE                 R33 <- R24  ; line 150
1030 MOVE                 R34 <- R32  ; line 150
1031 HOST_CALL            a=35 b=23 c=33 imm=2  ; line 150
1032 LOAD_CONST           R27 constant[223]  ; line 151
1033 BINARY               a=26 b=27 c=28 imm=0  ; line 151
1034 MOVE                 R26 <- R28  ; line 151
1035 JUMP                 -> 1021  ; line 151
1036 MOVE                 R27 <- R4  ; line 153
1037 MOVE                 R28 <- R24  ; line 153
1038 HOST_CALL            a=29 b=23 c=27 imm=2  ; line 153
1039 LOAD_CONST           R27 constant[224]  ; line 154
1040 BINARY               a=20 b=27 c=28 imm=0  ; line 154
1041 MOVE                 R20 <- R28  ; line 154
1042 JUMP                 -> 1013  ; line 154
1043 RETURN               R4  ; line 156
1044 LOAD_CONST           R27 constant[225]  ; line 156
1045 RETURN               R27  ; line 156
1046 LOAD_CONST           R3 constant[226]  ; line 160
1047 MOVE                 R4 <- R0  ; line 160
1048 MOVE                 R5 <- R3  ; line 160
1049 HOST_CALL            a=6 b=11 c=4 imm=2  ; line 160
1050 MOVE                 R7 <- R6  ; line 160
1051 LOAD_CONST           R8 constant[227]  ; line 161
1052 MOVE                 R9 <- R7  ; line 161
1053 MOVE                 R10 <- R8  ; line 161
1054 HOST_CALL            a=11 b=11 c=9 imm=2  ; line 161
1055 MOVE                 R12 <- R11  ; line 161
1056 LOAD_CONST           R13 constant[228]  ; line 162
1057 LOAD_CONST           R14 constant[229]  ; line 162
1058 LOAD_CONST           R15 constant[230]  ; line 162
1059 LOAD_CONST           R16 constant[231]  ; line 162
1060 LOAD_CONST           R17 constant[232]  ; line 162
1061 LOAD_CONST           R18 constant[233]  ; line 162
1062 MOVE                 R19 <- R7  ; line 162
1063 MOVE                 R20 <- R18  ; line 162
1064 HOST_CALL            a=21 b=11 c=19 imm=2  ; line 162
1065 LOAD_CONST           R22 constant[234]  ; line 162
1066 LOAD_CONST           R23 constant[235]  ; line 162
1067 MOVE                 R24 <- R7  ; line 162
1068 MOVE                 R25 <- R23  ; line 162
1069 HOST_CALL            a=26 b=11 c=24 imm=2  ; line 162
1070 LOAD_CONST           R27 constant[236]  ; line 162
1071 LOAD_CONST           R28 constant[237]  ; line 162
1072 MOVE                 R29 <- R7  ; line 162
1073 MOVE                 R30 <- R28  ; line 162
1074 HOST_CALL            a=31 b=11 c=29 imm=2  ; line 162
1075 LOAD_CONST           R32 constant[238]  ; line 162
1076 LOAD_CONST           R33 constant[239]  ; line 162
1077 MOVE                 R34 <- R12  ; line 162
1078 MOVE                 R35 <- R33  ; line 162
1079 HOST_CALL            a=36 b=11 c=34 imm=2  ; line 162
1080 LOAD_CONST           R37 constant[240]  ; line 162
1081 LOAD_CONST           R38 constant[241]  ; line 162
1082 LOAD_CONST           R39 constant[242]  ; line 162
1083 MOVE                 R40 <- R12  ; line 162
1084 MOVE                 R41 <- R39  ; line 162
1085 HOST_CALL            a=42 b=11 c=40 imm=2  ; line 162
1086 MOVE                 R43 <- R42  ; line 162
1087 CALL                 a=44 b=25 c=43 imm=1  ; line 162
1088 LOAD_CONST           R45 constant[243]  ; line 162
1089 LOAD_CONST           R46 constant[244]  ; line 162
1090 MOVE                 R47 <- R12  ; line 162
1091 MOVE                 R48 <- R46  ; line 162
1092 HOST_CALL            a=49 b=11 c=47 imm=2  ; line 162
1093 MOVE                 R50 <- R49  ; line 162
1094 CALL                 a=51 b=24 c=50 imm=1  ; line 162
1095 LOAD_CONST           R52 constant[245]  ; line 162
1096 LOAD_CONST           R53 constant[246]  ; line 162
1097 MOVE                 R54 <- R12  ; line 162
1098 MOVE                 R55 <- R53  ; line 162
1099 HOST_CALL            a=56 b=11 c=54 imm=2  ; line 162
1100 MOVE                 R57 <- R56  ; line 162
1101 CALL                 a=58 b=24 c=57 imm=1  ; line 162
1102 LOAD_CONST           R59 constant[247]  ; line 162
1103 LOAD_CONST           R60 constant[248]  ; line 162
1104 MOVE                 R61 <- R12  ; line 162
1105 MOVE                 R62 <- R60  ; line 162
1106 HOST_CALL            a=63 b=11 c=61 imm=2  ; line 162
1107 MOVE                 R64 <- R38  ; line 162
1108 MOVE                 R65 <- R44  ; line 162
1109 MOVE                 R66 <- R45  ; line 162
1110 MOVE                 R67 <- R51  ; line 162
1111 MOVE                 R68 <- R52  ; line 162
1112 MOVE                 R69 <- R58  ; line 162
1113 MOVE                 R70 <- R59  ; line 162
1114 MOVE                 R71 <- R63  ; line 162
1115 HOST_CALL            a=72 b=6 c=64 imm=8  ; line 162
1116 LOAD_CONST           R73 constant[249]  ; line 162
1117 LOAD_CONST           R74 constant[250]  ; line 162
1118 MOVE                 R75 <- R7  ; line 162
1119 MOVE                 R76 <- R74  ; line 162
1120 HOST_CALL            a=77 b=11 c=75 imm=2  ; line 162
1121 LOAD_CONST           R78 constant[251]  ; line 162
1122 MOVE                 R79 <- R77  ; line 162
1123 MOVE                 R80 <- R78  ; line 162
1124 HOST_CALL            a=81 b=11 c=79 imm=2  ; line 162
1125 LOAD_CONST           R82 constant[252]  ; line 162
1126 LOAD_CONST           R83 constant[253]  ; line 162
1127 MOVE                 R84 <- R7  ; line 162
1128 MOVE                 R85 <- R83  ; line 162
1129 HOST_CALL            a=86 b=11 c=84 imm=2  ; line 162
1130 MOVE                 R87 <- R13  ; line 162
1131 MOVE                 R88 <- R14  ; line 162
1132 MOVE                 R89 <- R15  ; line 162
1133 MOVE                 R90 <- R1  ; line 162
1134 MOVE                 R91 <- R16  ; line 162
1135 MOVE                 R92 <- R2  ; line 162
1136 MOVE                 R93 <- R17  ; line 162
1137 MOVE                 R94 <- R21  ; line 162
1138 MOVE                 R95 <- R22  ; line 162
1139 MOVE                 R96 <- R26  ; line 162
1140 MOVE                 R97 <- R27  ; line 162
1141 MOVE                 R98 <- R31  ; line 162
1142 MOVE                 R99 <- R32  ; line 162
1143 MOVE                 R100 <- R36  ; line 162
1144 MOVE                 R101 <- R37  ; line 162
1145 MOVE                 R102 <- R72  ; line 162
1146 MOVE                 R103 <- R73  ; line 162
1147 MOVE                 R104 <- R81  ; line 162
1148 MOVE                 R105 <- R82  ; line 162
1149 MOVE                 R106 <- R86  ; line 162
1150 HOST_CALL            a=107 b=6 c=87 imm=20  ; line 162
1151 RETURN               R107  ; line 162
1152 LOAD_CONST           R108 constant[254]  ; line 162
1153 RETURN               R108  ; line 162
1154 LOAD_CONST           R1 constant[255]  ; line 177
1155 MOVE                 R2 <- R0  ; line 177
1156 MOVE                 R3 <- R1  ; line 177
1157 HOST_CALL            a=4 b=11 c=2 imm=2  ; line 177
1158 MOVE                 R5 <- R4  ; line 177
1159 LOAD_CONST           R6 constant[256]  ; line 178
1160 LOAD_CONST           R7 constant[257]  ; line 178
1161 LOAD_CONST           R8 constant[258]  ; line 178
1162 LOAD_CONST           R9 constant[259]  ; line 178
1163 LOAD_CONST           R10 constant[260]  ; line 178
1164 LOAD_CONST           R11 constant[261]  ; line 178
1165 LOAD_CONST           R12 constant[262]  ; line 178
1166 LOAD_CONST           R13 constant[263]  ; line 178
1167 MOVE                 R14 <- R5  ; line 178
1168 MOVE                 R15 <- R13  ; line 178
1169 HOST_CALL            a=16 b=11 c=14 imm=2  ; line 178
1170 LOAD_CONST           R17 constant[264]  ; line 178
1171 LOAD_CONST           R18 constant[265]  ; line 178
1172 MOVE                 R19 <- R5  ; line 178
1173 MOVE                 R20 <- R18  ; line 178
1174 HOST_CALL            a=21 b=11 c=19 imm=2  ; line 178
1175 LOAD_CONST           R22 constant[266]  ; line 178
1176 LOAD_CONST           R23 constant[267]  ; line 178
1177 MOVE                 R24 <- R5  ; line 178
1178 MOVE                 R25 <- R23  ; line 178
1179 HOST_CALL            a=26 b=11 c=24 imm=2  ; line 178
1180 LOAD_CONST           R27 constant[268]  ; line 178
1181 LOAD_CONST           R28 constant[269]  ; line 178
1182 MOVE                 R29 <- R5  ; line 178
1183 MOVE                 R30 <- R28  ; line 178
1184 HOST_CALL            a=31 b=11 c=29 imm=2  ; line 178
1185 LOAD_CONST           R32 constant[270]  ; line 178
1186 LOAD_CONST           R33 constant[271]  ; line 178
1187 LOAD_CONST           R34 constant[272]  ; line 178
1188 MOVE                 R35 <- R5  ; line 178
1189 MOVE                 R36 <- R34  ; line 178
1190 HOST_CALL            a=37 b=11 c=35 imm=2  ; line 178
1191 LOAD_CONST           R38 constant[273]  ; line 178
1192 MOVE                 R39 <- R37  ; line 178
1193 MOVE                 R40 <- R38  ; line 178
1194 HOST_CALL            a=41 b=11 c=39 imm=2  ; line 178
1195 MOVE                 R42 <- R41  ; line 178
1196 CALL                 a=43 b=25 c=42 imm=1  ; line 178
1197 LOAD_CONST           R44 constant[274]  ; line 178
1198 LOAD_CONST           R45 constant[275]  ; line 178
1199 MOVE                 R46 <- R5  ; line 178
1200 MOVE                 R47 <- R45  ; line 178
1201 HOST_CALL            a=48 b=11 c=46 imm=2  ; line 178
1202 LOAD_CONST           R49 constant[276]  ; line 178
1203 MOVE                 R50 <- R48  ; line 178
1204 MOVE                 R51 <- R49  ; line 178
1205 HOST_CALL            a=52 b=11 c=50 imm=2  ; line 178
1206 MOVE                 R53 <- R52  ; line 178
1207 CALL                 a=54 b=24 c=53 imm=1  ; line 178
1208 MOVE                 R55 <- R33  ; line 178
1209 MOVE                 R56 <- R43  ; line 178
1210 MOVE                 R57 <- R44  ; line 178
1211 MOVE                 R58 <- R54  ; line 178
1212 HOST_CALL            a=59 b=6 c=55 imm=4  ; line 178
1213 LOAD_CONST           R60 constant[277]  ; line 178
1214 LOAD_CONST           R61 constant[278]  ; line 178
1215 MOVE                 R62 <- R5  ; line 178
1216 MOVE                 R63 <- R61  ; line 178
1217 HOST_CALL            a=64 b=11 c=62 imm=2  ; line 178
1218 MOVE                 R65 <- R6  ; line 178
1219 MOVE                 R66 <- R7  ; line 178
1220 MOVE                 R67 <- R8  ; line 178
1221 MOVE                 R68 <- R9  ; line 178
1222 MOVE                 R69 <- R10  ; line 178
1223 MOVE                 R70 <- R11  ; line 178
1224 MOVE                 R71 <- R12  ; line 178
1225 MOVE                 R72 <- R16  ; line 178
1226 MOVE                 R73 <- R17  ; line 178
1227 MOVE                 R74 <- R21  ; line 178
1228 MOVE                 R75 <- R22  ; line 178
1229 MOVE                 R76 <- R26  ; line 178
1230 MOVE                 R77 <- R27  ; line 178
1231 MOVE                 R78 <- R31  ; line 178
1232 MOVE                 R79 <- R32  ; line 178
1233 MOVE                 R80 <- R59  ; line 178
1234 MOVE                 R81 <- R60  ; line 178
1235 MOVE                 R82 <- R64  ; line 178
1236 HOST_CALL            a=83 b=6 c=65 imm=18  ; line 178
1237 RETURN               R83  ; line 178
1238 LOAD_CONST           R84 constant[279]  ; line 178
1239 RETURN               R84  ; line 178
1240 LOAD_CONST           R1 constant[280]  ; line 190
1241 MOVE                 R2 <- R0  ; line 190
1242 MOVE                 R3 <- R1  ; line 190
1243 HOST_CALL            a=4 b=11 c=2 imm=2  ; line 190
1244 LOAD_CONST           R5 constant[281]  ; line 190
1245 COMPARE              a=4 b=5 c=6 imm=0  ; line 190
1246 JUMP_IF_FALSE        R6 -> 1366  ; line 190
1247 LOAD_CONST           R1 constant[282]  ; line 191
1248 LOAD_CONST           R2 constant[283]  ; line 191
1249 LOAD_CONST           R3 constant[284]  ; line 191
1250 LOAD_CONST           R4 constant[285]  ; line 191
1251 MOVE                 R5 <- R0  ; line 191
1252 MOVE                 R6 <- R4  ; line 191
1253 HOST_CALL            a=7 b=11 c=5 imm=2  ; line 191
1254 LOAD_CONST           R8 constant[286]  ; line 191
1255 LOAD_CONST           R9 constant[287]  ; line 191
1256 MOVE                 R10 <- R0  ; line 191
1257 MOVE                 R11 <- R9  ; line 191
1258 HOST_CALL            a=12 b=11 c=10 imm=2  ; line 191
1259 LOAD_CONST           R13 constant[288]  ; line 191
1260 LOAD_CONST           R14 constant[289]  ; line 191
1261 LOAD_CONST           R15 constant[290]  ; line 191
1262 MOVE                 R16 <- R0  ; line 191
1263 MOVE                 R17 <- R15  ; line 191
1264 HOST_CALL            a=18 b=11 c=16 imm=2  ; line 191
1265 LOAD_CONST           R19 constant[291]  ; line 191
1266 MOVE                 R20 <- R18  ; line 191
1267 MOVE                 R21 <- R19  ; line 191
1268 HOST_CALL            a=22 b=11 c=20 imm=2  ; line 191
1269 MOVE                 R23 <- R22  ; line 191
1270 HOST_CALL            a=24 b=72 c=23 imm=1  ; line 191
1271 LOAD_CONST           R25 constant[292]  ; line 191
1272 LOAD_CONST           R26 constant[293]  ; line 191
1273 MOVE                 R27 <- R0  ; line 191
1274 MOVE                 R28 <- R26  ; line 191
1275 HOST_CALL            a=29 b=11 c=27 imm=2  ; line 191
1276 LOAD_CONST           R30 constant[294]  ; line 191
1277 MOVE                 R31 <- R29  ; line 191
1278 MOVE                 R32 <- R30  ; line 191
1279 HOST_CALL            a=33 b=11 c=31 imm=2  ; line 191
1280 MOVE                 R34 <- R33  ; line 191
1281 HOST_CALL            a=35 b=72 c=34 imm=1  ; line 191
1282 LOAD_CONST           R36 constant[295]  ; line 191
1283 LOAD_CONST           R37 constant[296]  ; line 191
1284 MOVE                 R38 <- R0  ; line 191
1285 MOVE                 R39 <- R37  ; line 191
1286 HOST_CALL            a=40 b=11 c=38 imm=2  ; line 191
1287 LOAD_CONST           R41 constant[297]  ; line 191
1288 MOVE                 R42 <- R40  ; line 191
1289 MOVE                 R43 <- R41  ; line 191
1290 HOST_CALL            a=44 b=11 c=42 imm=2  ; line 191
1291 MOVE                 R45 <- R44  ; line 191
1292 HOST_CALL            a=46 b=72 c=45 imm=1  ; line 191
1293 LOAD_CONST           R47 constant[298]  ; line 191
1294 LOAD_CONST           R48 constant[299]  ; line 191
1295 MOVE                 R49 <- R0  ; line 191
1296 MOVE                 R50 <- R48  ; line 191
1297 HOST_CALL            a=51 b=11 c=49 imm=2  ; line 191
1298 LOAD_CONST           R52 constant[300]  ; line 191
1299 MOVE                 R53 <- R51  ; line 191
1300 MOVE                 R54 <- R52  ; line 191
1301 HOST_CALL            a=55 b=11 c=53 imm=2  ; line 191
1302 LOAD_CONST           R56 constant[301]  ; line 191
1303 LOAD_CONST           R57 constant[302]  ; line 191
1304 MOVE                 R58 <- R0  ; line 191
1305 MOVE                 R59 <- R57  ; line 191
1306 HOST_CALL            a=60 b=11 c=58 imm=2  ; line 191
1307 MOVE                 R61 <- R14  ; line 191
1308 MOVE                 R62 <- R24  ; line 191
1309 MOVE                 R63 <- R25  ; line 191
1310 MOVE                 R64 <- R35  ; line 191
1311 MOVE                 R65 <- R36  ; line 191
1312 MOVE                 R66 <- R46  ; line 191
1313 MOVE                 R67 <- R47  ; line 191
1314 MOVE                 R68 <- R55  ; line 191
1315 MOVE                 R69 <- R56  ; line 191
1316 MOVE                 R70 <- R60  ; line 191
1317 HOST_CALL            a=71 b=6 c=61 imm=10  ; line 191
1318 LOAD_CONST           R72 constant[303]  ; line 191
1319 LOAD_CONST           R73 constant[304]  ; line 191
1320 LOAD_CONST           R74 constant[305]  ; line 191
1321 MOVE                 R75 <- R0  ; line 191
1322 MOVE                 R76 <- R74  ; line 191
1323 HOST_CALL            a=77 b=11 c=75 imm=2  ; line 191
1324 MOVE                 R78 <- R73  ; line 191
1325 MOVE                 R79 <- R77  ; line 191
1326 HOST_CALL            a=80 b=6 c=78 imm=2  ; line 191
1327 LOAD_CONST           R81 constant[306]  ; line 191
1328 ARRAY_NEW            a=82 b=82 c=0 imm=4294967295  ; line 191
1329 LOAD_CONST           R83 constant[307]  ; line 191
1330 LOAD_CONST           R84 constant[308]  ; line 191
1331 MOVE                 R85 <- R0  ; line 191
1332 MOVE                 R86 <- R84  ; line 191
1333 HOST_CALL            a=87 b=11 c=85 imm=2  ; line 191
1334 LOAD_CONST           R88 constant[309]  ; line 191
1335 LOAD_CONST           R89 constant[310]  ; line 191
1336 LOAD_CONST           R90 constant[311]  ; line 191
1337 LOAD_CONST           R91 constant[312]  ; line 191
1338 LOAD_CONST           R92 constant[313]  ; line 191
1339 LOAD_CONST           R93 constant[314]  ; line 191
1340 MOVE                 R94 <- R0  ; line 191
1341 MOVE                 R95 <- R93  ; line 191
1342 HOST_CALL            a=96 b=11 c=94 imm=2  ; line 191
1343 MOVE                 R97 <- R1  ; line 191
1344 MOVE                 R98 <- R2  ; line 191
1345 MOVE                 R99 <- R3  ; line 191
1346 MOVE                 R100 <- R7  ; line 191
1347 MOVE                 R101 <- R8  ; line 191
1348 MOVE                 R102 <- R12  ; line 191
1349 MOVE                 R103 <- R13  ; line 191
1350 MOVE                 R104 <- R71  ; line 191
1351 MOVE                 R105 <- R72  ; line 191
1352 MOVE                 R106 <- R80  ; line 191
1353 MOVE                 R107 <- R81  ; line 191
1354 MOVE                 R108 <- R82  ; line 191
1355 MOVE                 R109 <- R83  ; line 191
1356 MOVE                 R110 <- R87  ; line 191
1357 MOVE                 R111 <- R88  ; line 191
1358 MOVE                 R112 <- R89  ; line 191
1359 MOVE                 R113 <- R90  ; line 191
1360 MOVE                 R114 <- R91  ; line 191
1361 MOVE                 R115 <- R92  ; line 191
1362 MOVE                 R116 <- R96  ; line 191
1363 HOST_CALL            a=117 b=6 c=97 imm=20  ; line 191
1364 RETURN               R117  ; line 191
1365 JUMP                 -> 1366  ; line 191
1366 LOAD_CONST           R1 constant[315]  ; line 204
1367 LOAD_CONST           R2 constant[316]  ; line 204
1368 LOAD_CONST           R3 constant[317]  ; line 204
1369 LOAD_CONST           R4 constant[318]  ; line 204
1370 MOVE                 R5 <- R0  ; line 204
1371 MOVE                 R6 <- R4  ; line 204
1372 HOST_CALL            a=7 b=11 c=5 imm=2  ; line 204
1373 LOAD_CONST           R8 constant[319]  ; line 204
1374 LOAD_CONST           R9 constant[320]  ; line 204
1375 MOVE                 R10 <- R0  ; line 204
1376 MOVE                 R11 <- R9  ; line 204
1377 HOST_CALL            a=12 b=11 c=10 imm=2  ; line 204
1378 LOAD_CONST           R13 constant[321]  ; line 204
1379 LOAD_CONST           R14 constant[322]  ; line 204
1380 LOAD_CONST           R15 constant[323]  ; line 204
1381 MOVE                 R16 <- R0  ; line 204
1382 MOVE                 R17 <- R15  ; line 204
1383 HOST_CALL            a=18 b=11 c=16 imm=2  ; line 204
1384 LOAD_CONST           R19 constant[324]  ; line 204
1385 MOVE                 R20 <- R18  ; line 204
1386 MOVE                 R21 <- R19  ; line 204
1387 HOST_CALL            a=22 b=11 c=20 imm=2  ; line 204
1388 MOVE                 R23 <- R22  ; line 204
1389 HOST_CALL            a=24 b=72 c=23 imm=1  ; line 204
1390 LOAD_CONST           R25 constant[325]  ; line 204
1391 LOAD_CONST           R26 constant[326]  ; line 204
1392 MOVE                 R27 <- R0  ; line 204
1393 MOVE                 R28 <- R26  ; line 204
1394 HOST_CALL            a=29 b=11 c=27 imm=2  ; line 204
1395 LOAD_CONST           R30 constant[327]  ; line 204
1396 MOVE                 R31 <- R29  ; line 204
1397 MOVE                 R32 <- R30  ; line 204
1398 HOST_CALL            a=33 b=11 c=31 imm=2  ; line 204
1399 MOVE                 R34 <- R33  ; line 204
1400 HOST_CALL            a=35 b=72 c=34 imm=1  ; line 204
1401 MOVE                 R36 <- R14  ; line 204
1402 MOVE                 R37 <- R24  ; line 204
1403 MOVE                 R38 <- R25  ; line 204
1404 MOVE                 R39 <- R35  ; line 204
1405 HOST_CALL            a=40 b=6 c=36 imm=4  ; line 204
1406 LOAD_CONST           R41 constant[328]  ; line 204
1407 LOAD_CONST           R42 constant[329]  ; line 204
1408 LOAD_CONST           R43 constant[330]  ; line 204
1409 MOVE                 R44 <- R42  ; line 204
1410 MOVE                 R45 <- R43  ; line 204
1411 HOST_CALL            a=46 b=6 c=44 imm=2  ; line 204
1412 LOAD_CONST           R47 constant[331]  ; line 204
1413 LOAD_CONST           R48 constant[332]  ; line 204
1414 MOVE                 R49 <- R0  ; line 204
1415 MOVE                 R50 <- R48  ; line 204
1416 HOST_CALL            a=51 b=11 c=49 imm=2  ; line 204
1417 LOAD_CONST           R52 constant[333]  ; line 204
1418 LOAD_CONST           R53 constant[334]  ; line 204
1419 MOVE                 R54 <- R0  ; line 204
1420 MOVE                 R55 <- R53  ; line 204
1421 HOST_CALL            a=56 b=11 c=54 imm=2  ; line 204
1422 LOAD_CONST           R57 constant[335]  ; line 204
1423 LOAD_CONST           R58 constant[336]  ; line 204
1424 LOAD_CONST           R59 constant[337]  ; line 204
1425 LOAD_CONST           R60 constant[338]  ; line 204
1426 LOAD_CONST           R61 constant[339]  ; line 204
1427 LOAD_CONST           R62 constant[340]  ; line 204
1428 MOVE                 R63 <- R0  ; line 204
1429 MOVE                 R64 <- R62  ; line 204
1430 HOST_CALL            a=65 b=11 c=63 imm=2  ; line 204
1431 MOVE                 R66 <- R1  ; line 204
1432 MOVE                 R67 <- R2  ; line 204
1433 MOVE                 R68 <- R3  ; line 204
1434 MOVE                 R69 <- R7  ; line 204
1435 MOVE                 R70 <- R8  ; line 204
1436 MOVE                 R71 <- R12  ; line 204
1437 MOVE                 R72 <- R13  ; line 204
1438 MOVE                 R73 <- R40  ; line 204
1439 MOVE                 R74 <- R41  ; line 204
1440 MOVE                 R75 <- R46  ; line 204
1441 MOVE                 R76 <- R47  ; line 204
1442 MOVE                 R77 <- R51  ; line 204
1443 MOVE                 R78 <- R52  ; line 204
1444 MOVE                 R79 <- R56  ; line 204
1445 MOVE                 R80 <- R57  ; line 204
1446 MOVE                 R81 <- R58  ; line 204
1447 MOVE                 R82 <- R59  ; line 204
1448 MOVE                 R83 <- R60  ; line 204
1449 MOVE                 R84 <- R61  ; line 204
1450 MOVE                 R85 <- R65  ; line 204
1451 HOST_CALL            a=86 b=6 c=66 imm=20  ; line 204
1452 RETURN               R86  ; line 204
1453 LOAD_CONST           R87 constant[341]  ; line 204
1454 RETURN               R87  ; line 204
1455 MOVE                 R2 <- R0  ; line 217
1456 MOVE                 R3 <- R1  ; line 217
1457 CALL                 a=4 b=22 c=2 imm=2  ; line 217
1458 MOVE                 R2 <- R1  ; line 218
1459 CALL                 a=3 b=45 c=2 imm=1  ; line 218
1460 MOVE                 R4 <- R3  ; line 218
1461 HOST_CALL            a=5 b=17 c=4 imm=1  ; line 218
1462 RETURN               R5  ; line 218
1463 LOAD_CONST           R6 constant[342]  ; line 218
1464 RETURN               R6  ; line 218
1465 LOAD_CONST           R3 constant[343]  ; line 222
1466 MOVE                 R4 <- R0  ; line 222
1467 MOVE                 R5 <- R3  ; line 222
1468 CALL                 a=6 b=14 c=4 imm=2  ; line 222
1469 MOVE                 R7 <- R6  ; line 222
1470 HOST_CALL            a=8 b=141 c=7 imm=1  ; line 222
1471 MOVE                 R3 <- R2  ; line 223
1472 CALL                 a=4 b=45 c=3 imm=1  ; line 223
1473 MOVE                 R5 <- R1  ; line 223
1474 MOVE                 R6 <- R4  ; line 223
1475 HOST_CALL            a=7 b=142 c=5 imm=2  ; line 223
1476 HOST_CALL            a=3 b=145 c=3 imm=0  ; line 224
1477 LOAD_CONST           R3 constant[344]  ; line 225
1478 RETURN               R3  ; line 225
1479 LOAD_CONST           R4 constant[345]  ; line 225
1480 RETURN               R4  ; line 225
1481 MOVE                 R1 <- R0  ; line 229
1482 CALL                 a=2 b=23 c=1 imm=1  ; line 229
1483 MOVE                 R3 <- R2  ; line 229
1484 CALL                 a=4 b=28 c=3 imm=1  ; line 229
1485 RETURN               R4  ; line 229
1486 LOAD_CONST           R5 constant[346]  ; line 229
1487 RETURN               R5  ; line 229
1488 LOAD_CONST           R4 constant[347]  ; line 233
1489 LOAD_CONST           R5 constant[348]  ; line 233
1490 LOAD_CONST           R6 constant[349]  ; line 233
1491 MOVE                 R7 <- R0  ; line 233
1492 MOVE                 R8 <- R6  ; line 233
1493 HOST_CALL            a=9 b=11 c=7 imm=2  ; line 233
1494 LOAD_CONST           R10 constant[350]  ; line 233
1495 LOAD_CONST           R11 constant[351]  ; line 233
1496 MOVE                 R12 <- R0  ; line 233
1497 MOVE                 R13 <- R11  ; line 233
1498 HOST_CALL            a=14 b=11 c=12 imm=2  ; line 233
1499 MOVE                 R15 <- R5  ; line 233
1500 MOVE                 R16 <- R9  ; line 233
1501 MOVE                 R17 <- R10  ; line 233
1502 MOVE                 R18 <- R14  ; line 233
1503 HOST_CALL            a=19 b=6 c=15 imm=4  ; line 233
1504 LOAD_CONST           R20 constant[352]  ; line 233
1505 LOAD_CONST           R21 constant[353]  ; line 233
1506 LOAD_CONST           R22 constant[354]  ; line 233
1507 LOAD_CONST           R23 constant[355]  ; line 233
1508 LOAD_CONST           R24 constant[356]  ; line 233
1509 LOAD_CONST           R25 constant[357]  ; line 233
1510 LOAD_CONST           R26 constant[358]  ; line 233
1511 MOVE                 R27 <- R20  ; line 233
1512 MOVE                 R28 <- R21  ; line 233
1513 MOVE                 R29 <- R22  ; line 233
1514 MOVE                 R30 <- R23  ; line 233
1515 MOVE                 R31 <- R24  ; line 233
1516 MOVE                 R32 <- R1  ; line 233
1517 MOVE                 R33 <- R25  ; line 233
1518 MOVE                 R34 <- R2  ; line 233
1519 MOVE                 R35 <- R26  ; line 233
1520 MOVE                 R36 <- R3  ; line 233
1521 HOST_CALL            a=37 b=6 c=27 imm=10  ; line 233
1522 MOVE                 R38 <- R4  ; line 233
1523 MOVE                 R39 <- R19  ; line 233
1524 MOVE                 R40 <- R37  ; line 233
1525 CALL                 a=41 b=122 c=38 imm=3  ; line 233
1526 MOVE                 R42 <- R41  ; line 233
1527 LOAD_CONST           R43 constant[359]  ; line 236
1528 MOVE                 R44 <- R42  ; line 236
1529 MOVE                 R45 <- R43  ; line 236
1530 HOST_CALL            a=46 b=11 c=44 imm=2  ; line 236
1531 LOAD_CONST           R47 constant[360]  ; line 236
1532 MOVE                 R48 <- R46  ; line 236
1533 MOVE                 R49 <- R47  ; line 236
1534 HOST_CALL            a=50 b=5 c=48 imm=2  ; line 236
1535 LOAD_CONST           R43 constant[361]  ; line 237
1536 MOVE                 R44 <- R42  ; line 237
1537 MOVE                 R45 <- R43  ; line 237
1538 HOST_CALL            a=46 b=11 c=44 imm=2  ; line 237
1539 RETURN               R46  ; line 237
1540 LOAD_CONST           R47 constant[362]  ; line 237
1541 RETURN               R47  ; line 237
1542 LOAD_CONST           R1 constant[363]  ; line 241
1543 LOAD_CONST           R2 constant[364]  ; line 241
1544 LOAD_CONST           R3 constant[365]  ; line 241
1545 MOVE                 R4 <- R0  ; line 241
1546 MOVE                 R5 <- R3  ; line 241
1547 HOST_CALL            a=6 b=11 c=4 imm=2  ; line 241
1548 LOAD_CONST           R7 constant[366]  ; line 241
1549 LOAD_CONST           R8 constant[367]  ; line 241
1550 MOVE                 R9 <- R0  ; line 241
1551 MOVE                 R10 <- R8  ; line 241
1552 HOST_CALL            a=11 b=11 c=9 imm=2  ; line 241
1553 MOVE                 R12 <- R11  ; line 241
1554 HOST_CALL            a=13 b=72 c=12 imm=1  ; line 241
1555 MOVE                 R14 <- R2  ; line 241
1556 MOVE                 R15 <- R6  ; line 241
1557 MOVE                 R16 <- R7  ; line 241
1558 MOVE                 R17 <- R13  ; line 241
1559 HOST_CALL            a=18 b=6 c=14 imm=4  ; line 241
1560 LOAD_CONST           R19 constant[368]  ; line 241
1561 LOAD_CONST           R20 constant[369]  ; line 241
1562 LOAD_CONST           R21 constant[370]  ; line 241
1563 CALL                 a=22 b=10 c=22 imm=0  ; line 241
1564 LOAD_CONST           R23 constant[371]  ; line 241
1565 LOAD_CONST           R24 constant[372]  ; line 241
1566 LOAD_CONST           R25 constant[373]  ; line 241
1567 LOAD_CONST           R26 constant[374]  ; line 241
1568 MOVE                 R27 <- R19  ; line 241
1569 MOVE                 R28 <- R20  ; line 241
1570 MOVE                 R29 <- R21  ; line 241
1571 MOVE                 R30 <- R22  ; line 241
1572 MOVE                 R31 <- R23  ; line 241
1573 MOVE                 R32 <- R24  ; line 241
1574 MOVE                 R33 <- R25  ; line 241
1575 MOVE                 R34 <- R26  ; line 241
1576 HOST_CALL            a=35 b=6 c=27 imm=8  ; line 241
1577 MOVE                 R36 <- R1  ; line 241
1578 MOVE                 R37 <- R18  ; line 241
1579 MOVE                 R38 <- R35  ; line 241
1580 CALL                 a=39 b=122 c=36 imm=3  ; line 241
1581 MOVE                 R40 <- R39  ; line 241
1582 LOAD_CONST           R41 constant[375]  ; line 244
1583 MOVE                 R42 <- R40  ; line 244
1584 MOVE                 R43 <- R41  ; line 244
1585 HOST_CALL            a=44 b=11 c=42 imm=2  ; line 244
1586 LOAD_CONST           R45 constant[376]  ; line 244
1587 MOVE                 R46 <- R44  ; line 244
1588 MOVE                 R47 <- R45  ; line 244
1589 HOST_CALL            a=48 b=5 c=46 imm=2  ; line 244
1590 LOAD_CONST           R41 constant[377]  ; line 245
1591 MOVE                 R42 <- R40  ; line 245
1592 MOVE                 R43 <- R41  ; line 245
1593 HOST_CALL            a=44 b=11 c=42 imm=2  ; line 245
1594 RETURN               R44  ; line 245
1595 LOAD_CONST           R45 constant[378]  ; line 245
1596 RETURN               R45  ; line 245
1597 HOST_CALL            a=2 b=6 c=2 imm=0  ; line 249
1598 MOVE                 R3 <- R0  ; line 249
1599 MOVE                 R4 <- R1  ; line 249
1600 MOVE                 R5 <- R2  ; line 249
1601 CALL                 a=6 b=124 c=3 imm=3  ; line 249
1602 MOVE                 R7 <- R6  ; line 249
1603 LOAD_CONST           R8 constant[379]  ; line 250
1604 MOVE                 R9 <- R7  ; line 250
1605 MOVE                 R10 <- R8  ; line 250
1606 HOST_CALL            a=11 b=11 c=9 imm=2  ; line 250
1607 LOAD_CONST           R12 constant[380]  ; line 250
1608 MOVE                 R13 <- R11  ; line 250
1609 MOVE                 R14 <- R12  ; line 250
1610 HOST_CALL            a=15 b=5 c=13 imm=2  ; line 250
1611 LOAD_CONST           R8 constant[381]  ; line 251
1612 MOVE                 R9 <- R7  ; line 251
1613 MOVE                 R10 <- R8  ; line 251
1614 HOST_CALL            a=11 b=11 c=9 imm=2  ; line 251
1615 LOAD_CONST           R12 constant[382]  ; line 251
1616 MOVE                 R13 <- R11  ; line 251
1617 MOVE                 R14 <- R12  ; line 251
1618 HOST_CALL            a=15 b=11 c=13 imm=2  ; line 251
1619 RETURN               R15  ; line 251
1620 LOAD_CONST           R16 constant[383]  ; line 251
1621 RETURN               R16  ; line 251
1622 LOAD_CONST           R3 constant[384]  ; line 255
1623 MOVE                 R4 <- R3  ; line 255
1624 LOAD_CONST           R5 constant[385]  ; line 256
1625 MOVE                 R6 <- R5  ; line 256
1626 COMPARE              a=6 b=2 c=7 imm=2  ; line 257
1627 JUMP_IF_FALSE        R7 -> 1648  ; line 257
1628 MOVE                 R7 <- R1  ; line 258
1629 MOVE                 R8 <- R6  ; line 258
1630 ARRAY_NEW            a=9 b=7 c=2 imm=4294967295  ; line 258
1631 MOVE                 R10 <- R0  ; line 258
1632 MOVE                 R11 <- R9  ; line 258
1633 HOST_CALL            a=12 b=11 c=10 imm=2  ; line 258
1634 MOVE                 R13 <- R1  ; line 258
1635 MOVE                 R14 <- R4  ; line 258
1636 ARRAY_NEW            a=15 b=13 c=2 imm=4294967295  ; line 258
1637 MOVE                 R16 <- R0  ; line 258
1638 MOVE                 R17 <- R15  ; line 258
1639 HOST_CALL            a=18 b=11 c=16 imm=2  ; line 258
1640 COMPARE              a=12 b=18 c=19 imm=4  ; line 258
1641 JUMP_IF_FALSE        R19 -> 1644  ; line 258
1642 MOVE                 R4 <- R6  ; line 258
1643 JUMP                 -> 1644  ; line 258
1644 LOAD_CONST           R7 constant[386]  ; line 259
1645 BINARY               a=6 b=7 c=8 imm=0  ; line 259
1646 MOVE                 R6 <- R8  ; line 259
1647 JUMP                 -> 1626  ; line 259
1648 RETURN               R4  ; line 261
1649 LOAD_CONST           R7 constant[387]  ; line 261
1650 RETURN               R7  ; line 261
1651 LOAD_CONST           R1 constant[388]  ; line 265
1652 MOVE                 R2 <- R0  ; line 265
1653 MOVE                 R3 <- R1  ; line 265
1654 HOST_CALL            a=4 b=11 c=2 imm=2  ; line 265
1655 LOAD_CONST           R5 constant[389]  ; line 265
1656 COMPARE              a=4 b=5 c=6 imm=0  ; line 265
1657 JUMP_IF_FALSE        R6 -> 1721  ; line 265
1658 LOAD_CONST           R1 constant[390]  ; line 266
1659 MOVE                 R2 <- R0  ; line 266
1660 MOVE                 R3 <- R1  ; line 266
1661 HOST_CALL            a=4 b=11 c=2 imm=2  ; line 266
1662 LOAD_CONST           R5 constant[391]  ; line 266
1663 MOVE                 R6 <- R4  ; line 266
1664 MOVE                 R7 <- R5  ; line 266
1665 HOST_CALL            a=8 b=11 c=6 imm=2  ; line 266
1666 MOVE                 R9 <- R8  ; line 266
1667 HOST_CALL            a=10 b=61 c=9 imm=1  ; line 266
1668 LOAD_CONST           R11 constant[392]  ; line 266
1669 MOVE                 R12 <- R10  ; line 266
1670 MOVE                 R13 <- R11  ; line 266
1671 HOST_CALL            a=14 b=11 c=12 imm=2  ; line 266
1672 LOAD_CONST           R15 constant[393]  ; line 266
1673 MOVE                 R16 <- R0  ; line 266
1674 MOVE                 R17 <- R15  ; line 266
1675 HOST_CALL            a=18 b=11 c=16 imm=2  ; line 266
1676 LOAD_CONST           R19 constant[394]  ; line 266
1677 MOVE                 R20 <- R18  ; line 266
1678 MOVE                 R21 <- R19  ; line 266
1679 HOST_CALL            a=22 b=11 c=20 imm=2  ; line 266
1680 MOVE                 R23 <- R22  ; line 266
1681 HOST_CALL            a=24 b=61 c=23 imm=1  ; line 266
1682 LOAD_CONST           R25 constant[395]  ; line 266
1683 MOVE                 R26 <- R24  ; line 266
1684 MOVE                 R27 <- R25  ; line 266
1685 HOST_CALL            a=28 b=11 c=26 imm=2  ; line 266
1686 BINARY               a=14 b=28 c=29 imm=2  ; line 266
1687 LOAD_CONST           R30 constant[396]  ; line 266
1688 MOVE                 R31 <- R0  ; line 266
1689 MOVE                 R32 <- R30  ; line 266
1690 HOST_CALL            a=33 b=11 c=31 imm=2  ; line 266
1691 LOAD_CONST           R34 constant[397]  ; line 266
1692 MOVE                 R35 <- R33  ; line 266
1693 MOVE                 R36 <- R34  ; line 266
1694 HOST_CALL            a=37 b=11 c=35 imm=2  ; line 266
1695 MOVE                 R38 <- R37  ; line 266
1696 HOST_CALL            a=39 b=61 c=38 imm=1  ; line 266
1697 LOAD_CONST           R40 constant[398]  ; line 266
1698 MOVE                 R41 <- R39  ; line 266
1699 MOVE                 R42 <- R40  ; line 266
1700 HOST_CALL            a=43 b=11 c=41 imm=2  ; line 266
1701 BINARY               a=29 b=43 c=44 imm=0  ; line 266
1702 LOAD_CONST           R45 constant[399]  ; line 266
1703 MOVE                 R46 <- R0  ; line 266
1704 MOVE                 R47 <- R45  ; line 266
1705 HOST_CALL            a=48 b=11 c=46 imm=2  ; line 266
1706 LOAD_CONST           R49 constant[400]  ; line 266
1707 MOVE                 R50 <- R48  ; line 266
1708 MOVE                 R51 <- R49  ; line 266
1709 HOST_CALL            a=52 b=11 c=50 imm=2  ; line 266
1710 MOVE                 R53 <- R52  ; line 266
1711 HOST_CALL            a=54 b=61 c=53 imm=1  ; line 266
1712 LOAD_CONST           R55 constant[401]  ; line 266
1713 MOVE                 R56 <- R54  ; line 266
1714 MOVE                 R57 <- R55  ; line 266
1715 HOST_CALL            a=58 b=11 c=56 imm=2  ; line 266
1716 BINARY               a=44 b=58 c=59 imm=0  ; line 266
1717 LOAD_CONST           R60 constant[402]  ; line 266
1718 BINARY               a=59 b=60 c=61 imm=0  ; line 266
1719 RETURN               R61  ; line 266
1720 JUMP                 -> 1721  ; line 266
1721 LOAD_CONST           R1 constant[403]  ; line 269
1722 MOVE                 R2 <- R0  ; line 269
1723 MOVE                 R3 <- R1  ; line 269
1724 HOST_CALL            a=4 b=11 c=2 imm=2  ; line 269
1725 LOAD_CONST           R5 constant[404]  ; line 269
1726 MOVE                 R6 <- R4  ; line 269
1727 MOVE                 R7 <- R5  ; line 269
1728 HOST_CALL            a=8 b=11 c=6 imm=2  ; line 269
1729 MOVE                 R9 <- R8  ; line 269
1730 HOST_CALL            a=10 b=61 c=9 imm=1  ; line 269
1731 LOAD_CONST           R11 constant[405]  ; line 269
1732 MOVE                 R12 <- R10  ; line 269
1733 MOVE                 R13 <- R11  ; line 269
1734 HOST_CALL            a=14 b=11 c=12 imm=2  ; line 269
1735 LOAD_CONST           R15 constant[406]  ; line 269
1736 MOVE                 R16 <- R0  ; line 269
1737 MOVE                 R17 <- R15  ; line 269
1738 HOST_CALL            a=18 b=11 c=16 imm=2  ; line 269
1739 LOAD_CONST           R19 constant[407]  ; line 269
1740 MOVE                 R20 <- R18  ; line 269
1741 MOVE                 R21 <- R19  ; line 269
1742 HOST_CALL            a=22 b=11 c=20 imm=2  ; line 269
1743 MOVE                 R23 <- R22  ; line 269
1744 HOST_CALL            a=24 b=61 c=23 imm=1  ; line 269
1745 LOAD_CONST           R25 constant[408]  ; line 269
1746 MOVE                 R26 <- R24  ; line 269
1747 MOVE                 R27 <- R25  ; line 269
1748 HOST_CALL            a=28 b=11 c=26 imm=2  ; line 269
1749 BINARY               a=14 b=28 c=29 imm=2  ; line 269
1750 LOAD_CONST           R30 constant[409]  ; line 269
1751 MOVE                 R31 <- R0  ; line 269
1752 MOVE                 R32 <- R30  ; line 269
1753 HOST_CALL            a=33 b=11 c=31 imm=2  ; line 269
1754 LOAD_CONST           R34 constant[410]  ; line 269
1755 MOVE                 R35 <- R33  ; line 269
1756 MOVE                 R36 <- R34  ; line 269
1757 HOST_CALL            a=37 b=11 c=35 imm=2  ; line 269
1758 MOVE                 R38 <- R37  ; line 269
1759 HOST_CALL            a=39 b=61 c=38 imm=1  ; line 269
1760 LOAD_CONST           R40 constant[411]  ; line 269
1761 MOVE                 R41 <- R39  ; line 269
1762 MOVE                 R42 <- R40  ; line 269
1763 HOST_CALL            a=43 b=11 c=41 imm=2  ; line 269
1764 BINARY               a=29 b=43 c=44 imm=0  ; line 269
1765 RETURN               R44  ; line 269
1766 LOAD_CONST           R45 constant[412]  ; line 269
1767 RETURN               R45  ; line 269
1768 LOAD_CONST           R4 constant[413]  ; line 274
1769 COMPARE              a=2 b=4 c=5 imm=0  ; line 274
1770 JUMP_IF_FALSE        R5 -> 1777  ; line 274
1771 CALL                 a=4 b=10 c=4 imm=0  ; line 274
1772 MOVE                 R5 <- R3  ; line 274
1773 MOVE                 R6 <- R4  ; line 274
1774 CALL                 a=7 b=52 c=5 imm=2  ; line 274
1775 RETURN               R7  ; line 274
1776 JUMP                 -> 1777  ; line 274
1777 LOAD_CONST           R4 constant[414]  ; line 275
1778 COMPARE              a=2 b=4 c=5 imm=0  ; line 275
1779 JUMP_IF_FALSE        R5 -> 1791  ; line 275
1780 LOAD_CONST           R4 constant[415]  ; line 276
1781 BINARY               a=3 b=4 c=5 imm=2  ; line 276
1782 CALL                 a=6 b=13 c=6 imm=0  ; line 276
1783 BINARY               a=5 b=6 c=7 imm=0  ; line 276
1784 MOVE                 R8 <- R7  ; line 276
1785 CALL                 a=9 b=10 c=9 imm=0  ; line 277
1786 MOVE                 R10 <- R8  ; line 277
1787 MOVE                 R11 <- R9  ; line 277
1788 CALL                 a=12 b=52 c=10 imm=2  ; line 277
1789 RETURN               R12  ; line 277
1790 JUMP                 -> 1791  ; line 277
1791 MOVE                 R9 <- R0  ; line 279
1792 MOVE                 R10 <- R1  ; line 279
1793 CALL                 a=11 b=34 c=9 imm=2  ; line 279
1794 MOVE                 R12 <- R11  ; line 279
1795 LOAD_CONST           R13 constant[416]  ; line 280
1796 CALL                 a=14 b=10 c=14 imm=0  ; line 280
1797 MOVE                 R15 <- R12  ; line 280
1798 MOVE                 R16 <- R13  ; line 280
1799 MOVE                 R17 <- R14  ; line 280
1800 CALL                 a=18 b=35 c=15 imm=3  ; line 280
1801 RETURN               R18  ; line 280
1802 LOAD_CONST           R19 constant[417]  ; line 280
1803 RETURN               R19  ; line 280
1804 BINARY               a=0 b=1 c=2 imm=1  ; line 284
1805 MOVE                 R3 <- R2  ; line 284
1806 BINARY               a=3 b=3 c=4 imm=2  ; line 285
1807 RETURN               R4  ; line 285
1808 LOAD_CONST           R5 constant[418]  ; line 285
1809 RETURN               R5  ; line 285
1810 LOAD_CONST           R2 constant[419]  ; line 289
1811 MOVE                 R3 <- R0  ; line 289
1812 MOVE                 R4 <- R2  ; line 289
1813 CALL                 a=5 b=14 c=3 imm=2  ; line 289
1814 LOAD_CONST           R6 constant[420]  ; line 289
1815 MOVE                 R7 <- R1  ; line 289
1816 HOST_CALL            a=8 b=21 c=7 imm=1  ; line 289
1817 LOAD_CONST           R9 constant[421]  ; line 289
1818 MOVE                 R10 <- R8  ; line 289
1819 MOVE                 R11 <- R9  ; line 289
1820 HOST_CALL            a=12 b=20 c=10 imm=2  ; line 289
1821 MOVE                 R13 <- R6  ; line 289
1822 MOVE                 R14 <- R12  ; line 289
1823 HOST_CALL            a=15 b=20 c=13 imm=2  ; line 289
1824 MOVE                 R16 <- R5  ; line 289
1825 MOVE                 R17 <- R15  ; line 289
1826 CALL                 a=18 b=14 c=16 imm=2  ; line 289
1827 RETURN               R18  ; line 289
1828 LOAD_CONST           R19 constant[422]  ; line 289
1829 RETURN               R19  ; line 289
1830 LOAD_CONST           R0 constant[423]  ; line 294
1831 LOAD_CONST           R1 constant[424]  ; line 294
1832 MOVE                 R2 <- R1  ; line 294
1833 HOST_CALL            a=3 b=22 c=2 imm=1  ; line 294
1834 LOAD_CONST           R4 constant[425]  ; line 294
1835 LOAD_CONST           R5 constant[426]  ; line 294
1836 MOVE                 R6 <- R5  ; line 294
1837 HOST_CALL            a=7 b=22 c=6 imm=1  ; line 294
1838 LOAD_CONST           R8 constant[427]  ; line 294
1839 LOAD_CONST           R9 constant[428]  ; line 294
1840 LOAD_CONST           R10 constant[429]  ; line 294
1841 LOAD_CONST           R11 constant[430]  ; line 294
1842 LOAD_CONST           R12 constant[431]  ; line 294
1843 LOAD_CONST           R13 constant[432]  ; line 294
1844 MOVE                 R14 <- R0  ; line 294
1845 MOVE                 R15 <- R3  ; line 294
1846 MOVE                 R16 <- R4  ; line 294
1847 MOVE                 R17 <- R7  ; line 294
1848 MOVE                 R18 <- R8  ; line 294
1849 MOVE                 R19 <- R9  ; line 294
1850 MOVE                 R20 <- R10  ; line 294
1851 MOVE                 R21 <- R11  ; line 294
1852 MOVE                 R22 <- R12  ; line 294
1853 MOVE                 R23 <- R13  ; line 294
1854 HOST_CALL            a=24 b=6 c=14 imm=10  ; line 294
1855 RETURN               R24  ; line 294
1856 LOAD_CONST           R25 constant[433]  ; line 294
1857 RETURN               R25  ; line 294
1858 LOAD_CONST           R2 constant[434]  ; line 298
1859 MOVE                 R3 <- R0  ; line 298
1860 MOVE                 R4 <- R2  ; line 298
1861 HOST_CALL            a=5 b=11 c=3 imm=2  ; line 298
1862 MOVE                 R6 <- R5  ; line 298
1863 LOAD_CONST           R7 constant[435]  ; line 299
1864 MOVE                 R8 <- R7  ; line 299
1865 MOVE                 R9 <- R6  ; line 300
1866 HOST_CALL            a=10 b=26 c=9 imm=1  ; line 300
1867 COMPARE              a=8 b=10 c=11 imm=2  ; line 300
1868 JUMP_IF_FALSE        R11 -> 1892  ; line 300
1869 MOVE                 R9 <- R6  ; line 301
1870 MOVE                 R10 <- R8  ; line 301
1871 HOST_CALL            a=11 b=11 c=9 imm=2  ; line 301
1872 COMPARE              a=11 b=1 c=12 imm=0  ; line 301
1873 JUMP_IF_FALSE        R12 -> 1888  ; line 301
1874 LOAD_CONST           R9 constant[436]  ; line 301
1875 LOAD_CONST           R10 constant[437]  ; line 301
1876 MOVE                 R11 <- R0  ; line 301
1877 MOVE                 R12 <- R10  ; line 301
1878 HOST_CALL            a=13 b=11 c=11 imm=2  ; line 301
1879 MOVE                 R14 <- R13  ; line 301
1880 MOVE                 R15 <- R8  ; line 301
1881 HOST_CALL            a=16 b=11 c=14 imm=2  ; line 301
1882 MOVE                 R17 <- R9  ; line 301
1883 MOVE                 R18 <- R16  ; line 301
1884 MOVE                 R19 <- R8  ; line 301
1885 ARRAY_NEW            a=20 b=17 c=3 imm=4294967295  ; line 301
1886 RETURN               R20  ; line 301
1887 JUMP                 -> 1888  ; line 301
1888 LOAD_CONST           R9 constant[438]  ; line 302
1889 BINARY               a=8 b=9 c=10 imm=0  ; line 302
1890 MOVE                 R8 <- R10  ; line 302
1891 JUMP                 -> 1865  ; line 302
1892 LOAD_CONST           R9 constant[439]  ; line 304
1893 LOAD_CONST           R10 constant[440]  ; line 304
1894 LOAD_CONST           R11 constant[441]  ; line 304
1895 UNARY                a=11 b=12 c=4294967295 imm=0  ; line 304
1896 MOVE                 R13 <- R9  ; line 304
1897 MOVE                 R14 <- R10  ; line 304
1898 MOVE                 R15 <- R12  ; line 304
1899 ARRAY_NEW            a=16 b=13 c=3 imm=4294967295  ; line 304
1900 RETURN               R16  ; line 304
1901 LOAD_CONST           R17 constant[442]  ; line 304
1902 RETURN               R17  ; line 304
1903 LOAD_CONST           R2 constant[443]  ; line 308
1904 MOVE                 R3 <- R2  ; line 308
1905 HOST_CALL            a=4 b=22 c=3 imm=1  ; line 308
1906 MOVE                 R5 <- R4  ; line 308
1907 LOAD_CONST           R6 constant[444]  ; line 309
1908 MOVE                 R7 <- R6  ; line 309
1909 HOST_CALL            a=8 b=22 c=7 imm=1  ; line 309
1910 MOVE                 R9 <- R8  ; line 309
1911 LOAD_CONST           R10 constant[445]  ; line 310
1912 MOVE                 R11 <- R0  ; line 310
1913 MOVE                 R12 <- R10  ; line 310
1914 HOST_CALL            a=13 b=11 c=11 imm=2  ; line 310
1915 MOVE                 R14 <- R13  ; line 310
1916 MOVE                 R15 <- R1  ; line 310
1917 HOST_CALL            a=16 b=11 c=14 imm=2  ; line 310
1918 MOVE                 R17 <- R5  ; line 310
1919 MOVE                 R18 <- R16  ; line 310
1920 HOST_CALL            a=19 b=23 c=17 imm=2  ; line 310
1921 LOAD_CONST           R10 constant[446]  ; line 311
1922 MOVE                 R11 <- R0  ; line 311
1923 MOVE                 R12 <- R10  ; line 311
1924 HOST_CALL            a=13 b=11 c=11 imm=2  ; line 311
1925 MOVE                 R14 <- R13  ; line 311
1926 MOVE                 R15 <- R1  ; line 311
1927 HOST_CALL            a=16 b=11 c=14 imm=2  ; line 311
1928 MOVE                 R17 <- R9  ; line 311
1929 MOVE                 R18 <- R16  ; line 311
1930 HOST_CALL            a=19 b=23 c=17 imm=2  ; line 311
1931 LOAD_CONST           R10 constant[447]  ; line 312
1932 MOVE                 R11 <- R10  ; line 312
1933 LOAD_CONST           R12 constant[448]  ; line 313
1934 MOVE                 R13 <- R0  ; line 313
1935 MOVE                 R14 <- R12  ; line 313
1936 HOST_CALL            a=15 b=11 c=13 imm=2  ; line 313
1937 MOVE                 R16 <- R15  ; line 313
1938 HOST_CALL            a=17 b=26 c=16 imm=1  ; line 313
1939 COMPARE              a=11 b=17 c=18 imm=2  ; line 313
1940 JUMP_IF_FALSE        R18 -> 1968  ; line 313
1941 COMPARE              a=11 b=1 c=12 imm=1  ; line 314
1942 JUMP_IF_FALSE        R12 -> 1964  ; line 314
1943 LOAD_CONST           R12 constant[449]  ; line 315
1944 MOVE                 R13 <- R0  ; line 315
1945 MOVE                 R14 <- R12  ; line 315
1946 HOST_CALL            a=15 b=11 c=13 imm=2  ; line 315
1947 MOVE                 R16 <- R15  ; line 315
1948 MOVE                 R17 <- R11  ; line 315
1949 HOST_CALL            a=18 b=11 c=16 imm=2  ; line 315
1950 MOVE                 R19 <- R5  ; line 315
1951 MOVE                 R20 <- R18  ; line 315
1952 HOST_CALL            a=21 b=23 c=19 imm=2  ; line 315
1953 LOAD_CONST           R12 constant[450]  ; line 316
1954 MOVE                 R13 <- R0  ; line 316
1955 MOVE                 R14 <- R12  ; line 316
1956 HOST_CALL            a=15 b=11 c=13 imm=2  ; line 316
1957 MOVE                 R16 <- R15  ; line 316
1958 MOVE                 R17 <- R11  ; line 316
1959 HOST_CALL            a=18 b=11 c=16 imm=2  ; line 316
1960 MOVE                 R19 <- R9  ; line 316
1961 MOVE                 R20 <- R18  ; line 316
1962 HOST_CALL            a=21 b=23 c=19 imm=2  ; line 316
1963 JUMP                 -> 1964  ; line 316
1964 LOAD_CONST           R12 constant[451]  ; line 318
1965 BINARY               a=11 b=12 c=13 imm=0  ; line 318
1966 MOVE                 R11 <- R13  ; line 318
1967 JUMP                 -> 1933  ; line 318
1968 LOAD_CONST           R12 constant[452]  ; line 320
1969 MOVE                 R13 <- R0  ; line 320
1970 MOVE                 R14 <- R12  ; line 320
1971 MOVE                 R15 <- R5  ; line 320
1972 HOST_CALL            a=16 b=9 c=13 imm=3  ; line 320
1973 LOAD_CONST           R12 constant[453]  ; line 321
1974 MOVE                 R13 <- R0  ; line 321
1975 MOVE                 R14 <- R12  ; line 321
1976 MOVE                 R15 <- R9  ; line 321
1977 HOST_CALL            a=16 b=9 c=13 imm=3  ; line 321
1978 LOAD_CONST           R12 constant[454]  ; line 322
1979 RETURN               R12  ; line 322
1980 LOAD_CONST           R13 constant[455]  ; line 322
1981 RETURN               R13  ; line 322
1982 MOVE                 R4 <- R1  ; line 326
1983 MOVE                 R5 <- R2  ; line 326
1984 CALL                 a=6 b=41 c=4 imm=2  ; line 326
1985 MOVE                 R7 <- R6  ; line 326
1986 LOAD_CONST           R8 constant[456]  ; line 327
1987 MOVE                 R9 <- R7  ; line 327
1988 MOVE                 R10 <- R8  ; line 327
1989 HOST_CALL            a=11 b=11 c=9 imm=2  ; line 327
1990 JUMP_IF_FALSE        R11 -> 2019  ; line 327
1991 LOAD_CONST           R8 constant[457]  ; line 328
1992 LOAD_CONST           R9 constant[458]  ; line 328
1993 MOVE                 R10 <- R1  ; line 328
1994 MOVE                 R11 <- R9  ; line 328
1995 HOST_CALL            a=12 b=11 c=10 imm=2  ; line 328
1996 LOAD_CONST           R13 constant[459]  ; line 328
1997 BINARY               a=12 b=13 c=14 imm=0  ; line 328
1998 MOVE                 R15 <- R1  ; line 328
1999 MOVE                 R16 <- R8  ; line 328
2000 MOVE                 R17 <- R14  ; line 328
2001 HOST_CALL            a=18 b=9 c=15 imm=3  ; line 328
2002 LOAD_CONST           R8 constant[460]  ; line 329
2003 MOVE                 R9 <- R7  ; line 329
2004 MOVE                 R10 <- R8  ; line 329
2005 HOST_CALL            a=11 b=11 c=9 imm=2  ; line 329
2006 MOVE                 R12 <- R1  ; line 329
2007 MOVE                 R13 <- R11  ; line 329
2008 CALL                 a=14 b=42 c=12 imm=2  ; line 329
2009 LOAD_CONST           R8 constant[461]  ; line 330
2010 MOVE                 R9 <- R7  ; line 330
2011 MOVE                 R10 <- R8  ; line 330
2012 HOST_CALL            a=11 b=11 c=9 imm=2  ; line 330
2013 LOAD_CONST           R12 constant[462]  ; line 330
2014 MOVE                 R13 <- R11  ; line 330
2015 MOVE                 R14 <- R12  ; line 330
2016 ARRAY_NEW            a=15 b=13 c=2 imm=4294967295  ; line 330
2017 RETURN               R15  ; line 330
2018 JUMP                 -> 2019  ; line 330
2019 MOVE                 R8 <- R0  ; line 332
2020 MOVE                 R9 <- R2  ; line 332
2021 CALL                 a=10 b=39 c=8 imm=2  ; line 332
2022 MOVE                 R11 <- R10  ; line 332
2023 CALL                 a=12 b=31 c=11 imm=1  ; line 332
2024 MOVE                 R13 <- R12  ; line 332
2025 LOAD_CONST           R14 constant[463]  ; line 333
2026 LOAD_CONST           R15 constant[464]  ; line 333
2027 MOVE                 R16 <- R1  ; line 333
2028 MOVE                 R17 <- R15  ; line 333
2029 HOST_CALL            a=18 b=11 c=16 imm=2  ; line 333
2030 LOAD_CONST           R19 constant[465]  ; line 333
2031 BINARY               a=18 b=19 c=20 imm=0  ; line 333
2032 MOVE                 R21 <- R1  ; line 333
2033 MOVE                 R22 <- R14  ; line 333
2034 MOVE                 R23 <- R20  ; line 333
2035 HOST_CALL            a=24 b=9 c=21 imm=3  ; line 333
2036 LOAD_CONST           R14 constant[466]  ; line 334
2037 LOAD_CONST           R15 constant[467]  ; line 334
2038 MOVE                 R16 <- R1  ; line 334
2039 MOVE                 R17 <- R15  ; line 334
2040 HOST_CALL            a=18 b=11 c=16 imm=2  ; line 334
2041 LOAD_CONST           R19 constant[468]  ; line 334
2042 BINARY               a=18 b=19 c=20 imm=0  ; line 334
2043 MOVE                 R21 <- R1  ; line 334
2044 MOVE                 R22 <- R14  ; line 334
2045 MOVE                 R23 <- R20  ; line 334
2046 HOST_CALL            a=24 b=9 c=21 imm=3  ; line 334
2047 LOAD_CONST           R14 constant[469]  ; line 335
2048 COMPARE              a=3 b=14 c=15 imm=4  ; line 335
2049 JUMP_IF_FALSE        R15 -> 2114  ; line 335
2050 LOAD_CONST           R14 constant[470]  ; line 336
2051 MOVE                 R15 <- R14  ; line 336
2052 HOST_CALL            a=16 b=22 c=15 imm=1  ; line 336
2053 MOVE                 R17 <- R16  ; line 336
2054 LOAD_CONST           R18 constant[471]  ; line 337
2055 MOVE                 R19 <- R18  ; line 337
2056 HOST_CALL            a=20 b=22 c=19 imm=1  ; line 337
2057 MOVE                 R21 <- R20  ; line 337
2058 MOVE                 R22 <- R17  ; line 338
2059 MOVE                 R23 <- R2  ; line 338
2060 HOST_CALL            a=24 b=23 c=22 imm=2  ; line 338
2061 MOVE                 R22 <- R21  ; line 339
2062 MOVE                 R23 <- R13  ; line 339
2063 HOST_CALL            a=24 b=23 c=22 imm=2  ; line 339
2064 LOAD_CONST           R22 constant[472]  ; line 340
2065 MOVE                 R23 <- R22  ; line 340
2066 LOAD_CONST           R24 constant[473]  ; line 341
2067 MOVE                 R25 <- R1  ; line 341
2068 MOVE                 R26 <- R24  ; line 341
2069 HOST_CALL            a=27 b=11 c=25 imm=2  ; line 341
2070 MOVE                 R28 <- R27  ; line 341
2071 HOST_CALL            a=29 b=26 c=28 imm=1  ; line 341
2072 COMPARE              a=23 b=29 c=30 imm=2  ; line 341
2073 JUMP_IF_FALSE        R30 -> 2103  ; line 341
2074 LOAD_CONST           R24 constant[474]  ; line 342
2075 BINARY               a=3 b=24 c=25 imm=1  ; line 342
2076 COMPARE              a=23 b=25 c=26 imm=2  ; line 342
2077 JUMP_IF_FALSE        R26 -> 2099  ; line 342
2078 LOAD_CONST           R24 constant[475]  ; line 343
2079 MOVE                 R25 <- R1  ; line 343
2080 MOVE                 R26 <- R24  ; line 343
2081 HOST_CALL            a=27 b=11 c=25 imm=2  ; line 343
2082 MOVE                 R28 <- R27  ; line 343
2083 MOVE                 R29 <- R23  ; line 343
2084 HOST_CALL            a=30 b=11 c=28 imm=2  ; line 343
2085 MOVE                 R31 <- R17  ; line 343
2086 MOVE                 R32 <- R30  ; line 343
2087 HOST_CALL            a=33 b=23 c=31 imm=2  ; line 343
2088 LOAD_CONST           R24 constant[476]  ; line 344
2089 MOVE                 R25 <- R1  ; line 344
2090 MOVE                 R26 <- R24  ; line 344
2091 HOST_CALL            a=27 b=11 c=25 imm=2  ; line 344
2092 MOVE                 R28 <- R27  ; line 344
2093 MOVE                 R29 <- R23  ; line 344
2094 HOST_CALL            a=30 b=11 c=28 imm=2  ; line 344
2095 MOVE                 R31 <- R21  ; line 344
2096 MOVE                 R32 <- R30  ; line 344
2097 HOST_CALL            a=33 b=23 c=31 imm=2  ; line 344
2098 JUMP                 -> 2099  ; line 344
2099 LOAD_CONST           R24 constant[477]  ; line 346
2100 BINARY               a=23 b=24 c=25 imm=0  ; line 346
2101 MOVE                 R23 <- R25  ; line 346
2102 JUMP                 -> 2066  ; line 346
2103 LOAD_CONST           R24 constant[478]  ; line 348
2104 MOVE                 R25 <- R1  ; line 348
2105 MOVE                 R26 <- R24  ; line 348
2106 MOVE                 R27 <- R17  ; line 348
2107 HOST_CALL            a=28 b=9 c=25 imm=3  ; line 348
2108 LOAD_CONST           R24 constant[479]  ; line 349
2109 MOVE                 R25 <- R1  ; line 349
2110 MOVE                 R26 <- R24  ; line 349
2111 MOVE                 R27 <- R21  ; line 349
2112 HOST_CALL            a=28 b=9 c=25 imm=3  ; line 349
2113 JUMP                 -> 2114  ; line 349
2114 LOAD_CONST           R24 constant[480]  ; line 351
2115 MOVE                 R25 <- R13  ; line 351
2116 MOVE                 R26 <- R24  ; line 351
2117 ARRAY_NEW            a=27 b=25 c=2 imm=4294967295  ; line 351
2118 RETURN               R27  ; line 351
2119 LOAD_CONST           R28 constant[481]  ; line 351
2120 RETURN               R28  ; line 351
2121 MOVE                 R1 <- R0  ; line 9
2122 HOST_CALL            a=2 b=13 c=1 imm=1  ; line 9
2123 RETURN               R2  ; line 9
2124 LOAD_CONST           R3 constant[482]  ; line 9
2125 RETURN               R3  ; line 9
2126 MOVE                 R1 <- R0  ; line 13
2127 HOST_CALL            a=2 b=14 c=1 imm=1  ; line 13
2128 RETURN               R2  ; line 13
2129 LOAD_CONST           R3 constant[483]  ; line 13
2130 RETURN               R3  ; line 13
2131 LOAD_CONST           R1 constant[484]  ; line 6
2132 COMPARE              a=0 b=1 c=2 imm=2  ; line 6
2133 JUMP_IF_FALSE        R2 -> 2137  ; line 6
2134 UNARY                a=0 b=1 c=4294967295 imm=0  ; line 6
2135 RETURN               R1  ; line 6
2136 JUMP                 -> 2137  ; line 6
2137 RETURN               R0  ; line 7
2138 LOAD_CONST           R1 constant[485]  ; line 7
2139 RETURN               R1  ; line 7
2140 COMPARE              a=0 b=1 c=2 imm=2  ; line 11
2141 JUMP_IF_FALSE        R2 -> 2144  ; line 11
2142 RETURN               R0  ; line 11
2143 JUMP                 -> 2144  ; line 11
2144 RETURN               R1  ; line 12
2145 LOAD_CONST           R2 constant[486]  ; line 12
2146 RETURN               R2  ; line 12
2147 COMPARE              a=0 b=1 c=2 imm=4  ; line 16
2148 JUMP_IF_FALSE        R2 -> 2151  ; line 16
2149 RETURN               R0  ; line 16
2150 JUMP                 -> 2151  ; line 16
2151 RETURN               R1  ; line 17
2152 LOAD_CONST           R2 constant[487]  ; line 17
2153 RETURN               R2  ; line 17
2154 COMPARE              a=0 b=1 c=3 imm=2  ; line 21
2155 JUMP_IF_FALSE        R3 -> 2158  ; line 21
2156 RETURN               R1  ; line 21
2157 JUMP                 -> 2158  ; line 21
2158 COMPARE              a=0 b=2 c=3 imm=4  ; line 22
2159 JUMP_IF_FALSE        R3 -> 2162  ; line 22
2160 RETURN               R2  ; line 22
2161 JUMP                 -> 2162  ; line 22
2162 RETURN               R0  ; line 23
2163 LOAD_CONST           R3 constant[488]  ; line 23
2164 RETURN               R3  ; line 23
2165 UNARY                a=0 b=1 c=4294967295 imm=0  ; line 29
2166 MOVE                 R2 <- R1  ; line 29
2167 HOST_CALL            a=3 b=84 c=2 imm=1  ; line 29
2168 UNARY                a=3 b=4 c=4294967295 imm=0  ; line 29
2169 RETURN               R4  ; line 29
2170 LOAD_CONST           R5 constant[489]  ; line 29
2171 RETURN               R5  ; line 29
2172 BINARY               a=0 b=1 c=2 imm=3  ; line 36
2173 MOVE                 R3 <- R2  ; line 36
2174 HOST_CALL            a=4 b=84 c=3 imm=1  ; line 36
2175 RETURN               R4  ; line 36
2176 LOAD_CONST           R5 constant[490]  ; line 36
2177 RETURN               R5  ; line 36
2178 MOVE                 R2 <- R0  ; line 42
2179 MOVE                 R3 <- R1  ; line 42
2180 CALL                 a=4 b=51 c=2 imm=2  ; line 42
2181 BINARY               a=1 b=4 c=5 imm=2  ; line 42
2182 BINARY               a=0 b=5 c=6 imm=1  ; line 42
2183 RETURN               R6  ; line 42
2184 LOAD_CONST           R7 constant[491]  ; line 42
2185 RETURN               R7  ; line 42
2186 LOAD_CONST           R3 constant[492]  ; line 8
2187 LOAD_CONST           R4 constant[493]  ; line 8
2188 LOAD_CONST           R5 constant[494]  ; line 8
2189 LOAD_CONST           R6 constant[495]  ; line 8
2190 MOVE                 R7 <- R4  ; line 8
2191 MOVE                 R8 <- R0  ; line 8
2192 MOVE                 R9 <- R5  ; line 8
2193 MOVE                 R10 <- R1  ; line 8
2194 MOVE                 R11 <- R6  ; line 8
2195 MOVE                 R12 <- R2  ; line 8
2196 HOST_CALL            a=13 b=6 c=7 imm=6  ; line 8
2197 MOVE                 R14 <- R3  ; line 8
2198 MOVE                 R15 <- R13  ; line 8
2199 ARRAY_NEW            a=16 b=14 c=2 imm=4294967295  ; line 8
2200 RETURN               R16  ; line 8
2201 LOAD_CONST           R17 constant[496]  ; line 8
2202 RETURN               R17  ; line 8
2203 MOVE                 R3 <- R0  ; line 12
2204 MOVE                 R4 <- R1  ; line 12
2205 HOST_CALL            a=5 b=7 c=3 imm=2  ; line 12
2206 JUMP_IF_FALSE        R5 -> 2212  ; line 12
2207 MOVE                 R3 <- R0  ; line 12
2208 MOVE                 R4 <- R1  ; line 12
2209 HOST_CALL            a=5 b=11 c=3 imm=2  ; line 12
2210 RETURN               R5  ; line 12
2211 JUMP                 -> 2212  ; line 12
2212 RETURN               R2  ; line 13
2213 LOAD_CONST           R3 constant[497]  ; line 13
2214 RETURN               R3  ; line 13
2215 MOVE                 R1 <- R0  ; line 17
2216 HOST_CALL            a=2 b=86 c=1 imm=1  ; line 17
2217 LOAD_CONST           R3 constant[498]  ; line 17
2218 COMPARE              a=2 b=3 c=4 imm=1  ; line 17
2219 JUMP_IF_FALSE        R4 -> 2223  ; line 17
2220 LOAD_CONST           R1 constant[499]  ; line 17
2221 RETURN               R1  ; line 17
2222 JUMP                 -> 2223  ; line 17
2223 BINARY               a=0 b=0 c=1 imm=1  ; line 18
2224 LOAD_CONST           R2 constant[500]  ; line 18
2225 COMPARE              a=1 b=2 c=3 imm=0  ; line 18
2226 RETURN               R3  ; line 18
2227 LOAD_CONST           R4 constant[501]  ; line 18
2228 RETURN               R4  ; line 18
2229 LOAD_CONST           R1 constant[502]  ; line 22
2230 COMPARE              a=0 b=1 c=2 imm=2  ; line 22
2231 JUMP_IF_FALSE        R2 -> 2235  ; line 22
2232 UNARY                a=0 b=1 c=4294967295 imm=0  ; line 22
2233 RETURN               R1  ; line 22
2234 JUMP                 -> 2235  ; line 22
2235 RETURN               R0  ; line 23
2236 LOAD_CONST           R1 constant[503]  ; line 23
2237 RETURN               R1  ; line 23
2238 BINARY               a=0 b=1 c=2 imm=3  ; line 27
2239 MOVE                 R3 <- R2  ; line 27
2240 HOST_CALL            a=4 b=84 c=3 imm=1  ; line 27
2241 BINARY               a=1 b=4 c=5 imm=2  ; line 27
2242 BINARY               a=0 b=5 c=6 imm=1  ; line 27
2243 RETURN               R6  ; line 27
2244 LOAD_CONST           R7 constant[504]  ; line 27
2245 RETURN               R7  ; line 27
2246 LOAD_CONST           R1 constant[505]  ; line 32
2247 COMPARE              a=0 b=1 c=2 imm=4  ; line 32
2248 JUMP_IF_FALSE        R2 -> 2252  ; line 32
2249 LOAD_CONST           R1 constant[506]  ; line 32
2250 MOVE                 R0 <- R1  ; line 32
2251 JUMP                 -> 2252  ; line 32
2252 LOAD_CONST           R1 constant[507]  ; line 33
2253 UNARY                a=1 b=2 c=4294967295 imm=0  ; line 33
2254 COMPARE              a=0 b=2 c=3 imm=2  ; line 33
2255 JUMP_IF_FALSE        R3 -> 2260  ; line 33
2256 LOAD_CONST           R1 constant[508]  ; line 33
2257 UNARY                a=1 b=2 c=4294967295 imm=0  ; line 33
2258 MOVE                 R0 <- R2  ; line 33
2259 JUMP                 -> 2260  ; line 33
2260 LOAD_CONST           R1 constant[509]  ; line 34
2261 COMPARE              a=0 b=1 c=2 imm=2  ; line 34
2262 MOVE                 R3 <- R2  ; line 34
2263 JUMP_IF_FALSE        R3 -> 2267  ; line 35
2264 UNARY                a=0 b=4 c=4294967295 imm=0  ; line 35
2265 MOVE                 R0 <- R4  ; line 35
2266 JUMP                 -> 2267  ; line 35
2267 LOAD_CONST           R4 constant[510]  ; line 36
2268 MOVE                 R5 <- R4  ; line 36
2269 LOAD_CONST           R6 constant[511]  ; line 37
2270 COMPARE              a=0 b=6 c=7 imm=4  ; line 37
2271 JUMP_IF_FALSE        R7 -> 2279  ; line 37
2272 LOAD_CONST           R6 constant[512]  ; line 38
2273 BINARY               a=0 b=6 c=7 imm=3  ; line 38
2274 MOVE                 R0 <- R7  ; line 38
2275 LOAD_CONST           R6 constant[513]  ; line 39
2276 BINARY               a=5 b=6 c=7 imm=0  ; line 39
2277 MOVE                 R5 <- R7  ; line 39
2278 JUMP                 -> 2269  ; line 39
2279 LOAD_CONST           R6 constant[514]  ; line 41
2280 MOVE                 R7 <- R6  ; line 41
2281 LOAD_CONST           R8 constant[515]  ; line 42
2282 MOVE                 R9 <- R8  ; line 42
2283 LOAD_CONST           R10 constant[516]  ; line 43
2284 MOVE                 R11 <- R10  ; line 43
2285 LOAD_CONST           R12 constant[517]  ; line 44
2286 COMPARE              a=11 b=12 c=13 imm=3  ; line 44
2287 JUMP_IF_FALSE        R13 -> 2297  ; line 44
2288 BINARY               a=7 b=0 c=12 imm=2  ; line 45
2289 BINARY               a=12 b=11 c=13 imm=3  ; line 45
2290 MOVE                 R7 <- R13  ; line 45
2291 BINARY               a=9 b=7 c=12 imm=0  ; line 46
2292 MOVE                 R9 <- R12  ; line 46
2293 LOAD_CONST           R12 constant[518]  ; line 47
2294 BINARY               a=11 b=12 c=13 imm=0  ; line 47
2295 MOVE                 R11 <- R13  ; line 47
2296 JUMP                 -> 2285  ; line 47
2297 LOAD_CONST           R12 constant[519]  ; line 49
2298 MOVE                 R11 <- R12  ; line 49
2299 COMPARE              a=11 b=5 c=12 imm=2  ; line 50
2300 JUMP_IF_FALSE        R12 -> 2307  ; line 50
2301 BINARY               a=9 b=9 c=12 imm=2  ; line 51
2302 MOVE                 R9 <- R12  ; line 51
2303 LOAD_CONST           R12 constant[520]  ; line 52
2304 BINARY               a=11 b=12 c=13 imm=0  ; line 52
2305 MOVE                 R11 <- R13  ; line 52
2306 JUMP                 -> 2299  ; line 52
2307 JUMP_IF_FALSE        R3 -> 2312  ; line 54
2308 LOAD_CONST           R12 constant[521]  ; line 54
2309 BINARY               a=12 b=9 c=13 imm=3  ; line 54
2310 RETURN               R13  ; line 54
2311 JUMP                 -> 2312  ; line 54
2312 RETURN               R9  ; line 55
2313 LOAD_CONST           R12 constant[522]  ; line 55
2314 RETURN               R12  ; line 55
2315 LOAD_CONST           R1 constant[523]  ; line 59
2316 COMPARE              a=0 b=1 c=2 imm=5  ; line 59
2317 JUMP_IF_FALSE        R2 -> 2327  ; line 59
2318 LOAD_CONST           R1 constant[524]  ; line 59
2319 LOAD_CONST           R2 constant[525]  ; line 59
2320 UNARY                a=0 b=3 c=4294967295 imm=0  ; line 59
2321 MOVE                 R4 <- R3  ; line 59
2322 CALL                 a=5 b=58 c=4 imm=1  ; line 59
2323 BINARY               a=2 b=5 c=6 imm=0  ; line 59
2324 BINARY               a=1 b=6 c=7 imm=3  ; line 59
2325 RETURN               R7  ; line 59
2326 JUMP                 -> 2327  ; line 59
2327 MOVE                 R1 <- R0  ; line 60
2328 CALL                 a=2 b=58 c=1 imm=1  ; line 60
2329 MOVE                 R3 <- R2  ; line 60
2330 LOAD_CONST           R4 constant[526]  ; line 61
2331 BINARY               a=4 b=3 c=5 imm=0  ; line 61
2332 BINARY               a=3 b=5 c=6 imm=3  ; line 61
2333 RETURN               R6  ; line 61
2334 LOAD_CONST           R7 constant[527]  ; line 61
2335 RETURN               R7  ; line 61
2336 LOAD_CONST           R1 constant[528]  ; line 65
2337 COMPARE              a=0 b=1 c=2 imm=3  ; line 65
2338 JUMP_IF_FALSE        R2 -> 2342  ; line 65
2339 LOAD_CONST           R1 constant[529]  ; line 65
2340 RETURN               R1  ; line 65
2341 JUMP                 -> 2342  ; line 65
2342 MOVE                 R1 <- R0  ; line 66
2343 LOAD_CONST           R2 constant[530]  ; line 67
2344 COMPARE              a=1 b=2 c=3 imm=2  ; line 67
2345 JUMP_IF_FALSE        R3 -> 2349  ; line 67
2346 LOAD_CONST           R2 constant[531]  ; line 67
2347 MOVE                 R1 <- R2  ; line 67
2348 JUMP                 -> 2349  ; line 67
2349 LOAD_CONST           R2 constant[532]  ; line 68
2350 MOVE                 R3 <- R2  ; line 68
2351 LOAD_CONST           R4 constant[533]  ; line 69
2352 COMPARE              a=3 b=4 c=5 imm=2  ; line 69
2353 JUMP_IF_FALSE        R5 -> 2363  ; line 69
2354 LOAD_CONST           R4 constant[534]  ; line 70
2355 BINARY               a=0 b=1 c=5 imm=3  ; line 70
2356 BINARY               a=1 b=5 c=6 imm=0  ; line 70
2357 BINARY               a=4 b=6 c=7 imm=2  ; line 70
2358 MOVE                 R1 <- R7  ; line 70
2359 LOAD_CONST           R4 constant[535]  ; line 71
2360 BINARY               a=3 b=4 c=5 imm=0  ; line 71
2361 MOVE                 R3 <- R5  ; line 71
2362 JUMP                 -> 2351  ; line 71
2363 RETURN               R1  ; line 73
2364 LOAD_CONST           R4 constant[536]  ; line 73
2365 RETURN               R4  ; line 73
2366 MOVE                 R1 <- R0  ; line 77
2367 HOST_CALL            a=2 b=86 c=1 imm=1  ; line 77
2368 LOAD_CONST           R3 constant[537]  ; line 77
2369 COMPARE              a=2 b=3 c=4 imm=1  ; line 77
2370 JUMP_IF_FALSE        R4 -> 2374  ; line 77
2371 LOAD_CONST           R1 constant[538]  ; line 77
2372 RETURN               R1  ; line 77
2373 JUMP                 -> 2374  ; line 77
2374 MOVE                 R1 <- R0  ; line 78
2375 HOST_CALL            a=2 b=61 c=1 imm=1  ; line 78
2376 MOVE                 R3 <- R2  ; line 78
2377 MOVE                 R4 <- R3  ; line 79
2378 HOST_CALL            a=5 b=26 c=4 imm=1  ; line 79
2379 LOAD_CONST           R6 constant[539]  ; line 79
2380 COMPARE              a=5 b=6 c=7 imm=1  ; line 79
2381 JUMP_IF_FALSE        R7 -> 2385  ; line 79
2382 LOAD_CONST           R4 constant[540]  ; line 79
2383 RETURN               R4  ; line 79
2384 JUMP                 -> 2385  ; line 79
2385 RETURN               R3  ; line 80
2386 LOAD_CONST           R4 constant[541]  ; line 80
2387 RETURN               R4  ; line 80
2388 MOVE                 R1 <- R0  ; line 84
2389 HOST_CALL            a=2 b=86 c=1 imm=1  ; line 84
2390 LOAD_CONST           R3 constant[542]  ; line 84
2391 COMPARE              a=2 b=3 c=4 imm=1  ; line 84
2392 JUMP_IF_FALSE        R4 -> 2397  ; line 84
2393 LOAD_CONST           R1 constant[543]  ; line 84
2394 UNARY                a=1 b=2 c=4294967295 imm=0  ; line 84
2395 RETURN               R2  ; line 84
2396 JUMP                 -> 2397  ; line 84
2397 MOVE                 R1 <- R0  ; line 85
2398 HOST_CALL            a=2 b=61 c=1 imm=1  ; line 85
2399 MOVE                 R3 <- R2  ; line 85
2400 MOVE                 R4 <- R3  ; line 86
2401 HOST_CALL            a=5 b=26 c=4 imm=1  ; line 86
2402 LOAD_CONST           R6 constant[544]  ; line 86
2403 COMPARE              a=5 b=6 c=7 imm=1  ; line 86
2404 JUMP_IF_FALSE        R7 -> 2409  ; line 86
2405 LOAD_CONST           R4 constant[545]  ; line 86
2406 UNARY                a=4 b=5 c=4294967295 imm=0  ; line 86
2407 RETURN               R5  ; line 86
2408 JUMP                 -> 2409  ; line 86
2409 LOAD_CONST           R4 constant[546]  ; line 87
2410 MOVE                 R5 <- R3  ; line 87
2411 MOVE                 R6 <- R4  ; line 87
2412 HOST_CALL            a=7 b=11 c=5 imm=2  ; line 87
2413 RETURN               R7  ; line 87
2414 LOAD_CONST           R8 constant[547]  ; line 87
2415 RETURN               R8  ; line 87
2416 LOAD_CONST           R1 constant[548]  ; line 91
2417 MOVE                 R2 <- R1  ; line 91
2418 HOST_CALL            a=3 b=22 c=2 imm=1  ; line 91
2419 MOVE                 R4 <- R3  ; line 91
2420 LOAD_CONST           R5 constant[549]  ; line 92
2421 MOVE                 R6 <- R5  ; line 92
2422 COMPARE              a=6 b=0 c=7 imm=2  ; line 93
2423 JUMP_IF_FALSE        R7 -> 2432  ; line 93
2424 LOAD_CONST           R7 constant[550]  ; line 94
2425 MOVE                 R8 <- R4  ; line 94
2426 MOVE                 R9 <- R7  ; line 94
2427 HOST_CALL            a=10 b=23 c=8 imm=2  ; line 94
2428 LOAD_CONST           R7 constant[551]  ; line 95
2429 BINARY               a=6 b=7 c=8 imm=0  ; line 95
2430 MOVE                 R6 <- R8  ; line 95
2431 JUMP                 -> 2422  ; line 95
2432 RETURN               R4  ; line 97
2433 LOAD_CONST           R7 constant[552]  ; line 97
2434 RETURN               R7  ; line 97
2435 MOVE                 R1 <- R0  ; line 101
2436 HOST_CALL            a=2 b=86 c=1 imm=1  ; line 101
2437 LOAD_CONST           R3 constant[553]  ; line 101
2438 COMPARE              a=2 b=3 c=4 imm=1  ; line 101
2439 JUMP_IF_FALSE        R4 -> 2443  ; line 101
2440 LOAD_CONST           R1 constant[554]  ; line 101
2441 RETURN               R1  ; line 101
2442 JUMP                 -> 2443  ; line 101
2443 LOAD_CONST           R1 constant[555]  ; line 102
2444 MOVE                 R2 <- R0  ; line 102
2445 MOVE                 R3 <- R1  ; line 102
2446 HOST_CALL            a=4 b=7 c=2 imm=2  ; line 102
2447 UNARY                a=4 b=5 c=4294967295 imm=1  ; line 102
2448 JUMP_IF_FALSE        R5 -> 2452  ; line 102
2449 LOAD_CONST           R1 constant[556]  ; line 102
2450 RETURN               R1  ; line 102
2451 JUMP                 -> 2452  ; line 102
2452 LOAD_CONST           R1 constant[557]  ; line 103
2453 MOVE                 R2 <- R0  ; line 103
2454 MOVE                 R3 <- R1  ; line 103
2455 HOST_CALL            a=4 b=7 c=2 imm=2  ; line 103
2456 UNARY                a=4 b=5 c=4294967295 imm=1  ; line 103
2457 JUMP_IF_FALSE        R5 -> 2461  ; line 103
2458 LOAD_CONST           R1 constant[558]  ; line 103
2459 RETURN               R1  ; line 103
2460 JUMP                 -> 2461  ; line 103
2461 LOAD_CONST           R1 constant[559]  ; line 104
2462 MOVE                 R2 <- R0  ; line 104
2463 MOVE                 R3 <- R1  ; line 104
2464 HOST_CALL            a=4 b=11 c=2 imm=2  ; line 104
2465 MOVE                 R5 <- R4  ; line 104
2466 CALL                 a=6 b=61 c=5 imm=1  ; line 104
2467 MOVE                 R7 <- R6  ; line 104
2468 LOAD_CONST           R8 constant[560]  ; line 105
2469 COMPARE              a=7 b=8 c=9 imm=0  ; line 105
2470 JUMP_IF_FALSE        R9 -> 2474  ; line 105
2471 LOAD_CONST           R8 constant[561]  ; line 105
2472 RETURN               R8  ; line 105
2473 JUMP                 -> 2474  ; line 105
2474 LOAD_CONST           R8 constant[562]  ; line 106
2475 MOVE                 R9 <- R0  ; line 106
2476 MOVE                 R10 <- R8  ; line 106
2477 HOST_CALL            a=11 b=11 c=9 imm=2  ; line 106
2478 MOVE                 R12 <- R11  ; line 106
2479 CALL                 a=13 b=62 c=12 imm=1  ; line 106
2480 MOVE                 R14 <- R13  ; line 106
2481 LOAD_CONST           R15 constant[563]  ; line 107
2482 COMPARE              a=14 b=15 c=16 imm=2  ; line 107
2483 JUMP_IF_FALSE        R16 -> 2487  ; line 107
2484 LOAD_CONST           R15 constant[564]  ; line 107
2485 RETURN               R15  ; line 107
2486 JUMP                 -> 2487  ; line 107
2487 LOAD_CONST           R15 constant[565]  ; line 108
2488 MOVE                 R16 <- R7  ; line 108
2489 MOVE                 R17 <- R15  ; line 108
2490 HOST_CALL            a=18 b=11 c=16 imm=2  ; line 108
2491 COMPARE              a=18 b=14 c=19 imm=1  ; line 108
2492 JUMP_IF_FALSE        R19 -> 2496  ; line 108
2493 LOAD_CONST           R15 constant[566]  ; line 108
2494 RETURN               R15  ; line 108
2495 JUMP                 -> 2496  ; line 108
2496 LOAD_CONST           R15 constant[567]  ; line 109
2497 COMPARE              a=14 b=15 c=16 imm=0  ; line 109
2498 JUMP_IF_FALSE        R16 -> 2502  ; line 109
2499 LOAD_CONST           R15 constant[568]  ; line 109
2500 RETURN               R15  ; line 109
2501 JUMP                 -> 2502  ; line 109
2502 LOAD_CONST           R15 constant[569]  ; line 110
2503 MOVE                 R16 <- R7  ; line 110
2504 MOVE                 R17 <- R15  ; line 110
2505 HOST_CALL            a=18 b=11 c=16 imm=2  ; line 110
2506 LOAD_CONST           R19 constant[570]  ; line 110
2507 COMPARE              a=18 b=19 c=20 imm=0  ; line 110
2508 JUMP_IF_FALSE        R20 -> 2512  ; line 110
2509 LOAD_CONST           R15 constant[571]  ; line 110
2510 RETURN               R15  ; line 110
2511 JUMP                 -> 2512  ; line 110
2512 LOAD_CONST           R15 constant[572]  ; line 111
2513 RETURN               R15  ; line 111
2514 LOAD_CONST           R16 constant[573]  ; line 111
2515 RETURN               R16  ; line 111
2516 MOVE                 R3 <- R0  ; line 115
2517 HOST_CALL            a=4 b=61 c=3 imm=1  ; line 115
2518 MOVE                 R5 <- R4  ; line 115
2519 LOAD_CONST           R6 constant[574]  ; line 116
2520 MOVE                 R7 <- R6  ; line 116
2521 HOST_CALL            a=8 b=22 c=7 imm=1  ; line 116
2522 MOVE                 R9 <- R8  ; line 116
2523 LOAD_CONST           R10 constant[575]  ; line 117
2524 MOVE                 R11 <- R10  ; line 117
2525 LOAD_CONST           R12 constant[576]  ; line 118
2526 MOVE                 R13 <- R5  ; line 118
2527 MOVE                 R14 <- R12  ; line 118
2528 HOST_CALL            a=15 b=11 c=13 imm=2  ; line 118
2529 COMPARE              a=11 b=15 c=16 imm=2  ; line 118
2530 JUMP_IF_FALSE        R16 -> 2563  ; line 118
2531 MOVE                 R12 <- R2  ; line 119
2532 LOAD_CONST           R13 constant[577]  ; line 120
2533 MOVE                 R14 <- R13  ; line 120
2534 LOAD_CONST           R15 constant[578]  ; line 121
2535 MOVE                 R16 <- R5  ; line 121
2536 MOVE                 R17 <- R15  ; line 121
2537 HOST_CALL            a=18 b=11 c=16 imm=2  ; line 121
2538 COMPARE              a=14 b=18 c=19 imm=2  ; line 121
2539 JUMP_IF_FALSE        R19 -> 2556  ; line 121
2540 MOVE                 R15 <- R1  ; line 122
2541 MOVE                 R16 <- R14  ; line 122
2542 HOST_CALL            a=17 b=11 c=15 imm=2  ; line 122
2543 MOVE                 R18 <- R11  ; line 122
2544 MOVE                 R19 <- R14  ; line 122
2545 ARRAY_NEW            a=20 b=18 c=2 imm=4294967295  ; line 122
2546 MOVE                 R21 <- R0  ; line 122
2547 MOVE                 R22 <- R20  ; line 122
2548 HOST_CALL            a=23 b=11 c=21 imm=2  ; line 122
2549 BINARY               a=17 b=23 c=24 imm=2  ; line 122
2550 BINARY               a=12 b=24 c=25 imm=0  ; line 122
2551 MOVE                 R12 <- R25  ; line 122
2552 LOAD_CONST           R15 constant[579]  ; line 123
2553 BINARY               a=14 b=15 c=16 imm=0  ; line 123
2554 MOVE                 R14 <- R16  ; line 123
2555 JUMP                 -> 2534  ; line 123
2556 MOVE                 R15 <- R9  ; line 125
2557 MOVE                 R16 <- R12  ; line 125
2558 HOST_CALL            a=17 b=23 c=15 imm=2  ; line 125
2559 LOAD_CONST           R15 constant[580]  ; line 126
2560 BINARY               a=11 b=15 c=16 imm=0  ; line 126
2561 MOVE                 R11 <- R16  ; line 126
2562 JUMP                 -> 2525  ; line 126
2563 RETURN               R9  ; line 128
2564 LOAD_CONST           R15 constant[581]  ; line 128
2565 RETURN               R15  ; line 128
2566 LOAD_CONST           R2 constant[582]  ; line 132
2567 MOVE                 R3 <- R2  ; line 132
2568 HOST_CALL            a=4 b=22 c=3 imm=1  ; line 132
2569 MOVE                 R5 <- R4  ; line 132
2570 LOAD_CONST           R6 constant[583]  ; line 133
2571 MOVE                 R7 <- R6  ; line 133
2572 COMPARE              a=7 b=0 c=8 imm=2  ; line 134
2573 JUMP_IF_FALSE        R8 -> 2581  ; line 134
2574 MOVE                 R8 <- R5  ; line 135
2575 MOVE                 R9 <- R1  ; line 135
2576 HOST_CALL            a=10 b=23 c=8 imm=2  ; line 135
2577 LOAD_CONST           R8 constant[584]  ; line 136
2578 BINARY               a=7 b=8 c=9 imm=0  ; line 136
2579 MOVE                 R7 <- R9  ; line 136
2580 JUMP                 -> 2572  ; line 136
2581 MOVE                 R8 <- R5  ; line 138
2582 HOST_CALL            a=9 b=72 c=8 imm=1  ; line 138
2583 RETURN               R9  ; line 138
2584 LOAD_CONST           R10 constant[585]  ; line 138
2585 RETURN               R10  ; line 138
2586 LOAD_CONST           R5 constant[586]  ; line 142
2587 LOAD_CONST           R6 constant[587]  ; line 142
2588 LOAD_CONST           R7 constant[588]  ; line 142
2589 LOAD_CONST           R8 constant[589]  ; line 142
2590 LOAD_CONST           R9 constant[590]  ; line 142
2591 LOAD_CONST           R10 constant[591]  ; line 142
2592 LOAD_CONST           R11 constant[592]  ; line 142
2593 LOAD_CONST           R12 constant[593]  ; line 142
2594 MOVE                 R13 <- R0  ; line 142
2595 MOVE                 R14 <- R12  ; line 142
2596 HOST_CALL            a=15 b=11 c=13 imm=2  ; line 142
2597 LOAD_CONST           R16 constant[594]  ; line 142
2598 LOAD_CONST           R17 constant[595]  ; line 142
2599 MOVE                 R18 <- R0  ; line 142
2600 MOVE                 R19 <- R17  ; line 142
2601 HOST_CALL            a=20 b=11 c=18 imm=2  ; line 142
2602 LOAD_CONST           R21 constant[596]  ; line 142
2603 LOAD_CONST           R22 constant[597]  ; line 142
2604 MOVE                 R23 <- R0  ; line 142
2605 MOVE                 R24 <- R22  ; line 142
2606 HOST_CALL            a=25 b=11 c=23 imm=2  ; line 142
2607 LOAD_CONST           R26 constant[598]  ; line 142
2608 LOAD_CONST           R27 constant[599]  ; line 142
2609 MOVE                 R28 <- R0  ; line 142
2610 MOVE                 R29 <- R27  ; line 142
2611 HOST_CALL            a=30 b=11 c=28 imm=2  ; line 142
2612 MOVE                 R31 <- R5  ; line 142
2613 MOVE                 R32 <- R6  ; line 142
2614 MOVE                 R33 <- R7  ; line 142
2615 MOVE                 R34 <- R1  ; line 142
2616 MOVE                 R35 <- R8  ; line 142
2617 MOVE                 R36 <- R2  ; line 142
2618 MOVE                 R37 <- R9  ; line 142
2619 MOVE                 R38 <- R3  ; line 142
2620 MOVE                 R39 <- R10  ; line 142
2621 MOVE                 R40 <- R4  ; line 142
2622 MOVE                 R41 <- R11  ; line 142
2623 MOVE                 R42 <- R15  ; line 142
2624 MOVE                 R43 <- R16  ; line 142
2625 MOVE                 R44 <- R20  ; line 142
2626 MOVE                 R45 <- R21  ; line 142
2627 MOVE                 R46 <- R25  ; line 142
2628 MOVE                 R47 <- R26  ; line 142
2629 MOVE                 R48 <- R30  ; line 142
2630 HOST_CALL            a=49 b=6 c=31 imm=18  ; line 142
2631 RETURN               R49  ; line 142
2632 LOAD_CONST           R50 constant[600]  ; line 142
2633 RETURN               R50  ; line 142
2634 LOAD_CONST           R6 constant[601]  ; line 156
2635 LOAD_CONST           R7 constant[602]  ; line 156
2636 LOAD_CONST           R8 constant[603]  ; line 156
2637 LOAD_CONST           R9 constant[604]  ; line 156
2638 LOAD_CONST           R10 constant[605]  ; line 156
2639 LOAD_CONST           R11 constant[606]  ; line 156
2640 LOAD_CONST           R12 constant[607]  ; line 156
2641 LOAD_CONST           R13 constant[608]  ; line 156
2642 LOAD_CONST           R14 constant[609]  ; line 156
2643 MOVE                 R15 <- R7  ; line 156
2644 MOVE                 R16 <- R8  ; line 156
2645 MOVE                 R17 <- R9  ; line 156
2646 MOVE                 R18 <- R0  ; line 156
2647 MOVE                 R19 <- R10  ; line 156
2648 MOVE                 R20 <- R1  ; line 156
2649 MOVE                 R21 <- R11  ; line 156
2650 MOVE                 R22 <- R2  ; line 156
2651 MOVE                 R23 <- R12  ; line 156
2652 MOVE                 R24 <- R3  ; line 156
2653 MOVE                 R25 <- R13  ; line 156
2654 MOVE                 R26 <- R4  ; line 156
2655 MOVE                 R27 <- R14  ; line 156
2656 MOVE                 R28 <- R5  ; line 156
2657 HOST_CALL            a=29 b=6 c=15 imm=14  ; line 156
2658 MOVE                 R30 <- R6  ; line 156
2659 MOVE                 R31 <- R29  ; line 156
2660 ARRAY_NEW            a=32 b=30 c=2 imm=4294967295  ; line 156
2661 RETURN               R32  ; line 156
2662 LOAD_CONST           R33 constant[610]  ; line 156
2663 RETURN               R33  ; line 156
2664 MOVE                 R3 <- R1  ; line 168
2665 CALL                 a=4 b=64 c=3 imm=1  ; line 168
2666 MOVE                 R5 <- R4  ; line 168
2667 LOAD_CONST           R6 constant[611]  ; line 169
2668 COMPARE              a=5 b=6 c=7 imm=1  ; line 169
2669 JUMP_IF_FALSE        R7 -> 2678  ; line 169
2670 LOAD_CONST           R6 constant[612]  ; line 169
2671 LOAD_CONST           R7 constant[613]  ; line 169
2672 MOVE                 R8 <- R6  ; line 169
2673 MOVE                 R9 <- R5  ; line 169
2674 MOVE                 R10 <- R7  ; line 169
2675 CALL                 a=11 b=53 c=8 imm=3  ; line 169
2676 RETURN               R11  ; line 169
2677 JUMP                 -> 2678  ; line 169
2678 LOAD_CONST           R6 constant[614]  ; line 170
2679 MOVE                 R7 <- R1  ; line 170
2680 MOVE                 R8 <- R6  ; line 170
2681 HOST_CALL            a=9 b=11 c=7 imm=2  ; line 170
2682 MOVE                 R10 <- R9  ; line 170
2683 LOAD_CONST           R11 constant[615]  ; line 171
2684 MOVE                 R12 <- R1  ; line 171
2685 MOVE                 R13 <- R11  ; line 171
2686 HOST_CALL            a=14 b=11 c=12 imm=2  ; line 171
2687 MOVE                 R15 <- R14  ; line 171
2688 MOVE                 R16 <- R10  ; line 172
2689 HOST_CALL            a=17 b=61 c=16 imm=1  ; line 172
2690 MOVE                 R18 <- R17  ; line 172
2691 LOAD_CONST           R19 constant[616]  ; line 173
2692 MOVE                 R20 <- R18  ; line 173
2693 MOVE                 R21 <- R19  ; line 173
2694 HOST_CALL            a=22 b=11 c=20 imm=2  ; line 173
2695 MOVE                 R23 <- R22  ; line 173
2696 LOAD_CONST           R24 constant[617]  ; line 174
2697 MOVE                 R25 <- R18  ; line 174
2698 MOVE                 R26 <- R24  ; line 174
2699 HOST_CALL            a=27 b=11 c=25 imm=2  ; line 174
2700 MOVE                 R28 <- R27  ; line 174
2701 LOAD_CONST           R29 constant[618]  ; line 175
2702 LOAD_CONST           R30 constant[619]  ; line 175
2703 MOVE                 R31 <- R2  ; line 175
2704 MOVE                 R32 <- R29  ; line 175
2705 MOVE                 R33 <- R30  ; line 175
2706 CALL                 a=34 b=54 c=31 imm=3  ; line 175
2707 MOVE                 R35 <- R34  ; line 175
2708 LOAD_CONST           R36 constant[620]  ; line 176
2709 LOAD_CONST           R37 constant[621]  ; line 176
2710 MOVE                 R38 <- R2  ; line 176
2711 MOVE                 R39 <- R36  ; line 176
2712 MOVE                 R40 <- R37  ; line 176
2713 CALL                 a=41 b=54 c=38 imm=3  ; line 176
2714 MOVE                 R42 <- R41  ; line 176
2715 LOAD_CONST           R43 constant[622]  ; line 177
2716 LOAD_CONST           R44 constant[623]  ; line 177
2717 MOVE                 R45 <- R2  ; line 177
2718 MOVE                 R46 <- R43  ; line 177
2719 MOVE                 R47 <- R44  ; line 177
2720 CALL                 a=48 b=54 c=45 imm=3  ; line 177
2721 MOVE                 R49 <- R48  ; line 177
2722 LOAD_CONST           R50 constant[624]  ; line 178
2723 LOAD_CONST           R51 constant[625]  ; line 178
2724 MOVE                 R52 <- R2  ; line 178
2725 MOVE                 R53 <- R50  ; line 178
2726 MOVE                 R54 <- R51  ; line 178
2727 CALL                 a=55 b=54 c=52 imm=3  ; line 178
2728 MOVE                 R56 <- R55  ; line 178
2729 LOAD_CONST           R57 constant[626]  ; line 179
2730 COMPARE              a=0 b=57 c=58 imm=0  ; line 179
2731 JUMP_IF_FALSE        R58 -> 2742  ; line 179
2732 LOAD_CONST           R57 constant[627]  ; line 180
2733 MOVE                 R58 <- R2  ; line 180
2734 MOVE                 R59 <- R57  ; line 180
2735 HOST_CALL            a=60 b=7 c=58 imm=2  ; line 180
2736 UNARY                a=60 b=61 c=4294967295 imm=1  ; line 180
2737 JUMP_IF_FALSE        R61 -> 2741  ; line 180
2738 LOAD_CONST           R57 constant[628]  ; line 180
2739 MOVE                 R49 <- R57  ; line 180
2740 JUMP                 -> 2741  ; line 180
2741 JUMP                 -> 2742  ; line 180
2742 MOVE                 R57 <- R35  ; line 182
2743 CALL                 a=58 b=55 c=57 imm=1  ; line 182
2744 UNARY                a=58 b=59 c=4294967295 imm=1  ; line 182
2745 JUMP_IF_FALSE        R59 -> 2755  ; line 182
2746 LOAD_CONST           R57 constant[629]  ; line 182
2747 LOAD_CONST           R58 constant[630]  ; line 182
2748 LOAD_CONST           R59 constant[631]  ; line 182
2749 MOVE                 R60 <- R57  ; line 182
2750 MOVE                 R61 <- R58  ; line 182
2751 MOVE                 R62 <- R59  ; line 182
2752 CALL                 a=63 b=53 c=60 imm=3  ; line 182
2753 RETURN               R63  ; line 182
2754 JUMP                 -> 2755  ; line 182
2755 LOAD_CONST           R57 constant[632]  ; line 183
2756 COMPARE              a=35 b=57 c=58 imm=3  ; line 183
2757 JUMP_IF_FALSE        R58 -> 2767  ; line 183
2758 LOAD_CONST           R57 constant[633]  ; line 183
2759 LOAD_CONST           R58 constant[634]  ; line 183
2760 LOAD_CONST           R59 constant[635]  ; line 183
2761 MOVE                 R60 <- R57  ; line 183
2762 MOVE                 R61 <- R58  ; line 183
2763 MOVE                 R62 <- R59  ; line 183
2764 CALL                 a=63 b=53 c=60 imm=3  ; line 183
2765 RETURN               R63  ; line 183
2766 JUMP                 -> 2767  ; line 183
2767 MOVE                 R57 <- R42  ; line 184
2768 CALL                 a=58 b=55 c=57 imm=1  ; line 184
2769 UNARY                a=58 b=59 c=4294967295 imm=1  ; line 184
2770 JUMP_IF_FALSE        R59 -> 2780  ; line 184
2771 LOAD_CONST           R57 constant[636]  ; line 184
2772 LOAD_CONST           R58 constant[637]  ; line 184
2773 LOAD_CONST           R59 constant[638]  ; line 184
2774 MOVE                 R60 <- R57  ; line 184
2775 MOVE                 R61 <- R58  ; line 184
2776 MOVE                 R62 <- R59  ; line 184
2777 CALL                 a=63 b=53 c=60 imm=3  ; line 184
2778 RETURN               R63  ; line 184
2779 JUMP                 -> 2780  ; line 184
2780 LOAD_CONST           R57 constant[639]  ; line 185
2781 COMPARE              a=42 b=57 c=58 imm=2  ; line 185
2782 JUMP_IF_FALSE        R58 -> 2792  ; line 185
2783 LOAD_CONST           R57 constant[640]  ; line 185
2784 LOAD_CONST           R58 constant[641]  ; line 185
2785 LOAD_CONST           R59 constant[642]  ; line 185
2786 MOVE                 R60 <- R57  ; line 185
2787 MOVE                 R61 <- R58  ; line 185
2788 MOVE                 R62 <- R59  ; line 185
2789 CALL                 a=63 b=53 c=60 imm=3  ; line 185
2790 RETURN               R63  ; line 185
2791 JUMP                 -> 2792  ; line 185
2792 LOAD_CONST           R57 constant[643]  ; line 186
2793 COMPARE              a=49 b=57 c=58 imm=2  ; line 186
2794 JUMP_IF_FALSE        R58 -> 2804  ; line 186
2795 LOAD_CONST           R57 constant[644]  ; line 186
2796 LOAD_CONST           R58 constant[645]  ; line 186
2797 LOAD_CONST           R59 constant[646]  ; line 186
2798 MOVE                 R60 <- R57  ; line 186
2799 MOVE                 R61 <- R58  ; line 186
2800 MOVE                 R62 <- R59  ; line 186
2801 CALL                 a=63 b=53 c=60 imm=3  ; line 186
2802 RETURN               R63  ; line 186
2803 JUMP                 -> 2804  ; line 186
2804 MOVE                 R57 <- R28  ; line 188
2805 CALL                 a=58 b=63 c=57 imm=1  ; line 188
2806 MOVE                 R59 <- R58  ; line 188
2807 LOAD_CONST           R60 constant[647]  ; line 189
2808 MOVE                 R61 <- R60  ; line 189
2809 LOAD_CONST           R62 constant[648]  ; line 190
2810 MOVE                 R63 <- R62  ; line 190
2811 COMPARE              a=63 b=42 c=64 imm=2  ; line 191
2812 JUMP_IF_FALSE        R64 -> 2914  ; line 191
2813 MOVE                 R64 <- R28  ; line 192
2814 CALL                 a=65 b=63 c=64 imm=1  ; line 192
2815 MOVE                 R66 <- R65  ; line 192
2816 LOAD_CONST           R67 constant[649]  ; line 193
2817 MOVE                 R68 <- R67  ; line 193
2818 LOAD_CONST           R69 constant[650]  ; line 194
2819 MOVE                 R70 <- R69  ; line 194
2820 COMPARE              a=70 b=23 c=71 imm=2  ; line 195
2821 JUMP_IF_FALSE        R71 -> 2877  ; line 195
2822 MOVE                 R71 <- R61  ; line 196
2823 LOAD_CONST           R72 constant[651]  ; line 197
2824 MOVE                 R73 <- R72  ; line 197
2825 COMPARE              a=73 b=28 c=74 imm=2  ; line 198
2826 JUMP_IF_FALSE        R74 -> 2843  ; line 198
2827 MOVE                 R74 <- R59  ; line 199
2828 MOVE                 R75 <- R73  ; line 199
2829 HOST_CALL            a=76 b=11 c=74 imm=2  ; line 199
2830 MOVE                 R77 <- R70  ; line 199
2831 MOVE                 R78 <- R73  ; line 199
2832 ARRAY_NEW            a=79 b=77 c=2 imm=4294967295  ; line 199
2833 MOVE                 R80 <- R10  ; line 199
2834 MOVE                 R81 <- R79  ; line 199
2835 HOST_CALL            a=82 b=11 c=80 imm=2  ; line 199
2836 BINARY               a=76 b=82 c=83 imm=2  ; line 199
2837 BINARY               a=71 b=83 c=84 imm=0  ; line 199
2838 MOVE                 R71 <- R84  ; line 199
2839 LOAD_CONST           R74 constant[652]  ; line 200
2840 BINARY               a=73 b=74 c=75 imm=0  ; line 200
2841 MOVE                 R73 <- R75  ; line 200
2842 JUMP                 -> 2825  ; line 200
2843 MOVE                 R74 <- R15  ; line 202
2844 MOVE                 R75 <- R70  ; line 202
2845 HOST_CALL            a=76 b=11 c=74 imm=2  ; line 202
2846 BINARY               a=71 b=76 c=77 imm=1  ; line 202
2847 MOVE                 R78 <- R77  ; line 202
2848 LOAD_CONST           R79 constant[653]  ; line 203
2849 MOVE                 R73 <- R79  ; line 203
2850 COMPARE              a=73 b=28 c=79 imm=2  ; line 204
2851 JUMP_IF_FALSE        R79 -> 2871  ; line 204
2852 MOVE                 R79 <- R66  ; line 205
2853 MOVE                 R80 <- R73  ; line 205
2854 HOST_CALL            a=81 b=11 c=79 imm=2  ; line 205
2855 MOVE                 R82 <- R70  ; line 205
2856 MOVE                 R83 <- R73  ; line 205
2857 ARRAY_NEW            a=84 b=82 c=2 imm=4294967295  ; line 205
2858 MOVE                 R85 <- R10  ; line 205
2859 MOVE                 R86 <- R84  ; line 205
2860 HOST_CALL            a=87 b=11 c=85 imm=2  ; line 205
2861 BINARY               a=78 b=87 c=88 imm=2  ; line 205
2862 BINARY               a=81 b=88 c=89 imm=0  ; line 205
2863 MOVE                 R90 <- R66  ; line 205
2864 MOVE                 R91 <- R73  ; line 205
2865 MOVE                 R92 <- R89  ; line 205
2866 HOST_CALL            a=93 b=12 c=90 imm=3  ; line 205
2867 LOAD_CONST           R79 constant[654]  ; line 206
2868 BINARY               a=73 b=79 c=80 imm=0  ; line 206
2869 MOVE                 R73 <- R80  ; line 206
2870 JUMP                 -> 2850  ; line 206
2871 BINARY               a=68 b=78 c=79 imm=0  ; line 208
2872 MOVE                 R68 <- R79  ; line 208
2873 LOAD_CONST           R79 constant[655]  ; line 209
2874 BINARY               a=70 b=79 c=80 imm=0  ; line 209
2875 MOVE                 R70 <- R80  ; line 209
2876 JUMP                 -> 2820  ; line 209
2877 LOAD_CONST           R79 constant[656]  ; line 211
2878 MOVE                 R80 <- R79  ; line 211
2879 COMPARE              a=80 b=28 c=81 imm=2  ; line 212
2880 JUMP_IF_FALSE        R81 -> 2904  ; line 212
2881 MOVE                 R81 <- R66  ; line 213
2882 MOVE                 R82 <- R80  ; line 213
2883 HOST_CALL            a=83 b=11 c=81 imm=2  ; line 213
2884 BINARY               a=83 b=23 c=84 imm=3  ; line 213
2885 MOVE                 R85 <- R59  ; line 213
2886 MOVE                 R86 <- R80  ; line 213
2887 HOST_CALL            a=87 b=11 c=85 imm=2  ; line 213
2888 BINARY               a=49 b=87 c=88 imm=2  ; line 213
2889 BINARY               a=84 b=88 c=89 imm=0  ; line 213
2890 MOVE                 R90 <- R89  ; line 213
2891 MOVE                 R91 <- R59  ; line 214
2892 MOVE                 R92 <- R80  ; line 214
2893 HOST_CALL            a=93 b=11 c=91 imm=2  ; line 214
2894 BINARY               a=35 b=90 c=94 imm=2  ; line 214
2895 BINARY               a=93 b=94 c=95 imm=1  ; line 214
2896 MOVE                 R96 <- R59  ; line 214
2897 MOVE                 R97 <- R80  ; line 214
2898 MOVE                 R98 <- R95  ; line 214
2899 HOST_CALL            a=99 b=12 c=96 imm=3  ; line 214
2900 LOAD_CONST           R91 constant[657]  ; line 215
2901 BINARY               a=80 b=91 c=92 imm=0  ; line 215
2902 MOVE                 R80 <- R92  ; line 215
2903 JUMP                 -> 2879  ; line 215
2904 JUMP_IF_FALSE        R56 -> 2910  ; line 217
2905 BINARY               a=35 b=68 c=91 imm=2  ; line 218
2906 BINARY               a=91 b=23 c=92 imm=3  ; line 218
2907 BINARY               a=61 b=92 c=93 imm=1  ; line 218
2908 MOVE                 R61 <- R93  ; line 218
2909 JUMP                 -> 2910  ; line 218
2910 LOAD_CONST           R91 constant[658]  ; line 220
2911 BINARY               a=63 b=91 c=92 imm=0  ; line 220
2912 MOVE                 R63 <- R92  ; line 220
2913 JUMP                 -> 2811  ; line 220
2914 MOVE                 R91 <- R10  ; line 223
2915 MOVE                 R92 <- R59  ; line 223
2916 MOVE                 R93 <- R61  ; line 223
2917 CALL                 a=94 b=65 c=91 imm=3  ; line 223
2918 MOVE                 R95 <- R94  ; line 223
2919 LOAD_CONST           R96 constant[659]  ; line 224
2920 MOVE                 R97 <- R96  ; line 224
2921 LOAD_CONST           R98 constant[660]  ; line 225
2922 MOVE                 R99 <- R98  ; line 225
2923 COMPARE              a=99 b=23 c=100 imm=2  ; line 226
2924 JUMP_IF_FALSE        R100 -> 2940  ; line 226
2925 MOVE                 R100 <- R95  ; line 227
2926 MOVE                 R101 <- R99  ; line 227
2927 HOST_CALL            a=102 b=11 c=100 imm=2  ; line 227
2928 MOVE                 R103 <- R15  ; line 227
2929 MOVE                 R104 <- R99  ; line 227
2930 HOST_CALL            a=105 b=11 c=103 imm=2  ; line 227
2931 BINARY               a=102 b=105 c=106 imm=1  ; line 227
2932 MOVE                 R107 <- R106  ; line 227
2933 BINARY               a=107 b=107 c=108 imm=2  ; line 228
2934 BINARY               a=97 b=108 c=109 imm=0  ; line 228
2935 MOVE                 R97 <- R109  ; line 228
2936 LOAD_CONST           R108 constant[661]  ; line 229
2937 BINARY               a=99 b=108 c=109 imm=0  ; line 229
2938 MOVE                 R99 <- R109  ; line 229
2939 JUMP                 -> 2923  ; line 229
2940 BINARY               a=97 b=23 c=108 imm=3  ; line 231
2941 MOVE                 R109 <- R108  ; line 231
2942 MOVE                 R110 <- R95  ; line 232
2943 HOST_CALL            a=111 b=72 c=110 imm=1  ; line 232
2944 MOVE                 R112 <- R111  ; line 232
2945 MOVE                 R113 <- R23  ; line 233
2946 MOVE                 R114 <- R109  ; line 233
2947 CALL                 a=115 b=66 c=113 imm=2  ; line 233
2948 MOVE                 R116 <- R115  ; line 233
2949 LOAD_CONST           R117 constant[662]  ; line 234
2950 LOAD_CONST           R118 constant[663]  ; line 234
2951 LOAD_CONST           R119 constant[664]  ; line 234
2952 LOAD_CONST           R120 constant[665]  ; line 234
2953 LOAD_CONST           R121 constant[666]  ; line 234
2954 LOAD_CONST           R122 constant[667]  ; line 234
2955 LOAD_CONST           R123 constant[668]  ; line 234
2956 MOVE                 R124 <- R59  ; line 234
2957 HOST_CALL            a=125 b=72 c=124 imm=1  ; line 234
2958 LOAD_CONST           R126 constant[669]  ; line 234
2959 MOVE                 R127 <- R123  ; line 234
2960 MOVE                 R128 <- R125  ; line 234
2961 MOVE                 R129 <- R126  ; line 234
2962 MOVE                 R130 <- R61  ; line 234
2963 HOST_CALL            a=131 b=6 c=127 imm=4  ; line 234
2964 LOAD_CONST           R132 constant[670]  ; line 234
2965 LOAD_CONST           R133 constant[671]  ; line 234
2966 MOVE                 R134 <- R133  ; line 234
2967 MOVE                 R135 <- R109  ; line 234
2968 HOST_CALL            a=136 b=6 c=134 imm=2  ; line 234
2969 LOAD_CONST           R137 constant[672]  ; line 234
2970 ARRAY_NEW            a=138 b=138 c=0 imm=4294967295  ; line 234
2971 LOAD_CONST           R139 constant[673]  ; line 234
2972 LOAD_CONST           R140 constant[674]  ; line 234
2973 LOAD_CONST           R141 constant[675]  ; line 234
2974 LOAD_CONST           R142 constant[676]  ; line 234
2975 MOVE                 R143 <- R140  ; line 234
2976 MOVE                 R144 <- R42  ; line 234
2977 MOVE                 R145 <- R141  ; line 234
2978 MOVE                 R146 <- R35  ; line 234
2979 MOVE                 R147 <- R142  ; line 234
2980 MOVE                 R148 <- R49  ; line 234
2981 HOST_CALL            a=149 b=6 c=143 imm=6  ; line 234
2982 LOAD_CONST           R150 constant[677]  ; line 234
2983 LOAD_CONST           R151 constant[678]  ; line 234
2984 LOAD_CONST           R152 constant[679]  ; line 234
2985 MOVE                 R153 <- R10  ; line 234
2986 HOST_CALL            a=154 b=60 c=153 imm=1  ; line 234
2987 LOAD_CONST           R155 constant[680]  ; line 234
2988 LOAD_CONST           R156 constant[681]  ; line 234
2989 MOVE                 R157 <- R117  ; line 234
2990 MOVE                 R158 <- R118  ; line 234
2991 MOVE                 R159 <- R119  ; line 234
2992 MOVE                 R160 <- R0  ; line 234
2993 MOVE                 R161 <- R120  ; line 234
2994 MOVE                 R162 <- R121  ; line 234
2995 MOVE                 R163 <- R122  ; line 234
2996 MOVE                 R164 <- R131  ; line 234
2997 MOVE                 R165 <- R132  ; line 234
2998 MOVE                 R166 <- R136  ; line 234
2999 MOVE                 R167 <- R137  ; line 234
3000 MOVE                 R168 <- R138  ; line 234
3001 MOVE                 R169 <- R139  ; line 234
3002 MOVE                 R170 <- R149  ; line 234
3003 MOVE                 R171 <- R150  ; line 234
3004 MOVE                 R172 <- R151  ; line 234
3005 MOVE                 R173 <- R152  ; line 234
3006 MOVE                 R174 <- R154  ; line 234
3007 MOVE                 R175 <- R155  ; line 234
3008 MOVE                 R176 <- R156  ; line 234
3009 HOST_CALL            a=177 b=6 c=157 imm=20  ; line 234
3010 MOVE                 R178 <- R177  ; line 234
3011 LOAD_CONST           R179 constant[682]  ; line 246
3012 LOAD_CONST           R180 constant[683]  ; line 246
3013 MOVE                 R181 <- R179  ; line 246
3014 MOVE                 R182 <- R109  ; line 246
3015 MOVE                 R183 <- R180  ; line 246
3016 MOVE                 R184 <- R23  ; line 246
3017 HOST_CALL            a=185 b=6 c=181 imm=4  ; line 246
3018 LOAD_CONST           R186 constant[684]  ; line 246
3019 LOAD_CONST           R187 constant[685]  ; line 246
3020 LOAD_CONST           R188 constant[686]  ; line 246
3021 MOVE                 R189 <- R187  ; line 246
3022 MOVE                 R190 <- R188  ; line 246
3023 ARRAY_NEW            a=191 b=189 c=2 imm=4294967295  ; line 246
3024 MOVE                 R192 <- R178  ; line 246
3025 MOVE                 R193 <- R112  ; line 246
3026 MOVE                 R194 <- R116  ; line 246
3027 MOVE                 R195 <- R185  ; line 246
3028 MOVE                 R196 <- R186  ; line 246
3029 MOVE                 R197 <- R191  ; line 246
3030 CALL                 a=198 b=68 c=192 imm=6  ; line 246
3031 RETURN               R198  ; line 246
3032 LOAD_CONST           R199 constant[687]  ; line 246
3033 RETURN               R199  ; line 246
3034 MOVE                 R3 <- R1  ; line 252
3035 CALL                 a=4 b=64 c=3 imm=1  ; line 252
3036 MOVE                 R5 <- R4  ; line 252
3037 LOAD_CONST           R6 constant[688]  ; line 253
3038 COMPARE              a=5 b=6 c=7 imm=1  ; line 253
3039 JUMP_IF_FALSE        R7 -> 3048  ; line 253
3040 LOAD_CONST           R6 constant[689]  ; line 253
3041 LOAD_CONST           R7 constant[690]  ; line 253
3042 MOVE                 R8 <- R6  ; line 253
3043 MOVE                 R9 <- R5  ; line 253
3044 MOVE                 R10 <- R7  ; line 253
3045 CALL                 a=11 b=53 c=8 imm=3  ; line 253
3046 RETURN               R11  ; line 253
3047 JUMP                 -> 3048  ; line 253
3048 LOAD_CONST           R6 constant[691]  ; line 254
3049 MOVE                 R7 <- R1  ; line 254
3050 MOVE                 R8 <- R6  ; line 254
3051 HOST_CALL            a=9 b=11 c=7 imm=2  ; line 254
3052 MOVE                 R10 <- R9  ; line 254
3053 LOAD_CONST           R11 constant[692]  ; line 255
3054 MOVE                 R12 <- R1  ; line 255
3055 MOVE                 R13 <- R11  ; line 255
3056 HOST_CALL            a=14 b=11 c=12 imm=2  ; line 255
3057 MOVE                 R15 <- R14  ; line 255
3058 MOVE                 R16 <- R10  ; line 256
3059 HOST_CALL            a=17 b=61 c=16 imm=1  ; line 256
3060 LOAD_CONST           R18 constant[693]  ; line 256
3061 MOVE                 R19 <- R17  ; line 256
3062 MOVE                 R20 <- R18  ; line 256
3063 HOST_CALL            a=21 b=11 c=19 imm=2  ; line 256
3064 MOVE                 R22 <- R21  ; line 256
3065 MOVE                 R23 <- R10  ; line 257
3066 HOST_CALL            a=24 b=61 c=23 imm=1  ; line 257
3067 LOAD_CONST           R25 constant[694]  ; line 257
3068 MOVE                 R26 <- R24  ; line 257
3069 MOVE                 R27 <- R25  ; line 257
3070 HOST_CALL            a=28 b=11 c=26 imm=2  ; line 257
3071 MOVE                 R29 <- R28  ; line 257
3072 LOAD_CONST           R30 constant[695]  ; line 258
3073 LOAD_CONST           R31 constant[696]  ; line 258
3074 MOVE                 R32 <- R2  ; line 258
3075 MOVE                 R33 <- R30  ; line 258
3076 MOVE                 R34 <- R31  ; line 258
3077 CALL                 a=35 b=54 c=32 imm=3  ; line 258
3078 MOVE                 R36 <- R35  ; line 258
3079 LOAD_CONST           R37 constant[697]  ; line 259
3080 LOAD_CONST           R38 constant[698]  ; line 259
3081 MOVE                 R39 <- R2  ; line 259
3082 MOVE                 R40 <- R37  ; line 259
3083 MOVE                 R41 <- R38  ; line 259
3084 CALL                 a=42 b=54 c=39 imm=3  ; line 259
3085 MOVE                 R43 <- R42  ; line 259
3086 LOAD_CONST           R44 constant[699]  ; line 260
3087 LOAD_CONST           R45 constant[700]  ; line 260
3088 MOVE                 R46 <- R2  ; line 260
3089 MOVE                 R47 <- R44  ; line 260
3090 MOVE                 R48 <- R45  ; line 260
3091 CALL                 a=49 b=54 c=46 imm=3  ; line 260
3092 MOVE                 R50 <- R49  ; line 260
3093 LOAD_CONST           R51 constant[701]  ; line 261
3094 COMPARE              a=0 b=51 c=52 imm=0  ; line 261
3095 JUMP_IF_FALSE        R52 -> 3106  ; line 261
3096 LOAD_CONST           R51 constant[702]  ; line 262
3097 MOVE                 R52 <- R2  ; line 262
3098 MOVE                 R53 <- R51  ; line 262
3099 HOST_CALL            a=54 b=7 c=52 imm=2  ; line 262
3100 UNARY                a=54 b=55 c=4294967295 imm=1  ; line 262
3101 JUMP_IF_FALSE        R55 -> 3105  ; line 262
3102 LOAD_CONST           R51 constant[703]  ; line 262
3103 MOVE                 R50 <- R51  ; line 262
3104 JUMP                 -> 3105  ; line 262
3105 JUMP                 -> 3106  ; line 262
3106 LOAD_CONST           R51 constant[704]  ; line 264
3107 COMPARE              a=36 b=51 c=52 imm=3  ; line 264
3108 JUMP_IF_FALSE        R52 -> 3118  ; line 264
3109 LOAD_CONST           R51 constant[705]  ; line 264
3110 LOAD_CONST           R52 constant[706]  ; line 264
3111 LOAD_CONST           R53 constant[707]  ; line 264
3112 MOVE                 R54 <- R51  ; line 264
3113 MOVE                 R55 <- R52  ; line 264
3114 MOVE                 R56 <- R53  ; line 264
3115 CALL                 a=57 b=53 c=54 imm=3  ; line 264
3116 RETURN               R57  ; line 264
3117 JUMP                 -> 3118  ; line 264
3118 LOAD_CONST           R51 constant[708]  ; line 265
3119 COMPARE              a=43 b=51 c=52 imm=2  ; line 265
3120 JUMP_IF_FALSE        R52 -> 3130  ; line 265
3121 LOAD_CONST           R51 constant[709]  ; line 265
3122 LOAD_CONST           R52 constant[710]  ; line 265
3123 LOAD_CONST           R53 constant[711]  ; line 265
3124 MOVE                 R54 <- R51  ; line 265
3125 MOVE                 R55 <- R52  ; line 265
3126 MOVE                 R56 <- R53  ; line 265
3127 CALL                 a=57 b=53 c=54 imm=3  ; line 265
3128 RETURN               R57  ; line 265
3129 JUMP                 -> 3130  ; line 265
3130 LOAD_CONST           R51 constant[712]  ; line 266
3131 COMPARE              a=50 b=51 c=52 imm=2  ; line 266
3132 JUMP_IF_FALSE        R52 -> 3142  ; line 266
3133 LOAD_CONST           R51 constant[713]  ; line 266
3134 LOAD_CONST           R52 constant[714]  ; line 266
3135 LOAD_CONST           R53 constant[715]  ; line 266
3136 MOVE                 R54 <- R51  ; line 266
3137 MOVE                 R55 <- R52  ; line 266
3138 MOVE                 R56 <- R53  ; line 266
3139 CALL                 a=57 b=53 c=54 imm=3  ; line 266
3140 RETURN               R57  ; line 266
3141 JUMP                 -> 3142  ; line 266
3142 LOAD_CONST           R51 constant[716]  ; line 267
3143 MOVE                 R52 <- R2  ; line 267
3144 MOVE                 R53 <- R51  ; line 267
3145 HOST_CALL            a=54 b=11 c=52 imm=2  ; line 267
3146 MOVE                 R55 <- R54  ; line 267
3147 MOVE                 R56 <- R29  ; line 268
3148 CALL                 a=57 b=63 c=56 imm=1  ; line 268
3149 MOVE                 R58 <- R57  ; line 268
3150 HOST_CALL            a=59 b=72 c=58 imm=1  ; line 268
3151 MOVE                 R60 <- R10  ; line 268
3152 HOST_CALL            a=61 b=60 c=60 imm=1  ; line 268
3153 MOVE                 R62 <- R59  ; line 268
3154 MOVE                 R63 <- R61  ; line 268
3155 MOVE                 R64 <- R55  ; line 268
3156 CALL                 a=65 b=119 c=62 imm=3  ; line 268
3157 MOVE                 R66 <- R65  ; line 268
3158 MOVE                 R67 <- R10  ; line 269
3159 HOST_CALL            a=68 b=184 c=67 imm=1  ; line 269
3160 MOVE                 R69 <- R68  ; line 269
3161 HOST_CALL            a=70 b=168 c=69 imm=1  ; line 269
3162 MOVE                 R71 <- R10  ; line 269
3163 HOST_CALL            a=72 b=60 c=71 imm=1  ; line 269
3164 MOVE                 R73 <- R70  ; line 269
3165 MOVE                 R74 <- R72  ; line 269
3166 MOVE                 R75 <- R55  ; line 269
3167 CALL                 a=76 b=119 c=73 imm=3  ; line 269
3168 MOVE                 R77 <- R76  ; line 269
3169 LOAD_CONST           R78 constant[717]  ; line 270
3170 MOVE                 R79 <- R78  ; line 270
3171 LOAD_CONST           R80 constant[718]  ; line 271
3172 MOVE                 R81 <- R80  ; line 271
3173 COMPARE              a=81 b=43 c=82 imm=2  ; line 272
3174 JUMP_IF_FALSE        R82 -> 3200  ; line 272
3175 MOVE                 R82 <- R10  ; line 273
3176 MOVE                 R83 <- R66  ; line 273
3177 HOST_CALL            a=84 b=67 c=82 imm=2  ; line 273
3178 BINARY               a=84 b=79 c=85 imm=0  ; line 273
3179 BINARY               a=85 b=15 c=86 imm=1  ; line 273
3180 MOVE                 R87 <- R86  ; line 273
3181 MOVE                 R88 <- R77  ; line 274
3182 MOVE                 R89 <- R87  ; line 274
3183 HOST_CALL            a=90 b=67 c=88 imm=2  ; line 274
3184 BINARY               a=90 b=22 c=91 imm=3  ; line 274
3185 BINARY               a=66 b=50 c=92 imm=2  ; line 274
3186 BINARY               a=91 b=92 c=93 imm=0  ; line 274
3187 MOVE                 R94 <- R93  ; line 274
3188 BINARY               a=94 b=36 c=95 imm=2  ; line 275
3189 BINARY               a=66 b=95 c=96 imm=1  ; line 275
3190 MOVE                 R66 <- R96  ; line 275
3191 MOVE                 R95 <- R87  ; line 276
3192 HOST_CALL            a=96 b=69 c=95 imm=1  ; line 276
3193 BINARY               a=36 b=96 c=97 imm=2  ; line 276
3194 BINARY               a=79 b=97 c=98 imm=1  ; line 276
3195 MOVE                 R79 <- R98  ; line 276
3196 LOAD_CONST           R95 constant[719]  ; line 277
3197 BINARY               a=81 b=95 c=96 imm=0  ; line 277
3198 MOVE                 R81 <- R96  ; line 277
3199 JUMP                 -> 3173  ; line 277
3200 MOVE                 R95 <- R10  ; line 279
3201 MOVE                 R96 <- R66  ; line 279
3202 HOST_CALL            a=97 b=67 c=95 imm=2  ; line 279
3203 BINARY               a=97 b=79 c=98 imm=0  ; line 279
3204 MOVE                 R99 <- R98  ; line 279
3205 HOST_CALL            a=100 b=184 c=99 imm=1  ; line 279
3206 MOVE                 R101 <- R100  ; line 279
3207 MOVE                 R102 <- R15  ; line 280
3208 HOST_CALL            a=103 b=184 c=102 imm=1  ; line 280
3209 BINARY               a=101 b=103 c=104 imm=1  ; line 280
3210 MOVE                 R105 <- R15  ; line 280
3211 HOST_CALL            a=106 b=184 c=105 imm=1  ; line 280
3212 BINARY               a=101 b=106 c=107 imm=1  ; line 280
3213 BINARY               a=104 b=107 c=108 imm=2  ; line 280
3214 MOVE                 R109 <- R108  ; line 280
3215 HOST_CALL            a=110 b=69 c=109 imm=1  ; line 280
3216 MOVE                 R111 <- R110  ; line 280
3217 LOAD_CONST           R112 constant[720]  ; line 281
3218 LOAD_CONST           R113 constant[721]  ; line 281
3219 LOAD_CONST           R114 constant[722]  ; line 281
3220 LOAD_CONST           R115 constant[723]  ; line 281
3221 LOAD_CONST           R116 constant[724]  ; line 281
3222 LOAD_CONST           R117 constant[725]  ; line 281
3223 LOAD_CONST           R118 constant[726]  ; line 281
3224 LOAD_CONST           R119 constant[727]  ; line 281
3225 MOVE                 R120 <- R118  ; line 281
3226 MOVE                 R121 <- R66  ; line 281
3227 MOVE                 R122 <- R119  ; line 281
3228 MOVE                 R123 <- R79  ; line 281
3229 HOST_CALL            a=124 b=6 c=120 imm=4  ; line 281
3230 LOAD_CONST           R125 constant[728]  ; line 281
3231 LOAD_CONST           R126 constant[729]  ; line 281
3232 MOVE                 R127 <- R126  ; line 281
3233 MOVE                 R128 <- R111  ; line 281
3234 HOST_CALL            a=129 b=6 c=127 imm=2  ; line 281
3235 LOAD_CONST           R130 constant[730]  ; line 281
3236 ARRAY_NEW            a=131 b=131 c=0 imm=4294967295  ; line 281
3237 LOAD_CONST           R132 constant[731]  ; line 281
3238 LOAD_CONST           R133 constant[732]  ; line 281
3239 LOAD_CONST           R134 constant[733]  ; line 281
3240 LOAD_CONST           R135 constant[734]  ; line 281
3241 MOVE                 R136 <- R133  ; line 281
3242 MOVE                 R137 <- R43  ; line 281
3243 MOVE                 R138 <- R134  ; line 281
3244 MOVE                 R139 <- R36  ; line 281
3245 MOVE                 R140 <- R135  ; line 281
3246 MOVE                 R141 <- R50  ; line 281
3247 HOST_CALL            a=142 b=6 c=136 imm=6  ; line 281
3248 LOAD_CONST           R143 constant[735]  ; line 281
3249 LOAD_CONST           R144 constant[736]  ; line 281
3250 LOAD_CONST           R145 constant[737]  ; line 281
3251 MOVE                 R146 <- R10  ; line 281
3252 HOST_CALL            a=147 b=60 c=146 imm=1  ; line 281
3253 LOAD_CONST           R148 constant[738]  ; line 281
3254 LOAD_CONST           R149 constant[739]  ; line 281
3255 MOVE                 R150 <- R112  ; line 281
3256 MOVE                 R151 <- R113  ; line 281
3257 MOVE                 R152 <- R114  ; line 281
3258 MOVE                 R153 <- R0  ; line 281
3259 MOVE                 R154 <- R115  ; line 281
3260 MOVE                 R155 <- R116  ; line 281
3261 MOVE                 R156 <- R117  ; line 281
3262 MOVE                 R157 <- R124  ; line 281
3263 MOVE                 R158 <- R125  ; line 281
3264 MOVE                 R159 <- R129  ; line 281
3265 MOVE                 R160 <- R130  ; line 281
3266 MOVE                 R161 <- R131  ; line 281
3267 MOVE                 R162 <- R132  ; line 281
3268 MOVE                 R163 <- R142  ; line 281
3269 MOVE                 R164 <- R143  ; line 281
3270 MOVE                 R165 <- R144  ; line 281
3271 MOVE                 R166 <- R145  ; line 281
3272 MOVE                 R167 <- R147  ; line 281
3273 MOVE                 R168 <- R148  ; line 281
3274 MOVE                 R169 <- R149  ; line 281
3275 HOST_CALL            a=170 b=6 c=150 imm=20  ; line 281
3276 MOVE                 R171 <- R170  ; line 281
3277 MOVE                 R172 <- R22  ; line 288
3278 MOVE                 R173 <- R111  ; line 288
3279 CALL                 a=174 b=66 c=172 imm=2  ; line 288
3280 LOAD_CONST           R175 constant[740]  ; line 288
3281 LOAD_CONST           R176 constant[741]  ; line 288
3282 MOVE                 R177 <- R175  ; line 288
3283 MOVE                 R178 <- R111  ; line 288
3284 MOVE                 R179 <- R176  ; line 288
3285 MOVE                 R180 <- R22  ; line 288
3286 HOST_CALL            a=181 b=6 c=177 imm=4  ; line 288
3287 LOAD_CONST           R182 constant[742]  ; line 288
3288 LOAD_CONST           R183 constant[743]  ; line 288
3289 LOAD_CONST           R184 constant[744]  ; line 288
3290 MOVE                 R185 <- R183  ; line 288
3291 MOVE                 R186 <- R184  ; line 288
3292 ARRAY_NEW            a=187 b=185 c=2 imm=4294967295  ; line 288
3293 MOVE                 R188 <- R171  ; line 288
3294 MOVE                 R189 <- R101  ; line 288
3295 MOVE                 R190 <- R174  ; line 288
3296 MOVE                 R191 <- R181  ; line 288
3297 MOVE                 R192 <- R182  ; line 288
3298 MOVE                 R193 <- R187  ; line 288
3299 CALL                 a=194 b=68 c=188 imm=6  ; line 288
3300 RETURN               R194  ; line 288
3301 LOAD_CONST           R195 constant[745]  ; line 288
3302 RETURN               R195  ; line 288
3303 MOVE                 R2 <- R0  ; line 294
3304 CALL                 a=3 b=64 c=2 imm=1  ; line 294
3305 MOVE                 R4 <- R3  ; line 294
3306 LOAD_CONST           R5 constant[746]  ; line 295
3307 COMPARE              a=4 b=5 c=6 imm=1  ; line 295
3308 JUMP_IF_FALSE        R6 -> 3317  ; line 295
3309 LOAD_CONST           R5 constant[747]  ; line 295
3310 LOAD_CONST           R6 constant[748]  ; line 295
3311 MOVE                 R7 <- R5  ; line 295
3312 MOVE                 R8 <- R4  ; line 295
3313 MOVE                 R9 <- R6  ; line 295
3314 CALL                 a=10 b=53 c=7 imm=3  ; line 295
3315 RETURN               R10  ; line 295
3316 JUMP                 -> 3317  ; line 295
3317 LOAD_CONST           R5 constant[749]  ; line 296
3318 MOVE                 R6 <- R0  ; line 296
3319 MOVE                 R7 <- R5  ; line 296
3320 HOST_CALL            a=8 b=11 c=6 imm=2  ; line 296
3321 MOVE                 R9 <- R8  ; line 296
3322 LOAD_CONST           R10 constant[750]  ; line 297
3323 MOVE                 R11 <- R0  ; line 297
3324 MOVE                 R12 <- R10  ; line 297
3325 HOST_CALL            a=13 b=11 c=11 imm=2  ; line 297
3326 MOVE                 R14 <- R13  ; line 297
3327 MOVE                 R15 <- R9  ; line 298
3328 HOST_CALL            a=16 b=61 c=15 imm=1  ; line 298
3329 MOVE                 R17 <- R16  ; line 298
3330 LOAD_CONST           R18 constant[751]  ; line 299
3331 MOVE                 R19 <- R17  ; line 299
3332 MOVE                 R20 <- R18  ; line 299
3333 HOST_CALL            a=21 b=11 c=19 imm=2  ; line 299
3334 MOVE                 R22 <- R21  ; line 299
3335 LOAD_CONST           R23 constant[752]  ; line 300
3336 MOVE                 R24 <- R17  ; line 300
3337 MOVE                 R25 <- R23  ; line 300
3338 HOST_CALL            a=26 b=11 c=24 imm=2  ; line 300
3339 MOVE                 R27 <- R26  ; line 300
3340 LOAD_CONST           R28 constant[753]  ; line 301
3341 LOAD_CONST           R29 constant[754]  ; line 301
3342 MOVE                 R30 <- R1  ; line 301
3343 MOVE                 R31 <- R28  ; line 301
3344 MOVE                 R32 <- R29  ; line 301
3345 CALL                 a=33 b=54 c=30 imm=3  ; line 301
3346 MOVE                 R34 <- R33  ; line 301
3347 LOAD_CONST           R35 constant[755]  ; line 302
3348 LOAD_CONST           R36 constant[756]  ; line 302
3349 MOVE                 R37 <- R1  ; line 302
3350 MOVE                 R38 <- R35  ; line 302
3351 MOVE                 R39 <- R36  ; line 302
3352 CALL                 a=40 b=54 c=37 imm=3  ; line 302
3353 MOVE                 R41 <- R40  ; line 302
3354 LOAD_CONST           R42 constant[757]  ; line 303
3355 LOAD_CONST           R43 constant[758]  ; line 303
3356 MOVE                 R44 <- R1  ; line 303
3357 MOVE                 R45 <- R42  ; line 303
3358 MOVE                 R46 <- R43  ; line 303
3359 CALL                 a=47 b=54 c=44 imm=3  ; line 303
3360 MOVE                 R48 <- R47  ; line 303
3361 LOAD_CONST           R49 constant[759]  ; line 304
3362 COMPARE              a=34 b=49 c=50 imm=3  ; line 304
3363 JUMP_IF_FALSE        R50 -> 3373  ; line 304
3364 LOAD_CONST           R49 constant[760]  ; line 304
3365 LOAD_CONST           R50 constant[761]  ; line 304
3366 LOAD_CONST           R51 constant[762]  ; line 304
3367 MOVE                 R52 <- R49  ; line 304
3368 MOVE                 R53 <- R50  ; line 304
3369 MOVE                 R54 <- R51  ; line 304
3370 CALL                 a=55 b=53 c=52 imm=3  ; line 304
3371 RETURN               R55  ; line 304
3372 JUMP                 -> 3373  ; line 304
3373 LOAD_CONST           R49 constant[763]  ; line 305
3374 COMPARE              a=41 b=49 c=50 imm=2  ; line 305
3375 JUMP_IF_FALSE        R50 -> 3385  ; line 305
3376 LOAD_CONST           R49 constant[764]  ; line 305
3377 LOAD_CONST           R50 constant[765]  ; line 305
3378 LOAD_CONST           R51 constant[766]  ; line 305
3379 MOVE                 R52 <- R49  ; line 305
3380 MOVE                 R53 <- R50  ; line 305
3381 MOVE                 R54 <- R51  ; line 305
3382 CALL                 a=55 b=53 c=52 imm=3  ; line 305
3383 RETURN               R55  ; line 305
3384 JUMP                 -> 3385  ; line 305
3385 LOAD_CONST           R49 constant[767]  ; line 306
3386 COMPARE              a=48 b=49 c=50 imm=2  ; line 306
3387 JUMP_IF_FALSE        R50 -> 3397  ; line 306
3388 LOAD_CONST           R49 constant[768]  ; line 306
3389 LOAD_CONST           R50 constant[769]  ; line 306
3390 LOAD_CONST           R51 constant[770]  ; line 306
3391 MOVE                 R52 <- R49  ; line 306
3392 MOVE                 R53 <- R50  ; line 306
3393 MOVE                 R54 <- R51  ; line 306
3394 CALL                 a=55 b=53 c=52 imm=3  ; line 306
3395 RETURN               R55  ; line 306
3396 JUMP                 -> 3397  ; line 306
3397 LOAD_CONST           R49 constant[771]  ; line 307
3398 MOVE                 R50 <- R49  ; line 307
3399 COMPARE              a=50 b=22 c=51 imm=2  ; line 308
3400 JUMP_IF_FALSE        R51 -> 3427  ; line 308
3401 MOVE                 R51 <- R14  ; line 309
3402 MOVE                 R52 <- R50  ; line 309
3403 HOST_CALL            a=53 b=11 c=51 imm=2  ; line 309
3404 LOAD_CONST           R54 constant[772]  ; line 309
3405 COMPARE              a=53 b=54 c=55 imm=1  ; line 309
3406 JUMP_IF_FALSE        R55 -> 3423  ; line 309
3407 MOVE                 R51 <- R14  ; line 310
3408 MOVE                 R52 <- R50  ; line 310
3409 HOST_CALL            a=53 b=11 c=51 imm=2  ; line 310
3410 LOAD_CONST           R54 constant[773]  ; line 310
3411 COMPARE              a=53 b=54 c=55 imm=1  ; line 310
3412 JUMP_IF_FALSE        R55 -> 3422  ; line 310
3413 LOAD_CONST           R51 constant[774]  ; line 310
3414 LOAD_CONST           R52 constant[775]  ; line 310
3415 LOAD_CONST           R53 constant[776]  ; line 310
3416 MOVE                 R54 <- R51  ; line 310
3417 MOVE                 R55 <- R52  ; line 310
3418 MOVE                 R56 <- R53  ; line 310
3419 CALL                 a=57 b=53 c=54 imm=3  ; line 310
3420 RETURN               R57  ; line 310
3421 JUMP                 -> 3422  ; line 310
3422 JUMP                 -> 3423  ; line 310
3423 LOAD_CONST           R51 constant[777]  ; line 312
3424 BINARY               a=50 b=51 c=52 imm=0  ; line 312
3425 MOVE                 R50 <- R52  ; line 312
3426 JUMP                 -> 3399  ; line 312
3427 MOVE                 R51 <- R27  ; line 315
3428 CALL                 a=52 b=63 c=51 imm=1  ; line 315
3429 MOVE                 R53 <- R52  ; line 315
3430 LOAD_CONST           R54 constant[778]  ; line 316
3431 MOVE                 R55 <- R54  ; line 316
3432 LOAD_CONST           R56 constant[779]  ; line 317
3433 MOVE                 R57 <- R56  ; line 317
3434 COMPARE              a=57 b=41 c=58 imm=2  ; line 318
3435 JUMP_IF_FALSE        R58 -> 3536  ; line 318
3436 MOVE                 R58 <- R27  ; line 319
3437 CALL                 a=59 b=63 c=58 imm=1  ; line 319
3438 MOVE                 R60 <- R59  ; line 319
3439 LOAD_CONST           R61 constant[780]  ; line 320
3440 MOVE                 R62 <- R61  ; line 320
3441 LOAD_CONST           R63 constant[781]  ; line 321
3442 MOVE                 R50 <- R63  ; line 321
3443 COMPARE              a=50 b=22 c=63 imm=2  ; line 322
3444 JUMP_IF_FALSE        R63 -> 3502  ; line 322
3445 MOVE                 R63 <- R55  ; line 323
3446 LOAD_CONST           R64 constant[782]  ; line 324
3447 MOVE                 R65 <- R64  ; line 324
3448 COMPARE              a=65 b=27 c=66 imm=2  ; line 325
3449 JUMP_IF_FALSE        R66 -> 3466  ; line 325
3450 MOVE                 R66 <- R53  ; line 326
3451 MOVE                 R67 <- R65  ; line 326
3452 HOST_CALL            a=68 b=11 c=66 imm=2  ; line 326
3453 MOVE                 R69 <- R50  ; line 326
3454 MOVE                 R70 <- R65  ; line 326
3455 ARRAY_NEW            a=71 b=69 c=2 imm=4294967295  ; line 326
3456 MOVE                 R72 <- R9  ; line 326
3457 MOVE                 R73 <- R71  ; line 326
3458 HOST_CALL            a=74 b=11 c=72 imm=2  ; line 326
3459 BINARY               a=68 b=74 c=75 imm=2  ; line 326
3460 BINARY               a=63 b=75 c=76 imm=0  ; line 326
3461 MOVE                 R63 <- R76  ; line 326
3462 LOAD_CONST           R66 constant[783]  ; line 327
3463 BINARY               a=65 b=66 c=67 imm=0  ; line 327
3464 MOVE                 R65 <- R67  ; line 327
3465 JUMP                 -> 3448  ; line 327
3466 MOVE                 R66 <- R63  ; line 329
3467 CALL                 a=67 b=59 c=66 imm=1  ; line 329
3468 MOVE                 R68 <- R14  ; line 329
3469 MOVE                 R69 <- R50  ; line 329
3470 HOST_CALL            a=70 b=11 c=68 imm=2  ; line 329
3471 BINARY               a=67 b=70 c=71 imm=1  ; line 329
3472 MOVE                 R72 <- R71  ; line 329
3473 LOAD_CONST           R73 constant[784]  ; line 330
3474 MOVE                 R65 <- R73  ; line 330
3475 COMPARE              a=65 b=27 c=73 imm=2  ; line 331
3476 JUMP_IF_FALSE        R73 -> 3496  ; line 331
3477 MOVE                 R73 <- R60  ; line 332
3478 MOVE                 R74 <- R65  ; line 332
3479 HOST_CALL            a=75 b=11 c=73 imm=2  ; line 332
3480 MOVE                 R76 <- R50  ; line 332
3481 MOVE                 R77 <- R65  ; line 332
3482 ARRAY_NEW            a=78 b=76 c=2 imm=4294967295  ; line 332
3483 MOVE                 R79 <- R9  ; line 332
3484 MOVE                 R80 <- R78  ; line 332
3485 HOST_CALL            a=81 b=11 c=79 imm=2  ; line 332
3486 BINARY               a=72 b=81 c=82 imm=2  ; line 332
3487 BINARY               a=75 b=82 c=83 imm=0  ; line 332
3488 MOVE                 R84 <- R60  ; line 332
3489 MOVE                 R85 <- R65  ; line 332
3490 MOVE                 R86 <- R83  ; line 332
3491 HOST_CALL            a=87 b=12 c=84 imm=3  ; line 332
3492 LOAD_CONST           R73 constant[785]  ; line 333
3493 BINARY               a=65 b=73 c=74 imm=0  ; line 333
3494 MOVE                 R65 <- R74  ; line 333
3495 JUMP                 -> 3475  ; line 333
3496 BINARY               a=62 b=72 c=73 imm=0  ; line 335
3497 MOVE                 R62 <- R73  ; line 335
3498 LOAD_CONST           R73 constant[786]  ; line 336
3499 BINARY               a=50 b=73 c=74 imm=0  ; line 336
3500 MOVE                 R50 <- R74  ; line 336
3501 JUMP                 -> 3443  ; line 336
3502 LOAD_CONST           R73 constant[787]  ; line 338
3503 MOVE                 R74 <- R73  ; line 338
3504 COMPARE              a=74 b=27 c=75 imm=2  ; line 339
3505 JUMP_IF_FALSE        R75 -> 3528  ; line 339
3506 MOVE                 R75 <- R53  ; line 340
3507 MOVE                 R76 <- R74  ; line 340
3508 HOST_CALL            a=77 b=11 c=75 imm=2  ; line 340
3509 MOVE                 R78 <- R60  ; line 340
3510 MOVE                 R79 <- R74  ; line 340
3511 HOST_CALL            a=80 b=11 c=78 imm=2  ; line 340
3512 BINARY               a=80 b=22 c=81 imm=3  ; line 340
3513 MOVE                 R82 <- R53  ; line 340
3514 MOVE                 R83 <- R74  ; line 340
3515 HOST_CALL            a=84 b=11 c=82 imm=2  ; line 340
3516 BINARY               a=48 b=84 c=85 imm=2  ; line 340
3517 BINARY               a=81 b=85 c=86 imm=0  ; line 340
3518 BINARY               a=34 b=86 c=87 imm=2  ; line 340
3519 BINARY               a=77 b=87 c=88 imm=1  ; line 340
3520 MOVE                 R89 <- R53  ; line 340
3521 MOVE                 R90 <- R74  ; line 340
3522 MOVE                 R91 <- R88  ; line 340
3523 HOST_CALL            a=92 b=12 c=89 imm=3  ; line 340
3524 LOAD_CONST           R75 constant[788]  ; line 342
3525 BINARY               a=74 b=75 c=76 imm=0  ; line 342
3526 MOVE                 R74 <- R76  ; line 342
3527 JUMP                 -> 3504  ; line 342
3528 BINARY               a=34 b=62 c=75 imm=2  ; line 344
3529 BINARY               a=75 b=22 c=76 imm=3  ; line 344
3530 BINARY               a=55 b=76 c=77 imm=1  ; line 344
3531 MOVE                 R55 <- R77  ; line 344
3532 LOAD_CONST           R75 constant[789]  ; line 345
3533 BINARY               a=57 b=75 c=76 imm=0  ; line 345
3534 MOVE                 R57 <- R76  ; line 345
3535 JUMP                 -> 3434  ; line 345
3536 MOVE                 R75 <- R9  ; line 348
3537 MOVE                 R76 <- R53  ; line 348
3538 MOVE                 R77 <- R55  ; line 348
3539 CALL                 a=78 b=65 c=75 imm=3  ; line 348
3540 MOVE                 R79 <- R78  ; line 348
3541 LOAD_CONST           R80 constant[790]  ; line 349
3542 MOVE                 R81 <- R80  ; line 349
3543 HOST_CALL            a=82 b=22 c=81 imm=1  ; line 349
3544 MOVE                 R83 <- R82  ; line 349
3545 LOAD_CONST           R84 constant[791]  ; line 350
3546 MOVE                 R85 <- R84  ; line 350
3547 HOST_CALL            a=86 b=22 c=85 imm=1  ; line 350
3548 MOVE                 R87 <- R86  ; line 350
3549 LOAD_CONST           R88 constant[792]  ; line 351
3550 MOVE                 R89 <- R88  ; line 351
3551 LOAD_CONST           R90 constant[793]  ; line 352
3552 MOVE                 R50 <- R90  ; line 352
3553 COMPARE              a=50 b=22 c=90 imm=2  ; line 353
3554 JUMP_IF_FALSE        R90 -> 3591  ; line 353
3555 MOVE                 R90 <- R79  ; line 354
3556 MOVE                 R91 <- R50  ; line 354
3557 HOST_CALL            a=92 b=11 c=90 imm=2  ; line 354
3558 MOVE                 R93 <- R92  ; line 354
3559 CALL                 a=94 b=59 c=93 imm=1  ; line 354
3560 MOVE                 R95 <- R94  ; line 354
3561 MOVE                 R96 <- R83  ; line 355
3562 MOVE                 R97 <- R95  ; line 355
3563 HOST_CALL            a=98 b=23 c=96 imm=2  ; line 355
3564 LOAD_CONST           R96 constant[794]  ; line 356
3565 BINARY               a=96 b=95 c=97 imm=1  ; line 356
3566 BINARY               a=95 b=97 c=98 imm=2  ; line 356
3567 MOVE                 R99 <- R87  ; line 356
3568 MOVE                 R100 <- R98  ; line 356
3569 HOST_CALL            a=101 b=23 c=99 imm=2  ; line 356
3570 LOAD_CONST           R96 constant[795]  ; line 357
3571 MOVE                 R97 <- R96  ; line 357
3572 LOAD_CONST           R98 constant[796]  ; line 358
3573 COMPARE              a=95 b=98 c=99 imm=5  ; line 358
3574 JUMP_IF_FALSE        R99 -> 3578  ; line 358
3575 LOAD_CONST           R98 constant[797]  ; line 358
3576 MOVE                 R97 <- R98  ; line 358
3577 JUMP                 -> 3578  ; line 358
3578 MOVE                 R98 <- R14  ; line 359
3579 MOVE                 R99 <- R50  ; line 359
3580 HOST_CALL            a=100 b=11 c=98 imm=2  ; line 359
3581 COMPARE              a=97 b=100 c=101 imm=1  ; line 359
3582 JUMP_IF_FALSE        R101 -> 3587  ; line 359
3583 LOAD_CONST           R98 constant[798]  ; line 359
3584 BINARY               a=89 b=98 c=99 imm=0  ; line 359
3585 MOVE                 R89 <- R99  ; line 359
3586 JUMP                 -> 3587  ; line 359
3587 LOAD_CONST           R98 constant[799]  ; line 360
3588 BINARY               a=50 b=98 c=99 imm=0  ; line 360
3589 MOVE                 R50 <- R99  ; line 360
3590 JUMP                 -> 3553  ; line 360
3591 MOVE                 R98 <- R83  ; line 362
3592 HOST_CALL            a=99 b=72 c=98 imm=1  ; line 362
3593 MOVE                 R100 <- R99  ; line 362
3594 MOVE                 R101 <- R87  ; line 363
3595 HOST_CALL            a=102 b=72 c=101 imm=1  ; line 363
3596 MOVE                 R103 <- R102  ; line 363
3597 LOAD_CONST           R104 constant[800]  ; line 364
3598 LOAD_CONST           R105 constant[801]  ; line 364
3599 LOAD_CONST           R106 constant[802]  ; line 364
3600 LOAD_CONST           R107 constant[803]  ; line 364
3601 LOAD_CONST           R108 constant[804]  ; line 364
3602 LOAD_CONST           R109 constant[805]  ; line 364
3603 LOAD_CONST           R110 constant[806]  ; line 364
3604 LOAD_CONST           R111 constant[807]  ; line 364
3605 MOVE                 R112 <- R53  ; line 364
3606 HOST_CALL            a=113 b=72 c=112 imm=1  ; line 364
3607 LOAD_CONST           R114 constant[808]  ; line 364
3608 MOVE                 R115 <- R111  ; line 364
3609 MOVE                 R116 <- R113  ; line 364
3610 MOVE                 R117 <- R114  ; line 364
3611 MOVE                 R118 <- R55  ; line 364
3612 HOST_CALL            a=119 b=6 c=115 imm=4  ; line 364
3613 LOAD_CONST           R120 constant[809]  ; line 364
3614 LOAD_CONST           R121 constant[810]  ; line 364
3615 LOAD_CONST           R122 constant[811]  ; line 364
3616 MOVE                 R123 <- R121  ; line 364
3617 MOVE                 R124 <- R122  ; line 364
3618 HOST_CALL            a=125 b=6 c=123 imm=2  ; line 364
3619 LOAD_CONST           R126 constant[812]  ; line 364
3620 LOAD_CONST           R127 constant[813]  ; line 364
3621 LOAD_CONST           R128 constant[814]  ; line 364
3622 MOVE                 R129 <- R127  ; line 364
3623 MOVE                 R130 <- R128  ; line 364
3624 ARRAY_NEW            a=131 b=129 c=2 imm=4294967295  ; line 364
3625 LOAD_CONST           R132 constant[815]  ; line 364
3626 LOAD_CONST           R133 constant[816]  ; line 364
3627 LOAD_CONST           R134 constant[817]  ; line 364
3628 LOAD_CONST           R135 constant[818]  ; line 364
3629 MOVE                 R136 <- R133  ; line 364
3630 MOVE                 R137 <- R41  ; line 364
3631 MOVE                 R138 <- R134  ; line 364
3632 MOVE                 R139 <- R34  ; line 364
3633 MOVE                 R140 <- R135  ; line 364
3634 MOVE                 R141 <- R48  ; line 364
3635 HOST_CALL            a=142 b=6 c=136 imm=6  ; line 364
3636 LOAD_CONST           R143 constant[819]  ; line 364
3637 LOAD_CONST           R144 constant[820]  ; line 364
3638 LOAD_CONST           R145 constant[821]  ; line 364
3639 MOVE                 R146 <- R9  ; line 364
3640 HOST_CALL            a=147 b=60 c=146 imm=1  ; line 364
3641 LOAD_CONST           R148 constant[822]  ; line 364
3642 LOAD_CONST           R149 constant[823]  ; line 364
3643 MOVE                 R150 <- R104  ; line 364
3644 MOVE                 R151 <- R105  ; line 364
3645 MOVE                 R152 <- R106  ; line 364
3646 MOVE                 R153 <- R107  ; line 364
3647 MOVE                 R154 <- R108  ; line 364
3648 MOVE                 R155 <- R109  ; line 364
3649 MOVE                 R156 <- R110  ; line 364
3650 MOVE                 R157 <- R119  ; line 364
3651 MOVE                 R158 <- R120  ; line 364
3652 MOVE                 R159 <- R125  ; line 364
3653 MOVE                 R160 <- R126  ; line 364
3654 MOVE                 R161 <- R131  ; line 364
3655 MOVE                 R162 <- R132  ; line 364
3656 MOVE                 R163 <- R142  ; line 364
3657 MOVE                 R164 <- R143  ; line 364
3658 MOVE                 R165 <- R144  ; line 364
3659 MOVE                 R166 <- R145  ; line 364
3660 MOVE                 R167 <- R147  ; line 364
3661 MOVE                 R168 <- R148  ; line 364
3662 MOVE                 R169 <- R149  ; line 364
3663 HOST_CALL            a=170 b=6 c=150 imm=20  ; line 364
3664 MOVE                 R171 <- R170  ; line 364
3665 LOAD_CONST           R172 constant[824]  ; line 376
3666 BINARY               a=89 b=22 c=173 imm=3  ; line 376
3667 LOAD_CONST           R174 constant[825]  ; line 376
3668 MOVE                 R175 <- R172  ; line 376
3669 MOVE                 R176 <- R173  ; line 376
3670 MOVE                 R177 <- R174  ; line 376
3671 MOVE                 R178 <- R22  ; line 376
3672 HOST_CALL            a=179 b=6 c=175 imm=4  ; line 376
3673 LOAD_CONST           R180 constant[826]  ; line 376
3674 LOAD_CONST           R181 constant[827]  ; line 376
3675 LOAD_CONST           R182 constant[828]  ; line 376
3676 MOVE                 R183 <- R181  ; line 376
3677 MOVE                 R184 <- R182  ; line 376
3678 ARRAY_NEW            a=185 b=183 c=2 imm=4294967295  ; line 376
3679 MOVE                 R186 <- R171  ; line 376
3680 MOVE                 R187 <- R100  ; line 376
3681 MOVE                 R188 <- R103  ; line 376
3682 MOVE                 R189 <- R179  ; line 376
3683 MOVE                 R190 <- R180  ; line 376
3684 MOVE                 R191 <- R185  ; line 376
3685 CALL                 a=192 b=68 c=186 imm=6  ; line 376
3686 RETURN               R192  ; line 376
3687 LOAD_CONST           R193 constant[829]  ; line 376
3688 RETURN               R193  ; line 376
3689 MOVE                 R2 <- R0  ; line 382
3690 CALL                 a=3 b=64 c=2 imm=1  ; line 382
3691 MOVE                 R4 <- R3  ; line 382
3692 LOAD_CONST           R5 constant[830]  ; line 383
3693 COMPARE              a=4 b=5 c=6 imm=1  ; line 383
3694 JUMP_IF_FALSE        R6 -> 3703  ; line 383
3695 LOAD_CONST           R5 constant[831]  ; line 383
3696 LOAD_CONST           R6 constant[832]  ; line 383
3697 MOVE                 R7 <- R5  ; line 383
3698 MOVE                 R8 <- R4  ; line 383
3699 MOVE                 R9 <- R6  ; line 383
3700 CALL                 a=10 b=53 c=7 imm=3  ; line 383
3701 RETURN               R10  ; line 383
3702 JUMP                 -> 3703  ; line 383
3703 LOAD_CONST           R5 constant[833]  ; line 384
3704 MOVE                 R6 <- R0  ; line 384
3705 MOVE                 R7 <- R5  ; line 384
3706 HOST_CALL            a=8 b=11 c=6 imm=2  ; line 384
3707 MOVE                 R9 <- R8  ; line 384
3708 LOAD_CONST           R10 constant[834]  ; line 385
3709 MOVE                 R11 <- R0  ; line 385
3710 MOVE                 R12 <- R10  ; line 385
3711 HOST_CALL            a=13 b=11 c=11 imm=2  ; line 385
3712 MOVE                 R14 <- R13  ; line 385
3713 MOVE                 R15 <- R9  ; line 386
3714 HOST_CALL            a=16 b=61 c=15 imm=1  ; line 386
3715 LOAD_CONST           R17 constant[835]  ; line 386
3716 MOVE                 R18 <- R16  ; line 386
3717 MOVE                 R19 <- R17  ; line 386
3718 HOST_CALL            a=20 b=11 c=18 imm=2  ; line 386
3719 MOVE                 R21 <- R20  ; line 386
3720 MOVE                 R22 <- R9  ; line 387
3721 HOST_CALL            a=23 b=61 c=22 imm=1  ; line 387
3722 LOAD_CONST           R24 constant[836]  ; line 387
3723 MOVE                 R25 <- R23  ; line 387
3724 MOVE                 R26 <- R24  ; line 387
3725 HOST_CALL            a=27 b=11 c=25 imm=2  ; line 387
3726 MOVE                 R28 <- R27  ; line 387
3727 LOAD_CONST           R29 constant[837]  ; line 388
3728 LOAD_CONST           R30 constant[838]  ; line 388
3729 MOVE                 R31 <- R1  ; line 388
3730 MOVE                 R32 <- R29  ; line 388
3731 MOVE                 R33 <- R30  ; line 388
3732 CALL                 a=34 b=54 c=31 imm=3  ; line 388
3733 MOVE                 R35 <- R34  ; line 388
3734 LOAD_CONST           R36 constant[839]  ; line 389
3735 LOAD_CONST           R37 constant[840]  ; line 389
3736 MOVE                 R38 <- R1  ; line 389
3737 MOVE                 R39 <- R36  ; line 389
3738 MOVE                 R40 <- R37  ; line 389
3739 CALL                 a=41 b=54 c=38 imm=3  ; line 389
3740 MOVE                 R42 <- R41  ; line 389
3741 LOAD_CONST           R43 constant[841]  ; line 390
3742 LOAD_CONST           R44 constant[842]  ; line 390
3743 MOVE                 R45 <- R1  ; line 390
3744 MOVE                 R46 <- R43  ; line 390
3745 MOVE                 R47 <- R44  ; line 390
3746 CALL                 a=48 b=54 c=45 imm=3  ; line 390
3747 MOVE                 R49 <- R48  ; line 390
3748 LOAD_CONST           R50 constant[843]  ; line 391
3749 MOVE                 R51 <- R50  ; line 391
3750 COMPARE              a=51 b=21 c=52 imm=2  ; line 392
3751 JUMP_IF_FALSE        R52 -> 3778  ; line 392
3752 MOVE                 R52 <- R14  ; line 393
3753 MOVE                 R53 <- R51  ; line 393
3754 HOST_CALL            a=54 b=11 c=52 imm=2  ; line 393
3755 LOAD_CONST           R55 constant[844]  ; line 393
3756 COMPARE              a=54 b=55 c=56 imm=1  ; line 393
3757 JUMP_IF_FALSE        R56 -> 3774  ; line 393
3758 MOVE                 R52 <- R14  ; line 394
3759 MOVE                 R53 <- R51  ; line 394
3760 HOST_CALL            a=54 b=11 c=52 imm=2  ; line 394
3761 LOAD_CONST           R55 constant[845]  ; line 394
3762 COMPARE              a=54 b=55 c=56 imm=1  ; line 394
3763 JUMP_IF_FALSE        R56 -> 3773  ; line 394
3764 LOAD_CONST           R52 constant[846]  ; line 394
3765 LOAD_CONST           R53 constant[847]  ; line 394
3766 LOAD_CONST           R54 constant[848]  ; line 394
3767 MOVE                 R55 <- R52  ; line 394
3768 MOVE                 R56 <- R53  ; line 394
3769 MOVE                 R57 <- R54  ; line 394
3770 CALL                 a=58 b=53 c=55 imm=3  ; line 394
3771 RETURN               R58  ; line 394
3772 JUMP                 -> 3773  ; line 394
3773 JUMP                 -> 3774  ; line 394
3774 LOAD_CONST           R52 constant[849]  ; line 396
3775 BINARY               a=51 b=52 c=53 imm=0  ; line 396
3776 MOVE                 R51 <- R53  ; line 396
3777 JUMP                 -> 3750  ; line 396
3778 LOAD_CONST           R52 constant[850]  ; line 398
3779 MOVE                 R53 <- R1  ; line 398
3780 MOVE                 R54 <- R52  ; line 398
3781 HOST_CALL            a=55 b=11 c=53 imm=2  ; line 398
3782 MOVE                 R56 <- R55  ; line 398
3783 MOVE                 R57 <- R28  ; line 399
3784 CALL                 a=58 b=63 c=57 imm=1  ; line 399
3785 MOVE                 R59 <- R58  ; line 399
3786 HOST_CALL            a=60 b=72 c=59 imm=1  ; line 399
3787 MOVE                 R61 <- R9  ; line 399
3788 HOST_CALL            a=62 b=60 c=61 imm=1  ; line 399
3789 MOVE                 R63 <- R60  ; line 399
3790 MOVE                 R64 <- R62  ; line 399
3791 MOVE                 R65 <- R56  ; line 399
3792 CALL                 a=66 b=119 c=63 imm=3  ; line 399
3793 MOVE                 R67 <- R66  ; line 399
3794 MOVE                 R68 <- R9  ; line 400
3795 HOST_CALL            a=69 b=184 c=68 imm=1  ; line 400
3796 MOVE                 R70 <- R69  ; line 400
3797 HOST_CALL            a=71 b=168 c=70 imm=1  ; line 400
3798 MOVE                 R72 <- R9  ; line 400
3799 HOST_CALL            a=73 b=60 c=72 imm=1  ; line 400
3800 MOVE                 R74 <- R71  ; line 400
3801 MOVE                 R75 <- R73  ; line 400
3802 MOVE                 R76 <- R56  ; line 400
3803 CALL                 a=77 b=119 c=74 imm=3  ; line 400
3804 MOVE                 R78 <- R77  ; line 400
3805 LOAD_CONST           R79 constant[851]  ; line 401
3806 MOVE                 R80 <- R79  ; line 401
3807 LOAD_CONST           R81 constant[852]  ; line 402
3808 MOVE                 R82 <- R81  ; line 402
3809 COMPARE              a=82 b=42 c=83 imm=2  ; line 403
3810 JUMP_IF_FALSE        R83 -> 3844  ; line 403
3811 MOVE                 R83 <- R9  ; line 404
3812 MOVE                 R84 <- R67  ; line 404
3813 HOST_CALL            a=85 b=67 c=83 imm=2  ; line 404
3814 BINARY               a=85 b=80 c=86 imm=0  ; line 404
3815 MOVE                 R87 <- R86  ; line 404
3816 MOVE                 R88 <- R87  ; line 405
3817 HOST_CALL            a=89 b=169 c=88 imm=1  ; line 405
3818 MOVE                 R90 <- R89  ; line 405
3819 LOAD_CONST           R91 constant[853]  ; line 406
3820 BINARY               a=90 b=91 c=92 imm=0  ; line 406
3821 BINARY               a=90 b=92 c=93 imm=3  ; line 406
3822 MOVE                 R94 <- R93  ; line 406
3823 BINARY               a=94 b=14 c=95 imm=1  ; line 407
3824 MOVE                 R96 <- R95  ; line 407
3825 MOVE                 R97 <- R78  ; line 408
3826 MOVE                 R98 <- R96  ; line 408
3827 HOST_CALL            a=99 b=67 c=97 imm=2  ; line 408
3828 BINARY               a=99 b=21 c=100 imm=3  ; line 408
3829 BINARY               a=67 b=49 c=101 imm=2  ; line 408
3830 BINARY               a=100 b=101 c=102 imm=0  ; line 408
3831 MOVE                 R103 <- R102  ; line 408
3832 BINARY               a=103 b=35 c=104 imm=2  ; line 409
3833 BINARY               a=67 b=104 c=105 imm=1  ; line 409
3834 MOVE                 R67 <- R105  ; line 409
3835 MOVE                 R104 <- R96  ; line 410
3836 HOST_CALL            a=105 b=69 c=104 imm=1  ; line 410
3837 BINARY               a=35 b=105 c=106 imm=2  ; line 410
3838 BINARY               a=80 b=106 c=107 imm=1  ; line 410
3839 MOVE                 R80 <- R107  ; line 410
3840 LOAD_CONST           R104 constant[854]  ; line 411
3841 BINARY               a=82 b=104 c=105 imm=0  ; line 411
3842 MOVE                 R82 <- R105  ; line 411
3843 JUMP                 -> 3809  ; line 411
3844 MOVE                 R104 <- R9  ; line 413
3845 MOVE                 R105 <- R67  ; line 413
3846 HOST_CALL            a=106 b=67 c=104 imm=2  ; line 413
3847 BINARY               a=106 b=80 c=107 imm=0  ; line 413
3848 MOVE                 R108 <- R107  ; line 413
3849 MOVE                 R109 <- R108  ; line 414
3850 HOST_CALL            a=110 b=169 c=109 imm=1  ; line 414
3851 MOVE                 R111 <- R110  ; line 414
3852 LOAD_CONST           R112 constant[855]  ; line 415
3853 BINARY               a=111 b=112 c=113 imm=0  ; line 415
3854 BINARY               a=111 b=113 c=114 imm=3  ; line 415
3855 MOVE                 R115 <- R114  ; line 415
3856 LOAD_CONST           R116 constant[856]  ; line 416
3857 UNARY                a=116 b=117 c=4294967295 imm=0  ; line 416
3858 BINARY               a=115 b=117 c=118 imm=2  ; line 416
3859 LOAD_CONST           R119 constant[857]  ; line 416
3860 BINARY               a=118 b=119 c=120 imm=0  ; line 416
3861 BINARY               a=115 b=120 c=121 imm=2  ; line 416
3862 MOVE                 R122 <- R121  ; line 416
3863 MOVE                 R123 <- R115  ; line 417
3864 HOST_CALL            a=124 b=184 c=123 imm=1  ; line 417
3865 MOVE                 R125 <- R124  ; line 417
3866 MOVE                 R126 <- R122  ; line 418
3867 HOST_CALL            a=127 b=184 c=126 imm=1  ; line 418
3868 MOVE                 R128 <- R127  ; line 418
3869 LOAD_CONST           R129 constant[858]  ; line 419
3870 LOAD_CONST           R130 constant[859]  ; line 419
3871 LOAD_CONST           R131 constant[860]  ; line 419
3872 LOAD_CONST           R132 constant[861]  ; line 419
3873 LOAD_CONST           R133 constant[862]  ; line 419
3874 LOAD_CONST           R134 constant[863]  ; line 419
3875 LOAD_CONST           R135 constant[864]  ; line 419
3876 LOAD_CONST           R136 constant[865]  ; line 419
3877 LOAD_CONST           R137 constant[866]  ; line 419
3878 MOVE                 R138 <- R136  ; line 419
3879 MOVE                 R139 <- R67  ; line 419
3880 MOVE                 R140 <- R137  ; line 419
3881 MOVE                 R141 <- R80  ; line 419
3882 HOST_CALL            a=142 b=6 c=138 imm=4  ; line 419
3883 LOAD_CONST           R143 constant[867]  ; line 419
3884 LOAD_CONST           R144 constant[868]  ; line 419
3885 LOAD_CONST           R145 constant[869]  ; line 419
3886 MOVE                 R146 <- R144  ; line 419
3887 MOVE                 R147 <- R145  ; line 419
3888 HOST_CALL            a=148 b=6 c=146 imm=2  ; line 419
3889 LOAD_CONST           R149 constant[870]  ; line 419
3890 LOAD_CONST           R150 constant[871]  ; line 419
3891 LOAD_CONST           R151 constant[872]  ; line 419
3892 MOVE                 R152 <- R150  ; line 419
3893 MOVE                 R153 <- R151  ; line 419
3894 ARRAY_NEW            a=154 b=152 c=2 imm=4294967295  ; line 419
3895 LOAD_CONST           R155 constant[873]  ; line 419
3896 LOAD_CONST           R156 constant[874]  ; line 419
3897 LOAD_CONST           R157 constant[875]  ; line 419
3898 LOAD_CONST           R158 constant[876]  ; line 419
3899 MOVE                 R159 <- R156  ; line 419
3900 MOVE                 R160 <- R42  ; line 419
3901 MOVE                 R161 <- R157  ; line 419
3902 MOVE                 R162 <- R35  ; line 419
3903 MOVE                 R163 <- R158  ; line 419
3904 MOVE                 R164 <- R49  ; line 419
3905 HOST_CALL            a=165 b=6 c=159 imm=6  ; line 419
3906 LOAD_CONST           R166 constant[877]  ; line 419
3907 LOAD_CONST           R167 constant[878]  ; line 419
3908 LOAD_CONST           R168 constant[879]  ; line 419
3909 MOVE                 R169 <- R9  ; line 419
3910 HOST_CALL            a=170 b=60 c=169 imm=1  ; line 419
3911 LOAD_CONST           R171 constant[880]  ; line 419
3912 LOAD_CONST           R172 constant[881]  ; line 419
3913 MOVE                 R173 <- R129  ; line 419
3914 MOVE                 R174 <- R130  ; line 419
3915 MOVE                 R175 <- R131  ; line 419
3916 MOVE                 R176 <- R132  ; line 419
3917 MOVE                 R177 <- R133  ; line 419
3918 MOVE                 R178 <- R134  ; line 419
3919 MOVE                 R179 <- R135  ; line 419
3920 MOVE                 R180 <- R142  ; line 419
3921 MOVE                 R181 <- R143  ; line 419
3922 MOVE                 R182 <- R148  ; line 419
3923 MOVE                 R183 <- R149  ; line 419
3924 MOVE                 R184 <- R154  ; line 419
3925 MOVE                 R185 <- R155  ; line 419
3926 MOVE                 R186 <- R165  ; line 419
3927 MOVE                 R187 <- R166  ; line 419
3928 MOVE                 R188 <- R167  ; line 419
3929 MOVE                 R189 <- R168  ; line 419
3930 MOVE                 R190 <- R170  ; line 419
3931 MOVE                 R191 <- R171  ; line 419
3932 MOVE                 R192 <- R172  ; line 419
3933 HOST_CALL            a=193 b=6 c=173 imm=20  ; line 419
3934 MOVE                 R194 <- R193  ; line 419
3935 LOAD_CONST           R195 constant[882]  ; line 426
3936 MOVE                 R196 <- R195  ; line 426
3937 MOVE                 R197 <- R21  ; line 426
3938 HOST_CALL            a=198 b=6 c=196 imm=2  ; line 426
3939 LOAD_CONST           R199 constant[883]  ; line 426
3940 LOAD_CONST           R200 constant[884]  ; line 426
3941 LOAD_CONST           R201 constant[885]  ; line 426
3942 MOVE                 R202 <- R200  ; line 426
3943 MOVE                 R203 <- R201  ; line 426
3944 ARRAY_NEW            a=204 b=202 c=2 imm=4294967295  ; line 426
3945 MOVE                 R205 <- R194  ; line 426
3946 MOVE                 R206 <- R125  ; line 426
3947 MOVE                 R207 <- R128  ; line 426
3948 MOVE                 R208 <- R198  ; line 426
3949 MOVE                 R209 <- R199  ; line 426
3950 MOVE                 R210 <- R204  ; line 426
3951 CALL                 a=211 b=68 c=205 imm=6  ; line 426
3952 RETURN               R211  ; line 426
3953 LOAD_CONST           R212 constant[886]  ; line 426
3954 RETURN               R212  ; line 426
3955 MOVE                 R2 <- R0  ; line 431
3956 CALL                 a=3 b=64 c=2 imm=1  ; line 431
3957 MOVE                 R4 <- R3  ; line 431
3958 LOAD_CONST           R5 constant[887]  ; line 432
3959 COMPARE              a=4 b=5 c=6 imm=1  ; line 432
3960 JUMP_IF_FALSE        R6 -> 3969  ; line 432
3961 LOAD_CONST           R5 constant[888]  ; line 432
3962 LOAD_CONST           R6 constant[889]  ; line 432
3963 MOVE                 R7 <- R5  ; line 432
3964 MOVE                 R8 <- R4  ; line 432
3965 MOVE                 R9 <- R6  ; line 432
3966 CALL                 a=10 b=53 c=7 imm=3  ; line 432
3967 RETURN               R10  ; line 432
3968 JUMP                 -> 3969  ; line 432
3969 LOAD_CONST           R5 constant[890]  ; line 433
3970 LOAD_CONST           R6 constant[891]  ; line 433
3971 MOVE                 R7 <- R1  ; line 433
3972 MOVE                 R8 <- R5  ; line 433
3973 MOVE                 R9 <- R6  ; line 433
3974 CALL                 a=10 b=54 c=7 imm=3  ; line 433
3975 MOVE                 R11 <- R10  ; line 433
3976 LOAD_CONST           R12 constant[892]  ; line 434
3977 COMPARE              a=11 b=12 c=13 imm=2  ; line 434
3978 JUMP_IF_FALSE        R13 -> 3988  ; line 434
3979 LOAD_CONST           R12 constant[893]  ; line 434
3980 LOAD_CONST           R13 constant[894]  ; line 434
3981 LOAD_CONST           R14 constant[895]  ; line 434
3982 MOVE                 R15 <- R12  ; line 434
3983 MOVE                 R16 <- R13  ; line 434
3984 MOVE                 R17 <- R14  ; line 434
3985 CALL                 a=18 b=53 c=15 imm=3  ; line 434
3986 RETURN               R18  ; line 434
3987 JUMP                 -> 3988  ; line 434
3988 LOAD_CONST           R12 constant[896]  ; line 435
3989 MOVE                 R13 <- R0  ; line 435
3990 MOVE                 R14 <- R12  ; line 435
3991 HOST_CALL            a=15 b=11 c=13 imm=2  ; line 435
3992 MOVE                 R16 <- R15  ; line 435
3993 LOAD_CONST           R17 constant[897]  ; line 436
3994 MOVE                 R18 <- R0  ; line 436
3995 MOVE                 R19 <- R17  ; line 436
3996 HOST_CALL            a=20 b=11 c=18 imm=2  ; line 436
3997 MOVE                 R21 <- R20  ; line 436
3998 MOVE                 R22 <- R16  ; line 437
3999 HOST_CALL            a=23 b=61 c=22 imm=1  ; line 437
4000 LOAD_CONST           R24 constant[898]  ; line 437
4001 MOVE                 R25 <- R23  ; line 437
4002 MOVE                 R26 <- R24  ; line 437
4003 HOST_CALL            a=27 b=11 c=25 imm=2  ; line 437
4004 MOVE                 R28 <- R27  ; line 437
4005 MOVE                 R29 <- R16  ; line 438
4006 HOST_CALL            a=30 b=61 c=29 imm=1  ; line 438
4007 LOAD_CONST           R31 constant[899]  ; line 438
4008 MOVE                 R32 <- R30  ; line 438
4009 MOVE                 R33 <- R31  ; line 438
4010 HOST_CALL            a=34 b=11 c=32 imm=2  ; line 438
4011 MOVE                 R35 <- R34  ; line 438
4012 LOAD_CONST           R36 constant[900]  ; line 439
4013 MOVE                 R37 <- R36  ; line 439
4014 HOST_CALL            a=38 b=22 c=37 imm=1  ; line 439
4015 MOVE                 R39 <- R38  ; line 439
4016 LOAD_CONST           R40 constant[901]  ; line 440
4017 MOVE                 R41 <- R40  ; line 440
4018 COMPARE              a=41 b=11 c=42 imm=2  ; line 441
4019 JUMP_IF_FALSE        R42 -> 4151  ; line 441
4020 LOAD_CONST           R42 constant[902]  ; line 442
4021 MOVE                 R43 <- R42  ; line 442
4022 HOST_CALL            a=44 b=22 c=43 imm=1  ; line 442
4023 MOVE                 R45 <- R44  ; line 442
4024 LOAD_CONST           R46 constant[903]  ; line 443
4025 MOVE                 R47 <- R46  ; line 443
4026 COMPARE              a=47 b=28 c=48 imm=2  ; line 444
4027 JUMP_IF_FALSE        R48 -> 4074  ; line 444
4028 MOVE                 R48 <- R21  ; line 445
4029 MOVE                 R49 <- R47  ; line 445
4030 HOST_CALL            a=50 b=11 c=48 imm=2  ; line 445
4031 LOAD_CONST           R51 constant[904]  ; line 445
4032 COMPARE              a=50 b=51 c=52 imm=2  ; line 445
4033 JUMP_IF_FALSE        R52 -> 4043  ; line 445
4034 LOAD_CONST           R48 constant[905]  ; line 445
4035 LOAD_CONST           R49 constant[906]  ; line 445
4036 LOAD_CONST           R50 constant[907]  ; line 445
4037 MOVE                 R51 <- R48  ; line 445
4038 MOVE                 R52 <- R49  ; line 445
4039 MOVE                 R53 <- R50  ; line 445
4040 CALL                 a=54 b=53 c=51 imm=3  ; line 445
4041 RETURN               R54  ; line 445
4042 JUMP                 -> 4043  ; line 445
4043 MOVE                 R48 <- R21  ; line 446
4044 MOVE                 R49 <- R47  ; line 446
4045 HOST_CALL            a=50 b=11 c=48 imm=2  ; line 446
4046 COMPARE              a=50 b=11 c=51 imm=5  ; line 446
4047 JUMP_IF_FALSE        R51 -> 4057  ; line 446
4048 LOAD_CONST           R48 constant[908]  ; line 446
4049 LOAD_CONST           R49 constant[909]  ; line 446
4050 LOAD_CONST           R50 constant[910]  ; line 446
4051 MOVE                 R51 <- R48  ; line 446
4052 MOVE                 R52 <- R49  ; line 446
4053 MOVE                 R53 <- R50  ; line 446
4054 CALL                 a=54 b=53 c=51 imm=3  ; line 446
4055 RETURN               R54  ; line 446
4056 JUMP                 -> 4057  ; line 446
4057 LOAD_CONST           R48 constant[911]  ; line 447
4058 MOVE                 R49 <- R48  ; line 447
4059 MOVE                 R50 <- R21  ; line 448
4060 MOVE                 R51 <- R47  ; line 448
4061 HOST_CALL            a=52 b=11 c=50 imm=2  ; line 448
4062 COMPARE              a=52 b=41 c=53 imm=0  ; line 448
4063 JUMP_IF_FALSE        R53 -> 4067  ; line 448
4064 LOAD_CONST           R50 constant[912]  ; line 448
4065 MOVE                 R49 <- R50  ; line 448
4066 JUMP                 -> 4067  ; line 448
4067 MOVE                 R50 <- R45  ; line 449
4068 MOVE                 R51 <- R49  ; line 449
4069 HOST_CALL            a=52 b=23 c=50 imm=2  ; line 449
4070 LOAD_CONST           R50 constant[913]  ; line 450
4071 BINARY               a=47 b=50 c=51 imm=0  ; line 450
4072 MOVE                 R47 <- R51  ; line 450
4073 JUMP                 -> 4026  ; line 450
4074 MOVE                 R50 <- R45  ; line 452
4075 HOST_CALL            a=51 b=72 c=50 imm=1  ; line 452
4076 MOVE                 R52 <- R51  ; line 452
4077 MOVE                 R53 <- R16  ; line 453
4078 HOST_CALL            a=54 b=182 c=53 imm=1  ; line 453
4079 LOAD_CONST           R55 constant[914]  ; line 453
4080 COMPARE              a=54 b=55 c=56 imm=0  ; line 453
4081 JUMP_IF_FALSE        R56 -> 4094  ; line 453
4082 MOVE                 R53 <- R16  ; line 454
4083 HOST_CALL            a=54 b=60 c=53 imm=1  ; line 454
4084 LOAD_CONST           R55 constant[915]  ; line 454
4085 MOVE                 R56 <- R1  ; line 454
4086 MOVE                 R57 <- R55  ; line 454
4087 HOST_CALL            a=58 b=11 c=56 imm=2  ; line 454
4088 MOVE                 R59 <- R52  ; line 454
4089 MOVE                 R60 <- R54  ; line 454
4090 MOVE                 R61 <- R58  ; line 454
4091 CALL                 a=62 b=119 c=59 imm=3  ; line 454
4092 MOVE                 R52 <- R62  ; line 454
4093 JUMP                 -> 4094  ; line 454
4094 LOAD_CONST           R53 constant[916]  ; line 456
4095 MOVE                 R54 <- R53  ; line 456
4096 MOVE                 R55 <- R16  ; line 457
4097 HOST_CALL            a=56 b=182 c=55 imm=1  ; line 457
4098 LOAD_CONST           R57 constant[917]  ; line 457
4099 COMPARE              a=56 b=57 c=58 imm=0  ; line 457
4100 JUMP_IF_FALSE        R58 -> 4113  ; line 457
4101 LOAD_CONST           R55 constant[918]  ; line 458
4102 LOAD_CONST           R56 constant[919]  ; line 458
4103 MOVE                 R57 <- R55  ; line 458
4104 MOVE                 R58 <- R16  ; line 458
4105 MOVE                 R59 <- R56  ; line 458
4106 MOVE                 R60 <- R52  ; line 458
4107 HOST_CALL            a=61 b=6 c=57 imm=4  ; line 458
4108 MOVE                 R62 <- R61  ; line 458
4109 MOVE                 R63 <- R1  ; line 458
4110 CALL                 a=64 b=72 c=62 imm=2  ; line 458
4111 MOVE                 R54 <- R64  ; line 458
4112 JUMP                 -> 4124  ; line 458
4113 LOAD_CONST           R55 constant[920]  ; line 460
4114 LOAD_CONST           R56 constant[921]  ; line 460
4115 MOVE                 R57 <- R55  ; line 460
4116 MOVE                 R58 <- R16  ; line 460
4117 MOVE                 R59 <- R56  ; line 460
4118 MOVE                 R60 <- R52  ; line 460
4119 HOST_CALL            a=61 b=6 c=57 imm=4  ; line 460
4120 MOVE                 R62 <- R61  ; line 460
4121 MOVE                 R63 <- R1  ; line 460
4122 CALL                 a=64 b=71 c=62 imm=2  ; line 460
4123 MOVE                 R54 <- R64  ; line 460
4124 LOAD_CONST           R55 constant[922]  ; line 462
4125 MOVE                 R56 <- R54  ; line 462
4126 MOVE                 R57 <- R55  ; line 462
4127 HOST_CALL            a=58 b=11 c=56 imm=2  ; line 462
4128 UNARY                a=58 b=59 c=4294967295 imm=1  ; line 462
4129 JUMP_IF_FALSE        R59 -> 4132  ; line 462
4130 RETURN               R54  ; line 462
4131 JUMP                 -> 4132  ; line 462
4132 LOAD_CONST           R55 constant[923]  ; line 463
4133 MOVE                 R56 <- R54  ; line 463
4134 MOVE                 R57 <- R55  ; line 463
4135 HOST_CALL            a=58 b=11 c=56 imm=2  ; line 463
4136 LOAD_CONST           R59 constant[924]  ; line 463
4137 MOVE                 R60 <- R58  ; line 463
4138 MOVE                 R61 <- R59  ; line 463
4139 HOST_CALL            a=62 b=11 c=60 imm=2  ; line 463
4140 LOAD_CONST           R63 constant[925]  ; line 463
4141 MOVE                 R64 <- R62  ; line 463
4142 MOVE                 R65 <- R63  ; line 463
4143 HOST_CALL            a=66 b=11 c=64 imm=2  ; line 463
4144 MOVE                 R67 <- R39  ; line 463
4145 MOVE                 R68 <- R66  ; line 463
4146 HOST_CALL            a=69 b=23 c=67 imm=2  ; line 463
4147 LOAD_CONST           R55 constant[926]  ; line 464
4148 BINARY               a=41 b=55 c=56 imm=0  ; line 464
4149 MOVE                 R41 <- R56  ; line 464
4150 JUMP                 -> 4018  ; line 464
4151 LOAD_CONST           R55 constant[927]  ; line 467
4152 MOVE                 R56 <- R55  ; line 467
4153 HOST_CALL            a=57 b=22 c=56 imm=1  ; line 467
4154 MOVE                 R58 <- R57  ; line 467
4155 LOAD_CONST           R59 constant[928]  ; line 468
4156 MOVE                 R60 <- R59  ; line 468
4157 HOST_CALL            a=61 b=22 c=60 imm=1  ; line 468
4158 MOVE                 R62 <- R61  ; line 468
4159 LOAD_CONST           R63 constant[929]  ; line 469
4160 MOVE                 R41 <- R63  ; line 469
4161 COMPARE              a=41 b=11 c=63 imm=2  ; line 470
4162 JUMP_IF_FALSE        R63 -> 4206  ; line 470
4163 MOVE                 R63 <- R39  ; line 471
4164 MOVE                 R64 <- R41  ; line 471
4165 HOST_CALL            a=65 b=11 c=63 imm=2  ; line 471
4166 LOAD_CONST           R66 constant[930]  ; line 471
4167 MOVE                 R67 <- R65  ; line 471
4168 MOVE                 R68 <- R66  ; line 471
4169 HOST_CALL            a=69 b=11 c=67 imm=2  ; line 471
4170 MOVE                 R70 <- R69  ; line 471
4171 LOAD_CONST           R71 constant[931]  ; line 472
4172 MOVE                 R72 <- R71  ; line 472
4173 HOST_CALL            a=73 b=22 c=72 imm=1  ; line 472
4174 MOVE                 R74 <- R73  ; line 472
4175 LOAD_CONST           R75 constant[932]  ; line 473
4176 MOVE                 R76 <- R75  ; line 473
4177 COMPARE              a=76 b=35 c=77 imm=2  ; line 474
4178 JUMP_IF_FALSE        R77 -> 4189  ; line 474
4179 MOVE                 R77 <- R70  ; line 475
4180 MOVE                 R78 <- R76  ; line 475
4181 HOST_CALL            a=79 b=11 c=77 imm=2  ; line 475
4182 MOVE                 R80 <- R74  ; line 475
4183 MOVE                 R81 <- R79  ; line 475
4184 HOST_CALL            a=82 b=23 c=80 imm=2  ; line 475
4185 LOAD_CONST           R77 constant[933]  ; line 476
4186 BINARY               a=76 b=77 c=78 imm=0  ; line 476
4187 MOVE                 R76 <- R78  ; line 476
4188 JUMP                 -> 4177  ; line 476
4189 MOVE                 R77 <- R58  ; line 478
4190 MOVE                 R78 <- R74  ; line 478
4191 HOST_CALL            a=79 b=23 c=77 imm=2  ; line 478
4192 MOVE                 R77 <- R39  ; line 479
4193 MOVE                 R78 <- R41  ; line 479
4194 HOST_CALL            a=79 b=11 c=77 imm=2  ; line 479
4195 LOAD_CONST           R80 constant[934]  ; line 479
4196 MOVE                 R81 <- R79  ; line 479
4197 MOVE                 R82 <- R80  ; line 479
4198 HOST_CALL            a=83 b=11 c=81 imm=2  ; line 479
4199 MOVE                 R84 <- R62  ; line 479
4200 MOVE                 R85 <- R83  ; line 479
4201 HOST_CALL            a=86 b=23 c=84 imm=2  ; line 479
4202 LOAD_CONST           R77 constant[935]  ; line 480
4203 BINARY               a=41 b=77 c=78 imm=0  ; line 480
4204 MOVE                 R41 <- R78  ; line 480
4205 JUMP                 -> 4161  ; line 480
4206 LOAD_CONST           R77 constant[936]  ; line 482
4207 LOAD_CONST           R78 constant[937]  ; line 482
4208 LOAD_CONST           R79 constant[938]  ; line 482
4209 LOAD_CONST           R80 constant[939]  ; line 482
4210 LOAD_CONST           R81 constant[940]  ; line 482
4211 LOAD_CONST           R82 constant[941]  ; line 482
4212 LOAD_CONST           R83 constant[942]  ; line 482
4213 LOAD_CONST           R84 constant[943]  ; line 482
4214 MOVE                 R85 <- R58  ; line 482
4215 HOST_CALL            a=86 b=72 c=85 imm=1  ; line 482
4216 LOAD_CONST           R87 constant[944]  ; line 482
4217 MOVE                 R88 <- R62  ; line 482
4218 HOST_CALL            a=89 b=72 c=88 imm=1  ; line 482
4219 MOVE                 R90 <- R84  ; line 482
4220 MOVE                 R91 <- R86  ; line 482
4221 MOVE                 R92 <- R87  ; line 482
4222 MOVE                 R93 <- R89  ; line 482
4223 HOST_CALL            a=94 b=6 c=90 imm=4  ; line 482
4224 LOAD_CONST           R95 constant[945]  ; line 482
4225 LOAD_CONST           R96 constant[946]  ; line 482
4226 LOAD_CONST           R97 constant[947]  ; line 482
4227 MOVE                 R98 <- R96  ; line 482
4228 MOVE                 R99 <- R97  ; line 482
4229 HOST_CALL            a=100 b=6 c=98 imm=2  ; line 482
4230 LOAD_CONST           R101 constant[948]  ; line 482
4231 LOAD_CONST           R102 constant[949]  ; line 482
4232 LOAD_CONST           R103 constant[950]  ; line 482
4233 LOAD_CONST           R104 constant[951]  ; line 482
4234 LOAD_CONST           R105 constant[952]  ; line 482
4235 MOVE                 R106 <- R1  ; line 482
4236 MOVE                 R107 <- R104  ; line 482
4237 MOVE                 R108 <- R105  ; line 482
4238 CALL                 a=109 b=54 c=106 imm=3  ; line 482
4239 LOAD_CONST           R110 constant[953]  ; line 482
4240 LOAD_CONST           R111 constant[954]  ; line 482
4241 LOAD_CONST           R112 constant[955]  ; line 482
4242 MOVE                 R113 <- R1  ; line 482
4243 MOVE                 R114 <- R111  ; line 482
4244 MOVE                 R115 <- R112  ; line 482
4245 CALL                 a=116 b=54 c=113 imm=3  ; line 482
4246 MOVE                 R117 <- R103  ; line 482
4247 MOVE                 R118 <- R109  ; line 482
4248 MOVE                 R119 <- R110  ; line 482
4249 MOVE                 R120 <- R116  ; line 482
4250 HOST_CALL            a=121 b=6 c=117 imm=4  ; line 482
4251 LOAD_CONST           R122 constant[956]  ; line 482
4252 LOAD_CONST           R123 constant[957]  ; line 482
4253 LOAD_CONST           R124 constant[958]  ; line 482
4254 MOVE                 R125 <- R16  ; line 482
4255 HOST_CALL            a=126 b=60 c=125 imm=1  ; line 482
4256 LOAD_CONST           R127 constant[959]  ; line 482
4257 LOAD_CONST           R128 constant[960]  ; line 482
4258 MOVE                 R129 <- R77  ; line 482
4259 MOVE                 R130 <- R78  ; line 482
4260 MOVE                 R131 <- R79  ; line 482
4261 MOVE                 R132 <- R80  ; line 482
4262 MOVE                 R133 <- R81  ; line 482
4263 MOVE                 R134 <- R82  ; line 482
4264 MOVE                 R135 <- R83  ; line 482
4265 MOVE                 R136 <- R94  ; line 482
4266 MOVE                 R137 <- R95  ; line 482
4267 MOVE                 R138 <- R100  ; line 482
4268 MOVE                 R139 <- R101  ; line 482
4269 MOVE                 R140 <- R11  ; line 482
4270 MOVE                 R141 <- R102  ; line 482
4271 MOVE                 R142 <- R121  ; line 482
4272 MOVE                 R143 <- R122  ; line 482
4273 MOVE                 R144 <- R123  ; line 482
4274 MOVE                 R145 <- R124  ; line 482
4275 MOVE                 R146 <- R126  ; line 482
4276 MOVE                 R147 <- R127  ; line 482
4277 MOVE                 R148 <- R128  ; line 482
4278 HOST_CALL            a=149 b=6 c=129 imm=20  ; line 482
4279 MOVE                 R150 <- R149  ; line 482
4280 MOVE                 R151 <- R150  ; line 494
4281 MOVE                 R152 <- R16  ; line 494
4282 CALL                 a=153 b=74 c=151 imm=2  ; line 494
4283 MOVE                 R154 <- R153  ; line 494
4284 LOAD_CONST           R155 constant[961]  ; line 495
4285 MOVE                 R156 <- R154  ; line 495
4286 MOVE                 R157 <- R155  ; line 495
4287 HOST_CALL            a=158 b=11 c=156 imm=2  ; line 495
4288 LOAD_CONST           R159 constant[962]  ; line 495
4289 MOVE                 R160 <- R154  ; line 495
4290 MOVE                 R161 <- R159  ; line 495
4291 HOST_CALL            a=162 b=11 c=160 imm=2  ; line 495
4292 LOAD_CONST           R163 constant[963]  ; line 495
4293 MOVE                 R164 <- R163  ; line 495
4294 MOVE                 R165 <- R28  ; line 495
4295 HOST_CALL            a=166 b=6 c=164 imm=2  ; line 495
4296 LOAD_CONST           R167 constant[964]  ; line 495
4297 LOAD_CONST           R168 constant[965]  ; line 495
4298 LOAD_CONST           R169 constant[966]  ; line 495
4299 MOVE                 R170 <- R168  ; line 495
4300 MOVE                 R171 <- R169  ; line 495
4301 ARRAY_NEW            a=172 b=170 c=2 imm=4294967295  ; line 495
4302 MOVE                 R173 <- R150  ; line 495
4303 MOVE                 R174 <- R158  ; line 495
4304 MOVE                 R175 <- R162  ; line 495
4305 MOVE                 R176 <- R166  ; line 495
4306 MOVE                 R177 <- R167  ; line 495
4307 MOVE                 R178 <- R172  ; line 495
4308 CALL                 a=179 b=68 c=173 imm=6  ; line 495
4309 RETURN               R179  ; line 495
4310 LOAD_CONST           R180 constant[967]  ; line 495
4311 RETURN               R180  ; line 495
4312 MOVE                 R2 <- R1  ; line 501
4313 HOST_CALL            a=3 b=61 c=2 imm=1  ; line 501
4314 MOVE                 R4 <- R3  ; line 501
4315 LOAD_CONST           R5 constant[968]  ; line 502
4316 MOVE                 R6 <- R4  ; line 502
4317 MOVE                 R7 <- R5  ; line 502
4318 HOST_CALL            a=8 b=11 c=6 imm=2  ; line 502
4319 MOVE                 R9 <- R8  ; line 502
4320 LOAD_CONST           R10 constant[969]  ; line 503
4321 MOVE                 R11 <- R4  ; line 503
4322 MOVE                 R12 <- R10  ; line 503
4323 HOST_CALL            a=13 b=11 c=11 imm=2  ; line 503
4324 MOVE                 R14 <- R13  ; line 503
4325 LOAD_CONST           R15 constant[970]  ; line 504
4326 MOVE                 R16 <- R0  ; line 504
4327 MOVE                 R17 <- R15  ; line 504
4328 HOST_CALL            a=18 b=11 c=16 imm=2  ; line 504
4329 MOVE                 R19 <- R18  ; line 504
4330 LOAD_CONST           R20 constant[971]  ; line 505
4331 MOVE                 R21 <- R20  ; line 505
4332 HOST_CALL            a=22 b=22 c=21 imm=1  ; line 505
4333 MOVE                 R23 <- R22  ; line 505
4334 LOAD_CONST           R24 constant[972]  ; line 506
4335 MOVE                 R25 <- R24  ; line 506
4336 HOST_CALL            a=26 b=22 c=25 imm=1  ; line 506
4337 MOVE                 R27 <- R26  ; line 506
4338 LOAD_CONST           R28 constant[973]  ; line 507
4339 MOVE                 R29 <- R28  ; line 507
4340 COMPARE              a=29 b=9 c=30 imm=2  ; line 508
4341 JUMP_IF_FALSE        R30 -> 4447  ; line 508
4342 LOAD_CONST           R30 constant[974]  ; line 509
4343 MOVE                 R31 <- R30  ; line 509
4344 HOST_CALL            a=32 b=22 c=31 imm=1  ; line 509
4345 MOVE                 R33 <- R32  ; line 509
4346 LOAD_CONST           R34 constant[975]  ; line 510
4347 MOVE                 R35 <- R34  ; line 510
4348 LOAD_CONST           R36 constant[976]  ; line 511
4349 MOVE                 R37 <- R36  ; line 511
4350 COMPARE              a=37 b=19 c=38 imm=2  ; line 512
4351 JUMP_IF_FALSE        R38 -> 4407  ; line 512
4352 LOAD_CONST           R38 constant[977]  ; line 513
4353 MOVE                 R39 <- R0  ; line 513
4354 MOVE                 R40 <- R38  ; line 513
4355 HOST_CALL            a=41 b=11 c=39 imm=2  ; line 513
4356 LOAD_CONST           R42 constant[978]  ; line 513
4357 MOVE                 R43 <- R41  ; line 513
4358 MOVE                 R44 <- R42  ; line 513
4359 HOST_CALL            a=45 b=11 c=43 imm=2  ; line 513
4360 MOVE                 R46 <- R45  ; line 513
4361 MOVE                 R47 <- R37  ; line 513
4362 HOST_CALL            a=48 b=11 c=46 imm=2  ; line 513
4363 MOVE                 R49 <- R48  ; line 513
4364 LOAD_CONST           R50 constant[979]  ; line 514
4365 MOVE                 R51 <- R50  ; line 514
4366 COMPARE              a=51 b=14 c=52 imm=2  ; line 515
4367 JUMP_IF_FALSE        R52 -> 4395  ; line 515
4368 LOAD_CONST           R52 constant[980]  ; line 516
4369 MOVE                 R53 <- R0  ; line 516
4370 MOVE                 R54 <- R52  ; line 516
4371 HOST_CALL            a=55 b=11 c=53 imm=2  ; line 516
4372 LOAD_CONST           R56 constant[981]  ; line 516
4373 MOVE                 R57 <- R55  ; line 516
4374 MOVE                 R58 <- R56  ; line 516
4375 HOST_CALL            a=59 b=11 c=57 imm=2  ; line 516
4376 MOVE                 R60 <- R37  ; line 516
4377 MOVE                 R61 <- R51  ; line 516
4378 ARRAY_NEW            a=62 b=60 c=2 imm=4294967295  ; line 516
4379 MOVE                 R63 <- R59  ; line 516
4380 MOVE                 R64 <- R62  ; line 516
4381 HOST_CALL            a=65 b=11 c=63 imm=2  ; line 516
4382 MOVE                 R66 <- R29  ; line 516
4383 MOVE                 R67 <- R51  ; line 516
4384 ARRAY_NEW            a=68 b=66 c=2 imm=4294967295  ; line 516
4385 MOVE                 R69 <- R1  ; line 516
4386 MOVE                 R70 <- R68  ; line 516
4387 HOST_CALL            a=71 b=11 c=69 imm=2  ; line 516
4388 BINARY               a=65 b=71 c=72 imm=2  ; line 516
4389 BINARY               a=49 b=72 c=73 imm=0  ; line 516
4390 MOVE                 R49 <- R73  ; line 516
4391 LOAD_CONST           R52 constant[982]  ; line 517
4392 BINARY               a=51 b=52 c=53 imm=0  ; line 517
4393 MOVE                 R51 <- R53  ; line 517
4394 JUMP                 -> 4366  ; line 517
4395 MOVE                 R52 <- R49  ; line 519
4396 CALL                 a=53 b=59 c=52 imm=1  ; line 519
4397 MOVE                 R54 <- R53  ; line 519
4398 MOVE                 R55 <- R33  ; line 520
4399 MOVE                 R56 <- R54  ; line 520
4400 HOST_CALL            a=57 b=23 c=55 imm=2  ; line 520
4401 BINARY               a=35 b=54 c=55 imm=0  ; line 521
4402 MOVE                 R35 <- R55  ; line 521
4403 LOAD_CONST           R55 constant[983]  ; line 522
4404 BINARY               a=37 b=55 c=56 imm=0  ; line 522
4405 MOVE                 R37 <- R56  ; line 522
4406 JUMP                 -> 4350  ; line 522
4407 LOAD_CONST           R55 constant[984]  ; line 524
4408 MOVE                 R56 <- R55  ; line 524
4409 HOST_CALL            a=57 b=22 c=56 imm=1  ; line 524
4410 MOVE                 R58 <- R57  ; line 524
4411 LOAD_CONST           R59 constant[985]  ; line 525
4412 MOVE                 R60 <- R59  ; line 525
4413 HOST_CALL            a=61 b=22 c=60 imm=1  ; line 525
4414 MOVE                 R62 <- R61  ; line 525
4415 LOAD_CONST           R63 constant[986]  ; line 526
4416 MOVE                 R37 <- R63  ; line 526
4417 COMPARE              a=37 b=19 c=63 imm=2  ; line 527
4418 JUMP_IF_FALSE        R63 -> 4437  ; line 527
4419 MOVE                 R63 <- R33  ; line 528
4420 MOVE                 R64 <- R37  ; line 528
4421 HOST_CALL            a=65 b=11 c=63 imm=2  ; line 528
4422 BINARY               a=65 b=35 c=66 imm=3  ; line 528
4423 MOVE                 R67 <- R66  ; line 528
4424 MOVE                 R68 <- R58  ; line 529
4425 MOVE                 R69 <- R67  ; line 529
4426 HOST_CALL            a=70 b=23 c=68 imm=2  ; line 529
4427 LOAD_CONST           R68 constant[987]  ; line 530
4428 BINARY               a=68 b=67 c=69 imm=1  ; line 530
4429 BINARY               a=67 b=69 c=70 imm=2  ; line 530
4430 MOVE                 R71 <- R62  ; line 530
4431 MOVE                 R72 <- R70  ; line 530
4432 HOST_CALL            a=73 b=23 c=71 imm=2  ; line 530
4433 LOAD_CONST           R68 constant[988]  ; line 531
4434 BINARY               a=37 b=68 c=69 imm=0  ; line 531
4435 MOVE                 R37 <- R69  ; line 531
4436 JUMP                 -> 4417  ; line 531
4437 MOVE                 R68 <- R23  ; line 533
4438 MOVE                 R69 <- R58  ; line 533
4439 HOST_CALL            a=70 b=23 c=68 imm=2  ; line 533
4440 MOVE                 R68 <- R27  ; line 534
4441 MOVE                 R69 <- R62  ; line 534
4442 HOST_CALL            a=70 b=23 c=68 imm=2  ; line 534
4443 LOAD_CONST           R68 constant[989]  ; line 535
4444 BINARY               a=29 b=68 c=69 imm=0  ; line 535
4445 MOVE                 R29 <- R69  ; line 535
4446 JUMP                 -> 4340  ; line 535
4447 LOAD_CONST           R68 constant[990]  ; line 537
4448 MOVE                 R69 <- R23  ; line 537
4449 HOST_CALL            a=70 b=72 c=69 imm=1  ; line 537
4450 LOAD_CONST           R71 constant[991]  ; line 537
4451 MOVE                 R72 <- R27  ; line 537
4452 HOST_CALL            a=73 b=72 c=72 imm=1  ; line 537
4453 MOVE                 R74 <- R68  ; line 537
4454 MOVE                 R75 <- R70  ; line 537
4455 MOVE                 R76 <- R71  ; line 537
4456 MOVE                 R77 <- R73  ; line 537
4457 HOST_CALL            a=78 b=6 c=74 imm=4  ; line 537
4458 RETURN               R78  ; line 537
4459 LOAD_CONST           R79 constant[992]  ; line 537
4460 RETURN               R79  ; line 537
4461 MOVE                 R2 <- R0  ; line 541
4462 CALL                 a=3 b=64 c=2 imm=1  ; line 541
4463 MOVE                 R4 <- R3  ; line 541
4464 LOAD_CONST           R5 constant[993]  ; line 542
4465 COMPARE              a=4 b=5 c=6 imm=1  ; line 542
4466 JUMP_IF_FALSE        R6 -> 4475  ; line 542
4467 LOAD_CONST           R5 constant[994]  ; line 542
4468 LOAD_CONST           R6 constant[995]  ; line 542
4469 MOVE                 R7 <- R5  ; line 542
4470 MOVE                 R8 <- R4  ; line 542
4471 MOVE                 R9 <- R6  ; line 542
4472 CALL                 a=10 b=53 c=7 imm=3  ; line 542
4473 RETURN               R10  ; line 542
4474 JUMP                 -> 4475  ; line 542
4475 LOAD_CONST           R5 constant[996]  ; line 543
4476 MOVE                 R6 <- R0  ; line 543
4477 MOVE                 R7 <- R5  ; line 543
4478 HOST_CALL            a=8 b=11 c=6 imm=2  ; line 543
4479 MOVE                 R9 <- R8  ; line 543
4480 LOAD_CONST           R10 constant[997]  ; line 544
4481 MOVE                 R11 <- R0  ; line 544
4482 MOVE                 R12 <- R10  ; line 544
4483 HOST_CALL            a=13 b=11 c=11 imm=2  ; line 544
4484 MOVE                 R14 <- R13  ; line 544
4485 MOVE                 R15 <- R9  ; line 545
4486 HOST_CALL            a=16 b=61 c=15 imm=1  ; line 545
4487 LOAD_CONST           R17 constant[998]  ; line 545
4488 MOVE                 R18 <- R16  ; line 545
4489 MOVE                 R19 <- R17  ; line 545
4490 HOST_CALL            a=20 b=11 c=18 imm=2  ; line 545
4491 MOVE                 R21 <- R20  ; line 545
4492 MOVE                 R22 <- R9  ; line 546
4493 HOST_CALL            a=23 b=61 c=22 imm=1  ; line 546
4494 LOAD_CONST           R24 constant[999]  ; line 546
4495 MOVE                 R25 <- R23  ; line 546
4496 MOVE                 R26 <- R24  ; line 546
4497 HOST_CALL            a=27 b=11 c=25 imm=2  ; line 546
4498 MOVE                 R28 <- R27  ; line 546
4499 LOAD_CONST           R29 constant[1000]  ; line 547
4500 LOAD_CONST           R30 constant[1001]  ; line 547
4501 MOVE                 R31 <- R1  ; line 547
4502 MOVE                 R32 <- R29  ; line 547
4503 MOVE                 R33 <- R30  ; line 547
4504 CALL                 a=34 b=54 c=31 imm=3  ; line 547
4505 MOVE                 R35 <- R34  ; line 547
4506 LOAD_CONST           R36 constant[1002]  ; line 548
4507 LOAD_CONST           R37 constant[1003]  ; line 548
4508 MOVE                 R38 <- R1  ; line 548
4509 MOVE                 R39 <- R36  ; line 548
4510 MOVE                 R40 <- R37  ; line 548
4511 CALL                 a=41 b=54 c=38 imm=3  ; line 548
4512 MOVE                 R42 <- R41  ; line 548
4513 LOAD_CONST           R43 constant[1004]  ; line 549
4514 LOAD_CONST           R44 constant[1005]  ; line 549
4515 MOVE                 R45 <- R1  ; line 549
4516 MOVE                 R46 <- R43  ; line 549
4517 MOVE                 R47 <- R44  ; line 549
4518 CALL                 a=48 b=54 c=45 imm=3  ; line 549
4519 MOVE                 R49 <- R48  ; line 549
4520 LOAD_CONST           R50 constant[1006]  ; line 550
4521 LOAD_CONST           R51 constant[1007]  ; line 550
4522 MOVE                 R52 <- R1  ; line 550
4523 MOVE                 R53 <- R50  ; line 550
4524 MOVE                 R54 <- R51  ; line 550
4525 CALL                 a=55 b=54 c=52 imm=3  ; line 550
4526 MOVE                 R56 <- R55  ; line 550
4527 LOAD_CONST           R57 constant[1008]  ; line 551
4528 COMPARE              a=35 b=57 c=58 imm=2  ; line 551
4529 JUMP_IF_FALSE        R58 -> 4539  ; line 551
4530 LOAD_CONST           R57 constant[1009]  ; line 551
4531 LOAD_CONST           R58 constant[1010]  ; line 551
4532 LOAD_CONST           R59 constant[1011]  ; line 551
4533 MOVE                 R60 <- R57  ; line 551
4534 MOVE                 R61 <- R58  ; line 551
4535 MOVE                 R62 <- R59  ; line 551
4536 CALL                 a=63 b=53 c=60 imm=3  ; line 551
4537 RETURN               R63  ; line 551
4538 JUMP                 -> 4539  ; line 551
4539 LOAD_CONST           R57 constant[1012]  ; line 552
4540 COMPARE              a=42 b=57 c=58 imm=2  ; line 552
4541 JUMP_IF_FALSE        R58 -> 4551  ; line 552
4542 LOAD_CONST           R57 constant[1013]  ; line 552
4543 LOAD_CONST           R58 constant[1014]  ; line 552
4544 LOAD_CONST           R59 constant[1015]  ; line 552
4545 MOVE                 R60 <- R57  ; line 552
4546 MOVE                 R61 <- R58  ; line 552
4547 MOVE                 R62 <- R59  ; line 552
4548 CALL                 a=63 b=53 c=60 imm=3  ; line 552
4549 RETURN               R63  ; line 552
4550 JUMP                 -> 4551  ; line 552
4551 LOAD_CONST           R57 constant[1016]  ; line 553
4552 COMPARE              a=49 b=57 c=58 imm=3  ; line 553
4553 JUMP_IF_FALSE        R58 -> 4563  ; line 553
4554 LOAD_CONST           R57 constant[1017]  ; line 553
4555 LOAD_CONST           R58 constant[1018]  ; line 553
4556 LOAD_CONST           R59 constant[1019]  ; line 553
4557 MOVE                 R60 <- R57  ; line 553
4558 MOVE                 R61 <- R58  ; line 553
4559 MOVE                 R62 <- R59  ; line 553
4560 CALL                 a=63 b=53 c=60 imm=3  ; line 553
4561 RETURN               R63  ; line 553
4562 JUMP                 -> 4563  ; line 553
4563 LOAD_CONST           R57 constant[1020]  ; line 554
4564 COMPARE              a=56 b=57 c=58 imm=1  ; line 554
4565 JUMP_IF_FALSE        R58 -> 4579  ; line 554
4566 LOAD_CONST           R57 constant[1021]  ; line 555
4567 COMPARE              a=56 b=57 c=58 imm=1  ; line 555
4568 JUMP_IF_FALSE        R58 -> 4578  ; line 555
4569 LOAD_CONST           R57 constant[1022]  ; line 555
4570 LOAD_CONST           R58 constant[1023]  ; line 555
4571 LOAD_CONST           R59 constant[1024]  ; line 555
4572 MOVE                 R60 <- R57  ; line 555
4573 MOVE                 R61 <- R58  ; line 555
4574 MOVE                 R62 <- R59  ; line 555
4575 CALL                 a=63 b=53 c=60 imm=3  ; line 555
4576 RETURN               R63  ; line 555
4577 JUMP                 -> 4578  ; line 555
4578 JUMP                 -> 4579  ; line 555
4579 LOAD_CONST           R57 constant[1025]  ; line 557
4580 COMPARE              a=56 b=57 c=58 imm=0  ; line 557
4581 JUMP_IF_FALSE        R58 -> 4613  ; line 557
4582 LOAD_CONST           R57 constant[1026]  ; line 558
4583 MOVE                 R58 <- R57  ; line 558
4584 COMPARE              a=58 b=21 c=59 imm=2  ; line 559
4585 JUMP_IF_FALSE        R59 -> 4612  ; line 559
4586 MOVE                 R59 <- R14  ; line 560
4587 MOVE                 R60 <- R58  ; line 560
4588 HOST_CALL            a=61 b=11 c=59 imm=2  ; line 560
4589 LOAD_CONST           R62 constant[1027]  ; line 560
4590 COMPARE              a=61 b=62 c=63 imm=1  ; line 560
4591 JUMP_IF_FALSE        R63 -> 4608  ; line 560
4592 MOVE                 R59 <- R14  ; line 561
4593 MOVE                 R60 <- R58  ; line 561
4594 HOST_CALL            a=61 b=11 c=59 imm=2  ; line 561
4595 LOAD_CONST           R62 constant[1028]  ; line 561
4596 COMPARE              a=61 b=62 c=63 imm=1  ; line 561
4597 JUMP_IF_FALSE        R63 -> 4607  ; line 561
4598 LOAD_CONST           R59 constant[1029]  ; line 561
4599 LOAD_CONST           R60 constant[1030]  ; line 561
4600 LOAD_CONST           R61 constant[1031]  ; line 561
4601 MOVE                 R62 <- R59  ; line 561
4602 MOVE                 R63 <- R60  ; line 561
4603 MOVE                 R64 <- R61  ; line 561
4604 CALL                 a=65 b=53 c=62 imm=3  ; line 561
4605 RETURN               R65  ; line 561
4606 JUMP                 -> 4607  ; line 561
4607 JUMP                 -> 4608  ; line 561
4608 LOAD_CONST           R59 constant[1032]  ; line 563
4609 BINARY               a=58 b=59 c=60 imm=0  ; line 563
4610 MOVE                 R58 <- R60  ; line 563
4611 JUMP                 -> 4584  ; line 563
4612 JUMP                 -> 4613  ; line 563
4613 LOAD_CONST           R59 constant[1033]  ; line 566
4614 MOVE                 R60 <- R59  ; line 566
4615 HOST_CALL            a=61 b=22 c=60 imm=1  ; line 566
4616 MOVE                 R62 <- R61  ; line 566
4617 LOAD_CONST           R63 constant[1034]  ; line 567
4618 MOVE                 R64 <- R63  ; line 567
4619 COMPARE              a=64 b=28 c=65 imm=2  ; line 568
4620 JUMP_IF_FALSE        R65 -> 4656  ; line 568
4621 LOAD_CONST           R65 constant[1035]  ; line 569
4622 MOVE                 R66 <- R65  ; line 569
4623 HOST_CALL            a=67 b=22 c=66 imm=1  ; line 569
4624 MOVE                 R68 <- R67  ; line 569
4625 LOAD_CONST           R69 constant[1036]  ; line 570
4626 MOVE                 R70 <- R69  ; line 570
4627 COMPARE              a=70 b=35 c=71 imm=2  ; line 571
4628 JUMP_IF_FALSE        R71 -> 4649  ; line 571
4629 LOAD_CONST           R71 constant[1037]  ; line 572
4630 BINARY               a=64 b=71 c=72 imm=0  ; line 572
4631 LOAD_CONST           R73 constant[1038]  ; line 572
4632 BINARY               a=70 b=73 c=74 imm=0  ; line 572
4633 BINARY               a=72 b=74 c=75 imm=2  ; line 572
4634 LOAD_CONST           R76 constant[1039]  ; line 572
4635 MOVE                 R77 <- R75  ; line 572
4636 MOVE                 R78 <- R76  ; line 572
4637 CALL                 a=79 b=57 c=77 imm=2  ; line 572
4638 LOAD_CONST           R80 constant[1040]  ; line 572
4639 BINARY               a=79 b=80 c=81 imm=1  ; line 572
4640 LOAD_CONST           R82 constant[1041]  ; line 572
4641 BINARY               a=81 b=82 c=83 imm=2  ; line 572
4642 MOVE                 R84 <- R68  ; line 572
4643 MOVE                 R85 <- R83  ; line 572
4644 HOST_CALL            a=86 b=23 c=84 imm=2  ; line 572
4645 LOAD_CONST           R71 constant[1042]  ; line 573
4646 BINARY               a=70 b=71 c=72 imm=0  ; line 573
4647 MOVE                 R70 <- R72  ; line 573
4648 JUMP                 -> 4627  ; line 573
4649 MOVE                 R71 <- R62  ; line 575
4650 MOVE                 R72 <- R68  ; line 575
4651 HOST_CALL            a=73 b=23 c=71 imm=2  ; line 575
4652 LOAD_CONST           R71 constant[1043]  ; line 576
4653 BINARY               a=64 b=71 c=72 imm=0  ; line 576
4654 MOVE                 R64 <- R72  ; line 576
4655 JUMP                 -> 4619  ; line 576
4656 MOVE                 R71 <- R35  ; line 578
4657 CALL                 a=72 b=63 c=71 imm=1  ; line 578
4658 MOVE                 R73 <- R72  ; line 578
4659 LOAD_CONST           R74 constant[1044]  ; line 579
4660 MOVE                 R75 <- R74  ; line 579
4661 HOST_CALL            a=76 b=22 c=75 imm=1  ; line 579
4662 MOVE                 R77 <- R76  ; line 579
4663 LOAD_CONST           R78 constant[1045]  ; line 580
4664 MOVE                 R79 <- R78  ; line 580
4665 COMPARE              a=79 b=35 c=80 imm=2  ; line 581
4666 JUMP_IF_FALSE        R80 -> 4684  ; line 581
4667 LOAD_CONST           R80 constant[1046]  ; line 582
4668 BINARY               a=79 b=80 c=81 imm=0  ; line 582
4669 LOAD_CONST           R82 constant[1047]  ; line 582
4670 MOVE                 R83 <- R81  ; line 582
4671 MOVE                 R84 <- R82  ; line 582
4672 CALL                 a=85 b=57 c=83 imm=2  ; line 582
4673 LOAD_CONST           R86 constant[1048]  ; line 582
4674 BINARY               a=85 b=86 c=87 imm=1  ; line 582
4675 LOAD_CONST           R88 constant[1049]  ; line 582
4676 BINARY               a=87 b=88 c=89 imm=2  ; line 582
4677 MOVE                 R90 <- R77  ; line 582
4678 MOVE                 R91 <- R89  ; line 582
4679 HOST_CALL            a=92 b=23 c=90 imm=2  ; line 582
4680 LOAD_CONST           R80 constant[1050]  ; line 583
4681 BINARY               a=79 b=80 c=81 imm=0  ; line 583
4682 MOVE                 R79 <- R81  ; line 583
4683 JUMP                 -> 4665  ; line 583
4684 LOAD_CONST           R80 constant[1051]  ; line 585
4685 MOVE                 R81 <- R80  ; line 585
4686 LOAD_CONST           R82 constant[1052]  ; line 586
4687 MOVE                 R83 <- R82  ; line 586
4688 COMPARE              a=83 b=42 c=84 imm=2  ; line 587
4689 JUMP_IF_FALSE        R84 -> 4943  ; line 587
4690 LOAD_CONST           R84 constant[1053]  ; line 588
4691 MOVE                 R85 <- R84  ; line 588
4692 HOST_CALL            a=86 b=22 c=85 imm=1  ; line 588
4693 MOVE                 R87 <- R86  ; line 588
4694 LOAD_CONST           R88 constant[1054]  ; line 589
4695 MOVE                 R64 <- R88  ; line 589
4696 COMPARE              a=64 b=28 c=88 imm=2  ; line 590
4697 JUMP_IF_FALSE        R88 -> 4707  ; line 590
4698 MOVE                 R88 <- R35  ; line 591
4699 CALL                 a=89 b=63 c=88 imm=1  ; line 591
4700 MOVE                 R90 <- R87  ; line 591
4701 MOVE                 R91 <- R89  ; line 591
4702 HOST_CALL            a=92 b=23 c=90 imm=2  ; line 591
4703 LOAD_CONST           R88 constant[1055]  ; line 592
4704 BINARY               a=64 b=88 c=89 imm=0  ; line 592
4705 MOVE                 R64 <- R89  ; line 592
4706 JUMP                 -> 4696  ; line 592
4707 MOVE                 R88 <- R35  ; line 594
4708 CALL                 a=89 b=63 c=88 imm=1  ; line 594
4709 MOVE                 R90 <- R89  ; line 594
4710 MOVE                 R91 <- R35  ; line 595
4711 CALL                 a=92 b=63 c=91 imm=1  ; line 595
4712 MOVE                 R93 <- R92  ; line 595
4713 LOAD_CONST           R94 constant[1056]  ; line 596
4714 MOVE                 R95 <- R94  ; line 596
4715 LOAD_CONST           R96 constant[1057]  ; line 597
4716 MOVE                 R97 <- R96  ; line 597
4717 COMPARE              a=97 b=21 c=98 imm=2  ; line 598
4718 JUMP_IF_FALSE        R98 -> 4872  ; line 598
4719 LOAD_CONST           R98 constant[1058]  ; line 599
4720 MOVE                 R99 <- R98  ; line 599
4721 HOST_CALL            a=100 b=22 c=99 imm=1  ; line 599
4722 MOVE                 R101 <- R100  ; line 599
4723 LOAD_CONST           R102 constant[1059]  ; line 600
4724 MOVE                 R79 <- R102  ; line 600
4725 COMPARE              a=79 b=35 c=102 imm=2  ; line 601
4726 JUMP_IF_FALSE        R102 -> 4767  ; line 601
4727 MOVE                 R102 <- R73  ; line 602
4728 MOVE                 R103 <- R79  ; line 602
4729 HOST_CALL            a=104 b=11 c=102 imm=2  ; line 602
4730 MOVE                 R105 <- R104  ; line 602
4731 LOAD_CONST           R106 constant[1060]  ; line 603
4732 MOVE                 R64 <- R106  ; line 603
4733 COMPARE              a=64 b=28 c=106 imm=2  ; line 604
4734 JUMP_IF_FALSE        R106 -> 4754  ; line 604
4735 MOVE                 R106 <- R97  ; line 605
4736 MOVE                 R107 <- R64  ; line 605
4737 ARRAY_NEW            a=108 b=106 c=2 imm=4294967295  ; line 605
4738 MOVE                 R109 <- R9  ; line 605
4739 MOVE                 R110 <- R108  ; line 605
4740 HOST_CALL            a=111 b=11 c=109 imm=2  ; line 605
4741 MOVE                 R112 <- R62  ; line 605
4742 MOVE                 R113 <- R64  ; line 605
4743 HOST_CALL            a=114 b=11 c=112 imm=2  ; line 605
4744 MOVE                 R115 <- R114  ; line 605
4745 MOVE                 R116 <- R79  ; line 605
4746 HOST_CALL            a=117 b=11 c=115 imm=2  ; line 605
4747 BINARY               a=111 b=117 c=118 imm=2  ; line 605
4748 BINARY               a=105 b=118 c=119 imm=0  ; line 605
4749 MOVE                 R105 <- R119  ; line 605
4750 LOAD_CONST           R106 constant[1061]  ; line 606
4751 BINARY               a=64 b=106 c=107 imm=0  ; line 606
4752 MOVE                 R64 <- R107  ; line 606
4753 JUMP                 -> 4733  ; line 606
4754 LOAD_CONST           R106 constant[1062]  ; line 608
4755 COMPARE              a=105 b=106 c=107 imm=2  ; line 608
4756 JUMP_IF_FALSE        R107 -> 4760  ; line 608
4757 LOAD_CONST           R106 constant[1063]  ; line 608
4758 MOVE                 R105 <- R106  ; line 608
4759 JUMP                 -> 4760  ; line 608
4760 MOVE                 R106 <- R101  ; line 609
4761 MOVE                 R107 <- R105  ; line 609
4762 HOST_CALL            a=108 b=23 c=106 imm=2  ; line 609
4763 LOAD_CONST           R106 constant[1064]  ; line 610
4764 BINARY               a=79 b=106 c=107 imm=0  ; line 610
4765 MOVE                 R79 <- R107  ; line 610
4766 JUMP                 -> 4725  ; line 610
4767 MOVE                 R106 <- R81  ; line 612
4768 LOAD_CONST           R107 constant[1065]  ; line 613
4769 MOVE                 R79 <- R107  ; line 613
4770 COMPARE              a=79 b=35 c=107 imm=2  ; line 614
4771 JUMP_IF_FALSE        R107 -> 4785  ; line 614
4772 MOVE                 R107 <- R101  ; line 615
4773 MOVE                 R108 <- R79  ; line 615
4774 HOST_CALL            a=109 b=11 c=107 imm=2  ; line 615
4775 MOVE                 R110 <- R77  ; line 615
4776 MOVE                 R111 <- R79  ; line 615
4777 HOST_CALL            a=112 b=11 c=110 imm=2  ; line 615
4778 BINARY               a=109 b=112 c=113 imm=2  ; line 615
4779 BINARY               a=106 b=113 c=114 imm=0  ; line 615
4780 MOVE                 R106 <- R114  ; line 615
4781 LOAD_CONST           R107 constant[1066]  ; line 616
4782 BINARY               a=79 b=107 c=108 imm=0  ; line 616
4783 MOVE                 R79 <- R108  ; line 616
4784 JUMP                 -> 4770  ; line 616
4785 LOAD_CONST           R107 constant[1067]  ; line 618
4786 COMPARE              a=56 b=107 c=108 imm=0  ; line 618
4787 JUMP_IF_FALSE        R108 -> 4792  ; line 618
4788 MOVE                 R107 <- R106  ; line 618
4789 CALL                 a=108 b=59 c=107 imm=1  ; line 618
4790 MOVE                 R106 <- R108  ; line 618
4791 JUMP                 -> 4792  ; line 618
4792 MOVE                 R107 <- R14  ; line 619
4793 MOVE                 R108 <- R97  ; line 619
4794 HOST_CALL            a=109 b=11 c=107 imm=2  ; line 619
4795 BINARY               a=106 b=109 c=110 imm=1  ; line 619
4796 MOVE                 R111 <- R110  ; line 619
4797 BINARY               a=95 b=111 c=112 imm=0  ; line 620
4798 MOVE                 R95 <- R112  ; line 620
4799 LOAD_CONST           R112 constant[1068]  ; line 621
4800 MOVE                 R79 <- R112  ; line 621
4801 COMPARE              a=79 b=35 c=112 imm=2  ; line 622
4802 JUMP_IF_FALSE        R112 -> 4868  ; line 622
4803 MOVE                 R112 <- R93  ; line 623
4804 MOVE                 R113 <- R79  ; line 623
4805 HOST_CALL            a=114 b=11 c=112 imm=2  ; line 623
4806 MOVE                 R115 <- R101  ; line 623
4807 MOVE                 R116 <- R79  ; line 623
4808 HOST_CALL            a=117 b=11 c=115 imm=2  ; line 623
4809 BINARY               a=111 b=117 c=118 imm=2  ; line 623
4810 BINARY               a=114 b=118 c=119 imm=0  ; line 623
4811 MOVE                 R120 <- R93  ; line 623
4812 MOVE                 R121 <- R79  ; line 623
4813 MOVE                 R122 <- R119  ; line 623
4814 HOST_CALL            a=123 b=12 c=120 imm=3  ; line 623
4815 MOVE                 R112 <- R77  ; line 624
4816 MOVE                 R113 <- R79  ; line 624
4817 HOST_CALL            a=114 b=11 c=112 imm=2  ; line 624
4818 BINARY               a=111 b=114 c=115 imm=2  ; line 624
4819 MOVE                 R116 <- R115  ; line 624
4820 MOVE                 R117 <- R101  ; line 625
4821 MOVE                 R118 <- R79  ; line 625
4822 HOST_CALL            a=119 b=11 c=117 imm=2  ; line 625
4823 LOAD_CONST           R120 constant[1069]  ; line 625
4824 COMPARE              a=119 b=120 c=121 imm=0  ; line 625
4825 JUMP_IF_FALSE        R121 -> 4829  ; line 625
4826 LOAD_CONST           R117 constant[1070]  ; line 625
4827 MOVE                 R116 <- R117  ; line 625
4828 JUMP                 -> 4829  ; line 625
4829 MOVE                 R117 <- R90  ; line 626
4830 MOVE                 R118 <- R79  ; line 626
4831 HOST_CALL            a=119 b=11 c=117 imm=2  ; line 626
4832 BINARY               a=119 b=116 c=120 imm=0  ; line 626
4833 MOVE                 R121 <- R90  ; line 626
4834 MOVE                 R122 <- R79  ; line 626
4835 MOVE                 R123 <- R120  ; line 626
4836 HOST_CALL            a=124 b=12 c=121 imm=3  ; line 626
4837 LOAD_CONST           R117 constant[1071]  ; line 627
4838 MOVE                 R64 <- R117  ; line 627
4839 COMPARE              a=64 b=28 c=117 imm=2  ; line 628
4840 JUMP_IF_FALSE        R117 -> 4864  ; line 628
4841 MOVE                 R117 <- R87  ; line 629
4842 MOVE                 R118 <- R64  ; line 629
4843 HOST_CALL            a=119 b=11 c=117 imm=2  ; line 629
4844 MOVE                 R120 <- R119  ; line 629
4845 MOVE                 R121 <- R120  ; line 630
4846 MOVE                 R122 <- R79  ; line 630
4847 HOST_CALL            a=123 b=11 c=121 imm=2  ; line 630
4848 MOVE                 R124 <- R97  ; line 630
4849 MOVE                 R125 <- R64  ; line 630
4850 ARRAY_NEW            a=126 b=124 c=2 imm=4294967295  ; line 630
4851 MOVE                 R127 <- R9  ; line 630
4852 MOVE                 R128 <- R126  ; line 630
4853 HOST_CALL            a=129 b=11 c=127 imm=2  ; line 630
4854 BINARY               a=116 b=129 c=130 imm=2  ; line 630
4855 BINARY               a=123 b=130 c=131 imm=0  ; line 630
4856 MOVE                 R132 <- R120  ; line 630
4857 MOVE                 R133 <- R79  ; line 630
4858 MOVE                 R134 <- R131  ; line 630
4859 HOST_CALL            a=135 b=12 c=132 imm=3  ; line 630
4860 LOAD_CONST           R121 constant[1072]  ; line 631
4861 BINARY               a=64 b=121 c=122 imm=0  ; line 631
4862 MOVE                 R64 <- R122  ; line 631
4863 JUMP                 -> 4839  ; line 631
4864 LOAD_CONST           R121 constant[1073]  ; line 633
4865 BINARY               a=79 b=121 c=122 imm=0  ; line 633
4866 MOVE                 R79 <- R122  ; line 633
4867 JUMP                 -> 4801  ; line 633
4868 LOAD_CONST           R121 constant[1074]  ; line 635
4869 BINARY               a=97 b=121 c=122 imm=0  ; line 635
4870 MOVE                 R97 <- R122  ; line 635
4871 JUMP                 -> 4717  ; line 635
4872 LOAD_CONST           R121 constant[1075]  ; line 637
4873 MOVE                 R79 <- R121  ; line 637
4874 COMPARE              a=79 b=35 c=121 imm=2  ; line 638
4875 JUMP_IF_FALSE        R121 -> 4935  ; line 638
4876 MOVE                 R121 <- R77  ; line 639
4877 MOVE                 R122 <- R79  ; line 639
4878 HOST_CALL            a=123 b=11 c=121 imm=2  ; line 639
4879 MOVE                 R124 <- R93  ; line 639
4880 MOVE                 R125 <- R79  ; line 639
4881 HOST_CALL            a=126 b=11 c=124 imm=2  ; line 639
4882 BINARY               a=49 b=126 c=127 imm=2  ; line 639
4883 BINARY               a=127 b=21 c=128 imm=3  ; line 639
4884 BINARY               a=123 b=128 c=129 imm=1  ; line 639
4885 MOVE                 R130 <- R77  ; line 639
4886 MOVE                 R131 <- R79  ; line 639
4887 MOVE                 R132 <- R129  ; line 639
4888 HOST_CALL            a=133 b=12 c=130 imm=3  ; line 639
4889 MOVE                 R121 <- R73  ; line 640
4890 MOVE                 R122 <- R79  ; line 640
4891 HOST_CALL            a=123 b=11 c=121 imm=2  ; line 640
4892 MOVE                 R124 <- R90  ; line 640
4893 MOVE                 R125 <- R79  ; line 640
4894 HOST_CALL            a=126 b=11 c=124 imm=2  ; line 640
4895 BINARY               a=49 b=126 c=127 imm=2  ; line 640
4896 BINARY               a=127 b=21 c=128 imm=3  ; line 640
4897 BINARY               a=123 b=128 c=129 imm=1  ; line 640
4898 MOVE                 R130 <- R73  ; line 640
4899 MOVE                 R131 <- R79  ; line 640
4900 MOVE                 R132 <- R129  ; line 640
4901 HOST_CALL            a=133 b=12 c=130 imm=3  ; line 640
4902 LOAD_CONST           R121 constant[1076]  ; line 641
4903 MOVE                 R64 <- R121  ; line 641
4904 COMPARE              a=64 b=28 c=121 imm=2  ; line 642
4905 JUMP_IF_FALSE        R121 -> 4931  ; line 642
4906 MOVE                 R121 <- R62  ; line 643
4907 MOVE                 R122 <- R64  ; line 643
4908 HOST_CALL            a=123 b=11 c=121 imm=2  ; line 643
4909 MOVE                 R124 <- R123  ; line 643
4910 MOVE                 R125 <- R87  ; line 644
4911 MOVE                 R126 <- R64  ; line 644
4912 HOST_CALL            a=127 b=11 c=125 imm=2  ; line 644
4913 MOVE                 R128 <- R127  ; line 644
4914 MOVE                 R129 <- R124  ; line 645
4915 MOVE                 R130 <- R79  ; line 645
4916 HOST_CALL            a=131 b=11 c=129 imm=2  ; line 645
4917 MOVE                 R132 <- R128  ; line 645
4918 MOVE                 R133 <- R79  ; line 645
4919 HOST_CALL            a=134 b=11 c=132 imm=2  ; line 645
4920 BINARY               a=49 b=134 c=135 imm=2  ; line 645
4921 BINARY               a=135 b=21 c=136 imm=3  ; line 645
4922 BINARY               a=131 b=136 c=137 imm=1  ; line 645
4923 MOVE                 R138 <- R124  ; line 645
4924 MOVE                 R139 <- R79  ; line 645
4925 MOVE                 R140 <- R137  ; line 645
4926 HOST_CALL            a=141 b=12 c=138 imm=3  ; line 645
4927 LOAD_CONST           R129 constant[1077]  ; line 646
4928 BINARY               a=64 b=129 c=130 imm=0  ; line 646
4929 MOVE                 R64 <- R130  ; line 646
4930 JUMP                 -> 4904  ; line 646
4931 LOAD_CONST           R129 constant[1078]  ; line 648
4932 BINARY               a=79 b=129 c=130 imm=0  ; line 648
4933 MOVE                 R79 <- R130  ; line 648
4934 JUMP                 -> 4874  ; line 648
4935 BINARY               a=49 b=95 c=129 imm=2  ; line 650
4936 BINARY               a=129 b=21 c=130 imm=3  ; line 650
4937 BINARY               a=81 b=130 c=131 imm=1  ; line 650
4938 MOVE                 R81 <- R131  ; line 650
4939 LOAD_CONST           R129 constant[1079]  ; line 651
4940 BINARY               a=83 b=129 c=130 imm=0  ; line 651
4941 MOVE                 R83 <- R130  ; line 651
4942 JUMP                 -> 4688  ; line 651
4943 LOAD_CONST           R129 constant[1080]  ; line 653
4944 LOAD_CONST           R130 constant[1081]  ; line 653
4945 LOAD_CONST           R131 constant[1082]  ; line 653
4946 LOAD_CONST           R132 constant[1083]  ; line 653
4947 LOAD_CONST           R133 constant[1084]  ; line 653
4948 LOAD_CONST           R134 constant[1085]  ; line 653
4949 LOAD_CONST           R135 constant[1086]  ; line 653
4950 MOVE                 R136 <- R62  ; line 653
4951 HOST_CALL            a=137 b=72 c=136 imm=1  ; line 653
4952 LOAD_CONST           R138 constant[1087]  ; line 653
4953 MOVE                 R139 <- R73  ; line 653
4954 HOST_CALL            a=140 b=72 c=139 imm=1  ; line 653
4955 LOAD_CONST           R141 constant[1088]  ; line 653
4956 MOVE                 R142 <- R77  ; line 653
4957 HOST_CALL            a=143 b=72 c=142 imm=1  ; line 653
4958 LOAD_CONST           R144 constant[1089]  ; line 653
4959 LOAD_CONST           R145 constant[1090]  ; line 653
4960 MOVE                 R146 <- R135  ; line 653
4961 MOVE                 R147 <- R137  ; line 653
4962 MOVE                 R148 <- R138  ; line 653
4963 MOVE                 R149 <- R140  ; line 653
4964 MOVE                 R150 <- R141  ; line 653
4965 MOVE                 R151 <- R143  ; line 653
4966 MOVE                 R152 <- R144  ; line 653
4967 MOVE                 R153 <- R81  ; line 653
4968 MOVE                 R154 <- R145  ; line 653
4969 MOVE                 R155 <- R35  ; line 653
4970 HOST_CALL            a=156 b=6 c=146 imm=10  ; line 653
4971 LOAD_CONST           R157 constant[1091]  ; line 653
4972 LOAD_CONST           R158 constant[1092]  ; line 653
4973 LOAD_CONST           R159 constant[1093]  ; line 653
4974 MOVE                 R160 <- R158  ; line 653
4975 MOVE                 R161 <- R159  ; line 653
4976 HOST_CALL            a=162 b=6 c=160 imm=2  ; line 653
4977 LOAD_CONST           R163 constant[1094]  ; line 653
4978 ARRAY_NEW            a=164 b=164 c=0 imm=4294967295  ; line 653
4979 LOAD_CONST           R165 constant[1095]  ; line 653
4980 LOAD_CONST           R166 constant[1096]  ; line 653
4981 LOAD_CONST           R167 constant[1097]  ; line 653
4982 MOVE                 R168 <- R166  ; line 653
4983 MOVE                 R169 <- R42  ; line 653
4984 MOVE                 R170 <- R167  ; line 653
4985 MOVE                 R171 <- R49  ; line 653
4986 HOST_CALL            a=172 b=6 c=168 imm=4  ; line 653
4987 LOAD_CONST           R173 constant[1098]  ; line 653
4988 LOAD_CONST           R174 constant[1099]  ; line 653
4989 LOAD_CONST           R175 constant[1100]  ; line 653
4990 MOVE                 R176 <- R9  ; line 653
4991 HOST_CALL            a=177 b=60 c=176 imm=1  ; line 653
4992 LOAD_CONST           R178 constant[1101]  ; line 653
4993 LOAD_CONST           R179 constant[1102]  ; line 653
4994 MOVE                 R180 <- R129  ; line 653
4995 MOVE                 R181 <- R130  ; line 653
4996 MOVE                 R182 <- R131  ; line 653
4997 MOVE                 R183 <- R132  ; line 653
4998 MOVE                 R184 <- R133  ; line 653
4999 MOVE                 R185 <- R56  ; line 653
5000 MOVE                 R186 <- R134  ; line 653
5001 MOVE                 R187 <- R156  ; line 653
5002 MOVE                 R188 <- R157  ; line 653
5003 MOVE                 R189 <- R162  ; line 653
5004 MOVE                 R190 <- R163  ; line 653
5005 MOVE                 R191 <- R164  ; line 653
5006 MOVE                 R192 <- R165  ; line 653
5007 MOVE                 R193 <- R172  ; line 653
5008 MOVE                 R194 <- R173  ; line 653
5009 MOVE                 R195 <- R174  ; line 653
5010 MOVE                 R196 <- R175  ; line 653
5011 MOVE                 R197 <- R177  ; line 653
5012 MOVE                 R198 <- R178  ; line 653
5013 MOVE                 R199 <- R179  ; line 653
5014 HOST_CALL            a=200 b=6 c=180 imm=20  ; line 653
5015 MOVE                 R201 <- R200  ; line 653
5016 MOVE                 R202 <- R201  ; line 660
5017 MOVE                 R203 <- R9  ; line 660
5018 CALL                 a=204 b=79 c=202 imm=2  ; line 660
5019 MOVE                 R205 <- R204  ; line 660
5020 LOAD_CONST           R206 constant[1103]  ; line 661
5021 MOVE                 R207 <- R206  ; line 661
5022 LOAD_CONST           R208 constant[1104]  ; line 662
5023 MOVE                 R209 <- R208  ; line 662
5024 COMPARE              a=209 b=21 c=210 imm=2  ; line 663
5025 JUMP_IF_FALSE        R210 -> 5041  ; line 663
5026 MOVE                 R210 <- R205  ; line 664
5027 MOVE                 R211 <- R209  ; line 664
5028 HOST_CALL            a=212 b=11 c=210 imm=2  ; line 664
5029 MOVE                 R213 <- R14  ; line 664
5030 MOVE                 R214 <- R209  ; line 664
5031 HOST_CALL            a=215 b=11 c=213 imm=2  ; line 664
5032 BINARY               a=212 b=215 c=216 imm=1  ; line 664
5033 MOVE                 R217 <- R216  ; line 664
5034 BINARY               a=217 b=217 c=218 imm=2  ; line 665
5035 BINARY               a=207 b=218 c=219 imm=0  ; line 665
5036 MOVE                 R207 <- R219  ; line 665
5037 LOAD_CONST           R218 constant[1105]  ; line 666
5038 BINARY               a=209 b=218 c=219 imm=0  ; line 666
5039 MOVE                 R209 <- R219  ; line 666
5040 JUMP                 -> 5024  ; line 666
5041 BINARY               a=207 b=21 c=218 imm=3  ; line 668
5042 MOVE                 R207 <- R218  ; line 668
5043 LOAD_CONST           R218 constant[1106]  ; line 669
5044 LOAD_CONST           R219 constant[1107]  ; line 669
5045 MOVE                 R220 <- R219  ; line 669
5046 MOVE                 R221 <- R207  ; line 669
5047 HOST_CALL            a=222 b=6 c=220 imm=2  ; line 669
5048 MOVE                 R223 <- R201  ; line 669
5049 MOVE                 R224 <- R218  ; line 669
5050 MOVE                 R225 <- R222  ; line 669
5051 HOST_CALL            a=226 b=12 c=223 imm=3  ; line 669
5052 MOVE                 R218 <- R21  ; line 670
5053 MOVE                 R219 <- R207  ; line 670
5054 CALL                 a=220 b=66 c=218 imm=2  ; line 670
5055 MOVE                 R221 <- R220  ; line 670
5056 LOAD_CONST           R222 constant[1108]  ; line 671
5057 COMPARE              a=56 b=222 c=223 imm=0  ; line 671
5058 JUMP_IF_FALSE        R223 -> 5087  ; line 671
5059 LOAD_CONST           R222 constant[1109]  ; line 672
5060 MOVE                 R223 <- R222  ; line 672
5061 HOST_CALL            a=224 b=22 c=223 imm=1  ; line 672
5062 MOVE                 R225 <- R224  ; line 672
5063 LOAD_CONST           R226 constant[1110]  ; line 673
5064 MOVE                 R209 <- R226  ; line 673
5065 COMPARE              a=209 b=21 c=226 imm=2  ; line 674
5066 JUMP_IF_FALSE        R226 -> 5083  ; line 674
5067 MOVE                 R226 <- R205  ; line 675
5068 MOVE                 R227 <- R209  ; line 675
5069 HOST_CALL            a=228 b=11 c=226 imm=2  ; line 675
5070 LOAD_CONST           R229 constant[1111]  ; line 675
5071 MOVE                 R230 <- R205  ; line 675
5072 MOVE                 R231 <- R209  ; line 675
5073 HOST_CALL            a=232 b=11 c=230 imm=2  ; line 675
5074 BINARY               a=229 b=232 c=233 imm=1  ; line 675
5075 BINARY               a=228 b=233 c=234 imm=2  ; line 675
5076 MOVE                 R235 <- R225  ; line 675
5077 MOVE                 R236 <- R234  ; line 675
5078 HOST_CALL            a=237 b=23 c=235 imm=2  ; line 675
5079 LOAD_CONST           R226 constant[1112]  ; line 676
5080 BINARY               a=209 b=226 c=227 imm=0  ; line 676
5081 MOVE                 R209 <- R227  ; line 676
5082 JUMP                 -> 5065  ; line 676
5083 MOVE                 R226 <- R225  ; line 678
5084 HOST_CALL            a=227 b=72 c=226 imm=1  ; line 678
5085 MOVE                 R221 <- R227  ; line 678
5086 JUMP                 -> 5087  ; line 678
5087 MOVE                 R226 <- R205  ; line 680
5088 HOST_CALL            a=227 b=72 c=226 imm=1  ; line 680
5089 LOAD_CONST           R228 constant[1113]  ; line 680
5090 LOAD_CONST           R229 constant[1114]  ; line 680
5091 MOVE                 R230 <- R228  ; line 680
5092 MOVE                 R231 <- R207  ; line 680
5093 MOVE                 R232 <- R229  ; line 680
5094 MOVE                 R233 <- R21  ; line 680
5095 HOST_CALL            a=234 b=6 c=230 imm=4  ; line 680
5096 LOAD_CONST           R235 constant[1115]  ; line 680
5097 LOAD_CONST           R236 constant[1116]  ; line 680
5098 LOAD_CONST           R237 constant[1117]  ; line 680
5099 MOVE                 R238 <- R236  ; line 680
5100 MOVE                 R239 <- R237  ; line 680
5101 ARRAY_NEW            a=240 b=238 c=2 imm=4294967295  ; line 680
5102 MOVE                 R241 <- R201  ; line 680
5103 MOVE                 R242 <- R227  ; line 680
5104 MOVE                 R243 <- R221  ; line 680
5105 MOVE                 R244 <- R234  ; line 680
5106 MOVE                 R245 <- R235  ; line 680
5107 MOVE                 R246 <- R240  ; line 680
5108 CALL                 a=247 b=68 c=241 imm=6  ; line 680
5109 RETURN               R247  ; line 680
5110 LOAD_CONST           R248 constant[1118]  ; line 680
5111 RETURN               R248  ; line 680
5112 LOAD_CONST           R4 constant[1119]  ; line 686
5113 MOVE                 R5 <- R4  ; line 686
5114 HOST_CALL            a=6 b=22 c=5 imm=1  ; line 686
5115 MOVE                 R7 <- R6  ; line 686
5116 LOAD_CONST           R8 constant[1120]  ; line 687
5117 MOVE                 R9 <- R8  ; line 687
5118 COMPARE              a=9 b=0 c=10 imm=2  ; line 688
5119 JUMP_IF_FALSE        R10 -> 5155  ; line 688
5120 LOAD_CONST           R10 constant[1121]  ; line 689
5121 MOVE                 R11 <- R10  ; line 689
5122 HOST_CALL            a=12 b=22 c=11 imm=1  ; line 689
5123 MOVE                 R13 <- R12  ; line 689
5124 LOAD_CONST           R14 constant[1122]  ; line 690
5125 MOVE                 R15 <- R14  ; line 690
5126 COMPARE              a=15 b=1 c=16 imm=2  ; line 691
5127 JUMP_IF_FALSE        R16 -> 5148  ; line 691
5128 LOAD_CONST           R16 constant[1123]  ; line 692
5129 BINARY               a=9 b=16 c=17 imm=0  ; line 692
5130 LOAD_CONST           R18 constant[1124]  ; line 692
5131 BINARY               a=15 b=18 c=19 imm=0  ; line 692
5132 BINARY               a=17 b=19 c=20 imm=2  ; line 692
5133 LOAD_CONST           R21 constant[1125]  ; line 692
5134 MOVE                 R22 <- R20  ; line 692
5135 MOVE                 R23 <- R21  ; line 692
5136 CALL                 a=24 b=57 c=22 imm=2  ; line 692
5137 LOAD_CONST           R25 constant[1126]  ; line 692
5138 BINARY               a=24 b=25 c=26 imm=1  ; line 692
5139 LOAD_CONST           R27 constant[1127]  ; line 692
5140 BINARY               a=26 b=27 c=28 imm=2  ; line 692
5141 MOVE                 R29 <- R13  ; line 692
5142 MOVE                 R30 <- R28  ; line 692
5143 HOST_CALL            a=31 b=23 c=29 imm=2  ; line 692
5144 LOAD_CONST           R16 constant[1128]  ; line 693
5145 BINARY               a=15 b=16 c=17 imm=0  ; line 693
5146 MOVE                 R15 <- R17  ; line 693
5147 JUMP                 -> 5126  ; line 693
5148 MOVE                 R16 <- R7  ; line 695
5149 MOVE                 R17 <- R13  ; line 695
5150 HOST_CALL            a=18 b=23 c=16 imm=2  ; line 695
5151 LOAD_CONST           R16 constant[1129]  ; line 696
5152 BINARY               a=9 b=16 c=17 imm=0  ; line 696
5153 MOVE                 R9 <- R17  ; line 696
5154 JUMP                 -> 5118  ; line 696
5155 LOAD_CONST           R16 constant[1130]  ; line 698
5156 MOVE                 R17 <- R16  ; line 698
5157 HOST_CALL            a=18 b=22 c=17 imm=1  ; line 698
5158 MOVE                 R19 <- R18  ; line 698
5159 LOAD_CONST           R20 constant[1131]  ; line 699
5160 MOVE                 R21 <- R20  ; line 699
5161 COMPARE              a=21 b=1 c=22 imm=2  ; line 700
5162 JUMP_IF_FALSE        R22 -> 5180  ; line 700
5163 LOAD_CONST           R22 constant[1132]  ; line 701
5164 BINARY               a=21 b=22 c=23 imm=0  ; line 701
5165 LOAD_CONST           R24 constant[1133]  ; line 701
5166 MOVE                 R25 <- R23  ; line 701
5167 MOVE                 R26 <- R24  ; line 701
5168 CALL                 a=27 b=57 c=25 imm=2  ; line 701
5169 LOAD_CONST           R28 constant[1134]  ; line 701
5170 BINARY               a=27 b=28 c=29 imm=1  ; line 701
5171 LOAD_CONST           R30 constant[1135]  ; line 701
5172 BINARY               a=29 b=30 c=31 imm=2  ; line 701
5173 MOVE                 R32 <- R19  ; line 701
5174 MOVE                 R33 <- R31  ; line 701
5175 HOST_CALL            a=34 b=23 c=32 imm=2  ; line 701
5176 LOAD_CONST           R22 constant[1136]  ; line 702
5177 BINARY               a=21 b=22 c=23 imm=0  ; line 702
5178 MOVE                 R21 <- R23  ; line 702
5179 JUMP                 -> 5161  ; line 702
5180 LOAD_CONST           R22 constant[1137]  ; line 704
5181 MOVE                 R23 <- R7  ; line 704
5182 HOST_CALL            a=24 b=72 c=23 imm=1  ; line 704
5183 MOVE                 R25 <- R24  ; line 704
5184 MOVE                 R26 <- R2  ; line 704
5185 MOVE                 R27 <- R3  ; line 704
5186 CALL                 a=28 b=119 c=25 imm=3  ; line 704
5187 LOAD_CONST           R29 constant[1138]  ; line 704
5188 MOVE                 R30 <- R1  ; line 704
5189 CALL                 a=31 b=63 c=30 imm=1  ; line 704
5190 MOVE                 R32 <- R31  ; line 704
5191 HOST_CALL            a=33 b=72 c=32 imm=1  ; line 704
5192 MOVE                 R34 <- R33  ; line 704
5193 MOVE                 R35 <- R2  ; line 704
5194 MOVE                 R36 <- R3  ; line 704
5195 CALL                 a=37 b=119 c=34 imm=3  ; line 704
5196 LOAD_CONST           R38 constant[1139]  ; line 704
5197 MOVE                 R39 <- R19  ; line 704
5198 HOST_CALL            a=40 b=72 c=39 imm=1  ; line 704
5199 MOVE                 R41 <- R40  ; line 704
5200 MOVE                 R42 <- R2  ; line 704
5201 MOVE                 R43 <- R3  ; line 704
5202 CALL                 a=44 b=119 c=41 imm=3  ; line 704
5203 LOAD_CONST           R45 constant[1140]  ; line 704
5204 LOAD_CONST           R46 constant[1141]  ; line 704
5205 MOVE                 R47 <- R22  ; line 704
5206 MOVE                 R48 <- R28  ; line 704
5207 MOVE                 R49 <- R29  ; line 704
5208 MOVE                 R50 <- R37  ; line 704
5209 MOVE                 R51 <- R38  ; line 704
5210 MOVE                 R52 <- R44  ; line 704
5211 MOVE                 R53 <- R45  ; line 704
5212 MOVE                 R54 <- R46  ; line 704
5213 HOST_CALL            a=55 b=6 c=47 imm=8  ; line 704
5214 RETURN               R55  ; line 704
5215 LOAD_CONST           R56 constant[1142]  ; line 704
5216 RETURN               R56  ; line 704
5217 MOVE                 R8 <- R0  ; line 710
5218 HOST_CALL            a=9 b=61 c=8 imm=1  ; line 710
5219 LOAD_CONST           R10 constant[1143]  ; line 710
5220 MOVE                 R11 <- R9  ; line 710
5221 MOVE                 R12 <- R10  ; line 710
5222 HOST_CALL            a=13 b=11 c=11 imm=2  ; line 710
5223 MOVE                 R14 <- R13  ; line 710
5224 MOVE                 R15 <- R0  ; line 711
5225 HOST_CALL            a=16 b=184 c=15 imm=1  ; line 711
5226 MOVE                 R17 <- R16  ; line 711
5227 HOST_CALL            a=18 b=168 c=17 imm=1  ; line 711
5228 MOVE                 R19 <- R0  ; line 711
5229 HOST_CALL            a=20 b=60 c=19 imm=1  ; line 711
5230 MOVE                 R21 <- R18  ; line 711
5231 MOVE                 R22 <- R20  ; line 711
5232 MOVE                 R23 <- R7  ; line 711
5233 CALL                 a=24 b=119 c=21 imm=3  ; line 711
5234 MOVE                 R25 <- R24  ; line 711
5235 LOAD_CONST           R26 constant[1144]  ; line 712
5236 MOVE                 R27 <- R2  ; line 712
5237 MOVE                 R28 <- R26  ; line 712
5238 HOST_CALL            a=29 b=11 c=27 imm=2  ; line 712
5239 MOVE                 R30 <- R29  ; line 712
5240 LOAD_CONST           R31 constant[1145]  ; line 713
5241 MOVE                 R32 <- R2  ; line 713
5242 MOVE                 R33 <- R31  ; line 713
5243 HOST_CALL            a=34 b=11 c=32 imm=2  ; line 713
5244 MOVE                 R35 <- R34  ; line 713
5245 LOAD_CONST           R36 constant[1146]  ; line 714
5246 MOVE                 R37 <- R2  ; line 714
5247 MOVE                 R38 <- R36  ; line 714
5248 HOST_CALL            a=39 b=11 c=37 imm=2  ; line 714
5249 MOVE                 R40 <- R39  ; line 714
5250 LOAD_CONST           R41 constant[1147]  ; line 715
5251 MOVE                 R42 <- R2  ; line 715
5252 MOVE                 R43 <- R41  ; line 715
5253 HOST_CALL            a=44 b=11 c=42 imm=2  ; line 715
5254 MOVE                 R45 <- R44  ; line 715
5255 LOAD_CONST           R46 constant[1148]  ; line 716
5256 MOVE                 R47 <- R46  ; line 716
5257 COMPARE              a=47 b=4 c=48 imm=2  ; line 717
5258 JUMP_IF_FALSE        R48 -> 5350  ; line 717
5259 MOVE                 R48 <- R0  ; line 718
5260 MOVE                 R49 <- R30  ; line 718
5261 HOST_CALL            a=50 b=67 c=48 imm=2  ; line 718
5262 BINARY               a=50 b=35 c=51 imm=0  ; line 718
5263 MOVE                 R52 <- R51  ; line 718
5264 HOST_CALL            a=53 b=172 c=52 imm=1  ; line 718
5265 MOVE                 R54 <- R53  ; line 718
5266 MOVE                 R55 <- R54  ; line 719
5267 MOVE                 R56 <- R40  ; line 719
5268 HOST_CALL            a=57 b=67 c=55 imm=2  ; line 719
5269 BINARY               a=57 b=45 c=58 imm=0  ; line 719
5270 MOVE                 R59 <- R58  ; line 719
5271 LOAD_CONST           R60 constant[1149]  ; line 720
5272 COMPARE              a=6 b=60 c=61 imm=0  ; line 720
5273 JUMP_IF_FALSE        R61 -> 5282  ; line 720
5274 MOVE                 R60 <- R59  ; line 721
5275 HOST_CALL            a=61 b=169 c=60 imm=1  ; line 721
5276 MOVE                 R62 <- R61  ; line 721
5277 LOAD_CONST           R63 constant[1150]  ; line 722
5278 BINARY               a=62 b=63 c=64 imm=0  ; line 722
5279 BINARY               a=62 b=64 c=65 imm=3  ; line 722
5280 MOVE                 R59 <- R65  ; line 722
5281 JUMP                 -> 5282  ; line 722
5282 BINARY               a=59 b=1 c=63 imm=1  ; line 724
5283 MOVE                 R64 <- R63  ; line 724
5284 MOVE                 R65 <- R54  ; line 725
5285 HOST_CALL            a=66 b=168 c=65 imm=1  ; line 725
5286 MOVE                 R67 <- R66  ; line 725
5287 MOVE                 R68 <- R64  ; line 725
5288 HOST_CALL            a=69 b=67 c=67 imm=2  ; line 725
5289 BINARY               a=69 b=14 c=70 imm=3  ; line 725
5290 MOVE                 R71 <- R70  ; line 725
5291 LOAD_CONST           R72 constant[1151]  ; line 726
5292 MOVE                 R73 <- R14  ; line 726
5293 MOVE                 R74 <- R72  ; line 726
5294 ARRAY_NEW            a=75 b=73 c=2 imm=4294967295  ; line 726
5295 MOVE                 R76 <- R64  ; line 726
5296 MOVE                 R77 <- R75  ; line 726
5297 HOST_CALL            a=78 b=167 c=76 imm=2  ; line 726
5298 LOAD_CONST           R79 constant[1152]  ; line 726
5299 MOVE                 R80 <- R79  ; line 726
5300 MOVE                 R81 <- R3  ; line 726
5301 ARRAY_NEW            a=82 b=80 c=2 imm=4294967295  ; line 726
5302 MOVE                 R83 <- R40  ; line 726
5303 MOVE                 R84 <- R82  ; line 726
5304 HOST_CALL            a=85 b=167 c=83 imm=2  ; line 726
5305 BINARY               a=78 b=85 c=86 imm=2  ; line 726
5306 MOVE                 R87 <- R86  ; line 726
5307 LOAD_CONST           R88 constant[1153]  ; line 727
5308 BINARY               a=54 b=88 c=89 imm=2  ; line 727
5309 LOAD_CONST           R90 constant[1154]  ; line 727
5310 MOVE                 R91 <- R54  ; line 727
5311 MOVE                 R92 <- R89  ; line 727
5312 MOVE                 R93 <- R90  ; line 727
5313 HOST_CALL            a=94 b=176 c=91 imm=3  ; line 727
5314 MOVE                 R95 <- R94  ; line 727
5315 LOAD_CONST           R96 constant[1155]  ; line 728
5316 BINARY               a=87 b=96 c=97 imm=2  ; line 728
5317 MOVE                 R98 <- R95  ; line 728
5318 MOVE                 R99 <- R87  ; line 728
5319 MOVE                 R100 <- R97  ; line 728
5320 HOST_CALL            a=101 b=177 c=98 imm=3  ; line 728
5321 MOVE                 R87 <- R101  ; line 728
5322 MOVE                 R96 <- R25  ; line 729
5323 MOVE                 R97 <- R87  ; line 729
5324 HOST_CALL            a=98 b=67 c=96 imm=2  ; line 729
5325 BINARY               a=98 b=14 c=99 imm=3  ; line 729
5326 MOVE                 R100 <- R99  ; line 729
5327 LOAD_CONST           R101 constant[1156]  ; line 730
5328 MOVE                 R102 <- R87  ; line 730
5329 MOVE                 R103 <- R101  ; line 730
5330 HOST_CALL            a=104 b=69 c=102 imm=2  ; line 730
5331 MOVE                 R105 <- R104  ; line 730
5332 BINARY               a=71 b=5 c=106 imm=2  ; line 731
5333 BINARY               a=40 b=106 c=107 imm=1  ; line 731
5334 MOVE                 R40 <- R107  ; line 731
5335 BINARY               a=100 b=5 c=106 imm=2  ; line 732
5336 BINARY               a=30 b=106 c=107 imm=1  ; line 732
5337 MOVE                 R30 <- R107  ; line 732
5338 BINARY               a=105 b=5 c=106 imm=2  ; line 733
5339 BINARY               a=35 b=106 c=107 imm=1  ; line 733
5340 MOVE                 R35 <- R107  ; line 733
5341 MOVE                 R106 <- R64  ; line 734
5342 HOST_CALL            a=107 b=69 c=106 imm=1  ; line 734
5343 BINARY               a=5 b=107 c=108 imm=2  ; line 734
5344 BINARY               a=45 b=108 c=109 imm=1  ; line 734
5345 MOVE                 R45 <- R109  ; line 734
5346 LOAD_CONST           R106 constant[1157]  ; line 735
5347 BINARY               a=47 b=106 c=107 imm=0  ; line 735
5348 MOVE                 R47 <- R107  ; line 735
5349 JUMP                 -> 5257  ; line 735
5350 LOAD_CONST           R106 constant[1158]  ; line 737
5351 LOAD_CONST           R107 constant[1159]  ; line 737
5352 LOAD_CONST           R108 constant[1160]  ; line 737
5353 LOAD_CONST           R109 constant[1161]  ; line 737
5354 MOVE                 R110 <- R106  ; line 737
5355 MOVE                 R111 <- R30  ; line 737
5356 MOVE                 R112 <- R107  ; line 737
5357 MOVE                 R113 <- R35  ; line 737
5358 MOVE                 R114 <- R108  ; line 737
5359 MOVE                 R115 <- R40  ; line 737
5360 MOVE                 R116 <- R109  ; line 737
5361 MOVE                 R117 <- R45  ; line 737
5362 HOST_CALL            a=118 b=6 c=110 imm=8  ; line 737
5363 RETURN               R118  ; line 737
5364 LOAD_CONST           R119 constant[1162]  ; line 737
5365 RETURN               R119  ; line 737
5366 MOVE                 R2 <- R0  ; line 741
5367 CALL                 a=3 b=64 c=2 imm=1  ; line 741
5368 MOVE                 R4 <- R3  ; line 741
5369 LOAD_CONST           R5 constant[1163]  ; line 742
5370 COMPARE              a=4 b=5 c=6 imm=1  ; line 742
5371 JUMP_IF_FALSE        R6 -> 5380  ; line 742
5372 LOAD_CONST           R5 constant[1164]  ; line 742
5373 LOAD_CONST           R6 constant[1165]  ; line 742
5374 MOVE                 R7 <- R5  ; line 742
5375 MOVE                 R8 <- R4  ; line 742
5376 MOVE                 R9 <- R6  ; line 742
5377 CALL                 a=10 b=53 c=7 imm=3  ; line 742
5378 RETURN               R10  ; line 742
5379 JUMP                 -> 5380  ; line 742
5380 LOAD_CONST           R5 constant[1166]  ; line 743
5381 MOVE                 R6 <- R0  ; line 743
5382 MOVE                 R7 <- R5  ; line 743
5383 HOST_CALL            a=8 b=11 c=6 imm=2  ; line 743
5384 MOVE                 R9 <- R8  ; line 743
5385 LOAD_CONST           R10 constant[1167]  ; line 744
5386 MOVE                 R11 <- R0  ; line 744
5387 MOVE                 R12 <- R10  ; line 744
5388 HOST_CALL            a=13 b=11 c=11 imm=2  ; line 744
5389 MOVE                 R14 <- R13  ; line 744
5390 MOVE                 R15 <- R9  ; line 745
5391 HOST_CALL            a=16 b=61 c=15 imm=1  ; line 745
5392 LOAD_CONST           R17 constant[1168]  ; line 745
5393 MOVE                 R18 <- R16  ; line 745
5394 MOVE                 R19 <- R17  ; line 745
5395 HOST_CALL            a=20 b=11 c=18 imm=2  ; line 745
5396 MOVE                 R21 <- R20  ; line 745
5397 MOVE                 R22 <- R9  ; line 746
5398 HOST_CALL            a=23 b=61 c=22 imm=1  ; line 746
5399 LOAD_CONST           R24 constant[1169]  ; line 746
5400 MOVE                 R25 <- R23  ; line 746
5401 MOVE                 R26 <- R24  ; line 746
5402 HOST_CALL            a=27 b=11 c=25 imm=2  ; line 746
5403 MOVE                 R28 <- R27  ; line 746
5404 LOAD_CONST           R29 constant[1170]  ; line 747
5405 LOAD_CONST           R30 constant[1171]  ; line 747
5406 MOVE                 R31 <- R1  ; line 747
5407 MOVE                 R32 <- R29  ; line 747
5408 MOVE                 R33 <- R30  ; line 747
5409 CALL                 a=34 b=54 c=31 imm=3  ; line 747
5410 MOVE                 R35 <- R34  ; line 747
5411 LOAD_CONST           R36 constant[1172]  ; line 748
5412 LOAD_CONST           R37 constant[1173]  ; line 748
5413 MOVE                 R38 <- R1  ; line 748
5414 MOVE                 R39 <- R36  ; line 748
5415 MOVE                 R40 <- R37  ; line 748
5416 CALL                 a=41 b=54 c=38 imm=3  ; line 748
5417 MOVE                 R42 <- R41  ; line 748
5418 LOAD_CONST           R43 constant[1174]  ; line 749
5419 LOAD_CONST           R44 constant[1175]  ; line 749
5420 MOVE                 R45 <- R1  ; line 749
5421 MOVE                 R46 <- R43  ; line 749
5422 MOVE                 R47 <- R44  ; line 749
5423 CALL                 a=48 b=54 c=45 imm=3  ; line 749
5424 MOVE                 R49 <- R48  ; line 749
5425 LOAD_CONST           R50 constant[1176]  ; line 750
5426 LOAD_CONST           R51 constant[1177]  ; line 750
5427 MOVE                 R52 <- R1  ; line 750
5428 MOVE                 R53 <- R50  ; line 750
5429 MOVE                 R54 <- R51  ; line 750
5430 CALL                 a=55 b=54 c=52 imm=3  ; line 750
5431 MOVE                 R56 <- R55  ; line 750
5432 LOAD_CONST           R57 constant[1178]  ; line 751
5433 COMPARE              a=35 b=57 c=58 imm=2  ; line 751
5434 JUMP_IF_FALSE        R58 -> 5444  ; line 751
5435 LOAD_CONST           R57 constant[1179]  ; line 751
5436 LOAD_CONST           R58 constant[1180]  ; line 751
5437 LOAD_CONST           R59 constant[1181]  ; line 751
5438 MOVE                 R60 <- R57  ; line 751
5439 MOVE                 R61 <- R58  ; line 751
5440 MOVE                 R62 <- R59  ; line 751
5441 CALL                 a=63 b=53 c=60 imm=3  ; line 751
5442 RETURN               R63  ; line 751
5443 JUMP                 -> 5444  ; line 751
5444 LOAD_CONST           R57 constant[1182]  ; line 752
5445 COMPARE              a=42 b=57 c=58 imm=2  ; line 752
5446 JUMP_IF_FALSE        R58 -> 5456  ; line 752
5447 LOAD_CONST           R57 constant[1183]  ; line 752
5448 LOAD_CONST           R58 constant[1184]  ; line 752
5449 LOAD_CONST           R59 constant[1185]  ; line 752
5450 MOVE                 R60 <- R57  ; line 752
5451 MOVE                 R61 <- R58  ; line 752
5452 MOVE                 R62 <- R59  ; line 752
5453 CALL                 a=63 b=53 c=60 imm=3  ; line 752
5454 RETURN               R63  ; line 752
5455 JUMP                 -> 5456  ; line 752
5456 LOAD_CONST           R57 constant[1186]  ; line 753
5457 COMPARE              a=49 b=57 c=58 imm=3  ; line 753
5458 JUMP_IF_FALSE        R58 -> 5468  ; line 753
5459 LOAD_CONST           R57 constant[1187]  ; line 753
5460 LOAD_CONST           R58 constant[1188]  ; line 753
5461 LOAD_CONST           R59 constant[1189]  ; line 753
5462 MOVE                 R60 <- R57  ; line 753
5463 MOVE                 R61 <- R58  ; line 753
5464 MOVE                 R62 <- R59  ; line 753
5465 CALL                 a=63 b=53 c=60 imm=3  ; line 753
5466 RETURN               R63  ; line 753
5467 JUMP                 -> 5468  ; line 753
5468 LOAD_CONST           R57 constant[1190]  ; line 754
5469 COMPARE              a=56 b=57 c=58 imm=1  ; line 754
5470 JUMP_IF_FALSE        R58 -> 5484  ; line 754
5471 LOAD_CONST           R57 constant[1191]  ; line 755
5472 COMPARE              a=56 b=57 c=58 imm=1  ; line 755
5473 JUMP_IF_FALSE        R58 -> 5483  ; line 755
5474 LOAD_CONST           R57 constant[1192]  ; line 755
5475 LOAD_CONST           R58 constant[1193]  ; line 755
5476 LOAD_CONST           R59 constant[1194]  ; line 755
5477 MOVE                 R60 <- R57  ; line 755
5478 MOVE                 R61 <- R58  ; line 755
5479 MOVE                 R62 <- R59  ; line 755
5480 CALL                 a=63 b=53 c=60 imm=3  ; line 755
5481 RETURN               R63  ; line 755
5482 JUMP                 -> 5483  ; line 755
5483 JUMP                 -> 5484  ; line 755
5484 LOAD_CONST           R57 constant[1195]  ; line 757
5485 MOVE                 R58 <- R1  ; line 757
5486 MOVE                 R59 <- R57  ; line 757
5487 HOST_CALL            a=60 b=11 c=58 imm=2  ; line 757
5488 MOVE                 R61 <- R60  ; line 757
5489 MOVE                 R62 <- R9  ; line 758
5490 HOST_CALL            a=63 b=60 c=62 imm=1  ; line 758
5491 MOVE                 R64 <- R28  ; line 758
5492 MOVE                 R65 <- R35  ; line 758
5493 MOVE                 R66 <- R63  ; line 758
5494 MOVE                 R67 <- R61  ; line 758
5495 CALL                 a=68 b=76 c=64 imm=4  ; line 758
5496 MOVE                 R69 <- R68  ; line 758
5497 MOVE                 R70 <- R9  ; line 759
5498 MOVE                 R71 <- R14  ; line 759
5499 MOVE                 R72 <- R69  ; line 759
5500 MOVE                 R73 <- R35  ; line 759
5501 MOVE                 R74 <- R42  ; line 759
5502 MOVE                 R75 <- R49  ; line 759
5503 MOVE                 R76 <- R56  ; line 759
5504 MOVE                 R77 <- R61  ; line 759
5505 CALL                 a=78 b=77 c=70 imm=8  ; line 759
5506 MOVE                 R79 <- R78  ; line 759
5507 LOAD_CONST           R80 constant[1196]  ; line 760
5508 MOVE                 R81 <- R79  ; line 760
5509 MOVE                 R82 <- R80  ; line 760
5510 HOST_CALL            a=83 b=11 c=81 imm=2  ; line 760
5511 MOVE                 R84 <- R9  ; line 760
5512 MOVE                 R85 <- R83  ; line 760
5513 HOST_CALL            a=86 b=67 c=84 imm=2  ; line 760
5514 LOAD_CONST           R87 constant[1197]  ; line 760
5515 MOVE                 R88 <- R79  ; line 760
5516 MOVE                 R89 <- R87  ; line 760
5517 HOST_CALL            a=90 b=11 c=88 imm=2  ; line 760
5518 BINARY               a=86 b=90 c=91 imm=0  ; line 760
5519 MOVE                 R92 <- R91  ; line 760
5520 HOST_CALL            a=93 b=172 c=92 imm=1  ; line 760
5521 MOVE                 R94 <- R93  ; line 760
5522 LOAD_CONST           R95 constant[1198]  ; line 761
5523 MOVE                 R96 <- R79  ; line 761
5524 MOVE                 R97 <- R95  ; line 761
5525 HOST_CALL            a=98 b=11 c=96 imm=2  ; line 761
5526 MOVE                 R99 <- R94  ; line 761
5527 MOVE                 R100 <- R98  ; line 761
5528 HOST_CALL            a=101 b=67 c=99 imm=2  ; line 761
5529 LOAD_CONST           R102 constant[1199]  ; line 761
5530 MOVE                 R103 <- R79  ; line 761
5531 MOVE                 R104 <- R102  ; line 761
5532 HOST_CALL            a=105 b=11 c=103 imm=2  ; line 761
5533 BINARY               a=101 b=105 c=106 imm=0  ; line 761
5534 MOVE                 R107 <- R106  ; line 761
5535 LOAD_CONST           R108 constant[1200]  ; line 762
5536 COMPARE              a=56 b=108 c=109 imm=0  ; line 762
5537 JUMP_IF_FALSE        R109 -> 5546  ; line 762
5538 MOVE                 R108 <- R107  ; line 763
5539 HOST_CALL            a=109 b=169 c=108 imm=1  ; line 763
5540 MOVE                 R110 <- R109  ; line 763
5541 LOAD_CONST           R111 constant[1201]  ; line 764
5542 BINARY               a=110 b=111 c=112 imm=0  ; line 764
5543 BINARY               a=110 b=112 c=113 imm=3  ; line 764
5544 MOVE                 R107 <- R113  ; line 764
5545 JUMP                 -> 5546  ; line 764
5546 MOVE                 R111 <- R107  ; line 766
5547 HOST_CALL            a=112 b=184 c=111 imm=1  ; line 766
5548 MOVE                 R113 <- R112  ; line 766
5549 MOVE                 R114 <- R14  ; line 767
5550 HOST_CALL            a=115 b=184 c=114 imm=1  ; line 767
5551 BINARY               a=113 b=115 c=116 imm=1  ; line 767
5552 MOVE                 R117 <- R14  ; line 767
5553 HOST_CALL            a=118 b=184 c=117 imm=1  ; line 767
5554 BINARY               a=113 b=118 c=119 imm=1  ; line 767
5555 BINARY               a=116 b=119 c=120 imm=2  ; line 767
5556 MOVE                 R121 <- R120  ; line 767
5557 HOST_CALL            a=122 b=69 c=121 imm=1  ; line 767
5558 MOVE                 R123 <- R122  ; line 767
5559 MOVE                 R124 <- R21  ; line 768
5560 MOVE                 R125 <- R123  ; line 768
5561 CALL                 a=126 b=66 c=124 imm=2  ; line 768
5562 MOVE                 R127 <- R126  ; line 768
5563 LOAD_CONST           R128 constant[1202]  ; line 769
5564 COMPARE              a=56 b=128 c=129 imm=0  ; line 769
5565 JUMP_IF_FALSE        R129 -> 5576  ; line 769
5566 LOAD_CONST           R128 constant[1203]  ; line 770
5567 UNARY                a=128 b=129 c=4294967295 imm=0  ; line 770
5568 BINARY               a=107 b=129 c=130 imm=2  ; line 770
5569 LOAD_CONST           R131 constant[1204]  ; line 770
5570 BINARY               a=130 b=131 c=132 imm=0  ; line 770
5571 BINARY               a=107 b=132 c=133 imm=2  ; line 770
5572 MOVE                 R134 <- R133  ; line 770
5573 HOST_CALL            a=135 b=184 c=134 imm=1  ; line 770
5574 MOVE                 R127 <- R135  ; line 770
5575 JUMP                 -> 5576  ; line 770
5576 LOAD_CONST           R128 constant[1205]  ; line 772
5577 LOAD_CONST           R129 constant[1206]  ; line 772
5578 LOAD_CONST           R130 constant[1207]  ; line 772
5579 LOAD_CONST           R131 constant[1208]  ; line 772
5580 LOAD_CONST           R132 constant[1209]  ; line 772
5581 LOAD_CONST           R133 constant[1210]  ; line 772
5582 LOAD_CONST           R134 constant[1211]  ; line 772
5583 LOAD_CONST           R135 constant[1212]  ; line 772
5584 MOVE                 R136 <- R79  ; line 772
5585 MOVE                 R137 <- R135  ; line 772
5586 HOST_CALL            a=138 b=11 c=136 imm=2  ; line 772
5587 LOAD_CONST           R139 constant[1213]  ; line 772
5588 LOAD_CONST           R140 constant[1214]  ; line 772
5589 MOVE                 R141 <- R79  ; line 772
5590 MOVE                 R142 <- R140  ; line 772
5591 HOST_CALL            a=143 b=11 c=141 imm=2  ; line 772
5592 LOAD_CONST           R144 constant[1215]  ; line 772
5593 LOAD_CONST           R145 constant[1216]  ; line 772
5594 MOVE                 R146 <- R79  ; line 772
5595 MOVE                 R147 <- R145  ; line 772
5596 HOST_CALL            a=148 b=11 c=146 imm=2  ; line 772
5597 LOAD_CONST           R149 constant[1217]  ; line 772
5598 LOAD_CONST           R150 constant[1218]  ; line 772
5599 MOVE                 R151 <- R79  ; line 772
5600 MOVE                 R152 <- R150  ; line 772
5601 HOST_CALL            a=153 b=11 c=151 imm=2  ; line 772
5602 LOAD_CONST           R154 constant[1219]  ; line 772
5603 MOVE                 R155 <- R134  ; line 772
5604 MOVE                 R156 <- R138  ; line 772
5605 MOVE                 R157 <- R139  ; line 772
5606 MOVE                 R158 <- R143  ; line 772
5607 MOVE                 R159 <- R144  ; line 772
5608 MOVE                 R160 <- R148  ; line 772
5609 MOVE                 R161 <- R149  ; line 772
5610 MOVE                 R162 <- R153  ; line 772
5611 MOVE                 R163 <- R154  ; line 772
5612 MOVE                 R164 <- R35  ; line 772
5613 HOST_CALL            a=165 b=6 c=155 imm=10  ; line 772
5614 LOAD_CONST           R166 constant[1220]  ; line 772
5615 LOAD_CONST           R167 constant[1221]  ; line 772
5616 MOVE                 R168 <- R167  ; line 772
5617 MOVE                 R169 <- R123  ; line 772
5618 HOST_CALL            a=170 b=6 c=168 imm=2  ; line 772
5619 LOAD_CONST           R171 constant[1222]  ; line 772
5620 ARRAY_NEW            a=172 b=172 c=0 imm=4294967295  ; line 772
5621 LOAD_CONST           R173 constant[1223]  ; line 772
5622 LOAD_CONST           R174 constant[1224]  ; line 772
5623 LOAD_CONST           R175 constant[1225]  ; line 772
5624 MOVE                 R176 <- R174  ; line 772
5625 MOVE                 R177 <- R42  ; line 772
5626 MOVE                 R178 <- R175  ; line 772
5627 MOVE                 R179 <- R49  ; line 772
5628 HOST_CALL            a=180 b=6 c=176 imm=4  ; line 772
5629 LOAD_CONST           R181 constant[1226]  ; line 772
5630 LOAD_CONST           R182 constant[1227]  ; line 772
5631 LOAD_CONST           R183 constant[1228]  ; line 772
5632 MOVE                 R184 <- R9  ; line 772
5633 HOST_CALL            a=185 b=60 c=184 imm=1  ; line 772
5634 LOAD_CONST           R186 constant[1229]  ; line 772
5635 LOAD_CONST           R187 constant[1230]  ; line 772
5636 MOVE                 R188 <- R128  ; line 772
5637 MOVE                 R189 <- R129  ; line 772
5638 MOVE                 R190 <- R130  ; line 772
5639 MOVE                 R191 <- R131  ; line 772
5640 MOVE                 R192 <- R132  ; line 772
5641 MOVE                 R193 <- R56  ; line 772
5642 MOVE                 R194 <- R133  ; line 772
5643 MOVE                 R195 <- R165  ; line 772
5644 MOVE                 R196 <- R166  ; line 772
5645 MOVE                 R197 <- R170  ; line 772
5646 MOVE                 R198 <- R171  ; line 772
5647 MOVE                 R199 <- R172  ; line 772
5648 MOVE                 R200 <- R173  ; line 772
5649 MOVE                 R201 <- R180  ; line 772
5650 MOVE                 R202 <- R181  ; line 772
5651 MOVE                 R203 <- R182  ; line 772
5652 MOVE                 R204 <- R183  ; line 772
5653 MOVE                 R205 <- R185  ; line 772
5654 MOVE                 R206 <- R186  ; line 772
5655 MOVE                 R207 <- R187  ; line 772
5656 HOST_CALL            a=208 b=6 c=188 imm=20  ; line 772
5657 MOVE                 R209 <- R208  ; line 772
5658 LOAD_CONST           R210 constant[1231]  ; line 779
5659 LOAD_CONST           R211 constant[1232]  ; line 779
5660 MOVE                 R212 <- R210  ; line 779
5661 MOVE                 R213 <- R123  ; line 779
5662 MOVE                 R214 <- R211  ; line 779
5663 MOVE                 R215 <- R21  ; line 779
5664 HOST_CALL            a=216 b=6 c=212 imm=4  ; line 779
5665 LOAD_CONST           R217 constant[1233]  ; line 779
5666 LOAD_CONST           R218 constant[1234]  ; line 779
5667 MOVE                 R219 <- R218  ; line 779
5668 ARRAY_NEW            a=220 b=219 c=1 imm=4294967295  ; line 779
5669 MOVE                 R221 <- R209  ; line 779
5670 MOVE                 R222 <- R113  ; line 779
5671 MOVE                 R223 <- R127  ; line 779
5672 MOVE                 R224 <- R216  ; line 779
5673 MOVE                 R225 <- R217  ; line 779
5674 MOVE                 R226 <- R220  ; line 779
5675 CALL                 a=227 b=68 c=221 imm=6  ; line 779
5676 RETURN               R227  ; line 779
5677 LOAD_CONST           R228 constant[1235]  ; line 779
5678 RETURN               R228  ; line 779
5679 MOVE                 R2 <- R1  ; line 784
5680 HOST_CALL            a=3 b=61 c=2 imm=1  ; line 784
5681 LOAD_CONST           R4 constant[1236]  ; line 784
5682 MOVE                 R5 <- R3  ; line 784
5683 MOVE                 R6 <- R4  ; line 784
5684 HOST_CALL            a=7 b=11 c=5 imm=2  ; line 784
5685 MOVE                 R8 <- R7  ; line 784
5686 MOVE                 R9 <- R1  ; line 785
5687 HOST_CALL            a=10 b=61 c=9 imm=1  ; line 785
5688 LOAD_CONST           R11 constant[1237]  ; line 785
5689 MOVE                 R12 <- R10  ; line 785
5690 MOVE                 R13 <- R11  ; line 785
5691 HOST_CALL            a=14 b=11 c=12 imm=2  ; line 785
5692 MOVE                 R15 <- R14  ; line 785
5693 LOAD_CONST           R16 constant[1238]  ; line 786
5694 MOVE                 R17 <- R0  ; line 786
5695 MOVE                 R18 <- R16  ; line 786
5696 HOST_CALL            a=19 b=11 c=17 imm=2  ; line 786
5697 LOAD_CONST           R20 constant[1239]  ; line 786
5698 MOVE                 R21 <- R19  ; line 786
5699 MOVE                 R22 <- R20  ; line 786
5700 HOST_CALL            a=23 b=11 c=21 imm=2  ; line 786
5701 MOVE                 R24 <- R23  ; line 786
5702 LOAD_CONST           R25 constant[1240]  ; line 787
5703 MOVE                 R26 <- R25  ; line 787
5704 HOST_CALL            a=27 b=22 c=26 imm=1  ; line 787
5705 MOVE                 R28 <- R27  ; line 787
5706 LOAD_CONST           R29 constant[1241]  ; line 788
5707 MOVE                 R30 <- R29  ; line 788
5708 COMPARE              a=30 b=8 c=31 imm=2  ; line 789
5709 JUMP_IF_FALSE        R31 -> 5808  ; line 789
5710 LOAD_CONST           R31 constant[1242]  ; line 790
5711 MOVE                 R32 <- R0  ; line 790
5712 MOVE                 R33 <- R31  ; line 790
5713 HOST_CALL            a=34 b=11 c=32 imm=2  ; line 790
5714 LOAD_CONST           R35 constant[1243]  ; line 790
5715 MOVE                 R36 <- R34  ; line 790
5716 MOVE                 R37 <- R35  ; line 790
5717 HOST_CALL            a=38 b=11 c=36 imm=2  ; line 790
5718 MOVE                 R39 <- R38  ; line 790
5719 LOAD_CONST           R40 constant[1244]  ; line 791
5720 MOVE                 R41 <- R40  ; line 791
5721 COMPARE              a=41 b=24 c=42 imm=2  ; line 792
5722 JUMP_IF_FALSE        R42 -> 5790  ; line 792
5723 LOAD_CONST           R42 constant[1245]  ; line 793
5724 MOVE                 R43 <- R0  ; line 793
5725 MOVE                 R44 <- R42  ; line 793
5726 HOST_CALL            a=45 b=11 c=43 imm=2  ; line 793
5727 LOAD_CONST           R46 constant[1246]  ; line 793
5728 MOVE                 R47 <- R45  ; line 793
5729 MOVE                 R48 <- R46  ; line 793
5730 HOST_CALL            a=49 b=11 c=47 imm=2  ; line 793
5731 MOVE                 R50 <- R49  ; line 793
5732 MOVE                 R51 <- R41  ; line 793
5733 HOST_CALL            a=52 b=11 c=50 imm=2  ; line 793
5734 MOVE                 R53 <- R52  ; line 793
5735 LOAD_CONST           R54 constant[1247]  ; line 794
5736 MOVE                 R55 <- R54  ; line 794
5737 COMPARE              a=55 b=15 c=56 imm=2  ; line 795
5738 JUMP_IF_FALSE        R56 -> 5766  ; line 795
5739 MOVE                 R56 <- R30  ; line 796
5740 MOVE                 R57 <- R55  ; line 796
5741 ARRAY_NEW            a=58 b=56 c=2 imm=4294967295  ; line 796
5742 MOVE                 R59 <- R1  ; line 796
5743 MOVE                 R60 <- R58  ; line 796
5744 HOST_CALL            a=61 b=11 c=59 imm=2  ; line 796
5745 LOAD_CONST           R62 constant[1248]  ; line 796
5746 MOVE                 R63 <- R0  ; line 796
5747 MOVE                 R64 <- R62  ; line 796
5748 HOST_CALL            a=65 b=11 c=63 imm=2  ; line 796
5749 LOAD_CONST           R66 constant[1249]  ; line 796
5750 MOVE                 R67 <- R65  ; line 796
5751 MOVE                 R68 <- R66  ; line 796
5752 HOST_CALL            a=69 b=11 c=67 imm=2  ; line 796
5753 MOVE                 R70 <- R55  ; line 796
5754 MOVE                 R71 <- R41  ; line 796
5755 ARRAY_NEW            a=72 b=70 c=2 imm=4294967295  ; line 796
5756 MOVE                 R73 <- R69  ; line 796
5757 MOVE                 R74 <- R72  ; line 796
5758 HOST_CALL            a=75 b=11 c=73 imm=2  ; line 796
5759 BINARY               a=61 b=75 c=76 imm=2  ; line 796
5760 BINARY               a=53 b=76 c=77 imm=0  ; line 796
5761 MOVE                 R53 <- R77  ; line 796
5762 LOAD_CONST           R56 constant[1250]  ; line 797
5763 BINARY               a=55 b=56 c=57 imm=0  ; line 797
5764 MOVE                 R55 <- R57  ; line 797
5765 JUMP                 -> 5737  ; line 797
5766 LOAD_CONST           R56 constant[1251]  ; line 799
5767 COMPARE              a=53 b=56 c=57 imm=2  ; line 799
5768 JUMP_IF_FALSE        R57 -> 5772  ; line 799
5769 LOAD_CONST           R56 constant[1252]  ; line 799
5770 MOVE                 R53 <- R56  ; line 799
5771 JUMP                 -> 5772  ; line 799
5772 LOAD_CONST           R56 constant[1253]  ; line 800
5773 MOVE                 R57 <- R0  ; line 800
5774 MOVE                 R58 <- R56  ; line 800
5775 HOST_CALL            a=59 b=11 c=57 imm=2  ; line 800
5776 LOAD_CONST           R60 constant[1254]  ; line 800
5777 MOVE                 R61 <- R59  ; line 800
5778 MOVE                 R62 <- R60  ; line 800
5779 HOST_CALL            a=63 b=11 c=61 imm=2  ; line 800
5780 MOVE                 R64 <- R63  ; line 800
5781 MOVE                 R65 <- R41  ; line 800
5782 HOST_CALL            a=66 b=11 c=64 imm=2  ; line 800
5783 BINARY               a=53 b=66 c=67 imm=2  ; line 800
5784 BINARY               a=39 b=67 c=68 imm=0  ; line 800
5785 MOVE                 R39 <- R68  ; line 800
5786 LOAD_CONST           R56 constant[1255]  ; line 801
5787 BINARY               a=41 b=56 c=57 imm=0  ; line 801
5788 MOVE                 R41 <- R57  ; line 801
5789 JUMP                 -> 5721  ; line 801
5790 LOAD_CONST           R56 constant[1256]  ; line 803
5791 MOVE                 R57 <- R0  ; line 803
5792 MOVE                 R58 <- R56  ; line 803
5793 HOST_CALL            a=59 b=11 c=57 imm=2  ; line 803
5794 LOAD_CONST           R60 constant[1257]  ; line 803
5795 COMPARE              a=59 b=60 c=61 imm=0  ; line 803
5796 JUMP_IF_FALSE        R61 -> 5801  ; line 803
5797 MOVE                 R56 <- R39  ; line 803
5798 CALL                 a=57 b=59 c=56 imm=1  ; line 803
5799 MOVE                 R39 <- R57  ; line 803
5800 JUMP                 -> 5801  ; line 803
5801 MOVE                 R56 <- R28  ; line 804
5802 MOVE                 R57 <- R39  ; line 804
5803 HOST_CALL            a=58 b=23 c=56 imm=2  ; line 804
5804 LOAD_CONST           R56 constant[1258]  ; line 805
5805 BINARY               a=30 b=56 c=57 imm=0  ; line 805
5806 MOVE                 R30 <- R57  ; line 805
5807 JUMP                 -> 5708  ; line 805
5808 RETURN               R28  ; line 807
5809 LOAD_CONST           R56 constant[1259]  ; line 807
5810 RETURN               R56  ; line 807
5811 LOAD_CONST           R2 constant[1260]  ; line 811
5812 MOVE                 R3 <- R2  ; line 811
5813 HOST_CALL            a=4 b=22 c=3 imm=1  ; line 811
5814 MOVE                 R5 <- R4  ; line 811
5815 LOAD_CONST           R6 constant[1261]  ; line 812
5816 MOVE                 R7 <- R6  ; line 812
5817 COMPARE              a=7 b=0 c=8 imm=2  ; line 813
5818 JUMP_IF_FALSE        R8 -> 5828  ; line 813
5819 MOVE                 R8 <- R1  ; line 814
5820 CALL                 a=9 b=63 c=8 imm=1  ; line 814
5821 MOVE                 R10 <- R5  ; line 814
5822 MOVE                 R11 <- R9  ; line 814
5823 HOST_CALL            a=12 b=23 c=10 imm=2  ; line 814
5824 LOAD_CONST           R8 constant[1262]  ; line 815
5825 BINARY               a=7 b=8 c=9 imm=0  ; line 815
5826 MOVE                 R7 <- R9  ; line 815
5827 JUMP                 -> 5817  ; line 815
5828 RETURN               R5  ; line 817
5829 LOAD_CONST           R8 constant[1263]  ; line 817
5830 RETURN               R8  ; line 817
5831 MOVE                 R1 <- R0  ; line 821
5832 MOVE                 R2 <- R0  ; line 821
5833 CALL                 a=3 b=80 c=1 imm=2  ; line 821
5834 MOVE                 R4 <- R3  ; line 821
5835 LOAD_CONST           R5 constant[1264]  ; line 822
5836 MOVE                 R6 <- R5  ; line 822
5837 COMPARE              a=6 b=0 c=7 imm=2  ; line 823
5838 JUMP_IF_FALSE        R7 -> 5852  ; line 823
5839 MOVE                 R7 <- R4  ; line 824
5840 MOVE                 R8 <- R6  ; line 824
5841 HOST_CALL            a=9 b=11 c=7 imm=2  ; line 824
5842 MOVE                 R10 <- R9  ; line 824
5843 LOAD_CONST           R11 constant[1265]  ; line 825
5844 MOVE                 R12 <- R10  ; line 825
5845 MOVE                 R13 <- R6  ; line 825
5846 MOVE                 R14 <- R11  ; line 825
5847 HOST_CALL            a=15 b=12 c=12 imm=3  ; line 825
5848 LOAD_CONST           R11 constant[1266]  ; line 826
5849 BINARY               a=6 b=11 c=12 imm=0  ; line 826
5850 MOVE                 R6 <- R12  ; line 826
5851 JUMP                 -> 5837  ; line 826
5852 RETURN               R4  ; line 828
5853 LOAD_CONST           R11 constant[1267]  ; line 828
5854 RETURN               R11  ; line 828
5855 MOVE                 R1 <- R0  ; line 832
5856 HOST_CALL            a=2 b=61 c=1 imm=1  ; line 832
5857 MOVE                 R3 <- R2  ; line 832
5858 LOAD_CONST           R4 constant[1268]  ; line 833
5859 MOVE                 R5 <- R3  ; line 833
5860 MOVE                 R6 <- R4  ; line 833
5861 HOST_CALL            a=7 b=11 c=5 imm=2  ; line 833
5862 LOAD_CONST           R8 constant[1269]  ; line 833
5863 MOVE                 R9 <- R3  ; line 833
5864 MOVE                 R10 <- R8  ; line 833
5865 HOST_CALL            a=11 b=11 c=9 imm=2  ; line 833
5866 MOVE                 R12 <- R7  ; line 833
5867 MOVE                 R13 <- R11  ; line 833
5868 CALL                 a=14 b=80 c=12 imm=2  ; line 833
5869 MOVE                 R15 <- R14  ; line 833
5870 LOAD_CONST           R16 constant[1270]  ; line 834
5871 MOVE                 R17 <- R16  ; line 834
5872 LOAD_CONST           R18 constant[1271]  ; line 835
5873 MOVE                 R19 <- R3  ; line 835
5874 MOVE                 R20 <- R18  ; line 835
5875 HOST_CALL            a=21 b=11 c=19 imm=2  ; line 835
5876 COMPARE              a=17 b=21 c=22 imm=2  ; line 835
5877 JUMP_IF_FALSE        R22 -> 5908  ; line 835
5878 MOVE                 R18 <- R15  ; line 836
5879 MOVE                 R19 <- R17  ; line 836
5880 HOST_CALL            a=20 b=11 c=18 imm=2  ; line 836
5881 MOVE                 R21 <- R20  ; line 836
5882 LOAD_CONST           R22 constant[1272]  ; line 837
5883 MOVE                 R23 <- R22  ; line 837
5884 LOAD_CONST           R24 constant[1273]  ; line 838
5885 MOVE                 R25 <- R3  ; line 838
5886 MOVE                 R26 <- R24  ; line 838
5887 HOST_CALL            a=27 b=11 c=25 imm=2  ; line 838
5888 COMPARE              a=23 b=27 c=28 imm=2  ; line 838
5889 JUMP_IF_FALSE        R28 -> 5904  ; line 838
5890 MOVE                 R24 <- R17  ; line 839
5891 MOVE                 R25 <- R23  ; line 839
5892 ARRAY_NEW            a=26 b=24 c=2 imm=4294967295  ; line 839
5893 MOVE                 R27 <- R0  ; line 839
5894 MOVE                 R28 <- R26  ; line 839
5895 HOST_CALL            a=29 b=11 c=27 imm=2  ; line 839
5896 MOVE                 R30 <- R21  ; line 839
5897 MOVE                 R31 <- R23  ; line 839
5898 MOVE                 R32 <- R29  ; line 839
5899 HOST_CALL            a=33 b=12 c=30 imm=3  ; line 839
5900 LOAD_CONST           R24 constant[1274]  ; line 840
5901 BINARY               a=23 b=24 c=25 imm=0  ; line 840
5902 MOVE                 R23 <- R25  ; line 840
5903 JUMP                 -> 5884  ; line 840
5904 LOAD_CONST           R24 constant[1275]  ; line 842
5905 BINARY               a=17 b=24 c=25 imm=0  ; line 842
5906 MOVE                 R17 <- R25  ; line 842
5907 JUMP                 -> 5872  ; line 842
5908 RETURN               R15  ; line 844
5909 LOAD_CONST           R24 constant[1276]  ; line 844
5910 RETURN               R24  ; line 844
5911 MOVE                 R1 <- R0  ; line 848
5912 HOST_CALL            a=2 b=61 c=1 imm=1  ; line 848
5913 LOAD_CONST           R3 constant[1277]  ; line 848
5914 MOVE                 R4 <- R2  ; line 848
5915 MOVE                 R5 <- R3  ; line 848
5916 HOST_CALL            a=6 b=11 c=4 imm=2  ; line 848
5917 MOVE                 R7 <- R6  ; line 848
5918 MOVE                 R8 <- R7  ; line 849
5919 CALL                 a=9 b=63 c=8 imm=1  ; line 849
5920 MOVE                 R10 <- R9  ; line 849
5921 LOAD_CONST           R11 constant[1278]  ; line 850
5922 MOVE                 R12 <- R11  ; line 850
5923 COMPARE              a=12 b=7 c=13 imm=2  ; line 851
5924 JUMP_IF_FALSE        R13 -> 5936  ; line 851
5925 MOVE                 R13 <- R0  ; line 852
5926 MOVE                 R14 <- R12  ; line 852
5927 HOST_CALL            a=15 b=11 c=13 imm=2  ; line 852
5928 MOVE                 R16 <- R10  ; line 852
5929 MOVE                 R17 <- R12  ; line 852
5930 MOVE                 R18 <- R15  ; line 852
5931 HOST_CALL            a=19 b=12 c=16 imm=3  ; line 852
5932 LOAD_CONST           R13 constant[1279]  ; line 853
5933 BINARY               a=12 b=13 c=14 imm=0  ; line 853
5934 MOVE                 R12 <- R14  ; line 853
5935 JUMP                 -> 5923  ; line 853
5936 RETURN               R10  ; line 855
5937 LOAD_CONST           R13 constant[1280]  ; line 855
5938 RETURN               R13  ; line 855
5939 MOVE                 R1 <- R0  ; line 859
5940 HOST_CALL            a=2 b=26 c=1 imm=1  ; line 859
5941 MOVE                 R3 <- R2  ; line 859
5942 LOAD_CONST           R4 constant[1281]  ; line 860
5943 MOVE                 R5 <- R0  ; line 860
5944 MOVE                 R6 <- R4  ; line 860
5945 HOST_CALL            a=7 b=11 c=5 imm=2  ; line 860
5946 MOVE                 R8 <- R7  ; line 860
5947 HOST_CALL            a=9 b=26 c=8 imm=1  ; line 860
5948 MOVE                 R10 <- R9  ; line 860
5949 MOVE                 R11 <- R10  ; line 861
5950 MOVE                 R12 <- R3  ; line 861
5951 CALL                 a=13 b=80 c=11 imm=2  ; line 861
5952 MOVE                 R14 <- R13  ; line 861
5953 LOAD_CONST           R15 constant[1282]  ; line 862
5954 MOVE                 R16 <- R15  ; line 862
5955 COMPARE              a=16 b=3 c=17 imm=2  ; line 863
5956 JUMP_IF_FALSE        R17 -> 5983  ; line 863
5957 LOAD_CONST           R17 constant[1283]  ; line 864
5958 MOVE                 R18 <- R17  ; line 864
5959 COMPARE              a=18 b=10 c=19 imm=2  ; line 865
5960 JUMP_IF_FALSE        R19 -> 5979  ; line 865
5961 MOVE                 R19 <- R14  ; line 866
5962 MOVE                 R20 <- R18  ; line 866
5963 HOST_CALL            a=21 b=11 c=19 imm=2  ; line 866
5964 MOVE                 R22 <- R21  ; line 866
5965 MOVE                 R23 <- R0  ; line 867
5966 MOVE                 R24 <- R16  ; line 867
5967 HOST_CALL            a=25 b=11 c=23 imm=2  ; line 867
5968 MOVE                 R26 <- R25  ; line 867
5969 MOVE                 R27 <- R18  ; line 867
5970 HOST_CALL            a=28 b=11 c=26 imm=2  ; line 867
5971 MOVE                 R29 <- R22  ; line 867
5972 MOVE                 R30 <- R16  ; line 867
5973 MOVE                 R31 <- R28  ; line 867
5974 HOST_CALL            a=32 b=12 c=29 imm=3  ; line 867
5975 LOAD_CONST           R23 constant[1284]  ; line 868
5976 BINARY               a=18 b=23 c=24 imm=0  ; line 868
5977 MOVE                 R18 <- R24  ; line 868
5978 JUMP                 -> 5959  ; line 868
5979 LOAD_CONST           R23 constant[1285]  ; line 870
5980 BINARY               a=16 b=23 c=24 imm=0  ; line 870
5981 MOVE                 R16 <- R24  ; line 870
5982 JUMP                 -> 5955  ; line 870
5983 RETURN               R14  ; line 872
5984 LOAD_CONST           R23 constant[1286]  ; line 872
5985 RETURN               R23  ; line 872
5986 MOVE                 R2 <- R0  ; line 876
5987 HOST_CALL            a=3 b=26 c=2 imm=1  ; line 876
5988 MOVE                 R4 <- R3  ; line 876
5989 LOAD_CONST           R5 constant[1287]  ; line 877
5990 MOVE                 R6 <- R0  ; line 877
5991 MOVE                 R7 <- R5  ; line 877
5992 HOST_CALL            a=8 b=11 c=6 imm=2  ; line 877
5993 MOVE                 R9 <- R8  ; line 877
5994 HOST_CALL            a=10 b=26 c=9 imm=1  ; line 877
5995 MOVE                 R11 <- R10  ; line 877
5996 MOVE                 R12 <- R4  ; line 878
5997 MOVE                 R13 <- R11  ; line 878
5998 CALL                 a=14 b=80 c=12 imm=2  ; line 878
5999 MOVE                 R15 <- R14  ; line 878
6000 LOAD_CONST           R16 constant[1288]  ; line 879
6001 MOVE                 R17 <- R16  ; line 879
6002 COMPARE              a=17 b=4 c=18 imm=2  ; line 880
6003 JUMP_IF_FALSE        R18 -> 6037  ; line 880
6004 MOVE                 R18 <- R15  ; line 881
6005 MOVE                 R19 <- R17  ; line 881
6006 HOST_CALL            a=20 b=11 c=18 imm=2  ; line 881
6007 MOVE                 R21 <- R20  ; line 881
6008 LOAD_CONST           R22 constant[1289]  ; line 882
6009 MOVE                 R23 <- R22  ; line 882
6010 COMPARE              a=23 b=11 c=24 imm=2  ; line 883
6011 JUMP_IF_FALSE        R24 -> 6033  ; line 883
6012 MOVE                 R24 <- R0  ; line 884
6013 MOVE                 R25 <- R17  ; line 884
6014 HOST_CALL            a=26 b=11 c=24 imm=2  ; line 884
6015 MOVE                 R27 <- R26  ; line 884
6016 MOVE                 R28 <- R23  ; line 884
6017 HOST_CALL            a=29 b=11 c=27 imm=2  ; line 884
6018 MOVE                 R30 <- R1  ; line 884
6019 MOVE                 R31 <- R17  ; line 884
6020 HOST_CALL            a=32 b=11 c=30 imm=2  ; line 884
6021 MOVE                 R33 <- R32  ; line 884
6022 MOVE                 R34 <- R23  ; line 884
6023 HOST_CALL            a=35 b=11 c=33 imm=2  ; line 884
6024 BINARY               a=29 b=35 c=36 imm=0  ; line 884
6025 MOVE                 R37 <- R21  ; line 884
6026 MOVE                 R38 <- R23  ; line 884
6027 MOVE                 R39 <- R36  ; line 884
6028 HOST_CALL            a=40 b=12 c=37 imm=3  ; line 884
6029 LOAD_CONST           R24 constant[1290]  ; line 885
6030 BINARY               a=23 b=24 c=25 imm=0  ; line 885
6031 MOVE                 R23 <- R25  ; line 885
6032 JUMP                 -> 6010  ; line 885
6033 LOAD_CONST           R24 constant[1291]  ; line 887
6034 BINARY               a=17 b=24 c=25 imm=0  ; line 887
6035 MOVE                 R17 <- R25  ; line 887
6036 JUMP                 -> 6002  ; line 887
6037 RETURN               R15  ; line 889
6038 LOAD_CONST           R24 constant[1292]  ; line 889
6039 RETURN               R24  ; line 889
6040 MOVE                 R2 <- R0  ; line 893
6041 HOST_CALL            a=3 b=26 c=2 imm=1  ; line 893
6042 MOVE                 R4 <- R3  ; line 893
6043 LOAD_CONST           R5 constant[1293]  ; line 894
6044 MOVE                 R6 <- R0  ; line 894
6045 MOVE                 R7 <- R5  ; line 894
6046 HOST_CALL            a=8 b=11 c=6 imm=2  ; line 894
6047 MOVE                 R9 <- R8  ; line 894
6048 HOST_CALL            a=10 b=26 c=9 imm=1  ; line 894
6049 MOVE                 R11 <- R10  ; line 894
6050 MOVE                 R12 <- R4  ; line 895
6051 MOVE                 R13 <- R11  ; line 895
6052 CALL                 a=14 b=80 c=12 imm=2  ; line 895
6053 MOVE                 R15 <- R14  ; line 895
6054 LOAD_CONST           R16 constant[1294]  ; line 896
6055 MOVE                 R17 <- R16  ; line 896
6056 COMPARE              a=17 b=4 c=18 imm=2  ; line 897
6057 JUMP_IF_FALSE        R18 -> 6091  ; line 897
6058 MOVE                 R18 <- R15  ; line 898
6059 MOVE                 R19 <- R17  ; line 898
6060 HOST_CALL            a=20 b=11 c=18 imm=2  ; line 898
6061 MOVE                 R21 <- R20  ; line 898
6062 LOAD_CONST           R22 constant[1295]  ; line 899
6063 MOVE                 R23 <- R22  ; line 899
6064 COMPARE              a=23 b=11 c=24 imm=2  ; line 900
6065 JUMP_IF_FALSE        R24 -> 6087  ; line 900
6066 MOVE                 R24 <- R0  ; line 901
6067 MOVE                 R25 <- R17  ; line 901
6068 HOST_CALL            a=26 b=11 c=24 imm=2  ; line 901
6069 MOVE                 R27 <- R26  ; line 901
6070 MOVE                 R28 <- R23  ; line 901
6071 HOST_CALL            a=29 b=11 c=27 imm=2  ; line 901
6072 MOVE                 R30 <- R1  ; line 901
6073 MOVE                 R31 <- R17  ; line 901
6074 HOST_CALL            a=32 b=11 c=30 imm=2  ; line 901
6075 MOVE                 R33 <- R32  ; line 901
6076 MOVE                 R34 <- R23  ; line 901
6077 HOST_CALL            a=35 b=11 c=33 imm=2  ; line 901
6078 BINARY               a=29 b=35 c=36 imm=1  ; line 901
6079 MOVE                 R37 <- R21  ; line 901
6080 MOVE                 R38 <- R23  ; line 901
6081 MOVE                 R39 <- R36  ; line 901
6082 HOST_CALL            a=40 b=12 c=37 imm=3  ; line 901
6083 LOAD_CONST           R24 constant[1296]  ; line 902
6084 BINARY               a=23 b=24 c=25 imm=0  ; line 902
6085 MOVE                 R23 <- R25  ; line 902
6086 JUMP                 -> 6064  ; line 902
6087 LOAD_CONST           R24 constant[1297]  ; line 904
6088 BINARY               a=17 b=24 c=25 imm=0  ; line 904
6089 MOVE                 R17 <- R25  ; line 904
6090 JUMP                 -> 6056  ; line 904
6091 RETURN               R15  ; line 906
6092 LOAD_CONST           R24 constant[1298]  ; line 906
6093 RETURN               R24  ; line 906
6094 MOVE                 R2 <- R0  ; line 910
6095 HOST_CALL            a=3 b=26 c=2 imm=1  ; line 910
6096 MOVE                 R4 <- R3  ; line 910
6097 MOVE                 R5 <- R1  ; line 911
6098 HOST_CALL            a=6 b=26 c=5 imm=1  ; line 911
6099 MOVE                 R7 <- R6  ; line 911
6100 LOAD_CONST           R8 constant[1299]  ; line 912
6101 MOVE                 R9 <- R1  ; line 912
6102 MOVE                 R10 <- R8  ; line 912
6103 HOST_CALL            a=11 b=11 c=9 imm=2  ; line 912
6104 MOVE                 R12 <- R11  ; line 912
6105 HOST_CALL            a=13 b=26 c=12 imm=1  ; line 912
6106 MOVE                 R14 <- R13  ; line 912
6107 MOVE                 R15 <- R4  ; line 913
6108 MOVE                 R16 <- R14  ; line 913
6109 CALL                 a=17 b=80 c=15 imm=2  ; line 913
6110 MOVE                 R18 <- R17  ; line 913
6111 LOAD_CONST           R19 constant[1300]  ; line 914
6112 MOVE                 R20 <- R19  ; line 914
6113 COMPARE              a=20 b=4 c=21 imm=2  ; line 915
6114 JUMP_IF_FALSE        R21 -> 6160  ; line 915
6115 MOVE                 R21 <- R18  ; line 916
6116 MOVE                 R22 <- R20  ; line 916
6117 HOST_CALL            a=23 b=11 c=21 imm=2  ; line 916
6118 MOVE                 R24 <- R23  ; line 916
6119 LOAD_CONST           R25 constant[1301]  ; line 917
6120 MOVE                 R26 <- R25  ; line 917
6121 COMPARE              a=26 b=14 c=27 imm=2  ; line 918
6122 JUMP_IF_FALSE        R27 -> 6156  ; line 918
6123 LOAD_CONST           R27 constant[1302]  ; line 919
6124 MOVE                 R28 <- R27  ; line 919
6125 LOAD_CONST           R29 constant[1303]  ; line 920
6126 MOVE                 R30 <- R29  ; line 920
6127 COMPARE              a=30 b=7 c=31 imm=2  ; line 921
6128 JUMP_IF_FALSE        R31 -> 6148  ; line 921
6129 MOVE                 R31 <- R0  ; line 922
6130 MOVE                 R32 <- R20  ; line 922
6131 HOST_CALL            a=33 b=11 c=31 imm=2  ; line 922
6132 MOVE                 R34 <- R33  ; line 922
6133 MOVE                 R35 <- R30  ; line 922
6134 HOST_CALL            a=36 b=11 c=34 imm=2  ; line 922
6135 MOVE                 R37 <- R1  ; line 922
6136 MOVE                 R38 <- R30  ; line 922
6137 HOST_CALL            a=39 b=11 c=37 imm=2  ; line 922
6138 MOVE                 R40 <- R39  ; line 922
6139 MOVE                 R41 <- R26  ; line 922
6140 HOST_CALL            a=42 b=11 c=40 imm=2  ; line 922
6141 BINARY               a=36 b=42 c=43 imm=2  ; line 922
6142 BINARY               a=28 b=43 c=44 imm=0  ; line 922
6143 MOVE                 R28 <- R44  ; line 922
6144 LOAD_CONST           R31 constant[1304]  ; line 923
6145 BINARY               a=30 b=31 c=32 imm=0  ; line 923
6146 MOVE                 R30 <- R32  ; line 923
6147 JUMP                 -> 6127  ; line 923
6148 MOVE                 R31 <- R24  ; line 925
6149 MOVE                 R32 <- R26  ; line 925
6150 MOVE                 R33 <- R28  ; line 925
6151 HOST_CALL            a=34 b=12 c=31 imm=3  ; line 925
6152 LOAD_CONST           R31 constant[1305]  ; line 926
6153 BINARY               a=26 b=31 c=32 imm=0  ; line 926
6154 MOVE                 R26 <- R32  ; line 926
6155 JUMP                 -> 6121  ; line 926
6156 LOAD_CONST           R31 constant[1306]  ; line 928
6157 BINARY               a=20 b=31 c=32 imm=0  ; line 928
6158 MOVE                 R20 <- R32  ; line 928
6159 JUMP                 -> 6113  ; line 928
6160 RETURN               R18  ; line 930
6161 LOAD_CONST           R31 constant[1307]  ; line 930
6162 RETURN               R31  ; line 930
6163 MOVE                 R2 <- R0  ; line 934
6164 HOST_CALL            a=3 b=26 c=2 imm=1  ; line 934
6165 MOVE                 R4 <- R3  ; line 934
6166 MOVE                 R5 <- R1  ; line 935
6167 HOST_CALL            a=6 b=26 c=5 imm=1  ; line 935
6168 MOVE                 R7 <- R6  ; line 935
6169 MOVE                 R8 <- R4  ; line 936
6170 CALL                 a=9 b=63 c=8 imm=1  ; line 936
6171 MOVE                 R10 <- R9  ; line 936
6172 LOAD_CONST           R11 constant[1308]  ; line 937
6173 MOVE                 R12 <- R11  ; line 937
6174 COMPARE              a=12 b=4 c=13 imm=2  ; line 938
6175 JUMP_IF_FALSE        R13 -> 6206  ; line 938
6176 LOAD_CONST           R13 constant[1309]  ; line 939
6177 MOVE                 R14 <- R13  ; line 939
6178 LOAD_CONST           R15 constant[1310]  ; line 940
6179 MOVE                 R16 <- R15  ; line 940
6180 COMPARE              a=16 b=7 c=17 imm=2  ; line 941
6181 JUMP_IF_FALSE        R17 -> 6198  ; line 941
6182 MOVE                 R17 <- R0  ; line 942
6183 MOVE                 R18 <- R12  ; line 942
6184 HOST_CALL            a=19 b=11 c=17 imm=2  ; line 942
6185 MOVE                 R20 <- R19  ; line 942
6186 MOVE                 R21 <- R16  ; line 942
6187 HOST_CALL            a=22 b=11 c=20 imm=2  ; line 942
6188 MOVE                 R23 <- R1  ; line 942
6189 MOVE                 R24 <- R16  ; line 942
6190 HOST_CALL            a=25 b=11 c=23 imm=2  ; line 942
6191 BINARY               a=22 b=25 c=26 imm=2  ; line 942
6192 BINARY               a=14 b=26 c=27 imm=0  ; line 942
6193 MOVE                 R14 <- R27  ; line 942
6194 LOAD_CONST           R17 constant[1311]  ; line 943
6195 BINARY               a=16 b=17 c=18 imm=0  ; line 943
6196 MOVE                 R16 <- R18  ; line 943
6197 JUMP                 -> 6180  ; line 943
6198 MOVE                 R17 <- R10  ; line 945
6199 MOVE                 R18 <- R12  ; line 945
6200 MOVE                 R19 <- R14  ; line 945
6201 HOST_CALL            a=20 b=12 c=17 imm=3  ; line 945
6202 LOAD_CONST           R17 constant[1312]  ; line 946
6203 BINARY               a=12 b=17 c=18 imm=0  ; line 946
6204 MOVE                 R12 <- R18  ; line 946
6205 JUMP                 -> 6174  ; line 946
6206 RETURN               R10  ; line 948
6207 LOAD_CONST           R17 constant[1313]  ; line 948
6208 RETURN               R17  ; line 948
6209 MOVE                 R2 <- R0  ; line 952
6210 HOST_CALL            a=3 b=26 c=2 imm=1  ; line 952
6211 MOVE                 R4 <- R3  ; line 952
6212 CALL                 a=5 b=63 c=4 imm=1  ; line 952
6213 MOVE                 R6 <- R5  ; line 952
6214 LOAD_CONST           R7 constant[1314]  ; line 953
6215 MOVE                 R8 <- R7  ; line 953
6216 MOVE                 R9 <- R0  ; line 954
6217 HOST_CALL            a=10 b=26 c=9 imm=1  ; line 954
6218 COMPARE              a=8 b=10 c=11 imm=2  ; line 954
6219 JUMP_IF_FALSE        R11 -> 6235  ; line 954
6220 MOVE                 R9 <- R0  ; line 955
6221 MOVE                 R10 <- R8  ; line 955
6222 HOST_CALL            a=11 b=11 c=9 imm=2  ; line 955
6223 MOVE                 R12 <- R1  ; line 955
6224 MOVE                 R13 <- R8  ; line 955
6225 HOST_CALL            a=14 b=11 c=12 imm=2  ; line 955
6226 BINARY               a=11 b=14 c=15 imm=0  ; line 955
6227 MOVE                 R16 <- R6  ; line 955
6228 MOVE                 R17 <- R8  ; line 955
6229 MOVE                 R18 <- R15  ; line 955
6230 HOST_CALL            a=19 b=12 c=16 imm=3  ; line 955
6231 LOAD_CONST           R9 constant[1315]  ; line 956
6232 BINARY               a=8 b=9 c=10 imm=0  ; line 956
6233 MOVE                 R8 <- R10  ; line 956
6234 JUMP                 -> 6216  ; line 956
6235 RETURN               R6  ; line 958
6236 LOAD_CONST           R9 constant[1316]  ; line 958
6237 RETURN               R9  ; line 958
6238 MOVE                 R2 <- R0  ; line 962
6239 HOST_CALL            a=3 b=26 c=2 imm=1  ; line 962
6240 MOVE                 R4 <- R3  ; line 962
6241 CALL                 a=5 b=63 c=4 imm=1  ; line 962
6242 MOVE                 R6 <- R5  ; line 962
6243 LOAD_CONST           R7 constant[1317]  ; line 963
6244 MOVE                 R8 <- R7  ; line 963
6245 MOVE                 R9 <- R0  ; line 964
6246 HOST_CALL            a=10 b=26 c=9 imm=1  ; line 964
6247 COMPARE              a=8 b=10 c=11 imm=2  ; line 964
6248 JUMP_IF_FALSE        R11 -> 6264  ; line 964
6249 MOVE                 R9 <- R0  ; line 965
6250 MOVE                 R10 <- R8  ; line 965
6251 HOST_CALL            a=11 b=11 c=9 imm=2  ; line 965
6252 MOVE                 R12 <- R1  ; line 965
6253 MOVE                 R13 <- R8  ; line 965
6254 HOST_CALL            a=14 b=11 c=12 imm=2  ; line 965
6255 BINARY               a=11 b=14 c=15 imm=1  ; line 965
6256 MOVE                 R16 <- R6  ; line 965
6257 MOVE                 R17 <- R8  ; line 965
6258 MOVE                 R18 <- R15  ; line 965
6259 HOST_CALL            a=19 b=12 c=16 imm=3  ; line 965
6260 LOAD_CONST           R9 constant[1318]  ; line 966
6261 BINARY               a=8 b=9 c=10 imm=0  ; line 966
6262 MOVE                 R8 <- R10  ; line 966
6263 JUMP                 -> 6245  ; line 966
6264 RETURN               R6  ; line 968
6265 LOAD_CONST           R9 constant[1319]  ; line 968
6266 RETURN               R9  ; line 968
6267 MOVE                 R1 <- R0  ; line 972
6268 HOST_CALL            a=2 b=26 c=1 imm=1  ; line 972
6269 MOVE                 R3 <- R2  ; line 972
6270 MOVE                 R4 <- R3  ; line 973
6271 MOVE                 R5 <- R3  ; line 973
6272 CALL                 a=6 b=80 c=4 imm=2  ; line 973
6273 MOVE                 R7 <- R6  ; line 973
6274 MOVE                 R8 <- R3  ; line 974
6275 CALL                 a=9 b=81 c=8 imm=1  ; line 974
6276 MOVE                 R10 <- R9  ; line 974
6277 LOAD_CONST           R11 constant[1320]  ; line 975
6278 MOVE                 R12 <- R11  ; line 975
6279 COMPARE              a=12 b=3 c=13 imm=2  ; line 976
6280 JUMP_IF_FALSE        R13 -> 6307  ; line 976
6281 MOVE                 R13 <- R7  ; line 977
6282 MOVE                 R14 <- R12  ; line 977
6283 HOST_CALL            a=15 b=11 c=13 imm=2  ; line 977
6284 MOVE                 R16 <- R15  ; line 977
6285 LOAD_CONST           R17 constant[1321]  ; line 978
6286 MOVE                 R18 <- R17  ; line 978
6287 COMPARE              a=18 b=3 c=19 imm=2  ; line 979
6288 JUMP_IF_FALSE        R19 -> 6303  ; line 979
6289 MOVE                 R19 <- R0  ; line 980
6290 MOVE                 R20 <- R12  ; line 980
6291 HOST_CALL            a=21 b=11 c=19 imm=2  ; line 980
6292 MOVE                 R22 <- R21  ; line 980
6293 MOVE                 R23 <- R18  ; line 980
6294 HOST_CALL            a=24 b=11 c=22 imm=2  ; line 980
6295 MOVE                 R25 <- R16  ; line 980
6296 MOVE                 R26 <- R18  ; line 980
6297 MOVE                 R27 <- R24  ; line 980
6298 HOST_CALL            a=28 b=12 c=25 imm=3  ; line 980
6299 LOAD_CONST           R19 constant[1322]  ; line 981
6300 BINARY               a=18 b=19 c=20 imm=0  ; line 981
6301 MOVE                 R18 <- R20  ; line 981
6302 JUMP                 -> 6287  ; line 981
6303 LOAD_CONST           R19 constant[1323]  ; line 983
6304 BINARY               a=12 b=19 c=20 imm=0  ; line 983
6305 MOVE                 R12 <- R20  ; line 983
6306 JUMP                 -> 6279  ; line 983
6307 LOAD_CONST           R19 constant[1324]  ; line 985
6308 MOVE                 R20 <- R19  ; line 985
6309 COMPARE              a=20 b=3 c=21 imm=2  ; line 986
6310 JUMP_IF_FALSE        R21 -> 6502  ; line 986
6311 MOVE                 R21 <- R20  ; line 987
6312 LOAD_CONST           R22 constant[1325]  ; line 988
6313 BINARY               a=20 b=22 c=23 imm=0  ; line 988
6314 MOVE                 R24 <- R23  ; line 988
6315 COMPARE              a=24 b=3 c=25 imm=2  ; line 989
6316 JUMP_IF_FALSE        R25 -> 6341  ; line 989
6317 MOVE                 R25 <- R7  ; line 990
6318 MOVE                 R26 <- R24  ; line 990
6319 HOST_CALL            a=27 b=11 c=25 imm=2  ; line 990
6320 MOVE                 R28 <- R27  ; line 990
6321 MOVE                 R29 <- R20  ; line 990
6322 HOST_CALL            a=30 b=11 c=28 imm=2  ; line 990
6323 MOVE                 R31 <- R30  ; line 990
6324 CALL                 a=32 b=56 c=31 imm=1  ; line 990
6325 MOVE                 R33 <- R7  ; line 990
6326 MOVE                 R34 <- R21  ; line 990
6327 HOST_CALL            a=35 b=11 c=33 imm=2  ; line 990
6328 MOVE                 R36 <- R35  ; line 990
6329 MOVE                 R37 <- R20  ; line 990
6330 HOST_CALL            a=38 b=11 c=36 imm=2  ; line 990
6331 MOVE                 R39 <- R38  ; line 990
6332 CALL                 a=40 b=56 c=39 imm=1  ; line 990
6333 COMPARE              a=32 b=40 c=41 imm=4  ; line 990
6334 JUMP_IF_FALSE        R41 -> 6337  ; line 990
6335 MOVE                 R21 <- R24  ; line 991
6336 JUMP                 -> 6337  ; line 991
6337 LOAD_CONST           R25 constant[1326]  ; line 993
6338 BINARY               a=24 b=25 c=26 imm=0  ; line 993
6339 MOVE                 R24 <- R26  ; line 993
6340 JUMP                 -> 6315  ; line 993
6341 MOVE                 R25 <- R7  ; line 995
6342 MOVE                 R26 <- R21  ; line 995
6343 HOST_CALL            a=27 b=11 c=25 imm=2  ; line 995
6344 MOVE                 R28 <- R27  ; line 995
6345 MOVE                 R29 <- R20  ; line 995
6346 HOST_CALL            a=30 b=11 c=28 imm=2  ; line 995
6347 MOVE                 R31 <- R30  ; line 995
6348 CALL                 a=32 b=56 c=31 imm=1  ; line 995
6349 LOAD_CONST           R33 constant[1327]  ; line 995
6350 COMPARE              a=32 b=33 c=34 imm=2  ; line 995
6351 JUMP_IF_FALSE        R34 -> 6371  ; line 995
6352 LOAD_CONST           R25 constant[1328]  ; line 996
6353 LOAD_CONST           R26 constant[1329]  ; line 996
6354 LOAD_CONST           R27 constant[1330]  ; line 996
6355 LOAD_CONST           R28 constant[1331]  ; line 996
6356 LOAD_CONST           R29 constant[1332]  ; line 996
6357 LOAD_CONST           R30 constant[1333]  ; line 996
6358 LOAD_CONST           R31 constant[1334]  ; line 996
6359 MOVE                 R32 <- R26  ; line 996
6360 MOVE                 R33 <- R27  ; line 996
6361 MOVE                 R34 <- R28  ; line 996
6362 MOVE                 R35 <- R29  ; line 996
6363 MOVE                 R36 <- R30  ; line 996
6364 MOVE                 R37 <- R31  ; line 996
6365 HOST_CALL            a=38 b=6 c=32 imm=6  ; line 996
6366 MOVE                 R39 <- R25  ; line 996
6367 MOVE                 R40 <- R38  ; line 996
6368 ARRAY_NEW            a=41 b=39 c=2 imm=4294967295  ; line 996
6369 RETURN               R41  ; line 996
6370 JUMP                 -> 6371  ; line 996
6371 COMPARE              a=21 b=20 c=25 imm=1  ; line 998
6372 JUMP_IF_FALSE        R25 -> 6404  ; line 998
6373 MOVE                 R25 <- R7  ; line 999
6374 MOVE                 R26 <- R20  ; line 999
6375 HOST_CALL            a=27 b=11 c=25 imm=2  ; line 999
6376 MOVE                 R28 <- R27  ; line 999
6377 MOVE                 R29 <- R7  ; line 1000
6378 MOVE                 R30 <- R21  ; line 1000
6379 HOST_CALL            a=31 b=11 c=29 imm=2  ; line 1000
6380 MOVE                 R32 <- R7  ; line 1000
6381 MOVE                 R33 <- R20  ; line 1000
6382 MOVE                 R34 <- R31  ; line 1000
6383 HOST_CALL            a=35 b=12 c=32 imm=3  ; line 1000
6384 MOVE                 R29 <- R7  ; line 1001
6385 MOVE                 R30 <- R21  ; line 1001
6386 MOVE                 R31 <- R28  ; line 1001
6387 HOST_CALL            a=32 b=12 c=29 imm=3  ; line 1001
6388 MOVE                 R29 <- R10  ; line 1002
6389 MOVE                 R30 <- R20  ; line 1002
6390 HOST_CALL            a=31 b=11 c=29 imm=2  ; line 1002
6391 MOVE                 R32 <- R31  ; line 1002
6392 MOVE                 R33 <- R10  ; line 1003
6393 MOVE                 R34 <- R21  ; line 1003
6394 HOST_CALL            a=35 b=11 c=33 imm=2  ; line 1003
6395 MOVE                 R36 <- R10  ; line 1003
6396 MOVE                 R37 <- R20  ; line 1003
6397 MOVE                 R38 <- R35  ; line 1003
6398 HOST_CALL            a=39 b=12 c=36 imm=3  ; line 1003
6399 MOVE                 R33 <- R10  ; line 1004
6400 MOVE                 R34 <- R21  ; line 1004
6401 MOVE                 R35 <- R32  ; line 1004
6402 HOST_CALL            a=36 b=12 c=33 imm=3  ; line 1004
6403 JUMP                 -> 6404  ; line 1004
6404 MOVE                 R33 <- R7  ; line 1006
6405 MOVE                 R34 <- R20  ; line 1006
6406 HOST_CALL            a=35 b=11 c=33 imm=2  ; line 1006
6407 MOVE                 R36 <- R35  ; line 1006
6408 MOVE                 R37 <- R10  ; line 1007
6409 MOVE                 R38 <- R20  ; line 1007
6410 HOST_CALL            a=39 b=11 c=37 imm=2  ; line 1007
6411 MOVE                 R40 <- R39  ; line 1007
6412 MOVE                 R41 <- R36  ; line 1008
6413 MOVE                 R42 <- R20  ; line 1008
6414 HOST_CALL            a=43 b=11 c=41 imm=2  ; line 1008
6415 MOVE                 R44 <- R43  ; line 1008
6416 LOAD_CONST           R45 constant[1335]  ; line 1009
6417 MOVE                 R46 <- R45  ; line 1009
6418 COMPARE              a=46 b=3 c=47 imm=2  ; line 1010
6419 JUMP_IF_FALSE        R47 -> 6440  ; line 1010
6420 MOVE                 R47 <- R36  ; line 1011
6421 MOVE                 R48 <- R46  ; line 1011
6422 HOST_CALL            a=49 b=11 c=47 imm=2  ; line 1011
6423 BINARY               a=49 b=44 c=50 imm=3  ; line 1011
6424 MOVE                 R51 <- R36  ; line 1011
6425 MOVE                 R52 <- R46  ; line 1011
6426 MOVE                 R53 <- R50  ; line 1011
6427 HOST_CALL            a=54 b=12 c=51 imm=3  ; line 1011
6428 MOVE                 R47 <- R40  ; line 1012
6429 MOVE                 R48 <- R46  ; line 1012
6430 HOST_CALL            a=49 b=11 c=47 imm=2  ; line 1012
6431 BINARY               a=49 b=44 c=50 imm=3  ; line 1012
6432 MOVE                 R51 <- R40  ; line 1012
6433 MOVE                 R52 <- R46  ; line 1012
6434 MOVE                 R53 <- R50  ; line 1012
6435 HOST_CALL            a=54 b=12 c=51 imm=3  ; line 1012
6436 LOAD_CONST           R47 constant[1336]  ; line 1013
6437 BINARY               a=46 b=47 c=48 imm=0  ; line 1013
6438 MOVE                 R46 <- R48  ; line 1013
6439 JUMP                 -> 6418  ; line 1013
6440 LOAD_CONST           R47 constant[1337]  ; line 1015
6441 MOVE                 R12 <- R47  ; line 1015
6442 COMPARE              a=12 b=3 c=47 imm=2  ; line 1016
6443 JUMP_IF_FALSE        R47 -> 6498  ; line 1016
6444 COMPARE              a=12 b=20 c=47 imm=1  ; line 1017
6445 JUMP_IF_FALSE        R47 -> 6494  ; line 1017
6446 MOVE                 R47 <- R7  ; line 1018
6447 MOVE                 R48 <- R12  ; line 1018
6448 HOST_CALL            a=49 b=11 c=47 imm=2  ; line 1018
6449 MOVE                 R50 <- R49  ; line 1018
6450 MOVE                 R51 <- R20  ; line 1018
6451 HOST_CALL            a=52 b=11 c=50 imm=2  ; line 1018
6452 MOVE                 R53 <- R52  ; line 1018
6453 MOVE                 R54 <- R7  ; line 1019
6454 MOVE                 R55 <- R12  ; line 1019
6455 HOST_CALL            a=56 b=11 c=54 imm=2  ; line 1019
6456 MOVE                 R57 <- R56  ; line 1019
6457 MOVE                 R58 <- R10  ; line 1020
6458 MOVE                 R59 <- R12  ; line 1020
6459 HOST_CALL            a=60 b=11 c=58 imm=2  ; line 1020
6460 MOVE                 R61 <- R60  ; line 1020
6461 LOAD_CONST           R62 constant[1338]  ; line 1021
6462 MOVE                 R46 <- R62  ; line 1021
6463 COMPARE              a=46 b=3 c=62 imm=2  ; line 1022
6464 JUMP_IF_FALSE        R62 -> 6493  ; line 1022
6465 MOVE                 R62 <- R57  ; line 1023
6466 MOVE                 R63 <- R46  ; line 1023
6467 HOST_CALL            a=64 b=11 c=62 imm=2  ; line 1023
6468 MOVE                 R65 <- R36  ; line 1023
6469 MOVE                 R66 <- R46  ; line 1023
6470 HOST_CALL            a=67 b=11 c=65 imm=2  ; line 1023
6471 BINARY               a=53 b=67 c=68 imm=2  ; line 1023
6472 BINARY               a=64 b=68 c=69 imm=1  ; line 1023
6473 MOVE                 R70 <- R57  ; line 1023
6474 MOVE                 R71 <- R46  ; line 1023
6475 MOVE                 R72 <- R69  ; line 1023
6476 HOST_CALL            a=73 b=12 c=70 imm=3  ; line 1023
6477 MOVE                 R62 <- R61  ; line 1024
6478 MOVE                 R63 <- R46  ; line 1024
6479 HOST_CALL            a=64 b=11 c=62 imm=2  ; line 1024
6480 MOVE                 R65 <- R40  ; line 1024
6481 MOVE                 R66 <- R46  ; line 1024
6482 HOST_CALL            a=67 b=11 c=65 imm=2  ; line 1024
6483 BINARY               a=53 b=67 c=68 imm=2  ; line 1024
6484 BINARY               a=64 b=68 c=69 imm=1  ; line 1024
6485 MOVE                 R70 <- R61  ; line 1024
6486 MOVE                 R71 <- R46  ; line 1024
6487 MOVE                 R72 <- R69  ; line 1024
6488 HOST_CALL            a=73 b=12 c=70 imm=3  ; line 1024
6489 LOAD_CONST           R62 constant[1339]  ; line 1025
6490 BINARY               a=46 b=62 c=63 imm=0  ; line 1025
6491 MOVE                 R46 <- R63  ; line 1025
6492 JUMP                 -> 6463  ; line 1025
6493 JUMP                 -> 6494  ; line 1025
6494 LOAD_CONST           R62 constant[1340]  ; line 1028
6495 BINARY               a=12 b=62 c=63 imm=0  ; line 1028
6496 MOVE                 R12 <- R63  ; line 1028
6497 JUMP                 -> 6442  ; line 1028
6498 LOAD_CONST           R62 constant[1341]  ; line 1030
6499 BINARY               a=20 b=62 c=63 imm=0  ; line 1030
6500 MOVE                 R20 <- R63  ; line 1030
6501 JUMP                 -> 6309  ; line 1030
6502 LOAD_CONST           R62 constant[1342]  ; line 1032
6503 MOVE                 R63 <- R62  ; line 1032
6504 MOVE                 R64 <- R10  ; line 1032
6505 ARRAY_NEW            a=65 b=63 c=2 imm=4294967295  ; line 1032
6506 RETURN               R65  ; line 1032
6507 LOAD_CONST           R66 constant[1343]  ; line 1032
6508 RETURN               R66  ; line 1032
6509 MOVE                 R2 <- R0  ; line 1036
6510 HOST_CALL            a=3 b=61 c=2 imm=1  ; line 1036
6511 LOAD_CONST           R4 constant[1344]  ; line 1036
6512 MOVE                 R5 <- R3  ; line 1036
6513 MOVE                 R6 <- R4  ; line 1036
6514 HOST_CALL            a=7 b=11 c=5 imm=2  ; line 1036
6515 MOVE                 R8 <- R7  ; line 1036
6516 MOVE                 R9 <- R8  ; line 1037
6517 CALL                 a=10 b=63 c=9 imm=1  ; line 1037
6518 MOVE                 R11 <- R10  ; line 1037
6519 LOAD_CONST           R12 constant[1345]  ; line 1038
6520 MOVE                 R13 <- R12  ; line 1038
6521 COMPARE              a=13 b=8 c=14 imm=2  ; line 1039
6522 JUMP_IF_FALSE        R14 -> 6537  ; line 1039
6523 MOVE                 R14 <- R1  ; line 1040
6524 MOVE                 R15 <- R13  ; line 1040
6525 ARRAY_NEW            a=16 b=14 c=2 imm=4294967295  ; line 1040
6526 MOVE                 R17 <- R0  ; line 1040
6527 MOVE                 R18 <- R16  ; line 1040
6528 HOST_CALL            a=19 b=11 c=17 imm=2  ; line 1040
6529 MOVE                 R20 <- R11  ; line 1040
6530 MOVE                 R21 <- R13  ; line 1040
6531 MOVE                 R22 <- R19  ; line 1040
6532 HOST_CALL            a=23 b=12 c=20 imm=3  ; line 1040
6533 LOAD_CONST           R14 constant[1346]  ; line 1041
6534 BINARY               a=13 b=14 c=15 imm=0  ; line 1041
6535 MOVE                 R13 <- R15  ; line 1041
6536 JUMP                 -> 6521  ; line 1041
6537 RETURN               R11  ; line 1043
6538 LOAD_CONST           R14 constant[1347]  ; line 1043
6539 RETURN               R14  ; line 1043
6540 LOAD_CONST           R2 constant[1348]  ; line 1047
6541 MOVE                 R3 <- R1  ; line 1047
6542 MOVE                 R4 <- R2  ; line 1047
6543 HOST_CALL            a=5 b=11 c=3 imm=2  ; line 1047
6544 MOVE                 R6 <- R5  ; line 1047
6545 CALL                 a=7 b=82 c=6 imm=1  ; line 1047
6546 MOVE                 R8 <- R7  ; line 1047
6547 LOAD_CONST           R9 constant[1349]  ; line 1048
6548 MOVE                 R10 <- R1  ; line 1048
6549 MOVE                 R11 <- R9  ; line 1048
6550 HOST_CALL            a=12 b=11 c=10 imm=2  ; line 1048
6551 MOVE                 R13 <- R12  ; line 1048
6552 CALL                 a=14 b=82 c=13 imm=1  ; line 1048
6553 MOVE                 R15 <- R14  ; line 1048
6554 LOAD_CONST           R16 constant[1350]  ; line 1049
6555 MOVE                 R17 <- R1  ; line 1049
6556 MOVE                 R18 <- R16  ; line 1049
6557 HOST_CALL            a=19 b=11 c=17 imm=2  ; line 1049
6558 MOVE                 R20 <- R19  ; line 1049
6559 CALL                 a=21 b=82 c=20 imm=1  ; line 1049
6560 MOVE                 R22 <- R21  ; line 1049
6561 LOAD_CONST           R23 constant[1351]  ; line 1050
6562 MOVE                 R24 <- R1  ; line 1050
6563 MOVE                 R25 <- R23  ; line 1050
6564 HOST_CALL            a=26 b=11 c=24 imm=2  ; line 1050
6565 MOVE                 R27 <- R26  ; line 1050
6566 CALL                 a=28 b=82 c=27 imm=1  ; line 1050
6567 MOVE                 R29 <- R28  ; line 1050
6568 LOAD_CONST           R30 constant[1352]  ; line 1051
6569 MOVE                 R31 <- R1  ; line 1051
6570 MOVE                 R32 <- R30  ; line 1051
6571 HOST_CALL            a=33 b=11 c=31 imm=2  ; line 1051
6572 MOVE                 R34 <- R33  ; line 1051
6573 CALL                 a=35 b=83 c=34 imm=1  ; line 1051
6574 MOVE                 R36 <- R35  ; line 1051
6575 LOAD_CONST           R37 constant[1353]  ; line 1052
6576 MOVE                 R38 <- R1  ; line 1052
6577 MOVE                 R39 <- R37  ; line 1052
6578 HOST_CALL            a=40 b=11 c=38 imm=2  ; line 1052
6579 MOVE                 R41 <- R40  ; line 1052
6580 CALL                 a=42 b=82 c=41 imm=1  ; line 1052
6581 MOVE                 R43 <- R42  ; line 1052
6582 MOVE                 R44 <- R36  ; line 1053
6583 HOST_CALL            a=45 b=26 c=44 imm=1  ; line 1053
6584 MOVE                 R46 <- R45  ; line 1053
6585 CALL                 a=47 b=81 c=46 imm=1  ; line 1053
6586 MOVE                 R48 <- R47  ; line 1053
6587 LOAD_CONST           R49 constant[1354]  ; line 1054
6588 MOVE                 R50 <- R49  ; line 1054
6589 HOST_CALL            a=51 b=22 c=50 imm=1  ; line 1054
6590 MOVE                 R52 <- R51  ; line 1054
6591 LOAD_CONST           R53 constant[1355]  ; line 1055
6592 MOVE                 R54 <- R53  ; line 1055
6593 HOST_CALL            a=55 b=22 c=54 imm=1  ; line 1055
6594 MOVE                 R56 <- R55  ; line 1055
6595 LOAD_CONST           R57 constant[1356]  ; line 1056
6596 MOVE                 R58 <- R57  ; line 1056
6597 HOST_CALL            a=59 b=22 c=58 imm=1  ; line 1056
6598 MOVE                 R60 <- R59  ; line 1056
6599 LOAD_CONST           R61 constant[1357]  ; line 1057
6600 MOVE                 R62 <- R61  ; line 1057
6601 HOST_CALL            a=63 b=22 c=62 imm=1  ; line 1057
6602 MOVE                 R64 <- R63  ; line 1057
6603 LOAD_CONST           R65 constant[1358]  ; line 1058
6604 MOVE                 R66 <- R65  ; line 1058
6605 MOVE                 R67 <- R0  ; line 1059
6606 HOST_CALL            a=68 b=61 c=67 imm=1  ; line 1059
6607 LOAD_CONST           R69 constant[1359]  ; line 1059
6608 MOVE                 R70 <- R68  ; line 1059
6609 MOVE                 R71 <- R69  ; line 1059
6610 HOST_CALL            a=72 b=11 c=70 imm=2  ; line 1059
6611 COMPARE              a=66 b=72 c=73 imm=2  ; line 1059
6612 JUMP_IF_FALSE        R73 -> 6708  ; line 1059
6613 MOVE                 R67 <- R8  ; line 1060
6614 MOVE                 R68 <- R36  ; line 1060
6615 CALL                 a=69 b=88 c=67 imm=2  ; line 1060
6616 MOVE                 R70 <- R69  ; line 1060
6617 MOVE                 R71 <- R8  ; line 1061
6618 MOVE                 R72 <- R43  ; line 1061
6619 CALL                 a=73 b=87 c=71 imm=2  ; line 1061
6620 MOVE                 R74 <- R8  ; line 1061
6621 CALL                 a=75 b=84 c=74 imm=1  ; line 1061
6622 MOVE                 R76 <- R73  ; line 1061
6623 MOVE                 R77 <- R75  ; line 1061
6624 CALL                 a=78 b=87 c=76 imm=2  ; line 1061
6625 MOVE                 R79 <- R78  ; line 1061
6626 MOVE                 R80 <- R22  ; line 1061
6627 CALL                 a=81 b=85 c=79 imm=2  ; line 1061
6628 MOVE                 R82 <- R81  ; line 1061
6629 MOVE                 R83 <- R0  ; line 1062
6630 MOVE                 R84 <- R66  ; line 1062
6631 CALL                 a=85 b=92 c=83 imm=2  ; line 1062
6632 MOVE                 R86 <- R15  ; line 1062
6633 MOVE                 R87 <- R70  ; line 1062
6634 CALL                 a=88 b=88 c=86 imm=2  ; line 1062
6635 MOVE                 R89 <- R85  ; line 1062
6636 MOVE                 R90 <- R88  ; line 1062
6637 CALL                 a=91 b=90 c=89 imm=2  ; line 1062
6638 MOVE                 R92 <- R91  ; line 1062
6639 MOVE                 R93 <- R15  ; line 1063
6640 MOVE                 R94 <- R82  ; line 1063
6641 CALL                 a=95 b=87 c=93 imm=2  ; line 1063
6642 MOVE                 R96 <- R15  ; line 1063
6643 CALL                 a=97 b=84 c=96 imm=1  ; line 1063
6644 MOVE                 R98 <- R95  ; line 1063
6645 MOVE                 R99 <- R97  ; line 1063
6646 CALL                 a=100 b=87 c=98 imm=2  ; line 1063
6647 MOVE                 R101 <- R100  ; line 1063
6648 MOVE                 R102 <- R29  ; line 1063
6649 CALL                 a=103 b=85 c=101 imm=2  ; line 1063
6650 MOVE                 R104 <- R103  ; line 1063
6651 MOVE                 R105 <- R104  ; line 1064
6652 CALL                 a=106 b=91 c=105 imm=1  ; line 1064
6653 MOVE                 R107 <- R106  ; line 1064
6654 LOAD_CONST           R108 constant[1360]  ; line 1065
6655 MOVE                 R109 <- R107  ; line 1065
6656 MOVE                 R110 <- R108  ; line 1065
6657 HOST_CALL            a=111 b=11 c=109 imm=2  ; line 1065
6658 UNARY                a=111 b=112 c=4294967295 imm=1  ; line 1065
6659 JUMP_IF_FALSE        R112 -> 6662  ; line 1065
6660 RETURN               R107  ; line 1065
6661 JUMP                 -> 6662  ; line 1065
6662 MOVE                 R108 <- R15  ; line 1066
6663 CALL                 a=109 b=84 c=108 imm=1  ; line 1066
6664 MOVE                 R110 <- R82  ; line 1066
6665 MOVE                 R111 <- R109  ; line 1066
6666 CALL                 a=112 b=87 c=110 imm=2  ; line 1066
6667 LOAD_CONST           R113 constant[1361]  ; line 1066
6668 MOVE                 R114 <- R107  ; line 1066
6669 MOVE                 R115 <- R113  ; line 1066
6670 HOST_CALL            a=116 b=11 c=114 imm=2  ; line 1066
6671 MOVE                 R117 <- R112  ; line 1066
6672 MOVE                 R118 <- R116  ; line 1066
6673 CALL                 a=119 b=87 c=117 imm=2  ; line 1066
6674 MOVE                 R120 <- R119  ; line 1066
6675 MOVE                 R121 <- R120  ; line 1067
6676 MOVE                 R122 <- R92  ; line 1067
6677 CALL                 a=123 b=88 c=121 imm=2  ; line 1067
6678 MOVE                 R124 <- R70  ; line 1067
6679 MOVE                 R125 <- R123  ; line 1067
6680 CALL                 a=126 b=89 c=124 imm=2  ; line 1067
6681 MOVE                 R36 <- R126  ; line 1067
6682 MOVE                 R121 <- R120  ; line 1068
6683 MOVE                 R122 <- R15  ; line 1068
6684 CALL                 a=123 b=87 c=121 imm=2  ; line 1068
6685 MOVE                 R124 <- R48  ; line 1068
6686 MOVE                 R125 <- R123  ; line 1068
6687 CALL                 a=126 b=86 c=124 imm=2  ; line 1068
6688 MOVE                 R127 <- R126  ; line 1068
6689 MOVE                 R128 <- R82  ; line 1068
6690 CALL                 a=129 b=87 c=127 imm=2  ; line 1068
6691 MOVE                 R43 <- R129  ; line 1068
6692 MOVE                 R121 <- R60  ; line 1069
6693 MOVE                 R122 <- R70  ; line 1069
6694 HOST_CALL            a=123 b=23 c=121 imm=2  ; line 1069
6695 MOVE                 R121 <- R64  ; line 1070
6696 MOVE                 R122 <- R82  ; line 1070
6697 HOST_CALL            a=123 b=23 c=121 imm=2  ; line 1070
6698 MOVE                 R121 <- R52  ; line 1071
6699 MOVE                 R122 <- R36  ; line 1071
6700 HOST_CALL            a=123 b=23 c=121 imm=2  ; line 1071
6701 MOVE                 R121 <- R56  ; line 1072
6702 MOVE                 R122 <- R43  ; line 1072
6703 HOST_CALL            a=123 b=23 c=121 imm=2  ; line 1072
6704 LOAD_CONST           R121 constant[1362]  ; line 1073
6705 BINARY               a=66 b=121 c=122 imm=0  ; line 1073
6706 MOVE                 R66 <- R122  ; line 1073
6707 JUMP                 -> 6605  ; line 1073
6708 LOAD_CONST           R121 constant[1363]  ; line 1075
6709 LOAD_CONST           R122 constant[1364]  ; line 1075
6710 LOAD_CONST           R123 constant[1365]  ; line 1075
6711 LOAD_CONST           R124 constant[1366]  ; line 1075
6712 LOAD_CONST           R125 constant[1367]  ; line 1075
6713 MOVE                 R126 <- R122  ; line 1075
6714 MOVE                 R127 <- R52  ; line 1075
6715 MOVE                 R128 <- R123  ; line 1075
6716 MOVE                 R129 <- R56  ; line 1075
6717 MOVE                 R130 <- R124  ; line 1075
6718 MOVE                 R131 <- R60  ; line 1075
6719 MOVE                 R132 <- R125  ; line 1075
6720 MOVE                 R133 <- R64  ; line 1075
6721 HOST_CALL            a=134 b=6 c=126 imm=8  ; line 1075
6722 MOVE                 R135 <- R121  ; line 1075
6723 MOVE                 R136 <- R134  ; line 1075
6724 ARRAY_NEW            a=137 b=135 c=2 imm=4294967295  ; line 1075
6725 RETURN               R137  ; line 1075
6726 LOAD_CONST           R138 constant[1368]  ; line 1075
6727 RETURN               R138  ; line 1075
6728 MOVE                 R2 <- R0  ; line 1080
6729 CALL                 a=3 b=62 c=2 imm=1  ; line 1080
6730 MOVE                 R4 <- R3  ; line 1080
6731 LOAD_CONST           R5 constant[1369]  ; line 1081
6732 MOVE                 R6 <- R5  ; line 1081
6733 HOST_CALL            a=7 b=22 c=6 imm=1  ; line 1081
6734 MOVE                 R8 <- R7  ; line 1081
6735 LOAD_CONST           R9 constant[1370]  ; line 1082
6736 MOVE                 R10 <- R9  ; line 1082
6737 HOST_CALL            a=11 b=22 c=10 imm=1  ; line 1082
6738 MOVE                 R12 <- R11  ; line 1082
6739 LOAD_CONST           R13 constant[1371]  ; line 1083
6740 MOVE                 R14 <- R13  ; line 1083
6741 HOST_CALL            a=15 b=22 c=14 imm=1  ; line 1083
6742 MOVE                 R16 <- R15  ; line 1083
6743 LOAD_CONST           R17 constant[1372]  ; line 1084
6744 MOVE                 R18 <- R17  ; line 1084
6745 HOST_CALL            a=19 b=22 c=18 imm=1  ; line 1084
6746 MOVE                 R20 <- R19  ; line 1084
6747 LOAD_CONST           R21 constant[1373]  ; line 1085
6748 MOVE                 R22 <- R1  ; line 1085
6749 MOVE                 R23 <- R21  ; line 1085
6750 HOST_CALL            a=24 b=11 c=22 imm=2  ; line 1085
6751 MOVE                 R25 <- R24  ; line 1085
6752 LOAD_CONST           R26 constant[1374]  ; line 1086
6753 MOVE                 R27 <- R1  ; line 1086
6754 MOVE                 R28 <- R26  ; line 1086
6755 HOST_CALL            a=29 b=11 c=27 imm=2  ; line 1086
6756 MOVE                 R30 <- R29  ; line 1086
6757 LOAD_CONST           R31 constant[1375]  ; line 1087
6758 MOVE                 R32 <- R31  ; line 1087
6759 COMPARE              a=32 b=4 c=33 imm=2  ; line 1088
6760 JUMP_IF_FALSE        R33 -> 6843  ; line 1088
6761 LOAD_CONST           R33 constant[1376]  ; line 1089
6762 MOVE                 R34 <- R1  ; line 1089
6763 MOVE                 R35 <- R33  ; line 1089
6764 HOST_CALL            a=36 b=11 c=34 imm=2  ; line 1089
6765 BINARY               a=36 b=25 c=37 imm=2  ; line 1089
6766 MOVE                 R38 <- R37  ; line 1089
6767 LOAD_CONST           R39 constant[1377]  ; line 1090
6768 MOVE                 R40 <- R1  ; line 1090
6769 MOVE                 R41 <- R39  ; line 1090
6770 HOST_CALL            a=42 b=11 c=40 imm=2  ; line 1090
6771 BINARY               a=42 b=30 c=43 imm=2  ; line 1090
6772 LOAD_CONST           R44 constant[1378]  ; line 1090
6773 MOVE                 R45 <- R1  ; line 1090
6774 MOVE                 R46 <- R44  ; line 1090
6775 HOST_CALL            a=47 b=11 c=45 imm=2  ; line 1090
6776 BINARY               a=43 b=47 c=48 imm=2  ; line 1090
6777 LOAD_CONST           R49 constant[1379]  ; line 1090
6778 MOVE                 R50 <- R1  ; line 1090
6779 MOVE                 R51 <- R49  ; line 1090
6780 HOST_CALL            a=52 b=11 c=50 imm=2  ; line 1090
6781 BINARY               a=48 b=52 c=53 imm=0  ; line 1090
6782 MOVE                 R54 <- R53  ; line 1090
6783 LOAD_CONST           R55 constant[1380]  ; line 1091
6784 MOVE                 R56 <- R1  ; line 1091
6785 MOVE                 R57 <- R55  ; line 1091
6786 HOST_CALL            a=58 b=11 c=56 imm=2  ; line 1091
6787 BINARY               a=58 b=54 c=59 imm=2  ; line 1091
6788 LOAD_CONST           R60 constant[1381]  ; line 1091
6789 MOVE                 R61 <- R1  ; line 1091
6790 MOVE                 R62 <- R60  ; line 1091
6791 HOST_CALL            a=63 b=11 c=61 imm=2  ; line 1091
6792 BINARY               a=59 b=63 c=64 imm=2  ; line 1091
6793 LOAD_CONST           R65 constant[1382]  ; line 1091
6794 MOVE                 R66 <- R1  ; line 1091
6795 MOVE                 R67 <- R65  ; line 1091
6796 HOST_CALL            a=68 b=11 c=66 imm=2  ; line 1091
6797 BINARY               a=64 b=68 c=69 imm=0  ; line 1091
6798 MOVE                 R70 <- R69  ; line 1091
6799 LOAD_CONST           R71 constant[1383]  ; line 1092
6800 MOVE                 R72 <- R1  ; line 1092
6801 MOVE                 R73 <- R71  ; line 1092
6802 HOST_CALL            a=74 b=11 c=72 imm=2  ; line 1092
6803 BINARY               a=54 b=74 c=75 imm=2  ; line 1092
6804 BINARY               a=75 b=70 c=76 imm=3  ; line 1092
6805 MOVE                 R77 <- R76  ; line 1092
6806 MOVE                 R78 <- R0  ; line 1093
6807 MOVE                 R79 <- R32  ; line 1093
6808 HOST_CALL            a=80 b=11 c=78 imm=2  ; line 1093
6809 LOAD_CONST           R81 constant[1384]  ; line 1093
6810 MOVE                 R82 <- R1  ; line 1093
6811 MOVE                 R83 <- R81  ; line 1093
6812 HOST_CALL            a=84 b=11 c=82 imm=2  ; line 1093
6813 BINARY               a=84 b=38 c=85 imm=2  ; line 1093
6814 BINARY               a=80 b=85 c=86 imm=1  ; line 1093
6815 BINARY               a=77 b=86 c=87 imm=2  ; line 1093
6816 BINARY               a=38 b=87 c=88 imm=0  ; line 1093
6817 MOVE                 R25 <- R88  ; line 1093
6818 LOAD_CONST           R78 constant[1385]  ; line 1094
6819 LOAD_CONST           R79 constant[1386]  ; line 1094
6820 MOVE                 R80 <- R1  ; line 1094
6821 MOVE                 R81 <- R79  ; line 1094
6822 HOST_CALL            a=82 b=11 c=80 imm=2  ; line 1094
6823 BINARY               a=77 b=82 c=83 imm=2  ; line 1094
6824 BINARY               a=78 b=83 c=84 imm=1  ; line 1094
6825 BINARY               a=84 b=54 c=85 imm=2  ; line 1094
6826 MOVE                 R30 <- R85  ; line 1094
6827 MOVE                 R78 <- R16  ; line 1095
6828 MOVE                 R79 <- R38  ; line 1095
6829 HOST_CALL            a=80 b=23 c=78 imm=2  ; line 1095
6830 MOVE                 R78 <- R20  ; line 1096
6831 MOVE                 R79 <- R54  ; line 1096
6832 HOST_CALL            a=80 b=23 c=78 imm=2  ; line 1096
6833 MOVE                 R78 <- R8  ; line 1097
6834 MOVE                 R79 <- R25  ; line 1097
6835 HOST_CALL            a=80 b=23 c=78 imm=2  ; line 1097
6836 MOVE                 R78 <- R12  ; line 1098
6837 MOVE                 R79 <- R30  ; line 1098
6838 HOST_CALL            a=80 b=23 c=78 imm=2  ; line 1098
6839 LOAD_CONST           R78 constant[1387]  ; line 1099
6840 BINARY               a=32 b=78 c=79 imm=0  ; line 1099
6841 MOVE                 R32 <- R79  ; line 1099
6842 JUMP                 -> 6759  ; line 1099
6843 LOAD_CONST           R78 constant[1388]  ; line 1101
6844 LOAD_CONST           R79 constant[1389]  ; line 1101
6845 LOAD_CONST           R80 constant[1390]  ; line 1101
6846 LOAD_CONST           R81 constant[1391]  ; line 1101
6847 MOVE                 R82 <- R78  ; line 1101
6848 MOVE                 R83 <- R8  ; line 1101
6849 MOVE                 R84 <- R79  ; line 1101
6850 MOVE                 R85 <- R12  ; line 1101
6851 MOVE                 R86 <- R80  ; line 1101
6852 MOVE                 R87 <- R16  ; line 1101
6853 MOVE                 R88 <- R81  ; line 1101
6854 MOVE                 R89 <- R20  ; line 1101
6855 HOST_CALL            a=90 b=6 c=82 imm=8  ; line 1101
6856 RETURN               R90  ; line 1101
6857 LOAD_CONST           R91 constant[1392]  ; line 1101
6858 RETURN               R91  ; line 1101
6859 MOVE                 R2 <- R0  ; line 1106
6860 HOST_CALL            a=3 b=86 c=2 imm=1  ; line 1106
6861 LOAD_CONST           R4 constant[1393]  ; line 1106
6862 COMPARE              a=3 b=4 c=5 imm=1  ; line 1106
6863 JUMP_IF_FALSE        R5 -> 6873  ; line 1106
6864 LOAD_CONST           R2 constant[1394]  ; line 1106
6865 LOAD_CONST           R3 constant[1395]  ; line 1106
6866 LOAD_CONST           R4 constant[1396]  ; line 1106
6867 MOVE                 R5 <- R2  ; line 1106
6868 MOVE                 R6 <- R3  ; line 1106
6869 MOVE                 R7 <- R4  ; line 1106
6870 CALL                 a=8 b=53 c=5 imm=3  ; line 1106
6871 RETURN               R8  ; line 1106
6872 JUMP                 -> 6873  ; line 1106
6873 LOAD_CONST           R2 constant[1397]  ; line 1107
6874 MOVE                 R3 <- R0  ; line 1107
6875 MOVE                 R4 <- R2  ; line 1107
6876 HOST_CALL            a=5 b=7 c=3 imm=2  ; line 1107
6877 UNARY                a=5 b=6 c=4294967295 imm=1  ; line 1107
6878 JUMP_IF_FALSE        R6 -> 6888  ; line 1107
6879 LOAD_CONST           R2 constant[1398]  ; line 1107
6880 LOAD_CONST           R3 constant[1399]  ; line 1107
6881 LOAD_CONST           R4 constant[1400]  ; line 1107
6882 MOVE                 R5 <- R2  ; line 1107
6883 MOVE                 R6 <- R3  ; line 1107
6884 MOVE                 R7 <- R4  ; line 1107
6885 CALL                 a=8 b=53 c=5 imm=3  ; line 1107
6886 RETURN               R8  ; line 1107
6887 JUMP                 -> 6888  ; line 1107
6888 LOAD_CONST           R2 constant[1401]  ; line 1108
6889 MOVE                 R3 <- R0  ; line 1108
6890 MOVE                 R4 <- R2  ; line 1108
6891 HOST_CALL            a=5 b=11 c=3 imm=2  ; line 1108
6892 MOVE                 R6 <- R5  ; line 1108
6893 HOST_CALL            a=7 b=86 c=6 imm=1  ; line 1108
6894 LOAD_CONST           R8 constant[1402]  ; line 1108
6895 COMPARE              a=7 b=8 c=9 imm=1  ; line 1108
6896 JUMP_IF_FALSE        R9 -> 6906  ; line 1108
6897 LOAD_CONST           R2 constant[1403]  ; line 1108
6898 LOAD_CONST           R3 constant[1404]  ; line 1108
6899 LOAD_CONST           R4 constant[1405]  ; line 1108
6900 MOVE                 R5 <- R2  ; line 1108
6901 MOVE                 R6 <- R3  ; line 1108
6902 MOVE                 R7 <- R4  ; line 1108
6903 CALL                 a=8 b=53 c=5 imm=3  ; line 1108
6904 RETURN               R8  ; line 1108
6905 JUMP                 -> 6906  ; line 1108
6906 LOAD_CONST           R2 constant[1406]  ; line 1109
6907 MOVE                 R3 <- R0  ; line 1109
6908 MOVE                 R4 <- R2  ; line 1109
6909 HOST_CALL            a=5 b=11 c=3 imm=2  ; line 1109
6910 MOVE                 R6 <- R5  ; line 1109
6911 HOST_CALL            a=7 b=62 c=6 imm=1  ; line 1109
6912 LOAD_CONST           R8 constant[1407]  ; line 1109
6913 COMPARE              a=7 b=8 c=9 imm=0  ; line 1109
6914 JUMP_IF_FALSE        R9 -> 6920  ; line 1109
6915 MOVE                 R2 <- R0  ; line 1109
6916 MOVE                 R3 <- R1  ; line 1109
6917 CALL                 a=4 b=97 c=2 imm=2  ; line 1109
6918 RETURN               R4  ; line 1109
6919 JUMP                 -> 6920  ; line 1109
6920 LOAD_CONST           R2 constant[1408]  ; line 1110
6921 MOVE                 R3 <- R0  ; line 1110
6922 MOVE                 R4 <- R2  ; line 1110
6923 HOST_CALL            a=5 b=11 c=3 imm=2  ; line 1110
6924 MOVE                 R6 <- R5  ; line 1110
6925 CALL                 a=7 b=62 c=6 imm=1  ; line 1110
6926 LOAD_CONST           R8 constant[1409]  ; line 1110
6927 COMPARE              a=7 b=8 c=9 imm=2  ; line 1110
6928 JUMP_IF_FALSE        R9 -> 6938  ; line 1110
6929 LOAD_CONST           R2 constant[1410]  ; line 1110
6930 LOAD_CONST           R3 constant[1411]  ; line 1110
6931 LOAD_CONST           R4 constant[1412]  ; line 1110
6932 MOVE                 R5 <- R2  ; line 1110
6933 MOVE                 R6 <- R3  ; line 1110
6934 MOVE                 R7 <- R4  ; line 1110
6935 CALL                 a=8 b=53 c=5 imm=3  ; line 1110
6936 RETURN               R8  ; line 1110
6937 JUMP                 -> 6938  ; line 1110
6938 LOAD_CONST           R2 constant[1413]  ; line 1111
6939 LOAD_CONST           R3 constant[1414]  ; line 1111
6940 LOAD_CONST           R4 constant[1415]  ; line 1111
6941 MOVE                 R5 <- R1  ; line 1111
6942 MOVE                 R6 <- R3  ; line 1111
6943 MOVE                 R7 <- R4  ; line 1111
6944 CALL                 a=8 b=54 c=5 imm=3  ; line 1111
6945 LOAD_CONST           R9 constant[1416]  ; line 1111
6946 LOAD_CONST           R10 constant[1417]  ; line 1111
6947 LOAD_CONST           R11 constant[1418]  ; line 1111
6948 MOVE                 R12 <- R1  ; line 1111
6949 MOVE                 R13 <- R10  ; line 1111
6950 MOVE                 R14 <- R11  ; line 1111
6951 CALL                 a=15 b=54 c=12 imm=3  ; line 1111
6952 LOAD_CONST           R16 constant[1419]  ; line 1111
6953 LOAD_CONST           R17 constant[1420]  ; line 1111
6954 LOAD_CONST           R18 constant[1421]  ; line 1111
6955 MOVE                 R19 <- R1  ; line 1111
6956 MOVE                 R20 <- R17  ; line 1111
6957 MOVE                 R21 <- R18  ; line 1111
6958 CALL                 a=22 b=54 c=19 imm=3  ; line 1111
6959 LOAD_CONST           R23 constant[1422]  ; line 1111
6960 LOAD_CONST           R24 constant[1423]  ; line 1111
6961 LOAD_CONST           R25 constant[1424]  ; line 1111
6962 MOVE                 R26 <- R1  ; line 1111
6963 MOVE                 R27 <- R24  ; line 1111
6964 MOVE                 R28 <- R25  ; line 1111
6965 CALL                 a=29 b=54 c=26 imm=3  ; line 1111
6966 LOAD_CONST           R30 constant[1425]  ; line 1111
6967 LOAD_CONST           R31 constant[1426]  ; line 1111
6968 LOAD_CONST           R32 constant[1427]  ; line 1111
6969 MOVE                 R33 <- R0  ; line 1111
6970 MOVE                 R34 <- R32  ; line 1111
6971 HOST_CALL            a=35 b=11 c=33 imm=2  ; line 1111
6972 LOAD_CONST           R36 constant[1428]  ; line 1111
6973 MOVE                 R37 <- R35  ; line 1111
6974 MOVE                 R38 <- R36  ; line 1111
6975 HOST_CALL            a=39 b=11 c=37 imm=2  ; line 1111
6976 MOVE                 R40 <- R1  ; line 1111
6977 MOVE                 R41 <- R31  ; line 1111
6978 MOVE                 R42 <- R39  ; line 1111
6979 CALL                 a=43 b=54 c=40 imm=3  ; line 1111
6980 LOAD_CONST           R44 constant[1429]  ; line 1111
6981 LOAD_CONST           R45 constant[1430]  ; line 1111
6982 LOAD_CONST           R46 constant[1431]  ; line 1111
6983 MOVE                 R47 <- R1  ; line 1111
6984 MOVE                 R48 <- R45  ; line 1111
6985 MOVE                 R49 <- R46  ; line 1111
6986 CALL                 a=50 b=54 c=47 imm=3  ; line 1111
6987 LOAD_CONST           R51 constant[1432]  ; line 1111
6988 LOAD_CONST           R52 constant[1433]  ; line 1111
6989 MOVE                 R53 <- R2  ; line 1111
6990 MOVE                 R54 <- R8  ; line 1111
6991 MOVE                 R55 <- R9  ; line 1111
6992 MOVE                 R56 <- R15  ; line 1111
6993 MOVE                 R57 <- R16  ; line 1111
6994 MOVE                 R58 <- R22  ; line 1111
6995 MOVE                 R59 <- R23  ; line 1111
6996 MOVE                 R60 <- R29  ; line 1111
6997 MOVE                 R61 <- R30  ; line 1111
6998 MOVE                 R62 <- R43  ; line 1111
6999 MOVE                 R63 <- R44  ; line 1111
7000 MOVE                 R64 <- R50  ; line 1111
7001 MOVE                 R65 <- R51  ; line 1111
7002 MOVE                 R66 <- R52  ; line 1111
7003 HOST_CALL            a=67 b=6 c=53 imm=14  ; line 1111
7004 MOVE                 R68 <- R67  ; line 1111
7005 LOAD_CONST           R69 constant[1434]  ; line 1117
7006 MOVE                 R70 <- R68  ; line 1117
7007 MOVE                 R71 <- R69  ; line 1117
7008 HOST_CALL            a=72 b=11 c=70 imm=2  ; line 1117
7009 LOAD_CONST           R73 constant[1435]  ; line 1117
7010 COMPARE              a=72 b=73 c=74 imm=2  ; line 1117
7011 JUMP_IF_FALSE        R74 -> 7021  ; line 1117
7012 LOAD_CONST           R69 constant[1436]  ; line 1117
7013 LOAD_CONST           R70 constant[1437]  ; line 1117
7014 LOAD_CONST           R71 constant[1438]  ; line 1117
7015 MOVE                 R72 <- R69  ; line 1117
7016 MOVE                 R73 <- R70  ; line 1117
7017 MOVE                 R74 <- R71  ; line 1117
7018 CALL                 a=75 b=53 c=72 imm=3  ; line 1117
7019 RETURN               R75  ; line 1117
7020 JUMP                 -> 7021  ; line 1117
7021 LOAD_CONST           R69 constant[1439]  ; line 1118
7022 MOVE                 R70 <- R68  ; line 1118
7023 MOVE                 R71 <- R69  ; line 1118
7024 HOST_CALL            a=72 b=11 c=70 imm=2  ; line 1118
7025 LOAD_CONST           R73 constant[1440]  ; line 1118
7026 COMPARE              a=72 b=73 c=74 imm=3  ; line 1118
7027 JUMP_IF_FALSE        R74 -> 7037  ; line 1118
7028 LOAD_CONST           R69 constant[1441]  ; line 1118
7029 LOAD_CONST           R70 constant[1442]  ; line 1118
7030 LOAD_CONST           R71 constant[1443]  ; line 1118
7031 MOVE                 R72 <- R69  ; line 1118
7032 MOVE                 R73 <- R70  ; line 1118
7033 MOVE                 R74 <- R71  ; line 1118
7034 CALL                 a=75 b=53 c=72 imm=3  ; line 1118
7035 RETURN               R75  ; line 1118
7036 JUMP                 -> 7037  ; line 1118
7037 LOAD_CONST           R69 constant[1444]  ; line 1119
7038 MOVE                 R70 <- R68  ; line 1119
7039 MOVE                 R71 <- R69  ; line 1119
7040 HOST_CALL            a=72 b=11 c=70 imm=2  ; line 1119
7041 LOAD_CONST           R73 constant[1445]  ; line 1119
7042 COMPARE              a=72 b=73 c=74 imm=2  ; line 1119
7043 JUMP_IF_FALSE        R74 -> 7053  ; line 1119
7044 LOAD_CONST           R69 constant[1446]  ; line 1119
7045 LOAD_CONST           R70 constant[1447]  ; line 1119
7046 LOAD_CONST           R71 constant[1448]  ; line 1119
7047 MOVE                 R72 <- R69  ; line 1119
7048 MOVE                 R73 <- R70  ; line 1119
7049 MOVE                 R74 <- R71  ; line 1119
7050 CALL                 a=75 b=53 c=72 imm=3  ; line 1119
7051 RETURN               R75  ; line 1119
7052 JUMP                 -> 7053  ; line 1119
7053 LOAD_CONST           R69 constant[1449]  ; line 1120
7054 MOVE                 R70 <- R68  ; line 1120
7055 MOVE                 R71 <- R69  ; line 1120
7056 HOST_CALL            a=72 b=11 c=70 imm=2  ; line 1120
7057 MOVE                 R73 <- R72  ; line 1120
7058 CALL                 a=74 b=55 c=73 imm=1  ; line 1120
7059 UNARY                a=74 b=75 c=4294967295 imm=1  ; line 1120
7060 JUMP_IF_FALSE        R75 -> 7070  ; line 1120
7061 LOAD_CONST           R69 constant[1450]  ; line 1120
7062 LOAD_CONST           R70 constant[1451]  ; line 1120
7063 LOAD_CONST           R71 constant[1452]  ; line 1120
7064 MOVE                 R72 <- R69  ; line 1120
7065 MOVE                 R73 <- R70  ; line 1120
7066 MOVE                 R74 <- R71  ; line 1120
7067 CALL                 a=75 b=53 c=72 imm=3  ; line 1120
7068 RETURN               R75  ; line 1120
7069 JUMP                 -> 7070  ; line 1120
7070 LOAD_CONST           R69 constant[1453]  ; line 1121
7071 MOVE                 R70 <- R68  ; line 1121
7072 MOVE                 R71 <- R69  ; line 1121
7073 HOST_CALL            a=72 b=11 c=70 imm=2  ; line 1121
7074 MOVE                 R73 <- R72  ; line 1121
7075 CALL                 a=74 b=55 c=73 imm=1  ; line 1121
7076 UNARY                a=74 b=75 c=4294967295 imm=1  ; line 1121
7077 JUMP_IF_FALSE        R75 -> 7087  ; line 1121
7078 LOAD_CONST           R69 constant[1454]  ; line 1121
7079 LOAD_CONST           R70 constant[1455]  ; line 1121
7080 LOAD_CONST           R71 constant[1456]  ; line 1121
7081 MOVE                 R72 <- R69  ; line 1121
7082 MOVE                 R73 <- R70  ; line 1121
7083 MOVE                 R74 <- R71  ; line 1121
7084 CALL                 a=75 b=53 c=72 imm=3  ; line 1121
7085 RETURN               R75  ; line 1121
7086 JUMP                 -> 7087  ; line 1121
7087 LOAD_CONST           R69 constant[1457]  ; line 1122
7088 MOVE                 R70 <- R0  ; line 1122
7089 MOVE                 R71 <- R69  ; line 1122
7090 HOST_CALL            a=72 b=11 c=70 imm=2  ; line 1122
7091 MOVE                 R73 <- R72  ; line 1122
7092 MOVE                 R74 <- R68  ; line 1122
7093 CALL                 a=75 b=94 c=73 imm=2  ; line 1122
7094 MOVE                 R76 <- R75  ; line 1122
7095 LOAD_CONST           R77 constant[1458]  ; line 1123
7096 LOAD_CONST           R78 constant[1459]  ; line 1123
7097 LOAD_CONST           R79 constant[1460]  ; line 1123
7098 LOAD_CONST           R80 constant[1461]  ; line 1123
7099 LOAD_CONST           R81 constant[1462]  ; line 1123
7100 LOAD_CONST           R82 constant[1463]  ; line 1123
7101 LOAD_CONST           R83 constant[1464]  ; line 1123
7102 LOAD_CONST           R84 constant[1465]  ; line 1123
7103 LOAD_CONST           R85 constant[1466]  ; line 1123
7104 LOAD_CONST           R86 constant[1467]  ; line 1123
7105 MOVE                 R87 <- R85  ; line 1123
7106 MOVE                 R88 <- R86  ; line 1123
7107 HOST_CALL            a=89 b=6 c=87 imm=2  ; line 1123
7108 LOAD_CONST           R90 constant[1468]  ; line 1123
7109 ARRAY_NEW            a=91 b=91 c=0 imm=4294967295  ; line 1123
7110 LOAD_CONST           R92 constant[1469]  ; line 1123
7111 LOAD_CONST           R93 constant[1470]  ; line 1123
7112 LOAD_CONST           R94 constant[1471]  ; line 1123
7113 MOVE                 R95 <- R0  ; line 1123
7114 MOVE                 R96 <- R94  ; line 1123
7115 HOST_CALL            a=97 b=11 c=95 imm=2  ; line 1123
7116 MOVE                 R98 <- R97  ; line 1123
7117 CALL                 a=99 b=62 c=98 imm=1  ; line 1123
7118 MOVE                 R100 <- R93  ; line 1123
7119 MOVE                 R101 <- R99  ; line 1123
7120 HOST_CALL            a=102 b=6 c=100 imm=2  ; line 1123
7121 LOAD_CONST           R103 constant[1472]  ; line 1123
7122 LOAD_CONST           R104 constant[1473]  ; line 1123
7123 LOAD_CONST           R105 constant[1474]  ; line 1123
7124 LOAD_CONST           R106 constant[1475]  ; line 1123
7125 MOVE                 R107 <- R0  ; line 1123
7126 MOVE                 R108 <- R106  ; line 1123
7127 HOST_CALL            a=109 b=11 c=107 imm=2  ; line 1123
7128 MOVE                 R110 <- R109  ; line 1123
7129 HOST_CALL            a=111 b=60 c=110 imm=1  ; line 1123
7130 LOAD_CONST           R112 constant[1476]  ; line 1123
7131 LOAD_CONST           R113 constant[1477]  ; line 1123
7132 MOVE                 R114 <- R77  ; line 1123
7133 MOVE                 R115 <- R78  ; line 1123
7134 MOVE                 R116 <- R79  ; line 1123
7135 MOVE                 R117 <- R80  ; line 1123
7136 MOVE                 R118 <- R81  ; line 1123
7137 MOVE                 R119 <- R82  ; line 1123
7138 MOVE                 R120 <- R83  ; line 1123
7139 MOVE                 R121 <- R68  ; line 1123
7140 MOVE                 R122 <- R84  ; line 1123
7141 MOVE                 R123 <- R89  ; line 1123
7142 MOVE                 R124 <- R90  ; line 1123
7143 MOVE                 R125 <- R91  ; line 1123
7144 MOVE                 R126 <- R92  ; line 1123
7145 MOVE                 R127 <- R102  ; line 1123
7146 MOVE                 R128 <- R103  ; line 1123
7147 MOVE                 R129 <- R104  ; line 1123
7148 MOVE                 R130 <- R105  ; line 1123
7149 MOVE                 R131 <- R111  ; line 1123
7150 MOVE                 R132 <- R112  ; line 1123
7151 MOVE                 R133 <- R113  ; line 1123
7152 HOST_CALL            a=134 b=6 c=114 imm=20  ; line 1123
7153 MOVE                 R135 <- R134  ; line 1123
7154 LOAD_CONST           R136 constant[1478]  ; line 1126
7155 MOVE                 R137 <- R76  ; line 1126
7156 MOVE                 R138 <- R136  ; line 1126
7157 HOST_CALL            a=139 b=11 c=137 imm=2  ; line 1126
7158 MOVE                 R140 <- R139  ; line 1126
7159 HOST_CALL            a=141 b=72 c=140 imm=1  ; line 1126
7160 LOAD_CONST           R142 constant[1479]  ; line 1126
7161 MOVE                 R143 <- R76  ; line 1126
7162 MOVE                 R144 <- R142  ; line 1126
7163 HOST_CALL            a=145 b=11 c=143 imm=2  ; line 1126
7164 MOVE                 R146 <- R145  ; line 1126
7165 HOST_CALL            a=147 b=72 c=146 imm=1  ; line 1126
7166 LOAD_CONST           R148 constant[1480]  ; line 1126
7167 LOAD_CONST           R149 constant[1481]  ; line 1126
7168 MOVE                 R150 <- R68  ; line 1126
7169 MOVE                 R151 <- R149  ; line 1126
7170 HOST_CALL            a=152 b=11 c=150 imm=2  ; line 1126
7171 MOVE                 R153 <- R148  ; line 1126
7172 MOVE                 R154 <- R152  ; line 1126
7173 HOST_CALL            a=155 b=6 c=153 imm=2  ; line 1126
7174 LOAD_CONST           R156 constant[1482]  ; line 1126
7175 LOAD_CONST           R157 constant[1483]  ; line 1126
7176 LOAD_CONST           R158 constant[1484]  ; line 1126
7177 MOVE                 R159 <- R157  ; line 1126
7178 MOVE                 R160 <- R158  ; line 1126
7179 ARRAY_NEW            a=161 b=159 c=2 imm=4294967295  ; line 1126
7180 MOVE                 R162 <- R135  ; line 1126
7181 MOVE                 R163 <- R141  ; line 1126
7182 MOVE                 R164 <- R147  ; line 1126
7183 MOVE                 R165 <- R155  ; line 1126
7184 MOVE                 R166 <- R156  ; line 1126
7185 MOVE                 R167 <- R161  ; line 1126
7186 CALL                 a=168 b=68 c=162 imm=6  ; line 1126
7187 RETURN               R168  ; line 1126
7188 LOAD_CONST           R169 constant[1485]  ; line 1126
7189 RETURN               R169  ; line 1126
7190 MOVE                 R2 <- R0  ; line 1132
7191 MOVE                 R3 <- R1  ; line 1132
7192 HOST_CALL            a=4 b=7 c=2 imm=2  ; line 1132
7193 UNARY                a=4 b=5 c=4294967295 imm=1  ; line 1132
7194 JUMP_IF_FALSE        R5 -> 7198  ; line 1132
7195 LOAD_CONST           R2 constant[1486]  ; line 1132
7196 RETURN               R2  ; line 1132
7197 JUMP                 -> 7198  ; line 1132
7198 MOVE                 R2 <- R0  ; line 1133
7199 MOVE                 R3 <- R1  ; line 1133
7200 HOST_CALL            a=4 b=11 c=2 imm=2  ; line 1133
7201 MOVE                 R5 <- R4  ; line 1133
7202 HOST_CALL            a=6 b=86 c=5 imm=1  ; line 1133
7203 LOAD_CONST           R7 constant[1487]  ; line 1133
7204 COMPARE              a=6 b=7 c=8 imm=0  ; line 1133
7205 RETURN               R8  ; line 1133
7206 LOAD_CONST           R9 constant[1488]  ; line 1133
7207 RETURN               R9  ; line 1133
7208 LOAD_CONST           R2 constant[1489]  ; line 1137
7209 LOAD_CONST           R3 constant[1490]  ; line 1137
7210 LOAD_CONST           R4 constant[1491]  ; line 1137
7211 LOAD_CONST           R5 constant[1492]  ; line 1137
7212 LOAD_CONST           R6 constant[1493]  ; line 1137
7213 LOAD_CONST           R7 constant[1494]  ; line 1137
7214 MOVE                 R8 <- R2  ; line 1137
7215 MOVE                 R9 <- R3  ; line 1137
7216 MOVE                 R10 <- R4  ; line 1137
7217 MOVE                 R11 <- R5  ; line 1137
7218 MOVE                 R12 <- R6  ; line 1137
7219 MOVE                 R13 <- R7  ; line 1137
7220 ARRAY_NEW            a=14 b=8 c=6 imm=4294967295  ; line 1137
7221 MOVE                 R15 <- R14  ; line 1137
7222 LOAD_CONST           R16 constant[1495]  ; line 1138
7223 MOVE                 R17 <- R16  ; line 1138
7224 MOVE                 R18 <- R15  ; line 1139
7225 HOST_CALL            a=19 b=26 c=18 imm=1  ; line 1139
7226 COMPARE              a=17 b=19 c=20 imm=2  ; line 1139
7227 JUMP_IF_FALSE        R20 -> 7251  ; line 1139
7228 MOVE                 R18 <- R15  ; line 1140
7229 MOVE                 R19 <- R17  ; line 1140
7230 HOST_CALL            a=20 b=11 c=18 imm=2  ; line 1140
7231 MOVE                 R21 <- R1  ; line 1140
7232 MOVE                 R22 <- R20  ; line 1140
7233 CALL                 a=23 b=96 c=21 imm=2  ; line 1140
7234 UNARY                a=23 b=24 c=4294967295 imm=1  ; line 1140
7235 JUMP_IF_FALSE        R24 -> 7247  ; line 1140
7236 LOAD_CONST           R18 constant[1496]  ; line 1141
7237 LOAD_CONST           R19 constant[1497]  ; line 1141
7238 MOVE                 R20 <- R15  ; line 1141
7239 MOVE                 R21 <- R17  ; line 1141
7240 HOST_CALL            a=22 b=11 c=20 imm=2  ; line 1141
7241 MOVE                 R23 <- R18  ; line 1141
7242 MOVE                 R24 <- R19  ; line 1141
7243 MOVE                 R25 <- R22  ; line 1141
7244 CALL                 a=26 b=53 c=23 imm=3  ; line 1141
7245 RETURN               R26  ; line 1141
7246 JUMP                 -> 7247  ; line 1141
7247 LOAD_CONST           R18 constant[1498]  ; line 1143
7248 BINARY               a=17 b=18 c=19 imm=0  ; line 1143
7249 MOVE                 R17 <- R19  ; line 1143
7250 JUMP                 -> 7224  ; line 1143
7251 LOAD_CONST           R18 constant[1499]  ; line 1145
7252 MOVE                 R19 <- R0  ; line 1145
7253 MOVE                 R20 <- R18  ; line 1145
7254 HOST_CALL            a=21 b=11 c=19 imm=2  ; line 1145
7255 MOVE                 R22 <- R21  ; line 1145
7256 MOVE                 R23 <- R22  ; line 1146
7257 HOST_CALL            a=24 b=61 c=23 imm=1  ; line 1146
7258 MOVE                 R25 <- R24  ; line 1146
7259 LOAD_CONST           R26 constant[1500]  ; line 1147
7260 MOVE                 R27 <- R25  ; line 1147
7261 MOVE                 R28 <- R26  ; line 1147
7262 HOST_CALL            a=29 b=11 c=27 imm=2  ; line 1147
7263 LOAD_CONST           R30 constant[1501]  ; line 1147
7264 COMPARE              a=29 b=30 c=31 imm=2  ; line 1147
7265 JUMP_IF_FALSE        R31 -> 7275  ; line 1147
7266 LOAD_CONST           R26 constant[1502]  ; line 1147
7267 LOAD_CONST           R27 constant[1503]  ; line 1147
7268 LOAD_CONST           R28 constant[1504]  ; line 1147
7269 MOVE                 R29 <- R26  ; line 1147
7270 MOVE                 R30 <- R27  ; line 1147
7271 MOVE                 R31 <- R28  ; line 1147
7272 CALL                 a=32 b=53 c=29 imm=3  ; line 1147
7273 RETURN               R32  ; line 1147
7274 JUMP                 -> 7275  ; line 1147
7275 LOAD_CONST           R26 constant[1505]  ; line 1148
7276 MOVE                 R27 <- R1  ; line 1148
7277 MOVE                 R28 <- R26  ; line 1148
7278 HOST_CALL            a=29 b=11 c=27 imm=2  ; line 1148
7279 MOVE                 R30 <- R29  ; line 1148
7280 HOST_CALL            a=31 b=61 c=30 imm=1  ; line 1148
7281 LOAD_CONST           R32 constant[1506]  ; line 1148
7282 MOVE                 R33 <- R31  ; line 1148
7283 MOVE                 R34 <- R32  ; line 1148
7284 HOST_CALL            a=35 b=11 c=33 imm=2  ; line 1148
7285 MOVE                 R36 <- R35  ; line 1148
7286 LOAD_CONST           R37 constant[1507]  ; line 1149
7287 MOVE                 R38 <- R25  ; line 1149
7288 MOVE                 R39 <- R37  ; line 1149
7289 HOST_CALL            a=40 b=11 c=38 imm=2  ; line 1149
7290 MOVE                 R41 <- R40  ; line 1149
7291 LOAD_CONST           R42 constant[1508]  ; line 1150
7292 MOVE                 R43 <- R1  ; line 1150
7293 MOVE                 R44 <- R42  ; line 1150
7294 HOST_CALL            a=45 b=11 c=43 imm=2  ; line 1150
7295 MOVE                 R46 <- R45  ; line 1150
7296 HOST_CALL            a=47 b=62 c=46 imm=1  ; line 1150
7297 LOAD_CONST           R48 constant[1509]  ; line 1150
7298 COMPARE              a=47 b=48 c=49 imm=1  ; line 1150
7299 JUMP_IF_FALSE        R49 -> 7309  ; line 1150
7300 LOAD_CONST           R42 constant[1510]  ; line 1150
7301 LOAD_CONST           R43 constant[1511]  ; line 1150
7302 LOAD_CONST           R44 constant[1512]  ; line 1150
7303 MOVE                 R45 <- R42  ; line 1150
7304 MOVE                 R46 <- R43  ; line 1150
7305 MOVE                 R47 <- R44  ; line 1150
7306 CALL                 a=48 b=53 c=45 imm=3  ; line 1150
7307 RETURN               R48  ; line 1150
7308 JUMP                 -> 7309  ; line 1150
7309 LOAD_CONST           R42 constant[1513]  ; line 1151
7310 MOVE                 R43 <- R1  ; line 1151
7311 MOVE                 R44 <- R42  ; line 1151
7312 HOST_CALL            a=45 b=11 c=43 imm=2  ; line 1151
7313 MOVE                 R46 <- R45  ; line 1151
7314 HOST_CALL            a=47 b=61 c=46 imm=1  ; line 1151
7315 LOAD_CONST           R48 constant[1514]  ; line 1151
7316 MOVE                 R49 <- R47  ; line 1151
7317 MOVE                 R50 <- R48  ; line 1151
7318 HOST_CALL            a=51 b=11 c=49 imm=2  ; line 1151
7319 COMPARE              a=51 b=36 c=52 imm=1  ; line 1151
7320 JUMP_IF_FALSE        R52 -> 7330  ; line 1151
7321 LOAD_CONST           R42 constant[1515]  ; line 1151
7322 LOAD_CONST           R43 constant[1516]  ; line 1151
7323 LOAD_CONST           R44 constant[1517]  ; line 1151
7324 MOVE                 R45 <- R42  ; line 1151
7325 MOVE                 R46 <- R43  ; line 1151
7326 MOVE                 R47 <- R44  ; line 1151
7327 CALL                 a=48 b=53 c=45 imm=3  ; line 1151
7328 RETURN               R48  ; line 1151
7329 JUMP                 -> 7330  ; line 1151
7330 LOAD_CONST           R42 constant[1518]  ; line 1152
7331 MOVE                 R43 <- R1  ; line 1152
7332 MOVE                 R44 <- R42  ; line 1152
7333 HOST_CALL            a=45 b=11 c=43 imm=2  ; line 1152
7334 MOVE                 R46 <- R45  ; line 1152
7335 HOST_CALL            a=47 b=61 c=46 imm=1  ; line 1152
7336 LOAD_CONST           R48 constant[1519]  ; line 1152
7337 MOVE                 R49 <- R47  ; line 1152
7338 MOVE                 R50 <- R48  ; line 1152
7339 HOST_CALL            a=51 b=11 c=49 imm=2  ; line 1152
7340 COMPARE              a=51 b=36 c=52 imm=1  ; line 1152
7341 JUMP_IF_FALSE        R52 -> 7351  ; line 1152
7342 LOAD_CONST           R42 constant[1520]  ; line 1152
7343 LOAD_CONST           R43 constant[1521]  ; line 1152
7344 LOAD_CONST           R44 constant[1522]  ; line 1152
7345 MOVE                 R45 <- R42  ; line 1152
7346 MOVE                 R46 <- R43  ; line 1152
7347 MOVE                 R47 <- R44  ; line 1152
7348 CALL                 a=48 b=53 c=45 imm=3  ; line 1152
7349 RETURN               R48  ; line 1152
7350 JUMP                 -> 7351  ; line 1152
7351 LOAD_CONST           R42 constant[1523]  ; line 1153
7352 MOVE                 R43 <- R1  ; line 1153
7353 MOVE                 R44 <- R42  ; line 1153
7354 HOST_CALL            a=45 b=11 c=43 imm=2  ; line 1153
7355 MOVE                 R46 <- R45  ; line 1153
7356 HOST_CALL            a=47 b=61 c=46 imm=1  ; line 1153
7357 LOAD_CONST           R48 constant[1524]  ; line 1153
7358 MOVE                 R49 <- R47  ; line 1153
7359 MOVE                 R50 <- R48  ; line 1153
7360 HOST_CALL            a=51 b=11 c=49 imm=2  ; line 1153
7361 COMPARE              a=51 b=36 c=52 imm=1  ; line 1153
7362 JUMP_IF_FALSE        R52 -> 7372  ; line 1153
7363 LOAD_CONST           R42 constant[1525]  ; line 1153
7364 LOAD_CONST           R43 constant[1526]  ; line 1153
7365 LOAD_CONST           R44 constant[1527]  ; line 1153
7366 MOVE                 R45 <- R42  ; line 1153
7367 MOVE                 R46 <- R43  ; line 1153
7368 MOVE                 R47 <- R44  ; line 1153
7369 CALL                 a=48 b=53 c=45 imm=3  ; line 1153
7370 RETURN               R48  ; line 1153
7371 JUMP                 -> 7372  ; line 1153
7372 LOAD_CONST           R42 constant[1528]  ; line 1154
7373 MOVE                 R43 <- R1  ; line 1154
7374 MOVE                 R44 <- R42  ; line 1154
7375 HOST_CALL            a=45 b=11 c=43 imm=2  ; line 1154
7376 MOVE                 R46 <- R45  ; line 1154
7377 HOST_CALL            a=47 b=61 c=46 imm=1  ; line 1154
7378 LOAD_CONST           R48 constant[1529]  ; line 1154
7379 MOVE                 R49 <- R47  ; line 1154
7380 MOVE                 R50 <- R48  ; line 1154
7381 HOST_CALL            a=51 b=11 c=49 imm=2  ; line 1154
7382 COMPARE              a=51 b=36 c=52 imm=1  ; line 1154
7383 JUMP_IF_FALSE        R52 -> 7393  ; line 1154
7384 LOAD_CONST           R42 constant[1530]  ; line 1154
7385 LOAD_CONST           R43 constant[1531]  ; line 1154
7386 LOAD_CONST           R44 constant[1532]  ; line 1154
7387 MOVE                 R45 <- R42  ; line 1154
7388 MOVE                 R46 <- R43  ; line 1154
7389 MOVE                 R47 <- R44  ; line 1154
7390 CALL                 a=48 b=53 c=45 imm=3  ; line 1154
7391 RETURN               R48  ; line 1154
7392 JUMP                 -> 7393  ; line 1154
7393 LOAD_CONST           R42 constant[1533]  ; line 1155
7394 MOVE                 R43 <- R1  ; line 1155
7395 MOVE                 R44 <- R42  ; line 1155
7396 HOST_CALL            a=45 b=11 c=43 imm=2  ; line 1155
7397 MOVE                 R46 <- R45  ; line 1155
7398 HOST_CALL            a=47 b=61 c=46 imm=1  ; line 1155
7399 LOAD_CONST           R48 constant[1534]  ; line 1155
7400 MOVE                 R49 <- R47  ; line 1155
7401 MOVE                 R50 <- R48  ; line 1155
7402 HOST_CALL            a=51 b=11 c=49 imm=2  ; line 1155
7403 COMPARE              a=51 b=36 c=52 imm=1  ; line 1155
7404 JUMP_IF_FALSE        R52 -> 7414  ; line 1155
7405 LOAD_CONST           R42 constant[1535]  ; line 1155
7406 LOAD_CONST           R43 constant[1536]  ; line 1155
7407 LOAD_CONST           R44 constant[1537]  ; line 1155
7408 MOVE                 R45 <- R42  ; line 1155
7409 MOVE                 R46 <- R43  ; line 1155
7410 MOVE                 R47 <- R44  ; line 1155
7411 CALL                 a=48 b=53 c=45 imm=3  ; line 1155
7412 RETURN               R48  ; line 1155
7413 JUMP                 -> 7414  ; line 1155
7414 LOAD_CONST           R42 constant[1538]  ; line 1156
7415 MOVE                 R43 <- R1  ; line 1156
7416 MOVE                 R44 <- R42  ; line 1156
7417 HOST_CALL            a=45 b=11 c=43 imm=2  ; line 1156
7418 MOVE                 R46 <- R45  ; line 1156
7419 HOST_CALL            a=47 b=61 c=46 imm=1  ; line 1156
7420 LOAD_CONST           R48 constant[1539]  ; line 1156
7421 MOVE                 R49 <- R47  ; line 1156
7422 MOVE                 R50 <- R48  ; line 1156
7423 HOST_CALL            a=51 b=11 c=49 imm=2  ; line 1156
7424 COMPARE              a=51 b=36 c=52 imm=1  ; line 1156
7425 JUMP_IF_FALSE        R52 -> 7435  ; line 1156
7426 LOAD_CONST           R42 constant[1540]  ; line 1156
7427 LOAD_CONST           R43 constant[1541]  ; line 1156
7428 LOAD_CONST           R44 constant[1542]  ; line 1156
7429 MOVE                 R45 <- R42  ; line 1156
7430 MOVE                 R46 <- R43  ; line 1156
7431 MOVE                 R47 <- R44  ; line 1156
7432 CALL                 a=48 b=53 c=45 imm=3  ; line 1156
7433 RETURN               R48  ; line 1156
7434 JUMP                 -> 7435  ; line 1156
7435 LOAD_CONST           R42 constant[1543]  ; line 1157
7436 MOVE                 R43 <- R1  ; line 1157
7437 MOVE                 R44 <- R42  ; line 1157
7438 HOST_CALL            a=45 b=11 c=43 imm=2  ; line 1157
7439 MOVE                 R46 <- R45  ; line 1157
7440 HOST_CALL            a=47 b=61 c=46 imm=1  ; line 1157
7441 LOAD_CONST           R48 constant[1544]  ; line 1157
7442 MOVE                 R49 <- R47  ; line 1157
7443 MOVE                 R50 <- R48  ; line 1157
7444 HOST_CALL            a=51 b=11 c=49 imm=2  ; line 1157
7445 COMPARE              a=51 b=41 c=52 imm=1  ; line 1157
7446 JUMP_IF_FALSE        R52 -> 7456  ; line 1157
7447 LOAD_CONST           R42 constant[1545]  ; line 1157
7448 LOAD_CONST           R43 constant[1546]  ; line 1157
7449 LOAD_CONST           R44 constant[1547]  ; line 1157
7450 MOVE                 R45 <- R42  ; line 1157
7451 MOVE                 R46 <- R43  ; line 1157
7452 MOVE                 R47 <- R44  ; line 1157
7453 CALL                 a=48 b=53 c=45 imm=3  ; line 1157
7454 RETURN               R48  ; line 1157
7455 JUMP                 -> 7456  ; line 1157
7456 LOAD_CONST           R42 constant[1548]  ; line 1158
7457 MOVE                 R43 <- R1  ; line 1158
7458 MOVE                 R44 <- R42  ; line 1158
7459 HOST_CALL            a=45 b=11 c=43 imm=2  ; line 1158
7460 MOVE                 R46 <- R45  ; line 1158
7461 HOST_CALL            a=47 b=61 c=46 imm=1  ; line 1158
7462 LOAD_CONST           R48 constant[1549]  ; line 1158
7463 MOVE                 R49 <- R47  ; line 1158
7464 MOVE                 R50 <- R48  ; line 1158
7465 HOST_CALL            a=51 b=11 c=49 imm=2  ; line 1158
7466 COMPARE              a=51 b=36 c=52 imm=1  ; line 1158
7467 JUMP_IF_FALSE        R52 -> 7477  ; line 1158
7468 LOAD_CONST           R42 constant[1550]  ; line 1158
7469 LOAD_CONST           R43 constant[1551]  ; line 1158
7470 LOAD_CONST           R44 constant[1552]  ; line 1158
7471 MOVE                 R45 <- R42  ; line 1158
7472 MOVE                 R46 <- R43  ; line 1158
7473 MOVE                 R47 <- R44  ; line 1158
7474 CALL                 a=48 b=53 c=45 imm=3  ; line 1158
7475 RETURN               R48  ; line 1158
7476 JUMP                 -> 7477  ; line 1158
7477 LOAD_CONST           R42 constant[1553]  ; line 1159
7478 MOVE                 R43 <- R1  ; line 1159
7479 MOVE                 R44 <- R42  ; line 1159
7480 HOST_CALL            a=45 b=11 c=43 imm=2  ; line 1159
7481 MOVE                 R46 <- R45  ; line 1159
7482 HOST_CALL            a=47 b=61 c=46 imm=1  ; line 1159
7483 LOAD_CONST           R48 constant[1554]  ; line 1159
7484 MOVE                 R49 <- R47  ; line 1159
7485 MOVE                 R50 <- R48  ; line 1159
7486 HOST_CALL            a=51 b=11 c=49 imm=2  ; line 1159
7487 COMPARE              a=51 b=41 c=52 imm=1  ; line 1159
7488 JUMP_IF_FALSE        R52 -> 7498  ; line 1159
7489 LOAD_CONST           R42 constant[1555]  ; line 1159
7490 LOAD_CONST           R43 constant[1556]  ; line 1159
7491 LOAD_CONST           R44 constant[1557]  ; line 1159
7492 MOVE                 R45 <- R42  ; line 1159
7493 MOVE                 R46 <- R43  ; line 1159
7494 MOVE                 R47 <- R44  ; line 1159
7495 CALL                 a=48 b=53 c=45 imm=3  ; line 1159
7496 RETURN               R48  ; line 1159
7497 JUMP                 -> 7498  ; line 1159
7498 LOAD_CONST           R42 constant[1558]  ; line 1160
7499 MOVE                 R43 <- R1  ; line 1160
7500 MOVE                 R44 <- R42  ; line 1160
7501 HOST_CALL            a=45 b=11 c=43 imm=2  ; line 1160
7502 MOVE                 R46 <- R45  ; line 1160
7503 HOST_CALL            a=47 b=61 c=46 imm=1  ; line 1160
7504 LOAD_CONST           R48 constant[1559]  ; line 1160
7505 MOVE                 R49 <- R47  ; line 1160
7506 MOVE                 R50 <- R48  ; line 1160
7507 HOST_CALL            a=51 b=11 c=49 imm=2  ; line 1160
7508 COMPARE              a=51 b=41 c=52 imm=1  ; line 1160
7509 JUMP_IF_FALSE        R52 -> 7519  ; line 1160
7510 LOAD_CONST           R42 constant[1560]  ; line 1160
7511 LOAD_CONST           R43 constant[1561]  ; line 1160
7512 LOAD_CONST           R44 constant[1562]  ; line 1160
7513 MOVE                 R45 <- R42  ; line 1160
7514 MOVE                 R46 <- R43  ; line 1160
7515 MOVE                 R47 <- R44  ; line 1160
7516 CALL                 a=48 b=53 c=45 imm=3  ; line 1160
7517 RETURN               R48  ; line 1160
7518 JUMP                 -> 7519  ; line 1160
7519 LOAD_CONST           R42 constant[1563]  ; line 1161
7520 LOAD_CONST           R43 constant[1564]  ; line 1161
7521 MOVE                 R44 <- R1  ; line 1161
7522 MOVE                 R45 <- R43  ; line 1161
7523 HOST_CALL            a=46 b=11 c=44 imm=2  ; line 1161
7524 LOAD_CONST           R47 constant[1565]  ; line 1161
7525 LOAD_CONST           R48 constant[1566]  ; line 1161
7526 MOVE                 R49 <- R1  ; line 1161
7527 MOVE                 R50 <- R48  ; line 1161
7528 HOST_CALL            a=51 b=11 c=49 imm=2  ; line 1161
7529 LOAD_CONST           R52 constant[1567]  ; line 1161
7530 LOAD_CONST           R53 constant[1568]  ; line 1161
7531 MOVE                 R54 <- R1  ; line 1161
7532 MOVE                 R55 <- R53  ; line 1161
7533 HOST_CALL            a=56 b=11 c=54 imm=2  ; line 1161
7534 LOAD_CONST           R57 constant[1569]  ; line 1161
7535 LOAD_CONST           R58 constant[1570]  ; line 1161
7536 MOVE                 R59 <- R1  ; line 1161
7537 MOVE                 R60 <- R58  ; line 1161
7538 HOST_CALL            a=61 b=11 c=59 imm=2  ; line 1161
7539 LOAD_CONST           R62 constant[1571]  ; line 1161
7540 LOAD_CONST           R63 constant[1572]  ; line 1161
7541 MOVE                 R64 <- R1  ; line 1161
7542 MOVE                 R65 <- R63  ; line 1161
7543 HOST_CALL            a=66 b=11 c=64 imm=2  ; line 1161
7544 LOAD_CONST           R67 constant[1573]  ; line 1161
7545 LOAD_CONST           R68 constant[1574]  ; line 1161
7546 MOVE                 R69 <- R1  ; line 1161
7547 MOVE                 R70 <- R68  ; line 1161
7548 HOST_CALL            a=71 b=11 c=69 imm=2  ; line 1161
7549 LOAD_CONST           R72 constant[1575]  ; line 1161
7550 LOAD_CONST           R73 constant[1576]  ; line 1161
7551 MOVE                 R74 <- R42  ; line 1161
7552 MOVE                 R75 <- R46  ; line 1161
7553 MOVE                 R76 <- R47  ; line 1161
7554 MOVE                 R77 <- R51  ; line 1161
7555 MOVE                 R78 <- R52  ; line 1161
7556 MOVE                 R79 <- R56  ; line 1161
7557 MOVE                 R80 <- R57  ; line 1161
7558 MOVE                 R81 <- R61  ; line 1161
7559 MOVE                 R82 <- R62  ; line 1161
7560 MOVE                 R83 <- R66  ; line 1161
7561 MOVE                 R84 <- R67  ; line 1161
7562 MOVE                 R85 <- R71  ; line 1161
7563 MOVE                 R86 <- R72  ; line 1161
7564 MOVE                 R87 <- R73  ; line 1161
7565 HOST_CALL            a=88 b=6 c=74 imm=14  ; line 1161
7566 MOVE                 R89 <- R88  ; line 1161
7567 MOVE                 R90 <- R22  ; line 1163
7568 MOVE                 R91 <- R89  ; line 1163
7569 CALL                 a=92 b=93 c=90 imm=2  ; line 1163
7570 MOVE                 R93 <- R92  ; line 1163
7571 LOAD_CONST           R94 constant[1577]  ; line 1164
7572 MOVE                 R95 <- R93  ; line 1164
7573 MOVE                 R96 <- R94  ; line 1164
7574 HOST_CALL            a=97 b=11 c=95 imm=2  ; line 1164
7575 UNARY                a=97 b=98 c=4294967295 imm=1  ; line 1164
7576 JUMP_IF_FALSE        R98 -> 7579  ; line 1164
7577 RETURN               R93  ; line 1164
7578 JUMP                 -> 7579  ; line 1164
7579 LOAD_CONST           R94 constant[1578]  ; line 1165
7580 MOVE                 R95 <- R93  ; line 1165
7581 MOVE                 R96 <- R94  ; line 1165
7582 HOST_CALL            a=97 b=11 c=95 imm=2  ; line 1165
7583 MOVE                 R98 <- R97  ; line 1165
7584 LOAD_CONST           R99 constant[1579]  ; line 1166
7585 LOAD_CONST           R100 constant[1580]  ; line 1166
7586 LOAD_CONST           R101 constant[1581]  ; line 1166
7587 LOAD_CONST           R102 constant[1582]  ; line 1166
7588 LOAD_CONST           R103 constant[1583]  ; line 1166
7589 LOAD_CONST           R104 constant[1584]  ; line 1166
7590 LOAD_CONST           R105 constant[1585]  ; line 1166
7591 LOAD_CONST           R106 constant[1586]  ; line 1166
7592 LOAD_CONST           R107 constant[1587]  ; line 1166
7593 LOAD_CONST           R108 constant[1588]  ; line 1166
7594 MOVE                 R109 <- R107  ; line 1166
7595 MOVE                 R110 <- R108  ; line 1166
7596 HOST_CALL            a=111 b=6 c=109 imm=2  ; line 1166
7597 LOAD_CONST           R112 constant[1589]  ; line 1166
7598 ARRAY_NEW            a=113 b=113 c=0 imm=4294967295  ; line 1166
7599 LOAD_CONST           R114 constant[1590]  ; line 1166
7600 LOAD_CONST           R115 constant[1591]  ; line 1166
7601 LOAD_CONST           R116 constant[1592]  ; line 1166
7602 MOVE                 R117 <- R25  ; line 1166
7603 MOVE                 R118 <- R116  ; line 1166
7604 HOST_CALL            a=119 b=11 c=117 imm=2  ; line 1166
7605 LOAD_CONST           R120 constant[1593]  ; line 1166
7606 LOAD_CONST           R121 constant[1594]  ; line 1166
7607 MOVE                 R122 <- R115  ; line 1166
7608 MOVE                 R123 <- R119  ; line 1166
7609 MOVE                 R124 <- R120  ; line 1166
7610 MOVE                 R125 <- R36  ; line 1166
7611 MOVE                 R126 <- R121  ; line 1166
7612 MOVE                 R127 <- R41  ; line 1166
7613 HOST_CALL            a=128 b=6 c=122 imm=6  ; line 1166
7614 LOAD_CONST           R129 constant[1595]  ; line 1166
7615 LOAD_CONST           R130 constant[1596]  ; line 1166
7616 LOAD_CONST           R131 constant[1597]  ; line 1166
7617 MOVE                 R132 <- R22  ; line 1166
7618 HOST_CALL            a=133 b=60 c=132 imm=1  ; line 1166
7619 LOAD_CONST           R134 constant[1598]  ; line 1166
7620 LOAD_CONST           R135 constant[1599]  ; line 1166
7621 MOVE                 R136 <- R99  ; line 1166
7622 MOVE                 R137 <- R100  ; line 1166
7623 MOVE                 R138 <- R101  ; line 1166
7624 MOVE                 R139 <- R102  ; line 1166
7625 MOVE                 R140 <- R103  ; line 1166
7626 MOVE                 R141 <- R104  ; line 1166
7627 MOVE                 R142 <- R105  ; line 1166
7628 MOVE                 R143 <- R89  ; line 1166
7629 MOVE                 R144 <- R106  ; line 1166
7630 MOVE                 R145 <- R111  ; line 1166
7631 MOVE                 R146 <- R112  ; line 1166
7632 MOVE                 R147 <- R113  ; line 1166
7633 MOVE                 R148 <- R114  ; line 1166
7634 MOVE                 R149 <- R128  ; line 1166
7635 MOVE                 R150 <- R129  ; line 1166
7636 MOVE                 R151 <- R130  ; line 1166
7637 MOVE                 R152 <- R131  ; line 1166
7638 MOVE                 R153 <- R133  ; line 1166
7639 MOVE                 R154 <- R134  ; line 1166
7640 MOVE                 R155 <- R135  ; line 1166
7641 HOST_CALL            a=156 b=6 c=136 imm=20  ; line 1166
7642 MOVE                 R157 <- R156  ; line 1166
7643 LOAD_CONST           R158 constant[1600]  ; line 1170
7644 MOVE                 R159 <- R98  ; line 1170
7645 MOVE                 R160 <- R158  ; line 1170
7646 HOST_CALL            a=161 b=11 c=159 imm=2  ; line 1170
7647 MOVE                 R162 <- R161  ; line 1170
7648 HOST_CALL            a=163 b=72 c=162 imm=1  ; line 1170
7649 LOAD_CONST           R164 constant[1601]  ; line 1170
7650 MOVE                 R165 <- R98  ; line 1170
7651 MOVE                 R166 <- R164  ; line 1170
7652 HOST_CALL            a=167 b=11 c=165 imm=2  ; line 1170
7653 MOVE                 R168 <- R167  ; line 1170
7654 HOST_CALL            a=169 b=72 c=168 imm=1  ; line 1170
7655 LOAD_CONST           R170 constant[1602]  ; line 1170
7656 LOAD_CONST           R171 constant[1603]  ; line 1170
7657 MOVE                 R172 <- R25  ; line 1170
7658 MOVE                 R173 <- R171  ; line 1170
7659 HOST_CALL            a=174 b=11 c=172 imm=2  ; line 1170
7660 MOVE                 R175 <- R170  ; line 1170
7661 MOVE                 R176 <- R174  ; line 1170
7662 HOST_CALL            a=177 b=6 c=175 imm=2  ; line 1170
7663 LOAD_CONST           R178 constant[1604]  ; line 1170
7664 LOAD_CONST           R179 constant[1605]  ; line 1170
7665 LOAD_CONST           R180 constant[1606]  ; line 1170
7666 MOVE                 R181 <- R179  ; line 1170
7667 MOVE                 R182 <- R180  ; line 1170
7668 ARRAY_NEW            a=183 b=181 c=2 imm=4294967295  ; line 1170
7669 MOVE                 R184 <- R157  ; line 1170
7670 MOVE                 R185 <- R163  ; line 1170
7671 MOVE                 R186 <- R169  ; line 1170
7672 MOVE                 R187 <- R177  ; line 1170
7673 MOVE                 R188 <- R178  ; line 1170
7674 MOVE                 R189 <- R183  ; line 1170
7675 CALL                 a=190 b=68 c=184 imm=6  ; line 1170
7676 RETURN               R190  ; line 1170
7677 LOAD_CONST           R191 constant[1607]  ; line 1170
7678 RETURN               R191  ; line 1170
7679 LOAD_CONST           R2 constant[1608]  ; line 1176
7680 MOVE                 R3 <- R0  ; line 1176
7681 MOVE                 R4 <- R2  ; line 1176
7682 HOST_CALL            a=5 b=11 c=3 imm=2  ; line 1176
7683 MOVE                 R6 <- R1  ; line 1176
7684 MOVE                 R7 <- R5  ; line 1176
7685 CALL                 a=8 b=94 c=6 imm=2  ; line 1176
7686 MOVE                 R9 <- R8  ; line 1176
7687 LOAD_CONST           R10 constant[1609]  ; line 1177
7688 MOVE                 R11 <- R9  ; line 1177
7689 MOVE                 R12 <- R10  ; line 1177
7690 HOST_CALL            a=13 b=11 c=11 imm=2  ; line 1177
7691 MOVE                 R14 <- R13  ; line 1177
7692 LOAD_CONST           R15 constant[1610]  ; line 1178
7693 MOVE                 R16 <- R9  ; line 1178
7694 MOVE                 R17 <- R15  ; line 1178
7695 HOST_CALL            a=18 b=11 c=16 imm=2  ; line 1178
7696 MOVE                 R19 <- R18  ; line 1178
7697 MOVE                 R20 <- R14  ; line 1179
7698 HOST_CALL            a=21 b=26 c=20 imm=1  ; line 1179
7699 LOAD_CONST           R22 constant[1611]  ; line 1179
7700 BINARY               a=21 b=22 c=23 imm=1  ; line 1179
7701 MOVE                 R24 <- R23  ; line 1179
7702 LOAD_CONST           R25 constant[1612]  ; line 1180
7703 COMPARE              a=24 b=25 c=26 imm=5  ; line 1180
7704 JUMP_IF_FALSE        R26 -> 7779  ; line 1180
7705 LOAD_CONST           R25 constant[1613]  ; line 1181
7706 MOVE                 R26 <- R9  ; line 1181
7707 MOVE                 R27 <- R25  ; line 1181
7708 HOST_CALL            a=28 b=11 c=26 imm=2  ; line 1181
7709 LOAD_CONST           R29 constant[1614]  ; line 1181
7710 BINARY               a=24 b=29 c=30 imm=0  ; line 1181
7711 MOVE                 R31 <- R28  ; line 1181
7712 MOVE                 R32 <- R30  ; line 1181
7713 HOST_CALL            a=33 b=11 c=31 imm=2  ; line 1181
7714 MOVE                 R34 <- R33  ; line 1181
7715 LOAD_CONST           R35 constant[1615]  ; line 1182
7716 MOVE                 R36 <- R35  ; line 1182
7717 LOAD_CONST           R37 constant[1616]  ; line 1183
7718 COMPARE              a=34 b=37 c=38 imm=4  ; line 1183
7719 JUMP_IF_FALSE        R38 -> 7735  ; line 1183
7720 MOVE                 R37 <- R19  ; line 1184
7721 MOVE                 R38 <- R24  ; line 1184
7722 HOST_CALL            a=39 b=11 c=37 imm=2  ; line 1184
7723 LOAD_CONST           R40 constant[1617]  ; line 1184
7724 MOVE                 R41 <- R0  ; line 1184
7725 MOVE                 R42 <- R40  ; line 1184
7726 HOST_CALL            a=43 b=11 c=41 imm=2  ; line 1184
7727 LOAD_CONST           R44 constant[1618]  ; line 1184
7728 MOVE                 R45 <- R43  ; line 1184
7729 MOVE                 R46 <- R44  ; line 1184
7730 HOST_CALL            a=47 b=11 c=45 imm=2  ; line 1184
7731 BINARY               a=39 b=47 c=48 imm=2  ; line 1184
7732 BINARY               a=48 b=34 c=49 imm=3  ; line 1184
7733 MOVE                 R36 <- R49  ; line 1184
7734 JUMP                 -> 7735  ; line 1184
7735 MOVE                 R37 <- R14  ; line 1186
7736 MOVE                 R38 <- R24  ; line 1186
7737 HOST_CALL            a=39 b=11 c=37 imm=2  ; line 1186
7738 LOAD_CONST           R40 constant[1619]  ; line 1186
7739 BINARY               a=24 b=40 c=41 imm=0  ; line 1186
7740 MOVE                 R42 <- R14  ; line 1186
7741 MOVE                 R43 <- R41  ; line 1186
7742 HOST_CALL            a=44 b=11 c=42 imm=2  ; line 1186
7743 LOAD_CONST           R45 constant[1620]  ; line 1186
7744 MOVE                 R46 <- R9  ; line 1186
7745 MOVE                 R47 <- R45  ; line 1186
7746 HOST_CALL            a=48 b=11 c=46 imm=2  ; line 1186
7747 LOAD_CONST           R49 constant[1621]  ; line 1186
7748 BINARY               a=24 b=49 c=50 imm=0  ; line 1186
7749 MOVE                 R51 <- R48  ; line 1186
7750 MOVE                 R52 <- R50  ; line 1186
7751 HOST_CALL            a=53 b=11 c=51 imm=2  ; line 1186
7752 BINARY               a=44 b=53 c=54 imm=1  ; line 1186
7753 BINARY               a=36 b=54 c=55 imm=2  ; line 1186
7754 BINARY               a=39 b=55 c=56 imm=0  ; line 1186
7755 MOVE                 R57 <- R14  ; line 1186
7756 MOVE                 R58 <- R24  ; line 1186
7757 MOVE                 R59 <- R56  ; line 1186
7758 HOST_CALL            a=60 b=12 c=57 imm=3  ; line 1186
7759 MOVE                 R37 <- R19  ; line 1188
7760 MOVE                 R38 <- R24  ; line 1188
7761 HOST_CALL            a=39 b=11 c=37 imm=2  ; line 1188
7762 BINARY               a=36 b=36 c=40 imm=2  ; line 1188
7763 LOAD_CONST           R41 constant[1622]  ; line 1188
7764 BINARY               a=24 b=41 c=42 imm=0  ; line 1188
7765 MOVE                 R43 <- R19  ; line 1188
7766 MOVE                 R44 <- R42  ; line 1188
7767 HOST_CALL            a=45 b=11 c=43 imm=2  ; line 1188
7768 BINARY               a=45 b=34 c=46 imm=1  ; line 1188
7769 BINARY               a=40 b=46 c=47 imm=2  ; line 1188
7770 BINARY               a=39 b=47 c=48 imm=0  ; line 1188
7771 MOVE                 R49 <- R19  ; line 1188
7772 MOVE                 R50 <- R24  ; line 1188
7773 MOVE                 R51 <- R48  ; line 1188
7774 HOST_CALL            a=52 b=12 c=49 imm=3  ; line 1188
7775 LOAD_CONST           R37 constant[1623]  ; line 1190
7776 BINARY               a=24 b=37 c=38 imm=1  ; line 1190
7777 MOVE                 R24 <- R38  ; line 1190
7778 JUMP                 -> 7702  ; line 1190
7779 LOAD_CONST           R37 constant[1624]  ; line 1192
7780 MOVE                 R38 <- R14  ; line 1192
7781 HOST_CALL            a=39 b=72 c=38 imm=1  ; line 1192
7782 LOAD_CONST           R40 constant[1625]  ; line 1192
7783 MOVE                 R41 <- R19  ; line 1192
7784 HOST_CALL            a=42 b=72 c=41 imm=1  ; line 1192
7785 MOVE                 R43 <- R37  ; line 1192
7786 MOVE                 R44 <- R39  ; line 1192
7787 MOVE                 R45 <- R40  ; line 1192
7788 MOVE                 R46 <- R42  ; line 1192
7789 HOST_CALL            a=47 b=6 c=43 imm=4  ; line 1192
7790 RETURN               R47  ; line 1192
7791 LOAD_CONST           R48 constant[1626]  ; line 1192
7792 RETURN               R48  ; line 1192
7793 LOAD_CONST           R2 constant[1627]  ; line 1196
7794 MOVE                 R3 <- R0  ; line 1196
7795 MOVE                 R4 <- R2  ; line 1196
7796 HOST_CALL            a=5 b=11 c=3 imm=2  ; line 1196
7797 MOVE                 R6 <- R1  ; line 1196
7798 MOVE                 R7 <- R5  ; line 1196
7799 CALL                 a=8 b=93 c=6 imm=2  ; line 1196
7800 MOVE                 R9 <- R8  ; line 1196
7801 LOAD_CONST           R10 constant[1628]  ; line 1197
7802 MOVE                 R11 <- R9  ; line 1197
7803 MOVE                 R12 <- R10  ; line 1197
7804 HOST_CALL            a=13 b=11 c=11 imm=2  ; line 1197
7805 UNARY                a=13 b=14 c=4294967295 imm=1  ; line 1197
7806 JUMP_IF_FALSE        R14 -> 7809  ; line 1197
7807 RETURN               R9  ; line 1197
7808 JUMP                 -> 7809  ; line 1197
7809 LOAD_CONST           R10 constant[1629]  ; line 1198
7810 MOVE                 R11 <- R9  ; line 1198
7811 MOVE                 R12 <- R10  ; line 1198
7812 HOST_CALL            a=13 b=11 c=11 imm=2  ; line 1198
7813 MOVE                 R14 <- R13  ; line 1198
7814 LOAD_CONST           R15 constant[1630]  ; line 1199
7815 MOVE                 R16 <- R14  ; line 1199
7816 MOVE                 R17 <- R15  ; line 1199
7817 HOST_CALL            a=18 b=11 c=16 imm=2  ; line 1199
7818 MOVE                 R19 <- R18  ; line 1199
7819 LOAD_CONST           R20 constant[1631]  ; line 1200
7820 MOVE                 R21 <- R14  ; line 1200
7821 MOVE                 R22 <- R20  ; line 1200
7822 HOST_CALL            a=23 b=11 c=21 imm=2  ; line 1200
7823 MOVE                 R24 <- R23  ; line 1200
7824 LOAD_CONST           R25 constant[1632]  ; line 1201
7825 MOVE                 R26 <- R0  ; line 1201
7826 MOVE                 R27 <- R25  ; line 1201
7827 HOST_CALL            a=28 b=11 c=26 imm=2  ; line 1201
7828 LOAD_CONST           R29 constant[1633]  ; line 1201
7829 MOVE                 R30 <- R28  ; line 1201
7830 MOVE                 R31 <- R29  ; line 1201
7831 HOST_CALL            a=32 b=11 c=30 imm=2  ; line 1201
7832 MOVE                 R33 <- R32  ; line 1201
7833 CALL                 a=34 b=82 c=33 imm=1  ; line 1201
7834 MOVE                 R35 <- R34  ; line 1201
7835 MOVE                 R36 <- R19  ; line 1202
7836 HOST_CALL            a=37 b=26 c=36 imm=1  ; line 1202
7837 LOAD_CONST           R38 constant[1634]  ; line 1202
7838 BINARY               a=37 b=38 c=39 imm=1  ; line 1202
7839 MOVE                 R40 <- R39  ; line 1202
7840 LOAD_CONST           R41 constant[1635]  ; line 1203
7841 COMPARE              a=40 b=41 c=42 imm=5  ; line 1203
7842 JUMP_IF_FALSE        R42 -> 7948  ; line 1203
7843 LOAD_CONST           R41 constant[1636]  ; line 1204
7844 MOVE                 R42 <- R14  ; line 1204
7845 MOVE                 R43 <- R41  ; line 1204
7846 HOST_CALL            a=44 b=11 c=42 imm=2  ; line 1204
7847 LOAD_CONST           R45 constant[1637]  ; line 1204
7848 BINARY               a=40 b=45 c=46 imm=0  ; line 1204
7849 MOVE                 R47 <- R44  ; line 1204
7850 MOVE                 R48 <- R46  ; line 1204
7851 HOST_CALL            a=49 b=11 c=47 imm=2  ; line 1204
7852 MOVE                 R50 <- R49  ; line 1204
7853 CALL                 a=51 b=91 c=50 imm=1  ; line 1204
7854 MOVE                 R52 <- R51  ; line 1204
7855 LOAD_CONST           R53 constant[1638]  ; line 1205
7856 MOVE                 R54 <- R52  ; line 1205
7857 MOVE                 R55 <- R53  ; line 1205
7858 HOST_CALL            a=56 b=11 c=54 imm=2  ; line 1205
7859 UNARY                a=56 b=57 c=4294967295 imm=1  ; line 1205
7860 JUMP_IF_FALSE        R57 -> 7863  ; line 1205
7861 RETURN               R52  ; line 1205
7862 JUMP                 -> 7863  ; line 1205
7863 MOVE                 R53 <- R24  ; line 1206
7864 MOVE                 R54 <- R40  ; line 1206
7865 HOST_CALL            a=55 b=11 c=53 imm=2  ; line 1206
7866 MOVE                 R56 <- R35  ; line 1206
7867 CALL                 a=57 b=84 c=56 imm=1  ; line 1206
7868 MOVE                 R58 <- R55  ; line 1206
7869 MOVE                 R59 <- R57  ; line 1206
7870 CALL                 a=60 b=87 c=58 imm=2  ; line 1206
7871 LOAD_CONST           R61 constant[1639]  ; line 1206
7872 MOVE                 R62 <- R52  ; line 1206
7873 MOVE                 R63 <- R61  ; line 1206
7874 HOST_CALL            a=64 b=11 c=62 imm=2  ; line 1206
7875 MOVE                 R65 <- R60  ; line 1206
7876 MOVE                 R66 <- R64  ; line 1206
7877 CALL                 a=67 b=87 c=65 imm=2  ; line 1206
7878 MOVE                 R68 <- R67  ; line 1206
7879 MOVE                 R69 <- R19  ; line 1207
7880 MOVE                 R70 <- R40  ; line 1207
7881 HOST_CALL            a=71 b=11 c=69 imm=2  ; line 1207
7882 LOAD_CONST           R72 constant[1640]  ; line 1207
7883 BINARY               a=40 b=72 c=73 imm=0  ; line 1207
7884 MOVE                 R74 <- R19  ; line 1207
7885 MOVE                 R75 <- R73  ; line 1207
7886 HOST_CALL            a=76 b=11 c=74 imm=2  ; line 1207
7887 LOAD_CONST           R77 constant[1641]  ; line 1207
7888 MOVE                 R78 <- R14  ; line 1207
7889 MOVE                 R79 <- R77  ; line 1207
7890 HOST_CALL            a=80 b=11 c=78 imm=2  ; line 1207
7891 LOAD_CONST           R81 constant[1642]  ; line 1207
7892 BINARY               a=40 b=81 c=82 imm=0  ; line 1207
7893 MOVE                 R83 <- R80  ; line 1207
7894 MOVE                 R84 <- R82  ; line 1207
7895 HOST_CALL            a=85 b=11 c=83 imm=2  ; line 1207
7896 MOVE                 R86 <- R76  ; line 1207
7897 MOVE                 R87 <- R85  ; line 1207
7898 CALL                 a=88 b=90 c=86 imm=2  ; line 1207
7899 MOVE                 R89 <- R68  ; line 1207
7900 MOVE                 R90 <- R88  ; line 1207
7901 CALL                 a=91 b=88 c=89 imm=2  ; line 1207
7902 MOVE                 R92 <- R71  ; line 1207
7903 MOVE                 R93 <- R91  ; line 1207
7904 CALL                 a=94 b=89 c=92 imm=2  ; line 1207
7905 MOVE                 R95 <- R19  ; line 1207
7906 MOVE                 R96 <- R40  ; line 1207
7907 MOVE                 R97 <- R94  ; line 1207
7908 HOST_CALL            a=98 b=12 c=95 imm=3  ; line 1207
7909 MOVE                 R69 <- R24  ; line 1209
7910 MOVE                 R70 <- R40  ; line 1209
7911 HOST_CALL            a=71 b=11 c=69 imm=2  ; line 1209
7912 LOAD_CONST           R72 constant[1643]  ; line 1209
7913 BINARY               a=40 b=72 c=73 imm=0  ; line 1209
7914 MOVE                 R74 <- R24  ; line 1209
7915 MOVE                 R75 <- R73  ; line 1209
7916 HOST_CALL            a=76 b=11 c=74 imm=2  ; line 1209
7917 LOAD_CONST           R77 constant[1644]  ; line 1209
7918 MOVE                 R78 <- R14  ; line 1209
7919 MOVE                 R79 <- R77  ; line 1209
7920 HOST_CALL            a=80 b=11 c=78 imm=2  ; line 1209
7921 LOAD_CONST           R81 constant[1645]  ; line 1209
7922 BINARY               a=40 b=81 c=82 imm=0  ; line 1209
7923 MOVE                 R83 <- R80  ; line 1209
7924 MOVE                 R84 <- R82  ; line 1209
7925 HOST_CALL            a=85 b=11 c=83 imm=2  ; line 1209
7926 MOVE                 R86 <- R76  ; line 1209
7927 MOVE                 R87 <- R85  ; line 1209
7928 CALL                 a=88 b=86 c=86 imm=2  ; line 1209
7929 MOVE                 R89 <- R68  ; line 1209
7930 MOVE                 R90 <- R88  ; line 1209
7931 CALL                 a=91 b=87 c=89 imm=2  ; line 1209
7932 MOVE                 R92 <- R68  ; line 1209
7933 CALL                 a=93 b=84 c=92 imm=1  ; line 1209
7934 MOVE                 R94 <- R91  ; line 1209
7935 MOVE                 R95 <- R93  ; line 1209
7936 CALL                 a=96 b=87 c=94 imm=2  ; line 1209
7937 MOVE                 R97 <- R71  ; line 1209
7938 MOVE                 R98 <- R96  ; line 1209
7939 CALL                 a=99 b=85 c=97 imm=2  ; line 1209
7940 MOVE                 R100 <- R24  ; line 1209
7941 MOVE                 R101 <- R40  ; line 1209
7942 MOVE                 R102 <- R99  ; line 1209
7943 HOST_CALL            a=103 b=12 c=100 imm=3  ; line 1209
7944 LOAD_CONST           R69 constant[1646]  ; line 1212
7945 BINARY               a=40 b=69 c=70 imm=1  ; line 1212
7946 MOVE                 R40 <- R70  ; line 1212
7947 JUMP                 -> 7840  ; line 1212
7948 LOAD_CONST           R69 constant[1647]  ; line 1214
7949 LOAD_CONST           R70 constant[1648]  ; line 1214
7950 MOVE                 R71 <- R19  ; line 1214
7951 HOST_CALL            a=72 b=72 c=71 imm=1  ; line 1214
7952 LOAD_CONST           R73 constant[1649]  ; line 1214
7953 MOVE                 R74 <- R24  ; line 1214
7954 HOST_CALL            a=75 b=72 c=74 imm=1  ; line 1214
7955 MOVE                 R76 <- R70  ; line 1214
7956 MOVE                 R77 <- R72  ; line 1214
7957 MOVE                 R78 <- R73  ; line 1214
7958 MOVE                 R79 <- R75  ; line 1214
7959 HOST_CALL            a=80 b=6 c=76 imm=4  ; line 1214
7960 MOVE                 R81 <- R69  ; line 1214
7961 MOVE                 R82 <- R80  ; line 1214
7962 ARRAY_NEW            a=83 b=81 c=2 imm=4294967295  ; line 1214
7963 RETURN               R83  ; line 1214
7964 LOAD_CONST           R84 constant[1650]  ; line 1214
7965 RETURN               R84  ; line 1214
7966 MOVE                 R2 <- R0  ; line 1218
7967 HOST_CALL            a=3 b=86 c=2 imm=1  ; line 1218
7968 LOAD_CONST           R4 constant[1651]  ; line 1218
7969 COMPARE              a=3 b=4 c=5 imm=1  ; line 1218
7970 JUMP_IF_FALSE        R5 -> 7980  ; line 1218
7971 LOAD_CONST           R2 constant[1652]  ; line 1218
7972 LOAD_CONST           R3 constant[1653]  ; line 1218
7973 LOAD_CONST           R4 constant[1654]  ; line 1218
7974 MOVE                 R5 <- R2  ; line 1218
7975 MOVE                 R6 <- R3  ; line 1218
7976 MOVE                 R7 <- R4  ; line 1218
7977 CALL                 a=8 b=53 c=5 imm=3  ; line 1218
7978 RETURN               R8  ; line 1218
7979 JUMP                 -> 7980  ; line 1218
7980 LOAD_CONST           R2 constant[1655]  ; line 1219
7981 MOVE                 R3 <- R0  ; line 1219
7982 MOVE                 R4 <- R2  ; line 1219
7983 HOST_CALL            a=5 b=7 c=3 imm=2  ; line 1219
7984 UNARY                a=5 b=6 c=4294967295 imm=1  ; line 1219
7985 JUMP_IF_FALSE        R6 -> 7995  ; line 1219
7986 LOAD_CONST           R2 constant[1656]  ; line 1219
7987 LOAD_CONST           R3 constant[1657]  ; line 1219
7988 LOAD_CONST           R4 constant[1658]  ; line 1219
7989 MOVE                 R5 <- R2  ; line 1219
7990 MOVE                 R6 <- R3  ; line 1219
7991 MOVE                 R7 <- R4  ; line 1219
7992 CALL                 a=8 b=53 c=5 imm=3  ; line 1219
7993 RETURN               R8  ; line 1219
7994 JUMP                 -> 7995  ; line 1219
7995 LOAD_CONST           R2 constant[1659]  ; line 1220
7996 MOVE                 R3 <- R0  ; line 1220
7997 MOVE                 R4 <- R2  ; line 1220
7998 HOST_CALL            a=5 b=11 c=3 imm=2  ; line 1220
7999 MOVE                 R6 <- R5  ; line 1220
8000 MOVE                 R7 <- R6  ; line 1221
8001 CALL                 a=8 b=62 c=7 imm=1  ; line 1221
8002 MOVE                 R9 <- R8  ; line 1221
8003 LOAD_CONST           R10 constant[1660]  ; line 1222
8004 LOAD_CONST           R11 constant[1661]  ; line 1222
8005 MOVE                 R12 <- R1  ; line 1222
8006 MOVE                 R13 <- R10  ; line 1222
8007 MOVE                 R14 <- R11  ; line 1222
8008 CALL                 a=15 b=54 c=12 imm=3  ; line 1222
8009 MOVE                 R16 <- R15  ; line 1222
8010 LOAD_CONST           R17 constant[1662]  ; line 1223
8011 LOAD_CONST           R18 constant[1663]  ; line 1223
8012 MOVE                 R19 <- R1  ; line 1223
8013 MOVE                 R20 <- R17  ; line 1223
8014 MOVE                 R21 <- R18  ; line 1223
8015 CALL                 a=22 b=54 c=19 imm=3  ; line 1223
8016 MOVE                 R23 <- R22  ; line 1223
8017 LOAD_CONST           R24 constant[1664]  ; line 1224
8018 COMPARE              a=9 b=24 c=25 imm=2  ; line 1224
8019 JUMP_IF_FALSE        R25 -> 8029  ; line 1224
8020 LOAD_CONST           R24 constant[1665]  ; line 1224
8021 LOAD_CONST           R25 constant[1666]  ; line 1224
8022 LOAD_CONST           R26 constant[1667]  ; line 1224
8023 MOVE                 R27 <- R24  ; line 1224
8024 MOVE                 R28 <- R25  ; line 1224
8025 MOVE                 R29 <- R26  ; line 1224
8026 CALL                 a=30 b=53 c=27 imm=3  ; line 1224
8027 RETURN               R30  ; line 1224
8028 JUMP                 -> 8029  ; line 1224
8029 LOAD_CONST           R24 constant[1668]  ; line 1225
8030 COMPARE              a=16 b=24 c=25 imm=2  ; line 1225
8031 JUMP_IF_FALSE        R25 -> 8041  ; line 1225
8032 LOAD_CONST           R24 constant[1669]  ; line 1225
8033 LOAD_CONST           R25 constant[1670]  ; line 1225
8034 LOAD_CONST           R26 constant[1671]  ; line 1225
8035 MOVE                 R27 <- R24  ; line 1225
8036 MOVE                 R28 <- R25  ; line 1225
8037 MOVE                 R29 <- R26  ; line 1225
8038 CALL                 a=30 b=53 c=27 imm=3  ; line 1225
8039 RETURN               R30  ; line 1225
8040 JUMP                 -> 8041  ; line 1225
8041 LOAD_CONST           R24 constant[1672]  ; line 1226
8042 COMPARE              a=23 b=24 c=25 imm=2  ; line 1226
8043 JUMP_IF_FALSE        R25 -> 8053  ; line 1226
8044 LOAD_CONST           R24 constant[1673]  ; line 1226
8045 LOAD_CONST           R25 constant[1674]  ; line 1226
8046 LOAD_CONST           R26 constant[1675]  ; line 1226
8047 MOVE                 R27 <- R24  ; line 1226
8048 MOVE                 R28 <- R25  ; line 1226
8049 MOVE                 R29 <- R26  ; line 1226
8050 CALL                 a=30 b=53 c=27 imm=3  ; line 1226
8051 RETURN               R30  ; line 1226
8052 JUMP                 -> 8053  ; line 1226
8053 LOAD_CONST           R24 constant[1676]  ; line 1227
8054 MOVE                 R25 <- R24  ; line 1227
8055 COMPARE              a=25 b=9 c=26 imm=2  ; line 1228
8056 JUMP_IF_FALSE        R26 -> 8101  ; line 1228
8057 MOVE                 R26 <- R6  ; line 1229
8058 MOVE                 R27 <- R25  ; line 1229
8059 HOST_CALL            a=28 b=11 c=26 imm=2  ; line 1229
8060 MOVE                 R29 <- R28  ; line 1229
8061 LOAD_CONST           R30 constant[1677]  ; line 1230
8062 COMPARE              a=29 b=30 c=31 imm=2  ; line 1230
8063 JUMP_IF_FALSE        R31 -> 8073  ; line 1230
8064 LOAD_CONST           R30 constant[1678]  ; line 1230
8065 LOAD_CONST           R31 constant[1679]  ; line 1230
8066 LOAD_CONST           R32 constant[1680]  ; line 1230
8067 MOVE                 R33 <- R30  ; line 1230
8068 MOVE                 R34 <- R31  ; line 1230
8069 MOVE                 R35 <- R32  ; line 1230
8070 CALL                 a=36 b=53 c=33 imm=3  ; line 1230
8071 RETURN               R36  ; line 1230
8072 JUMP                 -> 8073  ; line 1230
8073 COMPARE              a=29 b=23 c=30 imm=5  ; line 1231
8074 JUMP_IF_FALSE        R30 -> 8084  ; line 1231
8075 LOAD_CONST           R30 constant[1681]  ; line 1231
8076 LOAD_CONST           R31 constant[1682]  ; line 1231
8077 LOAD_CONST           R32 constant[1683]  ; line 1231
8078 MOVE                 R33 <- R30  ; line 1231
8079 MOVE                 R34 <- R31  ; line 1231
8080 MOVE                 R35 <- R32  ; line 1231
8081 CALL                 a=36 b=53 c=33 imm=3  ; line 1231
8082 RETURN               R36  ; line 1231
8083 JUMP                 -> 8084  ; line 1231
8084 MOVE                 R30 <- R29  ; line 1232
8085 HOST_CALL            a=31 b=84 c=30 imm=1  ; line 1232
8086 COMPARE              a=31 b=29 c=32 imm=1  ; line 1232
8087 JUMP_IF_FALSE        R32 -> 8097  ; line 1232
8088 LOAD_CONST           R30 constant[1684]  ; line 1232
8089 LOAD_CONST           R31 constant[1685]  ; line 1232
8090 LOAD_CONST           R32 constant[1686]  ; line 1232
8091 MOVE                 R33 <- R30  ; line 1232
8092 MOVE                 R34 <- R31  ; line 1232
8093 MOVE                 R35 <- R32  ; line 1232
8094 CALL                 a=36 b=53 c=33 imm=3  ; line 1232
8095 RETURN               R36  ; line 1232
8096 JUMP                 -> 8097  ; line 1232
8097 LOAD_CONST           R30 constant[1687]  ; line 1233
8098 BINARY               a=25 b=30 c=31 imm=0  ; line 1233
8099 MOVE                 R25 <- R31  ; line 1233
8100 JUMP                 -> 8055  ; line 1233
8101 LOAD_CONST           R30 constant[1688]  ; line 1235
8102 MOVE                 R31 <- R30  ; line 1235
8103 HOST_CALL            a=32 b=22 c=31 imm=1  ; line 1235
8104 MOVE                 R33 <- R32  ; line 1235
8105 LOAD_CONST           R34 constant[1689]  ; line 1236
8106 MOVE                 R35 <- R34  ; line 1236
8107 HOST_CALL            a=36 b=22 c=35 imm=1  ; line 1236
8108 MOVE                 R37 <- R36  ; line 1236
8109 LOAD_CONST           R38 constant[1690]  ; line 1237
8110 MOVE                 R39 <- R38  ; line 1237
8111 COMPARE              a=39 b=16 c=40 imm=2  ; line 1238
8112 JUMP_IF_FALSE        R40 -> 8176  ; line 1238
8113 LOAD_CONST           R40 constant[1691]  ; line 1239
8114 MOVE                 R41 <- R40  ; line 1239
8115 HOST_CALL            a=42 b=22 c=41 imm=1  ; line 1239
8116 MOVE                 R43 <- R42  ; line 1239
8117 LOAD_CONST           R44 constant[1692]  ; line 1240
8118 MOVE                 R45 <- R44  ; line 1240
8119 HOST_CALL            a=46 b=22 c=45 imm=1  ; line 1240
8120 MOVE                 R47 <- R46  ; line 1240
8121 LOAD_CONST           R48 constant[1693]  ; line 1241
8122 MOVE                 R49 <- R48  ; line 1241
8123 COMPARE              a=49 b=16 c=50 imm=2  ; line 1242
8124 JUMP_IF_FALSE        R50 -> 8142  ; line 1242
8125 LOAD_CONST           R50 constant[1694]  ; line 1243
8126 LOAD_CONST           R51 constant[1695]  ; line 1243
8127 BINARY               a=16 b=51 c=52 imm=1  ; line 1243
8128 BINARY               a=50 b=52 c=53 imm=3  ; line 1243
8129 MOVE                 R54 <- R53  ; line 1243
8130 COMPARE              a=39 b=49 c=55 imm=0  ; line 1244
8131 JUMP_IF_FALSE        R55 -> 8135  ; line 1244
8132 LOAD_CONST           R55 constant[1696]  ; line 1244
8133 MOVE                 R54 <- R55  ; line 1244
8134 JUMP                 -> 8135  ; line 1244
8135 MOVE                 R55 <- R43  ; line 1245
8136 MOVE                 R56 <- R54  ; line 1245
8137 HOST_CALL            a=57 b=23 c=55 imm=2  ; line 1245
8138 LOAD_CONST           R55 constant[1697]  ; line 1246
8139 BINARY               a=49 b=55 c=56 imm=0  ; line 1246
8140 MOVE                 R49 <- R56  ; line 1246
8141 JUMP                 -> 8123  ; line 1246
8142 LOAD_CONST           R55 constant[1698]  ; line 1248
8143 MOVE                 R56 <- R55  ; line 1248
8144 COMPARE              a=56 b=23 c=57 imm=2  ; line 1249
8145 JUMP_IF_FALSE        R57 -> 8166  ; line 1249
8146 LOAD_CONST           R57 constant[1699]  ; line 1250
8147 LOAD_CONST           R58 constant[1700]  ; line 1250
8148 BINARY               a=23 b=58 c=59 imm=1  ; line 1250
8149 BINARY               a=57 b=59 c=60 imm=3  ; line 1250
8150 MOVE                 R61 <- R60  ; line 1250
8151 MOVE                 R62 <- R39  ; line 1251
8152 MOVE                 R63 <- R23  ; line 1251
8153 CALL                 a=64 b=57 c=62 imm=2  ; line 1251
8154 COMPARE              a=56 b=64 c=65 imm=0  ; line 1251
8155 JUMP_IF_FALSE        R65 -> 8159  ; line 1251
8156 LOAD_CONST           R62 constant[1701]  ; line 1251
8157 MOVE                 R61 <- R62  ; line 1251
8158 JUMP                 -> 8159  ; line 1251
8159 MOVE                 R62 <- R47  ; line 1252
8160 MOVE                 R63 <- R61  ; line 1252
8161 HOST_CALL            a=64 b=23 c=62 imm=2  ; line 1252
8162 LOAD_CONST           R62 constant[1702]  ; line 1253
8163 BINARY               a=56 b=62 c=63 imm=0  ; line 1253
8164 MOVE                 R56 <- R63  ; line 1253
8165 JUMP                 -> 8144  ; line 1253
8166 MOVE                 R62 <- R33  ; line 1255
8167 MOVE                 R63 <- R43  ; line 1255
8168 HOST_CALL            a=64 b=23 c=62 imm=2  ; line 1255
8169 MOVE                 R62 <- R37  ; line 1256
8170 MOVE                 R63 <- R47  ; line 1256
8171 HOST_CALL            a=64 b=23 c=62 imm=2  ; line 1256
8172 LOAD_CONST           R62 constant[1703]  ; line 1257
8173 BINARY               a=39 b=62 c=63 imm=0  ; line 1257
8174 MOVE                 R39 <- R63  ; line 1257
8175 JUMP                 -> 8111  ; line 1257
8176 LOAD_CONST           R62 constant[1704]  ; line 1259
8177 MOVE                 R63 <- R62  ; line 1259
8178 HOST_CALL            a=64 b=22 c=63 imm=1  ; line 1259
8179 MOVE                 R65 <- R64  ; line 1259
8180 LOAD_CONST           R66 constant[1705]  ; line 1260
8181 MOVE                 R39 <- R66  ; line 1260
8182 COMPARE              a=39 b=16 c=66 imm=2  ; line 1261
8183 JUMP_IF_FALSE        R66 -> 8193  ; line 1261
8184 LOAD_CONST           R66 constant[1706]  ; line 1261
8185 BINARY               a=66 b=16 c=67 imm=3  ; line 1261
8186 MOVE                 R68 <- R65  ; line 1261
8187 MOVE                 R69 <- R67  ; line 1261
8188 HOST_CALL            a=70 b=23 c=68 imm=2  ; line 1261
8189 LOAD_CONST           R66 constant[1707]  ; line 1261
8190 BINARY               a=39 b=66 c=67 imm=0  ; line 1261
8191 MOVE                 R39 <- R67  ; line 1261
8192 JUMP                 -> 8182  ; line 1261
8193 LOAD_CONST           R66 constant[1708]  ; line 1262
8194 LOAD_CONST           R67 constant[1709]  ; line 1262
8195 LOAD_CONST           R68 constant[1710]  ; line 1262
8196 LOAD_CONST           R69 constant[1711]  ; line 1262
8197 LOAD_CONST           R70 constant[1712]  ; line 1262
8198 LOAD_CONST           R71 constant[1713]  ; line 1262
8199 LOAD_CONST           R72 constant[1714]  ; line 1262
8200 LOAD_CONST           R73 constant[1715]  ; line 1262
8201 MOVE                 R74 <- R33  ; line 1262
8202 HOST_CALL            a=75 b=72 c=74 imm=1  ; line 1262
8203 LOAD_CONST           R76 constant[1716]  ; line 1262
8204 MOVE                 R77 <- R37  ; line 1262
8205 HOST_CALL            a=78 b=72 c=77 imm=1  ; line 1262
8206 LOAD_CONST           R79 constant[1717]  ; line 1262
8207 MOVE                 R80 <- R65  ; line 1262
8208 HOST_CALL            a=81 b=72 c=80 imm=1  ; line 1262
8209 LOAD_CONST           R82 constant[1718]  ; line 1262
8210 LOAD_CONST           R83 constant[1719]  ; line 1262
8211 MOVE                 R84 <- R73  ; line 1262
8212 MOVE                 R85 <- R75  ; line 1262
8213 MOVE                 R86 <- R76  ; line 1262
8214 MOVE                 R87 <- R78  ; line 1262
8215 MOVE                 R88 <- R79  ; line 1262
8216 MOVE                 R89 <- R81  ; line 1262
8217 MOVE                 R90 <- R82  ; line 1262
8218 MOVE                 R91 <- R16  ; line 1262
8219 MOVE                 R92 <- R83  ; line 1262
8220 MOVE                 R93 <- R23  ; line 1262
8221 HOST_CALL            a=94 b=6 c=84 imm=10  ; line 1262
8222 LOAD_CONST           R95 constant[1720]  ; line 1262
8223 LOAD_CONST           R96 constant[1721]  ; line 1262
8224 LOAD_CONST           R97 constant[1722]  ; line 1262
8225 MOVE                 R98 <- R96  ; line 1262
8226 MOVE                 R99 <- R97  ; line 1262
8227 HOST_CALL            a=100 b=6 c=98 imm=2  ; line 1262
8228 LOAD_CONST           R101 constant[1723]  ; line 1262
8229 LOAD_CONST           R102 constant[1724]  ; line 1262
8230 LOAD_CONST           R103 constant[1725]  ; line 1262
8231 LOAD_CONST           R104 constant[1726]  ; line 1262
8232 LOAD_CONST           R105 constant[1727]  ; line 1262
8233 LOAD_CONST           R106 constant[1728]  ; line 1262
8234 LOAD_CONST           R107 constant[1729]  ; line 1262
8235 MOVE                 R108 <- R1  ; line 1262
8236 MOVE                 R109 <- R106  ; line 1262
8237 MOVE                 R110 <- R107  ; line 1262
8238 CALL                 a=111 b=54 c=108 imm=3  ; line 1262
8239 MOVE                 R112 <- R103  ; line 1262
8240 MOVE                 R113 <- R104  ; line 1262
8241 MOVE                 R114 <- R105  ; line 1262
8242 MOVE                 R115 <- R111  ; line 1262
8243 HOST_CALL            a=116 b=6 c=112 imm=4  ; line 1262
8244 LOAD_CONST           R117 constant[1730]  ; line 1262
8245 LOAD_CONST           R118 constant[1731]  ; line 1262
8246 LOAD_CONST           R119 constant[1732]  ; line 1262
8247 LOAD_CONST           R120 constant[1733]  ; line 1262
8248 LOAD_CONST           R121 constant[1734]  ; line 1262
8249 LOAD_CONST           R122 constant[1735]  ; line 1262
8250 MOVE                 R123 <- R66  ; line 1262
8251 MOVE                 R124 <- R67  ; line 1262
8252 MOVE                 R125 <- R68  ; line 1262
8253 MOVE                 R126 <- R69  ; line 1262
8254 MOVE                 R127 <- R70  ; line 1262
8255 MOVE                 R128 <- R71  ; line 1262
8256 MOVE                 R129 <- R72  ; line 1262
8257 MOVE                 R130 <- R94  ; line 1262
8258 MOVE                 R131 <- R95  ; line 1262
8259 MOVE                 R132 <- R100  ; line 1262
8260 MOVE                 R133 <- R101  ; line 1262
8261 MOVE                 R134 <- R16  ; line 1262
8262 MOVE                 R135 <- R102  ; line 1262
8263 MOVE                 R136 <- R116  ; line 1262
8264 MOVE                 R137 <- R117  ; line 1262
8265 MOVE                 R138 <- R118  ; line 1262
8266 MOVE                 R139 <- R119  ; line 1262
8267 MOVE                 R140 <- R120  ; line 1262
8268 MOVE                 R141 <- R121  ; line 1262
8269 MOVE                 R142 <- R122  ; line 1262
8270 HOST_CALL            a=143 b=6 c=123 imm=20  ; line 1262
8271 MOVE                 R144 <- R143  ; line 1262
8272 LOAD_CONST           R145 constant[1736]  ; line 1266
8273 LOAD_CONST           R146 constant[1737]  ; line 1266
8274 MOVE                 R147 <- R1  ; line 1266
8275 MOVE                 R148 <- R145  ; line 1266
8276 MOVE                 R149 <- R146  ; line 1266
8277 CALL                 a=150 b=54 c=147 imm=3  ; line 1266
8278 MOVE                 R151 <- R144  ; line 1266
8279 MOVE                 R152 <- R6  ; line 1266
8280 MOVE                 R153 <- R150  ; line 1266
8281 CALL                 a=154 b=108 c=151 imm=3  ; line 1266
8282 MOVE                 R144 <- R154  ; line 1266
8283 MOVE                 R145 <- R144  ; line 1267
8284 MOVE                 R146 <- R6  ; line 1267
8285 CALL                 a=147 b=101 c=145 imm=2  ; line 1267
8286 MOVE                 R148 <- R147  ; line 1267
8287 LOAD_CONST           R149 constant[1738]  ; line 1268
8288 MOVE                 R150 <- R148  ; line 1268
8289 MOVE                 R151 <- R149  ; line 1268
8290 HOST_CALL            a=152 b=11 c=150 imm=2  ; line 1268
8291 LOAD_CONST           R153 constant[1739]  ; line 1268
8292 MOVE                 R154 <- R148  ; line 1268
8293 MOVE                 R155 <- R153  ; line 1268
8294 HOST_CALL            a=156 b=11 c=154 imm=2  ; line 1268
8295 LOAD_CONST           R157 constant[1740]  ; line 1268
8296 LOAD_CONST           R158 constant[1741]  ; line 1268
8297 LOAD_CONST           R159 constant[1742]  ; line 1268
8298 LOAD_CONST           R160 constant[1743]  ; line 1268
8299 MOVE                 R161 <- R1  ; line 1268
8300 MOVE                 R162 <- R159  ; line 1268
8301 MOVE                 R163 <- R160  ; line 1268
8302 CALL                 a=164 b=54 c=161 imm=3  ; line 1268
8303 MOVE                 R165 <- R157  ; line 1268
8304 MOVE                 R166 <- R9  ; line 1268
8305 MOVE                 R167 <- R158  ; line 1268
8306 MOVE                 R168 <- R164  ; line 1268
8307 HOST_CALL            a=169 b=6 c=165 imm=4  ; line 1268
8308 LOAD_CONST           R170 constant[1744]  ; line 1268
8309 LOAD_CONST           R171 constant[1745]  ; line 1268
8310 LOAD_CONST           R172 constant[1746]  ; line 1268
8311 MOVE                 R173 <- R171  ; line 1268
8312 MOVE                 R174 <- R172  ; line 1268
8313 ARRAY_NEW            a=175 b=173 c=2 imm=4294967295  ; line 1268
8314 MOVE                 R176 <- R144  ; line 1268
8315 MOVE                 R177 <- R152  ; line 1268
8316 MOVE                 R178 <- R156  ; line 1268
8317 MOVE                 R179 <- R169  ; line 1268
8318 MOVE                 R180 <- R170  ; line 1268
8319 MOVE                 R181 <- R175  ; line 1268
8320 CALL                 a=182 b=68 c=176 imm=6  ; line 1268
8321 RETURN               R182  ; line 1268
8322 LOAD_CONST           R183 constant[1747]  ; line 1268
8323 RETURN               R183  ; line 1268
8324 MOVE                 R2 <- R1  ; line 1274
8325 CALL                 a=3 b=62 c=2 imm=1  ; line 1274
8326 MOVE                 R4 <- R3  ; line 1274
8327 LOAD_CONST           R5 constant[1748]  ; line 1275
8328 MOVE                 R6 <- R0  ; line 1275
8329 MOVE                 R7 <- R5  ; line 1275
8330 HOST_CALL            a=8 b=11 c=6 imm=2  ; line 1275
8331 LOAD_CONST           R9 constant[1749]  ; line 1275
8332 MOVE                 R10 <- R8  ; line 1275
8333 MOVE                 R11 <- R9  ; line 1275
8334 HOST_CALL            a=12 b=11 c=10 imm=2  ; line 1275
8335 MOVE                 R13 <- R12  ; line 1275
8336 LOAD_CONST           R14 constant[1750]  ; line 1276
8337 MOVE                 R15 <- R14  ; line 1276
8338 HOST_CALL            a=16 b=22 c=15 imm=1  ; line 1276
8339 MOVE                 R17 <- R16  ; line 1276
8340 LOAD_CONST           R18 constant[1751]  ; line 1277
8341 MOVE                 R19 <- R18  ; line 1277
8342 HOST_CALL            a=20 b=22 c=19 imm=1  ; line 1277
8343 MOVE                 R21 <- R20  ; line 1277
8344 LOAD_CONST           R22 constant[1752]  ; line 1278
8345 MOVE                 R23 <- R22  ; line 1278
8346 HOST_CALL            a=24 b=22 c=23 imm=1  ; line 1278
8347 MOVE                 R25 <- R24  ; line 1278
8348 LOAD_CONST           R26 constant[1753]  ; line 1279
8349 MOVE                 R27 <- R26  ; line 1279
8350 COMPARE              a=27 b=13 c=28 imm=2  ; line 1280
8351 JUMP_IF_FALSE        R28 -> 8370  ; line 1280
8352 LOAD_CONST           R28 constant[1754]  ; line 1281
8353 MOVE                 R29 <- R0  ; line 1281
8354 MOVE                 R30 <- R28  ; line 1281
8355 HOST_CALL            a=31 b=11 c=29 imm=2  ; line 1281
8356 LOAD_CONST           R32 constant[1755]  ; line 1281
8357 MOVE                 R33 <- R31  ; line 1281
8358 MOVE                 R34 <- R32  ; line 1281
8359 HOST_CALL            a=35 b=11 c=33 imm=2  ; line 1281
8360 MOVE                 R36 <- R35  ; line 1281
8361 MOVE                 R37 <- R27  ; line 1281
8362 HOST_CALL            a=38 b=11 c=36 imm=2  ; line 1281
8363 MOVE                 R39 <- R25  ; line 1281
8364 MOVE                 R40 <- R38  ; line 1281
8365 HOST_CALL            a=41 b=23 c=39 imm=2  ; line 1281
8366 LOAD_CONST           R28 constant[1756]  ; line 1282
8367 BINARY               a=27 b=28 c=29 imm=0  ; line 1282
8368 MOVE                 R27 <- R29  ; line 1282
8369 JUMP                 -> 8350  ; line 1282
8370 LOAD_CONST           R28 constant[1757]  ; line 1284
8371 MOVE                 R29 <- R28  ; line 1284
8372 COMPARE              a=29 b=4 c=30 imm=2  ; line 1285
8373 JUMP_IF_FALSE        R30 -> 8487  ; line 1285
8374 MOVE                 R30 <- R13  ; line 1286
8375 CALL                 a=31 b=63 c=30 imm=1  ; line 1286
8376 MOVE                 R32 <- R31  ; line 1286
8377 LOAD_CONST           R33 constant[1758]  ; line 1287
8378 MOVE                 R34 <- R33  ; line 1287
8379 LOAD_CONST           R35 constant[1759]  ; line 1288
8380 MOVE                 R27 <- R35  ; line 1288
8381 COMPARE              a=27 b=13 c=35 imm=2  ; line 1289
8382 JUMP_IF_FALSE        R35 -> 8444  ; line 1289
8383 LOAD_CONST           R35 constant[1760]  ; line 1290
8384 MOVE                 R36 <- R35  ; line 1290
8385 LOAD_CONST           R37 constant[1761]  ; line 1291
8386 MOVE                 R38 <- R37  ; line 1291
8387 COMPARE              a=38 b=13 c=39 imm=2  ; line 1292
8388 JUMP_IF_FALSE        R39 -> 8413  ; line 1292
8389 MOVE                 R39 <- R25  ; line 1293
8390 MOVE                 R40 <- R38  ; line 1293
8391 HOST_CALL            a=41 b=11 c=39 imm=2  ; line 1293
8392 LOAD_CONST           R42 constant[1762]  ; line 1293
8393 MOVE                 R43 <- R0  ; line 1293
8394 MOVE                 R44 <- R42  ; line 1293
8395 HOST_CALL            a=45 b=11 c=43 imm=2  ; line 1293
8396 LOAD_CONST           R46 constant[1763]  ; line 1293
8397 MOVE                 R47 <- R45  ; line 1293
8398 MOVE                 R48 <- R46  ; line 1293
8399 HOST_CALL            a=49 b=11 c=47 imm=2  ; line 1293
8400 MOVE                 R50 <- R38  ; line 1293
8401 MOVE                 R51 <- R27  ; line 1293
8402 ARRAY_NEW            a=52 b=50 c=2 imm=4294967295  ; line 1293
8403 MOVE                 R53 <- R49  ; line 1293
8404 MOVE                 R54 <- R52  ; line 1293
8405 HOST_CALL            a=55 b=11 c=53 imm=2  ; line 1293
8406 BINARY               a=41 b=55 c=56 imm=2  ; line 1293
8407 BINARY               a=36 b=56 c=57 imm=0  ; line 1293
8408 MOVE                 R36 <- R57  ; line 1293
8409 LOAD_CONST           R39 constant[1764]  ; line 1294
8410 BINARY               a=38 b=39 c=40 imm=0  ; line 1294
8411 MOVE                 R38 <- R40  ; line 1294
8412 JUMP                 -> 8387  ; line 1294
8413 LOAD_CONST           R39 constant[1765]  ; line 1296
8414 MOVE                 R40 <- R0  ; line 1296
8415 MOVE                 R41 <- R39  ; line 1296
8416 HOST_CALL            a=42 b=11 c=40 imm=2  ; line 1296
8417 LOAD_CONST           R43 constant[1766]  ; line 1296
8418 MOVE                 R44 <- R42  ; line 1296
8419 MOVE                 R45 <- R43  ; line 1296
8420 HOST_CALL            a=46 b=11 c=44 imm=2  ; line 1296
8421 MOVE                 R47 <- R1  ; line 1296
8422 MOVE                 R48 <- R29  ; line 1296
8423 HOST_CALL            a=49 b=11 c=47 imm=2  ; line 1296
8424 MOVE                 R50 <- R27  ; line 1296
8425 MOVE                 R51 <- R49  ; line 1296
8426 ARRAY_NEW            a=52 b=50 c=2 imm=4294967295  ; line 1296
8427 MOVE                 R53 <- R46  ; line 1296
8428 MOVE                 R54 <- R52  ; line 1296
8429 HOST_CALL            a=55 b=11 c=53 imm=2  ; line 1296
8430 BINARY               a=36 b=55 c=56 imm=2  ; line 1296
8431 MOVE                 R57 <- R32  ; line 1296
8432 MOVE                 R58 <- R27  ; line 1296
8433 MOVE                 R59 <- R56  ; line 1296
8434 HOST_CALL            a=60 b=12 c=57 imm=3  ; line 1296
8435 MOVE                 R39 <- R32  ; line 1297
8436 MOVE                 R40 <- R27  ; line 1297
8437 HOST_CALL            a=41 b=11 c=39 imm=2  ; line 1297
8438 BINARY               a=34 b=41 c=42 imm=0  ; line 1297
8439 MOVE                 R34 <- R42  ; line 1297
8440 LOAD_CONST           R39 constant[1767]  ; line 1298
8441 BINARY               a=27 b=39 c=40 imm=0  ; line 1298
8442 MOVE                 R27 <- R40  ; line 1298
8443 JUMP                 -> 8381  ; line 1298
8444 LOAD_CONST           R39 constant[1768]  ; line 1300
8445 MOVE                 R40 <- R39  ; line 1300
8446 HOST_CALL            a=41 b=22 c=40 imm=1  ; line 1300
8447 MOVE                 R42 <- R41  ; line 1300
8448 LOAD_CONST           R43 constant[1769]  ; line 1301
8449 MOVE                 R27 <- R43  ; line 1301
8450 COMPARE              a=27 b=13 c=43 imm=2  ; line 1302
8451 JUMP_IF_FALSE        R43 -> 8476  ; line 1302
8452 MOVE                 R43 <- R32  ; line 1303
8453 MOVE                 R44 <- R27  ; line 1303
8454 HOST_CALL            a=45 b=11 c=43 imm=2  ; line 1303
8455 BINARY               a=45 b=34 c=46 imm=3  ; line 1303
8456 MOVE                 R47 <- R32  ; line 1303
8457 MOVE                 R48 <- R27  ; line 1303
8458 MOVE                 R49 <- R46  ; line 1303
8459 HOST_CALL            a=50 b=12 c=47 imm=3  ; line 1303
8460 MOVE                 R43 <- R32  ; line 1304
8461 MOVE                 R44 <- R27  ; line 1304
8462 HOST_CALL            a=45 b=11 c=43 imm=2  ; line 1304
8463 LOAD_CONST           R46 constant[1770]  ; line 1304
8464 MOVE                 R47 <- R32  ; line 1304
8465 MOVE                 R48 <- R27  ; line 1304
8466 HOST_CALL            a=49 b=11 c=47 imm=2  ; line 1304
8467 BINARY               a=46 b=49 c=50 imm=1  ; line 1304
8468 BINARY               a=45 b=50 c=51 imm=2  ; line 1304
8469 MOVE                 R52 <- R42  ; line 1304
8470 MOVE                 R53 <- R51  ; line 1304
8471 HOST_CALL            a=54 b=23 c=52 imm=2  ; line 1304
8472 LOAD_CONST           R43 constant[1771]  ; line 1305
8473 BINARY               a=27 b=43 c=44 imm=0  ; line 1305
8474 MOVE                 R27 <- R44  ; line 1305
8475 JUMP                 -> 8450  ; line 1305
8476 MOVE                 R43 <- R17  ; line 1307
8477 MOVE                 R44 <- R32  ; line 1307
8478 HOST_CALL            a=45 b=23 c=43 imm=2  ; line 1307
8479 MOVE                 R43 <- R21  ; line 1308
8480 MOVE                 R44 <- R42  ; line 1308
8481 HOST_CALL            a=45 b=23 c=43 imm=2  ; line 1308
8482 MOVE                 R25 <- R32  ; line 1309
8483 LOAD_CONST           R43 constant[1772]  ; line 1310
8484 BINARY               a=29 b=43 c=44 imm=0  ; line 1310
8485 MOVE                 R29 <- R44  ; line 1310
8486 JUMP                 -> 8372  ; line 1310
8487 LOAD_CONST           R43 constant[1773]  ; line 1312
8488 MOVE                 R44 <- R17  ; line 1312
8489 HOST_CALL            a=45 b=72 c=44 imm=1  ; line 1312
8490 LOAD_CONST           R46 constant[1774]  ; line 1312
8491 MOVE                 R47 <- R21  ; line 1312
8492 HOST_CALL            a=48 b=72 c=47 imm=1  ; line 1312
8493 MOVE                 R49 <- R43  ; line 1312
8494 MOVE                 R50 <- R45  ; line 1312
8495 MOVE                 R51 <- R46  ; line 1312
8496 MOVE                 R52 <- R48  ; line 1312
8497 HOST_CALL            a=53 b=6 c=49 imm=4  ; line 1312
8498 RETURN               R53  ; line 1312
8499 LOAD_CONST           R54 constant[1775]  ; line 1312
8500 RETURN               R54  ; line 1312
8501 MOVE                 R2 <- R0  ; line 1316
8502 HOST_CALL            a=3 b=86 c=2 imm=1  ; line 1316
8503 LOAD_CONST           R4 constant[1776]  ; line 1316
8504 COMPARE              a=3 b=4 c=5 imm=1  ; line 1316
8505 JUMP_IF_FALSE        R5 -> 8515  ; line 1316
8506 LOAD_CONST           R2 constant[1777]  ; line 1316
8507 LOAD_CONST           R3 constant[1778]  ; line 1316
8508 LOAD_CONST           R4 constant[1779]  ; line 1316
8509 MOVE                 R5 <- R2  ; line 1316
8510 MOVE                 R6 <- R3  ; line 1316
8511 MOVE                 R7 <- R4  ; line 1316
8512 CALL                 a=8 b=53 c=5 imm=3  ; line 1316
8513 RETURN               R8  ; line 1316
8514 JUMP                 -> 8515  ; line 1316
8515 LOAD_CONST           R2 constant[1780]  ; line 1317
8516 MOVE                 R3 <- R0  ; line 1317
8517 MOVE                 R4 <- R2  ; line 1317
8518 HOST_CALL            a=5 b=7 c=3 imm=2  ; line 1317
8519 UNARY                a=5 b=6 c=4294967295 imm=1  ; line 1317
8520 JUMP_IF_FALSE        R6 -> 8530  ; line 1317
8521 LOAD_CONST           R2 constant[1781]  ; line 1317
8522 LOAD_CONST           R3 constant[1782]  ; line 1317
8523 LOAD_CONST           R4 constant[1783]  ; line 1317
8524 MOVE                 R5 <- R2  ; line 1317
8525 MOVE                 R6 <- R3  ; line 1317
8526 MOVE                 R7 <- R4  ; line 1317
8527 CALL                 a=8 b=53 c=5 imm=3  ; line 1317
8528 RETURN               R8  ; line 1317
8529 JUMP                 -> 8530  ; line 1317
8530 LOAD_CONST           R2 constant[1784]  ; line 1318
8531 MOVE                 R3 <- R0  ; line 1318
8532 MOVE                 R4 <- R2  ; line 1318
8533 HOST_CALL            a=5 b=11 c=3 imm=2  ; line 1318
8534 MOVE                 R6 <- R5  ; line 1318
8535 MOVE                 R7 <- R6  ; line 1319
8536 CALL                 a=8 b=61 c=7 imm=1  ; line 1319
8537 MOVE                 R9 <- R8  ; line 1319
8538 LOAD_CONST           R10 constant[1785]  ; line 1320
8539 COMPARE              a=9 b=10 c=11 imm=0  ; line 1320
8540 JUMP_IF_FALSE        R11 -> 8550  ; line 1320
8541 LOAD_CONST           R10 constant[1786]  ; line 1320
8542 LOAD_CONST           R11 constant[1787]  ; line 1320
8543 LOAD_CONST           R12 constant[1788]  ; line 1320
8544 MOVE                 R13 <- R10  ; line 1320
8545 MOVE                 R14 <- R11  ; line 1320
8546 MOVE                 R15 <- R12  ; line 1320
8547 CALL                 a=16 b=53 c=13 imm=3  ; line 1320
8548 RETURN               R16  ; line 1320
8549 JUMP                 -> 8550  ; line 1320
8550 LOAD_CONST           R10 constant[1789]  ; line 1321
8551 MOVE                 R11 <- R9  ; line 1321
8552 MOVE                 R12 <- R10  ; line 1321
8553 HOST_CALL            a=13 b=11 c=11 imm=2  ; line 1321
8554 LOAD_CONST           R14 constant[1790]  ; line 1321
8555 COMPARE              a=13 b=14 c=15 imm=2  ; line 1321
8556 JUMP_IF_FALSE        R15 -> 8566  ; line 1321
8557 LOAD_CONST           R10 constant[1791]  ; line 1321
8558 LOAD_CONST           R11 constant[1792]  ; line 1321
8559 LOAD_CONST           R12 constant[1793]  ; line 1321
8560 MOVE                 R13 <- R10  ; line 1321
8561 MOVE                 R14 <- R11  ; line 1321
8562 MOVE                 R15 <- R12  ; line 1321
8563 CALL                 a=16 b=53 c=13 imm=3  ; line 1321
8564 RETURN               R16  ; line 1321
8565 JUMP                 -> 8566  ; line 1321
8566 LOAD_CONST           R10 constant[1794]  ; line 1322
8567 LOAD_CONST           R11 constant[1795]  ; line 1322
8568 MOVE                 R12 <- R1  ; line 1322
8569 MOVE                 R13 <- R10  ; line 1322
8570 MOVE                 R14 <- R11  ; line 1322
8571 CALL                 a=15 b=54 c=12 imm=3  ; line 1322
8572 MOVE                 R16 <- R15  ; line 1322
8573 LOAD_CONST           R17 constant[1796]  ; line 1323
8574 COMPARE              a=16 b=17 c=18 imm=2  ; line 1323
8575 JUMP_IF_FALSE        R18 -> 8585  ; line 1323
8576 LOAD_CONST           R17 constant[1797]  ; line 1323
8577 LOAD_CONST           R18 constant[1798]  ; line 1323
8578 LOAD_CONST           R19 constant[1799]  ; line 1323
8579 MOVE                 R20 <- R17  ; line 1323
8580 MOVE                 R21 <- R18  ; line 1323
8581 MOVE                 R22 <- R19  ; line 1323
8582 CALL                 a=23 b=53 c=20 imm=3  ; line 1323
8583 RETURN               R23  ; line 1323
8584 JUMP                 -> 8585  ; line 1323
8585 LOAD_CONST           R17 constant[1800]  ; line 1324
8586 MOVE                 R18 <- R9  ; line 1324
8587 MOVE                 R19 <- R17  ; line 1324
8588 HOST_CALL            a=20 b=11 c=18 imm=2  ; line 1324
8589 MOVE                 R21 <- R20  ; line 1324
8590 LOAD_CONST           R22 constant[1801]  ; line 1325
8591 MOVE                 R23 <- R22  ; line 1325
8592 HOST_CALL            a=24 b=22 c=23 imm=1  ; line 1325
8593 MOVE                 R25 <- R24  ; line 1325
8594 LOAD_CONST           R26 constant[1802]  ; line 1326
8595 MOVE                 R27 <- R26  ; line 1326
8596 HOST_CALL            a=28 b=22 c=27 imm=1  ; line 1326
8597 MOVE                 R29 <- R28  ; line 1326
8598 LOAD_CONST           R30 constant[1803]  ; line 1327
8599 MOVE                 R31 <- R30  ; line 1327
8600 HOST_CALL            a=32 b=22 c=31 imm=1  ; line 1327
8601 MOVE                 R33 <- R32  ; line 1327
8602 LOAD_CONST           R34 constant[1804]  ; line 1328
8603 MOVE                 R35 <- R34  ; line 1328
8604 COMPARE              a=35 b=21 c=36 imm=2  ; line 1329
8605 JUMP_IF_FALSE        R36 -> 8725  ; line 1329
8606 LOAD_CONST           R36 constant[1805]  ; line 1330
8607 MOVE                 R37 <- R36  ; line 1330
8608 MOVE                 R38 <- R35  ; line 1330
8609 ARRAY_NEW            a=39 b=37 c=2 imm=4294967295  ; line 1330
8610 MOVE                 R40 <- R6  ; line 1330
8611 MOVE                 R41 <- R39  ; line 1330
8612 HOST_CALL            a=42 b=11 c=40 imm=2  ; line 1330
8613 MOVE                 R43 <- R42  ; line 1330
8614 MOVE                 R44 <- R43  ; line 1331
8615 LOAD_CONST           R45 constant[1806]  ; line 1332
8616 MOVE                 R46 <- R45  ; line 1332
8617 LOAD_CONST           R47 constant[1807]  ; line 1333
8618 MOVE                 R48 <- R47  ; line 1333
8619 LOAD_CONST           R49 constant[1808]  ; line 1334
8620 MOVE                 R50 <- R9  ; line 1334
8621 MOVE                 R51 <- R49  ; line 1334
8622 HOST_CALL            a=52 b=11 c=50 imm=2  ; line 1334
8623 COMPARE              a=48 b=52 c=53 imm=2  ; line 1334
8624 JUMP_IF_FALSE        R53 -> 8669  ; line 1334
8625 MOVE                 R49 <- R48  ; line 1335
8626 MOVE                 R50 <- R35  ; line 1335
8627 ARRAY_NEW            a=51 b=49 c=2 imm=4294967295  ; line 1335
8628 MOVE                 R52 <- R6  ; line 1335
8629 MOVE                 R53 <- R51  ; line 1335
8630 HOST_CALL            a=54 b=11 c=52 imm=2  ; line 1335
8631 COMPARE              a=54 b=43 c=55 imm=2  ; line 1335
8632 JUMP_IF_FALSE        R55 -> 8641  ; line 1335
8633 MOVE                 R49 <- R48  ; line 1335
8634 MOVE                 R50 <- R35  ; line 1335
8635 ARRAY_NEW            a=51 b=49 c=2 imm=4294967295  ; line 1335
8636 MOVE                 R52 <- R6  ; line 1335
8637 MOVE                 R53 <- R51  ; line 1335
8638 HOST_CALL            a=54 b=11 c=52 imm=2  ; line 1335
8639 MOVE                 R43 <- R54  ; line 1335
8640 JUMP                 -> 8641  ; line 1335
8641 MOVE                 R49 <- R48  ; line 1336
8642 MOVE                 R50 <- R35  ; line 1336
8643 ARRAY_NEW            a=51 b=49 c=2 imm=4294967295  ; line 1336
8644 MOVE                 R52 <- R6  ; line 1336
8645 MOVE                 R53 <- R51  ; line 1336
8646 HOST_CALL            a=54 b=11 c=52 imm=2  ; line 1336
8647 COMPARE              a=54 b=44 c=55 imm=4  ; line 1336
8648 JUMP_IF_FALSE        R55 -> 8657  ; line 1336
8649 MOVE                 R49 <- R48  ; line 1336
8650 MOVE                 R50 <- R35  ; line 1336
8651 ARRAY_NEW            a=51 b=49 c=2 imm=4294967295  ; line 1336
8652 MOVE                 R52 <- R6  ; line 1336
8653 MOVE                 R53 <- R51  ; line 1336
8654 HOST_CALL            a=54 b=11 c=52 imm=2  ; line 1336
8655 MOVE                 R44 <- R54  ; line 1336
8656 JUMP                 -> 8657  ; line 1336
8657 MOVE                 R49 <- R48  ; line 1337
8658 MOVE                 R50 <- R35  ; line 1337
8659 ARRAY_NEW            a=51 b=49 c=2 imm=4294967295  ; line 1337
8660 MOVE                 R52 <- R6  ; line 1337
8661 MOVE                 R53 <- R51  ; line 1337
8662 HOST_CALL            a=54 b=11 c=52 imm=2  ; line 1337
8663 BINARY               a=46 b=54 c=55 imm=0  ; line 1337
8664 MOVE                 R46 <- R55  ; line 1337
8665 LOAD_CONST           R49 constant[1809]  ; line 1338
8666 BINARY               a=48 b=49 c=50 imm=0  ; line 1338
8667 MOVE                 R48 <- R50  ; line 1338
8668 JUMP                 -> 8619  ; line 1338
8669 LOAD_CONST           R49 constant[1810]  ; line 1340
8670 MOVE                 R50 <- R9  ; line 1340
8671 MOVE                 R51 <- R49  ; line 1340
8672 HOST_CALL            a=52 b=11 c=50 imm=2  ; line 1340
8673 BINARY               a=46 b=52 c=53 imm=3  ; line 1340
8674 MOVE                 R46 <- R53  ; line 1340
8675 LOAD_CONST           R49 constant[1811]  ; line 1341
8676 MOVE                 R50 <- R49  ; line 1341
8677 LOAD_CONST           R51 constant[1812]  ; line 1342
8678 MOVE                 R48 <- R51  ; line 1342
8679 LOAD_CONST           R51 constant[1813]  ; line 1343
8680 MOVE                 R52 <- R9  ; line 1343
8681 MOVE                 R53 <- R51  ; line 1343
8682 HOST_CALL            a=54 b=11 c=52 imm=2  ; line 1343
8683 COMPARE              a=48 b=54 c=55 imm=2  ; line 1343
8684 JUMP_IF_FALSE        R55 -> 8700  ; line 1343
8685 MOVE                 R51 <- R48  ; line 1344
8686 MOVE                 R52 <- R35  ; line 1344
8687 ARRAY_NEW            a=53 b=51 c=2 imm=4294967295  ; line 1344
8688 MOVE                 R54 <- R6  ; line 1344
8689 MOVE                 R55 <- R53  ; line 1344
8690 HOST_CALL            a=56 b=11 c=54 imm=2  ; line 1344
8691 BINARY               a=56 b=46 c=57 imm=1  ; line 1344
8692 MOVE                 R58 <- R57  ; line 1344
8693 BINARY               a=58 b=58 c=59 imm=2  ; line 1345
8694 BINARY               a=50 b=59 c=60 imm=0  ; line 1345
8695 MOVE                 R50 <- R60  ; line 1345
8696 LOAD_CONST           R59 constant[1814]  ; line 1346
8697 BINARY               a=48 b=59 c=60 imm=0  ; line 1346
8698 MOVE                 R48 <- R60  ; line 1346
8699 JUMP                 -> 8679  ; line 1346
8700 LOAD_CONST           R59 constant[1815]  ; line 1348
8701 MOVE                 R60 <- R9  ; line 1348
8702 MOVE                 R61 <- R59  ; line 1348
8703 HOST_CALL            a=62 b=11 c=60 imm=2  ; line 1348
8704 BINARY               a=50 b=62 c=63 imm=3  ; line 1348
8705 MOVE                 R50 <- R63  ; line 1348
8706 LOAD_CONST           R59 constant[1816]  ; line 1349
8707 COMPARE              a=50 b=59 c=60 imm=2  ; line 1349
8708 JUMP_IF_FALSE        R60 -> 8712  ; line 1349
8709 LOAD_CONST           R59 constant[1817]  ; line 1349
8710 MOVE                 R50 <- R59  ; line 1349
8711 JUMP                 -> 8712  ; line 1349
8712 MOVE                 R59 <- R25  ; line 1350
8713 MOVE                 R60 <- R43  ; line 1350
8714 HOST_CALL            a=61 b=23 c=59 imm=2  ; line 1350
8715 MOVE                 R59 <- R29  ; line 1351
8716 MOVE                 R60 <- R44  ; line 1351
8717 HOST_CALL            a=61 b=23 c=59 imm=2  ; line 1351
8718 MOVE                 R59 <- R33  ; line 1352
8719 MOVE                 R60 <- R50  ; line 1352
8720 HOST_CALL            a=61 b=23 c=59 imm=2  ; line 1352
8721 LOAD_CONST           R59 constant[1818]  ; line 1353
8722 BINARY               a=35 b=59 c=60 imm=0  ; line 1353
8723 MOVE                 R35 <- R60  ; line 1353
8724 JUMP                 -> 8604  ; line 1353
8725 LOAD_CONST           R59 constant[1819]  ; line 1355
8726 MOVE                 R60 <- R59  ; line 1355
8727 HOST_CALL            a=61 b=22 c=60 imm=1  ; line 1355
8728 MOVE                 R62 <- R61  ; line 1355
8729 LOAD_CONST           R63 constant[1820]  ; line 1356
8730 MOVE                 R64 <- R63  ; line 1356
8731 HOST_CALL            a=65 b=22 c=64 imm=1  ; line 1356
8732 MOVE                 R66 <- R65  ; line 1356
8733 LOAD_CONST           R67 constant[1821]  ; line 1357
8734 MOVE                 R68 <- R67  ; line 1357
8735 HOST_CALL            a=69 b=22 c=68 imm=1  ; line 1357
8736 MOVE                 R70 <- R69  ; line 1357
8737 LOAD_CONST           R71 constant[1822]  ; line 1358
8738 MOVE                 R72 <- R71  ; line 1358
8739 HOST_CALL            a=73 b=22 c=72 imm=1  ; line 1358
8740 MOVE                 R74 <- R73  ; line 1358
8741 LOAD_CONST           R75 constant[1823]  ; line 1359
8742 MOVE                 R76 <- R75  ; line 1359
8743 COMPARE              a=76 b=16 c=77 imm=2  ; line 1360
8744 JUMP_IF_FALSE        R77 -> 8828  ; line 1360
8745 LOAD_CONST           R77 constant[1824]  ; line 1361
8746 MOVE                 R78 <- R77  ; line 1361
8747 HOST_CALL            a=79 b=22 c=78 imm=1  ; line 1361
8748 MOVE                 R80 <- R79  ; line 1361
8749 LOAD_CONST           R81 constant[1825]  ; line 1362
8750 MOVE                 R82 <- R81  ; line 1362
8751 HOST_CALL            a=83 b=22 c=82 imm=1  ; line 1362
8752 MOVE                 R84 <- R83  ; line 1362
8753 LOAD_CONST           R85 constant[1826]  ; line 1363
8754 MOVE                 R35 <- R85  ; line 1363
8755 COMPARE              a=35 b=21 c=85 imm=2  ; line 1364
8756 JUMP_IF_FALSE        R85 -> 8785  ; line 1364
8757 MOVE                 R85 <- R25  ; line 1365
8758 MOVE                 R86 <- R35  ; line 1365
8759 HOST_CALL            a=87 b=11 c=85 imm=2  ; line 1365
8760 MOVE                 R88 <- R29  ; line 1365
8761 MOVE                 R89 <- R35  ; line 1365
8762 HOST_CALL            a=90 b=11 c=88 imm=2  ; line 1365
8763 MOVE                 R91 <- R25  ; line 1365
8764 MOVE                 R92 <- R35  ; line 1365
8765 HOST_CALL            a=93 b=11 c=91 imm=2  ; line 1365
8766 BINARY               a=90 b=93 c=94 imm=1  ; line 1365
8767 BINARY               a=94 b=76 c=95 imm=2  ; line 1365
8768 LOAD_CONST           R96 constant[1827]  ; line 1365
8769 BINARY               a=16 b=96 c=97 imm=1  ; line 1365
8770 BINARY               a=95 b=97 c=98 imm=3  ; line 1365
8771 BINARY               a=87 b=98 c=99 imm=0  ; line 1365
8772 MOVE                 R100 <- R80  ; line 1365
8773 MOVE                 R101 <- R99  ; line 1365
8774 HOST_CALL            a=102 b=23 c=100 imm=2  ; line 1365
8775 MOVE                 R85 <- R33  ; line 1366
8776 MOVE                 R86 <- R35  ; line 1366
8777 HOST_CALL            a=87 b=11 c=85 imm=2  ; line 1366
8778 MOVE                 R88 <- R84  ; line 1366
8779 MOVE                 R89 <- R87  ; line 1366
8780 HOST_CALL            a=90 b=23 c=88 imm=2  ; line 1366
8781 LOAD_CONST           R85 constant[1828]  ; line 1367
8782 BINARY               a=35 b=85 c=86 imm=0  ; line 1367
8783 MOVE                 R35 <- R86  ; line 1367
8784 JUMP                 -> 8755  ; line 1367
8785 LOAD_CONST           R85 constant[1829]  ; line 1369
8786 MOVE                 R86 <- R85  ; line 1369
8787 HOST_CALL            a=87 b=22 c=86 imm=1  ; line 1369
8788 MOVE                 R88 <- R87  ; line 1369
8789 LOAD_CONST           R89 constant[1830]  ; line 1370
8790 MOVE                 R90 <- R89  ; line 1370
8791 COMPARE              a=90 b=16 c=91 imm=2  ; line 1371
8792 JUMP_IF_FALSE        R91 -> 8810  ; line 1371
8793 LOAD_CONST           R91 constant[1831]  ; line 1372
8794 LOAD_CONST           R92 constant[1832]  ; line 1372
8795 BINARY               a=16 b=92 c=93 imm=1  ; line 1372
8796 BINARY               a=91 b=93 c=94 imm=3  ; line 1372
8797 MOVE                 R95 <- R94  ; line 1372
8798 COMPARE              a=90 b=76 c=96 imm=0  ; line 1373
8799 JUMP_IF_FALSE        R96 -> 8803  ; line 1373
8800 LOAD_CONST           R96 constant[1833]  ; line 1373
8801 MOVE                 R95 <- R96  ; line 1373
8802 JUMP                 -> 8803  ; line 1373
8803 MOVE                 R96 <- R88  ; line 1374
8804 MOVE                 R97 <- R95  ; line 1374
8805 HOST_CALL            a=98 b=23 c=96 imm=2  ; line 1374
8806 LOAD_CONST           R96 constant[1834]  ; line 1375
8807 BINARY               a=90 b=96 c=97 imm=0  ; line 1375
8808 MOVE                 R90 <- R97  ; line 1375
8809 JUMP                 -> 8791  ; line 1375
8810 MOVE                 R96 <- R62  ; line 1377
8811 MOVE                 R97 <- R80  ; line 1377
8812 HOST_CALL            a=98 b=23 c=96 imm=2  ; line 1377
8813 MOVE                 R96 <- R66  ; line 1378
8814 MOVE                 R97 <- R84  ; line 1378
8815 HOST_CALL            a=98 b=23 c=96 imm=2  ; line 1378
8816 MOVE                 R96 <- R70  ; line 1379
8817 MOVE                 R97 <- R88  ; line 1379
8818 HOST_CALL            a=98 b=23 c=96 imm=2  ; line 1379
8819 LOAD_CONST           R96 constant[1835]  ; line 1380
8820 BINARY               a=96 b=16 c=97 imm=3  ; line 1380
8821 MOVE                 R98 <- R74  ; line 1380
8822 MOVE                 R99 <- R97  ; line 1380
8823 HOST_CALL            a=100 b=23 c=98 imm=2  ; line 1380
8824 LOAD_CONST           R96 constant[1836]  ; line 1381
8825 BINARY               a=76 b=96 c=97 imm=0  ; line 1381
8826 MOVE                 R76 <- R97  ; line 1381
8827 JUMP                 -> 8743  ; line 1381
8828 LOAD_CONST           R96 constant[1837]  ; line 1383
8829 LOAD_CONST           R97 constant[1838]  ; line 1383
8830 LOAD_CONST           R98 constant[1839]  ; line 1383
8831 LOAD_CONST           R99 constant[1840]  ; line 1383
8832 LOAD_CONST           R100 constant[1841]  ; line 1383
8833 LOAD_CONST           R101 constant[1842]  ; line 1383
8834 LOAD_CONST           R102 constant[1843]  ; line 1383
8835 LOAD_CONST           R103 constant[1844]  ; line 1383
8836 MOVE                 R104 <- R70  ; line 1383
8837 HOST_CALL            a=105 b=72 c=104 imm=1  ; line 1383
8838 LOAD_CONST           R106 constant[1845]  ; line 1383
8839 MOVE                 R107 <- R62  ; line 1383
8840 HOST_CALL            a=108 b=72 c=107 imm=1  ; line 1383
8841 LOAD_CONST           R109 constant[1846]  ; line 1383
8842 MOVE                 R110 <- R66  ; line 1383
8843 HOST_CALL            a=111 b=72 c=110 imm=1  ; line 1383
8844 LOAD_CONST           R112 constant[1847]  ; line 1383
8845 MOVE                 R113 <- R74  ; line 1383
8846 HOST_CALL            a=114 b=72 c=113 imm=1  ; line 1383
8847 LOAD_CONST           R115 constant[1848]  ; line 1383
8848 LOAD_CONST           R116 constant[1849]  ; line 1383
8849 MOVE                 R117 <- R103  ; line 1383
8850 MOVE                 R118 <- R105  ; line 1383
8851 MOVE                 R119 <- R106  ; line 1383
8852 MOVE                 R120 <- R108  ; line 1383
8853 MOVE                 R121 <- R109  ; line 1383
8854 MOVE                 R122 <- R111  ; line 1383
8855 MOVE                 R123 <- R112  ; line 1383
8856 MOVE                 R124 <- R114  ; line 1383
8857 MOVE                 R125 <- R115  ; line 1383
8858 MOVE                 R126 <- R16  ; line 1383
8859 MOVE                 R127 <- R116  ; line 1383
8860 MOVE                 R128 <- R21  ; line 1383
8861 HOST_CALL            a=129 b=6 c=117 imm=12  ; line 1383
8862 LOAD_CONST           R130 constant[1850]  ; line 1383
8863 LOAD_CONST           R131 constant[1851]  ; line 1383
8864 LOAD_CONST           R132 constant[1852]  ; line 1383
8865 MOVE                 R133 <- R131  ; line 1383
8866 MOVE                 R134 <- R132  ; line 1383
8867 HOST_CALL            a=135 b=6 c=133 imm=2  ; line 1383
8868 LOAD_CONST           R136 constant[1853]  ; line 1383
8869 LOAD_CONST           R137 constant[1854]  ; line 1383
8870 LOAD_CONST           R138 constant[1855]  ; line 1383
8871 LOAD_CONST           R139 constant[1856]  ; line 1383
8872 LOAD_CONST           R140 constant[1857]  ; line 1383
8873 LOAD_CONST           R141 constant[1858]  ; line 1383
8874 LOAD_CONST           R142 constant[1859]  ; line 1383
8875 MOVE                 R143 <- R1  ; line 1383
8876 MOVE                 R144 <- R141  ; line 1383
8877 MOVE                 R145 <- R142  ; line 1383
8878 CALL                 a=146 b=54 c=143 imm=3  ; line 1383
8879 MOVE                 R147 <- R138  ; line 1383
8880 MOVE                 R148 <- R139  ; line 1383
8881 MOVE                 R149 <- R140  ; line 1383
8882 MOVE                 R150 <- R146  ; line 1383
8883 HOST_CALL            a=151 b=6 c=147 imm=4  ; line 1383
8884 LOAD_CONST           R152 constant[1860]  ; line 1383
8885 LOAD_CONST           R153 constant[1861]  ; line 1383
8886 LOAD_CONST           R154 constant[1862]  ; line 1383
8887 MOVE                 R155 <- R6  ; line 1383
8888 HOST_CALL            a=156 b=60 c=155 imm=1  ; line 1383
8889 LOAD_CONST           R157 constant[1863]  ; line 1383
8890 LOAD_CONST           R158 constant[1864]  ; line 1383
8891 MOVE                 R159 <- R96  ; line 1383
8892 MOVE                 R160 <- R97  ; line 1383
8893 MOVE                 R161 <- R98  ; line 1383
8894 MOVE                 R162 <- R99  ; line 1383
8895 MOVE                 R163 <- R100  ; line 1383
8896 MOVE                 R164 <- R101  ; line 1383
8897 MOVE                 R165 <- R102  ; line 1383
8898 MOVE                 R166 <- R129  ; line 1383
8899 MOVE                 R167 <- R130  ; line 1383
8900 MOVE                 R168 <- R135  ; line 1383
8901 MOVE                 R169 <- R136  ; line 1383
8902 MOVE                 R170 <- R16  ; line 1383
8903 MOVE                 R171 <- R137  ; line 1383
8904 MOVE                 R172 <- R151  ; line 1383
8905 MOVE                 R173 <- R152  ; line 1383
8906 MOVE                 R174 <- R153  ; line 1383
8907 MOVE                 R175 <- R154  ; line 1383
8908 MOVE                 R176 <- R156  ; line 1383
8909 MOVE                 R177 <- R157  ; line 1383
8910 MOVE                 R178 <- R158  ; line 1383
8911 HOST_CALL            a=179 b=6 c=159 imm=20  ; line 1383
8912 MOVE                 R180 <- R179  ; line 1383
8913 LOAD_CONST           R181 constant[1865]  ; line 1389
8914 LOAD_CONST           R182 constant[1866]  ; line 1389
8915 MOVE                 R183 <- R1  ; line 1389
8916 MOVE                 R184 <- R181  ; line 1389
8917 MOVE                 R185 <- R182  ; line 1389
8918 CALL                 a=186 b=54 c=183 imm=3  ; line 1389
8919 MOVE                 R187 <- R180  ; line 1389
8920 MOVE                 R188 <- R6  ; line 1389
8921 MOVE                 R189 <- R186  ; line 1389
8922 CALL                 a=190 b=109 c=187 imm=3  ; line 1389
8923 MOVE                 R180 <- R190  ; line 1389
8924 MOVE                 R181 <- R180  ; line 1390
8925 MOVE                 R182 <- R6  ; line 1390
8926 CALL                 a=183 b=104 c=181 imm=2  ; line 1390
8927 MOVE                 R184 <- R183  ; line 1390
8928 LOAD_CONST           R185 constant[1867]  ; line 1391
8929 MOVE                 R186 <- R184  ; line 1391
8930 MOVE                 R187 <- R185  ; line 1391
8931 HOST_CALL            a=188 b=11 c=186 imm=2  ; line 1391
8932 LOAD_CONST           R189 constant[1868]  ; line 1391
8933 MOVE                 R190 <- R184  ; line 1391
8934 MOVE                 R191 <- R189  ; line 1391
8935 HOST_CALL            a=192 b=11 c=190 imm=2  ; line 1391
8936 LOAD_CONST           R193 constant[1869]  ; line 1391
8937 LOAD_CONST           R194 constant[1870]  ; line 1391
8938 MOVE                 R195 <- R9  ; line 1391
8939 MOVE                 R196 <- R194  ; line 1391
8940 HOST_CALL            a=197 b=11 c=195 imm=2  ; line 1391
8941 LOAD_CONST           R198 constant[1871]  ; line 1391
8942 LOAD_CONST           R199 constant[1872]  ; line 1391
8943 LOAD_CONST           R200 constant[1873]  ; line 1391
8944 MOVE                 R201 <- R1  ; line 1391
8945 MOVE                 R202 <- R199  ; line 1391
8946 MOVE                 R203 <- R200  ; line 1391
8947 CALL                 a=204 b=54 c=201 imm=3  ; line 1391
8948 MOVE                 R205 <- R193  ; line 1391
8949 MOVE                 R206 <- R197  ; line 1391
8950 MOVE                 R207 <- R198  ; line 1391
8951 MOVE                 R208 <- R204  ; line 1391
8952 HOST_CALL            a=209 b=6 c=205 imm=4  ; line 1391
8953 LOAD_CONST           R210 constant[1874]  ; line 1391
8954 LOAD_CONST           R211 constant[1875]  ; line 1391
8955 LOAD_CONST           R212 constant[1876]  ; line 1391
8956 MOVE                 R213 <- R211  ; line 1391
8957 MOVE                 R214 <- R212  ; line 1391
8958 ARRAY_NEW            a=215 b=213 c=2 imm=4294967295  ; line 1391
8959 MOVE                 R216 <- R180  ; line 1391
8960 MOVE                 R217 <- R188  ; line 1391
8961 MOVE                 R218 <- R192  ; line 1391
8962 MOVE                 R219 <- R209  ; line 1391
8963 MOVE                 R220 <- R210  ; line 1391
8964 MOVE                 R221 <- R215  ; line 1391
8965 CALL                 a=222 b=68 c=216 imm=6  ; line 1391
8966 RETURN               R222  ; line 1391
8967 LOAD_CONST           R223 constant[1877]  ; line 1391
8968 RETURN               R223  ; line 1391
8969 LOAD_CONST           R4 constant[1878]  ; line 1397
8970 MOVE                 R5 <- R4  ; line 1397
8971 LOAD_CONST           R6 constant[1879]  ; line 1398
8972 MOVE                 R7 <- R6  ; line 1398
8973 LOAD_CONST           R8 constant[1880]  ; line 1399
8974 MOVE                 R9 <- R0  ; line 1399
8975 MOVE                 R10 <- R8  ; line 1399
8976 HOST_CALL            a=11 b=11 c=9 imm=2  ; line 1399
8977 LOAD_CONST           R12 constant[1881]  ; line 1399
8978 MOVE                 R13 <- R11  ; line 1399
8979 MOVE                 R14 <- R12  ; line 1399
8980 HOST_CALL            a=15 b=11 c=13 imm=2  ; line 1399
8981 COMPARE              a=7 b=15 c=16 imm=2  ; line 1399
8982 JUMP_IF_FALSE        R16 -> 9036  ; line 1399
8983 LOAD_CONST           R8 constant[1882]  ; line 1400
8984 MOVE                 R9 <- R0  ; line 1400
8985 MOVE                 R10 <- R8  ; line 1400
8986 HOST_CALL            a=11 b=11 c=9 imm=2  ; line 1400
8987 LOAD_CONST           R12 constant[1883]  ; line 1400
8988 MOVE                 R13 <- R11  ; line 1400
8989 MOVE                 R14 <- R12  ; line 1400
8990 HOST_CALL            a=15 b=11 c=13 imm=2  ; line 1400
8991 MOVE                 R16 <- R3  ; line 1400
8992 MOVE                 R17 <- R7  ; line 1400
8993 ARRAY_NEW            a=18 b=16 c=2 imm=4294967295  ; line 1400
8994 MOVE                 R19 <- R15  ; line 1400
8995 MOVE                 R20 <- R18  ; line 1400
8996 HOST_CALL            a=21 b=11 c=19 imm=2  ; line 1400
8997 MOVE                 R22 <- R21  ; line 1400
8998 MOVE                 R23 <- R2  ; line 1401
8999 MOVE                 R24 <- R7  ; line 1401
9000 ARRAY_NEW            a=25 b=23 c=2 imm=4294967295  ; line 1401
9001 MOVE                 R26 <- R1  ; line 1401
9002 MOVE                 R27 <- R25  ; line 1401
9003 HOST_CALL            a=28 b=11 c=26 imm=2  ; line 1401
9004 LOAD_CONST           R29 constant[1884]  ; line 1401
9005 MOVE                 R30 <- R0  ; line 1401
9006 MOVE                 R31 <- R29  ; line 1401
9007 HOST_CALL            a=32 b=11 c=30 imm=2  ; line 1401
9008 LOAD_CONST           R33 constant[1885]  ; line 1401
9009 MOVE                 R34 <- R32  ; line 1401
9010 MOVE                 R35 <- R33  ; line 1401
9011 HOST_CALL            a=36 b=11 c=34 imm=2  ; line 1401
9012 MOVE                 R37 <- R3  ; line 1401
9013 MOVE                 R38 <- R7  ; line 1401
9014 ARRAY_NEW            a=39 b=37 c=2 imm=4294967295  ; line 1401
9015 MOVE                 R40 <- R36  ; line 1401
9016 MOVE                 R41 <- R39  ; line 1401
9017 HOST_CALL            a=42 b=11 c=40 imm=2  ; line 1401
9018 BINARY               a=28 b=42 c=43 imm=1  ; line 1401
9019 MOVE                 R44 <- R43  ; line 1401
9020 LOAD_CONST           R45 constant[1886]  ; line 1402
9021 UNARY                a=45 b=46 c=4294967295 imm=0  ; line 1402
9022 BINARY               a=46 b=44 c=47 imm=2  ; line 1402
9023 BINARY               a=47 b=44 c=48 imm=2  ; line 1402
9024 BINARY               a=48 b=22 c=49 imm=3  ; line 1402
9025 MOVE                 R50 <- R49  ; line 1402
9026 CALL                 a=51 b=58 c=50 imm=1  ; line 1402
9027 BINARY               a=5 b=51 c=52 imm=2  ; line 1402
9028 MOVE                 R53 <- R22  ; line 1402
9029 CALL                 a=54 b=60 c=53 imm=1  ; line 1402
9030 BINARY               a=52 b=54 c=55 imm=3  ; line 1402
9031 MOVE                 R5 <- R55  ; line 1402
9032 LOAD_CONST           R45 constant[1887]  ; line 1403
9033 BINARY               a=7 b=45 c=46 imm=0  ; line 1403
9034 MOVE                 R7 <- R46  ; line 1403
9035 JUMP                 -> 8973  ; line 1403
9036 RETURN               R5  ; line 1405
9037 LOAD_CONST           R45 constant[1888]  ; line 1405
9038 RETURN               R45  ; line 1405
9039 MOVE                 R2 <- R1  ; line 1409
9040 HOST_CALL            a=3 b=61 c=2 imm=1  ; line 1409
9041 LOAD_CONST           R4 constant[1889]  ; line 1409
9042 MOVE                 R5 <- R3  ; line 1409
9043 MOVE                 R6 <- R4  ; line 1409
9044 HOST_CALL            a=7 b=11 c=5 imm=2  ; line 1409
9045 MOVE                 R8 <- R7  ; line 1409
9046 LOAD_CONST           R9 constant[1890]  ; line 1410
9047 MOVE                 R10 <- R0  ; line 1410
9048 MOVE                 R11 <- R9  ; line 1410
9049 HOST_CALL            a=12 b=11 c=10 imm=2  ; line 1410
9050 LOAD_CONST           R13 constant[1891]  ; line 1410
9051 MOVE                 R14 <- R12  ; line 1410
9052 MOVE                 R15 <- R13  ; line 1410
9053 HOST_CALL            a=16 b=11 c=14 imm=2  ; line 1410
9054 MOVE                 R17 <- R16  ; line 1410
9055 LOAD_CONST           R18 constant[1892]  ; line 1411
9056 MOVE                 R19 <- R18  ; line 1411
9057 HOST_CALL            a=20 b=22 c=19 imm=1  ; line 1411
9058 MOVE                 R21 <- R20  ; line 1411
9059 LOAD_CONST           R22 constant[1893]  ; line 1412
9060 MOVE                 R23 <- R22  ; line 1412
9061 HOST_CALL            a=24 b=22 c=23 imm=1  ; line 1412
9062 MOVE                 R25 <- R24  ; line 1412
9063 LOAD_CONST           R26 constant[1894]  ; line 1413
9064 MOVE                 R27 <- R26  ; line 1413
9065 HOST_CALL            a=28 b=22 c=27 imm=1  ; line 1413
9066 MOVE                 R29 <- R28  ; line 1413
9067 LOAD_CONST           R30 constant[1895]  ; line 1414
9068 MOVE                 R31 <- R30  ; line 1414
9069 COMPARE              a=31 b=17 c=32 imm=2  ; line 1415
9070 JUMP_IF_FALSE        R32 -> 9089  ; line 1415
9071 LOAD_CONST           R32 constant[1896]  ; line 1416
9072 MOVE                 R33 <- R0  ; line 1416
9073 MOVE                 R34 <- R32  ; line 1416
9074 HOST_CALL            a=35 b=11 c=33 imm=2  ; line 1416
9075 LOAD_CONST           R36 constant[1897]  ; line 1416
9076 MOVE                 R37 <- R35  ; line 1416
9077 MOVE                 R38 <- R36  ; line 1416
9078 HOST_CALL            a=39 b=11 c=37 imm=2  ; line 1416
9079 MOVE                 R40 <- R39  ; line 1416
9080 MOVE                 R41 <- R31  ; line 1416
9081 HOST_CALL            a=42 b=11 c=40 imm=2  ; line 1416
9082 MOVE                 R43 <- R29  ; line 1416
9083 MOVE                 R44 <- R42  ; line 1416
9084 HOST_CALL            a=45 b=23 c=43 imm=2  ; line 1416
9085 LOAD_CONST           R32 constant[1898]  ; line 1417
9086 BINARY               a=31 b=32 c=33 imm=0  ; line 1417
9087 MOVE                 R31 <- R33  ; line 1417
9088 JUMP                 -> 9069  ; line 1417
9089 LOAD_CONST           R32 constant[1899]  ; line 1419
9090 MOVE                 R33 <- R32  ; line 1419
9091 COMPARE              a=33 b=8 c=34 imm=2  ; line 1420
9092 JUMP_IF_FALSE        R34 -> 9200  ; line 1420
9093 MOVE                 R34 <- R17  ; line 1421
9094 CALL                 a=35 b=63 c=34 imm=1  ; line 1421
9095 MOVE                 R36 <- R35  ; line 1421
9096 LOAD_CONST           R37 constant[1900]  ; line 1422
9097 MOVE                 R38 <- R37  ; line 1422
9098 LOAD_CONST           R39 constant[1901]  ; line 1423
9099 MOVE                 R31 <- R39  ; line 1423
9100 COMPARE              a=31 b=17 c=39 imm=2  ; line 1424
9101 JUMP_IF_FALSE        R39 -> 9151  ; line 1424
9102 LOAD_CONST           R39 constant[1902]  ; line 1425
9103 MOVE                 R40 <- R39  ; line 1425
9104 LOAD_CONST           R41 constant[1903]  ; line 1426
9105 MOVE                 R42 <- R41  ; line 1426
9106 COMPARE              a=42 b=17 c=43 imm=2  ; line 1427
9107 JUMP_IF_FALSE        R43 -> 9132  ; line 1427
9108 MOVE                 R43 <- R29  ; line 1428
9109 MOVE                 R44 <- R42  ; line 1428
9110 HOST_CALL            a=45 b=11 c=43 imm=2  ; line 1428
9111 LOAD_CONST           R46 constant[1904]  ; line 1428
9112 MOVE                 R47 <- R0  ; line 1428
9113 MOVE                 R48 <- R46  ; line 1428
9114 HOST_CALL            a=49 b=11 c=47 imm=2  ; line 1428
9115 LOAD_CONST           R50 constant[1905]  ; line 1428
9116 MOVE                 R51 <- R49  ; line 1428
9117 MOVE                 R52 <- R50  ; line 1428
9118 HOST_CALL            a=53 b=11 c=51 imm=2  ; line 1428
9119 MOVE                 R54 <- R42  ; line 1428
9120 MOVE                 R55 <- R31  ; line 1428
9121 ARRAY_NEW            a=56 b=54 c=2 imm=4294967295  ; line 1428
9122 MOVE                 R57 <- R53  ; line 1428
9123 MOVE                 R58 <- R56  ; line 1428
9124 HOST_CALL            a=59 b=11 c=57 imm=2  ; line 1428
9125 BINARY               a=45 b=59 c=60 imm=2  ; line 1428
9126 BINARY               a=40 b=60 c=61 imm=0  ; line 1428
9127 MOVE                 R40 <- R61  ; line 1428
9128 LOAD_CONST           R43 constant[1906]  ; line 1429
9129 BINARY               a=42 b=43 c=44 imm=0  ; line 1429
9130 MOVE                 R42 <- R44  ; line 1429
9131 JUMP                 -> 9106  ; line 1429
9132 MOVE                 R43 <- R0  ; line 1431
9133 MOVE                 R44 <- R1  ; line 1431
9134 MOVE                 R45 <- R33  ; line 1431
9135 MOVE                 R46 <- R31  ; line 1431
9136 CALL                 a=47 b=103 c=43 imm=4  ; line 1431
9137 BINARY               a=40 b=47 c=48 imm=2  ; line 1431
9138 MOVE                 R49 <- R36  ; line 1431
9139 MOVE                 R50 <- R31  ; line 1431
9140 MOVE                 R51 <- R48  ; line 1431
9141 HOST_CALL            a=52 b=12 c=49 imm=3  ; line 1431
9142 MOVE                 R43 <- R36  ; line 1432
9143 MOVE                 R44 <- R31  ; line 1432
9144 HOST_CALL            a=45 b=11 c=43 imm=2  ; line 1432
9145 BINARY               a=38 b=45 c=46 imm=0  ; line 1432
9146 MOVE                 R38 <- R46  ; line 1432
9147 LOAD_CONST           R43 constant[1907]  ; line 1433
9148 BINARY               a=31 b=43 c=44 imm=0  ; line 1433
9149 MOVE                 R31 <- R44  ; line 1433
9150 JUMP                 -> 9100  ; line 1433
9151 LOAD_CONST           R43 constant[1908]  ; line 1435
9152 COMPARE              a=38 b=43 c=44 imm=3  ; line 1435
9153 JUMP_IF_FALSE        R44 -> 9157  ; line 1435
9154 LOAD_CONST           R43 constant[1909]  ; line 1435
9155 MOVE                 R38 <- R43  ; line 1435
9156 JUMP                 -> 9157  ; line 1435
9157 LOAD_CONST           R43 constant[1910]  ; line 1436
9158 MOVE                 R44 <- R43  ; line 1436
9159 HOST_CALL            a=45 b=22 c=44 imm=1  ; line 1436
9160 MOVE                 R46 <- R45  ; line 1436
9161 LOAD_CONST           R47 constant[1911]  ; line 1437
9162 MOVE                 R31 <- R47  ; line 1437
9163 COMPARE              a=31 b=17 c=47 imm=2  ; line 1438
9164 JUMP_IF_FALSE        R47 -> 9189  ; line 1438
9165 MOVE                 R47 <- R36  ; line 1439
9166 MOVE                 R48 <- R31  ; line 1439
9167 HOST_CALL            a=49 b=11 c=47 imm=2  ; line 1439
9168 BINARY               a=49 b=38 c=50 imm=3  ; line 1439
9169 MOVE                 R51 <- R36  ; line 1439
9170 MOVE                 R52 <- R31  ; line 1439
9171 MOVE                 R53 <- R50  ; line 1439
9172 HOST_CALL            a=54 b=12 c=51 imm=3  ; line 1439
9173 MOVE                 R47 <- R36  ; line 1440
9174 MOVE                 R48 <- R31  ; line 1440
9175 HOST_CALL            a=49 b=11 c=47 imm=2  ; line 1440
9176 LOAD_CONST           R50 constant[1912]  ; line 1440
9177 MOVE                 R51 <- R36  ; line 1440
9178 MOVE                 R52 <- R31  ; line 1440
9179 HOST_CALL            a=53 b=11 c=51 imm=2  ; line 1440
9180 BINARY               a=50 b=53 c=54 imm=1  ; line 1440
9181 BINARY               a=49 b=54 c=55 imm=2  ; line 1440
9182 MOVE                 R56 <- R46  ; line 1440
9183 MOVE                 R57 <- R55  ; line 1440
9184 HOST_CALL            a=58 b=23 c=56 imm=2  ; line 1440
9185 LOAD_CONST           R47 constant[1913]  ; line 1441
9186 BINARY               a=31 b=47 c=48 imm=0  ; line 1441
9187 MOVE                 R31 <- R48  ; line 1441
9188 JUMP                 -> 9163  ; line 1441
9189 MOVE                 R47 <- R21  ; line 1443
9190 MOVE                 R48 <- R36  ; line 1443
9191 HOST_CALL            a=49 b=23 c=47 imm=2  ; line 1443
9192 MOVE                 R47 <- R25  ; line 1444
9193 MOVE                 R48 <- R46  ; line 1444
9194 HOST_CALL            a=49 b=23 c=47 imm=2  ; line 1444
9195 MOVE                 R29 <- R36  ; line 1445
9196 LOAD_CONST           R47 constant[1914]  ; line 1446
9197 BINARY               a=33 b=47 c=48 imm=0  ; line 1446
9198 MOVE                 R33 <- R48  ; line 1446
9199 JUMP                 -> 9091  ; line 1446
9200 LOAD_CONST           R47 constant[1915]  ; line 1448
9201 MOVE                 R48 <- R21  ; line 1448
9202 HOST_CALL            a=49 b=72 c=48 imm=1  ; line 1448
9203 LOAD_CONST           R50 constant[1916]  ; line 1448
9204 MOVE                 R51 <- R25  ; line 1448
9205 HOST_CALL            a=52 b=72 c=51 imm=1  ; line 1448
9206 MOVE                 R53 <- R47  ; line 1448
9207 MOVE                 R54 <- R49  ; line 1448
9208 MOVE                 R55 <- R50  ; line 1448
9209 MOVE                 R56 <- R52  ; line 1448
9210 HOST_CALL            a=57 b=6 c=53 imm=4  ; line 1448
9211 RETURN               R57  ; line 1448
9212 LOAD_CONST           R58 constant[1917]  ; line 1448
9213 RETURN               R58  ; line 1448
9214 LOAD_CONST           R4 constant[1918]  ; line 1452
9215 MOVE                 R5 <- R0  ; line 1452
9216 MOVE                 R6 <- R4  ; line 1452
9217 HOST_CALL            a=7 b=11 c=5 imm=2  ; line 1452
9218 LOAD_CONST           R8 constant[1919]  ; line 1452
9219 COMPARE              a=7 b=8 c=9 imm=0  ; line 1452
9220 JUMP_IF_FALSE        R9 -> 9240  ; line 1452
9221 LOAD_CONST           R4 constant[1920]  ; line 1453
9222 MOVE                 R5 <- R0  ; line 1453
9223 MOVE                 R6 <- R4  ; line 1453
9224 HOST_CALL            a=7 b=11 c=5 imm=2  ; line 1453
9225 LOAD_CONST           R8 constant[1921]  ; line 1453
9226 MOVE                 R9 <- R7  ; line 1453
9227 MOVE                 R10 <- R8  ; line 1453
9228 HOST_CALL            a=11 b=11 c=9 imm=2  ; line 1453
9229 MOVE                 R12 <- R1  ; line 1453
9230 MOVE                 R13 <- R2  ; line 1453
9231 HOST_CALL            a=14 b=11 c=12 imm=2  ; line 1453
9232 MOVE                 R15 <- R3  ; line 1453
9233 MOVE                 R16 <- R14  ; line 1453
9234 ARRAY_NEW            a=17 b=15 c=2 imm=4294967295  ; line 1453
9235 MOVE                 R18 <- R11  ; line 1453
9236 MOVE                 R19 <- R17  ; line 1453
9237 HOST_CALL            a=20 b=11 c=18 imm=2  ; line 1453
9238 RETURN               R20  ; line 1453
9239 JUMP                 -> 9240  ; line 1453
9240 MOVE                 R4 <- R0  ; line 1455
9241 MOVE                 R5 <- R1  ; line 1455
9242 MOVE                 R6 <- R2  ; line 1455
9243 MOVE                 R7 <- R3  ; line 1455
9244 CALL                 a=8 b=103 c=4 imm=4  ; line 1455
9245 RETURN               R8  ; line 1455
9246 LOAD_CONST           R9 constant[1922]  ; line 1455
9247 RETURN               R9  ; line 1455
9248 MOVE                 R2 <- R1  ; line 1459
9249 HOST_CALL            a=3 b=61 c=2 imm=1  ; line 1459
9250 LOAD_CONST           R4 constant[1923]  ; line 1459
9251 MOVE                 R5 <- R3  ; line 1459
9252 MOVE                 R6 <- R4  ; line 1459
9253 HOST_CALL            a=7 b=11 c=5 imm=2  ; line 1459
9254 MOVE                 R8 <- R7  ; line 1459
9255 LOAD_CONST           R9 constant[1924]  ; line 1460
9256 MOVE                 R10 <- R0  ; line 1460
9257 MOVE                 R11 <- R9  ; line 1460
9258 HOST_CALL            a=12 b=11 c=10 imm=2  ; line 1460
9259 LOAD_CONST           R13 constant[1925]  ; line 1460
9260 MOVE                 R14 <- R12  ; line 1460
9261 MOVE                 R15 <- R13  ; line 1460
9262 HOST_CALL            a=16 b=11 c=14 imm=2  ; line 1460
9263 MOVE                 R17 <- R16  ; line 1460
9264 LOAD_CONST           R18 constant[1926]  ; line 1461
9265 MOVE                 R19 <- R18  ; line 1461
9266 HOST_CALL            a=20 b=22 c=19 imm=1  ; line 1461
9267 MOVE                 R21 <- R20  ; line 1461
9268 LOAD_CONST           R22 constant[1927]  ; line 1462
9269 MOVE                 R23 <- R22  ; line 1462
9270 HOST_CALL            a=24 b=22 c=23 imm=1  ; line 1462
9271 MOVE                 R25 <- R24  ; line 1462
9272 LOAD_CONST           R26 constant[1928]  ; line 1463
9273 MOVE                 R27 <- R26  ; line 1463
9274 COMPARE              a=27 b=8 c=28 imm=2  ; line 1464
9275 JUMP_IF_FALSE        R28 -> 9387  ; line 1464
9276 MOVE                 R28 <- R17  ; line 1465
9277 CALL                 a=29 b=63 c=28 imm=1  ; line 1465
9278 MOVE                 R30 <- R29  ; line 1465
9279 LOAD_CONST           R31 constant[1929]  ; line 1466
9280 MOVE                 R32 <- R31  ; line 1466
9281 LOAD_CONST           R33 constant[1930]  ; line 1467
9282 MOVE                 R34 <- R33  ; line 1467
9283 COMPARE              a=34 b=17 c=35 imm=2  ; line 1468
9284 JUMP_IF_FALSE        R35 -> 9355  ; line 1468
9285 LOAD_CONST           R35 constant[1931]  ; line 1469
9286 MOVE                 R36 <- R0  ; line 1469
9287 MOVE                 R37 <- R35  ; line 1469
9288 HOST_CALL            a=38 b=11 c=36 imm=2  ; line 1469
9289 LOAD_CONST           R39 constant[1932]  ; line 1469
9290 MOVE                 R40 <- R38  ; line 1469
9291 MOVE                 R41 <- R39  ; line 1469
9292 HOST_CALL            a=42 b=11 c=40 imm=2  ; line 1469
9293 MOVE                 R43 <- R42  ; line 1469
9294 MOVE                 R44 <- R34  ; line 1469
9295 HOST_CALL            a=45 b=11 c=43 imm=2  ; line 1469
9296 MOVE                 R46 <- R45  ; line 1469
9297 LOAD_CONST           R47 constant[1933]  ; line 1470
9298 COMPARE              a=27 b=47 c=48 imm=4  ; line 1470
9299 JUMP_IF_FALSE        R48 -> 9336  ; line 1470
9300 LOAD_CONST           R47 constant[1934]  ; line 1471
9301 MOVE                 R46 <- R47  ; line 1471
9302 LOAD_CONST           R47 constant[1935]  ; line 1472
9303 MOVE                 R48 <- R47  ; line 1472
9304 COMPARE              a=48 b=17 c=49 imm=2  ; line 1473
9305 JUMP_IF_FALSE        R49 -> 9335  ; line 1473
9306 LOAD_CONST           R49 constant[1936]  ; line 1474
9307 BINARY               a=27 b=49 c=50 imm=1  ; line 1474
9308 MOVE                 R51 <- R21  ; line 1474
9309 MOVE                 R52 <- R50  ; line 1474
9310 HOST_CALL            a=53 b=11 c=51 imm=2  ; line 1474
9311 MOVE                 R54 <- R53  ; line 1474
9312 MOVE                 R55 <- R48  ; line 1474
9313 HOST_CALL            a=56 b=11 c=54 imm=2  ; line 1474
9314 LOAD_CONST           R57 constant[1937]  ; line 1474
9315 MOVE                 R58 <- R0  ; line 1474
9316 MOVE                 R59 <- R57  ; line 1474
9317 HOST_CALL            a=60 b=11 c=58 imm=2  ; line 1474
9318 LOAD_CONST           R61 constant[1938]  ; line 1474
9319 MOVE                 R62 <- R60  ; line 1474
9320 MOVE                 R63 <- R61  ; line 1474
9321 HOST_CALL            a=64 b=11 c=62 imm=2  ; line 1474
9322 MOVE                 R65 <- R48  ; line 1474
9323 MOVE                 R66 <- R34  ; line 1474
9324 ARRAY_NEW            a=67 b=65 c=2 imm=4294967295  ; line 1474
9325 MOVE                 R68 <- R64  ; line 1474
9326 MOVE                 R69 <- R67  ; line 1474
9327 HOST_CALL            a=70 b=11 c=68 imm=2  ; line 1474
9328 BINARY               a=56 b=70 c=71 imm=2  ; line 1474
9329 BINARY               a=46 b=71 c=72 imm=0  ; line 1474
9330 MOVE                 R46 <- R72  ; line 1474
9331 LOAD_CONST           R49 constant[1939]  ; line 1475
9332 BINARY               a=48 b=49 c=50 imm=0  ; line 1475
9333 MOVE                 R48 <- R50  ; line 1475
9334 JUMP                 -> 9304  ; line 1475
9335 JUMP                 -> 9336  ; line 1475
9336 MOVE                 R49 <- R0  ; line 1478
9337 MOVE                 R50 <- R1  ; line 1478
9338 MOVE                 R51 <- R27  ; line 1478
9339 MOVE                 R52 <- R34  ; line 1478
9340 CALL                 a=53 b=105 c=49 imm=4  ; line 1478
9341 BINARY               a=46 b=53 c=54 imm=2  ; line 1478
9342 MOVE                 R55 <- R30  ; line 1478
9343 MOVE                 R56 <- R34  ; line 1478
9344 MOVE                 R57 <- R54  ; line 1478
9345 HOST_CALL            a=58 b=12 c=55 imm=3  ; line 1478
9346 MOVE                 R49 <- R30  ; line 1479
9347 MOVE                 R50 <- R34  ; line 1479
9348 HOST_CALL            a=51 b=11 c=49 imm=2  ; line 1479
9349 BINARY               a=32 b=51 c=52 imm=0  ; line 1479
9350 MOVE                 R32 <- R52  ; line 1479
9351 LOAD_CONST           R49 constant[1940]  ; line 1480
9352 BINARY               a=34 b=49 c=50 imm=0  ; line 1480
9353 MOVE                 R34 <- R50  ; line 1480
9354 JUMP                 -> 9283  ; line 1480
9355 LOAD_CONST           R49 constant[1941]  ; line 1482
9356 COMPARE              a=32 b=49 c=50 imm=2  ; line 1482
9357 JUMP_IF_FALSE        R50 -> 9361  ; line 1482
9358 LOAD_CONST           R49 constant[1942]  ; line 1482
9359 MOVE                 R32 <- R49  ; line 1482
9360 JUMP                 -> 9361  ; line 1482
9361 LOAD_CONST           R49 constant[1943]  ; line 1483
9362 MOVE                 R34 <- R49  ; line 1483
9363 COMPARE              a=34 b=17 c=49 imm=2  ; line 1484
9364 JUMP_IF_FALSE        R49 -> 9377  ; line 1484
9365 MOVE                 R49 <- R30  ; line 1485
9366 MOVE                 R50 <- R34  ; line 1485
9367 HOST_CALL            a=51 b=11 c=49 imm=2  ; line 1485
9368 BINARY               a=51 b=32 c=52 imm=3  ; line 1485
9369 MOVE                 R53 <- R30  ; line 1485
9370 MOVE                 R54 <- R34  ; line 1485
9371 MOVE                 R55 <- R52  ; line 1485
9372 HOST_CALL            a=56 b=12 c=53 imm=3  ; line 1485
9373 LOAD_CONST           R49 constant[1944]  ; line 1486
9374 BINARY               a=34 b=49 c=50 imm=0  ; line 1486
9375 MOVE                 R34 <- R50  ; line 1486
9376 JUMP                 -> 9363  ; line 1486
9377 MOVE                 R49 <- R21  ; line 1488
9378 MOVE                 R50 <- R30  ; line 1488
9379 HOST_CALL            a=51 b=23 c=49 imm=2  ; line 1488
9380 MOVE                 R49 <- R25  ; line 1489
9381 MOVE                 R50 <- R32  ; line 1489
9382 HOST_CALL            a=51 b=23 c=49 imm=2  ; line 1489
9383 LOAD_CONST           R49 constant[1945]  ; line 1490
9384 BINARY               a=27 b=49 c=50 imm=0  ; line 1490
9385 MOVE                 R27 <- R50  ; line 1490
9386 JUMP                 -> 9274  ; line 1490
9387 MOVE                 R49 <- R8  ; line 1493
9388 MOVE                 R50 <- R17  ; line 1493
9389 CALL                 a=51 b=80 c=49 imm=2  ; line 1493
9390 MOVE                 R52 <- R51  ; line 1493
9391 LOAD_CONST           R53 constant[1946]  ; line 1494
9392 BINARY               a=8 b=53 c=54 imm=1  ; line 1494
9393 MOVE                 R55 <- R52  ; line 1494
9394 MOVE                 R56 <- R54  ; line 1494
9395 HOST_CALL            a=57 b=11 c=55 imm=2  ; line 1494
9396 MOVE                 R58 <- R57  ; line 1494
9397 LOAD_CONST           R59 constant[1947]  ; line 1495
9398 MOVE                 R60 <- R59  ; line 1495
9399 COMPARE              a=60 b=17 c=61 imm=2  ; line 1496
9400 JUMP_IF_FALSE        R61 -> 9410  ; line 1496
9401 LOAD_CONST           R61 constant[1948]  ; line 1496
9402 MOVE                 R62 <- R58  ; line 1496
9403 MOVE                 R63 <- R60  ; line 1496
9404 MOVE                 R64 <- R61  ; line 1496
9405 HOST_CALL            a=65 b=12 c=62 imm=3  ; line 1496
9406 LOAD_CONST           R61 constant[1949]  ; line 1496
9407 BINARY               a=60 b=61 c=62 imm=0  ; line 1496
9408 MOVE                 R60 <- R62  ; line 1496
9409 JUMP                 -> 9399  ; line 1496
9410 LOAD_CONST           R61 constant[1950]  ; line 1497
9411 BINARY               a=8 b=61 c=62 imm=1  ; line 1497
9412 MOVE                 R27 <- R62  ; line 1497
9413 LOAD_CONST           R61 constant[1951]  ; line 1498
9414 COMPARE              a=27 b=61 c=62 imm=5  ; line 1498
9415 JUMP_IF_FALSE        R62 -> 9485  ; line 1498
9416 MOVE                 R61 <- R52  ; line 1499
9417 MOVE                 R62 <- R27  ; line 1499
9418 HOST_CALL            a=63 b=11 c=61 imm=2  ; line 1499
9419 MOVE                 R64 <- R63  ; line 1499
9420 LOAD_CONST           R65 constant[1952]  ; line 1500
9421 MOVE                 R60 <- R65  ; line 1500
9422 COMPARE              a=60 b=17 c=65 imm=2  ; line 1501
9423 JUMP_IF_FALSE        R65 -> 9481  ; line 1501
9424 LOAD_CONST           R65 constant[1953]  ; line 1502
9425 MOVE                 R66 <- R65  ; line 1502
9426 LOAD_CONST           R67 constant[1954]  ; line 1503
9427 MOVE                 R68 <- R67  ; line 1503
9428 COMPARE              a=68 b=17 c=69 imm=2  ; line 1504
9429 JUMP_IF_FALSE        R69 -> 9467  ; line 1504
9430 LOAD_CONST           R69 constant[1955]  ; line 1505
9431 MOVE                 R70 <- R0  ; line 1505
9432 MOVE                 R71 <- R69  ; line 1505
9433 HOST_CALL            a=72 b=11 c=70 imm=2  ; line 1505
9434 LOAD_CONST           R73 constant[1956]  ; line 1505
9435 MOVE                 R74 <- R72  ; line 1505
9436 MOVE                 R75 <- R73  ; line 1505
9437 HOST_CALL            a=76 b=11 c=74 imm=2  ; line 1505
9438 MOVE                 R77 <- R60  ; line 1505
9439 MOVE                 R78 <- R68  ; line 1505
9440 ARRAY_NEW            a=79 b=77 c=2 imm=4294967295  ; line 1505
9441 MOVE                 R80 <- R76  ; line 1505
9442 MOVE                 R81 <- R79  ; line 1505
9443 HOST_CALL            a=82 b=11 c=80 imm=2  ; line 1505
9444 LOAD_CONST           R83 constant[1957]  ; line 1505
9445 BINARY               a=27 b=83 c=84 imm=0  ; line 1505
9446 MOVE                 R85 <- R0  ; line 1505
9447 MOVE                 R86 <- R1  ; line 1505
9448 MOVE                 R87 <- R84  ; line 1505
9449 MOVE                 R88 <- R68  ; line 1505
9450 CALL                 a=89 b=105 c=85 imm=4  ; line 1505
9451 BINARY               a=82 b=89 c=90 imm=2  ; line 1505
9452 LOAD_CONST           R91 constant[1958]  ; line 1505
9453 BINARY               a=27 b=91 c=92 imm=0  ; line 1505
9454 MOVE                 R93 <- R52  ; line 1505
9455 MOVE                 R94 <- R92  ; line 1505
9456 HOST_CALL            a=95 b=11 c=93 imm=2  ; line 1505
9457 MOVE                 R96 <- R95  ; line 1505
9458 MOVE                 R97 <- R68  ; line 1505
9459 HOST_CALL            a=98 b=11 c=96 imm=2  ; line 1505
9460 BINARY               a=90 b=98 c=99 imm=2  ; line 1505
9461 BINARY               a=66 b=99 c=100 imm=0  ; line 1505
9462 MOVE                 R66 <- R100  ; line 1505
9463 LOAD_CONST           R69 constant[1959]  ; line 1507
9464 BINARY               a=68 b=69 c=70 imm=0  ; line 1507
9465 MOVE                 R68 <- R70  ; line 1507
9466 JUMP                 -> 9428  ; line 1507
9467 LOAD_CONST           R69 constant[1960]  ; line 1509
9468 BINARY               a=27 b=69 c=70 imm=0  ; line 1509
9469 MOVE                 R71 <- R25  ; line 1509
9470 MOVE                 R72 <- R70  ; line 1509
9471 HOST_CALL            a=73 b=11 c=71 imm=2  ; line 1509
9472 BINARY               a=66 b=73 c=74 imm=3  ; line 1509
9473 MOVE                 R75 <- R64  ; line 1509
9474 MOVE                 R76 <- R60  ; line 1509
9475 MOVE                 R77 <- R74  ; line 1509
9476 HOST_CALL            a=78 b=12 c=75 imm=3  ; line 1509
9477 LOAD_CONST           R69 constant[1961]  ; line 1510
9478 BINARY               a=60 b=69 c=70 imm=0  ; line 1510
9479 MOVE                 R60 <- R70  ; line 1510
9480 JUMP                 -> 9422  ; line 1510
9481 LOAD_CONST           R69 constant[1962]  ; line 1512
9482 BINARY               a=27 b=69 c=70 imm=1  ; line 1512
9483 MOVE                 R27 <- R70  ; line 1512
9484 JUMP                 -> 9413  ; line 1512
9485 MOVE                 R69 <- R8  ; line 1515
9486 MOVE                 R70 <- R17  ; line 1515
9487 CALL                 a=71 b=80 c=69 imm=2  ; line 1515
9488 MOVE                 R72 <- R71  ; line 1515
9489 LOAD_CONST           R73 constant[1963]  ; line 1516
9490 MOVE                 R27 <- R73  ; line 1516
9491 COMPARE              a=27 b=8 c=73 imm=2  ; line 1517
9492 JUMP_IF_FALSE        R73 -> 9555  ; line 1517
9493 MOVE                 R73 <- R72  ; line 1518
9494 MOVE                 R74 <- R27  ; line 1518
9495 HOST_CALL            a=75 b=11 c=73 imm=2  ; line 1518
9496 MOVE                 R76 <- R75  ; line 1518
9497 LOAD_CONST           R77 constant[1964]  ; line 1519
9498 MOVE                 R78 <- R77  ; line 1519
9499 LOAD_CONST           R79 constant[1965]  ; line 1520
9500 MOVE                 R60 <- R79  ; line 1520
9501 COMPARE              a=60 b=17 c=79 imm=2  ; line 1521
9502 JUMP_IF_FALSE        R79 -> 9529  ; line 1521
9503 MOVE                 R79 <- R21  ; line 1522
9504 MOVE                 R80 <- R27  ; line 1522
9505 HOST_CALL            a=81 b=11 c=79 imm=2  ; line 1522
9506 MOVE                 R82 <- R81  ; line 1522
9507 MOVE                 R83 <- R60  ; line 1522
9508 HOST_CALL            a=84 b=11 c=82 imm=2  ; line 1522
9509 MOVE                 R85 <- R52  ; line 1522
9510 MOVE                 R86 <- R27  ; line 1522
9511 HOST_CALL            a=87 b=11 c=85 imm=2  ; line 1522
9512 MOVE                 R88 <- R87  ; line 1522
9513 MOVE                 R89 <- R60  ; line 1522
9514 HOST_CALL            a=90 b=11 c=88 imm=2  ; line 1522
9515 BINARY               a=84 b=90 c=91 imm=2  ; line 1522
9516 MOVE                 R92 <- R76  ; line 1522
9517 MOVE                 R93 <- R60  ; line 1522
9518 MOVE                 R94 <- R91  ; line 1522
9519 HOST_CALL            a=95 b=12 c=92 imm=3  ; line 1522
9520 MOVE                 R79 <- R76  ; line 1523
9521 MOVE                 R80 <- R60  ; line 1523
9522 HOST_CALL            a=81 b=11 c=79 imm=2  ; line 1523
9523 BINARY               a=78 b=81 c=82 imm=0  ; line 1523
9524 MOVE                 R78 <- R82  ; line 1523
9525 LOAD_CONST           R79 constant[1966]  ; line 1524
9526 BINARY               a=60 b=79 c=80 imm=0  ; line 1524
9527 MOVE                 R60 <- R80  ; line 1524
9528 JUMP                 -> 9501  ; line 1524
9529 LOAD_CONST           R79 constant[1967]  ; line 1526
9530 COMPARE              a=78 b=79 c=80 imm=2  ; line 1526
9531 JUMP_IF_FALSE        R80 -> 9535  ; line 1526
9532 LOAD_CONST           R79 constant[1968]  ; line 1526
9533 MOVE                 R78 <- R79  ; line 1526
9534 JUMP                 -> 9535  ; line 1526
9535 LOAD_CONST           R79 constant[1969]  ; line 1527
9536 MOVE                 R60 <- R79  ; line 1527
9537 COMPARE              a=60 b=17 c=79 imm=2  ; line 1528
9538 JUMP_IF_FALSE        R79 -> 9551  ; line 1528
9539 MOVE                 R79 <- R76  ; line 1529
9540 MOVE                 R80 <- R60  ; line 1529
9541 HOST_CALL            a=81 b=11 c=79 imm=2  ; line 1529
9542 BINARY               a=81 b=78 c=82 imm=3  ; line 1529
9543 MOVE                 R83 <- R76  ; line 1529
9544 MOVE                 R84 <- R60  ; line 1529
9545 MOVE                 R85 <- R82  ; line 1529
9546 HOST_CALL            a=86 b=12 c=83 imm=3  ; line 1529
9547 LOAD_CONST           R79 constant[1970]  ; line 1530
9548 BINARY               a=60 b=79 c=80 imm=0  ; line 1530
9549 MOVE                 R60 <- R80  ; line 1530
9550 JUMP                 -> 9537  ; line 1530
9551 LOAD_CONST           R79 constant[1971]  ; line 1532
9552 BINARY               a=27 b=79 c=80 imm=0  ; line 1532
9553 MOVE                 R27 <- R80  ; line 1532
9554 JUMP                 -> 9491  ; line 1532
9555 LOAD_CONST           R79 constant[1972]  ; line 1535
9556 MOVE                 R80 <- R79  ; line 1535
9557 HOST_CALL            a=81 b=22 c=80 imm=1  ; line 1535
9558 MOVE                 R82 <- R81  ; line 1535
9559 LOAD_CONST           R83 constant[1973]  ; line 1536
9560 MOVE                 R27 <- R83  ; line 1536
9561 LOAD_CONST           R83 constant[1974]  ; line 1537
9562 BINARY               a=8 b=83 c=84 imm=1  ; line 1537
9563 COMPARE              a=27 b=84 c=85 imm=2  ; line 1537
9564 JUMP_IF_FALSE        R85 -> 9677  ; line 1537
9565 MOVE                 R83 <- R17  ; line 1538
9566 MOVE                 R84 <- R17  ; line 1538
9567 CALL                 a=85 b=80 c=83 imm=2  ; line 1538
9568 MOVE                 R86 <- R85  ; line 1538
9569 LOAD_CONST           R87 constant[1975]  ; line 1539
9570 MOVE                 R88 <- R87  ; line 1539
9571 LOAD_CONST           R89 constant[1976]  ; line 1540
9572 MOVE                 R60 <- R89  ; line 1540
9573 COMPARE              a=60 b=17 c=89 imm=2  ; line 1541
9574 JUMP_IF_FALSE        R89 -> 9636  ; line 1541
9575 MOVE                 R89 <- R86  ; line 1542
9576 MOVE                 R90 <- R60  ; line 1542
9577 HOST_CALL            a=91 b=11 c=89 imm=2  ; line 1542
9578 MOVE                 R92 <- R91  ; line 1542
9579 LOAD_CONST           R93 constant[1977]  ; line 1543
9580 MOVE                 R94 <- R93  ; line 1543
9581 COMPARE              a=94 b=17 c=95 imm=2  ; line 1544
9582 JUMP_IF_FALSE        R95 -> 9632  ; line 1544
9583 MOVE                 R95 <- R21  ; line 1545
9584 MOVE                 R96 <- R27  ; line 1545
9585 HOST_CALL            a=97 b=11 c=95 imm=2  ; line 1545
9586 MOVE                 R98 <- R97  ; line 1545
9587 MOVE                 R99 <- R60  ; line 1545
9588 HOST_CALL            a=100 b=11 c=98 imm=2  ; line 1545
9589 LOAD_CONST           R101 constant[1978]  ; line 1545
9590 MOVE                 R102 <- R0  ; line 1545
9591 MOVE                 R103 <- R101  ; line 1545
9592 HOST_CALL            a=104 b=11 c=102 imm=2  ; line 1545
9593 LOAD_CONST           R105 constant[1979]  ; line 1545
9594 MOVE                 R106 <- R104  ; line 1545
9595 MOVE                 R107 <- R105  ; line 1545
9596 HOST_CALL            a=108 b=11 c=106 imm=2  ; line 1545
9597 MOVE                 R109 <- R60  ; line 1545
9598 MOVE                 R110 <- R94  ; line 1545
9599 ARRAY_NEW            a=111 b=109 c=2 imm=4294967295  ; line 1545
9600 MOVE                 R112 <- R108  ; line 1545
9601 MOVE                 R113 <- R111  ; line 1545
9602 HOST_CALL            a=114 b=11 c=112 imm=2  ; line 1545
9603 BINARY               a=100 b=114 c=115 imm=2  ; line 1545
9604 LOAD_CONST           R116 constant[1980]  ; line 1545
9605 BINARY               a=27 b=116 c=117 imm=0  ; line 1545
9606 MOVE                 R118 <- R0  ; line 1545
9607 MOVE                 R119 <- R1  ; line 1545
9608 MOVE                 R120 <- R117  ; line 1545
9609 MOVE                 R121 <- R94  ; line 1545
9610 CALL                 a=122 b=105 c=118 imm=4  ; line 1545
9611 BINARY               a=115 b=122 c=123 imm=2  ; line 1545
9612 LOAD_CONST           R124 constant[1981]  ; line 1545
9613 BINARY               a=27 b=124 c=125 imm=0  ; line 1545
9614 MOVE                 R126 <- R52  ; line 1545
9615 MOVE                 R127 <- R125  ; line 1545
9616 HOST_CALL            a=128 b=11 c=126 imm=2  ; line 1545
9617 MOVE                 R129 <- R128  ; line 1545
9618 MOVE                 R130 <- R94  ; line 1545
9619 HOST_CALL            a=131 b=11 c=129 imm=2  ; line 1545
9620 BINARY               a=123 b=131 c=132 imm=2  ; line 1545
9621 MOVE                 R133 <- R132  ; line 1545
9622 MOVE                 R134 <- R92  ; line 1547
9623 MOVE                 R135 <- R94  ; line 1547
9624 MOVE                 R136 <- R133  ; line 1547
9625 HOST_CALL            a=137 b=12 c=134 imm=3  ; line 1547
9626 BINARY               a=88 b=133 c=134 imm=0  ; line 1548
9627 MOVE                 R88 <- R134  ; line 1548
9628 LOAD_CONST           R134 constant[1982]  ; line 1549
9629 BINARY               a=94 b=134 c=135 imm=0  ; line 1549
9630 MOVE                 R94 <- R135  ; line 1549
9631 JUMP                 -> 9581  ; line 1549
9632 LOAD_CONST           R134 constant[1983]  ; line 1551
9633 BINARY               a=60 b=134 c=135 imm=0  ; line 1551
9634 MOVE                 R60 <- R135  ; line 1551
9635 JUMP                 -> 9573  ; line 1551
9636 LOAD_CONST           R134 constant[1984]  ; line 1553
9637 COMPARE              a=88 b=134 c=135 imm=2  ; line 1553
9638 JUMP_IF_FALSE        R135 -> 9642  ; line 1553
9639 LOAD_CONST           R134 constant[1985]  ; line 1553
9640 MOVE                 R88 <- R134  ; line 1553
9641 JUMP                 -> 9642  ; line 1553
9642 LOAD_CONST           R134 constant[1986]  ; line 1554
9643 MOVE                 R60 <- R134  ; line 1554
9644 COMPARE              a=60 b=17 c=134 imm=2  ; line 1555
9645 JUMP_IF_FALSE        R134 -> 9670  ; line 1555
9646 MOVE                 R134 <- R86  ; line 1556
9647 MOVE                 R135 <- R60  ; line 1556
9648 HOST_CALL            a=136 b=11 c=134 imm=2  ; line 1556
9649 MOVE                 R137 <- R136  ; line 1556
9650 LOAD_CONST           R138 constant[1987]  ; line 1557
9651 MOVE                 R139 <- R138  ; line 1557
9652 COMPARE              a=139 b=17 c=140 imm=2  ; line 1558
9653 JUMP_IF_FALSE        R140 -> 9666  ; line 1558
9654 MOVE                 R140 <- R137  ; line 1559
9655 MOVE                 R141 <- R139  ; line 1559
9656 HOST_CALL            a=142 b=11 c=140 imm=2  ; line 1559
9657 BINARY               a=142 b=88 c=143 imm=3  ; line 1559
9658 MOVE                 R144 <- R137  ; line 1559
9659 MOVE                 R145 <- R139  ; line 1559
9660 MOVE                 R146 <- R143  ; line 1559
9661 HOST_CALL            a=147 b=12 c=144 imm=3  ; line 1559
9662 LOAD_CONST           R140 constant[1988]  ; line 1560
9663 BINARY               a=139 b=140 c=141 imm=0  ; line 1560
9664 MOVE                 R139 <- R141  ; line 1560
9665 JUMP                 -> 9652  ; line 1560
9666 LOAD_CONST           R140 constant[1989]  ; line 1562
9667 BINARY               a=60 b=140 c=141 imm=0  ; line 1562
9668 MOVE                 R60 <- R141  ; line 1562
9669 JUMP                 -> 9644  ; line 1562
9670 MOVE                 R140 <- R82  ; line 1564
9671 MOVE                 R141 <- R86  ; line 1564
9672 HOST_CALL            a=142 b=23 c=140 imm=2  ; line 1564
9673 LOAD_CONST           R140 constant[1990]  ; line 1565
9674 BINARY               a=27 b=140 c=141 imm=0  ; line 1565
9675 MOVE                 R27 <- R141  ; line 1565
9676 JUMP                 -> 9561  ; line 1565
9677 LOAD_CONST           R140 constant[1991]  ; line 1567
9678 LOAD_CONST           R141 constant[1992]  ; line 1567
9679 LOAD_CONST           R142 constant[1993]  ; line 1567
9680 MOVE                 R143 <- R140  ; line 1567
9681 MOVE                 R144 <- R72  ; line 1567
9682 MOVE                 R145 <- R141  ; line 1567
9683 MOVE                 R146 <- R82  ; line 1567
9684 MOVE                 R147 <- R142  ; line 1567
9685 MOVE                 R148 <- R25  ; line 1567
9686 HOST_CALL            a=149 b=6 c=143 imm=6  ; line 1567
9687 RETURN               R149  ; line 1567
9688 LOAD_CONST           R150 constant[1994]  ; line 1567
9689 RETURN               R150  ; line 1567
9690 LOAD_CONST           R2 constant[1995]  ; line 1571
9691 MOVE                 R3 <- R0  ; line 1571
9692 MOVE                 R4 <- R2  ; line 1571
9693 HOST_CALL            a=5 b=11 c=3 imm=2  ; line 1571
9694 LOAD_CONST           R6 constant[1996]  ; line 1571
9695 MOVE                 R7 <- R5  ; line 1571
9696 MOVE                 R8 <- R6  ; line 1571
9697 HOST_CALL            a=9 b=11 c=7 imm=2  ; line 1571
9698 MOVE                 R10 <- R9  ; line 1571
9699 LOAD_CONST           R11 constant[1997]  ; line 1572
9700 MOVE                 R12 <- R1  ; line 1572
9701 MOVE                 R13 <- R11  ; line 1572
9702 HOST_CALL            a=14 b=11 c=12 imm=2  ; line 1572
9703 MOVE                 R15 <- R14  ; line 1572
9704 HOST_CALL            a=16 b=26 c=15 imm=1  ; line 1572
9705 MOVE                 R17 <- R16  ; line 1572
9706 MOVE                 R18 <- R10  ; line 1573
9707 MOVE                 R19 <- R10  ; line 1573
9708 CALL                 a=20 b=80 c=18 imm=2  ; line 1573
9709 MOVE                 R21 <- R20  ; line 1573
9710 LOAD_CONST           R22 constant[1998]  ; line 1574
9711 MOVE                 R23 <- R22  ; line 1574
9712 COMPARE              a=23 b=10 c=24 imm=2  ; line 1575
9713 JUMP_IF_FALSE        R24 -> 9792  ; line 1575
9714 LOAD_CONST           R24 constant[1999]  ; line 1576
9715 MOVE                 R25 <- R24  ; line 1576
9716 LOAD_CONST           R26 constant[2000]  ; line 1577
9717 MOVE                 R27 <- R26  ; line 1577
9718 LOAD_CONST           R28 constant[2001]  ; line 1578
9719 BINARY               a=17 b=28 c=29 imm=1  ; line 1578
9720 COMPARE              a=27 b=29 c=30 imm=2  ; line 1578
9721 JUMP_IF_FALSE        R30 -> 9738  ; line 1578
9722 LOAD_CONST           R28 constant[2002]  ; line 1579
9723 MOVE                 R29 <- R1  ; line 1579
9724 MOVE                 R30 <- R28  ; line 1579
9725 HOST_CALL            a=31 b=11 c=29 imm=2  ; line 1579
9726 MOVE                 R32 <- R31  ; line 1579
9727 MOVE                 R33 <- R27  ; line 1579
9728 HOST_CALL            a=34 b=11 c=32 imm=2  ; line 1579
9729 MOVE                 R35 <- R34  ; line 1579
9730 MOVE                 R36 <- R23  ; line 1579
9731 HOST_CALL            a=37 b=11 c=35 imm=2  ; line 1579
9732 BINARY               a=25 b=37 c=38 imm=0  ; line 1579
9733 MOVE                 R25 <- R38  ; line 1579
9734 LOAD_CONST           R28 constant[2003]  ; line 1580
9735 BINARY               a=27 b=28 c=29 imm=0  ; line 1580
9736 MOVE                 R27 <- R29  ; line 1580
9737 JUMP                 -> 9718  ; line 1580
9738 LOAD_CONST           R28 constant[2004]  ; line 1582
9739 COMPARE              a=25 b=28 c=29 imm=2  ; line 1582
9740 JUMP_IF_FALSE        R29 -> 9744  ; line 1582
9741 LOAD_CONST           R28 constant[2005]  ; line 1582
9742 MOVE                 R25 <- R28  ; line 1582
9743 JUMP                 -> 9744  ; line 1582
9744 MOVE                 R28 <- R21  ; line 1583
9745 MOVE                 R29 <- R23  ; line 1583
9746 HOST_CALL            a=30 b=11 c=28 imm=2  ; line 1583
9747 MOVE                 R31 <- R30  ; line 1583
9748 LOAD_CONST           R32 constant[2006]  ; line 1584
9749 MOVE                 R33 <- R32  ; line 1584
9750 COMPARE              a=33 b=10 c=34 imm=2  ; line 1585
9751 JUMP_IF_FALSE        R34 -> 9788  ; line 1585
9752 LOAD_CONST           R34 constant[2007]  ; line 1586
9753 MOVE                 R35 <- R34  ; line 1586
9754 LOAD_CONST           R36 constant[2008]  ; line 1587
9755 MOVE                 R27 <- R36  ; line 1587
9756 LOAD_CONST           R36 constant[2009]  ; line 1588
9757 BINARY               a=17 b=36 c=37 imm=1  ; line 1588
9758 COMPARE              a=27 b=37 c=38 imm=2  ; line 1588
9759 JUMP_IF_FALSE        R38 -> 9779  ; line 1588
9760 LOAD_CONST           R36 constant[2010]  ; line 1589
9761 MOVE                 R37 <- R1  ; line 1589
9762 MOVE                 R38 <- R36  ; line 1589
9763 HOST_CALL            a=39 b=11 c=37 imm=2  ; line 1589
9764 MOVE                 R40 <- R39  ; line 1589
9765 MOVE                 R41 <- R27  ; line 1589
9766 HOST_CALL            a=42 b=11 c=40 imm=2  ; line 1589
9767 MOVE                 R43 <- R42  ; line 1589
9768 MOVE                 R44 <- R23  ; line 1589
9769 HOST_CALL            a=45 b=11 c=43 imm=2  ; line 1589
9770 MOVE                 R46 <- R45  ; line 1589
9771 MOVE                 R47 <- R33  ; line 1589
9772 HOST_CALL            a=48 b=11 c=46 imm=2  ; line 1589
9773 BINARY               a=35 b=48 c=49 imm=0  ; line 1589
9774 MOVE                 R35 <- R49  ; line 1589
9775 LOAD_CONST           R36 constant[2011]  ; line 1590
9776 BINARY               a=27 b=36 c=37 imm=0  ; line 1590
9777 MOVE                 R27 <- R37  ; line 1590
9778 JUMP                 -> 9756  ; line 1590
9779 BINARY               a=35 b=25 c=36 imm=3  ; line 1592
9780 MOVE                 R37 <- R31  ; line 1592
9781 MOVE                 R38 <- R33  ; line 1592
9782 MOVE                 R39 <- R36  ; line 1592
9783 HOST_CALL            a=40 b=12 c=37 imm=3  ; line 1592
9784 LOAD_CONST           R36 constant[2012]  ; line 1593
9785 BINARY               a=33 b=36 c=37 imm=0  ; line 1593
9786 MOVE                 R33 <- R37  ; line 1593
9787 JUMP                 -> 9750  ; line 1593
9788 LOAD_CONST           R36 constant[2013]  ; line 1595
9789 BINARY               a=23 b=36 c=37 imm=0  ; line 1595
9790 MOVE                 R23 <- R37  ; line 1595
9791 JUMP                 -> 9712  ; line 1595
9792 RETURN               R21  ; line 1597
9793 LOAD_CONST           R36 constant[2014]  ; line 1597
9794 RETURN               R36  ; line 1597
9795 LOAD_CONST           R3 constant[2015]  ; line 1601
9796 MOVE                 R4 <- R3  ; line 1601
9797 COMPARE              a=4 b=2 c=5 imm=2  ; line 1602
9798 JUMP_IF_FALSE        R5 -> 9960  ; line 1602
9799 MOVE                 R5 <- R0  ; line 1603
9800 MOVE                 R6 <- R1  ; line 1603
9801 CALL                 a=7 b=106 c=5 imm=2  ; line 1603
9802 MOVE                 R8 <- R7  ; line 1603
9803 LOAD_CONST           R9 constant[2016]  ; line 1604
9804 MOVE                 R10 <- R0  ; line 1604
9805 MOVE                 R11 <- R9  ; line 1604
9806 HOST_CALL            a=12 b=11 c=10 imm=2  ; line 1604
9807 LOAD_CONST           R13 constant[2017]  ; line 1604
9808 MOVE                 R14 <- R12  ; line 1604
9809 MOVE                 R15 <- R13  ; line 1604
9810 HOST_CALL            a=16 b=11 c=14 imm=2  ; line 1604
9811 MOVE                 R17 <- R16  ; line 1604
9812 LOAD_CONST           R18 constant[2018]  ; line 1605
9813 MOVE                 R19 <- R0  ; line 1605
9814 MOVE                 R20 <- R18  ; line 1605
9815 HOST_CALL            a=21 b=11 c=19 imm=2  ; line 1605
9816 LOAD_CONST           R22 constant[2019]  ; line 1605
9817 MOVE                 R23 <- R21  ; line 1605
9818 MOVE                 R24 <- R22  ; line 1605
9819 HOST_CALL            a=25 b=11 c=23 imm=2  ; line 1605
9820 MOVE                 R26 <- R25  ; line 1605
9821 MOVE                 R27 <- R17  ; line 1606
9822 MOVE                 R28 <- R26  ; line 1606
9823 CALL                 a=29 b=80 c=27 imm=2  ; line 1606
9824 MOVE                 R30 <- R29  ; line 1606
9825 LOAD_CONST           R31 constant[2020]  ; line 1607
9826 MOVE                 R32 <- R31  ; line 1607
9827 COMPARE              a=32 b=17 c=33 imm=2  ; line 1608
9828 JUMP_IF_FALSE        R33 -> 9918  ; line 1608
9829 LOAD_CONST           R33 constant[2021]  ; line 1609
9830 MOVE                 R34 <- R33  ; line 1609
9831 LOAD_CONST           R35 constant[2022]  ; line 1610
9832 MOVE                 R36 <- R35  ; line 1610
9833 MOVE                 R37 <- R1  ; line 1611
9834 HOST_CALL            a=38 b=61 c=37 imm=1  ; line 1611
9835 LOAD_CONST           R39 constant[2023]  ; line 1611
9836 MOVE                 R40 <- R38  ; line 1611
9837 MOVE                 R41 <- R39  ; line 1611
9838 HOST_CALL            a=42 b=11 c=40 imm=2  ; line 1611
9839 COMPARE              a=36 b=42 c=43 imm=2  ; line 1611
9840 JUMP_IF_FALSE        R43 -> 9857  ; line 1611
9841 LOAD_CONST           R37 constant[2024]  ; line 1612
9842 MOVE                 R38 <- R8  ; line 1612
9843 MOVE                 R39 <- R37  ; line 1612
9844 HOST_CALL            a=40 b=11 c=38 imm=2  ; line 1612
9845 MOVE                 R41 <- R40  ; line 1612
9846 MOVE                 R42 <- R36  ; line 1612
9847 HOST_CALL            a=43 b=11 c=41 imm=2  ; line 1612
9848 MOVE                 R44 <- R43  ; line 1612
9849 MOVE                 R45 <- R32  ; line 1612
9850 HOST_CALL            a=46 b=11 c=44 imm=2  ; line 1612
9851 BINARY               a=34 b=46 c=47 imm=0  ; line 1612
9852 MOVE                 R34 <- R47  ; line 1612
9853 LOAD_CONST           R37 constant[2025]  ; line 1613
9854 BINARY               a=36 b=37 c=38 imm=0  ; line 1613
9855 MOVE                 R36 <- R38  ; line 1613
9856 JUMP                 -> 9833  ; line 1613
9857 LOAD_CONST           R37 constant[2026]  ; line 1615
9858 COMPARE              a=34 b=37 c=38 imm=2  ; line 1615
9859 JUMP_IF_FALSE        R38 -> 9863  ; line 1615
9860 LOAD_CONST           R37 constant[2027]  ; line 1615
9861 MOVE                 R34 <- R37  ; line 1615
9862 JUMP                 -> 9863  ; line 1615
9863 MOVE                 R37 <- R30  ; line 1616
9864 MOVE                 R38 <- R32  ; line 1616
9865 HOST_CALL            a=39 b=11 c=37 imm=2  ; line 1616
9866 MOVE                 R40 <- R39  ; line 1616
9867 LOAD_CONST           R41 constant[2028]  ; line 1617
9868 MOVE                 R42 <- R41  ; line 1617
9869 COMPARE              a=42 b=26 c=43 imm=2  ; line 1618
9870 JUMP_IF_FALSE        R43 -> 9914  ; line 1618
9871 LOAD_CONST           R43 constant[2029]  ; line 1619
9872 MOVE                 R44 <- R43  ; line 1619
9873 LOAD_CONST           R45 constant[2030]  ; line 1620
9874 MOVE                 R36 <- R45  ; line 1620
9875 MOVE                 R45 <- R1  ; line 1621
9876 HOST_CALL            a=46 b=61 c=45 imm=1  ; line 1621
9877 LOAD_CONST           R47 constant[2031]  ; line 1621
9878 MOVE                 R48 <- R46  ; line 1621
9879 MOVE                 R49 <- R47  ; line 1621
9880 HOST_CALL            a=50 b=11 c=48 imm=2  ; line 1621
9881 COMPARE              a=36 b=50 c=51 imm=2  ; line 1621
9882 JUMP_IF_FALSE        R51 -> 9905  ; line 1621
9883 MOVE                 R45 <- R1  ; line 1622
9884 MOVE                 R46 <- R36  ; line 1622
9885 HOST_CALL            a=47 b=11 c=45 imm=2  ; line 1622
9886 COMPARE              a=47 b=42 c=48 imm=0  ; line 1622
9887 JUMP_IF_FALSE        R48 -> 9901  ; line 1622
9888 LOAD_CONST           R45 constant[2032]  ; line 1622
9889 MOVE                 R46 <- R8  ; line 1622
9890 MOVE                 R47 <- R45  ; line 1622
9891 HOST_CALL            a=48 b=11 c=46 imm=2  ; line 1622
9892 MOVE                 R49 <- R48  ; line 1622
9893 MOVE                 R50 <- R36  ; line 1622
9894 HOST_CALL            a=51 b=11 c=49 imm=2  ; line 1622
9895 MOVE                 R52 <- R51  ; line 1622
9896 MOVE                 R53 <- R32  ; line 1622
9897 HOST_CALL            a=54 b=11 c=52 imm=2  ; line 1622
9898 BINARY               a=44 b=54 c=55 imm=0  ; line 1622
9899 MOVE                 R44 <- R55  ; line 1622
9900 JUMP                 -> 9901  ; line 1622
9901 LOAD_CONST           R45 constant[2033]  ; line 1623
9902 BINARY               a=36 b=45 c=46 imm=0  ; line 1623
9903 MOVE                 R36 <- R46  ; line 1623
9904 JUMP                 -> 9875  ; line 1623
9905 BINARY               a=44 b=34 c=45 imm=3  ; line 1625
9906 MOVE                 R46 <- R40  ; line 1625
9907 MOVE                 R47 <- R42  ; line 1625
9908 MOVE                 R48 <- R45  ; line 1625
9909 HOST_CALL            a=49 b=12 c=46 imm=3  ; line 1625
9910 LOAD_CONST           R45 constant[2034]  ; line 1626
9911 BINARY               a=42 b=45 c=46 imm=0  ; line 1626
9912 MOVE                 R42 <- R46  ; line 1626
9913 JUMP                 -> 9869  ; line 1626
9914 LOAD_CONST           R45 constant[2035]  ; line 1628
9915 BINARY               a=32 b=45 c=46 imm=0  ; line 1628
9916 MOVE                 R32 <- R46  ; line 1628
9917 JUMP                 -> 9827  ; line 1628
9918 LOAD_CONST           R45 constant[2036]  ; line 1630
9919 LOAD_CONST           R46 constant[2037]  ; line 1630
9920 MOVE                 R47 <- R0  ; line 1630
9921 MOVE                 R48 <- R8  ; line 1630
9922 CALL                 a=49 b=107 c=47 imm=2  ; line 1630
9923 MOVE                 R50 <- R49  ; line 1630
9924 HOST_CALL            a=51 b=72 c=50 imm=1  ; line 1630
9925 LOAD_CONST           R52 constant[2038]  ; line 1630
9926 MOVE                 R53 <- R30  ; line 1630
9927 HOST_CALL            a=54 b=72 c=53 imm=1  ; line 1630
9928 LOAD_CONST           R55 constant[2039]  ; line 1630
9929 LOAD_CONST           R56 constant[2040]  ; line 1630
9930 MOVE                 R57 <- R8  ; line 1630
9931 MOVE                 R58 <- R56  ; line 1630
9932 HOST_CALL            a=59 b=11 c=57 imm=2  ; line 1630
9933 LOAD_CONST           R60 constant[2041]  ; line 1630
9934 MOVE                 R61 <- R59  ; line 1630
9935 MOVE                 R62 <- R60  ; line 1630
9936 HOST_CALL            a=63 b=11 c=61 imm=2  ; line 1630
9937 MOVE                 R64 <- R63  ; line 1630
9938 HOST_CALL            a=65 b=72 c=64 imm=1  ; line 1630
9939 LOAD_CONST           R66 constant[2042]  ; line 1630
9940 LOAD_CONST           R67 constant[2043]  ; line 1630
9941 MOVE                 R68 <- R46  ; line 1630
9942 MOVE                 R69 <- R51  ; line 1630
9943 MOVE                 R70 <- R52  ; line 1630
9944 MOVE                 R71 <- R54  ; line 1630
9945 MOVE                 R72 <- R55  ; line 1630
9946 MOVE                 R73 <- R65  ; line 1630
9947 MOVE                 R74 <- R66  ; line 1630
9948 MOVE                 R75 <- R17  ; line 1630
9949 MOVE                 R76 <- R67  ; line 1630
9950 MOVE                 R77 <- R26  ; line 1630
9951 HOST_CALL            a=78 b=6 c=68 imm=10  ; line 1630
9952 MOVE                 R79 <- R0  ; line 1630
9953 MOVE                 R80 <- R45  ; line 1630
9954 MOVE                 R81 <- R78  ; line 1630
9955 HOST_CALL            a=82 b=12 c=79 imm=3  ; line 1630
9956 LOAD_CONST           R45 constant[2044]  ; line 1632
9957 BINARY               a=4 b=45 c=46 imm=0  ; line 1632
9958 MOVE                 R4 <- R46  ; line 1632
9959 JUMP                 -> 9797  ; line 1632
9960 RETURN               R0  ; line 1634
9961 LOAD_CONST           R45 constant[2045]  ; line 1634
9962 RETURN               R45  ; line 1634
9963 LOAD_CONST           R3 constant[2046]  ; line 1638
9964 MOVE                 R4 <- R3  ; line 1638
9965 COMPARE              a=4 b=2 c=5 imm=2  ; line 1639
9966 JUMP_IF_FALSE        R5 -> 10208  ; line 1639
9967 MOVE                 R5 <- R0  ; line 1640
9968 MOVE                 R6 <- R1  ; line 1640
9969 CALL                 a=7 b=106 c=5 imm=2  ; line 1640
9970 MOVE                 R8 <- R7  ; line 1640
9971 LOAD_CONST           R9 constant[2047]  ; line 1641
9972 MOVE                 R10 <- R0  ; line 1641
9973 MOVE                 R11 <- R9  ; line 1641
9974 HOST_CALL            a=12 b=11 c=10 imm=2  ; line 1641
9975 LOAD_CONST           R13 constant[2048]  ; line 1641
9976 MOVE                 R14 <- R12  ; line 1641
9977 MOVE                 R15 <- R13  ; line 1641
9978 HOST_CALL            a=16 b=11 c=14 imm=2  ; line 1641
9979 MOVE                 R17 <- R16  ; line 1641
9980 LOAD_CONST           R18 constant[2049]  ; line 1642
9981 MOVE                 R19 <- R0  ; line 1642
9982 MOVE                 R20 <- R18  ; line 1642
9983 HOST_CALL            a=21 b=11 c=19 imm=2  ; line 1642
9984 LOAD_CONST           R22 constant[2050]  ; line 1642
9985 MOVE                 R23 <- R21  ; line 1642
9986 MOVE                 R24 <- R22  ; line 1642
9987 HOST_CALL            a=25 b=11 c=23 imm=2  ; line 1642
9988 MOVE                 R26 <- R25  ; line 1642
9989 MOVE                 R27 <- R17  ; line 1643
9990 MOVE                 R28 <- R26  ; line 1643
9991 CALL                 a=29 b=80 c=27 imm=2  ; line 1643
9992 MOVE                 R30 <- R29  ; line 1643
9993 MOVE                 R31 <- R17  ; line 1644
9994 MOVE                 R32 <- R26  ; line 1644
9995 CALL                 a=33 b=80 c=31 imm=2  ; line 1644
9996 MOVE                 R34 <- R33  ; line 1644
9997 LOAD_CONST           R35 constant[2051]  ; line 1645
9998 MOVE                 R36 <- R35  ; line 1645
9999 COMPARE              a=36 b=17 c=37 imm=2  ; line 1646
10000 JUMP_IF_FALSE        R37 -> 10161  ; line 1646
10001 LOAD_CONST           R37 constant[2052]  ; line 1647
10002 MOVE                 R38 <- R37  ; line 1647
10003 LOAD_CONST           R39 constant[2053]  ; line 1648
10004 MOVE                 R40 <- R39  ; line 1648
10005 MOVE                 R41 <- R1  ; line 1649
10006 HOST_CALL            a=42 b=61 c=41 imm=1  ; line 1649
10007 LOAD_CONST           R43 constant[2054]  ; line 1649
10008 MOVE                 R44 <- R42  ; line 1649
10009 MOVE                 R45 <- R43  ; line 1649
10010 HOST_CALL            a=46 b=11 c=44 imm=2  ; line 1649
10011 COMPARE              a=40 b=46 c=47 imm=2  ; line 1649
10012 JUMP_IF_FALSE        R47 -> 10029  ; line 1649
10013 LOAD_CONST           R41 constant[2055]  ; line 1650
10014 MOVE                 R42 <- R8  ; line 1650
10015 MOVE                 R43 <- R41  ; line 1650
10016 HOST_CALL            a=44 b=11 c=42 imm=2  ; line 1650
10017 MOVE                 R45 <- R44  ; line 1650
10018 MOVE                 R46 <- R40  ; line 1650
10019 HOST_CALL            a=47 b=11 c=45 imm=2  ; line 1650
10020 MOVE                 R48 <- R47  ; line 1650
10021 MOVE                 R49 <- R36  ; line 1650
10022 HOST_CALL            a=50 b=11 c=48 imm=2  ; line 1650
10023 BINARY               a=38 b=50 c=51 imm=0  ; line 1650
10024 MOVE                 R38 <- R51  ; line 1650
10025 LOAD_CONST           R41 constant[2056]  ; line 1651
10026 BINARY               a=40 b=41 c=42 imm=0  ; line 1651
10027 MOVE                 R40 <- R42  ; line 1651
10028 JUMP                 -> 10005  ; line 1651
10029 LOAD_CONST           R41 constant[2057]  ; line 1653
10030 COMPARE              a=38 b=41 c=42 imm=2  ; line 1653
10031 JUMP_IF_FALSE        R42 -> 10035  ; line 1653
10032 LOAD_CONST           R41 constant[2058]  ; line 1653
10033 MOVE                 R38 <- R41  ; line 1653
10034 JUMP                 -> 10035  ; line 1653
10035 MOVE                 R41 <- R30  ; line 1654
10036 MOVE                 R42 <- R36  ; line 1654
10037 HOST_CALL            a=43 b=11 c=41 imm=2  ; line 1654
10038 MOVE                 R44 <- R43  ; line 1654
10039 LOAD_CONST           R45 constant[2059]  ; line 1655
10040 MOVE                 R46 <- R45  ; line 1655
10041 COMPARE              a=46 b=26 c=47 imm=2  ; line 1656
10042 JUMP_IF_FALSE        R47 -> 10087  ; line 1656
10043 LOAD_CONST           R47 constant[2060]  ; line 1657
10044 MOVE                 R48 <- R47  ; line 1657
10045 LOAD_CONST           R49 constant[2061]  ; line 1658
10046 MOVE                 R40 <- R49  ; line 1658
10047 MOVE                 R49 <- R1  ; line 1659
10048 HOST_CALL            a=50 b=61 c=49 imm=1  ; line 1659
10049 LOAD_CONST           R51 constant[2062]  ; line 1659
10050 MOVE                 R52 <- R50  ; line 1659
10051 MOVE                 R53 <- R51  ; line 1659
10052 HOST_CALL            a=54 b=11 c=52 imm=2  ; line 1659
10053 COMPARE              a=40 b=54 c=55 imm=2  ; line 1659
10054 JUMP_IF_FALSE        R55 -> 10078  ; line 1659
10055 LOAD_CONST           R49 constant[2063]  ; line 1660
10056 MOVE                 R50 <- R8  ; line 1660
10057 MOVE                 R51 <- R49  ; line 1660
10058 HOST_CALL            a=52 b=11 c=50 imm=2  ; line 1660
10059 MOVE                 R53 <- R52  ; line 1660
10060 MOVE                 R54 <- R40  ; line 1660
10061 HOST_CALL            a=55 b=11 c=53 imm=2  ; line 1660
10062 MOVE                 R56 <- R55  ; line 1660
10063 MOVE                 R57 <- R36  ; line 1660
10064 HOST_CALL            a=58 b=11 c=56 imm=2  ; line 1660
10065 MOVE                 R59 <- R40  ; line 1660
10066 MOVE                 R60 <- R46  ; line 1660
10067 ARRAY_NEW            a=61 b=59 c=2 imm=4294967295  ; line 1660
10068 MOVE                 R62 <- R1  ; line 1660
10069 MOVE                 R63 <- R61  ; line 1660
10070 HOST_CALL            a=64 b=11 c=62 imm=2  ; line 1660
10071 BINARY               a=58 b=64 c=65 imm=2  ; line 1660
10072 BINARY               a=48 b=65 c=66 imm=0  ; line 1660
10073 MOVE                 R48 <- R66  ; line 1660
10074 LOAD_CONST           R49 constant[2064]  ; line 1661
10075 BINARY               a=40 b=49 c=50 imm=0  ; line 1661
10076 MOVE                 R40 <- R50  ; line 1661
10077 JUMP                 -> 10047  ; line 1661
10078 BINARY               a=48 b=38 c=49 imm=3  ; line 1663
10079 MOVE                 R50 <- R44  ; line 1663
10080 MOVE                 R51 <- R46  ; line 1663
10081 MOVE                 R52 <- R49  ; line 1663
10082 HOST_CALL            a=53 b=12 c=50 imm=3  ; line 1663
10083 LOAD_CONST           R49 constant[2065]  ; line 1664
10084 BINARY               a=46 b=49 c=50 imm=0  ; line 1664
10085 MOVE                 R46 <- R50  ; line 1664
10086 JUMP                 -> 10041  ; line 1664
10087 MOVE                 R49 <- R34  ; line 1666
10088 MOVE                 R50 <- R36  ; line 1666
10089 HOST_CALL            a=51 b=11 c=49 imm=2  ; line 1666
10090 MOVE                 R52 <- R51  ; line 1666
10091 LOAD_CONST           R53 constant[2066]  ; line 1667
10092 MOVE                 R46 <- R53  ; line 1667
10093 COMPARE              a=46 b=26 c=53 imm=2  ; line 1668
10094 JUMP_IF_FALSE        R53 -> 10157  ; line 1668
10095 LOAD_CONST           R53 constant[2067]  ; line 1669
10096 MOVE                 R54 <- R53  ; line 1669
10097 LOAD_CONST           R55 constant[2068]  ; line 1670
10098 MOVE                 R40 <- R55  ; line 1670
10099 MOVE                 R55 <- R1  ; line 1671
10100 HOST_CALL            a=56 b=61 c=55 imm=1  ; line 1671
10101 LOAD_CONST           R57 constant[2069]  ; line 1671
10102 MOVE                 R58 <- R56  ; line 1671
10103 MOVE                 R59 <- R57  ; line 1671
10104 HOST_CALL            a=60 b=11 c=58 imm=2  ; line 1671
10105 COMPARE              a=40 b=60 c=61 imm=2  ; line 1671
10106 JUMP_IF_FALSE        R61 -> 10136  ; line 1671
10107 MOVE                 R55 <- R40  ; line 1672
10108 MOVE                 R56 <- R46  ; line 1672
10109 ARRAY_NEW            a=57 b=55 c=2 imm=4294967295  ; line 1672
10110 MOVE                 R58 <- R1  ; line 1672
10111 MOVE                 R59 <- R57  ; line 1672
10112 HOST_CALL            a=60 b=11 c=58 imm=2  ; line 1672
10113 MOVE                 R61 <- R44  ; line 1672
10114 MOVE                 R62 <- R46  ; line 1672
10115 HOST_CALL            a=63 b=11 c=61 imm=2  ; line 1672
10116 BINARY               a=60 b=63 c=64 imm=1  ; line 1672
10117 MOVE                 R65 <- R64  ; line 1672
10118 LOAD_CONST           R66 constant[2070]  ; line 1673
10119 MOVE                 R67 <- R8  ; line 1673
10120 MOVE                 R68 <- R66  ; line 1673
10121 HOST_CALL            a=69 b=11 c=67 imm=2  ; line 1673
10122 MOVE                 R70 <- R69  ; line 1673
10123 MOVE                 R71 <- R40  ; line 1673
10124 HOST_CALL            a=72 b=11 c=70 imm=2  ; line 1673
10125 MOVE                 R73 <- R72  ; line 1673
10126 MOVE                 R74 <- R36  ; line 1673
10127 HOST_CALL            a=75 b=11 c=73 imm=2  ; line 1673
10128 BINARY               a=75 b=65 c=76 imm=2  ; line 1673
10129 BINARY               a=76 b=65 c=77 imm=2  ; line 1673
10130 BINARY               a=54 b=77 c=78 imm=0  ; line 1673
10131 MOVE                 R54 <- R78  ; line 1673
10132 LOAD_CONST           R66 constant[2071]  ; line 1674
10133 BINARY               a=40 b=66 c=67 imm=0  ; line 1674
10134 MOVE                 R40 <- R67  ; line 1674
10135 JUMP                 -> 10099  ; line 1674
10136 BINARY               a=54 b=38 c=66 imm=3  ; line 1676
10137 MOVE                 R67 <- R52  ; line 1676
10138 MOVE                 R68 <- R46  ; line 1676
10139 MOVE                 R69 <- R66  ; line 1676
10140 HOST_CALL            a=70 b=12 c=67 imm=3  ; line 1676
10141 MOVE                 R66 <- R52  ; line 1677
10142 MOVE                 R67 <- R46  ; line 1677
10143 HOST_CALL            a=68 b=11 c=66 imm=2  ; line 1677
10144 LOAD_CONST           R69 constant[2072]  ; line 1677
10145 COMPARE              a=68 b=69 c=70 imm=2  ; line 1677
10146 JUMP_IF_FALSE        R70 -> 10153  ; line 1677
10147 LOAD_CONST           R66 constant[2073]  ; line 1677
10148 MOVE                 R67 <- R52  ; line 1677
10149 MOVE                 R68 <- R46  ; line 1677
10150 MOVE                 R69 <- R66  ; line 1677
10151 HOST_CALL            a=70 b=12 c=67 imm=3  ; line 1677
10152 JUMP                 -> 10153  ; line 1677
10153 LOAD_CONST           R66 constant[2074]  ; line 1678
10154 BINARY               a=46 b=66 c=67 imm=0  ; line 1678
10155 MOVE                 R46 <- R67  ; line 1678
10156 JUMP                 -> 10093  ; line 1678
10157 LOAD_CONST           R66 constant[2075]  ; line 1680
10158 BINARY               a=36 b=66 c=67 imm=0  ; line 1680
10159 MOVE                 R36 <- R67  ; line 1680
10160 JUMP                 -> 9999  ; line 1680
10161 LOAD_CONST           R66 constant[2076]  ; line 1682
10162 LOAD_CONST           R67 constant[2077]  ; line 1682
10163 MOVE                 R68 <- R0  ; line 1682
10164 MOVE                 R69 <- R8  ; line 1682
10165 CALL                 a=70 b=107 c=68 imm=2  ; line 1682
10166 MOVE                 R71 <- R70  ; line 1682
10167 HOST_CALL            a=72 b=72 c=71 imm=1  ; line 1682
10168 LOAD_CONST           R73 constant[2078]  ; line 1682
10169 MOVE                 R74 <- R30  ; line 1682
10170 HOST_CALL            a=75 b=72 c=74 imm=1  ; line 1682
10171 LOAD_CONST           R76 constant[2079]  ; line 1682
10172 MOVE                 R77 <- R34  ; line 1682
10173 HOST_CALL            a=78 b=72 c=77 imm=1  ; line 1682
10174 LOAD_CONST           R79 constant[2080]  ; line 1682
10175 LOAD_CONST           R80 constant[2081]  ; line 1682
10176 MOVE                 R81 <- R8  ; line 1682
10177 MOVE                 R82 <- R80  ; line 1682
10178 HOST_CALL            a=83 b=11 c=81 imm=2  ; line 1682
10179 LOAD_CONST           R84 constant[2082]  ; line 1682
10180 MOVE                 R85 <- R83  ; line 1682
10181 MOVE                 R86 <- R84  ; line 1682
10182 HOST_CALL            a=87 b=11 c=85 imm=2  ; line 1682
10183 MOVE                 R88 <- R87  ; line 1682
10184 HOST_CALL            a=89 b=72 c=88 imm=1  ; line 1682
10185 LOAD_CONST           R90 constant[2083]  ; line 1682
10186 LOAD_CONST           R91 constant[2084]  ; line 1682
10187 MOVE                 R92 <- R67  ; line 1682
10188 MOVE                 R93 <- R72  ; line 1682
10189 MOVE                 R94 <- R73  ; line 1682
10190 MOVE                 R95 <- R75  ; line 1682
10191 MOVE                 R96 <- R76  ; line 1682
10192 MOVE                 R97 <- R78  ; line 1682
10193 MOVE                 R98 <- R79  ; line 1682
10194 MOVE                 R99 <- R89  ; line 1682
10195 MOVE                 R100 <- R90  ; line 1682
10196 MOVE                 R101 <- R17  ; line 1682
10197 MOVE                 R102 <- R91  ; line 1682
10198 MOVE                 R103 <- R26  ; line 1682
10199 HOST_CALL            a=104 b=6 c=92 imm=12  ; line 1682
10200 MOVE                 R105 <- R0  ; line 1682
10201 MOVE                 R106 <- R66  ; line 1682
10202 MOVE                 R107 <- R104  ; line 1682
10203 HOST_CALL            a=108 b=12 c=105 imm=3  ; line 1682
10204 LOAD_CONST           R66 constant[2085]  ; line 1684
10205 BINARY               a=4 b=66 c=67 imm=0  ; line 1684
10206 MOVE                 R4 <- R67  ; line 1684
10207 JUMP                 -> 9965  ; line 1684
10208 RETURN               R0  ; line 1686
10209 LOAD_CONST           R66 constant[2086]  ; line 1686
10210 RETURN               R66  ; line 1686
10211 MOVE                 R2 <- R1  ; line 1690
10212 HOST_CALL            a=3 b=61 c=2 imm=1  ; line 1690
10213 LOAD_CONST           R4 constant[2087]  ; line 1690
10214 MOVE                 R5 <- R3  ; line 1690
10215 MOVE                 R6 <- R4  ; line 1690
10216 HOST_CALL            a=7 b=11 c=5 imm=2  ; line 1690
10217 MOVE                 R8 <- R7  ; line 1690
10218 LOAD_CONST           R9 constant[2088]  ; line 1691
10219 MOVE                 R10 <- R0  ; line 1691
10220 MOVE                 R11 <- R9  ; line 1691
10221 HOST_CALL            a=12 b=11 c=10 imm=2  ; line 1691
10222 LOAD_CONST           R13 constant[2089]  ; line 1691
10223 MOVE                 R14 <- R12  ; line 1691
10224 MOVE                 R15 <- R13  ; line 1691
10225 HOST_CALL            a=16 b=11 c=14 imm=2  ; line 1691
10226 MOVE                 R17 <- R16  ; line 1691
10227 MOVE                 R18 <- R8  ; line 1692
10228 MOVE                 R19 <- R17  ; line 1692
10229 CALL                 a=20 b=80 c=18 imm=2  ; line 1692
10230 MOVE                 R21 <- R20  ; line 1692
10231 MOVE                 R22 <- R8  ; line 1693
10232 MOVE                 R23 <- R17  ; line 1693
10233 CALL                 a=24 b=80 c=22 imm=2  ; line 1693
10234 MOVE                 R25 <- R24  ; line 1693
10235 LOAD_CONST           R26 constant[2090]  ; line 1694
10236 MOVE                 R27 <- R26  ; line 1694
10237 LOAD_CONST           R28 constant[2091]  ; line 1695
10238 MOVE                 R29 <- R21  ; line 1695
10239 MOVE                 R30 <- R28  ; line 1695
10240 HOST_CALL            a=31 b=11 c=29 imm=2  ; line 1695
10241 MOVE                 R32 <- R31  ; line 1695
10242 COMPARE              a=27 b=17 c=33 imm=2  ; line 1696
10243 JUMP_IF_FALSE        R33 -> 10270  ; line 1696
10244 LOAD_CONST           R33 constant[2092]  ; line 1697
10245 MOVE                 R34 <- R0  ; line 1697
10246 MOVE                 R35 <- R33  ; line 1697
10247 HOST_CALL            a=36 b=11 c=34 imm=2  ; line 1697
10248 LOAD_CONST           R37 constant[2093]  ; line 1697
10249 MOVE                 R38 <- R36  ; line 1697
10250 MOVE                 R39 <- R37  ; line 1697
10251 HOST_CALL            a=40 b=11 c=38 imm=2  ; line 1697
10252 MOVE                 R41 <- R40  ; line 1697
10253 MOVE                 R42 <- R27  ; line 1697
10254 HOST_CALL            a=43 b=11 c=41 imm=2  ; line 1697
10255 LOAD_CONST           R44 constant[2094]  ; line 1697
10256 MOVE                 R45 <- R0  ; line 1697
10257 MOVE                 R46 <- R1  ; line 1697
10258 MOVE                 R47 <- R44  ; line 1697
10259 MOVE                 R48 <- R27  ; line 1697
10260 CALL                 a=49 b=105 c=45 imm=4  ; line 1697
10261 BINARY               a=43 b=49 c=50 imm=2  ; line 1697
10262 MOVE                 R51 <- R32  ; line 1697
10263 MOVE                 R52 <- R27  ; line 1697
10264 MOVE                 R53 <- R50  ; line 1697
10265 HOST_CALL            a=54 b=12 c=51 imm=3  ; line 1697
10266 LOAD_CONST           R33 constant[2095]  ; line 1699
10267 BINARY               a=27 b=33 c=34 imm=0  ; line 1699
10268 MOVE                 R27 <- R34  ; line 1699
10269 JUMP                 -> 10242  ; line 1699
10270 LOAD_CONST           R33 constant[2096]  ; line 1701
10271 MOVE                 R34 <- R33  ; line 1701
10272 COMPARE              a=34 b=8 c=35 imm=2  ; line 1702
10273 JUMP_IF_FALSE        R35 -> 10400  ; line 1702
10274 MOVE                 R35 <- R21  ; line 1703
10275 MOVE                 R36 <- R34  ; line 1703
10276 HOST_CALL            a=37 b=11 c=35 imm=2  ; line 1703
10277 MOVE                 R38 <- R37  ; line 1703
10278 MOVE                 R39 <- R25  ; line 1704
10279 MOVE                 R40 <- R34  ; line 1704
10280 HOST_CALL            a=41 b=11 c=39 imm=2  ; line 1704
10281 MOVE                 R42 <- R41  ; line 1704
10282 LOAD_CONST           R43 constant[2097]  ; line 1705
10283 MOVE                 R27 <- R43  ; line 1705
10284 LOAD_CONST           R43 constant[2098]  ; line 1706
10285 MOVE                 R44 <- R43  ; line 1706
10286 COMPARE              a=27 b=17 c=45 imm=2  ; line 1707
10287 JUMP_IF_FALSE        R45 -> 10376  ; line 1707
10288 LOAD_CONST           R45 constant[2099]  ; line 1708
10289 MOVE                 R46 <- R45  ; line 1708
10290 LOAD_CONST           R47 constant[2100]  ; line 1709
10291 BINARY               a=34 b=47 c=48 imm=1  ; line 1709
10292 MOVE                 R49 <- R21  ; line 1709
10293 MOVE                 R50 <- R48  ; line 1709
10294 HOST_CALL            a=51 b=11 c=49 imm=2  ; line 1709
10295 LOAD_CONST           R52 constant[2101]  ; line 1709
10296 MOVE                 R53 <- R51  ; line 1709
10297 MOVE                 R54 <- R52  ; line 1709
10298 HOST_CALL            a=55 b=11 c=53 imm=2  ; line 1709
10299 LOAD_CONST           R56 constant[2102]  ; line 1709
10300 MOVE                 R57 <- R0  ; line 1709
10301 MOVE                 R58 <- R56  ; line 1709
10302 HOST_CALL            a=59 b=11 c=57 imm=2  ; line 1709
10303 LOAD_CONST           R60 constant[2103]  ; line 1709
10304 MOVE                 R61 <- R59  ; line 1709
10305 MOVE                 R62 <- R60  ; line 1709
10306 HOST_CALL            a=63 b=11 c=61 imm=2  ; line 1709
10307 LOAD_CONST           R64 constant[2104]  ; line 1709
10308 MOVE                 R65 <- R64  ; line 1709
10309 MOVE                 R66 <- R27  ; line 1709
10310 ARRAY_NEW            a=67 b=65 c=2 imm=4294967295  ; line 1709
10311 MOVE                 R68 <- R63  ; line 1709
10312 MOVE                 R69 <- R67  ; line 1709
10313 HOST_CALL            a=70 b=11 c=68 imm=2  ; line 1709
10314 BINARY               a=55 b=70 c=71 imm=2  ; line 1709
10315 MOVE                 R72 <- R71  ; line 1709
10316 LOAD_CONST           R73 constant[2105]  ; line 1710
10317 MOVE                 R74 <- R73  ; line 1710
10318 COMPARE              a=74 b=17 c=75 imm=2  ; line 1711
10319 JUMP_IF_FALSE        R75 -> 10353  ; line 1711
10320 LOAD_CONST           R75 constant[2106]  ; line 1712
10321 BINARY               a=34 b=75 c=76 imm=1  ; line 1712
10322 MOVE                 R77 <- R21  ; line 1712
10323 MOVE                 R78 <- R76  ; line 1712
10324 HOST_CALL            a=79 b=11 c=77 imm=2  ; line 1712
10325 MOVE                 R80 <- R79  ; line 1712
10326 MOVE                 R81 <- R74  ; line 1712
10327 HOST_CALL            a=82 b=11 c=80 imm=2  ; line 1712
10328 LOAD_CONST           R83 constant[2107]  ; line 1712
10329 MOVE                 R84 <- R0  ; line 1712
10330 MOVE                 R85 <- R83  ; line 1712
10331 HOST_CALL            a=86 b=11 c=84 imm=2  ; line 1712
10332 LOAD_CONST           R87 constant[2108]  ; line 1712
10333 MOVE                 R88 <- R86  ; line 1712
10334 MOVE                 R89 <- R87  ; line 1712
10335 HOST_CALL            a=90 b=11 c=88 imm=2  ; line 1712
10336 MOVE                 R91 <- R74  ; line 1712
10337 MOVE                 R92 <- R27  ; line 1712
10338 ARRAY_NEW            a=93 b=91 c=2 imm=4294967295  ; line 1712
10339 MOVE                 R94 <- R90  ; line 1712
10340 MOVE                 R95 <- R93  ; line 1712
10341 HOST_CALL            a=96 b=11 c=94 imm=2  ; line 1712
10342 BINARY               a=82 b=96 c=97 imm=2  ; line 1712
10343 MOVE                 R98 <- R97  ; line 1712
10344 COMPARE              a=98 b=72 c=99 imm=4  ; line 1713
10345 JUMP_IF_FALSE        R99 -> 10349  ; line 1713
10346 MOVE                 R72 <- R98  ; line 1713
10347 MOVE                 R46 <- R74  ; line 1713
10348 JUMP                 -> 10349  ; line 1713
10349 LOAD_CONST           R99 constant[2109]  ; line 1714
10350 BINARY               a=74 b=99 c=100 imm=0  ; line 1714
10351 MOVE                 R74 <- R100  ; line 1714
10352 JUMP                 -> 10318  ; line 1714
10353 MOVE                 R99 <- R0  ; line 1716
10354 MOVE                 R100 <- R1  ; line 1716
10355 MOVE                 R101 <- R34  ; line 1716
10356 MOVE                 R102 <- R27  ; line 1716
10357 CALL                 a=103 b=105 c=99 imm=4  ; line 1716
10358 BINARY               a=72 b=103 c=104 imm=2  ; line 1716
10359 MOVE                 R105 <- R38  ; line 1716
10360 MOVE                 R106 <- R27  ; line 1716
10361 MOVE                 R107 <- R104  ; line 1716
10362 HOST_CALL            a=108 b=12 c=105 imm=3  ; line 1716
10363 MOVE                 R99 <- R42  ; line 1717
10364 MOVE                 R100 <- R27  ; line 1717
10365 MOVE                 R101 <- R46  ; line 1717
10366 HOST_CALL            a=102 b=12 c=99 imm=3  ; line 1717
10367 MOVE                 R99 <- R38  ; line 1718
10368 MOVE                 R100 <- R27  ; line 1718
10369 HOST_CALL            a=101 b=11 c=99 imm=2  ; line 1718
10370 BINARY               a=44 b=101 c=102 imm=0  ; line 1718
10371 MOVE                 R44 <- R102  ; line 1718
10372 LOAD_CONST           R99 constant[2110]  ; line 1719
10373 BINARY               a=27 b=99 c=100 imm=0  ; line 1719
10374 MOVE                 R27 <- R100  ; line 1719
10375 JUMP                 -> 10286  ; line 1719
10376 LOAD_CONST           R99 constant[2111]  ; line 1721
10377 COMPARE              a=44 b=99 c=100 imm=4  ; line 1721
10378 JUMP_IF_FALSE        R100 -> 10396  ; line 1721
10379 LOAD_CONST           R99 constant[2112]  ; line 1722
10380 MOVE                 R27 <- R99  ; line 1722
10381 COMPARE              a=27 b=17 c=99 imm=2  ; line 1723
10382 JUMP_IF_FALSE        R99 -> 10395  ; line 1723
10383 MOVE                 R99 <- R38  ; line 1724
10384 MOVE                 R100 <- R27  ; line 1724
10385 HOST_CALL            a=101 b=11 c=99 imm=2  ; line 1724
10386 BINARY               a=101 b=44 c=102 imm=3  ; line 1724
10387 MOVE                 R103 <- R38  ; line 1724
10388 MOVE                 R104 <- R27  ; line 1724
10389 MOVE                 R105 <- R102  ; line 1724
10390 HOST_CALL            a=106 b=12 c=103 imm=3  ; line 1724
10391 LOAD_CONST           R99 constant[2113]  ; line 1725
10392 BINARY               a=27 b=99 c=100 imm=0  ; line 1725
10393 MOVE                 R27 <- R100  ; line 1725
10394 JUMP                 -> 10381  ; line 1725
10395 JUMP                 -> 10396  ; line 1725
10396 LOAD_CONST           R99 constant[2114]  ; line 1728
10397 BINARY               a=34 b=99 c=100 imm=0  ; line 1728
10398 MOVE                 R34 <- R100  ; line 1728
10399 JUMP                 -> 10272  ; line 1728
10400 MOVE                 R99 <- R8  ; line 1730
10401 CALL                 a=100 b=63 c=99 imm=1  ; line 1730
10402 MOVE                 R101 <- R100  ; line 1730
10403 LOAD_CONST           R102 constant[2115]  ; line 1731
10404 MOVE                 R103 <- R102  ; line 1731
10405 LOAD_CONST           R104 constant[2116]  ; line 1732
10406 MOVE                 R27 <- R104  ; line 1732
10407 COMPARE              a=27 b=17 c=104 imm=2  ; line 1733
10408 JUMP_IF_FALSE        R104 -> 10433  ; line 1733
10409 LOAD_CONST           R104 constant[2117]  ; line 1734
10410 BINARY               a=8 b=104 c=105 imm=1  ; line 1734
10411 MOVE                 R106 <- R21  ; line 1734
10412 MOVE                 R107 <- R105  ; line 1734
10413 HOST_CALL            a=108 b=11 c=106 imm=2  ; line 1734
10414 MOVE                 R109 <- R108  ; line 1734
10415 MOVE                 R110 <- R27  ; line 1734
10416 HOST_CALL            a=111 b=11 c=109 imm=2  ; line 1734
10417 LOAD_CONST           R112 constant[2118]  ; line 1734
10418 BINARY               a=8 b=112 c=113 imm=1  ; line 1734
10419 MOVE                 R114 <- R21  ; line 1734
10420 MOVE                 R115 <- R113  ; line 1734
10421 HOST_CALL            a=116 b=11 c=114 imm=2  ; line 1734
10422 MOVE                 R117 <- R116  ; line 1734
10423 MOVE                 R118 <- R103  ; line 1734
10424 HOST_CALL            a=119 b=11 c=117 imm=2  ; line 1734
10425 COMPARE              a=111 b=119 c=120 imm=4  ; line 1734
10426 JUMP_IF_FALSE        R120 -> 10429  ; line 1734
10427 MOVE                 R103 <- R27  ; line 1734
10428 JUMP                 -> 10429  ; line 1734
10429 LOAD_CONST           R104 constant[2119]  ; line 1735
10430 BINARY               a=27 b=104 c=105 imm=0  ; line 1735
10431 MOVE                 R27 <- R105  ; line 1735
10432 JUMP                 -> 10407  ; line 1735
10433 LOAD_CONST           R104 constant[2120]  ; line 1737
10434 BINARY               a=8 b=104 c=105 imm=1  ; line 1737
10435 MOVE                 R106 <- R101  ; line 1737
10436 MOVE                 R107 <- R105  ; line 1737
10437 MOVE                 R108 <- R103  ; line 1737
10438 HOST_CALL            a=109 b=12 c=106 imm=3  ; line 1737
10439 LOAD_CONST           R104 constant[2121]  ; line 1738
10440 BINARY               a=8 b=104 c=105 imm=1  ; line 1738
10441 MOVE                 R34 <- R105  ; line 1738
10442 LOAD_CONST           R104 constant[2122]  ; line 1739
10443 COMPARE              a=34 b=104 c=105 imm=5  ; line 1739
10444 JUMP_IF_FALSE        R105 -> 10466  ; line 1739
10445 LOAD_CONST           R104 constant[2123]  ; line 1740
10446 BINARY               a=34 b=104 c=105 imm=0  ; line 1740
10447 MOVE                 R106 <- R25  ; line 1740
10448 MOVE                 R107 <- R105  ; line 1740
10449 HOST_CALL            a=108 b=11 c=106 imm=2  ; line 1740
10450 LOAD_CONST           R109 constant[2124]  ; line 1740
10451 BINARY               a=34 b=109 c=110 imm=0  ; line 1740
10452 MOVE                 R111 <- R101  ; line 1740
10453 MOVE                 R112 <- R110  ; line 1740
10454 HOST_CALL            a=113 b=11 c=111 imm=2  ; line 1740
10455 MOVE                 R114 <- R108  ; line 1740
10456 MOVE                 R115 <- R113  ; line 1740
10457 HOST_CALL            a=116 b=11 c=114 imm=2  ; line 1740
10458 MOVE                 R117 <- R101  ; line 1740
10459 MOVE                 R118 <- R34  ; line 1740
10460 MOVE                 R119 <- R116  ; line 1740
10461 HOST_CALL            a=120 b=12 c=117 imm=3  ; line 1740
10462 LOAD_CONST           R104 constant[2125]  ; line 1741
10463 BINARY               a=34 b=104 c=105 imm=1  ; line 1741
10464 MOVE                 R34 <- R105  ; line 1741
10465 JUMP                 -> 10442  ; line 1741
10466 MOVE                 R104 <- R0  ; line 1743
10467 MOVE                 R105 <- R1  ; line 1743
10468 CALL                 a=106 b=106 c=104 imm=2  ; line 1743
10469 MOVE                 R107 <- R106  ; line 1743
10470 MOVE                 R108 <- R8  ; line 1744
10471 CALL                 a=109 b=63 c=108 imm=1  ; line 1744
10472 MOVE                 R110 <- R109  ; line 1744
10473 LOAD_CONST           R111 constant[2126]  ; line 1745
10474 MOVE                 R34 <- R111  ; line 1745
10475 COMPARE              a=34 b=8 c=111 imm=2  ; line 1746
10476 JUMP_IF_FALSE        R111 -> 10500  ; line 1746
10477 LOAD_CONST           R111 constant[2127]  ; line 1747
10478 LOAD_CONST           R112 constant[2128]  ; line 1747
10479 MOVE                 R113 <- R107  ; line 1747
10480 MOVE                 R114 <- R112  ; line 1747
10481 HOST_CALL            a=115 b=11 c=113 imm=2  ; line 1747
10482 MOVE                 R116 <- R115  ; line 1747
10483 MOVE                 R117 <- R34  ; line 1747
10484 HOST_CALL            a=118 b=11 c=116 imm=2  ; line 1747
10485 MOVE                 R119 <- R101  ; line 1747
10486 MOVE                 R120 <- R34  ; line 1747
10487 HOST_CALL            a=121 b=11 c=119 imm=2  ; line 1747
10488 MOVE                 R122 <- R118  ; line 1747
10489 MOVE                 R123 <- R121  ; line 1747
10490 HOST_CALL            a=124 b=11 c=122 imm=2  ; line 1747
10491 BINARY               a=111 b=124 c=125 imm=1  ; line 1747
10492 MOVE                 R126 <- R110  ; line 1747
10493 MOVE                 R127 <- R34  ; line 1747
10494 MOVE                 R128 <- R125  ; line 1747
10495 HOST_CALL            a=129 b=12 c=126 imm=3  ; line 1747
10496 LOAD_CONST           R111 constant[2129]  ; line 1748
10497 BINARY               a=34 b=111 c=112 imm=0  ; line 1748
10498 MOVE                 R34 <- R112  ; line 1748
10499 JUMP                 -> 10475  ; line 1748
10500 LOAD_CONST           R111 constant[2130]  ; line 1750
10501 MOVE                 R112 <- R101  ; line 1750
10502 HOST_CALL            a=113 b=72 c=112 imm=1  ; line 1750
10503 LOAD_CONST           R114 constant[2131]  ; line 1750
10504 MOVE                 R115 <- R110  ; line 1750
10505 HOST_CALL            a=116 b=72 c=115 imm=1  ; line 1750
10506 MOVE                 R117 <- R111  ; line 1750
10507 MOVE                 R118 <- R113  ; line 1750
10508 MOVE                 R119 <- R114  ; line 1750
10509 MOVE                 R120 <- R116  ; line 1750
10510 HOST_CALL            a=121 b=6 c=117 imm=4  ; line 1750
10511 RETURN               R121  ; line 1750
10512 LOAD_CONST           R122 constant[2132]  ; line 1750
10513 RETURN               R122  ; line 1750
10514 LOAD_CONST           R2 constant[2133]  ; line 1754
10515 MOVE                 R3 <- R2  ; line 1754
10516 LOAD_CONST           R4 constant[2134]  ; line 1755
10517 MOVE                 R5 <- R4  ; line 1755
10518 MOVE                 R6 <- R1  ; line 1756
10519 HOST_CALL            a=7 b=26 c=6 imm=1  ; line 1756
10520 COMPARE              a=5 b=7 c=8 imm=2  ; line 1756
10521 JUMP_IF_FALSE        R8 -> 10534  ; line 1756
10522 MOVE                 R6 <- R1  ; line 1757
10523 MOVE                 R7 <- R5  ; line 1757
10524 HOST_CALL            a=8 b=11 c=6 imm=2  ; line 1757
10525 MOVE                 R9 <- R0  ; line 1757
10526 MOVE                 R10 <- R8  ; line 1757
10527 HOST_CALL            a=11 b=11 c=9 imm=2  ; line 1757
10528 BINARY               a=3 b=11 c=12 imm=0  ; line 1757
10529 MOVE                 R3 <- R12  ; line 1757
10530 LOAD_CONST           R6 constant[2135]  ; line 1758
10531 BINARY               a=5 b=6 c=7 imm=0  ; line 1758
10532 MOVE                 R5 <- R7  ; line 1758
10533 JUMP                 -> 10518  ; line 1758
10534 LOAD_CONST           R6 constant[2136]  ; line 1760
10535 LOAD_CONST           R7 constant[2137]  ; line 1760
10536 LOAD_CONST           R8 constant[2138]  ; line 1760
10537 MOVE                 R9 <- R1  ; line 1760
10538 HOST_CALL            a=10 b=26 c=9 imm=1  ; line 1760
10539 BINARY               a=3 b=10 c=11 imm=3  ; line 1760
10540 MOVE                 R12 <- R6  ; line 1760
10541 MOVE                 R13 <- R7  ; line 1760
10542 MOVE                 R14 <- R8  ; line 1760
10543 MOVE                 R15 <- R11  ; line 1760
10544 HOST_CALL            a=16 b=6 c=12 imm=4  ; line 1760
10545 RETURN               R16  ; line 1760
10546 LOAD_CONST           R17 constant[2139]  ; line 1760
10547 RETURN               R17  ; line 1760
10548 MOVE                 R4 <- R0  ; line 1764
10549 HOST_CALL            a=5 b=61 c=4 imm=1  ; line 1764
10550 LOAD_CONST           R6 constant[2140]  ; line 1764
10551 MOVE                 R7 <- R5  ; line 1764
10552 MOVE                 R8 <- R6  ; line 1764
10553 HOST_CALL            a=9 b=11 c=7 imm=2  ; line 1764
10554 MOVE                 R10 <- R9  ; line 1764
10555 LOAD_CONST           R11 constant[2141]  ; line 1765
10556 LOAD_CONST           R12 constant[2142]  ; line 1765
10557 LOAD_CONST           R13 constant[2143]  ; line 1765
10558 LOAD_CONST           R14 constant[2144]  ; line 1765
10559 LOAD_CONST           R15 constant[2145]  ; line 1765
10560 LOAD_CONST           R16 constant[2146]  ; line 1765
10561 LOAD_CONST           R17 constant[2147]  ; line 1765
10562 LOAD_CONST           R18 constant[2148]  ; line 1765
10563 MOVE                 R19 <- R11  ; line 1765
10564 MOVE                 R20 <- R12  ; line 1765
10565 MOVE                 R21 <- R13  ; line 1765
10566 MOVE                 R22 <- R14  ; line 1765
10567 MOVE                 R23 <- R15  ; line 1765
10568 MOVE                 R24 <- R16  ; line 1765
10569 MOVE                 R25 <- R17  ; line 1765
10570 MOVE                 R26 <- R18  ; line 1765
10571 HOST_CALL            a=27 b=6 c=19 imm=8  ; line 1765
10572 MOVE                 R28 <- R27  ; line 1765
10573 LOAD_CONST           R29 constant[2149]  ; line 1766
10574 MOVE                 R30 <- R29  ; line 1766
10575 COMPARE              a=30 b=10 c=31 imm=2  ; line 1767
10576 JUMP_IF_FALSE        R31 -> 10749  ; line 1767
10577 LOAD_CONST           R31 constant[2150]  ; line 1768
10578 MOVE                 R32 <- R2  ; line 1768
10579 MOVE                 R33 <- R31  ; line 1768
10580 HOST_CALL            a=34 b=11 c=32 imm=2  ; line 1768
10581 MOVE                 R35 <- R34  ; line 1768
10582 MOVE                 R36 <- R30  ; line 1768
10583 ARRAY_NEW            a=37 b=35 c=2 imm=4294967295  ; line 1768
10584 MOVE                 R38 <- R0  ; line 1768
10585 MOVE                 R39 <- R37  ; line 1768
10586 HOST_CALL            a=40 b=11 c=38 imm=2  ; line 1768
10587 MOVE                 R41 <- R40  ; line 1768
10588 MOVE                 R42 <- R41  ; line 1769
10589 LOAD_CONST           R43 constant[2151]  ; line 1770
10590 MOVE                 R44 <- R43  ; line 1770
10591 MOVE                 R45 <- R2  ; line 1771
10592 HOST_CALL            a=46 b=26 c=45 imm=1  ; line 1771
10593 COMPARE              a=44 b=46 c=47 imm=2  ; line 1771
10594 JUMP_IF_FALSE        R47 -> 10617  ; line 1771
10595 MOVE                 R45 <- R2  ; line 1772
10596 MOVE                 R46 <- R44  ; line 1772
10597 HOST_CALL            a=47 b=11 c=45 imm=2  ; line 1772
10598 MOVE                 R48 <- R47  ; line 1772
10599 MOVE                 R49 <- R30  ; line 1772
10600 ARRAY_NEW            a=50 b=48 c=2 imm=4294967295  ; line 1772
10601 MOVE                 R51 <- R0  ; line 1772
10602 MOVE                 R52 <- R50  ; line 1772
10603 HOST_CALL            a=53 b=11 c=51 imm=2  ; line 1772
10604 MOVE                 R54 <- R53  ; line 1772
10605 COMPARE              a=54 b=41 c=55 imm=2  ; line 1773
10606 JUMP_IF_FALSE        R55 -> 10609  ; line 1773
10607 MOVE                 R41 <- R54  ; line 1773
10608 JUMP                 -> 10609  ; line 1773
10609 COMPARE              a=54 b=42 c=55 imm=4  ; line 1774
10610 JUMP_IF_FALSE        R55 -> 10613  ; line 1774
10611 MOVE                 R42 <- R54  ; line 1774
10612 JUMP                 -> 10613  ; line 1774
10613 LOAD_CONST           R55 constant[2152]  ; line 1775
10614 BINARY               a=44 b=55 c=56 imm=0  ; line 1775
10615 MOVE                 R44 <- R56  ; line 1775
10616 JUMP                 -> 10591  ; line 1775
10617 LOAD_CONST           R55 constant[2153]  ; line 1777
10618 MOVE                 R56 <- R55  ; line 1777
10619 COMPARE              a=56 b=3 c=57 imm=2  ; line 1778
10620 JUMP_IF_FALSE        R57 -> 10745  ; line 1778
10621 BINARY               a=42 b=41 c=57 imm=1  ; line 1779
10622 BINARY               a=57 b=56 c=58 imm=2  ; line 1779
10623 BINARY               a=58 b=3 c=59 imm=3  ; line 1779
10624 BINARY               a=41 b=59 c=60 imm=0  ; line 1779
10625 MOVE                 R61 <- R60  ; line 1779
10626 LOAD_CONST           R62 constant[2154]  ; line 1780
10627 MOVE                 R63 <- R62  ; line 1780
10628 LOAD_CONST           R64 constant[2155]  ; line 1781
10629 MOVE                 R65 <- R64  ; line 1781
10630 LOAD_CONST           R66 constant[2156]  ; line 1782
10631 MOVE                 R67 <- R66  ; line 1782
10632 LOAD_CONST           R68 constant[2157]  ; line 1783
10633 MOVE                 R69 <- R68  ; line 1783
10634 LOAD_CONST           R70 constant[2158]  ; line 1784
10635 MOVE                 R71 <- R70  ; line 1784
10636 LOAD_CONST           R72 constant[2159]  ; line 1785
10637 MOVE                 R73 <- R72  ; line 1785
10638 LOAD_CONST           R74 constant[2160]  ; line 1786
10639 MOVE                 R44 <- R74  ; line 1786
10640 MOVE                 R74 <- R2  ; line 1787
10641 HOST_CALL            a=75 b=26 c=74 imm=1  ; line 1787
10642 COMPARE              a=44 b=75 c=76 imm=2  ; line 1787
10643 JUMP_IF_FALSE        R76 -> 10681  ; line 1787
10644 MOVE                 R74 <- R2  ; line 1788
10645 MOVE                 R75 <- R44  ; line 1788
10646 HOST_CALL            a=76 b=11 c=74 imm=2  ; line 1788
10647 MOVE                 R77 <- R76  ; line 1788
10648 MOVE                 R78 <- R1  ; line 1789
10649 MOVE                 R79 <- R77  ; line 1789
10650 HOST_CALL            a=80 b=11 c=78 imm=2  ; line 1789
10651 MOVE                 R81 <- R80  ; line 1789
10652 MOVE                 R82 <- R77  ; line 1790
10653 MOVE                 R83 <- R30  ; line 1790
10654 ARRAY_NEW            a=84 b=82 c=2 imm=4294967295  ; line 1790
10655 MOVE                 R85 <- R0  ; line 1790
10656 MOVE                 R86 <- R84  ; line 1790
10657 HOST_CALL            a=87 b=11 c=85 imm=2  ; line 1790
10658 COMPARE              a=87 b=61 c=88 imm=3  ; line 1790
10659 JUMP_IF_FALSE        R88 -> 10669  ; line 1790
10660 LOAD_CONST           R82 constant[2161]  ; line 1791
10661 BINARY               a=63 b=82 c=83 imm=0  ; line 1791
10662 MOVE                 R63 <- R83  ; line 1791
10663 BINARY               a=67 b=81 c=82 imm=0  ; line 1792
10664 MOVE                 R67 <- R82  ; line 1792
10665 BINARY               a=81 b=81 c=82 imm=2  ; line 1793
10666 BINARY               a=71 b=82 c=83 imm=0  ; line 1793
10667 MOVE                 R71 <- R83  ; line 1793
10668 JUMP                 -> 10677  ; line 1793
10669 LOAD_CONST           R82 constant[2162]  ; line 1795
10670 BINARY               a=65 b=82 c=83 imm=0  ; line 1795
10671 MOVE                 R65 <- R83  ; line 1795
10672 BINARY               a=69 b=81 c=82 imm=0  ; line 1796
10673 MOVE                 R69 <- R82  ; line 1796
10674 BINARY               a=81 b=81 c=82 imm=2  ; line 1797
10675 BINARY               a=73 b=82 c=83 imm=0  ; line 1797
10676 MOVE                 R73 <- R83  ; line 1797
10677 LOAD_CONST           R82 constant[2163]  ; line 1799
10678 BINARY               a=44 b=82 c=83 imm=0  ; line 1799
10679 MOVE                 R44 <- R83  ; line 1799
10680 JUMP                 -> 10640  ; line 1799
10681 LOAD_CONST           R82 constant[2164]  ; line 1801
10682 COMPARE              a=63 b=82 c=83 imm=4  ; line 1801
10683 JUMP_IF_FALSE        R83 -> 10741  ; line 1801
10684 LOAD_CONST           R82 constant[2165]  ; line 1802
10685 COMPARE              a=65 b=82 c=83 imm=4  ; line 1802
10686 JUMP_IF_FALSE        R83 -> 10740  ; line 1802
10687 BINARY               a=67 b=67 c=82 imm=2  ; line 1803
10688 BINARY               a=82 b=63 c=83 imm=3  ; line 1803
10689 BINARY               a=71 b=83 c=84 imm=1  ; line 1803
10690 BINARY               a=84 b=73 c=85 imm=0  ; line 1803
10691 BINARY               a=69 b=69 c=86 imm=2  ; line 1803
10692 BINARY               a=86 b=65 c=87 imm=3  ; line 1803
10693 BINARY               a=85 b=87 c=88 imm=1  ; line 1803
10694 MOVE                 R89 <- R88  ; line 1803
10695 LOAD_CONST           R90 constant[2166]  ; line 1805
10696 MOVE                 R91 <- R28  ; line 1805
10697 MOVE                 R92 <- R90  ; line 1805
10698 HOST_CALL            a=93 b=11 c=91 imm=2  ; line 1805
10699 UNARY                a=93 b=94 c=4294967295 imm=1  ; line 1805
10700 JUMP_IF_FALSE        R94 -> 10717  ; line 1805
10701 LOAD_CONST           R90 constant[2167]  ; line 1806
10702 LOAD_CONST           R91 constant[2168]  ; line 1806
10703 LOAD_CONST           R92 constant[2169]  ; line 1806
10704 LOAD_CONST           R93 constant[2170]  ; line 1806
10705 LOAD_CONST           R94 constant[2171]  ; line 1806
10706 MOVE                 R95 <- R90  ; line 1806
10707 MOVE                 R96 <- R91  ; line 1806
10708 MOVE                 R97 <- R92  ; line 1806
10709 MOVE                 R98 <- R89  ; line 1806
10710 MOVE                 R99 <- R93  ; line 1806
10711 MOVE                 R100 <- R30  ; line 1806
10712 MOVE                 R101 <- R94  ; line 1806
10713 MOVE                 R102 <- R61  ; line 1806
10714 HOST_CALL            a=103 b=6 c=95 imm=8  ; line 1806
10715 MOVE                 R28 <- R103  ; line 1806
10716 JUMP                 -> 10739  ; line 1806
10717 LOAD_CONST           R90 constant[2172]  ; line 1808
10718 MOVE                 R91 <- R28  ; line 1808
10719 MOVE                 R92 <- R90  ; line 1808
10720 HOST_CALL            a=93 b=11 c=91 imm=2  ; line 1808
10721 COMPARE              a=89 b=93 c=94 imm=2  ; line 1808
10722 JUMP_IF_FALSE        R94 -> 10739  ; line 1808
10723 LOAD_CONST           R90 constant[2173]  ; line 1809
10724 LOAD_CONST           R91 constant[2174]  ; line 1809
10725 LOAD_CONST           R92 constant[2175]  ; line 1809
10726 LOAD_CONST           R93 constant[2176]  ; line 1809
10727 LOAD_CONST           R94 constant[2177]  ; line 1809
10728 MOVE                 R95 <- R90  ; line 1809
10729 MOVE                 R96 <- R91  ; line 1809
10730 MOVE                 R97 <- R92  ; line 1809
10731 MOVE                 R98 <- R89  ; line 1809
10732 MOVE                 R99 <- R93  ; line 1809
10733 MOVE                 R100 <- R30  ; line 1809
10734 MOVE                 R101 <- R94  ; line 1809
10735 MOVE                 R102 <- R61  ; line 1809
10736 HOST_CALL            a=103 b=6 c=95 imm=8  ; line 1809
10737 MOVE                 R28 <- R103  ; line 1809
10738 JUMP                 -> 10739  ; line 1809
10739 JUMP                 -> 10740  ; line 1809
10740 JUMP                 -> 10741  ; line 1809
10741 LOAD_CONST           R90 constant[2178]  ; line 1814
10742 BINARY               a=56 b=90 c=91 imm=0  ; line 1814
10743 MOVE                 R56 <- R91  ; line 1814
10744 JUMP                 -> 10619  ; line 1814
10745 LOAD_CONST           R90 constant[2179]  ; line 1816
10746 BINARY               a=30 b=90 c=91 imm=0  ; line 1816
10747 MOVE                 R30 <- R91  ; line 1816
10748 JUMP                 -> 10575  ; line 1816
10749 RETURN               R28  ; line 1818
10750 LOAD_CONST           R90 constant[2180]  ; line 1818
10751 RETURN               R90  ; line 1818
10752 COMPARE              a=3 b=4 c=6 imm=5  ; line 1822
10753 JUMP_IF_FALSE        R6 -> 10759  ; line 1822
10754 MOVE                 R6 <- R1  ; line 1822
10755 MOVE                 R7 <- R2  ; line 1822
10756 CALL                 a=8 b=111 c=6 imm=2  ; line 1822
10757 RETURN               R8  ; line 1822
10758 JUMP                 -> 10759  ; line 1822
10759 MOVE                 R6 <- R2  ; line 1823
10760 HOST_CALL            a=7 b=26 c=6 imm=1  ; line 1823
10761 LOAD_CONST           R8 constant[2181]  ; line 1823
10762 COMPARE              a=7 b=8 c=9 imm=2  ; line 1823
10763 JUMP_IF_FALSE        R9 -> 10769  ; line 1823
10764 MOVE                 R6 <- R1  ; line 1823
10765 MOVE                 R7 <- R2  ; line 1823
10766 CALL                 a=8 b=111 c=6 imm=2  ; line 1823
10767 RETURN               R8  ; line 1823
10768 JUMP                 -> 10769  ; line 1823
10769 MOVE                 R6 <- R0  ; line 1824
10770 MOVE                 R7 <- R1  ; line 1824
10771 MOVE                 R8 <- R2  ; line 1824
10772 MOVE                 R9 <- R5  ; line 1824
10773 CALL                 a=10 b=112 c=6 imm=4  ; line 1824
10774 MOVE                 R11 <- R10  ; line 1824
10775 LOAD_CONST           R12 constant[2182]  ; line 1825
10776 MOVE                 R13 <- R11  ; line 1825
10777 MOVE                 R14 <- R12  ; line 1825
10778 HOST_CALL            a=15 b=11 c=13 imm=2  ; line 1825
10779 UNARY                a=15 b=16 c=4294967295 imm=1  ; line 1825
10780 JUMP_IF_FALSE        R16 -> 10786  ; line 1825
10781 MOVE                 R12 <- R1  ; line 1825
10782 MOVE                 R13 <- R2  ; line 1825
10783 CALL                 a=14 b=111 c=12 imm=2  ; line 1825
10784 RETURN               R14  ; line 1825
10785 JUMP                 -> 10786  ; line 1825
10786 LOAD_CONST           R12 constant[2183]  ; line 1826
10787 MOVE                 R13 <- R12  ; line 1826
10788 HOST_CALL            a=14 b=22 c=13 imm=1  ; line 1826
10789 MOVE                 R15 <- R14  ; line 1826
10790 LOAD_CONST           R16 constant[2184]  ; line 1827
10791 MOVE                 R17 <- R16  ; line 1827
10792 HOST_CALL            a=18 b=22 c=17 imm=1  ; line 1827
10793 MOVE                 R19 <- R18  ; line 1827
10794 LOAD_CONST           R20 constant[2185]  ; line 1828
10795 MOVE                 R21 <- R20  ; line 1828
10796 MOVE                 R22 <- R2  ; line 1829
10797 HOST_CALL            a=23 b=26 c=22 imm=1  ; line 1829
10798 COMPARE              a=21 b=23 c=24 imm=2  ; line 1829
10799 JUMP_IF_FALSE        R24 -> 10831  ; line 1829
10800 MOVE                 R22 <- R2  ; line 1830
10801 MOVE                 R23 <- R21  ; line 1830
10802 HOST_CALL            a=24 b=11 c=22 imm=2  ; line 1830
10803 MOVE                 R25 <- R24  ; line 1830
10804 LOAD_CONST           R26 constant[2186]  ; line 1831
10805 MOVE                 R27 <- R11  ; line 1831
10806 MOVE                 R28 <- R26  ; line 1831
10807 HOST_CALL            a=29 b=11 c=27 imm=2  ; line 1831
10808 MOVE                 R30 <- R25  ; line 1831
10809 MOVE                 R31 <- R29  ; line 1831
10810 ARRAY_NEW            a=32 b=30 c=2 imm=4294967295  ; line 1831
10811 MOVE                 R33 <- R0  ; line 1831
10812 MOVE                 R34 <- R32  ; line 1831
10813 HOST_CALL            a=35 b=11 c=33 imm=2  ; line 1831
10814 LOAD_CONST           R36 constant[2187]  ; line 1831
10815 MOVE                 R37 <- R11  ; line 1831
10816 MOVE                 R38 <- R36  ; line 1831
10817 HOST_CALL            a=39 b=11 c=37 imm=2  ; line 1831
10818 COMPARE              a=35 b=39 c=40 imm=3  ; line 1831
10819 JUMP_IF_FALSE        R40 -> 10824  ; line 1831
10820 MOVE                 R26 <- R15  ; line 1832
10821 MOVE                 R27 <- R25  ; line 1832
10822 HOST_CALL            a=28 b=23 c=26 imm=2  ; line 1832
10823 JUMP                 -> 10827  ; line 1832
10824 MOVE                 R26 <- R19  ; line 1834
10825 MOVE                 R27 <- R25  ; line 1834
10826 HOST_CALL            a=28 b=23 c=26 imm=2  ; line 1834
10827 LOAD_CONST           R26 constant[2188]  ; line 1836
10828 BINARY               a=21 b=26 c=27 imm=0  ; line 1836
10829 MOVE                 R21 <- R27  ; line 1836
10830 JUMP                 -> 10796  ; line 1836
10831 LOAD_CONST           R26 constant[2189]  ; line 1838
10832 LOAD_CONST           R27 constant[2190]  ; line 1838
10833 LOAD_CONST           R28 constant[2191]  ; line 1838
10834 LOAD_CONST           R29 constant[2192]  ; line 1838
10835 MOVE                 R30 <- R11  ; line 1838
10836 MOVE                 R31 <- R29  ; line 1838
10837 HOST_CALL            a=32 b=11 c=30 imm=2  ; line 1838
10838 LOAD_CONST           R33 constant[2193]  ; line 1838
10839 LOAD_CONST           R34 constant[2194]  ; line 1838
10840 MOVE                 R35 <- R11  ; line 1838
10841 MOVE                 R36 <- R34  ; line 1838
10842 HOST_CALL            a=37 b=11 c=35 imm=2  ; line 1838
10843 LOAD_CONST           R38 constant[2195]  ; line 1838
10844 LOAD_CONST           R39 constant[2196]  ; line 1838
10845 BINARY               a=3 b=39 c=40 imm=0  ; line 1838
10846 MOVE                 R41 <- R0  ; line 1838
10847 MOVE                 R42 <- R1  ; line 1838
10848 MOVE                 R43 <- R15  ; line 1838
10849 MOVE                 R44 <- R40  ; line 1838
10850 MOVE                 R45 <- R4  ; line 1838
10851 MOVE                 R46 <- R5  ; line 1838
10852 CALL                 a=47 b=113 c=41 imm=6  ; line 1838
10853 LOAD_CONST           R48 constant[2197]  ; line 1838
10854 LOAD_CONST           R49 constant[2198]  ; line 1838
10855 BINARY               a=3 b=49 c=50 imm=0  ; line 1838
10856 MOVE                 R51 <- R0  ; line 1838
10857 MOVE                 R52 <- R1  ; line 1838
10858 MOVE                 R53 <- R19  ; line 1838
10859 MOVE                 R54 <- R50  ; line 1838
10860 MOVE                 R55 <- R4  ; line 1838
10861 MOVE                 R56 <- R5  ; line 1838
10862 CALL                 a=57 b=113 c=51 imm=6  ; line 1838
10863 MOVE                 R58 <- R26  ; line 1838
10864 MOVE                 R59 <- R27  ; line 1838
10865 MOVE                 R60 <- R28  ; line 1838
10866 MOVE                 R61 <- R32  ; line 1838
10867 MOVE                 R62 <- R33  ; line 1838
10868 MOVE                 R63 <- R37  ; line 1838
10869 MOVE                 R64 <- R38  ; line 1838
10870 MOVE                 R65 <- R47  ; line 1838
10871 MOVE                 R66 <- R48  ; line 1838
10872 MOVE                 R67 <- R57  ; line 1838
10873 HOST_CALL            a=68 b=6 c=58 imm=10  ; line 1838
10874 RETURN               R68  ; line 1838
10875 LOAD_CONST           R69 constant[2199]  ; line 1838
10876 RETURN               R69  ; line 1838
10877 MOVE                 R3 <- R0  ; line 1844
10878 LOAD_CONST           R4 constant[2200]  ; line 1845
10879 MOVE                 R5 <- R3  ; line 1845
10880 MOVE                 R6 <- R4  ; line 1845
10881 HOST_CALL            a=7 b=11 c=5 imm=2  ; line 1845
10882 UNARY                a=7 b=8 c=4294967295 imm=1  ; line 1845
10883 JUMP_IF_FALSE        R8 -> 10912  ; line 1845
10884 LOAD_CONST           R4 constant[2201]  ; line 1846
10885 MOVE                 R5 <- R3  ; line 1846
10886 MOVE                 R6 <- R4  ; line 1846
10887 HOST_CALL            a=7 b=11 c=5 imm=2  ; line 1846
10888 MOVE                 R8 <- R2  ; line 1846
10889 MOVE                 R9 <- R7  ; line 1846
10890 ARRAY_NEW            a=10 b=8 c=2 imm=4294967295  ; line 1846
10891 MOVE                 R11 <- R1  ; line 1846
10892 MOVE                 R12 <- R10  ; line 1846
10893 HOST_CALL            a=13 b=11 c=11 imm=2  ; line 1846
10894 LOAD_CONST           R14 constant[2202]  ; line 1846
10895 MOVE                 R15 <- R3  ; line 1846
10896 MOVE                 R16 <- R14  ; line 1846
10897 HOST_CALL            a=17 b=11 c=15 imm=2  ; line 1846
10898 COMPARE              a=13 b=17 c=18 imm=3  ; line 1846
10899 JUMP_IF_FALSE        R18 -> 10906  ; line 1846
10900 LOAD_CONST           R4 constant[2203]  ; line 1846
10901 MOVE                 R5 <- R3  ; line 1846
10902 MOVE                 R6 <- R4  ; line 1846
10903 HOST_CALL            a=7 b=11 c=5 imm=2  ; line 1846
10904 MOVE                 R3 <- R7  ; line 1846
10905 JUMP                 -> 10911  ; line 1846
10906 LOAD_CONST           R4 constant[2204]  ; line 1847
10907 MOVE                 R5 <- R3  ; line 1847
10908 MOVE                 R6 <- R4  ; line 1847
10909 HOST_CALL            a=7 b=11 c=5 imm=2  ; line 1847
10910 MOVE                 R3 <- R7  ; line 1847
10911 JUMP                 -> 10878  ; line 1847
10912 LOAD_CONST           R4 constant[2205]  ; line 1849
10913 MOVE                 R5 <- R3  ; line 1849
10914 MOVE                 R6 <- R4  ; line 1849
10915 HOST_CALL            a=7 b=11 c=5 imm=2  ; line 1849
10916 RETURN               R7  ; line 1849
10917 LOAD_CONST           R8 constant[2206]  ; line 1849
10918 RETURN               R8  ; line 1849
10919 MOVE                 R2 <- R1  ; line 1853
10920 HOST_CALL            a=3 b=61 c=2 imm=1  ; line 1853
10921 LOAD_CONST           R4 constant[2207]  ; line 1853
10922 MOVE                 R5 <- R3  ; line 1853
10923 MOVE                 R6 <- R4  ; line 1853
10924 HOST_CALL            a=7 b=11 c=5 imm=2  ; line 1853
10925 MOVE                 R8 <- R7  ; line 1853
10926 LOAD_CONST           R9 constant[2208]  ; line 1854
10927 MOVE                 R10 <- R9  ; line 1854
10928 HOST_CALL            a=11 b=22 c=10 imm=1  ; line 1854
10929 MOVE                 R12 <- R11  ; line 1854
10930 LOAD_CONST           R13 constant[2209]  ; line 1855
10931 MOVE                 R14 <- R13  ; line 1855
10932 COMPARE              a=14 b=8 c=15 imm=2  ; line 1856
10933 JUMP_IF_FALSE        R15 -> 11006  ; line 1856
10934 LOAD_CONST           R15 constant[2210]  ; line 1857
10935 MOVE                 R16 <- R0  ; line 1857
10936 MOVE                 R17 <- R15  ; line 1857
10937 HOST_CALL            a=18 b=11 c=16 imm=2  ; line 1857
10938 LOAD_CONST           R19 constant[2211]  ; line 1857
10939 MOVE                 R20 <- R18  ; line 1857
10940 MOVE                 R21 <- R19  ; line 1857
10941 HOST_CALL            a=22 b=11 c=20 imm=2  ; line 1857
10942 MOVE                 R23 <- R22  ; line 1857
10943 LOAD_CONST           R24 constant[2212]  ; line 1858
10944 MOVE                 R25 <- R24  ; line 1858
10945 LOAD_CONST           R26 constant[2213]  ; line 1859
10946 MOVE                 R27 <- R0  ; line 1859
10947 MOVE                 R28 <- R26  ; line 1859
10948 HOST_CALL            a=29 b=11 c=27 imm=2  ; line 1859
10949 LOAD_CONST           R30 constant[2214]  ; line 1859
10950 MOVE                 R31 <- R29  ; line 1859
10951 MOVE                 R32 <- R30  ; line 1859
10952 HOST_CALL            a=33 b=11 c=31 imm=2  ; line 1859
10953 MOVE                 R34 <- R33  ; line 1859
10954 HOST_CALL            a=35 b=26 c=34 imm=1  ; line 1859
10955 COMPARE              a=25 b=35 c=36 imm=2  ; line 1859
10956 JUMP_IF_FALSE        R36 -> 10988  ; line 1859
10957 LOAD_CONST           R26 constant[2215]  ; line 1860
10958 MOVE                 R27 <- R0  ; line 1860
10959 MOVE                 R28 <- R26  ; line 1860
10960 HOST_CALL            a=29 b=11 c=27 imm=2  ; line 1860
10961 LOAD_CONST           R30 constant[2216]  ; line 1860
10962 MOVE                 R31 <- R29  ; line 1860
10963 MOVE                 R32 <- R30  ; line 1860
10964 HOST_CALL            a=33 b=11 c=31 imm=2  ; line 1860
10965 MOVE                 R34 <- R33  ; line 1860
10966 MOVE                 R35 <- R25  ; line 1860
10967 HOST_CALL            a=36 b=11 c=34 imm=2  ; line 1860
10968 MOVE                 R37 <- R36  ; line 1860
10969 LOAD_CONST           R38 constant[2217]  ; line 1861
10970 MOVE                 R39 <- R0  ; line 1861
10971 MOVE                 R40 <- R38  ; line 1861
10972 HOST_CALL            a=41 b=11 c=39 imm=2  ; line 1861
10973 LOAD_CONST           R42 constant[2218]  ; line 1861
10974 MOVE                 R43 <- R41  ; line 1861
10975 MOVE                 R44 <- R42  ; line 1861
10976 HOST_CALL            a=45 b=11 c=43 imm=2  ; line 1861
10977 MOVE                 R46 <- R37  ; line 1861
10978 MOVE                 R47 <- R1  ; line 1861
10979 MOVE                 R48 <- R14  ; line 1861
10980 CALL                 a=49 b=114 c=46 imm=3  ; line 1861
10981 BINARY               a=45 b=49 c=50 imm=2  ; line 1861
10982 BINARY               a=23 b=50 c=51 imm=0  ; line 1861
10983 MOVE                 R23 <- R51  ; line 1861
10984 LOAD_CONST           R38 constant[2219]  ; line 1862
10985 BINARY               a=25 b=38 c=39 imm=0  ; line 1862
10986 MOVE                 R25 <- R39  ; line 1862
10987 JUMP                 -> 10945  ; line 1862
10988 LOAD_CONST           R38 constant[2220]  ; line 1864
10989 MOVE                 R39 <- R0  ; line 1864
10990 MOVE                 R40 <- R38  ; line 1864
10991 HOST_CALL            a=41 b=11 c=39 imm=2  ; line 1864
10992 LOAD_CONST           R42 constant[2221]  ; line 1864
10993 COMPARE              a=41 b=42 c=43 imm=0  ; line 1864
10994 JUMP_IF_FALSE        R43 -> 10999  ; line 1864
10995 MOVE                 R38 <- R23  ; line 1864
10996 CALL                 a=39 b=59 c=38 imm=1  ; line 1864
10997 MOVE                 R23 <- R39  ; line 1864
10998 JUMP                 -> 10999  ; line 1864
10999 MOVE                 R38 <- R12  ; line 1865
11000 MOVE                 R39 <- R23  ; line 1865
11001 HOST_CALL            a=40 b=23 c=38 imm=2  ; line 1865
11002 LOAD_CONST           R38 constant[2222]  ; line 1866
11003 BINARY               a=14 b=38 c=39 imm=0  ; line 1866
11004 MOVE                 R14 <- R39  ; line 1866
11005 JUMP                 -> 10932  ; line 1866
11006 RETURN               R12  ; line 1868
11007 LOAD_CONST           R38 constant[2223]  ; line 1868
11008 RETURN               R38  ; line 1868
11009 MOVE                 R3 <- R0  ; line 1872
11010 CALL                 a=4 b=64 c=3 imm=1  ; line 1872
11011 MOVE                 R5 <- R4  ; line 1872
11012 LOAD_CONST           R6 constant[2224]  ; line 1873
11013 COMPARE              a=5 b=6 c=7 imm=1  ; line 1873
11014 JUMP_IF_FALSE        R7 -> 11023  ; line 1873
11015 LOAD_CONST           R6 constant[2225]  ; line 1873
11016 LOAD_CONST           R7 constant[2226]  ; line 1873
11017 MOVE                 R8 <- R6  ; line 1873
11018 MOVE                 R9 <- R5  ; line 1873
11019 MOVE                 R10 <- R7  ; line 1873
11020 CALL                 a=11 b=53 c=8 imm=3  ; line 1873
11021 RETURN               R11  ; line 1873
11022 JUMP                 -> 11023  ; line 1873
11023 LOAD_CONST           R6 constant[2227]  ; line 1874
11024 MOVE                 R7 <- R0  ; line 1874
11025 MOVE                 R8 <- R6  ; line 1874
11026 HOST_CALL            a=9 b=11 c=7 imm=2  ; line 1874
11027 MOVE                 R10 <- R9  ; line 1874
11028 LOAD_CONST           R11 constant[2228]  ; line 1875
11029 MOVE                 R12 <- R0  ; line 1875
11030 MOVE                 R13 <- R11  ; line 1875
11031 HOST_CALL            a=14 b=11 c=12 imm=2  ; line 1875
11032 MOVE                 R15 <- R14  ; line 1875
11033 MOVE                 R16 <- R10  ; line 1876
11034 HOST_CALL            a=17 b=61 c=16 imm=1  ; line 1876
11035 LOAD_CONST           R18 constant[2229]  ; line 1876
11036 MOVE                 R19 <- R17  ; line 1876
11037 MOVE                 R20 <- R18  ; line 1876
11038 HOST_CALL            a=21 b=11 c=19 imm=2  ; line 1876
11039 MOVE                 R22 <- R21  ; line 1876
11040 MOVE                 R23 <- R10  ; line 1877
11041 HOST_CALL            a=24 b=61 c=23 imm=1  ; line 1877
11042 LOAD_CONST           R25 constant[2230]  ; line 1877
11043 MOVE                 R26 <- R24  ; line 1877
11044 MOVE                 R27 <- R25  ; line 1877
11045 HOST_CALL            a=28 b=11 c=26 imm=2  ; line 1877
11046 MOVE                 R29 <- R28  ; line 1877
11047 LOAD_CONST           R30 constant[2231]  ; line 1878
11048 LOAD_CONST           R31 constant[2232]  ; line 1878
11049 MOVE                 R32 <- R1  ; line 1878
11050 MOVE                 R33 <- R30  ; line 1878
11051 MOVE                 R34 <- R31  ; line 1878
11052 CALL                 a=35 b=54 c=32 imm=3  ; line 1878
11053 MOVE                 R36 <- R35  ; line 1878
11054 LOAD_CONST           R37 constant[2233]  ; line 1879
11055 LOAD_CONST           R38 constant[2234]  ; line 1879
11056 MOVE                 R39 <- R1  ; line 1879
11057 MOVE                 R40 <- R37  ; line 1879
11058 MOVE                 R41 <- R38  ; line 1879
11059 CALL                 a=42 b=54 c=39 imm=3  ; line 1879
11060 MOVE                 R43 <- R42  ; line 1879
11061 LOAD_CONST           R44 constant[2235]  ; line 1880
11062 LOAD_CONST           R45 constant[2236]  ; line 1880
11063 MOVE                 R46 <- R1  ; line 1880
11064 MOVE                 R47 <- R44  ; line 1880
11065 MOVE                 R48 <- R45  ; line 1880
11066 CALL                 a=49 b=54 c=46 imm=3  ; line 1880
11067 MOVE                 R50 <- R49  ; line 1880
11068 LOAD_CONST           R51 constant[2237]  ; line 1881
11069 LOAD_CONST           R52 constant[2238]  ; line 1881
11070 MOVE                 R53 <- R1  ; line 1881
11071 MOVE                 R54 <- R51  ; line 1881
11072 MOVE                 R55 <- R52  ; line 1881
11073 CALL                 a=56 b=54 c=53 imm=3  ; line 1881
11074 MOVE                 R57 <- R56  ; line 1881
11075 LOAD_CONST           R58 constant[2239]  ; line 1882
11076 COMPARE              a=36 b=58 c=59 imm=2  ; line 1882
11077 JUMP_IF_FALSE        R59 -> 11087  ; line 1882
11078 LOAD_CONST           R58 constant[2240]  ; line 1882
11079 LOAD_CONST           R59 constant[2241]  ; line 1882
11080 LOAD_CONST           R60 constant[2242]  ; line 1882
11081 MOVE                 R61 <- R58  ; line 1882
11082 MOVE                 R62 <- R59  ; line 1882
11083 MOVE                 R63 <- R60  ; line 1882
11084 CALL                 a=64 b=53 c=61 imm=3  ; line 1882
11085 RETURN               R64  ; line 1882
11086 JUMP                 -> 11087  ; line 1882
11087 LOAD_CONST           R58 constant[2243]  ; line 1883
11088 COMPARE              a=43 b=58 c=59 imm=3  ; line 1883
11089 JUMP_IF_FALSE        R59 -> 11099  ; line 1883
11090 LOAD_CONST           R58 constant[2244]  ; line 1883
11091 LOAD_CONST           R59 constant[2245]  ; line 1883
11092 LOAD_CONST           R60 constant[2246]  ; line 1883
11093 MOVE                 R61 <- R58  ; line 1883
11094 MOVE                 R62 <- R59  ; line 1883
11095 MOVE                 R63 <- R60  ; line 1883
11096 CALL                 a=64 b=53 c=61 imm=3  ; line 1883
11097 RETURN               R64  ; line 1883
11098 JUMP                 -> 11099  ; line 1883
11099 LOAD_CONST           R58 constant[2247]  ; line 1884
11100 COMPARE              a=50 b=58 c=59 imm=2  ; line 1884
11101 JUMP_IF_FALSE        R59 -> 11111  ; line 1884
11102 LOAD_CONST           R58 constant[2248]  ; line 1884
11103 LOAD_CONST           R59 constant[2249]  ; line 1884
11104 LOAD_CONST           R60 constant[2250]  ; line 1884
11105 MOVE                 R61 <- R58  ; line 1884
11106 MOVE                 R62 <- R59  ; line 1884
11107 MOVE                 R63 <- R60  ; line 1884
11108 CALL                 a=64 b=53 c=61 imm=3  ; line 1884
11109 RETURN               R64  ; line 1884
11110 JUMP                 -> 11111  ; line 1884
11111 LOAD_CONST           R58 constant[2251]  ; line 1885
11112 COMPARE              a=57 b=58 c=59 imm=2  ; line 1885
11113 JUMP_IF_FALSE        R59 -> 11123  ; line 1885
11114 LOAD_CONST           R58 constant[2252]  ; line 1885
11115 LOAD_CONST           R59 constant[2253]  ; line 1885
11116 LOAD_CONST           R60 constant[2254]  ; line 1885
11117 MOVE                 R61 <- R58  ; line 1885
11118 MOVE                 R62 <- R59  ; line 1885
11119 MOVE                 R63 <- R60  ; line 1885
11120 CALL                 a=64 b=53 c=61 imm=3  ; line 1885
11121 RETURN               R64  ; line 1885
11122 JUMP                 -> 11123  ; line 1885
11123 LOAD_CONST           R58 constant[2255]  ; line 1886
11124 COMPARE              a=2 b=58 c=59 imm=0  ; line 1886
11125 JUMP_IF_FALSE        R59 -> 11157  ; line 1886
11126 LOAD_CONST           R58 constant[2256]  ; line 1887
11127 MOVE                 R59 <- R58  ; line 1887
11128 COMPARE              a=59 b=22 c=60 imm=2  ; line 1888
11129 JUMP_IF_FALSE        R60 -> 11156  ; line 1888
11130 MOVE                 R60 <- R15  ; line 1889
11131 MOVE                 R61 <- R59  ; line 1889
11132 HOST_CALL            a=62 b=11 c=60 imm=2  ; line 1889
11133 LOAD_CONST           R63 constant[2257]  ; line 1889
11134 COMPARE              a=62 b=63 c=64 imm=1  ; line 1889
11135 JUMP_IF_FALSE        R64 -> 11152  ; line 1889
11136 MOVE                 R60 <- R15  ; line 1890
11137 MOVE                 R61 <- R59  ; line 1890
11138 HOST_CALL            a=62 b=11 c=60 imm=2  ; line 1890
11139 LOAD_CONST           R63 constant[2258]  ; line 1890
11140 COMPARE              a=62 b=63 c=64 imm=1  ; line 1890
11141 JUMP_IF_FALSE        R64 -> 11151  ; line 1890
11142 LOAD_CONST           R60 constant[2259]  ; line 1890
11143 LOAD_CONST           R61 constant[2260]  ; line 1890
11144 LOAD_CONST           R62 constant[2261]  ; line 1890
11145 MOVE                 R63 <- R60  ; line 1890
11146 MOVE                 R64 <- R61  ; line 1890
11147 MOVE                 R65 <- R62  ; line 1890
11148 CALL                 a=66 b=53 c=63 imm=3  ; line 1890
11149 RETURN               R66  ; line 1890
11150 JUMP                 -> 11151  ; line 1890
11151 JUMP                 -> 11152  ; line 1890
11152 LOAD_CONST           R60 constant[2262]  ; line 1892
11153 BINARY               a=59 b=60 c=61 imm=0  ; line 1892
11154 MOVE                 R59 <- R61  ; line 1892
11155 JUMP                 -> 11128  ; line 1892
11156 JUMP                 -> 11157  ; line 1892
11157 MOVE                 R60 <- R15  ; line 1895
11158 HOST_CALL            a=61 b=69 c=60 imm=1  ; line 1895
11159 MOVE                 R62 <- R61  ; line 1895
11160 LOAD_CONST           R63 constant[2263]  ; line 1896
11161 COMPARE              a=2 b=63 c=64 imm=0  ; line 1896
11162 JUMP_IF_FALSE        R64 -> 11166  ; line 1896
11163 LOAD_CONST           R63 constant[2264]  ; line 1896
11164 MOVE                 R62 <- R63  ; line 1896
11165 JUMP                 -> 11166  ; line 1896
11166 LOAD_CONST           R63 constant[2265]  ; line 1897
11167 MOVE                 R64 <- R63  ; line 1897
11168 HOST_CALL            a=65 b=22 c=64 imm=1  ; line 1897
11169 MOVE                 R66 <- R65  ; line 1897
11170 LOAD_CONST           R67 constant[2266]  ; line 1898
11171 MOVE                 R68 <- R67  ; line 1898
11172 COMPARE              a=68 b=22 c=69 imm=2  ; line 1899
11173 JUMP_IF_FALSE        R69 -> 11181  ; line 1899
11174 MOVE                 R69 <- R66  ; line 1899
11175 MOVE                 R70 <- R62  ; line 1899
11176 HOST_CALL            a=71 b=23 c=69 imm=2  ; line 1899
11177 LOAD_CONST           R69 constant[2267]  ; line 1899
11178 BINARY               a=68 b=69 c=70 imm=0  ; line 1899
11179 MOVE                 R68 <- R70  ; line 1899
11180 JUMP                 -> 11172  ; line 1899
11181 LOAD_CONST           R69 constant[2268]  ; line 1900
11182 MOVE                 R70 <- R69  ; line 1900
11183 HOST_CALL            a=71 b=22 c=70 imm=1  ; line 1900
11184 MOVE                 R72 <- R71  ; line 1900
11185 LOAD_CONST           R73 constant[2269]  ; line 1901
11186 MOVE                 R74 <- R73  ; line 1901
11187 COMPARE              a=74 b=36 c=75 imm=2  ; line 1902
11188 JUMP_IF_FALSE        R75 -> 11278  ; line 1902
11189 LOAD_CONST           R75 constant[2270]  ; line 1903
11190 MOVE                 R76 <- R75  ; line 1903
11191 HOST_CALL            a=77 b=22 c=76 imm=1  ; line 1903
11192 MOVE                 R78 <- R77  ; line 1903
11193 LOAD_CONST           R79 constant[2271]  ; line 1904
11194 MOVE                 R68 <- R79  ; line 1904
11195 COMPARE              a=68 b=22 c=79 imm=2  ; line 1905
11196 JUMP_IF_FALSE        R79 -> 11226  ; line 1905
11197 MOVE                 R79 <- R15  ; line 1906
11198 MOVE                 R80 <- R68  ; line 1906
11199 HOST_CALL            a=81 b=11 c=79 imm=2  ; line 1906
11200 MOVE                 R82 <- R66  ; line 1906
11201 MOVE                 R83 <- R68  ; line 1906
11202 HOST_CALL            a=84 b=11 c=82 imm=2  ; line 1906
11203 BINARY               a=81 b=84 c=85 imm=1  ; line 1906
11204 MOVE                 R86 <- R85  ; line 1906
11205 LOAD_CONST           R87 constant[2272]  ; line 1907
11206 COMPARE              a=2 b=87 c=88 imm=0  ; line 1907
11207 JUMP_IF_FALSE        R88 -> 11219  ; line 1907
11208 MOVE                 R87 <- R15  ; line 1907
11209 MOVE                 R88 <- R68  ; line 1907
11210 HOST_CALL            a=89 b=11 c=87 imm=2  ; line 1907
11211 MOVE                 R90 <- R66  ; line 1907
11212 MOVE                 R91 <- R68  ; line 1907
11213 HOST_CALL            a=92 b=11 c=90 imm=2  ; line 1907
11214 MOVE                 R93 <- R92  ; line 1907
11215 CALL                 a=94 b=59 c=93 imm=1  ; line 1907
11216 BINARY               a=89 b=94 c=95 imm=1  ; line 1907
11217 MOVE                 R86 <- R95  ; line 1907
11218 JUMP                 -> 11219  ; line 1907
11219 MOVE                 R87 <- R78  ; line 1908
11220 MOVE                 R88 <- R86  ; line 1908
11221 HOST_CALL            a=89 b=23 c=87 imm=2  ; line 1908
11222 LOAD_CONST           R87 constant[2273]  ; line 1909
11223 BINARY               a=68 b=87 c=88 imm=0  ; line 1909
11224 MOVE                 R68 <- R88  ; line 1909
11225 JUMP                 -> 11195  ; line 1909
11226 LOAD_CONST           R87 constant[2274]  ; line 1911
11227 MOVE                 R88 <- R87  ; line 1911
11228 HOST_CALL            a=89 b=22 c=88 imm=1  ; line 1911
11229 MOVE                 R90 <- R89  ; line 1911
11230 LOAD_CONST           R91 constant[2275]  ; line 1912
11231 MOVE                 R68 <- R91  ; line 1912
11232 COMPARE              a=68 b=22 c=91 imm=2  ; line 1913
11233 JUMP_IF_FALSE        R91 -> 11241  ; line 1913
11234 MOVE                 R91 <- R90  ; line 1913
11235 MOVE                 R92 <- R68  ; line 1913
11236 HOST_CALL            a=93 b=23 c=91 imm=2  ; line 1913
11237 LOAD_CONST           R91 constant[2276]  ; line 1913
11238 BINARY               a=68 b=91 c=92 imm=0  ; line 1913
11239 MOVE                 R68 <- R92  ; line 1913
11240 JUMP                 -> 11232  ; line 1913
11241 LOAD_CONST           R91 constant[2277]  ; line 1914
11242 MOVE                 R92 <- R10  ; line 1914
11243 MOVE                 R93 <- R78  ; line 1914
11244 MOVE                 R94 <- R90  ; line 1914
11245 MOVE                 R95 <- R91  ; line 1914
11246 MOVE                 R96 <- R50  ; line 1914
11247 MOVE                 R97 <- R57  ; line 1914
11248 CALL                 a=98 b=113 c=92 imm=6  ; line 1914
11249 MOVE                 R99 <- R98  ; line 1914
11250 MOVE                 R100 <- R72  ; line 1915
11251 MOVE                 R101 <- R99  ; line 1915
11252 HOST_CALL            a=102 b=23 c=100 imm=2  ; line 1915
11253 LOAD_CONST           R100 constant[2278]  ; line 1916
11254 MOVE                 R68 <- R100  ; line 1916
11255 COMPARE              a=68 b=22 c=100 imm=2  ; line 1917
11256 JUMP_IF_FALSE        R100 -> 11274  ; line 1917
11257 MOVE                 R100 <- R66  ; line 1918
11258 MOVE                 R101 <- R68  ; line 1918
11259 HOST_CALL            a=102 b=11 c=100 imm=2  ; line 1918
11260 MOVE                 R103 <- R99  ; line 1918
11261 MOVE                 R104 <- R10  ; line 1918
11262 MOVE                 R105 <- R68  ; line 1918
11263 CALL                 a=106 b=114 c=103 imm=3  ; line 1918
11264 BINARY               a=43 b=106 c=107 imm=2  ; line 1918
11265 BINARY               a=102 b=107 c=108 imm=0  ; line 1918
11266 MOVE                 R109 <- R66  ; line 1918
11267 MOVE                 R110 <- R68  ; line 1918
11268 MOVE                 R111 <- R108  ; line 1918
11269 HOST_CALL            a=112 b=12 c=109 imm=3  ; line 1918
11270 LOAD_CONST           R100 constant[2279]  ; line 1919
11271 BINARY               a=68 b=100 c=101 imm=0  ; line 1919
11272 MOVE                 R68 <- R101  ; line 1919
11273 JUMP                 -> 11255  ; line 1919
11274 LOAD_CONST           R100 constant[2280]  ; line 1921
11275 BINARY               a=74 b=100 c=101 imm=0  ; line 1921
11276 MOVE                 R74 <- R101  ; line 1921
11277 JUMP                 -> 11187  ; line 1921
11278 MOVE                 R100 <- R66  ; line 1923
11279 LOAD_CONST           R101 constant[2281]  ; line 1924
11280 COMPARE              a=2 b=101 c=102 imm=0  ; line 1924
11281 JUMP_IF_FALSE        R102 -> 11300  ; line 1924
11282 LOAD_CONST           R101 constant[2282]  ; line 1925
11283 MOVE                 R68 <- R101  ; line 1925
11284 COMPARE              a=68 b=22 c=101 imm=2  ; line 1926
11285 JUMP_IF_FALSE        R101 -> 11299  ; line 1926
11286 MOVE                 R101 <- R100  ; line 1926
11287 MOVE                 R102 <- R68  ; line 1926
11288 HOST_CALL            a=103 b=11 c=101 imm=2  ; line 1926
11289 MOVE                 R104 <- R103  ; line 1926
11290 CALL                 a=105 b=59 c=104 imm=1  ; line 1926
11291 MOVE                 R106 <- R100  ; line 1926
11292 MOVE                 R107 <- R68  ; line 1926
11293 MOVE                 R108 <- R105  ; line 1926
11294 HOST_CALL            a=109 b=12 c=106 imm=3  ; line 1926
11295 LOAD_CONST           R101 constant[2283]  ; line 1926
11296 BINARY               a=68 b=101 c=102 imm=0  ; line 1926
11297 MOVE                 R68 <- R102  ; line 1926
11298 JUMP                 -> 11284  ; line 1926
11299 JUMP                 -> 11300  ; line 1926
11300 LOAD_CONST           R101 constant[2284]  ; line 1928
11301 MOVE                 R102 <- R101  ; line 1928
11302 HOST_CALL            a=103 b=22 c=102 imm=1  ; line 1928
11303 MOVE                 R104 <- R103  ; line 1928
11304 LOAD_CONST           R105 constant[2285]  ; line 1929
11305 MOVE                 R106 <- R105  ; line 1929
11306 LOAD_CONST           R107 constant[2286]  ; line 1930
11307 MOVE                 R68 <- R107  ; line 1930
11308 COMPARE              a=68 b=22 c=107 imm=2  ; line 1931
11309 JUMP_IF_FALSE        R107 -> 11325  ; line 1931
11310 MOVE                 R107 <- R100  ; line 1932
11311 MOVE                 R108 <- R68  ; line 1932
11312 HOST_CALL            a=109 b=11 c=107 imm=2  ; line 1932
11313 MOVE                 R110 <- R15  ; line 1932
11314 MOVE                 R111 <- R68  ; line 1932
11315 HOST_CALL            a=112 b=11 c=110 imm=2  ; line 1932
11316 BINARY               a=109 b=112 c=113 imm=1  ; line 1932
11317 MOVE                 R114 <- R113  ; line 1932
11318 BINARY               a=114 b=114 c=115 imm=2  ; line 1933
11319 BINARY               a=106 b=115 c=116 imm=0  ; line 1933
11320 MOVE                 R106 <- R116  ; line 1933
11321 LOAD_CONST           R115 constant[2287]  ; line 1934
11322 BINARY               a=68 b=115 c=116 imm=0  ; line 1934
11323 MOVE                 R68 <- R116  ; line 1934
11324 JUMP                 -> 11308  ; line 1934
11325 BINARY               a=106 b=22 c=115 imm=3  ; line 1936
11326 MOVE                 R106 <- R115  ; line 1936
11327 LOAD_CONST           R115 constant[2288]  ; line 1937
11328 MOVE                 R68 <- R115  ; line 1937
11329 COMPARE              a=68 b=22 c=115 imm=2  ; line 1938
11330 JUMP_IF_FALSE        R115 -> 11353  ; line 1938
11331 MOVE                 R115 <- R106  ; line 1939
11332 LOAD_CONST           R116 constant[2289]  ; line 1940
11333 COMPARE              a=2 b=116 c=117 imm=0  ; line 1940
11334 JUMP_IF_FALSE        R117 -> 11346  ; line 1940
11335 MOVE                 R116 <- R100  ; line 1940
11336 MOVE                 R117 <- R68  ; line 1940
11337 HOST_CALL            a=118 b=11 c=116 imm=2  ; line 1940
11338 LOAD_CONST           R119 constant[2290]  ; line 1940
11339 MOVE                 R120 <- R100  ; line 1940
11340 MOVE                 R121 <- R68  ; line 1940
11341 HOST_CALL            a=122 b=11 c=120 imm=2  ; line 1940
11342 BINARY               a=119 b=122 c=123 imm=1  ; line 1940
11343 BINARY               a=118 b=123 c=124 imm=2  ; line 1940
11344 MOVE                 R115 <- R124  ; line 1940
11345 JUMP                 -> 11346  ; line 1940
11346 MOVE                 R116 <- R104  ; line 1941
11347 MOVE                 R117 <- R115  ; line 1941
11348 HOST_CALL            a=118 b=23 c=116 imm=2  ; line 1941
11349 LOAD_CONST           R116 constant[2291]  ; line 1942
11350 BINARY               a=68 b=116 c=117 imm=0  ; line 1942
11351 MOVE                 R68 <- R117  ; line 1942
11352 JUMP                 -> 11329  ; line 1942
11353 LOAD_CONST           R116 constant[2292]  ; line 1944
11354 MOVE                 R117 <- R116  ; line 1944
11355 LOAD_CONST           R118 constant[2293]  ; line 1945
11356 COMPARE              a=2 b=118 c=119 imm=0  ; line 1945
11357 JUMP_IF_FALSE        R119 -> 11361  ; line 1945
11358 LOAD_CONST           R118 constant[2294]  ; line 1945
11359 MOVE                 R117 <- R118  ; line 1945
11360 JUMP                 -> 11361  ; line 1945
11361 LOAD_CONST           R118 constant[2295]  ; line 1946
11362 LOAD_CONST           R119 constant[2296]  ; line 1946
11363 LOAD_CONST           R120 constant[2297]  ; line 1946
11364 LOAD_CONST           R121 constant[2298]  ; line 1946
11365 LOAD_CONST           R122 constant[2299]  ; line 1946
11366 LOAD_CONST           R123 constant[2300]  ; line 1946
11367 LOAD_CONST           R124 constant[2301]  ; line 1946
11368 LOAD_CONST           R125 constant[2302]  ; line 1946
11369 LOAD_CONST           R126 constant[2303]  ; line 1946
11370 LOAD_CONST           R127 constant[2304]  ; line 1946
11371 MOVE                 R128 <- R123  ; line 1946
11372 MOVE                 R129 <- R62  ; line 1946
11373 MOVE                 R130 <- R124  ; line 1946
11374 MOVE                 R131 <- R72  ; line 1946
11375 MOVE                 R132 <- R125  ; line 1946
11376 MOVE                 R133 <- R43  ; line 1946
11377 MOVE                 R134 <- R126  ; line 1946
11378 MOVE                 R135 <- R50  ; line 1946
11379 MOVE                 R136 <- R127  ; line 1946
11380 MOVE                 R137 <- R57  ; line 1946
11381 HOST_CALL            a=138 b=6 c=128 imm=10  ; line 1946
11382 LOAD_CONST           R139 constant[2305]  ; line 1946
11383 LOAD_CONST           R140 constant[2306]  ; line 1946
11384 MOVE                 R141 <- R140  ; line 1946
11385 MOVE                 R142 <- R106  ; line 1946
11386 HOST_CALL            a=143 b=6 c=141 imm=2  ; line 1946
11387 LOAD_CONST           R144 constant[2307]  ; line 1946
11388 ARRAY_NEW            a=145 b=145 c=0 imm=4294967295  ; line 1946
11389 LOAD_CONST           R146 constant[2308]  ; line 1946
11390 LOAD_CONST           R147 constant[2309]  ; line 1946
11391 LOAD_CONST           R148 constant[2310]  ; line 1946
11392 LOAD_CONST           R149 constant[2311]  ; line 1946
11393 MOVE                 R150 <- R147  ; line 1946
11394 MOVE                 R151 <- R36  ; line 1946
11395 MOVE                 R152 <- R148  ; line 1946
11396 MOVE                 R153 <- R50  ; line 1946
11397 MOVE                 R154 <- R149  ; line 1946
11398 MOVE                 R155 <- R57  ; line 1946
11399 HOST_CALL            a=156 b=6 c=150 imm=6  ; line 1946
11400 LOAD_CONST           R157 constant[2312]  ; line 1946
11401 LOAD_CONST           R158 constant[2313]  ; line 1946
11402 LOAD_CONST           R159 constant[2314]  ; line 1946
11403 MOVE                 R160 <- R10  ; line 1946
11404 HOST_CALL            a=161 b=60 c=160 imm=1  ; line 1946
11405 LOAD_CONST           R162 constant[2315]  ; line 1946
11406 LOAD_CONST           R163 constant[2316]  ; line 1946
11407 MOVE                 R164 <- R118  ; line 1946
11408 MOVE                 R165 <- R119  ; line 1946
11409 MOVE                 R166 <- R120  ; line 1946
11410 MOVE                 R167 <- R117  ; line 1946
11411 MOVE                 R168 <- R121  ; line 1946
11412 MOVE                 R169 <- R2  ; line 1946
11413 MOVE                 R170 <- R122  ; line 1946
11414 MOVE                 R171 <- R138  ; line 1946
11415 MOVE                 R172 <- R139  ; line 1946
11416 MOVE                 R173 <- R143  ; line 1946
11417 MOVE                 R174 <- R144  ; line 1946
11418 MOVE                 R175 <- R145  ; line 1946
11419 MOVE                 R176 <- R146  ; line 1946
11420 MOVE                 R177 <- R156  ; line 1946
11421 MOVE                 R178 <- R157  ; line 1946
11422 MOVE                 R179 <- R158  ; line 1946
11423 MOVE                 R180 <- R159  ; line 1946
11424 MOVE                 R181 <- R161  ; line 1946
11425 MOVE                 R182 <- R162  ; line 1946
11426 MOVE                 R183 <- R163  ; line 1946
11427 HOST_CALL            a=184 b=6 c=164 imm=20  ; line 1946
11428 MOVE                 R185 <- R184  ; line 1946
11429 MOVE                 R186 <- R100  ; line 1952
11430 HOST_CALL            a=187 b=72 c=186 imm=1  ; line 1952
11431 MOVE                 R188 <- R104  ; line 1952
11432 HOST_CALL            a=189 b=72 c=188 imm=1  ; line 1952
11433 LOAD_CONST           R190 constant[2317]  ; line 1952
11434 LOAD_CONST           R191 constant[2318]  ; line 1952
11435 MOVE                 R192 <- R190  ; line 1952
11436 MOVE                 R193 <- R106  ; line 1952
11437 MOVE                 R194 <- R191  ; line 1952
11438 MOVE                 R195 <- R22  ; line 1952
11439 HOST_CALL            a=196 b=6 c=192 imm=4  ; line 1952
11440 LOAD_CONST           R197 constant[2319]  ; line 1952
11441 LOAD_CONST           R198 constant[2320]  ; line 1952
11442 LOAD_CONST           R199 constant[2321]  ; line 1952
11443 MOVE                 R200 <- R198  ; line 1952
11444 MOVE                 R201 <- R199  ; line 1952
11445 ARRAY_NEW            a=202 b=200 c=2 imm=4294967295  ; line 1952
11446 MOVE                 R203 <- R185  ; line 1952
11447 MOVE                 R204 <- R187  ; line 1952
11448 MOVE                 R205 <- R189  ; line 1952
11449 MOVE                 R206 <- R196  ; line 1952
11450 MOVE                 R207 <- R197  ; line 1952
11451 MOVE                 R208 <- R202  ; line 1952
11452 CALL                 a=209 b=68 c=203 imm=6  ; line 1952
11453 RETURN               R209  ; line 1952
11454 LOAD_CONST           R210 constant[2322]  ; line 1952
11455 RETURN               R210  ; line 1952
11456 MOVE                 R2 <- R0  ; line 1958
11457 HOST_CALL            a=3 b=86 c=2 imm=1  ; line 1958
11458 LOAD_CONST           R4 constant[2323]  ; line 1958
11459 COMPARE              a=3 b=4 c=5 imm=1  ; line 1958
11460 JUMP_IF_FALSE        R5 -> 11470  ; line 1958
11461 LOAD_CONST           R2 constant[2324]  ; line 1958
11462 LOAD_CONST           R3 constant[2325]  ; line 1958
11463 LOAD_CONST           R4 constant[2326]  ; line 1958
11464 MOVE                 R5 <- R2  ; line 1958
11465 MOVE                 R6 <- R3  ; line 1958
11466 MOVE                 R7 <- R4  ; line 1958
11467 CALL                 a=8 b=53 c=5 imm=3  ; line 1958
11468 RETURN               R8  ; line 1958
11469 JUMP                 -> 11470  ; line 1958
11470 LOAD_CONST           R2 constant[2327]  ; line 1959
11471 LOAD_CONST           R3 constant[2328]  ; line 1959
11472 MOVE                 R4 <- R1  ; line 1959
11473 MOVE                 R5 <- R2  ; line 1959
11474 MOVE                 R6 <- R3  ; line 1959
11475 CALL                 a=7 b=54 c=4 imm=3  ; line 1959
11476 MOVE                 R8 <- R7  ; line 1959
11477 LOAD_CONST           R9 constant[2329]  ; line 1960
11478 COMPARE              a=8 b=9 c=10 imm=1  ; line 1960
11479 JUMP_IF_FALSE        R10 -> 11497  ; line 1960
11480 LOAD_CONST           R9 constant[2330]  ; line 1961
11481 COMPARE              a=8 b=9 c=10 imm=1  ; line 1961
11482 JUMP_IF_FALSE        R10 -> 11496  ; line 1961
11483 LOAD_CONST           R9 constant[2331]  ; line 1962
11484 COMPARE              a=8 b=9 c=10 imm=1  ; line 1962
11485 JUMP_IF_FALSE        R10 -> 11495  ; line 1962
11486 LOAD_CONST           R9 constant[2332]  ; line 1962
11487 LOAD_CONST           R10 constant[2333]  ; line 1962
11488 LOAD_CONST           R11 constant[2334]  ; line 1962
11489 MOVE                 R12 <- R9  ; line 1962
11490 MOVE                 R13 <- R10  ; line 1962
11491 MOVE                 R14 <- R11  ; line 1962
11492 CALL                 a=15 b=53 c=12 imm=3  ; line 1962
11493 RETURN               R15  ; line 1962
11494 JUMP                 -> 11495  ; line 1962
11495 JUMP                 -> 11496  ; line 1962
11496 JUMP                 -> 11497  ; line 1962
11497 LOAD_CONST           R9 constant[2335]  ; line 1965
11498 MOVE                 R10 <- R9  ; line 1965
11499 HOST_CALL            a=11 b=22 c=10 imm=1  ; line 1965
11500 MOVE                 R12 <- R11  ; line 1965
11501 LOAD_CONST           R13 constant[2336]  ; line 1966
11502 MOVE                 R14 <- R13  ; line 1966
11503 HOST_CALL            a=15 b=22 c=14 imm=1  ; line 1966
11504 MOVE                 R16 <- R15  ; line 1966
11505 LOAD_CONST           R17 constant[2337]  ; line 1967
11506 MOVE                 R18 <- R17  ; line 1967
11507 LOAD_CONST           R19 constant[2338]  ; line 1968
11508 MOVE                 R20 <- R19  ; line 1968
11509 LOAD_CONST           R21 constant[2339]  ; line 1969
11510 MOVE                 R22 <- R0  ; line 1969
11511 MOVE                 R23 <- R21  ; line 1969
11512 HOST_CALL            a=24 b=7 c=22 imm=2  ; line 1969
11513 JUMP_IF_FALSE        R24 -> 11587  ; line 1969
11514 LOAD_CONST           R21 constant[2340]  ; line 1970
11515 MOVE                 R22 <- R1  ; line 1970
11516 MOVE                 R23 <- R21  ; line 1970
11517 HOST_CALL            a=24 b=7 c=22 imm=2  ; line 1970
11518 UNARY                a=24 b=25 c=4294967295 imm=1  ; line 1970
11519 JUMP_IF_FALSE        R25 -> 11529  ; line 1970
11520 LOAD_CONST           R21 constant[2341]  ; line 1970
11521 LOAD_CONST           R22 constant[2342]  ; line 1970
11522 LOAD_CONST           R23 constant[2343]  ; line 1970
11523 MOVE                 R24 <- R21  ; line 1970
11524 MOVE                 R25 <- R22  ; line 1970
11525 MOVE                 R26 <- R23  ; line 1970
11526 CALL                 a=27 b=53 c=24 imm=3  ; line 1970
11527 RETURN               R27  ; line 1970
11528 JUMP                 -> 11529  ; line 1970
11529 LOAD_CONST           R21 constant[2344]  ; line 1971
11530 MOVE                 R22 <- R1  ; line 1971
11531 MOVE                 R23 <- R21  ; line 1971
11532 HOST_CALL            a=24 b=11 c=22 imm=2  ; line 1971
11533 MOVE                 R20 <- R24  ; line 1971
11534 LOAD_CONST           R21 constant[2345]  ; line 1972
11535 COMPARE              a=20 b=21 c=22 imm=3  ; line 1972
11536 JUMP_IF_FALSE        R22 -> 11546  ; line 1972
11537 LOAD_CONST           R21 constant[2346]  ; line 1972
11538 LOAD_CONST           R22 constant[2347]  ; line 1972
11539 LOAD_CONST           R23 constant[2348]  ; line 1972
11540 MOVE                 R24 <- R21  ; line 1972
11541 MOVE                 R25 <- R22  ; line 1972
11542 MOVE                 R26 <- R23  ; line 1972
11543 CALL                 a=27 b=53 c=24 imm=3  ; line 1972
11544 RETURN               R27  ; line 1972
11545 JUMP                 -> 11546  ; line 1972
11546 LOAD_CONST           R21 constant[2349]  ; line 1973
11547 MOVE                 R22 <- R0  ; line 1973
11548 MOVE                 R23 <- R21  ; line 1973
11549 HOST_CALL            a=24 b=11 c=22 imm=2  ; line 1973
11550 MOVE                 R25 <- R24  ; line 1973
11551 CALL                 a=26 b=62 c=25 imm=1  ; line 1973
11552 MOVE                 R18 <- R26  ; line 1973
11553 LOAD_CONST           R21 constant[2350]  ; line 1974
11554 MOVE                 R22 <- R21  ; line 1974
11555 COMPARE              a=22 b=18 c=23 imm=2  ; line 1975
11556 JUMP_IF_FALSE        R23 -> 11586  ; line 1975
11557 LOAD_CONST           R23 constant[2351]  ; line 1976
11558 MOVE                 R24 <- R0  ; line 1976
11559 MOVE                 R25 <- R23  ; line 1976
11560 HOST_CALL            a=26 b=11 c=24 imm=2  ; line 1976
11561 MOVE                 R27 <- R26  ; line 1976
11562 MOVE                 R28 <- R22  ; line 1976
11563 HOST_CALL            a=29 b=11 c=27 imm=2  ; line 1976
11564 MOVE                 R30 <- R29  ; line 1976
11565 CALL                 a=31 b=56 c=30 imm=1  ; line 1976
11566 COMPARE              a=31 b=20 c=32 imm=5  ; line 1976
11567 JUMP_IF_FALSE        R32 -> 11582  ; line 1976
11568 MOVE                 R23 <- R16  ; line 1977
11569 MOVE                 R24 <- R22  ; line 1977
11570 HOST_CALL            a=25 b=23 c=23 imm=2  ; line 1977
11571 LOAD_CONST           R23 constant[2352]  ; line 1978
11572 MOVE                 R24 <- R0  ; line 1978
11573 MOVE                 R25 <- R23  ; line 1978
11574 HOST_CALL            a=26 b=11 c=24 imm=2  ; line 1978
11575 MOVE                 R27 <- R26  ; line 1978
11576 MOVE                 R28 <- R22  ; line 1978
11577 HOST_CALL            a=29 b=11 c=27 imm=2  ; line 1978
11578 MOVE                 R30 <- R12  ; line 1978
11579 MOVE                 R31 <- R29  ; line 1978
11580 HOST_CALL            a=32 b=23 c=30 imm=2  ; line 1978
11581 JUMP                 -> 11582  ; line 1978
11582 LOAD_CONST           R23 constant[2353]  ; line 1980
11583 BINARY               a=22 b=23 c=24 imm=0  ; line 1980
11584 MOVE                 R22 <- R24  ; line 1980
11585 JUMP                 -> 11555  ; line 1980
11586 JUMP                 -> 11675  ; line 1980
11587 LOAD_CONST           R23 constant[2354]  ; line 1983
11588 MOVE                 R24 <- R0  ; line 1983
11589 MOVE                 R25 <- R23  ; line 1983
11590 HOST_CALL            a=26 b=7 c=24 imm=2  ; line 1983
11591 UNARY                a=26 b=27 c=4294967295 imm=1  ; line 1983
11592 JUMP_IF_FALSE        R27 -> 11602  ; line 1983
11593 LOAD_CONST           R23 constant[2355]  ; line 1983
11594 LOAD_CONST           R24 constant[2356]  ; line 1983
11595 LOAD_CONST           R25 constant[2357]  ; line 1983
11596 MOVE                 R26 <- R23  ; line 1983
11597 MOVE                 R27 <- R24  ; line 1983
11598 MOVE                 R28 <- R25  ; line 1983
11599 CALL                 a=29 b=53 c=26 imm=3  ; line 1983
11600 RETURN               R29  ; line 1983
11601 JUMP                 -> 11602  ; line 1983
11602 LOAD_CONST           R23 constant[2358]  ; line 1984
11603 MOVE                 R24 <- R0  ; line 1984
11604 MOVE                 R25 <- R23  ; line 1984
11605 HOST_CALL            a=26 b=7 c=24 imm=2  ; line 1984
11606 UNARY                a=26 b=27 c=4294967295 imm=1  ; line 1984
11607 JUMP_IF_FALSE        R27 -> 11617  ; line 1984
11608 LOAD_CONST           R23 constant[2359]  ; line 1984
11609 LOAD_CONST           R24 constant[2360]  ; line 1984
11610 LOAD_CONST           R25 constant[2361]  ; line 1984
11611 MOVE                 R26 <- R23  ; line 1984
11612 MOVE                 R27 <- R24  ; line 1984
11613 MOVE                 R28 <- R25  ; line 1984
11614 CALL                 a=29 b=53 c=26 imm=3  ; line 1984
11615 RETURN               R29  ; line 1984
11616 JUMP                 -> 11617  ; line 1984
11617 LOAD_CONST           R23 constant[2362]  ; line 1985
11618 MOVE                 R24 <- R0  ; line 1985
11619 MOVE                 R25 <- R23  ; line 1985
11620 HOST_CALL            a=26 b=11 c=24 imm=2  ; line 1985
11621 MOVE                 R27 <- R26  ; line 1985
11622 CALL                 a=28 b=62 c=27 imm=1  ; line 1985
11623 MOVE                 R29 <- R28  ; line 1985
11624 LOAD_CONST           R30 constant[2363]  ; line 1986
11625 MOVE                 R31 <- R0  ; line 1986
11626 MOVE                 R32 <- R30  ; line 1986
11627 HOST_CALL            a=33 b=11 c=31 imm=2  ; line 1986
11628 MOVE                 R34 <- R33  ; line 1986
11629 CALL                 a=35 b=62 c=34 imm=1  ; line 1986
11630 COMPARE              a=29 b=35 c=36 imm=1  ; line 1986
11631 JUMP_IF_FALSE        R36 -> 11641  ; line 1986
11632 LOAD_CONST           R30 constant[2364]  ; line 1986
11633 LOAD_CONST           R31 constant[2365]  ; line 1986
11634 LOAD_CONST           R32 constant[2366]  ; line 1986
11635 MOVE                 R33 <- R30  ; line 1986
11636 MOVE                 R34 <- R31  ; line 1986
11637 MOVE                 R35 <- R32  ; line 1986
11638 CALL                 a=36 b=53 c=33 imm=3  ; line 1986
11639 RETURN               R36  ; line 1986
11640 JUMP                 -> 11641  ; line 1986
11641 LOAD_CONST           R30 constant[2367]  ; line 1987
11642 MOVE                 R31 <- R30  ; line 1987
11643 COMPARE              a=31 b=29 c=32 imm=2  ; line 1988
11644 JUMP_IF_FALSE        R32 -> 11669  ; line 1988
11645 LOAD_CONST           R32 constant[2368]  ; line 1989
11646 MOVE                 R33 <- R0  ; line 1989
11647 MOVE                 R34 <- R32  ; line 1989
11648 HOST_CALL            a=35 b=11 c=33 imm=2  ; line 1989
11649 MOVE                 R36 <- R35  ; line 1989
11650 MOVE                 R37 <- R31  ; line 1989
11651 HOST_CALL            a=38 b=11 c=36 imm=2  ; line 1989
11652 MOVE                 R39 <- R16  ; line 1989
11653 MOVE                 R40 <- R38  ; line 1989
11654 HOST_CALL            a=41 b=23 c=39 imm=2  ; line 1989
11655 LOAD_CONST           R32 constant[2369]  ; line 1990
11656 MOVE                 R33 <- R0  ; line 1990
11657 MOVE                 R34 <- R32  ; line 1990
11658 HOST_CALL            a=35 b=11 c=33 imm=2  ; line 1990
11659 MOVE                 R36 <- R35  ; line 1990
11660 MOVE                 R37 <- R31  ; line 1990
11661 HOST_CALL            a=38 b=11 c=36 imm=2  ; line 1990
11662 MOVE                 R39 <- R12  ; line 1990
11663 MOVE                 R40 <- R38  ; line 1990
11664 HOST_CALL            a=41 b=23 c=39 imm=2  ; line 1990
11665 LOAD_CONST           R32 constant[2370]  ; line 1991
11666 BINARY               a=31 b=32 c=33 imm=0  ; line 1991
11667 MOVE                 R31 <- R33  ; line 1991
11668 JUMP                 -> 11643  ; line 1991
11669 LOAD_CONST           R32 constant[2371]  ; line 1993
11670 MOVE                 R33 <- R1  ; line 1993
11671 MOVE                 R34 <- R32  ; line 1993
11672 MOVE                 R35 <- R29  ; line 1993
11673 CALL                 a=36 b=54 c=33 imm=3  ; line 1993
11674 MOVE                 R18 <- R36  ; line 1993
11675 LOAD_CONST           R32 constant[2372]  ; line 1995
11676 COMPARE              a=18 b=32 c=33 imm=2  ; line 1995
11677 JUMP_IF_FALSE        R33 -> 11687  ; line 1995
11678 LOAD_CONST           R32 constant[2373]  ; line 1995
11679 LOAD_CONST           R33 constant[2374]  ; line 1995
11680 LOAD_CONST           R34 constant[2375]  ; line 1995
11681 MOVE                 R35 <- R32  ; line 1995
11682 MOVE                 R36 <- R33  ; line 1995
11683 MOVE                 R37 <- R34  ; line 1995
11684 CALL                 a=38 b=53 c=35 imm=3  ; line 1995
11685 RETURN               R38  ; line 1995
11686 JUMP                 -> 11687  ; line 1995
11687 MOVE                 R32 <- R12  ; line 1996
11688 HOST_CALL            a=33 b=26 c=32 imm=1  ; line 1996
11689 MOVE                 R34 <- R33  ; line 1996
11690 LOAD_CONST           R35 constant[2376]  ; line 1997
11691 COMPARE              a=34 b=35 c=36 imm=0  ; line 1997
11692 JUMP_IF_FALSE        R36 -> 11702  ; line 1997
11693 LOAD_CONST           R35 constant[2377]  ; line 1997
11694 LOAD_CONST           R36 constant[2378]  ; line 1997
11695 LOAD_CONST           R37 constant[2379]  ; line 1997
11696 MOVE                 R38 <- R35  ; line 1997
11697 MOVE                 R39 <- R36  ; line 1997
11698 MOVE                 R40 <- R37  ; line 1997
11699 CALL                 a=41 b=53 c=38 imm=3  ; line 1997
11700 RETURN               R41  ; line 1997
11701 JUMP                 -> 11702  ; line 1997
11702 LOAD_CONST           R35 constant[2380]  ; line 1998
11703 MOVE                 R36 <- R35  ; line 1998
11704 LOAD_CONST           R37 constant[2381]  ; line 1999
11705 MOVE                 R38 <- R37  ; line 1999
11706 LOAD_CONST           R39 constant[2382]  ; line 2000
11707 MOVE                 R40 <- R39  ; line 2000
11708 LOAD_CONST           R41 constant[2383]  ; line 2001
11709 MOVE                 R42 <- R41  ; line 2001
11710 LOAD_CONST           R43 constant[2384]  ; line 2002
11711 MOVE                 R44 <- R43  ; line 2002
11712 LOAD_CONST           R45 constant[2385]  ; line 2003
11713 MOVE                 R46 <- R45  ; line 2003
11714 COMPARE              a=46 b=34 c=47 imm=2  ; line 2004
11715 JUMP_IF_FALSE        R47 -> 11768  ; line 2004
11716 MOVE                 R47 <- R12  ; line 2005
11717 MOVE                 R48 <- R46  ; line 2005
11718 HOST_CALL            a=49 b=11 c=47 imm=2  ; line 2005
11719 LOAD_CONST           R50 constant[2386]  ; line 2005
11720 COMPARE              a=49 b=50 c=51 imm=5  ; line 2005
11721 JUMP_IF_FALSE        R51 -> 11731  ; line 2005
11722 MOVE                 R47 <- R12  ; line 2006
11723 MOVE                 R48 <- R46  ; line 2006
11724 HOST_CALL            a=49 b=11 c=47 imm=2  ; line 2006
11725 BINARY               a=36 b=49 c=50 imm=0  ; line 2006
11726 MOVE                 R36 <- R50  ; line 2006
11727 LOAD_CONST           R47 constant[2387]  ; line 2007
11728 BINARY               a=40 b=47 c=48 imm=0  ; line 2007
11729 MOVE                 R40 <- R48  ; line 2007
11730 JUMP                 -> 11739  ; line 2007
11731 MOVE                 R47 <- R12  ; line 2009
11732 MOVE                 R48 <- R46  ; line 2009
11733 HOST_CALL            a=49 b=11 c=47 imm=2  ; line 2009
11734 BINARY               a=38 b=49 c=50 imm=1  ; line 2009
11735 MOVE                 R38 <- R50  ; line 2009
11736 LOAD_CONST           R47 constant[2388]  ; line 2010
11737 BINARY               a=42 b=47 c=48 imm=0  ; line 2010
11738 MOVE                 R42 <- R48  ; line 2010
11739 LOAD_CONST           R47 constant[2389]  ; line 2012
11740 COMPARE              a=46 b=47 c=48 imm=4  ; line 2012
11741 JUMP_IF_FALSE        R48 -> 11764  ; line 2012
11742 MOVE                 R47 <- R16  ; line 2013
11743 MOVE                 R48 <- R46  ; line 2013
11744 HOST_CALL            a=49 b=11 c=47 imm=2  ; line 2013
11745 LOAD_CONST           R50 constant[2390]  ; line 2013
11746 BINARY               a=46 b=50 c=51 imm=1  ; line 2013
11747 MOVE                 R52 <- R16  ; line 2013
11748 MOVE                 R53 <- R51  ; line 2013
11749 HOST_CALL            a=54 b=11 c=52 imm=2  ; line 2013
11750 BINARY               a=49 b=54 c=55 imm=1  ; line 2013
11751 LOAD_CONST           R56 constant[2391]  ; line 2013
11752 LOAD_CONST           R57 constant[2392]  ; line 2013
11753 MOVE                 R58 <- R1  ; line 2013
11754 MOVE                 R59 <- R56  ; line 2013
11755 MOVE                 R60 <- R57  ; line 2013
11756 CALL                 a=61 b=54 c=58 imm=3  ; line 2013
11757 COMPARE              a=55 b=61 c=62 imm=3  ; line 2013
11758 JUMP_IF_FALSE        R62 -> 11763  ; line 2013
11759 LOAD_CONST           R47 constant[2393]  ; line 2014
11760 BINARY               a=44 b=47 c=48 imm=0  ; line 2014
11761 MOVE                 R44 <- R48  ; line 2014
11762 JUMP                 -> 11763  ; line 2014
11763 JUMP                 -> 11764  ; line 2014
11764 LOAD_CONST           R47 constant[2394]  ; line 2017
11765 BINARY               a=46 b=47 c=48 imm=0  ; line 2017
11766 MOVE                 R46 <- R48  ; line 2017
11767 JUMP                 -> 11714  ; line 2017
11768 BINARY               a=40 b=34 c=47 imm=3  ; line 2019
11769 MOVE                 R48 <- R47  ; line 2019
11770 LOAD_CONST           R49 constant[2395]  ; line 2020
11771 MOVE                 R50 <- R49  ; line 2020
11772 LOAD_CONST           R51 constant[2396]  ; line 2021
11773 MOVE                 R52 <- R51  ; line 2021
11774 LOAD_CONST           R53 constant[2397]  ; line 2022
11775 COMPARE              a=40 b=53 c=54 imm=4  ; line 2022
11776 JUMP_IF_FALSE        R54 -> 11780  ; line 2022
11777 BINARY               a=36 b=40 c=53 imm=3  ; line 2022
11778 MOVE                 R50 <- R53  ; line 2022
11779 JUMP                 -> 11780  ; line 2022
11780 LOAD_CONST           R53 constant[2398]  ; line 2023
11781 COMPARE              a=42 b=53 c=54 imm=4  ; line 2023
11782 JUMP_IF_FALSE        R54 -> 11786  ; line 2023
11783 BINARY               a=38 b=42 c=53 imm=3  ; line 2023
11784 MOVE                 R52 <- R53  ; line 2023
11785 JUMP                 -> 11786  ; line 2023
11786 BINARY               a=34 b=18 c=53 imm=3  ; line 2024
11787 MOVE                 R54 <- R53  ; line 2024
11788 LOAD_CONST           R55 constant[2399]  ; line 2025
11789 MOVE                 R56 <- R55  ; line 2025
11790 LOAD_CONST           R57 constant[2400]  ; line 2026
11791 COMPARE              a=34 b=57 c=58 imm=4  ; line 2026
11792 JUMP_IF_FALSE        R58 -> 11798  ; line 2026
11793 LOAD_CONST           R57 constant[2401]  ; line 2026
11794 BINARY               a=34 b=57 c=58 imm=1  ; line 2026
11795 BINARY               a=44 b=58 c=59 imm=3  ; line 2026
11796 MOVE                 R56 <- R59  ; line 2026
11797 JUMP                 -> 11798  ; line 2026
11798 LOAD_CONST           R57 constant[2402]  ; line 2027
11799 COMPARE              a=8 b=57 c=58 imm=0  ; line 2027
11800 JUMP_IF_FALSE        R58 -> 11804  ; line 2027
11801 LOAD_CONST           R57 constant[2403]  ; line 2027
11802 MOVE                 R56 <- R57  ; line 2027
11803 JUMP                 -> 11804  ; line 2027
11804 LOAD_CONST           R57 constant[2404]  ; line 2028
11805 MOVE                 R58 <- R57  ; line 2028
11806 HOST_CALL            a=59 b=22 c=58 imm=1  ; line 2028
11807 MOVE                 R60 <- R59  ; line 2028
11808 LOAD_CONST           R61 constant[2405]  ; line 2029
11809 MOVE                 R62 <- R61  ; line 2029
11810 HOST_CALL            a=63 b=22 c=62 imm=1  ; line 2029
11811 MOVE                 R64 <- R63  ; line 2029
11812 LOAD_CONST           R65 constant[2406]  ; line 2030
11813 MOVE                 R46 <- R65  ; line 2030
11814 COMPARE              a=46 b=18 c=65 imm=2  ; line 2031
11815 JUMP_IF_FALSE        R65 -> 11863  ; line 2031
11816 MOVE                 R65 <- R54  ; line 2032
11817 LOAD_CONST           R66 constant[2407]  ; line 2033
11818 COMPARE              a=8 b=66 c=67 imm=1  ; line 2033
11819 JUMP_IF_FALSE        R67 -> 11845  ; line 2033
11820 LOAD_CONST           R66 constant[2408]  ; line 2034
11821 MOVE                 R67 <- R66  ; line 2034
11822 COMPARE              a=67 b=34 c=68 imm=2  ; line 2035
11823 JUMP_IF_FALSE        R68 -> 11844  ; line 2035
11824 MOVE                 R68 <- R16  ; line 2036
11825 MOVE                 R69 <- R67  ; line 2036
11826 HOST_CALL            a=70 b=11 c=68 imm=2  ; line 2036
11827 COMPARE              a=70 b=46 c=71 imm=2  ; line 2036
11828 JUMP_IF_FALSE        R71 -> 11840  ; line 2036
11829 MOVE                 R68 <- R16  ; line 2037
11830 MOVE                 R69 <- R67  ; line 2037
11831 HOST_CALL            a=70 b=11 c=68 imm=2  ; line 2037
11832 BINARY               a=46 b=70 c=71 imm=1  ; line 2037
11833 UNARY                a=71 b=72 c=4294967295 imm=0  ; line 2037
11834 MOVE                 R73 <- R72  ; line 2037
11835 CALL                 a=74 b=58 c=73 imm=1  ; line 2037
11836 BINARY               a=56 b=74 c=75 imm=2  ; line 2037
11837 BINARY               a=65 b=75 c=76 imm=0  ; line 2037
11838 MOVE                 R65 <- R76  ; line 2037
11839 JUMP                 -> 11840  ; line 2037
11840 LOAD_CONST           R68 constant[2409]  ; line 2039
11841 BINARY               a=67 b=68 c=69 imm=0  ; line 2039
11842 MOVE                 R67 <- R69  ; line 2039
11843 JUMP                 -> 11822  ; line 2039
11844 JUMP                 -> 11845  ; line 2039
11845 MOVE                 R68 <- R60  ; line 2042
11846 MOVE                 R69 <- R65  ; line 2042
11847 HOST_CALL            a=70 b=23 c=68 imm=2  ; line 2042
11848 BINARY               a=48 b=50 c=68 imm=2  ; line 2043
11849 BINARY               a=68 b=50 c=69 imm=2  ; line 2043
11850 BINARY               a=65 b=69 c=70 imm=0  ; line 2043
11851 LOAD_CONST           R71 constant[2410]  ; line 2043
11852 BINARY               a=71 b=48 c=72 imm=1  ; line 2043
11853 BINARY               a=72 b=52 c=73 imm=2  ; line 2043
11854 BINARY               a=73 b=52 c=74 imm=2  ; line 2043
11855 BINARY               a=70 b=74 c=75 imm=0  ; line 2043
11856 MOVE                 R76 <- R64  ; line 2043
11857 MOVE                 R77 <- R75  ; line 2043
11858 HOST_CALL            a=78 b=23 c=76 imm=2  ; line 2043
11859 LOAD_CONST           R68 constant[2411]  ; line 2044
11860 BINARY               a=46 b=68 c=69 imm=0  ; line 2044
11861 MOVE                 R46 <- R69  ; line 2044
11862 JUMP                 -> 11814  ; line 2044
11863 LOAD_CONST           R68 constant[2412]  ; line 2046
11864 LOAD_CONST           R69 constant[2413]  ; line 2046
11865 LOAD_CONST           R70 constant[2414]  ; line 2046
11866 LOAD_CONST           R71 constant[2415]  ; line 2046
11867 LOAD_CONST           R72 constant[2416]  ; line 2046
11868 LOAD_CONST           R73 constant[2417]  ; line 2046
11869 LOAD_CONST           R74 constant[2418]  ; line 2046
11870 LOAD_CONST           R75 constant[2419]  ; line 2046
11871 LOAD_CONST           R76 constant[2420]  ; line 2046
11872 LOAD_CONST           R77 constant[2421]  ; line 2046
11873 LOAD_CONST           R78 constant[2422]  ; line 2046
11874 LOAD_CONST           R79 constant[2423]  ; line 2046
11875 LOAD_CONST           R80 constant[2424]  ; line 2046
11876 LOAD_CONST           R81 constant[2425]  ; line 2046
11877 MOVE                 R82 <- R75  ; line 2046
11878 MOVE                 R83 <- R8  ; line 2046
11879 MOVE                 R84 <- R76  ; line 2046
11880 MOVE                 R85 <- R54  ; line 2046
11881 MOVE                 R86 <- R77  ; line 2046
11882 MOVE                 R87 <- R56  ; line 2046
11883 MOVE                 R88 <- R78  ; line 2046
11884 MOVE                 R89 <- R48  ; line 2046
11885 MOVE                 R90 <- R79  ; line 2046
11886 MOVE                 R91 <- R50  ; line 2046
11887 MOVE                 R92 <- R80  ; line 2046
11888 MOVE                 R93 <- R52  ; line 2046
11889 MOVE                 R94 <- R81  ; line 2046
11890 MOVE                 R95 <- R20  ; line 2046
11891 HOST_CALL            a=96 b=6 c=82 imm=14  ; line 2046
11892 LOAD_CONST           R97 constant[2426]  ; line 2046
11893 LOAD_CONST           R98 constant[2427]  ; line 2046
11894 LOAD_CONST           R99 constant[2428]  ; line 2046
11895 MOVE                 R100 <- R98  ; line 2046
11896 MOVE                 R101 <- R99  ; line 2046
11897 HOST_CALL            a=102 b=6 c=100 imm=2  ; line 2046
11898 LOAD_CONST           R103 constant[2429]  ; line 2046
11899 ARRAY_NEW            a=104 b=104 c=0 imm=4294967295  ; line 2046
11900 LOAD_CONST           R105 constant[2430]  ; line 2046
11901 LOAD_CONST           R106 constant[2431]  ; line 2046
11902 LOAD_CONST           R107 constant[2432]  ; line 2046
11903 MOVE                 R108 <- R106  ; line 2046
11904 MOVE                 R109 <- R34  ; line 2046
11905 MOVE                 R110 <- R107  ; line 2046
11906 MOVE                 R111 <- R18  ; line 2046
11907 HOST_CALL            a=112 b=6 c=108 imm=4  ; line 2046
11908 LOAD_CONST           R113 constant[2433]  ; line 2046
11909 LOAD_CONST           R114 constant[2434]  ; line 2046
11910 LOAD_CONST           R115 constant[2435]  ; line 2046
11911 LOAD_CONST           R116 constant[2436]  ; line 2046
11912 LOAD_CONST           R117 constant[2437]  ; line 2046
11913 LOAD_CONST           R118 constant[2438]  ; line 2046
11914 MOVE                 R119 <- R68  ; line 2046
11915 MOVE                 R120 <- R69  ; line 2046
11916 MOVE                 R121 <- R70  ; line 2046
11917 MOVE                 R122 <- R71  ; line 2046
11918 MOVE                 R123 <- R72  ; line 2046
11919 MOVE                 R124 <- R73  ; line 2046
11920 MOVE                 R125 <- R74  ; line 2046
11921 MOVE                 R126 <- R96  ; line 2046
11922 MOVE                 R127 <- R97  ; line 2046
11923 MOVE                 R128 <- R102  ; line 2046
11924 MOVE                 R129 <- R103  ; line 2046
11925 MOVE                 R130 <- R104  ; line 2046
11926 MOVE                 R131 <- R105  ; line 2046
11927 MOVE                 R132 <- R112  ; line 2046
11928 MOVE                 R133 <- R113  ; line 2046
11929 MOVE                 R134 <- R114  ; line 2046
11930 MOVE                 R135 <- R115  ; line 2046
11931 MOVE                 R136 <- R116  ; line 2046
11932 MOVE                 R137 <- R117  ; line 2046
11933 MOVE                 R138 <- R118  ; line 2046
11934 HOST_CALL            a=139 b=6 c=119 imm=20  ; line 2046
11935 MOVE                 R140 <- R139  ; line 2046
11936 MOVE                 R141 <- R60  ; line 2051
11937 HOST_CALL            a=142 b=72 c=141 imm=1  ; line 2051
11938 MOVE                 R143 <- R64  ; line 2051
11939 HOST_CALL            a=144 b=72 c=143 imm=1  ; line 2051
11940 LOAD_CONST           R145 constant[2439]  ; line 2051
11941 LOAD_CONST           R146 constant[2440]  ; line 2051
11942 MOVE                 R147 <- R145  ; line 2051
11943 MOVE                 R148 <- R34  ; line 2051
11944 MOVE                 R149 <- R146  ; line 2051
11945 MOVE                 R150 <- R44  ; line 2051
11946 HOST_CALL            a=151 b=6 c=147 imm=4  ; line 2051
11947 LOAD_CONST           R152 constant[2441]  ; line 2051
11948 LOAD_CONST           R153 constant[2442]  ; line 2051
11949 LOAD_CONST           R154 constant[2443]  ; line 2051
11950 MOVE                 R155 <- R153  ; line 2051
11951 MOVE                 R156 <- R154  ; line 2051
11952 ARRAY_NEW            a=157 b=155 c=2 imm=4294967295  ; line 2051
11953 MOVE                 R158 <- R140  ; line 2051
11954 MOVE                 R159 <- R142  ; line 2051
11955 MOVE                 R160 <- R144  ; line 2051
11956 MOVE                 R161 <- R151  ; line 2051
11957 MOVE                 R162 <- R152  ; line 2051
11958 MOVE                 R163 <- R157  ; line 2051
11959 CALL                 a=164 b=68 c=158 imm=6  ; line 2051
11960 RETURN               R164  ; line 2051
11961 LOAD_CONST           R165 constant[2444]  ; line 2051
11962 RETURN               R165  ; line 2051
11963 LOAD_CONST           R1 constant[2445]  ; line 2057
11964 COMPARE              a=0 b=1 c=2 imm=0  ; line 2057
11965 JUMP_IF_FALSE        R2 -> 11969  ; line 2057
11966 LOAD_CONST           R1 constant[2446]  ; line 2057
11967 RETURN               R1  ; line 2057
11968 JUMP                 -> 11969  ; line 2057
11969 LOAD_CONST           R1 constant[2447]  ; line 2058
11970 COMPARE              a=0 b=1 c=2 imm=0  ; line 2058
11971 JUMP_IF_FALSE        R2 -> 11975  ; line 2058
11972 LOAD_CONST           R1 constant[2448]  ; line 2058
11973 RETURN               R1  ; line 2058
11974 JUMP                 -> 11975  ; line 2058
11975 LOAD_CONST           R1 constant[2449]  ; line 2059
11976 COMPARE              a=0 b=1 c=2 imm=0  ; line 2059
11977 JUMP_IF_FALSE        R2 -> 11981  ; line 2059
11978 LOAD_CONST           R1 constant[2450]  ; line 2059
11979 RETURN               R1  ; line 2059
11980 JUMP                 -> 11981  ; line 2059
11981 LOAD_CONST           R1 constant[2451]  ; line 2060
11982 COMPARE              a=0 b=1 c=2 imm=0  ; line 2060
11983 JUMP_IF_FALSE        R2 -> 11987  ; line 2060
11984 LOAD_CONST           R1 constant[2452]  ; line 2060
11985 RETURN               R1  ; line 2060
11986 JUMP                 -> 11987  ; line 2060
11987 LOAD_CONST           R1 constant[2453]  ; line 2061
11988 COMPARE              a=0 b=1 c=2 imm=0  ; line 2061
11989 RETURN               R2  ; line 2061
11990 LOAD_CONST           R3 constant[2454]  ; line 2061
11991 RETURN               R3  ; line 2061
11992 LOAD_CONST           R3 constant[2455]  ; line 2065
11993 COMPARE              a=1 b=3 c=4 imm=0  ; line 2065
11994 JUMP_IF_FALSE        R4 -> 12001  ; line 2065
11995 LOAD_CONST           R3 constant[2456]  ; line 2065
11996 MOVE                 R4 <- R0  ; line 2065
11997 MOVE                 R5 <- R3  ; line 2065
11998 HOST_CALL            a=6 b=166 c=4 imm=2  ; line 2065
11999 MOVE                 R0 <- R6  ; line 2065
12000 JUMP                 -> 12001  ; line 2065
12001 LOAD_CONST           R3 constant[2457]  ; line 2066
12002 COMPARE              a=1 b=3 c=4 imm=0  ; line 2066
12003 JUMP_IF_FALSE        R4 -> 12010  ; line 2066
12004 LOAD_CONST           R3 constant[2458]  ; line 2066
12005 MOVE                 R4 <- R0  ; line 2066
12006 MOVE                 R5 <- R3  ; line 2066
12007 HOST_CALL            a=6 b=166 c=4 imm=2  ; line 2066
12008 MOVE                 R0 <- R6  ; line 2066
12009 JUMP                 -> 12010  ; line 2066
12010 LOAD_CONST           R3 constant[2459]  ; line 2067
12011 COMPARE              a=1 b=3 c=4 imm=0  ; line 2067
12012 JUMP_IF_FALSE        R4 -> 12019  ; line 2067
12013 LOAD_CONST           R3 constant[2460]  ; line 2067
12014 MOVE                 R4 <- R0  ; line 2067
12015 MOVE                 R5 <- R3  ; line 2067
12016 HOST_CALL            a=6 b=166 c=4 imm=2  ; line 2067
12017 MOVE                 R0 <- R6  ; line 2067
12018 JUMP                 -> 12019  ; line 2067
12019 LOAD_CONST           R3 constant[2461]  ; line 2068
12020 MOVE                 R4 <- R0  ; line 2068
12021 MOVE                 R5 <- R3  ; line 2068
12022 MOVE                 R6 <- R2  ; line 2068
12023 HOST_CALL            a=7 b=183 c=4 imm=3  ; line 2068
12024 RETURN               R7  ; line 2068
12025 LOAD_CONST           R8 constant[2462]  ; line 2068
12026 RETURN               R8  ; line 2068
12027 MOVE                 R3 <- R2  ; line 2072
12028 HOST_CALL            a=4 b=86 c=3 imm=1  ; line 2072
12029 LOAD_CONST           R5 constant[2463]  ; line 2072
12030 COMPARE              a=4 b=5 c=6 imm=1  ; line 2072
12031 JUMP_IF_FALSE        R6 -> 12041  ; line 2072
12032 LOAD_CONST           R3 constant[2464]  ; line 2072
12033 LOAD_CONST           R4 constant[2465]  ; line 2072
12034 LOAD_CONST           R5 constant[2466]  ; line 2072
12035 MOVE                 R6 <- R3  ; line 2072
12036 MOVE                 R7 <- R4  ; line 2072
12037 MOVE                 R8 <- R5  ; line 2072
12038 CALL                 a=9 b=53 c=6 imm=3  ; line 2072
12039 RETURN               R9  ; line 2072
12040 JUMP                 -> 12041  ; line 2072
12041 LOAD_CONST           R3 constant[2467]  ; line 2073
12042 COMPARE              a=0 b=3 c=4 imm=0  ; line 2073
12043 JUMP_IF_FALSE        R4 -> 12050  ; line 2073
12044 MOVE                 R3 <- R0  ; line 2073
12045 MOVE                 R4 <- R1  ; line 2073
12046 MOVE                 R5 <- R2  ; line 2073
12047 CALL                 a=6 b=69 c=3 imm=3  ; line 2073
12048 RETURN               R6  ; line 2073
12049 JUMP                 -> 12050  ; line 2073
12050 LOAD_CONST           R3 constant[2468]  ; line 2074
12051 COMPARE              a=0 b=3 c=4 imm=0  ; line 2074
12052 JUMP_IF_FALSE        R4 -> 12059  ; line 2074
12053 MOVE                 R3 <- R0  ; line 2074
12054 MOVE                 R4 <- R1  ; line 2074
12055 MOVE                 R5 <- R2  ; line 2074
12056 CALL                 a=6 b=69 c=3 imm=3  ; line 2074
12057 RETURN               R6  ; line 2074
12058 JUMP                 -> 12059  ; line 2074
12059 LOAD_CONST           R3 constant[2469]  ; line 2075
12060 COMPARE              a=0 b=3 c=4 imm=0  ; line 2075
12061 JUMP_IF_FALSE        R4 -> 12067  ; line 2075
12062 MOVE                 R3 <- R1  ; line 2075
12063 MOVE                 R4 <- R2  ; line 2075
12064 CALL                 a=5 b=71 c=3 imm=2  ; line 2075
12065 RETURN               R5  ; line 2075
12066 JUMP                 -> 12067  ; line 2075
12067 LOAD_CONST           R3 constant[2470]  ; line 2076
12068 COMPARE              a=0 b=3 c=4 imm=0  ; line 2076
12069 JUMP_IF_FALSE        R4 -> 12075  ; line 2076
12070 MOVE                 R3 <- R1  ; line 2076
12071 MOVE                 R4 <- R2  ; line 2076
12072 CALL                 a=5 b=73 c=3 imm=2  ; line 2076
12073 RETURN               R5  ; line 2076
12074 JUMP                 -> 12075  ; line 2076
12075 LOAD_CONST           R3 constant[2471]  ; line 2077
12076 COMPARE              a=0 b=3 c=4 imm=0  ; line 2077
12077 JUMP_IF_FALSE        R4 -> 12083  ; line 2077
12078 MOVE                 R3 <- R1  ; line 2077
12079 MOVE                 R4 <- R2  ; line 2077
12080 CALL                 a=5 b=75 c=3 imm=2  ; line 2077
12081 RETURN               R5  ; line 2077
12082 JUMP                 -> 12083  ; line 2077
12083 LOAD_CONST           R3 constant[2472]  ; line 2078
12084 COMPARE              a=0 b=3 c=4 imm=0  ; line 2078
12085 JUMP_IF_FALSE        R4 -> 12091  ; line 2078
12086 MOVE                 R3 <- R1  ; line 2078
12087 MOVE                 R4 <- R2  ; line 2078
12088 CALL                 a=5 b=95 c=3 imm=2  ; line 2078
12089 RETURN               R5  ; line 2078
12090 JUMP                 -> 12091  ; line 2078
12091 LOAD_CONST           R3 constant[2473]  ; line 2079
12092 COMPARE              a=0 b=3 c=4 imm=0  ; line 2079
12093 JUMP_IF_FALSE        R4 -> 12099  ; line 2079
12094 MOVE                 R3 <- R1  ; line 2079
12095 MOVE                 R4 <- R2  ; line 2079
12096 CALL                 a=5 b=100 c=3 imm=2  ; line 2079
12097 RETURN               R5  ; line 2079
12098 JUMP                 -> 12099  ; line 2079
12099 LOAD_CONST           R3 constant[2474]  ; line 2080
12100 COMPARE              a=0 b=3 c=4 imm=0  ; line 2080
12101 JUMP_IF_FALSE        R4 -> 12107  ; line 2080
12102 MOVE                 R3 <- R1  ; line 2080
12103 MOVE                 R4 <- R2  ; line 2080
12104 CALL                 a=5 b=102 c=3 imm=2  ; line 2080
12105 RETURN               R5  ; line 2080
12106 JUMP                 -> 12107  ; line 2080
12107 LOAD_CONST           R3 constant[2475]  ; line 2081
12108 COMPARE              a=0 b=3 c=4 imm=0  ; line 2081
12109 JUMP_IF_FALSE        R4 -> 12117  ; line 2081
12110 LOAD_CONST           R3 constant[2476]  ; line 2081
12111 MOVE                 R4 <- R1  ; line 2081
12112 MOVE                 R5 <- R2  ; line 2081
12113 MOVE                 R6 <- R3  ; line 2081
12114 CALL                 a=7 b=116 c=4 imm=3  ; line 2081
12115 RETURN               R7  ; line 2081
12116 JUMP                 -> 12117  ; line 2081
12117 LOAD_CONST           R3 constant[2477]  ; line 2082
12118 COMPARE              a=0 b=3 c=4 imm=0  ; line 2082
12119 JUMP_IF_FALSE        R4 -> 12127  ; line 2082
12120 LOAD_CONST           R3 constant[2478]  ; line 2082
12121 MOVE                 R4 <- R1  ; line 2082
12122 MOVE                 R5 <- R2  ; line 2082
12123 MOVE                 R6 <- R3  ; line 2082
12124 CALL                 a=7 b=116 c=4 imm=3  ; line 2082
12125 RETURN               R7  ; line 2082
12126 JUMP                 -> 12127  ; line 2082
12127 LOAD_CONST           R3 constant[2479]  ; line 2083
12128 COMPARE              a=0 b=3 c=4 imm=0  ; line 2083
12129 JUMP_IF_FALSE        R4 -> 12135  ; line 2083
12130 MOVE                 R3 <- R1  ; line 2083
12131 MOVE                 R4 <- R2  ; line 2083
12132 CALL                 a=5 b=117 c=3 imm=2  ; line 2083
12133 RETURN               R5  ; line 2083
12134 JUMP                 -> 12135  ; line 2083
12135 LOAD_CONST           R3 constant[2480]  ; line 2084
12136 LOAD_CONST           R4 constant[2481]  ; line 2084
12137 LOAD_CONST           R5 constant[2482]  ; line 2084
12138 MOVE                 R6 <- R3  ; line 2084
12139 MOVE                 R7 <- R4  ; line 2084
12140 MOVE                 R8 <- R5  ; line 2084
12141 CALL                 a=9 b=53 c=6 imm=3  ; line 2084
12142 RETURN               R9  ; line 2084
12143 LOAD_CONST           R10 constant[2483]  ; line 2084
12144 RETURN               R10  ; line 2084
12145 LOAD_CONST           R2 constant[2484]  ; line 2088
12146 MOVE                 R3 <- R0  ; line 2088
12147 MOVE                 R4 <- R2  ; line 2088
12148 HOST_CALL            a=5 b=11 c=3 imm=2  ; line 2088
12149 LOAD_CONST           R6 constant[2485]  ; line 2088
12150 MOVE                 R7 <- R5  ; line 2088
12151 MOVE                 R8 <- R6  ; line 2088
12152 HOST_CALL            a=9 b=11 c=7 imm=2  ; line 2088
12153 MOVE                 R10 <- R9  ; line 2088
12154 LOAD_CONST           R11 constant[2486]  ; line 2089
12155 MOVE                 R12 <- R10  ; line 2089
12156 MOVE                 R13 <- R11  ; line 2089
12157 HOST_CALL            a=14 b=11 c=12 imm=2  ; line 2089
12158 LOAD_CONST           R15 constant[2487]  ; line 2089
12159 COMPARE              a=14 b=15 c=16 imm=0  ; line 2089
12160 MOVE                 R17 <- R16  ; line 2089
12161 LOAD_CONST           R18 constant[2488]  ; line 2090
12162 MOVE                 R19 <- R10  ; line 2090
12163 MOVE                 R20 <- R18  ; line 2090
12164 HOST_CALL            a=21 b=11 c=19 imm=2  ; line 2090
12165 LOAD_CONST           R22 constant[2489]  ; line 2090
12166 COMPARE              a=21 b=22 c=23 imm=0  ; line 2090
12167 JUMP_IF_FALSE        R23 -> 12171  ; line 2090
12168 LOAD_CONST           R18 constant[2490]  ; line 2090
12169 MOVE                 R17 <- R18  ; line 2090
12170 JUMP                 -> 12171  ; line 2090
12171 LOAD_CONST           R18 constant[2491]  ; line 2091
12172 MOVE                 R19 <- R10  ; line 2091
12173 MOVE                 R20 <- R18  ; line 2091
12174 HOST_CALL            a=21 b=11 c=19 imm=2  ; line 2091
12175 LOAD_CONST           R22 constant[2492]  ; line 2091
12176 COMPARE              a=21 b=22 c=23 imm=0  ; line 2091
12177 JUMP_IF_FALSE        R23 -> 12181  ; line 2091
12178 LOAD_CONST           R18 constant[2493]  ; line 2091
12179 MOVE                 R17 <- R18  ; line 2091
12180 JUMP                 -> 12181  ; line 2091
12181 LOAD_CONST           R18 constant[2494]  ; line 2092
12182 MOVE                 R19 <- R10  ; line 2092
12183 MOVE                 R20 <- R18  ; line 2092
12184 HOST_CALL            a=21 b=11 c=19 imm=2  ; line 2092
12185 MOVE                 R22 <- R21  ; line 2092
12186 JUMP_IF_FALSE        R17 -> 12205  ; line 2093
12187 LOAD_CONST           R23 constant[2495]  ; line 2094
12188 LOAD_CONST           R24 constant[2496]  ; line 2094
12189 MOVE                 R25 <- R22  ; line 2094
12190 MOVE                 R26 <- R24  ; line 2094
12191 HOST_CALL            a=27 b=11 c=25 imm=2  ; line 2094
12192 LOAD_CONST           R28 constant[2497]  ; line 2094
12193 MOVE                 R29 <- R10  ; line 2094
12194 MOVE                 R30 <- R28  ; line 2094
12195 HOST_CALL            a=31 b=11 c=29 imm=2  ; line 2094
12196 MOVE                 R32 <- R27  ; line 2094
12197 MOVE                 R33 <- R31  ; line 2094
12198 MOVE                 R34 <- R1  ; line 2094
12199 CALL                 a=35 b=119 c=32 imm=3  ; line 2094
12200 MOVE                 R36 <- R22  ; line 2094
12201 MOVE                 R37 <- R23  ; line 2094
12202 MOVE                 R38 <- R35  ; line 2094
12203 HOST_CALL            a=39 b=12 c=36 imm=3  ; line 2094
12204 JUMP                 -> 12205  ; line 2094
12205 LOAD_CONST           R23 constant[2498]  ; line 2096
12206 MOVE                 R24 <- R10  ; line 2096
12207 MOVE                 R25 <- R23  ; line 2096
12208 HOST_CALL            a=26 b=11 c=24 imm=2  ; line 2096
12209 LOAD_CONST           R27 constant[2499]  ; line 2096
12210 COMPARE              a=26 b=27 c=28 imm=0  ; line 2096
12211 JUMP_IF_FALSE        R28 -> 12247  ; line 2096
12212 LOAD_CONST           R23 constant[2500]  ; line 2097
12213 LOAD_CONST           R24 constant[2501]  ; line 2097
12214 MOVE                 R25 <- R22  ; line 2097
12215 MOVE                 R26 <- R24  ; line 2097
12216 HOST_CALL            a=27 b=11 c=25 imm=2  ; line 2097
12217 LOAD_CONST           R28 constant[2502]  ; line 2097
12218 MOVE                 R29 <- R10  ; line 2097
12219 MOVE                 R30 <- R28  ; line 2097
12220 HOST_CALL            a=31 b=11 c=29 imm=2  ; line 2097
12221 MOVE                 R32 <- R27  ; line 2097
12222 MOVE                 R33 <- R31  ; line 2097
12223 MOVE                 R34 <- R1  ; line 2097
12224 CALL                 a=35 b=119 c=32 imm=3  ; line 2097
12225 MOVE                 R36 <- R22  ; line 2097
12226 MOVE                 R37 <- R23  ; line 2097
12227 MOVE                 R38 <- R35  ; line 2097
12228 HOST_CALL            a=39 b=12 c=36 imm=3  ; line 2097
12229 LOAD_CONST           R23 constant[2503]  ; line 2098
12230 LOAD_CONST           R24 constant[2504]  ; line 2098
12231 MOVE                 R25 <- R22  ; line 2098
12232 MOVE                 R26 <- R24  ; line 2098
12233 HOST_CALL            a=27 b=11 c=25 imm=2  ; line 2098
12234 LOAD_CONST           R28 constant[2505]  ; line 2098
12235 MOVE                 R29 <- R10  ; line 2098
12236 MOVE                 R30 <- R28  ; line 2098
12237 HOST_CALL            a=31 b=11 c=29 imm=2  ; line 2098
12238 MOVE                 R32 <- R27  ; line 2098
12239 MOVE                 R33 <- R31  ; line 2098
12240 MOVE                 R34 <- R1  ; line 2098
12241 CALL                 a=35 b=119 c=32 imm=3  ; line 2098
12242 MOVE                 R36 <- R22  ; line 2098
12243 MOVE                 R37 <- R23  ; line 2098
12244 MOVE                 R38 <- R35  ; line 2098
12245 HOST_CALL            a=39 b=12 c=36 imm=3  ; line 2098
12246 JUMP                 -> 12247  ; line 2098
12247 LOAD_CONST           R23 constant[2506]  ; line 2100
12248 MOVE                 R24 <- R10  ; line 2100
12249 MOVE                 R25 <- R23  ; line 2100
12250 HOST_CALL            a=26 b=11 c=24 imm=2  ; line 2100
12251 LOAD_CONST           R27 constant[2507]  ; line 2100
12252 COMPARE              a=26 b=27 c=28 imm=0  ; line 2100
12253 JUMP_IF_FALSE        R28 -> 12306  ; line 2100
12254 LOAD_CONST           R23 constant[2508]  ; line 2101
12255 LOAD_CONST           R24 constant[2509]  ; line 2101
12256 MOVE                 R25 <- R22  ; line 2101
12257 MOVE                 R26 <- R24  ; line 2101
12258 HOST_CALL            a=27 b=11 c=25 imm=2  ; line 2101
12259 LOAD_CONST           R28 constant[2510]  ; line 2101
12260 MOVE                 R29 <- R10  ; line 2101
12261 MOVE                 R30 <- R28  ; line 2101
12262 HOST_CALL            a=31 b=11 c=29 imm=2  ; line 2101
12263 MOVE                 R32 <- R27  ; line 2101
12264 MOVE                 R33 <- R31  ; line 2101
12265 MOVE                 R34 <- R1  ; line 2101
12266 CALL                 a=35 b=119 c=32 imm=3  ; line 2101
12267 MOVE                 R36 <- R22  ; line 2101
12268 MOVE                 R37 <- R23  ; line 2101
12269 MOVE                 R38 <- R35  ; line 2101
12270 HOST_CALL            a=39 b=12 c=36 imm=3  ; line 2101
12271 LOAD_CONST           R23 constant[2511]  ; line 2102
12272 LOAD_CONST           R24 constant[2512]  ; line 2102
12273 MOVE                 R25 <- R22  ; line 2102
12274 MOVE                 R26 <- R24  ; line 2102
12275 HOST_CALL            a=27 b=11 c=25 imm=2  ; line 2102
12276 LOAD_CONST           R28 constant[2513]  ; line 2102
12277 MOVE                 R29 <- R10  ; line 2102
12278 MOVE                 R30 <- R28  ; line 2102
12279 HOST_CALL            a=31 b=11 c=29 imm=2  ; line 2102
12280 MOVE                 R32 <- R27  ; line 2102
12281 MOVE                 R33 <- R31  ; line 2102
12282 MOVE                 R34 <- R1  ; line 2102
12283 CALL                 a=35 b=119 c=32 imm=3  ; line 2102
12284 MOVE                 R36 <- R22  ; line 2102
12285 MOVE                 R37 <- R23  ; line 2102
12286 MOVE                 R38 <- R35  ; line 2102
12287 HOST_CALL            a=39 b=12 c=36 imm=3  ; line 2102
12288 LOAD_CONST           R23 constant[2514]  ; line 2103
12289 LOAD_CONST           R24 constant[2515]  ; line 2103
12290 MOVE                 R25 <- R22  ; line 2103
12291 MOVE                 R26 <- R24  ; line 2103
12292 HOST_CALL            a=27 b=11 c=25 imm=2  ; line 2103
12293 LOAD_CONST           R28 constant[2516]  ; line 2103
12294 MOVE                 R29 <- R10  ; line 2103
12295 MOVE                 R30 <- R28  ; line 2103
12296 HOST_CALL            a=31 b=11 c=29 imm=2  ; line 2103
12297 MOVE                 R32 <- R27  ; line 2103
12298 MOVE                 R33 <- R31  ; line 2103
12299 MOVE                 R34 <- R1  ; line 2103
12300 CALL                 a=35 b=119 c=32 imm=3  ; line 2103
12301 MOVE                 R36 <- R22  ; line 2103
12302 MOVE                 R37 <- R23  ; line 2103
12303 MOVE                 R38 <- R35  ; line 2103
12304 HOST_CALL            a=39 b=12 c=36 imm=3  ; line 2103
12305 JUMP                 -> 12306  ; line 2103
12306 LOAD_CONST           R23 constant[2517]  ; line 2105
12307 MOVE                 R24 <- R10  ; line 2105
12308 MOVE                 R25 <- R23  ; line 2105
12309 MOVE                 R26 <- R22  ; line 2105
12310 HOST_CALL            a=27 b=12 c=24 imm=3  ; line 2105
12311 LOAD_CONST           R23 constant[2518]  ; line 2106
12312 LOAD_CONST           R24 constant[2519]  ; line 2106
12313 MOVE                 R25 <- R10  ; line 2106
12314 MOVE                 R26 <- R23  ; line 2106
12315 MOVE                 R27 <- R24  ; line 2106
12316 HOST_CALL            a=28 b=12 c=25 imm=3  ; line 2106
12317 RETURN               R0  ; line 2107
12318 LOAD_CONST           R23 constant[2520]  ; line 2107
12319 RETURN               R23  ; line 2107
12320 MOVE                 R3 <- R2  ; line 2111
12321 HOST_CALL            a=4 b=86 c=3 imm=1  ; line 2111
12322 LOAD_CONST           R5 constant[2521]  ; line 2111
12323 COMPARE              a=4 b=5 c=6 imm=1  ; line 2111
12324 JUMP_IF_FALSE        R6 -> 12334  ; line 2111
12325 LOAD_CONST           R3 constant[2522]  ; line 2111
12326 LOAD_CONST           R4 constant[2523]  ; line 2111
12327 LOAD_CONST           R5 constant[2524]  ; line 2111
12328 MOVE                 R6 <- R3  ; line 2111
12329 MOVE                 R7 <- R4  ; line 2111
12330 MOVE                 R8 <- R5  ; line 2111
12331 CALL                 a=9 b=53 c=6 imm=3  ; line 2111
12332 RETURN               R9  ; line 2111
12333 JUMP                 -> 12334  ; line 2111
12334 LOAD_CONST           R3 constant[2525]  ; line 2112
12335 LOAD_CONST           R4 constant[2526]  ; line 2112
12336 MOVE                 R5 <- R2  ; line 2112
12337 MOVE                 R6 <- R3  ; line 2112
12338 MOVE                 R7 <- R4  ; line 2112
12339 CALL                 a=8 b=54 c=5 imm=3  ; line 2112
12340 MOVE                 R9 <- R8  ; line 2112
12341 LOAD_CONST           R10 constant[2527]  ; line 2113
12342 COMPARE              a=9 b=10 c=11 imm=1  ; line 2113
12343 JUMP_IF_FALSE        R11 -> 12361  ; line 2113
12344 LOAD_CONST           R10 constant[2528]  ; line 2114
12345 COMPARE              a=9 b=10 c=11 imm=1  ; line 2114
12346 JUMP_IF_FALSE        R11 -> 12360  ; line 2114
12347 LOAD_CONST           R10 constant[2529]  ; line 2115
12348 COMPARE              a=9 b=10 c=11 imm=1  ; line 2115
12349 JUMP_IF_FALSE        R11 -> 12359  ; line 2115
12350 LOAD_CONST           R10 constant[2530]  ; line 2116
12351 LOAD_CONST           R11 constant[2531]  ; line 2116
12352 LOAD_CONST           R12 constant[2532]  ; line 2116
12353 MOVE                 R13 <- R10  ; line 2116
12354 MOVE                 R14 <- R11  ; line 2116
12355 MOVE                 R15 <- R12  ; line 2116
12356 CALL                 a=16 b=53 c=13 imm=3  ; line 2116
12357 RETURN               R16  ; line 2116
12358 JUMP                 -> 12359  ; line 2116
12359 JUMP                 -> 12360  ; line 2116
12360 JUMP                 -> 12361  ; line 2116
12361 LOAD_CONST           R10 constant[2533]  ; line 2120
12362 COMPARE              a=9 b=10 c=11 imm=0  ; line 2120
12363 JUMP_IF_FALSE        R11 -> 12378  ; line 2120
12364 MOVE                 R10 <- R0  ; line 2121
12365 CALL                 a=11 b=118 c=10 imm=1  ; line 2121
12366 UNARY                a=11 b=12 c=4294967295 imm=1  ; line 2121
12367 JUMP_IF_FALSE        R12 -> 12377  ; line 2121
12368 LOAD_CONST           R10 constant[2534]  ; line 2122
12369 LOAD_CONST           R11 constant[2535]  ; line 2122
12370 LOAD_CONST           R12 constant[2536]  ; line 2122
12371 MOVE                 R13 <- R10  ; line 2122
12372 MOVE                 R14 <- R11  ; line 2122
12373 MOVE                 R15 <- R12  ; line 2122
12374 CALL                 a=16 b=53 c=13 imm=3  ; line 2122
12375 RETURN               R16  ; line 2122
12376 JUMP                 -> 12377  ; line 2122
12377 JUMP                 -> 12378  ; line 2122
12378 LOAD_CONST           R10 constant[2537]  ; line 2125
12379 COMPARE              a=9 b=10 c=11 imm=0  ; line 2125
12380 MOVE                 R12 <- R11  ; line 2125
12381 LOAD_CONST           R13 constant[2538]  ; line 2126
12382 COMPARE              a=9 b=13 c=14 imm=0  ; line 2126
12383 JUMP_IF_FALSE        R14 -> 12397  ; line 2126
12384 MOVE                 R13 <- R0  ; line 2127
12385 CALL                 a=14 b=118 c=13 imm=1  ; line 2127
12386 JUMP_IF_FALSE        R14 -> 12396  ; line 2127
12387 LOAD_CONST           R13 constant[2539]  ; line 2128
12388 MOVE                 R14 <- R2  ; line 2128
12389 MOVE                 R15 <- R13  ; line 2128
12390 HOST_CALL            a=16 b=7 c=14 imm=2  ; line 2128
12391 JUMP_IF_FALSE        R16 -> 12395  ; line 2128
12392 LOAD_CONST           R13 constant[2540]  ; line 2128
12393 MOVE                 R12 <- R13  ; line 2128
12394 JUMP                 -> 12395  ; line 2128
12395 JUMP                 -> 12396  ; line 2128
12396 JUMP                 -> 12397  ; line 2128
12397 UNARY                a=12 b=13 c=4294967295 imm=1  ; line 2131
12398 JUMP_IF_FALSE        R13 -> 12405  ; line 2131
12399 MOVE                 R13 <- R0  ; line 2131
12400 MOVE                 R14 <- R1  ; line 2131
12401 MOVE                 R15 <- R2  ; line 2131
12402 CALL                 a=16 b=120 c=13 imm=3  ; line 2131
12403 RETURN               R16  ; line 2131
12404 JUMP                 -> 12405  ; line 2131
12405 LOAD_CONST           R13 constant[2541]  ; line 2132
12406 MOVE                 R14 <- R2  ; line 2132
12407 MOVE                 R15 <- R13  ; line 2132
12408 HOST_CALL            a=16 b=7 c=14 imm=2  ; line 2132
12409 UNARY                a=16 b=17 c=4294967295 imm=1  ; line 2132
12410 JUMP_IF_FALSE        R17 -> 12420  ; line 2132
12411 LOAD_CONST           R13 constant[2542]  ; line 2133
12412 LOAD_CONST           R14 constant[2543]  ; line 2133
12413 LOAD_CONST           R15 constant[2544]  ; line 2133
12414 MOVE                 R16 <- R13  ; line 2133
12415 MOVE                 R17 <- R14  ; line 2133
12416 MOVE                 R18 <- R15  ; line 2133
12417 CALL                 a=19 b=53 c=16 imm=3  ; line 2133
12418 RETURN               R19  ; line 2133
12419 JUMP                 -> 12420  ; line 2133
12420 LOAD_CONST           R13 constant[2545]  ; line 2135
12421 MOVE                 R14 <- R2  ; line 2135
12422 MOVE                 R15 <- R13  ; line 2135
12423 HOST_CALL            a=16 b=11 c=14 imm=2  ; line 2135
12424 MOVE                 R17 <- R16  ; line 2135
12425 HOST_CALL            a=18 b=86 c=17 imm=1  ; line 2135
12426 LOAD_CONST           R19 constant[2546]  ; line 2135
12427 COMPARE              a=18 b=19 c=20 imm=1  ; line 2135
12428 JUMP_IF_FALSE        R20 -> 12438  ; line 2135
12429 LOAD_CONST           R13 constant[2547]  ; line 2136
12430 LOAD_CONST           R14 constant[2548]  ; line 2136
12431 LOAD_CONST           R15 constant[2549]  ; line 2136
12432 MOVE                 R16 <- R13  ; line 2136
12433 MOVE                 R17 <- R14  ; line 2136
12434 MOVE                 R18 <- R15  ; line 2136
12435 CALL                 a=19 b=53 c=16 imm=3  ; line 2136
12436 RETURN               R19  ; line 2136
12437 JUMP                 -> 12438  ; line 2136
12438 MOVE                 R13 <- R1  ; line 2138
12439 HOST_CALL            a=14 b=86 c=13 imm=1  ; line 2138
12440 LOAD_CONST           R15 constant[2550]  ; line 2138
12441 COMPARE              a=14 b=15 c=16 imm=1  ; line 2138
12442 JUMP_IF_FALSE        R16 -> 12452  ; line 2138
12443 LOAD_CONST           R13 constant[2551]  ; line 2139
12444 LOAD_CONST           R14 constant[2552]  ; line 2139
12445 LOAD_CONST           R15 constant[2553]  ; line 2139
12446 MOVE                 R16 <- R13  ; line 2139
12447 MOVE                 R17 <- R14  ; line 2139
12448 MOVE                 R18 <- R15  ; line 2139
12449 CALL                 a=19 b=53 c=16 imm=3  ; line 2139
12450 RETURN               R19  ; line 2139
12451 JUMP                 -> 12452  ; line 2139
12452 LOAD_CONST           R13 constant[2554]  ; line 2141
12453 MOVE                 R14 <- R1  ; line 2141
12454 MOVE                 R15 <- R13  ; line 2141
12455 HOST_CALL            a=16 b=7 c=14 imm=2  ; line 2141
12456 UNARY                a=16 b=17 c=4294967295 imm=1  ; line 2141
12457 JUMP_IF_FALSE        R17 -> 12467  ; line 2141
12458 LOAD_CONST           R13 constant[2555]  ; line 2142
12459 LOAD_CONST           R14 constant[2556]  ; line 2142
12460 LOAD_CONST           R15 constant[2557]  ; line 2142
12461 MOVE                 R16 <- R13  ; line 2142
12462 MOVE                 R17 <- R14  ; line 2142
12463 MOVE                 R18 <- R15  ; line 2142
12464 CALL                 a=19 b=53 c=16 imm=3  ; line 2142
12465 RETURN               R19  ; line 2142
12466 JUMP                 -> 12467  ; line 2142
12467 LOAD_CONST           R13 constant[2558]  ; line 2144
12468 MOVE                 R14 <- R1  ; line 2144
12469 MOVE                 R15 <- R13  ; line 2144
12470 HOST_CALL            a=16 b=7 c=14 imm=2  ; line 2144
12471 UNARY                a=16 b=17 c=4294967295 imm=1  ; line 2144
12472 JUMP_IF_FALSE        R17 -> 12482  ; line 2144
12473 LOAD_CONST           R13 constant[2559]  ; line 2145
12474 LOAD_CONST           R14 constant[2560]  ; line 2145
12475 LOAD_CONST           R15 constant[2561]  ; line 2145
12476 MOVE                 R16 <- R13  ; line 2145
12477 MOVE                 R17 <- R14  ; line 2145
12478 MOVE                 R18 <- R15  ; line 2145
12479 CALL                 a=19 b=53 c=16 imm=3  ; line 2145
12480 RETURN               R19  ; line 2145
12481 JUMP                 -> 12482  ; line 2145
12482 LOAD_CONST           R13 constant[2562]  ; line 2147
12483 MOVE                 R14 <- R1  ; line 2147
12484 MOVE                 R15 <- R13  ; line 2147
12485 HOST_CALL            a=16 b=11 c=14 imm=2  ; line 2147
12486 MOVE                 R17 <- R16  ; line 2147
12487 HOST_CALL            a=18 b=60 c=17 imm=1  ; line 2147
12488 MOVE                 R19 <- R18  ; line 2147
12489 LOAD_CONST           R20 constant[2563]  ; line 2148
12490 COMPARE              a=19 b=20 c=21 imm=0  ; line 2148
12491 JUMP_IF_FALSE        R21 -> 12501  ; line 2148
12492 LOAD_CONST           R20 constant[2564]  ; line 2149
12493 LOAD_CONST           R21 constant[2565]  ; line 2149
12494 LOAD_CONST           R22 constant[2566]  ; line 2149
12495 MOVE                 R23 <- R20  ; line 2149
12496 MOVE                 R24 <- R21  ; line 2149
12497 MOVE                 R25 <- R22  ; line 2149
12498 CALL                 a=26 b=53 c=23 imm=3  ; line 2149
12499 RETURN               R26  ; line 2149
12500 JUMP                 -> 12501  ; line 2149
12501 LOAD_CONST           R20 constant[2567]  ; line 2151
12502 COMPARE              a=19 b=20 c=21 imm=0  ; line 2151
12503 JUMP_IF_FALSE        R21 -> 12513  ; line 2151
12504 LOAD_CONST           R20 constant[2568]  ; line 2152
12505 LOAD_CONST           R21 constant[2569]  ; line 2152
12506 LOAD_CONST           R22 constant[2570]  ; line 2152
12507 MOVE                 R23 <- R20  ; line 2152
12508 MOVE                 R24 <- R21  ; line 2152
12509 MOVE                 R25 <- R22  ; line 2152
12510 CALL                 a=26 b=53 c=23 imm=3  ; line 2152
12511 RETURN               R26  ; line 2152
12512 JUMP                 -> 12513  ; line 2152
12513 LOAD_CONST           R20 constant[2571]  ; line 2154
12514 LOAD_CONST           R21 constant[2572]  ; line 2154
12515 MOVE                 R22 <- R1  ; line 2154
12516 MOVE                 R23 <- R21  ; line 2154
12517 HOST_CALL            a=24 b=11 c=22 imm=2  ; line 2154
12518 LOAD_CONST           R25 constant[2573]  ; line 2154
12519 LOAD_CONST           R26 constant[2574]  ; line 2154
12520 MOVE                 R27 <- R2  ; line 2154
12521 MOVE                 R28 <- R26  ; line 2154
12522 HOST_CALL            a=29 b=11 c=27 imm=2  ; line 2154
12523 MOVE                 R30 <- R24  ; line 2154
12524 MOVE                 R31 <- R25  ; line 2154
12525 MOVE                 R32 <- R29  ; line 2154
12526 HOST_CALL            a=33 b=183 c=30 imm=3  ; line 2154
12527 LOAD_CONST           R34 constant[2575]  ; line 2154
12528 LOAD_CONST           R35 constant[2576]  ; line 2154
12529 MOVE                 R36 <- R1  ; line 2154
12530 MOVE                 R37 <- R35  ; line 2154
12531 HOST_CALL            a=38 b=11 c=36 imm=2  ; line 2154
12532 LOAD_CONST           R39 constant[2577]  ; line 2154
12533 LOAD_CONST           R40 constant[2578]  ; line 2154
12534 MOVE                 R41 <- R2  ; line 2154
12535 MOVE                 R42 <- R40  ; line 2154
12536 HOST_CALL            a=43 b=11 c=41 imm=2  ; line 2154
12537 MOVE                 R44 <- R38  ; line 2154
12538 MOVE                 R45 <- R39  ; line 2154
12539 MOVE                 R46 <- R43  ; line 2154
12540 HOST_CALL            a=47 b=183 c=44 imm=3  ; line 2154
12541 MOVE                 R48 <- R20  ; line 2154
12542 MOVE                 R49 <- R33  ; line 2154
12543 MOVE                 R50 <- R34  ; line 2154
12544 MOVE                 R51 <- R47  ; line 2154
12545 HOST_CALL            a=52 b=6 c=48 imm=4  ; line 2154
12546 MOVE                 R53 <- R52  ; line 2154
12547 LOAD_CONST           R54 constant[2579]  ; line 2156
12548 COMPARE              a=0 b=54 c=55 imm=0  ; line 2156
12549 JUMP_IF_FALSE        R55 -> 12556  ; line 2156
12550 MOVE                 R54 <- R0  ; line 2156
12551 MOVE                 R55 <- R53  ; line 2156
12552 MOVE                 R56 <- R2  ; line 2156
12553 CALL                 a=57 b=70 c=54 imm=3  ; line 2156
12554 RETURN               R57  ; line 2156
12555 JUMP                 -> 12556  ; line 2156
12556 LOAD_CONST           R54 constant[2580]  ; line 2157
12557 COMPARE              a=0 b=54 c=55 imm=0  ; line 2157
12558 JUMP_IF_FALSE        R55 -> 12565  ; line 2157
12559 MOVE                 R54 <- R0  ; line 2157
12560 MOVE                 R55 <- R53  ; line 2157
12561 MOVE                 R56 <- R2  ; line 2157
12562 CALL                 a=57 b=70 c=54 imm=3  ; line 2157
12563 RETURN               R57  ; line 2157
12564 JUMP                 -> 12565  ; line 2157
12565 LOAD_CONST           R54 constant[2581]  ; line 2158
12566 COMPARE              a=0 b=54 c=55 imm=0  ; line 2158
12567 JUMP_IF_FALSE        R55 -> 12573  ; line 2158
12568 MOVE                 R54 <- R53  ; line 2158
12569 MOVE                 R55 <- R2  ; line 2158
12570 CALL                 a=56 b=72 c=54 imm=2  ; line 2158
12571 RETURN               R56  ; line 2158
12572 JUMP                 -> 12573  ; line 2158
12573 LOAD_CONST           R54 constant[2582]  ; line 2159
12574 COMPARE              a=0 b=54 c=55 imm=0  ; line 2159
12575 JUMP_IF_FALSE        R55 -> 12581  ; line 2159
12576 MOVE                 R54 <- R53  ; line 2159
12577 MOVE                 R55 <- R2  ; line 2159
12578 CALL                 a=56 b=78 c=54 imm=2  ; line 2159
12579 RETURN               R56  ; line 2159
12580 JUMP                 -> 12581  ; line 2159
12581 MOVE                 R54 <- R0  ; line 2160
12582 MOVE                 R55 <- R53  ; line 2160
12583 MOVE                 R56 <- R2  ; line 2160
12584 CALL                 a=57 b=120 c=54 imm=3  ; line 2160
12585 MOVE                 R58 <- R57  ; line 2160
12586 LOAD_CONST           R59 constant[2583]  ; line 2161
12587 MOVE                 R60 <- R58  ; line 2161
12588 MOVE                 R61 <- R59  ; line 2161
12589 HOST_CALL            a=62 b=11 c=60 imm=2  ; line 2161
12590 UNARY                a=62 b=63 c=4294967295 imm=1  ; line 2161
12591 JUMP_IF_FALSE        R63 -> 12594  ; line 2161
12592 RETURN               R58  ; line 2161
12593 JUMP                 -> 12594  ; line 2161
12594 LOAD_CONST           R59 constant[2584]  ; line 2162
12595 MOVE                 R60 <- R2  ; line 2162
12596 MOVE                 R61 <- R59  ; line 2162
12597 HOST_CALL            a=62 b=11 c=60 imm=2  ; line 2162
12598 MOVE                 R63 <- R58  ; line 2162
12599 MOVE                 R64 <- R62  ; line 2162
12600 CALL                 a=65 b=121 c=63 imm=2  ; line 2162
12601 RETURN               R65  ; line 2162
12602 LOAD_CONST           R66 constant[2585]  ; line 2162
12603 RETURN               R66  ; line 2162
12604 MOVE                 R3 <- R1  ; line 2168
12605 HOST_CALL            a=4 b=139 c=3 imm=1  ; line 2168
12606 MOVE                 R5 <- R4  ; line 2168
12607 MOVE                 R6 <- R5  ; line 2169
12608 HOST_CALL            a=7 b=26 c=6 imm=1  ; line 2169
12609 LOAD_CONST           R8 constant[2586]  ; line 2169
12610 COMPARE              a=7 b=8 c=9 imm=0  ; line 2169
12611 JUMP_IF_FALSE        R9 -> 12621  ; line 2169
12612 LOAD_CONST           R6 constant[2587]  ; line 2169
12613 LOAD_CONST           R7 constant[2588]  ; line 2169
12614 LOAD_CONST           R8 constant[2589]  ; line 2169
12615 MOVE                 R9 <- R6  ; line 2169
12616 MOVE                 R10 <- R7  ; line 2169
12617 MOVE                 R11 <- R8  ; line 2169
12618 CALL                 a=12 b=53 c=9 imm=3  ; line 2169
12619 RETURN               R12  ; line 2169
12620 JUMP                 -> 12621  ; line 2169
12621 LOAD_CONST           R6 constant[2590]  ; line 2170
12622 MOVE                 R7 <- R5  ; line 2170
12623 MOVE                 R8 <- R6  ; line 2170
12624 HOST_CALL            a=9 b=11 c=7 imm=2  ; line 2170
12625 MOVE                 R10 <- R9  ; line 2170
12626 MOVE                 R11 <- R10  ; line 2171
12627 HOST_CALL            a=12 b=86 c=11 imm=1  ; line 2171
12628 LOAD_CONST           R13 constant[2591]  ; line 2171
12629 COMPARE              a=12 b=13 c=14 imm=1  ; line 2171
12630 JUMP_IF_FALSE        R14 -> 12640  ; line 2171
12631 LOAD_CONST           R11 constant[2592]  ; line 2171
12632 LOAD_CONST           R12 constant[2593]  ; line 2171
12633 LOAD_CONST           R13 constant[2594]  ; line 2171
12634 MOVE                 R14 <- R11  ; line 2171
12635 MOVE                 R15 <- R12  ; line 2171
12636 MOVE                 R16 <- R13  ; line 2171
12637 CALL                 a=17 b=53 c=14 imm=3  ; line 2171
12638 RETURN               R17  ; line 2171
12639 JUMP                 -> 12640  ; line 2171
12640 LOAD_CONST           R11 constant[2595]  ; line 2172
12641 MOVE                 R12 <- R10  ; line 2172
12642 MOVE                 R13 <- R11  ; line 2172
12643 HOST_CALL            a=14 b=7 c=12 imm=2  ; line 2172
12644 UNARY                a=14 b=15 c=4294967295 imm=1  ; line 2172
12645 JUMP_IF_FALSE        R15 -> 12655  ; line 2172
12646 LOAD_CONST           R11 constant[2596]  ; line 2172
12647 LOAD_CONST           R12 constant[2597]  ; line 2172
12648 LOAD_CONST           R13 constant[2598]  ; line 2172
12649 MOVE                 R14 <- R11  ; line 2172
12650 MOVE                 R15 <- R12  ; line 2172
12651 MOVE                 R16 <- R13  ; line 2172
12652 CALL                 a=17 b=53 c=14 imm=3  ; line 2172
12653 RETURN               R17  ; line 2172
12654 JUMP                 -> 12655  ; line 2172
12655 LOAD_CONST           R11 constant[2599]  ; line 2173
12656 MOVE                 R12 <- R10  ; line 2173
12657 MOVE                 R13 <- R11  ; line 2173
12658 HOST_CALL            a=14 b=7 c=12 imm=2  ; line 2173
12659 UNARY                a=14 b=15 c=4294967295 imm=1  ; line 2173
12660 JUMP_IF_FALSE        R15 -> 12670  ; line 2173
12661 LOAD_CONST           R11 constant[2600]  ; line 2173
12662 LOAD_CONST           R12 constant[2601]  ; line 2173
12663 LOAD_CONST           R13 constant[2602]  ; line 2173
12664 MOVE                 R14 <- R11  ; line 2173
12665 MOVE                 R15 <- R12  ; line 2173
12666 MOVE                 R16 <- R13  ; line 2173
12667 CALL                 a=17 b=53 c=14 imm=3  ; line 2173
12668 RETURN               R17  ; line 2173
12669 JUMP                 -> 12670  ; line 2173
12670 LOAD_CONST           R11 constant[2603]  ; line 2174
12671 MOVE                 R12 <- R11  ; line 2174
12672 HOST_CALL            a=13 b=22 c=12 imm=1  ; line 2174
12673 MOVE                 R14 <- R13  ; line 2174
12674 LOAD_CONST           R15 constant[2604]  ; line 2175
12675 MOVE                 R16 <- R15  ; line 2175
12676 HOST_CALL            a=17 b=22 c=16 imm=1  ; line 2175
12677 MOVE                 R18 <- R17  ; line 2175
12678 LOAD_CONST           R19 constant[2605]  ; line 2176
12679 MOVE                 R20 <- R19  ; line 2176
12680 MOVE                 R21 <- R5  ; line 2177
12681 HOST_CALL            a=22 b=26 c=21 imm=1  ; line 2177
12682 COMPARE              a=20 b=22 c=23 imm=2  ; line 2177
12683 JUMP_IF_FALSE        R23 -> 12708  ; line 2177
12684 MOVE                 R21 <- R5  ; line 2178
12685 MOVE                 R22 <- R20  ; line 2178
12686 HOST_CALL            a=23 b=11 c=21 imm=2  ; line 2178
12687 LOAD_CONST           R24 constant[2606]  ; line 2178
12688 MOVE                 R25 <- R23  ; line 2178
12689 MOVE                 R26 <- R24  ; line 2178
12690 HOST_CALL            a=27 b=11 c=25 imm=2  ; line 2178
12691 MOVE                 R28 <- R14  ; line 2178
12692 MOVE                 R29 <- R27  ; line 2178
12693 HOST_CALL            a=30 b=23 c=28 imm=2  ; line 2178
12694 MOVE                 R21 <- R5  ; line 2179
12695 MOVE                 R22 <- R20  ; line 2179
12696 HOST_CALL            a=23 b=11 c=21 imm=2  ; line 2179
12697 LOAD_CONST           R24 constant[2607]  ; line 2179
12698 MOVE                 R25 <- R23  ; line 2179
12699 MOVE                 R26 <- R24  ; line 2179
12700 HOST_CALL            a=27 b=11 c=25 imm=2  ; line 2179
12701 MOVE                 R28 <- R18  ; line 2179
12702 MOVE                 R29 <- R27  ; line 2179
12703 HOST_CALL            a=30 b=23 c=28 imm=2  ; line 2179
12704 LOAD_CONST           R21 constant[2608]  ; line 2180
12705 BINARY               a=20 b=21 c=22 imm=0  ; line 2180
12706 MOVE                 R20 <- R22  ; line 2180
12707 JUMP                 -> 12680  ; line 2180
12708 LOAD_CONST           R21 constant[2609]  ; line 2182
12709 MOVE                 R22 <- R14  ; line 2182
12710 HOST_CALL            a=23 b=72 c=22 imm=1  ; line 2182
12711 LOAD_CONST           R24 constant[2610]  ; line 2182
12712 MOVE                 R25 <- R18  ; line 2182
12713 HOST_CALL            a=26 b=72 c=25 imm=1  ; line 2182
12714 MOVE                 R27 <- R21  ; line 2182
12715 MOVE                 R28 <- R23  ; line 2182
12716 MOVE                 R29 <- R24  ; line 2182
12717 MOVE                 R30 <- R26  ; line 2182
12718 HOST_CALL            a=31 b=6 c=27 imm=4  ; line 2182
12719 MOVE                 R32 <- R0  ; line 2182
12720 MOVE                 R33 <- R31  ; line 2182
12721 MOVE                 R34 <- R2  ; line 2182
12722 CALL                 a=35 b=122 c=32 imm=3  ; line 2182
12723 RETURN               R35  ; line 2182
12724 LOAD_CONST           R36 constant[2611]  ; line 2182
12725 RETURN               R36  ; line 2182
12726 MOVE                 R3 <- R0  ; line 2186
12727 HOST_CALL            a=4 b=86 c=3 imm=1  ; line 2186
12728 LOAD_CONST           R5 constant[2612]  ; line 2186
12729 COMPARE              a=4 b=5 c=6 imm=1  ; line 2186
12730 JUMP_IF_FALSE        R6 -> 12740  ; line 2186
12731 LOAD_CONST           R3 constant[2613]  ; line 2186
12732 LOAD_CONST           R4 constant[2614]  ; line 2186
12733 LOAD_CONST           R5 constant[2615]  ; line 2186
12734 MOVE                 R6 <- R3  ; line 2186
12735 MOVE                 R7 <- R4  ; line 2186
12736 MOVE                 R8 <- R5  ; line 2186
12737 CALL                 a=9 b=53 c=6 imm=3  ; line 2186
12738 RETURN               R9  ; line 2186
12739 JUMP                 -> 12740  ; line 2186
12740 MOVE                 R3 <- R1  ; line 2187
12741 CALL                 a=4 b=61 c=3 imm=1  ; line 2187
12742 MOVE                 R5 <- R4  ; line 2187
12743 LOAD_CONST           R6 constant[2616]  ; line 2188
12744 COMPARE              a=5 b=6 c=7 imm=0  ; line 2188
12745 JUMP_IF_FALSE        R7 -> 12755  ; line 2188
12746 LOAD_CONST           R6 constant[2617]  ; line 2188
12747 LOAD_CONST           R7 constant[2618]  ; line 2188
12748 LOAD_CONST           R8 constant[2619]  ; line 2188
12749 MOVE                 R9 <- R6  ; line 2188
12750 MOVE                 R10 <- R7  ; line 2188
12751 MOVE                 R11 <- R8  ; line 2188
12752 CALL                 a=12 b=53 c=9 imm=3  ; line 2188
12753 RETURN               R12  ; line 2188
12754 JUMP                 -> 12755  ; line 2188
12755 LOAD_CONST           R6 constant[2620]  ; line 2189
12756 MOVE                 R7 <- R0  ; line 2189
12757 MOVE                 R8 <- R6  ; line 2189
12758 HOST_CALL            a=9 b=11 c=7 imm=2  ; line 2189
12759 LOAD_CONST           R10 constant[2621]  ; line 2189
12760 COMPARE              a=9 b=10 c=11 imm=0  ; line 2189
12761 JUMP_IF_FALSE        R11 -> 12817  ; line 2189
12762 LOAD_CONST           R6 constant[2622]  ; line 2190
12763 MOVE                 R7 <- R0  ; line 2190
12764 MOVE                 R8 <- R6  ; line 2190
12765 HOST_CALL            a=9 b=11 c=7 imm=2  ; line 2190
12766 LOAD_CONST           R10 constant[2623]  ; line 2190
12767 MOVE                 R11 <- R9  ; line 2190
12768 MOVE                 R12 <- R10  ; line 2190
12769 HOST_CALL            a=13 b=11 c=11 imm=2  ; line 2190
12770 LOAD_CONST           R14 constant[2624]  ; line 2190
12771 MOVE                 R15 <- R0  ; line 2190
12772 MOVE                 R16 <- R14  ; line 2190
12773 HOST_CALL            a=17 b=11 c=15 imm=2  ; line 2190
12774 LOAD_CONST           R18 constant[2625]  ; line 2190
12775 MOVE                 R19 <- R17  ; line 2190
12776 MOVE                 R20 <- R18  ; line 2190
12777 HOST_CALL            a=21 b=11 c=19 imm=2  ; line 2190
12778 MOVE                 R22 <- R1  ; line 2190
12779 MOVE                 R23 <- R13  ; line 2190
12780 MOVE                 R24 <- R21  ; line 2190
12781 CALL                 a=25 b=65 c=22 imm=3  ; line 2190
12782 MOVE                 R26 <- R25  ; line 2190
12783 LOAD_CONST           R27 constant[2626]  ; line 2191
12784 MOVE                 R28 <- R0  ; line 2191
12785 MOVE                 R29 <- R27  ; line 2191
12786 HOST_CALL            a=30 b=11 c=28 imm=2  ; line 2191
12787 LOAD_CONST           R31 constant[2627]  ; line 2191
12788 MOVE                 R32 <- R30  ; line 2191
12789 MOVE                 R33 <- R31  ; line 2191
12790 HOST_CALL            a=34 b=11 c=32 imm=2  ; line 2191
12791 MOVE                 R35 <- R34  ; line 2191
12792 LOAD_CONST           R36 constant[2628]  ; line 2192
12793 MOVE                 R37 <- R26  ; line 2192
12794 HOST_CALL            a=38 b=72 c=37 imm=1  ; line 2192
12795 LOAD_CONST           R39 constant[2629]  ; line 2192
12796 MOVE                 R40 <- R5  ; line 2192
12797 MOVE                 R41 <- R39  ; line 2192
12798 HOST_CALL            a=42 b=11 c=40 imm=2  ; line 2192
12799 MOVE                 R43 <- R42  ; line 2192
12800 MOVE                 R44 <- R35  ; line 2192
12801 CALL                 a=45 b=66 c=43 imm=2  ; line 2192
12802 LOAD_CONST           R46 constant[2630]  ; line 2192
12803 LOAD_CONST           R47 constant[2631]  ; line 2192
12804 MOVE                 R48 <- R47  ; line 2192
12805 ARRAY_NEW            a=49 b=48 c=1 imm=4294967295  ; line 2192
12806 MOVE                 R50 <- R0  ; line 2192
12807 MOVE                 R51 <- R38  ; line 2192
12808 MOVE                 R52 <- R45  ; line 2192
12809 MOVE                 R53 <- R46  ; line 2192
12810 MOVE                 R54 <- R49  ; line 2192
12811 CALL                 a=55 b=67 c=50 imm=5  ; line 2192
12812 MOVE                 R56 <- R36  ; line 2192
12813 MOVE                 R57 <- R55  ; line 2192
12814 ARRAY_NEW            a=58 b=56 c=2 imm=4294967295  ; line 2192
12815 RETURN               R58  ; line 2192
12816 JUMP                 -> 12817  ; line 2192
12817 LOAD_CONST           R36 constant[2632]  ; line 2195
12818 MOVE                 R37 <- R0  ; line 2195
12819 MOVE                 R38 <- R36  ; line 2195
12820 HOST_CALL            a=39 b=11 c=37 imm=2  ; line 2195
12821 LOAD_CONST           R40 constant[2633]  ; line 2195
12822 COMPARE              a=39 b=40 c=41 imm=0  ; line 2195
12823 JUMP_IF_FALSE        R41 -> 12879  ; line 2195
12824 LOAD_CONST           R36 constant[2634]  ; line 2196
12825 MOVE                 R37 <- R0  ; line 2196
12826 MOVE                 R38 <- R36  ; line 2196
12827 HOST_CALL            a=39 b=11 c=37 imm=2  ; line 2196
12828 LOAD_CONST           R40 constant[2635]  ; line 2196
12829 MOVE                 R41 <- R39  ; line 2196
12830 MOVE                 R42 <- R40  ; line 2196
12831 HOST_CALL            a=43 b=11 c=41 imm=2  ; line 2196
12832 LOAD_CONST           R44 constant[2636]  ; line 2196
12833 MOVE                 R45 <- R0  ; line 2196
12834 MOVE                 R46 <- R44  ; line 2196
12835 HOST_CALL            a=47 b=11 c=45 imm=2  ; line 2196
12836 LOAD_CONST           R48 constant[2637]  ; line 2196
12837 MOVE                 R49 <- R47  ; line 2196
12838 MOVE                 R50 <- R48  ; line 2196
12839 HOST_CALL            a=51 b=11 c=49 imm=2  ; line 2196
12840 MOVE                 R52 <- R1  ; line 2196
12841 MOVE                 R53 <- R43  ; line 2196
12842 MOVE                 R54 <- R51  ; line 2196
12843 CALL                 a=55 b=65 c=52 imm=3  ; line 2196
12844 MOVE                 R56 <- R55  ; line 2196
12845 LOAD_CONST           R57 constant[2638]  ; line 2197
12846 MOVE                 R58 <- R0  ; line 2197
12847 MOVE                 R59 <- R57  ; line 2197
12848 HOST_CALL            a=60 b=11 c=58 imm=2  ; line 2197
12849 LOAD_CONST           R61 constant[2639]  ; line 2197
12850 MOVE                 R62 <- R60  ; line 2197
12851 MOVE                 R63 <- R61  ; line 2197
12852 HOST_CALL            a=64 b=11 c=62 imm=2  ; line 2197
12853 MOVE                 R65 <- R64  ; line 2197
12854 LOAD_CONST           R66 constant[2640]  ; line 2198
12855 MOVE                 R67 <- R56  ; line 2198
12856 HOST_CALL            a=68 b=72 c=67 imm=1  ; line 2198
12857 LOAD_CONST           R69 constant[2641]  ; line 2198
12858 MOVE                 R70 <- R5  ; line 2198
12859 MOVE                 R71 <- R69  ; line 2198
12860 HOST_CALL            a=72 b=11 c=70 imm=2  ; line 2198
12861 MOVE                 R73 <- R72  ; line 2198
12862 MOVE                 R74 <- R65  ; line 2198
12863 CALL                 a=75 b=66 c=73 imm=2  ; line 2198
12864 LOAD_CONST           R76 constant[2642]  ; line 2198
12865 LOAD_CONST           R77 constant[2643]  ; line 2198
12866 MOVE                 R78 <- R77  ; line 2198
12867 ARRAY_NEW            a=79 b=78 c=1 imm=4294967295  ; line 2198
12868 MOVE                 R80 <- R0  ; line 2198
12869 MOVE                 R81 <- R68  ; line 2198
12870 MOVE                 R82 <- R75  ; line 2198
12871 MOVE                 R83 <- R76  ; line 2198
12872 MOVE                 R84 <- R79  ; line 2198
12873 CALL                 a=85 b=67 c=80 imm=5  ; line 2198
12874 MOVE                 R86 <- R66  ; line 2198
12875 MOVE                 R87 <- R85  ; line 2198
12876 ARRAY_NEW            a=88 b=86 c=2 imm=4294967295  ; line 2198
12877 RETURN               R88  ; line 2198
12878 JUMP                 -> 12879  ; line 2198
12879 LOAD_CONST           R66 constant[2644]  ; line 2201
12880 MOVE                 R67 <- R0  ; line 2201
12881 MOVE                 R68 <- R66  ; line 2201
12882 HOST_CALL            a=69 b=11 c=67 imm=2  ; line 2201
12883 LOAD_CONST           R70 constant[2645]  ; line 2201
12884 COMPARE              a=69 b=70 c=71 imm=0  ; line 2201
12885 JUMP_IF_FALSE        R71 -> 12962  ; line 2201
12886 LOAD_CONST           R66 constant[2646]  ; line 2202
12887 MOVE                 R67 <- R0  ; line 2202
12888 MOVE                 R68 <- R66  ; line 2202
12889 HOST_CALL            a=69 b=11 c=67 imm=2  ; line 2202
12890 LOAD_CONST           R70 constant[2647]  ; line 2202
12891 MOVE                 R71 <- R69  ; line 2202
12892 MOVE                 R72 <- R70  ; line 2202
12893 HOST_CALL            a=73 b=11 c=71 imm=2  ; line 2202
12894 LOAD_CONST           R74 constant[2648]  ; line 2202
12895 MOVE                 R75 <- R0  ; line 2202
12896 MOVE                 R76 <- R74  ; line 2202
12897 HOST_CALL            a=77 b=11 c=75 imm=2  ; line 2202
12898 LOAD_CONST           R78 constant[2649]  ; line 2202
12899 MOVE                 R79 <- R77  ; line 2202
12900 MOVE                 R80 <- R78  ; line 2202
12901 HOST_CALL            a=81 b=11 c=79 imm=2  ; line 2202
12902 MOVE                 R82 <- R1  ; line 2202
12903 MOVE                 R83 <- R73  ; line 2202
12904 MOVE                 R84 <- R81  ; line 2202
12905 CALL                 a=85 b=65 c=82 imm=3  ; line 2202
12906 MOVE                 R86 <- R85  ; line 2202
12907 LOAD_CONST           R87 constant[2650]  ; line 2203
12908 MOVE                 R88 <- R87  ; line 2203
12909 HOST_CALL            a=89 b=22 c=88 imm=1  ; line 2203
12910 MOVE                 R90 <- R89  ; line 2203
12911 LOAD_CONST           R91 constant[2651]  ; line 2204
12912 MOVE                 R92 <- R91  ; line 2204
12913 HOST_CALL            a=93 b=22 c=92 imm=1  ; line 2204
12914 MOVE                 R94 <- R93  ; line 2204
12915 LOAD_CONST           R95 constant[2652]  ; line 2205
12916 MOVE                 R96 <- R95  ; line 2205
12917 LOAD_CONST           R97 constant[2653]  ; line 2206
12918 MOVE                 R98 <- R5  ; line 2206
12919 MOVE                 R99 <- R97  ; line 2206
12920 HOST_CALL            a=100 b=11 c=98 imm=2  ; line 2206
12921 COMPARE              a=96 b=100 c=101 imm=2  ; line 2206
12922 JUMP_IF_FALSE        R101 -> 12942  ; line 2206
12923 MOVE                 R97 <- R86  ; line 2207
12924 MOVE                 R98 <- R96  ; line 2207
12925 HOST_CALL            a=99 b=11 c=97 imm=2  ; line 2207
12926 MOVE                 R100 <- R99  ; line 2207
12927 CALL                 a=101 b=59 c=100 imm=1  ; line 2207
12928 MOVE                 R102 <- R101  ; line 2207
12929 MOVE                 R103 <- R90  ; line 2208
12930 MOVE                 R104 <- R102  ; line 2208
12931 HOST_CALL            a=105 b=23 c=103 imm=2  ; line 2208
12932 LOAD_CONST           R103 constant[2654]  ; line 2209
12933 BINARY               a=103 b=102 c=104 imm=1  ; line 2209
12934 BINARY               a=102 b=104 c=105 imm=2  ; line 2209
12935 MOVE                 R106 <- R94  ; line 2209
12936 MOVE                 R107 <- R105  ; line 2209
12937 HOST_CALL            a=108 b=23 c=106 imm=2  ; line 2209
12938 LOAD_CONST           R103 constant[2655]  ; line 2210
12939 BINARY               a=96 b=103 c=104 imm=0  ; line 2210
12940 MOVE                 R96 <- R104  ; line 2210
12941 JUMP                 -> 12917  ; line 2210
12942 LOAD_CONST           R103 constant[2656]  ; line 2212
12943 MOVE                 R104 <- R90  ; line 2212
12944 HOST_CALL            a=105 b=72 c=104 imm=1  ; line 2212
12945 MOVE                 R106 <- R94  ; line 2212
12946 HOST_CALL            a=107 b=72 c=106 imm=1  ; line 2212
12947 LOAD_CONST           R108 constant[2657]  ; line 2212
12948 LOAD_CONST           R109 constant[2658]  ; line 2212
12949 MOVE                 R110 <- R109  ; line 2212
12950 ARRAY_NEW            a=111 b=110 c=1 imm=4294967295  ; line 2212
12951 MOVE                 R112 <- R0  ; line 2212
12952 MOVE                 R113 <- R105  ; line 2212
12953 MOVE                 R114 <- R107  ; line 2212
12954 MOVE                 R115 <- R108  ; line 2212
12955 MOVE                 R116 <- R111  ; line 2212
12956 CALL                 a=117 b=67 c=112 imm=5  ; line 2212
12957 MOVE                 R118 <- R103  ; line 2212
12958 MOVE                 R119 <- R117  ; line 2212
12959 ARRAY_NEW            a=120 b=118 c=2 imm=4294967295  ; line 2212
12960 RETURN               R120  ; line 2212
12961 JUMP                 -> 12962  ; line 2212
12962 LOAD_CONST           R103 constant[2659]  ; line 2215
12963 MOVE                 R104 <- R0  ; line 2215
12964 MOVE                 R105 <- R103  ; line 2215
12965 HOST_CALL            a=106 b=11 c=104 imm=2  ; line 2215
12966 LOAD_CONST           R107 constant[2660]  ; line 2215
12967 COMPARE              a=106 b=107 c=108 imm=0  ; line 2215
12968 JUMP_IF_FALSE        R108 -> 12997  ; line 2215
12969 MOVE                 R103 <- R0  ; line 2216
12970 MOVE                 R104 <- R1  ; line 2216
12971 CALL                 a=105 b=74 c=103 imm=2  ; line 2216
12972 MOVE                 R106 <- R105  ; line 2216
12973 LOAD_CONST           R107 constant[2661]  ; line 2217
12974 LOAD_CONST           R108 constant[2662]  ; line 2217
12975 MOVE                 R109 <- R106  ; line 2217
12976 MOVE                 R110 <- R108  ; line 2217
12977 HOST_CALL            a=111 b=11 c=109 imm=2  ; line 2217
12978 LOAD_CONST           R112 constant[2663]  ; line 2217
12979 MOVE                 R113 <- R106  ; line 2217
12980 MOVE                 R114 <- R112  ; line 2217
12981 HOST_CALL            a=115 b=11 c=113 imm=2  ; line 2217
12982 LOAD_CONST           R116 constant[2664]  ; line 2217
12983 LOAD_CONST           R117 constant[2665]  ; line 2217
12984 MOVE                 R118 <- R117  ; line 2217
12985 ARRAY_NEW            a=119 b=118 c=1 imm=4294967295  ; line 2217
12986 MOVE                 R120 <- R0  ; line 2217
12987 MOVE                 R121 <- R111  ; line 2217
12988 MOVE                 R122 <- R115  ; line 2217
12989 MOVE                 R123 <- R116  ; line 2217
12990 MOVE                 R124 <- R119  ; line 2217
12991 CALL                 a=125 b=67 c=120 imm=5  ; line 2217
12992 MOVE                 R126 <- R107  ; line 2217
12993 MOVE                 R127 <- R125  ; line 2217
12994 ARRAY_NEW            a=128 b=126 c=2 imm=4294967295  ; line 2217
12995 RETURN               R128  ; line 2217
12996 JUMP                 -> 12997  ; line 2217
12997 LOAD_CONST           R107 constant[2666]  ; line 2220
12998 MOVE                 R108 <- R0  ; line 2220
12999 MOVE                 R109 <- R107  ; line 2220
13000 HOST_CALL            a=110 b=11 c=108 imm=2  ; line 2220
13001 LOAD_CONST           R111 constant[2667]  ; line 2220
13002 COMPARE              a=110 b=111 c=112 imm=0  ; line 2220
13003 JUMP_IF_FALSE        R112 -> 13081  ; line 2220
13004 MOVE                 R107 <- R0  ; line 2221
13005 MOVE                 R108 <- R1  ; line 2221
13006 CALL                 a=109 b=79 c=107 imm=2  ; line 2221
13007 MOVE                 R110 <- R109  ; line 2221
13008 LOAD_CONST           R111 constant[2668]  ; line 2222
13009 MOVE                 R112 <- R5  ; line 2222
13010 MOVE                 R113 <- R111  ; line 2222
13011 HOST_CALL            a=114 b=11 c=112 imm=2  ; line 2222
13012 LOAD_CONST           R115 constant[2669]  ; line 2222
13013 MOVE                 R116 <- R0  ; line 2222
13014 MOVE                 R117 <- R115  ; line 2222
13015 HOST_CALL            a=118 b=11 c=116 imm=2  ; line 2222
13016 LOAD_CONST           R119 constant[2670]  ; line 2222
13017 MOVE                 R120 <- R118  ; line 2222
13018 MOVE                 R121 <- R119  ; line 2222
13019 HOST_CALL            a=122 b=11 c=120 imm=2  ; line 2222
13020 MOVE                 R123 <- R114  ; line 2222
13021 MOVE                 R124 <- R122  ; line 2222
13022 CALL                 a=125 b=66 c=123 imm=2  ; line 2222
13023 MOVE                 R126 <- R125  ; line 2222
13024 LOAD_CONST           R127 constant[2671]  ; line 2223
13025 MOVE                 R128 <- R0  ; line 2223
13026 MOVE                 R129 <- R127  ; line 2223
13027 HOST_CALL            a=130 b=11 c=128 imm=2  ; line 2223
13028 LOAD_CONST           R131 constant[2672]  ; line 2223
13029 COMPARE              a=130 b=131 c=132 imm=0  ; line 2223
13030 JUMP_IF_FALSE        R132 -> 13063  ; line 2223
13031 LOAD_CONST           R127 constant[2673]  ; line 2224
13032 MOVE                 R128 <- R127  ; line 2224
13033 HOST_CALL            a=129 b=22 c=128 imm=1  ; line 2224
13034 MOVE                 R130 <- R129  ; line 2224
13035 LOAD_CONST           R131 constant[2674]  ; line 2225
13036 MOVE                 R132 <- R131  ; line 2225
13037 LOAD_CONST           R133 constant[2675]  ; line 2226
13038 MOVE                 R134 <- R5  ; line 2226
13039 MOVE                 R135 <- R133  ; line 2226
13040 HOST_CALL            a=136 b=11 c=134 imm=2  ; line 2226
13041 COMPARE              a=132 b=136 c=137 imm=2  ; line 2226
13042 JUMP_IF_FALSE        R137 -> 13059  ; line 2226
13043 MOVE                 R133 <- R110  ; line 2227
13044 MOVE                 R134 <- R132  ; line 2227
13045 HOST_CALL            a=135 b=11 c=133 imm=2  ; line 2227
13046 LOAD_CONST           R136 constant[2676]  ; line 2227
13047 MOVE                 R137 <- R110  ; line 2227
13048 MOVE                 R138 <- R132  ; line 2227
13049 HOST_CALL            a=139 b=11 c=137 imm=2  ; line 2227
13050 BINARY               a=136 b=139 c=140 imm=1  ; line 2227
13051 BINARY               a=135 b=140 c=141 imm=2  ; line 2227
13052 MOVE                 R142 <- R130  ; line 2227
13053 MOVE                 R143 <- R141  ; line 2227
13054 HOST_CALL            a=144 b=23 c=142 imm=2  ; line 2227
13055 LOAD_CONST           R133 constant[2677]  ; line 2228
13056 BINARY               a=132 b=133 c=134 imm=0  ; line 2228
13057 MOVE                 R132 <- R134  ; line 2228
13058 JUMP                 -> 13037  ; line 2228
13059 MOVE                 R133 <- R130  ; line 2230
13060 HOST_CALL            a=134 b=72 c=133 imm=1  ; line 2230
13061 MOVE                 R126 <- R134  ; line 2230
13062 JUMP                 -> 13063  ; line 2230
13063 LOAD_CONST           R133 constant[2678]  ; line 2232
13064 MOVE                 R134 <- R110  ; line 2232
13065 HOST_CALL            a=135 b=72 c=134 imm=1  ; line 2232
13066 LOAD_CONST           R136 constant[2679]  ; line 2232
13067 LOAD_CONST           R137 constant[2680]  ; line 2232
13068 MOVE                 R138 <- R137  ; line 2232
13069 ARRAY_NEW            a=139 b=138 c=1 imm=4294967295  ; line 2232
13070 MOVE                 R140 <- R0  ; line 2232
13071 MOVE                 R141 <- R135  ; line 2232
13072 MOVE                 R142 <- R126  ; line 2232
13073 MOVE                 R143 <- R136  ; line 2232
13074 MOVE                 R144 <- R139  ; line 2232
13075 CALL                 a=145 b=67 c=140 imm=5  ; line 2232
13076 MOVE                 R146 <- R133  ; line 2232
13077 MOVE                 R147 <- R145  ; line 2232
13078 ARRAY_NEW            a=148 b=146 c=2 imm=4294967295  ; line 2232
13079 RETURN               R148  ; line 2232
13080 JUMP                 -> 13081  ; line 2232
13081 LOAD_CONST           R133 constant[2681]  ; line 2235
13082 MOVE                 R134 <- R0  ; line 2235
13083 MOVE                 R135 <- R133  ; line 2235
13084 HOST_CALL            a=136 b=11 c=134 imm=2  ; line 2235
13085 LOAD_CONST           R137 constant[2682]  ; line 2235
13086 COMPARE              a=136 b=137 c=138 imm=0  ; line 2235
13087 JUMP_IF_FALSE        R138 -> 13125  ; line 2235
13088 MOVE                 R133 <- R0  ; line 2236
13089 MOVE                 R134 <- R1  ; line 2236
13090 CALL                 a=135 b=115 c=133 imm=2  ; line 2236
13091 MOVE                 R136 <- R135  ; line 2236
13092 LOAD_CONST           R137 constant[2683]  ; line 2237
13093 MOVE                 R138 <- R136  ; line 2237
13094 HOST_CALL            a=139 b=72 c=138 imm=1  ; line 2237
13095 LOAD_CONST           R140 constant[2684]  ; line 2237
13096 MOVE                 R141 <- R5  ; line 2237
13097 MOVE                 R142 <- R140  ; line 2237
13098 HOST_CALL            a=143 b=11 c=141 imm=2  ; line 2237
13099 LOAD_CONST           R144 constant[2685]  ; line 2237
13100 MOVE                 R145 <- R0  ; line 2237
13101 MOVE                 R146 <- R144  ; line 2237
13102 HOST_CALL            a=147 b=11 c=145 imm=2  ; line 2237
13103 LOAD_CONST           R148 constant[2686]  ; line 2237
13104 MOVE                 R149 <- R147  ; line 2237
13105 MOVE                 R150 <- R148  ; line 2237
13106 HOST_CALL            a=151 b=11 c=149 imm=2  ; line 2237
13107 MOVE                 R152 <- R143  ; line 2237
13108 MOVE                 R153 <- R151  ; line 2237
13109 CALL                 a=154 b=66 c=152 imm=2  ; line 2237
13110 LOAD_CONST           R155 constant[2687]  ; line 2237
13111 LOAD_CONST           R156 constant[2688]  ; line 2237
13112 MOVE                 R157 <- R156  ; line 2237
13113 ARRAY_NEW            a=158 b=157 c=1 imm=4294967295  ; line 2237
13114 MOVE                 R159 <- R0  ; line 2237
13115 MOVE                 R160 <- R139  ; line 2237
13116 MOVE                 R161 <- R154  ; line 2237
13117 MOVE                 R162 <- R155  ; line 2237
13118 MOVE                 R163 <- R158  ; line 2237
13119 CALL                 a=164 b=67 c=159 imm=5  ; line 2237
13120 MOVE                 R165 <- R137  ; line 2237
13121 MOVE                 R166 <- R164  ; line 2237
13122 ARRAY_NEW            a=167 b=165 c=2 imm=4294967295  ; line 2237
13123 RETURN               R167  ; line 2237
13124 JUMP                 -> 13125  ; line 2237
13125 LOAD_CONST           R137 constant[2689]  ; line 2241
13126 MOVE                 R138 <- R0  ; line 2241
13127 MOVE                 R139 <- R137  ; line 2241
13128 HOST_CALL            a=140 b=11 c=138 imm=2  ; line 2241
13129 LOAD_CONST           R141 constant[2690]  ; line 2241
13130 COMPARE              a=140 b=141 c=142 imm=0  ; line 2241
13131 JUMP_IF_FALSE        R142 -> 13184  ; line 2241
13132 MOVE                 R137 <- R0  ; line 2242
13133 MOVE                 R138 <- R1  ; line 2242
13134 CALL                 a=139 b=115 c=137 imm=2  ; line 2242
13135 MOVE                 R140 <- R139  ; line 2242
13136 LOAD_CONST           R141 constant[2691]  ; line 2243
13137 MOVE                 R142 <- R141  ; line 2243
13138 HOST_CALL            a=143 b=22 c=142 imm=1  ; line 2243
13139 MOVE                 R144 <- R143  ; line 2243
13140 LOAD_CONST           R145 constant[2692]  ; line 2244
13141 MOVE                 R146 <- R145  ; line 2244
13142 LOAD_CONST           R147 constant[2693]  ; line 2245
13143 MOVE                 R148 <- R5  ; line 2245
13144 MOVE                 R149 <- R147  ; line 2245
13145 HOST_CALL            a=150 b=11 c=148 imm=2  ; line 2245
13146 COMPARE              a=146 b=150 c=151 imm=2  ; line 2245
13147 JUMP_IF_FALSE        R151 -> 13164  ; line 2245
13148 MOVE                 R147 <- R140  ; line 2246
13149 MOVE                 R148 <- R146  ; line 2246
13150 HOST_CALL            a=149 b=11 c=147 imm=2  ; line 2246
13151 LOAD_CONST           R150 constant[2694]  ; line 2246
13152 MOVE                 R151 <- R140  ; line 2246
13153 MOVE                 R152 <- R146  ; line 2246
13154 HOST_CALL            a=153 b=11 c=151 imm=2  ; line 2246
13155 BINARY               a=150 b=153 c=154 imm=1  ; line 2246
13156 BINARY               a=149 b=154 c=155 imm=2  ; line 2246
13157 MOVE                 R156 <- R144  ; line 2246
13158 MOVE                 R157 <- R155  ; line 2246
13159 HOST_CALL            a=158 b=23 c=156 imm=2  ; line 2246
13160 LOAD_CONST           R147 constant[2695]  ; line 2247
13161 BINARY               a=146 b=147 c=148 imm=0  ; line 2247
13162 MOVE                 R146 <- R148  ; line 2247
13163 JUMP                 -> 13142  ; line 2247
13164 LOAD_CONST           R147 constant[2696]  ; line 2249
13165 MOVE                 R148 <- R140  ; line 2249
13166 HOST_CALL            a=149 b=72 c=148 imm=1  ; line 2249
13167 MOVE                 R150 <- R144  ; line 2249
13168 HOST_CALL            a=151 b=72 c=150 imm=1  ; line 2249
13169 LOAD_CONST           R152 constant[2697]  ; line 2249
13170 LOAD_CONST           R153 constant[2698]  ; line 2249
13171 MOVE                 R154 <- R153  ; line 2249
13172 ARRAY_NEW            a=155 b=154 c=1 imm=4294967295  ; line 2249
13173 MOVE                 R156 <- R0  ; line 2249
13174 MOVE                 R157 <- R149  ; line 2249
13175 MOVE                 R158 <- R151  ; line 2249
13176 MOVE                 R159 <- R152  ; line 2249
13177 MOVE                 R160 <- R155  ; line 2249
13178 CALL                 a=161 b=67 c=156 imm=5  ; line 2249
13179 MOVE                 R162 <- R147  ; line 2249
13180 MOVE                 R163 <- R161  ; line 2249
13181 ARRAY_NEW            a=164 b=162 c=2 imm=4294967295  ; line 2249
13182 RETURN               R164  ; line 2249
13183 JUMP                 -> 13184  ; line 2249
13184 LOAD_CONST           R147 constant[2699]  ; line 2252
13185 LOAD_CONST           R148 constant[2700]  ; line 2252
13186 LOAD_CONST           R149 constant[2701]  ; line 2252
13187 MOVE                 R150 <- R147  ; line 2252
13188 MOVE                 R151 <- R148  ; line 2252
13189 MOVE                 R152 <- R149  ; line 2252
13190 CALL                 a=153 b=53 c=150 imm=3  ; line 2252
13191 RETURN               R153  ; line 2252
13192 LOAD_CONST           R154 constant[2702]  ; line 2252
13193 RETURN               R154  ; line 2252
13194 MOVE                 R3 <- R0  ; line 2256
13195 MOVE                 R4 <- R1  ; line 2256
13196 MOVE                 R5 <- R2  ; line 2256
13197 CALL                 a=6 b=124 c=3 imm=3  ; line 2256
13198 MOVE                 R7 <- R6  ; line 2256
13199 LOAD_CONST           R8 constant[2703]  ; line 2257
13200 MOVE                 R9 <- R7  ; line 2257
13201 MOVE                 R10 <- R8  ; line 2257
13202 HOST_CALL            a=11 b=11 c=9 imm=2  ; line 2257
13203 UNARY                a=11 b=12 c=4294967295 imm=1  ; line 2257
13204 JUMP_IF_FALSE        R12 -> 13207  ; line 2257
13205 RETURN               R7  ; line 2257
13206 JUMP                 -> 13207  ; line 2257
13207 LOAD_CONST           R8 constant[2704]  ; line 2258
13208 MOVE                 R9 <- R7  ; line 2258
13209 MOVE                 R10 <- R8  ; line 2258
13210 HOST_CALL            a=11 b=11 c=9 imm=2  ; line 2258
13211 MOVE                 R12 <- R11  ; line 2258
13212 LOAD_CONST           R13 constant[2705]  ; line 2259
13213 MOVE                 R14 <- R0  ; line 2259
13214 MOVE                 R15 <- R13  ; line 2259
13215 HOST_CALL            a=16 b=11 c=14 imm=2  ; line 2259
13216 LOAD_CONST           R17 constant[2706]  ; line 2259
13217 COMPARE              a=16 b=17 c=18 imm=0  ; line 2259
13218 JUMP_IF_FALSE        R18 -> 13325  ; line 2259
13219 LOAD_CONST           R13 constant[2707]  ; line 2260
13220 MOVE                 R14 <- R2  ; line 2260
13221 MOVE                 R15 <- R13  ; line 2260
13222 HOST_CALL            a=16 b=7 c=14 imm=2  ; line 2260
13223 UNARY                a=16 b=17 c=4294967295 imm=1  ; line 2260
13224 JUMP_IF_FALSE        R17 -> 13234  ; line 2260
13225 LOAD_CONST           R13 constant[2708]  ; line 2261
13226 LOAD_CONST           R14 constant[2709]  ; line 2261
13227 LOAD_CONST           R15 constant[2710]  ; line 2261
13228 MOVE                 R16 <- R13  ; line 2261
13229 MOVE                 R17 <- R14  ; line 2261
13230 MOVE                 R18 <- R15  ; line 2261
13231 CALL                 a=19 b=53 c=16 imm=3  ; line 2261
13232 RETURN               R19  ; line 2261
13233 JUMP                 -> 13234  ; line 2261
13234 LOAD_CONST           R13 constant[2711]  ; line 2263
13235 MOVE                 R14 <- R12  ; line 2263
13236 MOVE                 R15 <- R13  ; line 2263
13237 HOST_CALL            a=16 b=11 c=14 imm=2  ; line 2263
13238 MOVE                 R17 <- R16  ; line 2263
13239 LOAD_CONST           R18 constant[2712]  ; line 2264
13240 MOVE                 R19 <- R12  ; line 2264
13241 MOVE                 R20 <- R18  ; line 2264
13242 HOST_CALL            a=21 b=11 c=19 imm=2  ; line 2264
13243 MOVE                 R22 <- R21  ; line 2264
13244 LOAD_CONST           R23 constant[2713]  ; line 2265
13245 MOVE                 R24 <- R0  ; line 2265
13246 MOVE                 R25 <- R23  ; line 2265
13247 HOST_CALL            a=26 b=11 c=24 imm=2  ; line 2265
13248 LOAD_CONST           R27 constant[2714]  ; line 2265
13249 COMPARE              a=26 b=27 c=28 imm=0  ; line 2265
13250 JUMP_IF_FALSE        R28 -> 13262  ; line 2265
13251 LOAD_CONST           R23 constant[2715]  ; line 2266
13252 MOVE                 R24 <- R17  ; line 2266
13253 MOVE                 R25 <- R23  ; line 2266
13254 HOST_CALL            a=26 b=166 c=24 imm=2  ; line 2266
13255 MOVE                 R17 <- R26  ; line 2266
13256 LOAD_CONST           R23 constant[2716]  ; line 2267
13257 MOVE                 R24 <- R22  ; line 2267
13258 MOVE                 R25 <- R23  ; line 2267
13259 HOST_CALL            a=26 b=166 c=24 imm=2  ; line 2267
13260 MOVE                 R22 <- R26  ; line 2267
13261 JUMP                 -> 13262  ; line 2267
13262 LOAD_CONST           R23 constant[2717]  ; line 2269
13263 MOVE                 R24 <- R0  ; line 2269
13264 MOVE                 R25 <- R23  ; line 2269
13265 HOST_CALL            a=26 b=11 c=24 imm=2  ; line 2269
13266 LOAD_CONST           R27 constant[2718]  ; line 2269
13267 COMPARE              a=26 b=27 c=28 imm=0  ; line 2269
13268 JUMP_IF_FALSE        R28 -> 13280  ; line 2269
13269 LOAD_CONST           R23 constant[2719]  ; line 2270
13270 MOVE                 R24 <- R17  ; line 2270
13271 MOVE                 R25 <- R23  ; line 2270
13272 HOST_CALL            a=26 b=166 c=24 imm=2  ; line 2270
13273 MOVE                 R17 <- R26  ; line 2270
13274 LOAD_CONST           R23 constant[2720]  ; line 2271
13275 MOVE                 R24 <- R22  ; line 2271
13276 MOVE                 R25 <- R23  ; line 2271
13277 HOST_CALL            a=26 b=166 c=24 imm=2  ; line 2271
13278 MOVE                 R22 <- R26  ; line 2271
13279 JUMP                 -> 13280  ; line 2271
13280 LOAD_CONST           R23 constant[2721]  ; line 2273
13281 MOVE                 R24 <- R0  ; line 2273
13282 MOVE                 R25 <- R23  ; line 2273
13283 HOST_CALL            a=26 b=11 c=24 imm=2  ; line 2273
13284 LOAD_CONST           R27 constant[2722]  ; line 2273
13285 COMPARE              a=26 b=27 c=28 imm=0  ; line 2273
13286 JUMP_IF_FALSE        R28 -> 13298  ; line 2273
13287 LOAD_CONST           R23 constant[2723]  ; line 2274
13288 MOVE                 R24 <- R17  ; line 2274
13289 MOVE                 R25 <- R23  ; line 2274
13290 HOST_CALL            a=26 b=166 c=24 imm=2  ; line 2274
13291 MOVE                 R17 <- R26  ; line 2274
13292 LOAD_CONST           R23 constant[2724]  ; line 2275
13293 MOVE                 R24 <- R22  ; line 2275
13294 MOVE                 R25 <- R23  ; line 2275
13295 HOST_CALL            a=26 b=166 c=24 imm=2  ; line 2275
13296 MOVE                 R22 <- R26  ; line 2275
13297 JUMP                 -> 13298  ; line 2275
13298 LOAD_CONST           R23 constant[2725]  ; line 2277
13299 LOAD_CONST           R24 constant[2726]  ; line 2277
13300 LOAD_CONST           R25 constant[2727]  ; line 2277
13301 MOVE                 R26 <- R2  ; line 2277
13302 MOVE                 R27 <- R25  ; line 2277
13303 HOST_CALL            a=28 b=11 c=26 imm=2  ; line 2277
13304 MOVE                 R29 <- R17  ; line 2277
13305 MOVE                 R30 <- R24  ; line 2277
13306 MOVE                 R31 <- R28  ; line 2277
13307 HOST_CALL            a=32 b=183 c=29 imm=3  ; line 2277
13308 LOAD_CONST           R33 constant[2728]  ; line 2277
13309 LOAD_CONST           R34 constant[2729]  ; line 2277
13310 MOVE                 R35 <- R2  ; line 2277
13311 MOVE                 R36 <- R34  ; line 2277
13312 HOST_CALL            a=37 b=11 c=35 imm=2  ; line 2277
13313 MOVE                 R38 <- R22  ; line 2277
13314 MOVE                 R39 <- R33  ; line 2277
13315 MOVE                 R40 <- R37  ; line 2277
13316 HOST_CALL            a=41 b=183 c=38 imm=3  ; line 2277
13317 MOVE                 R42 <- R32  ; line 2277
13318 MOVE                 R43 <- R41  ; line 2277
13319 ARRAY_NEW            a=44 b=42 c=2 imm=4294967295  ; line 2277
13320 MOVE                 R45 <- R23  ; line 2277
13321 MOVE                 R46 <- R44  ; line 2277
13322 ARRAY_NEW            a=47 b=45 c=2 imm=4294967295  ; line 2277
13323 RETURN               R47  ; line 2277
13324 JUMP                 -> 13325  ; line 2277
13325 LOAD_CONST           R23 constant[2730]  ; line 2280
13326 LOAD_CONST           R24 constant[2731]  ; line 2280
13327 MOVE                 R25 <- R12  ; line 2280
13328 MOVE                 R26 <- R24  ; line 2280
13329 HOST_CALL            a=27 b=11 c=25 imm=2  ; line 2280
13330 LOAD_CONST           R28 constant[2732]  ; line 2280
13331 MOVE                 R29 <- R12  ; line 2280
13332 MOVE                 R30 <- R28  ; line 2280
13333 HOST_CALL            a=31 b=11 c=29 imm=2  ; line 2280
13334 MOVE                 R32 <- R27  ; line 2280
13335 MOVE                 R33 <- R31  ; line 2280
13336 ARRAY_NEW            a=34 b=32 c=2 imm=4294967295  ; line 2280
13337 MOVE                 R35 <- R23  ; line 2280
13338 MOVE                 R36 <- R34  ; line 2280
13339 ARRAY_NEW            a=37 b=35 c=2 imm=4294967295  ; line 2280
13340 RETURN               R37  ; line 2280
13341 LOAD_CONST           R38 constant[2733]  ; line 2280
13342 RETURN               R38  ; line 2280
13343 LOAD_CONST           R3 constant[2734]  ; line 2284
13344 MOVE                 R4 <- R0  ; line 2284
13345 MOVE                 R5 <- R3  ; line 2284
13346 HOST_CALL            a=6 b=11 c=4 imm=2  ; line 2284
13347 LOAD_CONST           R7 constant[2735]  ; line 2284
13348 COMPARE              a=6 b=7 c=8 imm=1  ; line 2284
13349 JUMP_IF_FALSE        R8 -> 13359  ; line 2284
13350 LOAD_CONST           R3 constant[2736]  ; line 2284
13351 LOAD_CONST           R4 constant[2737]  ; line 2284
13352 LOAD_CONST           R5 constant[2738]  ; line 2284
13353 MOVE                 R6 <- R3  ; line 2284
13354 MOVE                 R7 <- R4  ; line 2284
13355 MOVE                 R8 <- R5  ; line 2284
13356 CALL                 a=9 b=53 c=6 imm=3  ; line 2284
13357 RETURN               R9  ; line 2284
13358 JUMP                 -> 13359  ; line 2284
13359 LOAD_CONST           R3 constant[2739]  ; line 2285
13360 MOVE                 R4 <- R0  ; line 2285
13361 MOVE                 R5 <- R3  ; line 2285
13362 HOST_CALL            a=6 b=11 c=4 imm=2  ; line 2285
13363 LOAD_CONST           R7 constant[2740]  ; line 2285
13364 MOVE                 R8 <- R6  ; line 2285
13365 MOVE                 R9 <- R7  ; line 2285
13366 HOST_CALL            a=10 b=11 c=8 imm=2  ; line 2285
13367 JUMP_IF_FALSE        R10 -> 13417  ; line 2285
13368 LOAD_CONST           R3 constant[2741]  ; line 2286
13369 MOVE                 R4 <- R0  ; line 2286
13370 MOVE                 R5 <- R3  ; line 2286
13371 HOST_CALL            a=6 b=11 c=4 imm=2  ; line 2286
13372 MOVE                 R7 <- R1  ; line 2286
13373 MOVE                 R8 <- R6  ; line 2286
13374 CALL                 a=9 b=93 c=7 imm=2  ; line 2286
13375 MOVE                 R10 <- R9  ; line 2286
13376 LOAD_CONST           R11 constant[2742]  ; line 2287
13377 MOVE                 R12 <- R10  ; line 2287
13378 MOVE                 R13 <- R11  ; line 2287
13379 HOST_CALL            a=14 b=11 c=12 imm=2  ; line 2287
13380 UNARY                a=14 b=15 c=4294967295 imm=1  ; line 2287
13381 JUMP_IF_FALSE        R15 -> 13384  ; line 2287
13382 RETURN               R10  ; line 2287
13383 JUMP                 -> 13384  ; line 2287
13384 LOAD_CONST           R11 constant[2743]  ; line 2288
13385 MOVE                 R12 <- R10  ; line 2288
13386 MOVE                 R13 <- R11  ; line 2288
13387 HOST_CALL            a=14 b=11 c=12 imm=2  ; line 2288
13388 MOVE                 R15 <- R14  ; line 2288
13389 LOAD_CONST           R16 constant[2744]  ; line 2289
13390 LOAD_CONST           R17 constant[2745]  ; line 2289
13391 MOVE                 R18 <- R15  ; line 2289
13392 MOVE                 R19 <- R17  ; line 2289
13393 HOST_CALL            a=20 b=11 c=18 imm=2  ; line 2289
13394 MOVE                 R21 <- R20  ; line 2289
13395 HOST_CALL            a=22 b=72 c=21 imm=1  ; line 2289
13396 LOAD_CONST           R23 constant[2746]  ; line 2289
13397 MOVE                 R24 <- R15  ; line 2289
13398 MOVE                 R25 <- R23  ; line 2289
13399 HOST_CALL            a=26 b=11 c=24 imm=2  ; line 2289
13400 MOVE                 R27 <- R26  ; line 2289
13401 HOST_CALL            a=28 b=72 c=27 imm=1  ; line 2289
13402 LOAD_CONST           R29 constant[2747]  ; line 2289
13403 LOAD_CONST           R30 constant[2748]  ; line 2289
13404 MOVE                 R31 <- R30  ; line 2289
13405 ARRAY_NEW            a=32 b=31 c=1 imm=4294967295  ; line 2289
13406 MOVE                 R33 <- R0  ; line 2289
13407 MOVE                 R34 <- R22  ; line 2289
13408 MOVE                 R35 <- R28  ; line 2289
13409 MOVE                 R36 <- R29  ; line 2289
13410 MOVE                 R37 <- R32  ; line 2289
13411 CALL                 a=38 b=67 c=33 imm=5  ; line 2289
13412 MOVE                 R39 <- R16  ; line 2289
13413 MOVE                 R40 <- R38  ; line 2289
13414 ARRAY_NEW            a=41 b=39 c=2 imm=4294967295  ; line 2289
13415 RETURN               R41  ; line 2289
13416 JUMP                 -> 13417  ; line 2289
13417 LOAD_CONST           R16 constant[2749]  ; line 2292
13418 MOVE                 R17 <- R0  ; line 2292
13419 MOVE                 R18 <- R16  ; line 2292
13420 HOST_CALL            a=19 b=11 c=17 imm=2  ; line 2292
13421 MOVE                 R20 <- R1  ; line 2292
13422 MOVE                 R21 <- R19  ; line 2292
13423 CALL                 a=22 b=94 c=20 imm=2  ; line 2292
13424 MOVE                 R23 <- R22  ; line 2292
13425 LOAD_CONST           R24 constant[2750]  ; line 2293
13426 LOAD_CONST           R25 constant[2751]  ; line 2293
13427 MOVE                 R26 <- R23  ; line 2293
13428 MOVE                 R27 <- R25  ; line 2293
13429 HOST_CALL            a=28 b=11 c=26 imm=2  ; line 2293
13430 MOVE                 R29 <- R28  ; line 2293
13431 HOST_CALL            a=30 b=72 c=29 imm=1  ; line 2293
13432 LOAD_CONST           R31 constant[2752]  ; line 2293
13433 MOVE                 R32 <- R23  ; line 2293
13434 MOVE                 R33 <- R31  ; line 2293
13435 HOST_CALL            a=34 b=11 c=32 imm=2  ; line 2293
13436 MOVE                 R35 <- R34  ; line 2293
13437 HOST_CALL            a=36 b=72 c=35 imm=1  ; line 2293
13438 LOAD_CONST           R37 constant[2753]  ; line 2293
13439 LOAD_CONST           R38 constant[2754]  ; line 2293
13440 MOVE                 R39 <- R38  ; line 2293
13441 ARRAY_NEW            a=40 b=39 c=1 imm=4294967295  ; line 2293
13442 MOVE                 R41 <- R0  ; line 2293
13443 MOVE                 R42 <- R30  ; line 2293
13444 MOVE                 R43 <- R36  ; line 2293
13445 MOVE                 R44 <- R37  ; line 2293
13446 MOVE                 R45 <- R40  ; line 2293
13447 CALL                 a=46 b=67 c=41 imm=5  ; line 2293
13448 MOVE                 R47 <- R24  ; line 2293
13449 MOVE                 R48 <- R46  ; line 2293
13450 ARRAY_NEW            a=49 b=47 c=2 imm=4294967295  ; line 2293
13451 RETURN               R49  ; line 2293
13452 LOAD_CONST           R50 constant[2755]  ; line 2293
13453 RETURN               R50  ; line 2293
13454 LOAD_CONST           R3 constant[2756]  ; line 2298
13455 MOVE                 R4 <- R0  ; line 2298
13456 MOVE                 R5 <- R3  ; line 2298
13457 HOST_CALL            a=6 b=11 c=4 imm=2  ; line 2298
13458 LOAD_CONST           R7 constant[2757]  ; line 2298
13459 COMPARE              a=6 b=7 c=8 imm=1  ; line 2298
13460 JUMP_IF_FALSE        R8 -> 13470  ; line 2298
13461 LOAD_CONST           R3 constant[2758]  ; line 2298
13462 LOAD_CONST           R4 constant[2759]  ; line 2298
13463 LOAD_CONST           R5 constant[2760]  ; line 2298
13464 MOVE                 R6 <- R3  ; line 2298
13465 MOVE                 R7 <- R4  ; line 2298
13466 MOVE                 R8 <- R5  ; line 2298
13467 CALL                 a=9 b=53 c=6 imm=3  ; line 2298
13468 RETURN               R9  ; line 2298
13469 JUMP                 -> 13470  ; line 2298
13470 LOAD_CONST           R3 constant[2761]  ; line 2299
13471 MOVE                 R4 <- R0  ; line 2299
13472 MOVE                 R5 <- R3  ; line 2299
13473 HOST_CALL            a=6 b=11 c=4 imm=2  ; line 2299
13474 LOAD_CONST           R7 constant[2762]  ; line 2299
13475 MOVE                 R8 <- R6  ; line 2299
13476 MOVE                 R9 <- R7  ; line 2299
13477 HOST_CALL            a=10 b=11 c=8 imm=2  ; line 2299
13478 JUMP_IF_FALSE        R10 -> 13520  ; line 2299
13479 MOVE                 R3 <- R0  ; line 2300
13480 MOVE                 R4 <- R1  ; line 2300
13481 CALL                 a=5 b=99 c=3 imm=2  ; line 2300
13482 MOVE                 R6 <- R5  ; line 2300
13483 LOAD_CONST           R7 constant[2763]  ; line 2301
13484 MOVE                 R8 <- R6  ; line 2301
13485 MOVE                 R9 <- R7  ; line 2301
13486 HOST_CALL            a=10 b=11 c=8 imm=2  ; line 2301
13487 UNARY                a=10 b=11 c=4294967295 imm=1  ; line 2301
13488 JUMP_IF_FALSE        R11 -> 13491  ; line 2301
13489 RETURN               R6  ; line 2301
13490 JUMP                 -> 13491  ; line 2301
13491 LOAD_CONST           R7 constant[2764]  ; line 2302
13492 MOVE                 R8 <- R6  ; line 2302
13493 MOVE                 R9 <- R7  ; line 2302
13494 HOST_CALL            a=10 b=11 c=8 imm=2  ; line 2302
13495 MOVE                 R11 <- R10  ; line 2302
13496 LOAD_CONST           R12 constant[2765]  ; line 2303
13497 LOAD_CONST           R13 constant[2766]  ; line 2303
13498 MOVE                 R14 <- R11  ; line 2303
13499 MOVE                 R15 <- R13  ; line 2303
13500 HOST_CALL            a=16 b=11 c=14 imm=2  ; line 2303
13501 LOAD_CONST           R17 constant[2767]  ; line 2303
13502 MOVE                 R18 <- R11  ; line 2303
13503 MOVE                 R19 <- R17  ; line 2303
13504 HOST_CALL            a=20 b=11 c=18 imm=2  ; line 2303
13505 LOAD_CONST           R21 constant[2768]  ; line 2303
13506 LOAD_CONST           R22 constant[2769]  ; line 2303
13507 MOVE                 R23 <- R22  ; line 2303
13508 ARRAY_NEW            a=24 b=23 c=1 imm=4294967295  ; line 2303
13509 MOVE                 R25 <- R0  ; line 2303
13510 MOVE                 R26 <- R16  ; line 2303
13511 MOVE                 R27 <- R20  ; line 2303
13512 MOVE                 R28 <- R21  ; line 2303
13513 MOVE                 R29 <- R24  ; line 2303
13514 CALL                 a=30 b=67 c=25 imm=5  ; line 2303
13515 MOVE                 R31 <- R12  ; line 2303
13516 MOVE                 R32 <- R30  ; line 2303
13517 ARRAY_NEW            a=33 b=31 c=2 imm=4294967295  ; line 2303
13518 RETURN               R33  ; line 2303
13519 JUMP                 -> 13520  ; line 2303
13520 MOVE                 R12 <- R0  ; line 2306
13521 MOVE                 R13 <- R1  ; line 2306
13522 CALL                 a=14 b=98 c=12 imm=2  ; line 2306
13523 MOVE                 R15 <- R14  ; line 2306
13524 LOAD_CONST           R16 constant[2770]  ; line 2307
13525 LOAD_CONST           R17 constant[2771]  ; line 2307
13526 MOVE                 R18 <- R15  ; line 2307
13527 MOVE                 R19 <- R17  ; line 2307
13528 HOST_CALL            a=20 b=11 c=18 imm=2  ; line 2307
13529 LOAD_CONST           R21 constant[2772]  ; line 2307
13530 MOVE                 R22 <- R15  ; line 2307
13531 MOVE                 R23 <- R21  ; line 2307
13532 HOST_CALL            a=24 b=11 c=22 imm=2  ; line 2307
13533 LOAD_CONST           R25 constant[2773]  ; line 2307
13534 LOAD_CONST           R26 constant[2774]  ; line 2307
13535 MOVE                 R27 <- R26  ; line 2307
13536 ARRAY_NEW            a=28 b=27 c=1 imm=4294967295  ; line 2307
13537 MOVE                 R29 <- R0  ; line 2307
13538 MOVE                 R30 <- R20  ; line 2307
13539 MOVE                 R31 <- R24  ; line 2307
13540 MOVE                 R32 <- R25  ; line 2307
13541 MOVE                 R33 <- R28  ; line 2307
13542 CALL                 a=34 b=67 c=29 imm=5  ; line 2307
13543 MOVE                 R35 <- R16  ; line 2307
13544 MOVE                 R36 <- R34  ; line 2307
13545 ARRAY_NEW            a=37 b=35 c=2 imm=4294967295  ; line 2307
13546 RETURN               R37  ; line 2307
13547 LOAD_CONST           R38 constant[2775]  ; line 2307
13548 RETURN               R38  ; line 2307
13549 LOAD_CONST           R3 constant[2776]  ; line 2312
13550 MOVE                 R4 <- R0  ; line 2312
13551 MOVE                 R5 <- R3  ; line 2312
13552 HOST_CALL            a=6 b=11 c=4 imm=2  ; line 2312
13553 LOAD_CONST           R7 constant[2777]  ; line 2312
13554 COMPARE              a=6 b=7 c=8 imm=1  ; line 2312
13555 JUMP_IF_FALSE        R8 -> 13573  ; line 2312
13556 LOAD_CONST           R3 constant[2778]  ; line 2313
13557 MOVE                 R4 <- R0  ; line 2313
13558 MOVE                 R5 <- R3  ; line 2313
13559 HOST_CALL            a=6 b=11 c=4 imm=2  ; line 2313
13560 LOAD_CONST           R7 constant[2779]  ; line 2313
13561 COMPARE              a=6 b=7 c=8 imm=1  ; line 2313
13562 JUMP_IF_FALSE        R8 -> 13572  ; line 2313
13563 LOAD_CONST           R3 constant[2780]  ; line 2313
13564 LOAD_CONST           R4 constant[2781]  ; line 2313
13565 LOAD_CONST           R5 constant[2782]  ; line 2313
13566 MOVE                 R6 <- R3  ; line 2313
13567 MOVE                 R7 <- R4  ; line 2313
13568 MOVE                 R8 <- R5  ; line 2313
13569 CALL                 a=9 b=53 c=6 imm=3  ; line 2313
13570 RETURN               R9  ; line 2313
13571 JUMP                 -> 13572  ; line 2313
13572 JUMP                 -> 13573  ; line 2313
13573 MOVE                 R3 <- R0  ; line 2315
13574 MOVE                 R4 <- R1  ; line 2315
13575 CALL                 a=5 b=110 c=3 imm=2  ; line 2315
13576 MOVE                 R6 <- R5  ; line 2315
13577 LOAD_CONST           R7 constant[2783]  ; line 2316
13578 LOAD_CONST           R8 constant[2784]  ; line 2316
13579 MOVE                 R9 <- R6  ; line 2316
13580 MOVE                 R10 <- R8  ; line 2316
13581 HOST_CALL            a=11 b=11 c=9 imm=2  ; line 2316
13582 LOAD_CONST           R12 constant[2785]  ; line 2316
13583 MOVE                 R13 <- R6  ; line 2316
13584 MOVE                 R14 <- R12  ; line 2316
13585 HOST_CALL            a=15 b=11 c=13 imm=2  ; line 2316
13586 LOAD_CONST           R16 constant[2786]  ; line 2316
13587 LOAD_CONST           R17 constant[2787]  ; line 2316
13588 MOVE                 R18 <- R17  ; line 2316
13589 ARRAY_NEW            a=19 b=18 c=1 imm=4294967295  ; line 2316
13590 MOVE                 R20 <- R0  ; line 2316
13591 MOVE                 R21 <- R11  ; line 2316
13592 MOVE                 R22 <- R15  ; line 2316
13593 MOVE                 R23 <- R16  ; line 2316
13594 MOVE                 R24 <- R19  ; line 2316
13595 CALL                 a=25 b=67 c=20 imm=5  ; line 2316
13596 MOVE                 R26 <- R7  ; line 2316
13597 MOVE                 R27 <- R25  ; line 2316
13598 ARRAY_NEW            a=28 b=26 c=2 imm=4294967295  ; line 2316
13599 RETURN               R28  ; line 2316
13600 LOAD_CONST           R29 constant[2788]  ; line 2316
13601 RETURN               R29  ; line 2316
13602 LOAD_CONST           R3 constant[2789]  ; line 2321
13603 MOVE                 R4 <- R0  ; line 2321
13604 MOVE                 R5 <- R3  ; line 2321
13605 HOST_CALL            a=6 b=11 c=4 imm=2  ; line 2321
13606 LOAD_CONST           R7 constant[2790]  ; line 2321
13607 COMPARE              a=6 b=7 c=8 imm=1  ; line 2321
13608 JUMP_IF_FALSE        R8 -> 13618  ; line 2321
13609 LOAD_CONST           R3 constant[2791]  ; line 2321
13610 LOAD_CONST           R4 constant[2792]  ; line 2321
13611 LOAD_CONST           R5 constant[2793]  ; line 2321
13612 MOVE                 R6 <- R3  ; line 2321
13613 MOVE                 R7 <- R4  ; line 2321
13614 MOVE                 R8 <- R5  ; line 2321
13615 CALL                 a=9 b=53 c=6 imm=3  ; line 2321
13616 RETURN               R9  ; line 2321
13617 JUMP                 -> 13618  ; line 2321
13618 LOAD_CONST           R3 constant[2794]  ; line 2322
13619 LOAD_CONST           R4 constant[2795]  ; line 2322
13620 MOVE                 R5 <- R2  ; line 2322
13621 MOVE                 R6 <- R3  ; line 2322
13622 MOVE                 R7 <- R4  ; line 2322
13623 CALL                 a=8 b=54 c=5 imm=3  ; line 2322
13624 MOVE                 R9 <- R8  ; line 2322
13625 LOAD_CONST           R10 constant[2796]  ; line 2323
13626 COMPARE              a=9 b=10 c=11 imm=2  ; line 2323
13627 JUMP_IF_FALSE        R11 -> 13637  ; line 2323
13628 LOAD_CONST           R10 constant[2797]  ; line 2323
13629 LOAD_CONST           R11 constant[2798]  ; line 2323
13630 LOAD_CONST           R12 constant[2799]  ; line 2323
13631 MOVE                 R13 <- R10  ; line 2323
13632 MOVE                 R14 <- R11  ; line 2323
13633 MOVE                 R15 <- R12  ; line 2323
13634 CALL                 a=16 b=53 c=13 imm=3  ; line 2323
13635 RETURN               R16  ; line 2323
13636 JUMP                 -> 13637  ; line 2323
13637 LOAD_CONST           R10 constant[2800]  ; line 2324
13638 MOVE                 R11 <- R10  ; line 2324
13639 HOST_CALL            a=12 b=22 c=11 imm=1  ; line 2324
13640 MOVE                 R13 <- R12  ; line 2324
13641 LOAD_CONST           R14 constant[2801]  ; line 2325
13642 MOVE                 R15 <- R14  ; line 2325
13643 HOST_CALL            a=16 b=22 c=15 imm=1  ; line 2325
13644 MOVE                 R17 <- R16  ; line 2325
13645 LOAD_CONST           R18 constant[2802]  ; line 2326
13646 MOVE                 R19 <- R18  ; line 2326
13647 COMPARE              a=19 b=9 c=20 imm=2  ; line 2327
13648 JUMP_IF_FALSE        R20 -> 13789  ; line 2327
13649 LOAD_CONST           R20 constant[2803]  ; line 2328
13650 MOVE                 R21 <- R0  ; line 2328
13651 MOVE                 R22 <- R20  ; line 2328
13652 HOST_CALL            a=23 b=11 c=21 imm=2  ; line 2328
13653 LOAD_CONST           R24 constant[2804]  ; line 2328
13654 MOVE                 R25 <- R23  ; line 2328
13655 MOVE                 R26 <- R24  ; line 2328
13656 HOST_CALL            a=27 b=11 c=25 imm=2  ; line 2328
13657 LOAD_CONST           R28 constant[2805]  ; line 2328
13658 MOVE                 R29 <- R0  ; line 2328
13659 MOVE                 R30 <- R28  ; line 2328
13660 HOST_CALL            a=31 b=11 c=29 imm=2  ; line 2328
13661 LOAD_CONST           R32 constant[2806]  ; line 2328
13662 MOVE                 R33 <- R31  ; line 2328
13663 MOVE                 R34 <- R32  ; line 2328
13664 HOST_CALL            a=35 b=11 c=33 imm=2  ; line 2328
13665 BINARY               a=27 b=35 c=36 imm=2  ; line 2328
13666 LOAD_CONST           R37 constant[2807]  ; line 2328
13667 LOAD_CONST           R38 constant[2808]  ; line 2328
13668 MOVE                 R39 <- R0  ; line 2328
13669 MOVE                 R40 <- R38  ; line 2328
13670 HOST_CALL            a=41 b=11 c=39 imm=2  ; line 2328
13671 LOAD_CONST           R42 constant[2809]  ; line 2328
13672 MOVE                 R43 <- R41  ; line 2328
13673 MOVE                 R44 <- R42  ; line 2328
13674 HOST_CALL            a=45 b=11 c=43 imm=2  ; line 2328
13675 BINARY               a=37 b=45 c=46 imm=1  ; line 2328
13676 LOAD_CONST           R47 constant[2810]  ; line 2328
13677 MOVE                 R48 <- R0  ; line 2328
13678 MOVE                 R49 <- R47  ; line 2328
13679 HOST_CALL            a=50 b=11 c=48 imm=2  ; line 2328
13680 LOAD_CONST           R51 constant[2811]  ; line 2328
13681 MOVE                 R52 <- R50  ; line 2328
13682 MOVE                 R53 <- R51  ; line 2328
13683 HOST_CALL            a=54 b=11 c=52 imm=2  ; line 2328
13684 BINARY               a=46 b=54 c=55 imm=2  ; line 2328
13685 BINARY               a=36 b=55 c=56 imm=1  ; line 2328
13686 MOVE                 R57 <- R56  ; line 2328
13687 LOAD_CONST           R58 constant[2812]  ; line 2330
13688 MOVE                 R59 <- R0  ; line 2330
13689 MOVE                 R60 <- R58  ; line 2330
13690 HOST_CALL            a=61 b=11 c=59 imm=2  ; line 2330
13691 LOAD_CONST           R62 constant[2813]  ; line 2330
13692 MOVE                 R63 <- R61  ; line 2330
13693 MOVE                 R64 <- R62  ; line 2330
13694 HOST_CALL            a=65 b=11 c=63 imm=2  ; line 2330
13695 MOVE                 R66 <- R65  ; line 2330
13696 LOAD_CONST           R67 constant[2814]  ; line 2331
13697 MOVE                 R68 <- R0  ; line 2331
13698 MOVE                 R69 <- R67  ; line 2331
13699 HOST_CALL            a=70 b=11 c=68 imm=2  ; line 2331
13700 LOAD_CONST           R71 constant[2815]  ; line 2331
13701 MOVE                 R72 <- R70  ; line 2331
13702 MOVE                 R73 <- R71  ; line 2331
13703 HOST_CALL            a=74 b=11 c=72 imm=2  ; line 2331
13704 LOAD_CONST           R75 constant[2816]  ; line 2331
13705 COMPARE              a=74 b=75 c=76 imm=1  ; line 2331
13706 JUMP_IF_FALSE        R76 -> 13722  ; line 2331
13707 LOAD_CONST           R67 constant[2817]  ; line 2332
13708 MOVE                 R68 <- R0  ; line 2332
13709 MOVE                 R69 <- R67  ; line 2332
13710 HOST_CALL            a=70 b=11 c=68 imm=2  ; line 2332
13711 LOAD_CONST           R71 constant[2818]  ; line 2332
13712 MOVE                 R72 <- R70  ; line 2332
13713 MOVE                 R73 <- R71  ; line 2332
13714 HOST_CALL            a=74 b=11 c=72 imm=2  ; line 2332
13715 UNARY                a=19 b=75 c=4294967295 imm=0  ; line 2332
13716 MOVE                 R76 <- R75  ; line 2332
13717 CALL                 a=77 b=58 c=76 imm=1  ; line 2332
13718 BINARY               a=74 b=77 c=78 imm=2  ; line 2332
13719 BINARY               a=66 b=78 c=79 imm=0  ; line 2332
13720 MOVE                 R66 <- R79  ; line 2332
13721 JUMP                 -> 13722  ; line 2332
13722 BINARY               a=66 b=57 c=67 imm=2  ; line 2334
13723 MOVE                 R68 <- R13  ; line 2334
13724 MOVE                 R69 <- R67  ; line 2334
13725 HOST_CALL            a=70 b=23 c=68 imm=2  ; line 2334
13726 LOAD_CONST           R67 constant[2819]  ; line 2335
13727 MOVE                 R68 <- R0  ; line 2335
13728 MOVE                 R69 <- R67  ; line 2335
13729 HOST_CALL            a=70 b=11 c=68 imm=2  ; line 2335
13730 LOAD_CONST           R71 constant[2820]  ; line 2335
13731 MOVE                 R72 <- R70  ; line 2335
13732 MOVE                 R73 <- R71  ; line 2335
13733 HOST_CALL            a=74 b=11 c=72 imm=2  ; line 2335
13734 LOAD_CONST           R75 constant[2821]  ; line 2335
13735 MOVE                 R76 <- R0  ; line 2335
13736 MOVE                 R77 <- R75  ; line 2335
13737 HOST_CALL            a=78 b=11 c=76 imm=2  ; line 2335
13738 LOAD_CONST           R79 constant[2822]  ; line 2335
13739 MOVE                 R80 <- R78  ; line 2335
13740 MOVE                 R81 <- R79  ; line 2335
13741 HOST_CALL            a=82 b=11 c=80 imm=2  ; line 2335
13742 BINARY               a=74 b=82 c=83 imm=2  ; line 2335
13743 LOAD_CONST           R84 constant[2823]  ; line 2335
13744 MOVE                 R85 <- R0  ; line 2335
13745 MOVE                 R86 <- R84  ; line 2335
13746 HOST_CALL            a=87 b=11 c=85 imm=2  ; line 2335
13747 LOAD_CONST           R88 constant[2824]  ; line 2335
13748 MOVE                 R89 <- R87  ; line 2335
13749 MOVE                 R90 <- R88  ; line 2335
13750 HOST_CALL            a=91 b=11 c=89 imm=2  ; line 2335
13751 BINARY               a=83 b=91 c=92 imm=2  ; line 2335
13752 LOAD_CONST           R93 constant[2825]  ; line 2335
13753 LOAD_CONST           R94 constant[2826]  ; line 2335
13754 MOVE                 R95 <- R0  ; line 2335
13755 MOVE                 R96 <- R94  ; line 2335
13756 HOST_CALL            a=97 b=11 c=95 imm=2  ; line 2335
13757 LOAD_CONST           R98 constant[2827]  ; line 2335
13758 MOVE                 R99 <- R97  ; line 2335
13759 MOVE                 R100 <- R98  ; line 2335
13760 HOST_CALL            a=101 b=11 c=99 imm=2  ; line 2335
13761 BINARY               a=93 b=101 c=102 imm=1  ; line 2335
13762 LOAD_CONST           R103 constant[2828]  ; line 2335
13763 MOVE                 R104 <- R0  ; line 2335
13764 MOVE                 R105 <- R103  ; line 2335
13765 HOST_CALL            a=106 b=11 c=104 imm=2  ; line 2335
13766 LOAD_CONST           R107 constant[2829]  ; line 2335
13767 MOVE                 R108 <- R106  ; line 2335
13768 MOVE                 R109 <- R107  ; line 2335
13769 HOST_CALL            a=110 b=11 c=108 imm=2  ; line 2335
13770 BINARY               a=102 b=110 c=111 imm=2  ; line 2335
13771 LOAD_CONST           R112 constant[2830]  ; line 2335
13772 MOVE                 R113 <- R0  ; line 2335
13773 MOVE                 R114 <- R112  ; line 2335
13774 HOST_CALL            a=115 b=11 c=113 imm=2  ; line 2335
13775 LOAD_CONST           R116 constant[2831]  ; line 2335
13776 MOVE                 R117 <- R115  ; line 2335
13777 MOVE                 R118 <- R116  ; line 2335
13778 HOST_CALL            a=119 b=11 c=117 imm=2  ; line 2335
13779 BINARY               a=111 b=119 c=120 imm=2  ; line 2335
13780 BINARY               a=92 b=120 c=121 imm=0  ; line 2335
13781 BINARY               a=66 b=121 c=122 imm=2  ; line 2335
13782 MOVE                 R123 <- R17  ; line 2335
13783 MOVE                 R124 <- R122  ; line 2335
13784 HOST_CALL            a=125 b=23 c=123 imm=2  ; line 2335
13785 LOAD_CONST           R67 constant[2832]  ; line 2337
13786 BINARY               a=19 b=67 c=68 imm=0  ; line 2337
13787 MOVE                 R19 <- R68  ; line 2337
13788 JUMP                 -> 13647  ; line 2337
13789 LOAD_CONST           R67 constant[2833]  ; line 2339
13790 MOVE                 R68 <- R13  ; line 2339
13791 HOST_CALL            a=69 b=72 c=68 imm=1  ; line 2339
13792 MOVE                 R70 <- R17  ; line 2339
13793 HOST_CALL            a=71 b=72 c=70 imm=1  ; line 2339
13794 LOAD_CONST           R72 constant[2834]  ; line 2339
13795 LOAD_CONST           R73 constant[2835]  ; line 2339
13796 MOVE                 R74 <- R73  ; line 2339
13797 ARRAY_NEW            a=75 b=74 c=1 imm=4294967295  ; line 2339
13798 MOVE                 R76 <- R0  ; line 2339
13799 MOVE                 R77 <- R69  ; line 2339
13800 MOVE                 R78 <- R71  ; line 2339
13801 MOVE                 R79 <- R72  ; line 2339
13802 MOVE                 R80 <- R75  ; line 2339
13803 CALL                 a=81 b=67 c=76 imm=5  ; line 2339
13804 MOVE                 R82 <- R67  ; line 2339
13805 MOVE                 R83 <- R81  ; line 2339
13806 ARRAY_NEW            a=84 b=82 c=2 imm=4294967295  ; line 2339
13807 RETURN               R84  ; line 2339
13808 LOAD_CONST           R85 constant[2836]  ; line 2339
13809 RETURN               R85  ; line 2339
13810 HOST_CALL            a=0 b=0 c=0 imm=0  ; line 3
13811 MOVE                 R1 <- R0  ; line 3
13812 MOVE                 R2 <- R1  ; line 4
13813 HOST_CALL            a=3 b=26 c=2 imm=1  ; line 4
13814 LOAD_CONST           R4 constant[2837]  ; line 4
13815 COMPARE              a=3 b=4 c=5 imm=0  ; line 4
13816 LOAD_CONST           R6 constant[2838]  ; line 4
13817 MOVE                 R7 <- R5  ; line 4
13818 MOVE                 R8 <- R6  ; line 4
13819 HOST_CALL            a=9 b=5 c=7 imm=2  ; line 4
13820 LOAD_CONST           R2 constant[2839]  ; line 6
13821 MOVE                 R3 <- R1  ; line 6
13822 MOVE                 R4 <- R2  ; line 6
13823 HOST_CALL            a=5 b=11 c=3 imm=2  ; line 6
13824 MOVE                 R6 <- R5  ; line 6
13825 LOAD_CONST           R7 constant[2840]  ; line 7
13826 MOVE                 R8 <- R1  ; line 7
13827 MOVE                 R9 <- R7  ; line 7
13828 HOST_CALL            a=10 b=11 c=8 imm=2  ; line 7
13829 MOVE                 R11 <- R10  ; line 7
13830 LOAD_CONST           R12 constant[2841]  ; line 8
13831 MOVE                 R13 <- R1  ; line 8
13832 MOVE                 R14 <- R12  ; line 8
13833 HOST_CALL            a=15 b=11 c=13 imm=2  ; line 8
13834 MOVE                 R16 <- R15  ; line 8
13835 HOST_CALL            a=17 b=85 c=16 imm=1  ; line 8
13836 MOVE                 R18 <- R17  ; line 8
13837 LOAD_CONST           R19 constant[2842]  ; line 9
13838 MOVE                 R20 <- R1  ; line 9
13839 MOVE                 R21 <- R19  ; line 9
13840 HOST_CALL            a=22 b=11 c=20 imm=2  ; line 9
13841 MOVE                 R23 <- R22  ; line 9
13842 HOST_CALL            a=24 b=85 c=23 imm=1  ; line 9
13843 MOVE                 R25 <- R24  ; line 9
13844 LOAD_CONST           R26 constant[2843]  ; line 10
13845 MOVE                 R27 <- R1  ; line 10
13846 MOVE                 R28 <- R26  ; line 10
13847 HOST_CALL            a=29 b=11 c=27 imm=2  ; line 10
13848 MOVE                 R30 <- R29  ; line 10
13849 HOST_CALL            a=31 b=85 c=30 imm=1  ; line 10
13850 MOVE                 R32 <- R31  ; line 10
13851 LOAD_CONST           R33 constant[2844]  ; line 11
13852 MOVE                 R34 <- R18  ; line 11
13853 MOVE                 R35 <- R33  ; line 11
13854 HOST_CALL            a=36 b=11 c=34 imm=2  ; line 11
13855 LOAD_CONST           R37 constant[2845]  ; line 11
13856 MOVE                 R38 <- R36  ; line 11
13857 MOVE                 R39 <- R37  ; line 11
13858 HOST_CALL            a=40 b=5 c=38 imm=2  ; line 11
13859 LOAD_CONST           R33 constant[2846]  ; line 12
13860 MOVE                 R34 <- R25  ; line 12
13861 MOVE                 R35 <- R33  ; line 12
13862 HOST_CALL            a=36 b=11 c=34 imm=2  ; line 12
13863 LOAD_CONST           R37 constant[2847]  ; line 12
13864 MOVE                 R38 <- R36  ; line 12
13865 MOVE                 R39 <- R37  ; line 12
13866 HOST_CALL            a=40 b=5 c=38 imm=2  ; line 12
13867 LOAD_CONST           R33 constant[2848]  ; line 13
13868 MOVE                 R34 <- R32  ; line 13
13869 MOVE                 R35 <- R33  ; line 13
13870 HOST_CALL            a=36 b=11 c=34 imm=2  ; line 13
13871 LOAD_CONST           R37 constant[2849]  ; line 13
13872 MOVE                 R38 <- R36  ; line 13
13873 MOVE                 R39 <- R37  ; line 13
13874 HOST_CALL            a=40 b=5 c=38 imm=2  ; line 13
13875 LOAD_CONST           R33 constant[2850]  ; line 14
13876 MOVE                 R34 <- R18  ; line 14
13877 MOVE                 R35 <- R33  ; line 14
13878 HOST_CALL            a=36 b=11 c=34 imm=2  ; line 14
13879 MOVE                 R37 <- R36  ; line 14
13880 LOAD_CONST           R38 constant[2851]  ; line 15
13881 MOVE                 R39 <- R25  ; line 15
13882 MOVE                 R40 <- R38  ; line 15
13883 HOST_CALL            a=41 b=11 c=39 imm=2  ; line 15
13884 MOVE                 R42 <- R41  ; line 15
13885 LOAD_CONST           R43 constant[2852]  ; line 16
13886 MOVE                 R44 <- R32  ; line 16
13887 MOVE                 R45 <- R43  ; line 16
13888 HOST_CALL            a=46 b=11 c=44 imm=2  ; line 16
13889 MOVE                 R47 <- R46  ; line 16
13890 LOAD_CONST           R48 constant[2853]  ; line 17
13891 MOVE                 R49 <- R1  ; line 17
13892 MOVE                 R50 <- R48  ; line 17
13893 HOST_CALL            a=51 b=11 c=49 imm=2  ; line 17
13894 MOVE                 R52 <- R51  ; line 17
13895 MOVE                 R53 <- R6  ; line 113
13896 MOVE                 R54 <- R11  ; line 113
13897 MOVE                 R55 <- R37  ; line 113
13898 MOVE                 R56 <- R42  ; line 113
13899 MOVE                 R57 <- R47  ; line 113
13900 MOVE                 R58 <- R52  ; line 113
13901 CALL                 a=59 b=0 c=53 imm=6  ; line 113
13902 HALT                   ; line 113
verified
