LABC v2 entry=0 constants=3090 functions=172 instructions=15229
0000 JUMP                 -> 14481  ; line 2
0001 LOAD_CONST           R2 constant[0]  ; line 8
0002 MOVE                 R3 <- R1  ; line 8
0003 HOST_CALL            a=4 b=21 c=3 imm=1  ; line 8
0004 MOVE                 R5 <- R2  ; line 8
0005 MOVE                 R6 <- R4  ; line 8
0006 HOST_CALL            a=7 b=20 c=5 imm=2  ; line 8
0007 MOVE                 R8 <- R0  ; line 8
0008 MOVE                 R9 <- R7  ; line 8
0009 CALL                 a=10 b=24 c=8 imm=2  ; line 8
0010 RETURN               R10  ; line 8
0011 LOAD_CONST           R11 constant[1]  ; line 8
0012 RETURN               R11  ; line 8
0013 MOVE                 R4 <- R0  ; line 9
0014 MOVE                 R5 <- R1  ; line 9
0015 MOVE                 R6 <- R2  ; line 9
0016 CALL                 a=7 b=27 c=4 imm=3  ; line 9
0017 LOAD_CONST           R8 constant[2]  ; line 9
0018 MOVE                 R9 <- R3  ; line 9
0019 HOST_CALL            a=10 b=21 c=9 imm=1  ; line 9
0020 LOAD_CONST           R11 constant[3]  ; line 9
0021 MOVE                 R12 <- R10  ; line 9
0022 MOVE                 R13 <- R11  ; line 9
0023 HOST_CALL            a=14 b=20 c=12 imm=2  ; line 9
0024 MOVE                 R15 <- R8  ; line 9
0025 MOVE                 R16 <- R14  ; line 9
0026 HOST_CALL            a=17 b=20 c=15 imm=2  ; line 9
0027 MOVE                 R18 <- R7  ; line 9
0028 MOVE                 R19 <- R17  ; line 9
0029 CALL                 a=20 b=24 c=18 imm=2  ; line 9
0030 RETURN               R20  ; line 9
0031 LOAD_CONST           R21 constant[4]  ; line 9
0032 RETURN               R21  ; line 9
0033 MOVE                 R5 <- R0  ; line 10
0034 MOVE                 R6 <- R1  ; line 10
0035 CALL                 a=7 b=28 c=5 imm=2  ; line 10
0036 LOAD_CONST           R8 constant[5]  ; line 10
0037 MOVE                 R9 <- R2  ; line 10
0038 MOVE                 R10 <- R8  ; line 10
0039 HOST_CALL            a=11 b=20 c=9 imm=2  ; line 10
0040 MOVE                 R12 <- R11  ; line 10
0041 MOVE                 R13 <- R3  ; line 10
0042 HOST_CALL            a=14 b=20 c=12 imm=2  ; line 10
0043 MOVE                 R15 <- R14  ; line 10
0044 MOVE                 R16 <- R4  ; line 10
0045 HOST_CALL            a=17 b=20 c=15 imm=2  ; line 10
0046 MOVE                 R18 <- R7  ; line 10
0047 MOVE                 R19 <- R17  ; line 10
0048 CALL                 a=20 b=24 c=18 imm=2  ; line 10
0049 RETURN               R20  ; line 10
0050 LOAD_CONST           R21 constant[6]  ; line 10
0051 RETURN               R21  ; line 10
0052 COMPARE              a=0 b=1 c=2 imm=4  ; line 11
0053 JUMP_IF_FALSE        R2 -> 56  ; line 11
0054 RETURN               R0  ; line 11
0055 JUMP                 -> 56  ; line 11
0056 RETURN               R1  ; line 11
0057 LOAD_CONST           R2 constant[7]  ; line 11
0058 RETURN               R2  ; line 11
0059 LOAD_CONST           R3 constant[8]  ; line 14
0060 MOVE                 R4 <- R3  ; line 14
0061 LOAD_CONST           R5 constant[9]  ; line 14
0062 MOVE                 R6 <- R5  ; line 14
0063 LOAD_CONST           R7 constant[10]  ; line 14
0064 MOVE                 R8 <- R7  ; line 14
0065 LOAD_CONST           R9 constant[11]  ; line 14
0066 MOVE                 R10 <- R9  ; line 14
0067 LOAD_CONST           R11 constant[12]  ; line 14
0068 MOVE                 R12 <- R11  ; line 14
0069 LOAD_CONST           R13 constant[13]  ; line 14
0070 MOVE                 R14 <- R13  ; line 14
0071 CALL                 a=15 b=18 c=15 imm=0  ; line 15
0072 COMPARE              a=14 b=15 c=16 imm=2  ; line 15
0073 JUMP_IF_FALSE        R16 -> 116  ; line 15
0074 MOVE                 R15 <- R0  ; line 16
0075 MOVE                 R16 <- R1  ; line 16
0076 MOVE                 R17 <- R2  ; line 16
0077 MOVE                 R18 <- R14  ; line 16
0078 CALL                 a=19 b=1 c=15 imm=4  ; line 16
0079 MOVE                 R20 <- R19  ; line 16
0080 CALL                 a=21 b=56 c=20 imm=1  ; line 16
0081 MOVE                 R22 <- R21  ; line 16
0082 LOAD_CONST           R23 constant[14]  ; line 17
0083 MOVE                 R24 <- R22  ; line 17
0084 MOVE                 R25 <- R23  ; line 17
0085 HOST_CALL            a=26 b=11 c=24 imm=2  ; line 17
0086 BINARY               a=4 b=26 c=27 imm=0  ; line 17
0087 MOVE                 R4 <- R27  ; line 17
0088 LOAD_CONST           R23 constant[15]  ; line 17
0089 MOVE                 R24 <- R22  ; line 17
0090 MOVE                 R25 <- R23  ; line 17
0091 HOST_CALL            a=26 b=11 c=24 imm=2  ; line 17
0092 BINARY               a=6 b=26 c=27 imm=0  ; line 17
0093 MOVE                 R6 <- R27  ; line 17
0094 LOAD_CONST           R23 constant[16]  ; line 18
0095 MOVE                 R24 <- R22  ; line 18
0096 MOVE                 R25 <- R23  ; line 18
0097 HOST_CALL            a=26 b=11 c=24 imm=2  ; line 18
0098 BINARY               a=8 b=26 c=27 imm=0  ; line 18
0099 MOVE                 R8 <- R27  ; line 18
0100 LOAD_CONST           R23 constant[17]  ; line 18
0101 MOVE                 R24 <- R22  ; line 18
0102 MOVE                 R25 <- R23  ; line 18
0103 HOST_CALL            a=26 b=11 c=24 imm=2  ; line 18
0104 BINARY               a=10 b=26 c=27 imm=0  ; line 18
0105 MOVE                 R10 <- R27  ; line 18
0106 LOAD_CONST           R23 constant[18]  ; line 19
0107 MOVE                 R24 <- R22  ; line 19
0108 MOVE                 R25 <- R23  ; line 19
0109 HOST_CALL            a=26 b=11 c=24 imm=2  ; line 19
0110 BINARY               a=12 b=26 c=27 imm=0  ; line 19
0111 MOVE                 R12 <- R27  ; line 19
0112 CALL                 a=23 b=19 c=23 imm=0  ; line 19
0113 BINARY               a=14 b=23 c=24 imm=0  ; line 19
0114 MOVE                 R14 <- R24  ; line 19
0115 JUMP                 -> 71  ; line 19
0116 LOAD_CONST           R23 constant[19]  ; line 21
0117 MOVE                 R24 <- R23  ; line 21
0118 LOAD_CONST           R25 constant[20]  ; line 21
0119 COMPARE              a=10 b=25 c=26 imm=4  ; line 21
0120 JUMP_IF_FALSE        R26 -> 124  ; line 21
0121 BINARY               a=8 b=10 c=25 imm=3  ; line 21
0122 MOVE                 R24 <- R25  ; line 21
0123 JUMP                 -> 124  ; line 21
0124 LOAD_CONST           R25 constant[21]  ; line 22
0125 BINARY               a=4 b=12 c=26 imm=3  ; line 22
0126 LOAD_CONST           R27 constant[22]  ; line 22
0127 BINARY               a=6 b=12 c=28 imm=3  ; line 22
0128 LOAD_CONST           R29 constant[23]  ; line 22
0129 LOAD_CONST           R30 constant[24]  ; line 22
0130 MOVE                 R31 <- R25  ; line 22
0131 MOVE                 R32 <- R26  ; line 22
0132 MOVE                 R33 <- R27  ; line 22
0133 MOVE                 R34 <- R28  ; line 22
0134 MOVE                 R35 <- R29  ; line 22
0135 MOVE                 R36 <- R12  ; line 22
0136 MOVE                 R37 <- R30  ; line 22
0137 MOVE                 R38 <- R24  ; line 22
0138 HOST_CALL            a=39 b=6 c=31 imm=8  ; line 22
0139 RETURN               R39  ; line 22
0140 LOAD_CONST           R40 constant[25]  ; line 22
0141 RETURN               R40  ; line 22
0142 MOVE                 R1 <- R0  ; line 25
0143 HOST_CALL            a=2 b=1 c=1 imm=1  ; line 25
0144 MOVE                 R3 <- R2  ; line 25
0145 HOST_CALL            a=4 b=17 c=3 imm=1  ; line 25
0146 RETURN               R4  ; line 25
0147 LOAD_CONST           R5 constant[26]  ; line 25
0148 RETURN               R5  ; line 25
0149 LOAD_CONST           R2 constant[27]  ; line 28
0150 MOVE                 R3 <- R2  ; line 28
0151 LOAD_CONST           R4 constant[28]  ; line 28
0152 MOVE                 R5 <- R4  ; line 28
0153 MOVE                 R6 <- R1  ; line 29
0154 CALL                 a=7 b=22 c=6 imm=1  ; line 29
0155 COMPARE              a=5 b=7 c=8 imm=2  ; line 29
0156 JUMP_IF_FALSE        R8 -> 171  ; line 29
0157 MOVE                 R6 <- R0  ; line 29
0158 MOVE                 R7 <- R1  ; line 29
0159 MOVE                 R8 <- R5  ; line 29
0160 CALL                 a=9 b=31 c=6 imm=3  ; line 29
0161 MOVE                 R10 <- R9  ; line 29
0162 CALL                 a=11 b=63 c=10 imm=1  ; line 29
0163 MOVE                 R12 <- R11  ; line 29
0164 CALL                 a=13 b=68 c=12 imm=1  ; line 29
0165 BINARY               a=3 b=13 c=14 imm=0  ; line 29
0166 MOVE                 R3 <- R14  ; line 29
0167 LOAD_CONST           R6 constant[29]  ; line 29
0168 BINARY               a=5 b=6 c=7 imm=0  ; line 29
0169 MOVE                 R5 <- R7  ; line 29
0170 JUMP                 -> 153  ; line 29
0171 RETURN               R3  ; line 30
0172 LOAD_CONST           R6 constant[30]  ; line 30
0173 RETURN               R6  ; line 30
0174 LOAD_CONST           R2 constant[31]  ; line 34
0175 MOVE                 R3 <- R2  ; line 34
0176 LOAD_CONST           R4 constant[32]  ; line 34
0177 MOVE                 R5 <- R4  ; line 34
0178 MOVE                 R6 <- R1  ; line 35
0179 CALL                 a=7 b=22 c=6 imm=1  ; line 35
0180 COMPARE              a=5 b=7 c=8 imm=2  ; line 35
0181 JUMP_IF_FALSE        R8 -> 194  ; line 35
0182 MOVE                 R6 <- R0  ; line 35
0183 MOVE                 R7 <- R1  ; line 35
0184 MOVE                 R8 <- R5  ; line 35
0185 CALL                 a=9 b=31 c=6 imm=3  ; line 35
0186 MOVE                 R10 <- R9  ; line 35
0187 CALL                 a=11 b=5 c=10 imm=1  ; line 35
0188 BINARY               a=3 b=11 c=12 imm=0  ; line 35
0189 MOVE                 R3 <- R12  ; line 35
0190 LOAD_CONST           R6 constant[33]  ; line 35
0191 BINARY               a=5 b=6 c=7 imm=0  ; line 35
0192 MOVE                 R5 <- R7  ; line 35
0193 JUMP                 -> 178  ; line 35
0194 RETURN               R3  ; line 36
0195 LOAD_CONST           R6 constant[34]  ; line 36
0196 RETURN               R6  ; line 36
0197 LOAD_CONST           R2 constant[35]  ; line 40
0198 MOVE                 R3 <- R2  ; line 40
0199 LOAD_CONST           R4 constant[36]  ; line 40
0200 MOVE                 R5 <- R4  ; line 40
0201 COMPARE              a=5 b=1 c=6 imm=2  ; line 41
0202 JUMP_IF_FALSE        R6 -> 215  ; line 41
0203 MOVE                 R6 <- R0  ; line 41
0204 MOVE                 R7 <- R1  ; line 41
0205 MOVE                 R8 <- R5  ; line 41
0206 CALL                 a=9 b=32 c=6 imm=3  ; line 41
0207 MOVE                 R10 <- R9  ; line 41
0208 CALL                 a=11 b=5 c=10 imm=1  ; line 41
0209 BINARY               a=3 b=11 c=12 imm=0  ; line 41
0210 MOVE                 R3 <- R12  ; line 41
0211 LOAD_CONST           R6 constant[37]  ; line 41
0212 BINARY               a=5 b=6 c=7 imm=0  ; line 41
0213 MOVE                 R5 <- R7  ; line 41
0214 JUMP                 -> 201  ; line 41
0215 RETURN               R3  ; line 42
0216 LOAD_CONST           R6 constant[38]  ; line 42
0217 RETURN               R6  ; line 42
0218 LOAD_CONST           R4 constant[39]  ; line 46
0219 MOVE                 R5 <- R0  ; line 46
0220 MOVE                 R6 <- R1  ; line 46
0221 MOVE                 R7 <- R2  ; line 46
0222 MOVE                 R8 <- R3  ; line 46
0223 MOVE                 R9 <- R4  ; line 46
0224 CALL                 a=10 b=2 c=5 imm=5  ; line 46
0225 MOVE                 R11 <- R10  ; line 46
0226 CALL                 a=12 b=56 c=11 imm=1  ; line 46
0227 MOVE                 R13 <- R12  ; line 46
0228 LOAD_CONST           R14 constant[40]  ; line 47
0229 MOVE                 R15 <- R0  ; line 47
0230 MOVE                 R16 <- R1  ; line 47
0231 MOVE                 R17 <- R2  ; line 47
0232 MOVE                 R18 <- R3  ; line 47
0233 MOVE                 R19 <- R14  ; line 47
0234 CALL                 a=20 b=2 c=15 imm=5  ; line 47
0235 MOVE                 R21 <- R20  ; line 47
0236 HOST_CALL            a=22 b=1 c=21 imm=1  ; line 47
0237 MOVE                 R23 <- R22  ; line 47
0238 CALL                 a=24 b=170 c=23 imm=1  ; line 47
0239 MOVE                 R25 <- R24  ; line 47
0240 MOVE                 R26 <- R25  ; line 48
0241 HOST_CALL            a=27 b=85 c=26 imm=1  ; line 48
0242 MOVE                 R28 <- R27  ; line 48
0243 LOAD_CONST           R29 constant[41]  ; line 48
0244 MOVE                 R30 <- R28  ; line 48
0245 MOVE                 R31 <- R29  ; line 48
0246 HOST_CALL            a=32 b=11 c=30 imm=2  ; line 48
0247 LOAD_CONST           R33 constant[42]  ; line 48
0248 MOVE                 R34 <- R32  ; line 48
0249 MOVE                 R35 <- R33  ; line 48
0250 HOST_CALL            a=36 b=5 c=34 imm=2  ; line 48
0251 LOAD_CONST           R29 constant[43]  ; line 49
0252 LOAD_CONST           R30 constant[44]  ; line 49
0253 MOVE                 R31 <- R28  ; line 49
0254 MOVE                 R32 <- R30  ; line 49
0255 HOST_CALL            a=33 b=11 c=31 imm=2  ; line 49
0256 MOVE                 R34 <- R13  ; line 49
0257 MOVE                 R35 <- R29  ; line 49
0258 MOVE                 R36 <- R33  ; line 49
0259 HOST_CALL            a=37 b=12 c=34 imm=3  ; line 49
0260 RETURN               R13  ; line 50
0261 LOAD_CONST           R29 constant[45]  ; line 50
0262 RETURN               R29  ; line 50
0263 MOVE                 R8 <- R0  ; line 54
0264 MOVE                 R9 <- R1  ; line 54
0265 MOVE                 R10 <- R3  ; line 54
0266 CALL                 a=11 b=4 c=8 imm=3  ; line 54
0267 MOVE                 R12 <- R11  ; line 54
0268 LOAD_CONST           R13 constant[46]  ; line 55
0269 MOVE                 R14 <- R0  ; line 55
0270 MOVE                 R15 <- R1  ; line 55
0271 MOVE                 R16 <- R2  ; line 55
0272 MOVE                 R17 <- R13  ; line 55
0273 CALL                 a=18 b=9 c=14 imm=4  ; line 55
0274 MOVE                 R19 <- R18  ; line 55
0275 LOAD_CONST           R20 constant[47]  ; line 55
0276 MOVE                 R21 <- R0  ; line 55
0277 MOVE                 R22 <- R1  ; line 55
0278 MOVE                 R23 <- R2  ; line 55
0279 MOVE                 R24 <- R20  ; line 55
0280 CALL                 a=25 b=9 c=21 imm=4  ; line 55
0281 MOVE                 R26 <- R25  ; line 55
0282 LOAD_CONST           R27 constant[48]  ; line 56
0283 MOVE                 R28 <- R0  ; line 56
0284 MOVE                 R29 <- R1  ; line 56
0285 MOVE                 R30 <- R2  ; line 56
0286 MOVE                 R31 <- R27  ; line 56
0287 CALL                 a=32 b=9 c=28 imm=4  ; line 56
0288 MOVE                 R33 <- R32  ; line 56
0289 LOAD_CONST           R34 constant[49]  ; line 56
0290 LOAD_CONST           R35 constant[50]  ; line 56
0291 MOVE                 R36 <- R0  ; line 56
0292 MOVE                 R37 <- R1  ; line 56
0293 MOVE                 R38 <- R34  ; line 56
0294 MOVE                 R39 <- R35  ; line 56
0295 CALL                 a=40 b=9 c=36 imm=4  ; line 56
0296 MOVE                 R41 <- R40  ; line 56
0297 LOAD_CONST           R42 constant[51]  ; line 57
0298 MOVE                 R43 <- R19  ; line 57
0299 MOVE                 R44 <- R42  ; line 57
0300 HOST_CALL            a=45 b=11 c=43 imm=2  ; line 57
0301 LOAD_CONST           R46 constant[52]  ; line 57
0302 MOVE                 R47 <- R26  ; line 57
0303 MOVE                 R48 <- R46  ; line 57
0304 HOST_CALL            a=49 b=11 c=47 imm=2  ; line 57
0305 MOVE                 R50 <- R45  ; line 57
0306 MOVE                 R51 <- R49  ; line 57
0307 CALL                 a=52 b=3 c=50 imm=2  ; line 57
0308 MOVE                 R53 <- R52  ; line 57
0309 LOAD_CONST           R54 constant[53]  ; line 58
0310 MOVE                 R55 <- R54  ; line 58
0311 LOAD_CONST           R56 constant[54]  ; line 58
0312 MOVE                 R57 <- R26  ; line 58
0313 MOVE                 R58 <- R56  ; line 58
0314 HOST_CALL            a=59 b=11 c=57 imm=2  ; line 58
0315 LOAD_CONST           R60 constant[55]  ; line 58
0316 COMPARE              a=59 b=60 c=61 imm=4  ; line 58
0317 JUMP_IF_FALSE        R61 -> 329  ; line 58
0318 LOAD_CONST           R56 constant[56]  ; line 58
0319 MOVE                 R57 <- R26  ; line 58
0320 MOVE                 R58 <- R56  ; line 58
0321 HOST_CALL            a=59 b=11 c=57 imm=2  ; line 58
0322 LOAD_CONST           R60 constant[57]  ; line 58
0323 MOVE                 R61 <- R26  ; line 58
0324 MOVE                 R62 <- R60  ; line 58
0325 HOST_CALL            a=63 b=11 c=61 imm=2  ; line 58
0326 BINARY               a=59 b=63 c=64 imm=3  ; line 58
0327 MOVE                 R55 <- R64  ; line 58
0328 JUMP                 -> 329  ; line 58
0329 LOAD_CONST           R56 constant[58]  ; line 59
0330 LOAD_CONST           R57 constant[59]  ; line 59
0331 LOAD_CONST           R58 constant[60]  ; line 59
0332 LOAD_CONST           R59 constant[61]  ; line 59
0333 LOAD_CONST           R60 constant[62]  ; line 59
0334 MOVE                 R61 <- R12  ; line 59
0335 MOVE                 R62 <- R60  ; line 59
0336 HOST_CALL            a=63 b=11 c=61 imm=2  ; line 59
0337 LOAD_CONST           R64 constant[63]  ; line 59
0338 LOAD_CONST           R65 constant[64]  ; line 59
0339 MOVE                 R66 <- R12  ; line 59
0340 MOVE                 R67 <- R65  ; line 59
0341 HOST_CALL            a=68 b=11 c=66 imm=2  ; line 59
0342 LOAD_CONST           R69 constant[65]  ; line 59
0343 LOAD_CONST           R70 constant[66]  ; line 59
0344 MOVE                 R71 <- R12  ; line 59
0345 MOVE                 R72 <- R70  ; line 59
0346 HOST_CALL            a=73 b=11 c=71 imm=2  ; line 59
0347 LOAD_CONST           R74 constant[67]  ; line 59
0348 LOAD_CONST           R75 constant[68]  ; line 59
0349 MOVE                 R76 <- R12  ; line 59
0350 MOVE                 R77 <- R75  ; line 59
0351 HOST_CALL            a=78 b=11 c=76 imm=2  ; line 59
0352 LOAD_CONST           R79 constant[69]  ; line 59
0353 LOAD_CONST           R80 constant[70]  ; line 59
0354 LOAD_CONST           R81 constant[71]  ; line 59
0355 LOAD_CONST           R82 constant[72]  ; line 59
0356 LOAD_CONST           R83 constant[73]  ; line 59
0357 LOAD_CONST           R84 constant[74]  ; line 59
0358 MOVE                 R85 <- R26  ; line 59
0359 MOVE                 R86 <- R84  ; line 59
0360 HOST_CALL            a=87 b=11 c=85 imm=2  ; line 59
0361 LOAD_CONST           R88 constant[75]  ; line 59
0362 LOAD_CONST           R89 constant[76]  ; line 59
0363 MOVE                 R90 <- R41  ; line 59
0364 MOVE                 R91 <- R89  ; line 59
0365 HOST_CALL            a=92 b=11 c=90 imm=2  ; line 59
0366 LOAD_CONST           R93 constant[77]  ; line 59
0367 LOAD_CONST           R94 constant[78]  ; line 59
0368 MOVE                 R95 <- R41  ; line 59
0369 MOVE                 R96 <- R94  ; line 59
0370 HOST_CALL            a=97 b=11 c=95 imm=2  ; line 59
0371 BINARY               a=53 b=97 c=98 imm=1  ; line 59
0372 LOAD_CONST           R99 constant[79]  ; line 59
0373 LOAD_CONST           R100 constant[80]  ; line 59
0374 MOVE                 R101 <- R19  ; line 59
0375 MOVE                 R102 <- R100  ; line 59
0376 HOST_CALL            a=103 b=11 c=101 imm=2  ; line 59
0377 LOAD_CONST           R104 constant[81]  ; line 59
0378 LOAD_CONST           R105 constant[82]  ; line 59
0379 MOVE                 R106 <- R26  ; line 59
0380 MOVE                 R107 <- R105  ; line 59
0381 HOST_CALL            a=108 b=11 c=106 imm=2  ; line 59
0382 LOAD_CONST           R109 constant[83]  ; line 59
0383 LOAD_CONST           R110 constant[84]  ; line 59
0384 MOVE                 R111 <- R33  ; line 59
0385 MOVE                 R112 <- R110  ; line 59
0386 HOST_CALL            a=113 b=11 c=111 imm=2  ; line 59
0387 LOAD_CONST           R114 constant[85]  ; line 59
0388 LOAD_CONST           R115 constant[86]  ; line 59
0389 MOVE                 R116 <- R26  ; line 59
0390 MOVE                 R117 <- R115  ; line 59
0391 HOST_CALL            a=118 b=11 c=116 imm=2  ; line 59
0392 LOAD_CONST           R119 constant[87]  ; line 59
0393 LOAD_CONST           R120 constant[88]  ; line 59
0394 MOVE                 R121 <- R19  ; line 59
0395 MOVE                 R122 <- R120  ; line 59
0396 HOST_CALL            a=123 b=11 c=121 imm=2  ; line 59
0397 LOAD_CONST           R124 constant[89]  ; line 59
0398 LOAD_CONST           R125 constant[90]  ; line 59
0399 MOVE                 R126 <- R26  ; line 59
0400 MOVE                 R127 <- R125  ; line 59
0401 HOST_CALL            a=128 b=11 c=126 imm=2  ; line 59
0402 LOAD_CONST           R129 constant[91]  ; line 59
0403 LOAD_CONST           R130 constant[92]  ; line 59
0404 MOVE                 R131 <- R26  ; line 59
0405 MOVE                 R132 <- R130  ; line 59
0406 HOST_CALL            a=133 b=11 c=131 imm=2  ; line 59
0407 LOAD_CONST           R134 constant[93]  ; line 59
0408 MOVE                 R135 <- R56  ; line 59
0409 MOVE                 R136 <- R2  ; line 59
0410 MOVE                 R137 <- R57  ; line 59
0411 MOVE                 R138 <- R1  ; line 59
0412 MOVE                 R139 <- R58  ; line 59
0413 MOVE                 R140 <- R4  ; line 59
0414 MOVE                 R141 <- R59  ; line 59
0415 MOVE                 R142 <- R63  ; line 59
0416 MOVE                 R143 <- R64  ; line 59
0417 MOVE                 R144 <- R68  ; line 59
0418 MOVE                 R145 <- R69  ; line 59
0419 MOVE                 R146 <- R73  ; line 59
0420 MOVE                 R147 <- R74  ; line 59
0421 MOVE                 R148 <- R78  ; line 59
0422 MOVE                 R149 <- R79  ; line 59
0423 MOVE                 R150 <- R6  ; line 59
0424 MOVE                 R151 <- R80  ; line 59
0425 MOVE                 R152 <- R5  ; line 59
0426 MOVE                 R153 <- R81  ; line 59
0427 MOVE                 R154 <- R7  ; line 59
0428 MOVE                 R155 <- R82  ; line 59
0429 MOVE                 R156 <- R53  ; line 59
0430 MOVE                 R157 <- R83  ; line 59
0431 MOVE                 R158 <- R87  ; line 59
0432 MOVE                 R159 <- R88  ; line 59
0433 MOVE                 R160 <- R92  ; line 59
0434 MOVE                 R161 <- R93  ; line 59
0435 MOVE                 R162 <- R98  ; line 59
0436 MOVE                 R163 <- R99  ; line 59
0437 MOVE                 R164 <- R103  ; line 59
0438 MOVE                 R165 <- R104  ; line 59
0439 MOVE                 R166 <- R108  ; line 59
0440 MOVE                 R167 <- R109  ; line 59
0441 MOVE                 R168 <- R113  ; line 59
0442 MOVE                 R169 <- R114  ; line 59
0443 MOVE                 R170 <- R118  ; line 59
0444 MOVE                 R171 <- R119  ; line 59
0445 MOVE                 R172 <- R123  ; line 59
0446 MOVE                 R173 <- R124  ; line 59
0447 MOVE                 R174 <- R128  ; line 59
0448 MOVE                 R175 <- R129  ; line 59
0449 MOVE                 R176 <- R133  ; line 59
0450 MOVE                 R177 <- R134  ; line 59
0451 MOVE                 R178 <- R55  ; line 59
0452 HOST_CALL            a=179 b=6 c=135 imm=44  ; line 59
0453 RETURN               R179  ; line 59
0454 LOAD_CONST           R180 constant[94]  ; line 59
0455 RETURN               R180  ; line 59
0456 LOAD_CONST           R1 constant[95]  ; line 70
0457 LOAD_CONST           R2 constant[96]  ; line 70
0458 MOVE                 R3 <- R0  ; line 70
0459 MOVE                 R4 <- R2  ; line 70
0460 HOST_CALL            a=5 b=11 c=3 imm=2  ; line 70
0461 MOVE                 R6 <- R1  ; line 70
0462 MOVE                 R7 <- R5  ; line 70
0463 HOST_CALL            a=8 b=20 c=6 imm=2  ; line 70
0464 MOVE                 R9 <- R8  ; line 70
0465 LOAD_CONST           R10 constant[97]  ; line 71
0466 LOAD_CONST           R11 constant[98]  ; line 71
0467 MOVE                 R12 <- R0  ; line 71
0468 MOVE                 R13 <- R11  ; line 71
0469 HOST_CALL            a=14 b=11 c=12 imm=2  ; line 71
0470 MOVE                 R15 <- R14  ; line 71
0471 HOST_CALL            a=16 b=21 c=15 imm=1  ; line 71
0472 MOVE                 R17 <- R10  ; line 71
0473 MOVE                 R18 <- R16  ; line 71
0474 HOST_CALL            a=19 b=20 c=17 imm=2  ; line 71
0475 MOVE                 R20 <- R9  ; line 71
0476 MOVE                 R21 <- R19  ; line 71
0477 HOST_CALL            a=22 b=20 c=20 imm=2  ; line 71
0478 MOVE                 R9 <- R22  ; line 71
0479 LOAD_CONST           R10 constant[99]  ; line 72
0480 LOAD_CONST           R11 constant[100]  ; line 72
0481 MOVE                 R12 <- R0  ; line 72
0482 MOVE                 R13 <- R11  ; line 72
0483 HOST_CALL            a=14 b=11 c=12 imm=2  ; line 72
0484 MOVE                 R15 <- R14  ; line 72
0485 HOST_CALL            a=16 b=21 c=15 imm=1  ; line 72
0486 MOVE                 R17 <- R10  ; line 72
0487 MOVE                 R18 <- R16  ; line 72
0488 HOST_CALL            a=19 b=20 c=17 imm=2  ; line 72
0489 MOVE                 R20 <- R9  ; line 72
0490 MOVE                 R21 <- R19  ; line 72
0491 HOST_CALL            a=22 b=20 c=20 imm=2  ; line 72
0492 MOVE                 R9 <- R22  ; line 72
0493 LOAD_CONST           R10 constant[101]  ; line 73
0494 LOAD_CONST           R11 constant[102]  ; line 73
0495 MOVE                 R12 <- R0  ; line 73
0496 MOVE                 R13 <- R11  ; line 73
0497 HOST_CALL            a=14 b=11 c=12 imm=2  ; line 73
0498 MOVE                 R15 <- R14  ; line 73
0499 HOST_CALL            a=16 b=21 c=15 imm=1  ; line 73
0500 MOVE                 R17 <- R10  ; line 73
0501 MOVE                 R18 <- R16  ; line 73
0502 HOST_CALL            a=19 b=20 c=17 imm=2  ; line 73
0503 MOVE                 R20 <- R9  ; line 73
0504 MOVE                 R21 <- R19  ; line 73
0505 HOST_CALL            a=22 b=20 c=20 imm=2  ; line 73
0506 MOVE                 R9 <- R22  ; line 73
0507 LOAD_CONST           R10 constant[103]  ; line 74
0508 LOAD_CONST           R11 constant[104]  ; line 74
0509 MOVE                 R12 <- R0  ; line 74
0510 MOVE                 R13 <- R11  ; line 74
0511 HOST_CALL            a=14 b=11 c=12 imm=2  ; line 74
0512 MOVE                 R15 <- R14  ; line 74
0513 HOST_CALL            a=16 b=21 c=15 imm=1  ; line 74
0514 MOVE                 R17 <- R10  ; line 74
0515 MOVE                 R18 <- R16  ; line 74
0516 HOST_CALL            a=19 b=20 c=17 imm=2  ; line 74
0517 MOVE                 R20 <- R9  ; line 74
0518 MOVE                 R21 <- R19  ; line 74
0519 HOST_CALL            a=22 b=20 c=20 imm=2  ; line 74
0520 MOVE                 R9 <- R22  ; line 74
0521 LOAD_CONST           R10 constant[105]  ; line 75
0522 LOAD_CONST           R11 constant[106]  ; line 75
0523 MOVE                 R12 <- R0  ; line 75
0524 MOVE                 R13 <- R11  ; line 75
0525 HOST_CALL            a=14 b=11 c=12 imm=2  ; line 75
0526 MOVE                 R15 <- R14  ; line 75
0527 HOST_CALL            a=16 b=21 c=15 imm=1  ; line 75
0528 MOVE                 R17 <- R10  ; line 75
0529 MOVE                 R18 <- R16  ; line 75
0530 HOST_CALL            a=19 b=20 c=17 imm=2  ; line 75
0531 MOVE                 R20 <- R9  ; line 75
0532 MOVE                 R21 <- R19  ; line 75
0533 HOST_CALL            a=22 b=20 c=20 imm=2  ; line 75
0534 MOVE                 R9 <- R22  ; line 75
0535 LOAD_CONST           R10 constant[107]  ; line 76
0536 LOAD_CONST           R11 constant[108]  ; line 76
0537 MOVE                 R12 <- R0  ; line 76
0538 MOVE                 R13 <- R11  ; line 76
0539 HOST_CALL            a=14 b=11 c=12 imm=2  ; line 76
0540 MOVE                 R15 <- R14  ; line 76
0541 HOST_CALL            a=16 b=21 c=15 imm=1  ; line 76
0542 MOVE                 R17 <- R10  ; line 76
0543 MOVE                 R18 <- R16  ; line 76
0544 HOST_CALL            a=19 b=20 c=17 imm=2  ; line 76
0545 MOVE                 R20 <- R9  ; line 76
0546 MOVE                 R21 <- R19  ; line 76
0547 HOST_CALL            a=22 b=20 c=20 imm=2  ; line 76
0548 MOVE                 R9 <- R22  ; line 76
0549 LOAD_CONST           R10 constant[109]  ; line 77
0550 LOAD_CONST           R11 constant[110]  ; line 77
0551 MOVE                 R12 <- R0  ; line 77
0552 MOVE                 R13 <- R11  ; line 77
0553 HOST_CALL            a=14 b=11 c=12 imm=2  ; line 77
0554 MOVE                 R15 <- R14  ; line 77
0555 HOST_CALL            a=16 b=21 c=15 imm=1  ; line 77
0556 MOVE                 R17 <- R10  ; line 77
0557 MOVE                 R18 <- R16  ; line 77
0558 HOST_CALL            a=19 b=20 c=17 imm=2  ; line 77
0559 MOVE                 R20 <- R9  ; line 77
0560 MOVE                 R21 <- R19  ; line 77
0561 HOST_CALL            a=22 b=20 c=20 imm=2  ; line 77
0562 MOVE                 R9 <- R22  ; line 77
0563 LOAD_CONST           R10 constant[111]  ; line 78
0564 LOAD_CONST           R11 constant[112]  ; line 78
0565 MOVE                 R12 <- R0  ; line 78
0566 MOVE                 R13 <- R11  ; line 78
0567 HOST_CALL            a=14 b=11 c=12 imm=2  ; line 78
0568 MOVE                 R15 <- R14  ; line 78
0569 HOST_CALL            a=16 b=21 c=15 imm=1  ; line 78
0570 MOVE                 R17 <- R10  ; line 78
0571 MOVE                 R18 <- R16  ; line 78
0572 HOST_CALL            a=19 b=20 c=17 imm=2  ; line 78
0573 MOVE                 R20 <- R9  ; line 78
0574 MOVE                 R21 <- R19  ; line 78
0575 HOST_CALL            a=22 b=20 c=20 imm=2  ; line 78
0576 MOVE                 R9 <- R22  ; line 78
0577 LOAD_CONST           R10 constant[113]  ; line 79
0578 MOVE                 R11 <- R9  ; line 79
0579 MOVE                 R12 <- R10  ; line 79
0580 HOST_CALL            a=13 b=20 c=11 imm=2  ; line 79
0581 RETURN               R13  ; line 79
0582 LOAD_CONST           R14 constant[114]  ; line 79
0583 RETURN               R14  ; line 79
0584 LOAD_CONST           R0 constant[115]  ; line 5
0585 RETURN               R0  ; line 5
0586 LOAD_CONST           R1 constant[116]  ; line 5
0587 RETURN               R1  ; line 5
0588 LOAD_CONST           R0 constant[117]  ; line 6
0589 RETURN               R0  ; line 6
0590 LOAD_CONST           R1 constant[118]  ; line 6
0591 RETURN               R1  ; line 6
0592 LOAD_CONST           R0 constant[119]  ; line 7
0593 RETURN               R0  ; line 7
0594 LOAD_CONST           R1 constant[120]  ; line 7
0595 RETURN               R1  ; line 7
0596 LOAD_CONST           R0 constant[121]  ; line 8
0597 RETURN               R0  ; line 8
0598 LOAD_CONST           R1 constant[122]  ; line 8
0599 RETURN               R1  ; line 8
0600 LOAD_CONST           R0 constant[123]  ; line 9
0601 RETURN               R0  ; line 9
0602 LOAD_CONST           R1 constant[124]  ; line 9
0603 RETURN               R1  ; line 9
0604 LOAD_CONST           R0 constant[125]  ; line 10
0605 RETURN               R0  ; line 10
0606 LOAD_CONST           R1 constant[126]  ; line 10
0607 RETURN               R1  ; line 10
0608 LOAD_CONST           R0 constant[127]  ; line 11
0609 RETURN               R0  ; line 11
0610 LOAD_CONST           R1 constant[128]  ; line 11
0611 RETURN               R1  ; line 11
0612 LOAD_CONST           R0 constant[129]  ; line 12
0613 RETURN               R0  ; line 12
0614 LOAD_CONST           R1 constant[130]  ; line 12
0615 RETURN               R1  ; line 12
0616 LOAD_CONST           R0 constant[131]  ; line 13
0617 RETURN               R0  ; line 13
0618 LOAD_CONST           R1 constant[132]  ; line 13
0619 RETURN               R1  ; line 13
0620 LOAD_CONST           R0 constant[133]  ; line 14
0621 RETURN               R0  ; line 14
0622 LOAD_CONST           R1 constant[134]  ; line 14
0623 RETURN               R1  ; line 14
0624 CALL                 a=1 b=14 c=1 imm=0  ; line 16
0625 RETURN               R1  ; line 16
0626 LOAD_CONST           R2 constant[135]  ; line 16
0627 RETURN               R2  ; line 16
0628 LOAD_CONST           R1 constant[136]  ; line 20
0629 LOAD_CONST           R2 constant[137]  ; line 20
0630 LOAD_CONST           R3 constant[138]  ; line 20
0631 LOAD_CONST           R4 constant[139]  ; line 20
0632 LOAD_CONST           R5 constant[140]  ; line 20
0633 LOAD_CONST           R6 constant[141]  ; line 20
0634 LOAD_CONST           R7 constant[142]  ; line 20
0635 LOAD_CONST           R8 constant[143]  ; line 20
0636 LOAD_CONST           R9 constant[144]  ; line 20
0637 LOAD_CONST           R10 constant[145]  ; line 20
0638 LOAD_CONST           R11 constant[146]  ; line 20
0639 MOVE                 R12 <- R1  ; line 20
0640 MOVE                 R13 <- R2  ; line 20
0641 MOVE                 R14 <- R3  ; line 20
0642 MOVE                 R15 <- R4  ; line 20
0643 MOVE                 R16 <- R5  ; line 20
0644 MOVE                 R17 <- R6  ; line 20
0645 MOVE                 R18 <- R7  ; line 20
0646 MOVE                 R19 <- R8  ; line 20
0647 MOVE                 R20 <- R9  ; line 20
0648 MOVE                 R21 <- R10  ; line 20
0649 MOVE                 R22 <- R11  ; line 20
0650 ARRAY_NEW            a=23 b=12 c=11 imm=4294967295  ; line 20
0651 MOVE                 R24 <- R23  ; line 20
0652 MOVE                 R25 <- R24  ; line 21
0653 MOVE                 R26 <- R0  ; line 21
0654 HOST_CALL            a=27 b=11 c=25 imm=2  ; line 21
0655 RETURN               R27  ; line 21
0656 LOAD_CONST           R28 constant[147]  ; line 21
0657 RETURN               R28  ; line 21
0658 LOAD_CONST           R2 constant[148]  ; line 24
0659 MOVE                 R3 <- R0  ; line 24
0660 MOVE                 R4 <- R2  ; line 24
0661 HOST_CALL            a=5 b=20 c=3 imm=2  ; line 24
0662 MOVE                 R6 <- R5  ; line 24
0663 MOVE                 R7 <- R1  ; line 24
0664 HOST_CALL            a=8 b=20 c=6 imm=2  ; line 24
0665 RETURN               R8  ; line 24
0666 LOAD_CONST           R9 constant[149]  ; line 24
0667 RETURN               R9  ; line 24
0668 MOVE                 R1 <- R0  ; line 25
0669 HOST_CALL            a=2 b=21 c=1 imm=1  ; line 25
0670 RETURN               R2  ; line 25
0671 LOAD_CONST           R3 constant[150]  ; line 25
0672 RETURN               R3  ; line 25
0673 LOAD_CONST           R2 constant[151]  ; line 26
0674 MOVE                 R3 <- R0  ; line 26
0675 MOVE                 R4 <- R2  ; line 26
0676 CALL                 a=5 b=24 c=3 imm=2  ; line 26
0677 MOVE                 R6 <- R1  ; line 26
0678 CALL                 a=7 b=25 c=6 imm=1  ; line 26
0679 MOVE                 R8 <- R5  ; line 26
0680 MOVE                 R9 <- R7  ; line 26
0681 CALL                 a=10 b=24 c=8 imm=2  ; line 26
0682 RETURN               R10  ; line 26
0683 LOAD_CONST           R11 constant[152]  ; line 26
0684 RETURN               R11  ; line 26
0685 LOAD_CONST           R3 constant[153]  ; line 27
0686 MOVE                 R4 <- R0  ; line 27
0687 MOVE                 R5 <- R3  ; line 27
0688 CALL                 a=6 b=24 c=4 imm=2  ; line 27
0689 MOVE                 R7 <- R1  ; line 27
0690 CALL                 a=8 b=25 c=7 imm=1  ; line 27
0691 MOVE                 R9 <- R6  ; line 27
0692 MOVE                 R10 <- R8  ; line 27
0693 CALL                 a=11 b=24 c=9 imm=2  ; line 27
0694 MOVE                 R12 <- R11  ; line 27
0695 MOVE                 R13 <- R2  ; line 27
0696 CALL                 a=14 b=24 c=12 imm=2  ; line 27
0697 RETURN               R14  ; line 27
0698 LOAD_CONST           R15 constant[154]  ; line 27
0699 RETURN               R15  ; line 27
0700 LOAD_CONST           R2 constant[155]  ; line 28
0701 MOVE                 R3 <- R0  ; line 28
0702 MOVE                 R4 <- R2  ; line 28
0703 CALL                 a=5 b=24 c=3 imm=2  ; line 28
0704 MOVE                 R6 <- R1  ; line 28
0705 CALL                 a=7 b=25 c=6 imm=1  ; line 28
0706 MOVE                 R8 <- R5  ; line 28
0707 MOVE                 R9 <- R7  ; line 28
0708 CALL                 a=10 b=24 c=8 imm=2  ; line 28
0709 RETURN               R10  ; line 28
0710 LOAD_CONST           R11 constant[156]  ; line 28
0711 RETURN               R11  ; line 28
0712 MOVE                 R2 <- R0  ; line 29
0713 MOVE                 R3 <- R1  ; line 29
0714 CALL                 a=4 b=26 c=2 imm=2  ; line 29
0715 LOAD_CONST           R5 constant[157]  ; line 29
0716 MOVE                 R6 <- R4  ; line 29
0717 MOVE                 R7 <- R5  ; line 29
0718 CALL                 a=8 b=24 c=6 imm=2  ; line 29
0719 RETURN               R8  ; line 29
0720 LOAD_CONST           R9 constant[158]  ; line 29
0721 RETURN               R9  ; line 29
0722 MOVE                 R2 <- R0  ; line 30
0723 MOVE                 R3 <- R1  ; line 30
0724 CALL                 a=4 b=26 c=2 imm=2  ; line 30
0725 LOAD_CONST           R5 constant[159]  ; line 30
0726 MOVE                 R6 <- R4  ; line 30
0727 MOVE                 R7 <- R5  ; line 30
0728 CALL                 a=8 b=24 c=6 imm=2  ; line 30
0729 RETURN               R8  ; line 30
0730 LOAD_CONST           R9 constant[160]  ; line 30
0731 RETURN               R9  ; line 30
0732 MOVE                 R3 <- R0  ; line 31
0733 MOVE                 R4 <- R1  ; line 31
0734 CALL                 a=5 b=26 c=3 imm=2  ; line 31
0735 LOAD_CONST           R6 constant[161]  ; line 31
0736 MOVE                 R7 <- R2  ; line 31
0737 HOST_CALL            a=8 b=21 c=7 imm=1  ; line 31
0738 LOAD_CONST           R9 constant[162]  ; line 31
0739 MOVE                 R10 <- R8  ; line 31
0740 MOVE                 R11 <- R9  ; line 31
0741 HOST_CALL            a=12 b=20 c=10 imm=2  ; line 31
0742 MOVE                 R13 <- R6  ; line 31
0743 MOVE                 R14 <- R12  ; line 31
0744 HOST_CALL            a=15 b=20 c=13 imm=2  ; line 31
0745 MOVE                 R16 <- R5  ; line 31
0746 MOVE                 R17 <- R15  ; line 31
0747 CALL                 a=18 b=24 c=16 imm=2  ; line 31
0748 RETURN               R18  ; line 31
0749 LOAD_CONST           R19 constant[163]  ; line 31
0750 RETURN               R19  ; line 31
0751 MOVE                 R3 <- R0  ; line 32
0752 MOVE                 R4 <- R1  ; line 32
0753 CALL                 a=5 b=26 c=3 imm=2  ; line 32
0754 LOAD_CONST           R6 constant[164]  ; line 32
0755 MOVE                 R7 <- R2  ; line 32
0756 HOST_CALL            a=8 b=21 c=7 imm=1  ; line 32
0757 LOAD_CONST           R9 constant[165]  ; line 32
0758 MOVE                 R10 <- R8  ; line 32
0759 MOVE                 R11 <- R9  ; line 32
0760 HOST_CALL            a=12 b=20 c=10 imm=2  ; line 32
0761 MOVE                 R13 <- R6  ; line 32
0762 MOVE                 R14 <- R12  ; line 32
0763 HOST_CALL            a=15 b=20 c=13 imm=2  ; line 32
0764 MOVE                 R16 <- R5  ; line 32
0765 MOVE                 R17 <- R15  ; line 32
0766 CALL                 a=18 b=24 c=16 imm=2  ; line 32
0767 RETURN               R18  ; line 32
0768 LOAD_CONST           R19 constant[166]  ; line 32
0769 RETURN               R19  ; line 32
0770 LOAD_CONST           R2 constant[167]  ; line 35
0771 BINARY               a=0 b=2 c=3 imm=0  ; line 35
0772 MOVE                 R4 <- R3  ; line 35
0773 LOAD_CONST           R5 constant[168]  ; line 36
0774 BINARY               a=1 b=5 c=6 imm=0  ; line 36
0775 MOVE                 R7 <- R6  ; line 36
0776 CALL                 a=8 b=20 c=8 imm=0  ; line 37
0777 BINARY               a=4 b=4 c=9 imm=2  ; line 37
0778 LOAD_CONST           R10 constant[169]  ; line 37
0779 BINARY               a=9 b=10 c=11 imm=2  ; line 37
0780 BINARY               a=8 b=11 c=12 imm=0  ; line 37
0781 LOAD_CONST           R13 constant[170]  ; line 37
0782 BINARY               a=4 b=13 c=14 imm=2  ; line 37
0783 BINARY               a=12 b=14 c=15 imm=0  ; line 37
0784 LOAD_CONST           R16 constant[171]  ; line 37
0785 BINARY               a=7 b=16 c=17 imm=2  ; line 37
0786 BINARY               a=15 b=17 c=18 imm=0  ; line 37
0787 BINARY               a=4 b=7 c=19 imm=2  ; line 37
0788 LOAD_CONST           R20 constant[172]  ; line 37
0789 BINARY               a=19 b=20 c=21 imm=2  ; line 37
0790 BINARY               a=18 b=21 c=22 imm=0  ; line 37
0791 MOVE                 R23 <- R22  ; line 37
0792 LOAD_CONST           R24 constant[173]  ; line 38
0793 MOVE                 R25 <- R23  ; line 38
0794 MOVE                 R26 <- R24  ; line 38
0795 CALL                 a=27 b=85 c=25 imm=2  ; line 38
0796 MOVE                 R23 <- R27  ; line 38
0797 LOAD_CONST           R24 constant[174]  ; line 39
0798 BINARY               a=23 b=24 c=25 imm=3  ; line 39
0799 LOAD_CONST           R26 constant[175]  ; line 39
0800 BINARY               a=25 b=26 c=27 imm=2  ; line 39
0801 LOAD_CONST           R28 constant[176]  ; line 39
0802 BINARY               a=27 b=28 c=29 imm=1  ; line 39
0803 RETURN               R29  ; line 39
0804 LOAD_CONST           R30 constant[177]  ; line 39
0805 RETURN               R30  ; line 39
0806 MOVE                 R2 <- R1  ; line 43
0807 CALL                 a=3 b=23 c=2 imm=1  ; line 43
0808 MOVE                 R4 <- R0  ; line 43
0809 MOVE                 R5 <- R3  ; line 43
0810 CALL                 a=6 b=84 c=4 imm=2  ; line 43
0811 LOAD_CONST           R7 constant[178]  ; line 43
0812 MOVE                 R8 <- R6  ; line 43
0813 MOVE                 R9 <- R7  ; line 43
0814 CALL                 a=10 b=85 c=8 imm=2  ; line 43
0815 MOVE                 R11 <- R10  ; line 43
0816 LOAD_CONST           R12 constant[179]  ; line 44
0817 COMPARE              a=11 b=12 c=13 imm=0  ; line 44
0818 JUMP_IF_FALSE        R13 -> 823  ; line 44
0819 LOAD_CONST           R12 constant[180]  ; line 44
0820 UNARY                a=12 b=13 c=4294967295 imm=0  ; line 44
0821 RETURN               R13  ; line 44
0822 JUMP                 -> 823  ; line 44
0823 LOAD_CONST           R12 constant[181]  ; line 45
0824 RETURN               R12  ; line 45
0825 LOAD_CONST           R13 constant[182]  ; line 45
0826 RETURN               R13  ; line 45
0827 MOVE                 R2 <- R0  ; line 49
0828 MOVE                 R3 <- R1  ; line 49
0829 CALL                 a=4 b=85 c=2 imm=2  ; line 49
0830 MOVE                 R5 <- R4  ; line 49
0831 LOAD_CONST           R6 constant[183]  ; line 50
0832 MOVE                 R7 <- R6  ; line 50
0833 HOST_CALL            a=8 b=22 c=7 imm=1  ; line 50
0834 MOVE                 R9 <- R8  ; line 50
0835 LOAD_CONST           R10 constant[184]  ; line 51
0836 MOVE                 R11 <- R10  ; line 51
0837 CALL                 a=12 b=14 c=12 imm=0  ; line 52
0838 COMPARE              a=11 b=12 c=13 imm=2  ; line 52
0839 JUMP_IF_FALSE        R13 -> 850  ; line 52
0840 MOVE                 R12 <- R5  ; line 52
0841 MOVE                 R13 <- R11  ; line 52
0842 CALL                 a=14 b=34 c=12 imm=2  ; line 52
0843 MOVE                 R15 <- R9  ; line 52
0844 MOVE                 R16 <- R14  ; line 52
0845 HOST_CALL            a=17 b=23 c=15 imm=2  ; line 52
0846 LOAD_CONST           R12 constant[185]  ; line 52
0847 BINARY               a=11 b=12 c=13 imm=0  ; line 52
0848 MOVE                 R11 <- R13  ; line 52
0849 JUMP                 -> 837  ; line 52
0850 LOAD_CONST           R12 constant[186]  ; line 53
0851 MOVE                 R13 <- R12  ; line 53
0852 HOST_CALL            a=14 b=22 c=13 imm=1  ; line 53
0853 MOVE                 R15 <- R14  ; line 53
0854 MOVE                 R16 <- R0  ; line 54
0855 MOVE                 R17 <- R1  ; line 54
0856 CALL                 a=18 b=84 c=16 imm=2  ; line 54
0857 MOVE                 R19 <- R18  ; line 54
0858 LOAD_CONST           R20 constant[187]  ; line 55
0859 BINARY               a=19 b=20 c=21 imm=2  ; line 55
0860 BINARY               a=21 b=5 c=22 imm=0  ; line 55
0861 MOVE                 R23 <- R22  ; line 55
0862 LOAD_CONST           R24 constant[188]  ; line 56
0863 MOVE                 R25 <- R24  ; line 56
0864 CALL                 a=26 b=15 c=26 imm=0  ; line 57
0865 COMPARE              a=25 b=26 c=27 imm=2  ; line 57
0866 JUMP_IF_FALSE        R27 -> 881  ; line 57
0867 MOVE                 R26 <- R23  ; line 58
0868 MOVE                 R27 <- R25  ; line 58
0869 CALL                 a=28 b=33 c=26 imm=2  ; line 58
0870 MOVE                 R29 <- R28  ; line 58
0871 MOVE                 R30 <- R15  ; line 59
0872 MOVE                 R31 <- R29  ; line 59
0873 HOST_CALL            a=32 b=23 c=30 imm=2  ; line 59
0874 MOVE                 R30 <- R9  ; line 59
0875 MOVE                 R31 <- R29  ; line 59
0876 HOST_CALL            a=32 b=23 c=30 imm=2  ; line 59
0877 LOAD_CONST           R30 constant[189]  ; line 59
0878 BINARY               a=25 b=30 c=31 imm=0  ; line 59
0879 MOVE                 R25 <- R31  ; line 59
0880 JUMP                 -> 864  ; line 59
0881 LOAD_CONST           R30 constant[190]  ; line 61
0882 UNARY                a=30 b=31 c=4294967295 imm=0  ; line 61
0883 LOAD_CONST           R32 constant[191]  ; line 61
0884 BINARY               a=32 b=5 c=33 imm=2  ; line 61
0885 LOAD_CONST           R34 constant[192]  ; line 61
0886 BINARY               a=1 b=34 c=35 imm=1  ; line 61
0887 BINARY               a=33 b=35 c=36 imm=3  ; line 61
0888 BINARY               a=31 b=36 c=37 imm=0  ; line 61
0889 MOVE                 R38 <- R37  ; line 61
0890 LOAD_CONST           R39 constant[193]  ; line 62
0891 MOVE                 R40 <- R15  ; line 62
0892 MOVE                 R41 <- R39  ; line 62
0893 HOST_CALL            a=42 b=11 c=40 imm=2  ; line 62
0894 BINARY               a=42 b=38 c=43 imm=1  ; line 62
0895 MOVE                 R44 <- R43  ; line 62
0896 LOAD_CONST           R45 constant[194]  ; line 63
0897 MOVE                 R46 <- R45  ; line 63
0898 LOAD_CONST           R47 constant[195]  ; line 64
0899 COMPARE              a=44 b=47 c=48 imm=5  ; line 64
0900 JUMP_IF_FALSE        R48 -> 904  ; line 64
0901 LOAD_CONST           R47 constant[196]  ; line 64
0902 MOVE                 R46 <- R47  ; line 64
0903 JUMP                 -> 904  ; line 64
0904 LOAD_CONST           R47 constant[197]  ; line 65
0905 LOAD_CONST           R48 constant[198]  ; line 65
0906 LOAD_CONST           R49 constant[199]  ; line 65
0907 MOVE                 R50 <- R47  ; line 65
0908 MOVE                 R51 <- R9  ; line 65
0909 MOVE                 R52 <- R48  ; line 65
0910 MOVE                 R53 <- R46  ; line 65
0911 MOVE                 R54 <- R49  ; line 65
0912 MOVE                 R55 <- R5  ; line 65
0913 HOST_CALL            a=56 b=6 c=50 imm=6  ; line 65
0914 RETURN               R56  ; line 65
0915 LOAD_CONST           R57 constant[200]  ; line 65
0916 RETURN               R57  ; line 65
0917 LOAD_CONST           R1 constant[201]  ; line 68
0918 MOVE                 R2 <- R0  ; line 68
0919 MOVE                 R3 <- R1  ; line 68
0920 CALL                 a=4 b=35 c=2 imm=2  ; line 68
0921 RETURN               R4  ; line 68
0922 LOAD_CONST           R5 constant[202]  ; line 68
0923 RETURN               R5  ; line 68
0924 LOAD_CONST           R1 constant[203]  ; line 69
0925 MOVE                 R2 <- R0  ; line 69
0926 MOVE                 R3 <- R1  ; line 69
0927 CALL                 a=4 b=35 c=2 imm=2  ; line 69
0928 RETURN               R4  ; line 69
0929 LOAD_CONST           R5 constant[204]  ; line 69
0930 RETURN               R5  ; line 69
0931 LOAD_CONST           R1 constant[205]  ; line 70
0932 MOVE                 R2 <- R0  ; line 70
0933 MOVE                 R3 <- R1  ; line 70
0934 CALL                 a=4 b=35 c=2 imm=2  ; line 70
0935 RETURN               R4  ; line 70
0936 LOAD_CONST           R5 constant[206]  ; line 70
0937 RETURN               R5  ; line 70
0938 LOAD_CONST           R1 constant[207]  ; line 71
0939 MOVE                 R2 <- R0  ; line 71
0940 MOVE                 R3 <- R1  ; line 71
0941 CALL                 a=4 b=35 c=2 imm=2  ; line 71
0942 RETURN               R4  ; line 71
0943 LOAD_CONST           R5 constant[208]  ; line 71
0944 RETURN               R5  ; line 71
0945 LOAD_CONST           R1 constant[209]  ; line 72
0946 MOVE                 R2 <- R0  ; line 72
0947 MOVE                 R3 <- R1  ; line 72
0948 CALL                 a=4 b=35 c=2 imm=2  ; line 72
0949 RETURN               R4  ; line 72
0950 LOAD_CONST           R5 constant[210]  ; line 72
0951 RETURN               R5  ; line 72
0952 LOAD_CONST           R1 constant[211]  ; line 75
0953 COMPARE              a=0 b=1 c=2 imm=0  ; line 75
0954 JUMP_IF_FALSE        R2 -> 959  ; line 75
0955 CALL                 a=1 b=12 c=1 imm=0  ; line 75
0956 LAZY                 R2 <- lazy(function[36], bound=R1)  ; line 75
0957 RETURN               R2  ; line 75
0958 JUMP                 -> 959  ; line 75
0959 LOAD_CONST           R1 constant[212]  ; line 76
0960 COMPARE              a=0 b=1 c=2 imm=0  ; line 76
0961 JUMP_IF_FALSE        R2 -> 966  ; line 76
0962 CALL                 a=1 b=12 c=1 imm=0  ; line 76
0963 LAZY                 R2 <- lazy(function[37], bound=R1)  ; line 76
0964 RETURN               R2  ; line 76
0965 JUMP                 -> 966  ; line 76
0966 LOAD_CONST           R1 constant[213]  ; line 77
0967 COMPARE              a=0 b=1 c=2 imm=0  ; line 77
0968 JUMP_IF_FALSE        R2 -> 973  ; line 77
0969 CALL                 a=1 b=12 c=1 imm=0  ; line 77
0970 LAZY                 R2 <- lazy(function[38], bound=R1)  ; line 77
0971 RETURN               R2  ; line 77
0972 JUMP                 -> 973  ; line 77
0973 LOAD_CONST           R1 constant[214]  ; line 78
0974 COMPARE              a=0 b=1 c=2 imm=0  ; line 78
0975 JUMP_IF_FALSE        R2 -> 980  ; line 78
0976 CALL                 a=1 b=12 c=1 imm=0  ; line 78
0977 LAZY                 R2 <- lazy(function[39], bound=R1)  ; line 78
0978 RETURN               R2  ; line 78
0979 JUMP                 -> 980  ; line 78
0980 LOAD_CONST           R1 constant[215]  ; line 79
0981 COMPARE              a=0 b=1 c=2 imm=0  ; line 79
0982 JUMP_IF_FALSE        R2 -> 987  ; line 79
0983 CALL                 a=1 b=12 c=1 imm=0  ; line 79
0984 LAZY                 R2 <- lazy(function[40], bound=R1)  ; line 79
0985 RETURN               R2  ; line 79
0986 JUMP                 -> 987  ; line 79
0987 LOAD_CONST           R1 constant[216]  ; line 80
0988 LOAD_CONST           R2 constant[217]  ; line 80
0989 MOVE                 R3 <- R1  ; line 80
0990 MOVE                 R4 <- R2  ; line 80
0991 HOST_CALL            a=5 b=5 c=3 imm=2  ; line 80
0992 LOAD_CONST           R1 constant[218]  ; line 80
0993 RETURN               R1  ; line 80
0994 LOAD_CONST           R2 constant[219]  ; line 80
0995 RETURN               R2  ; line 80
0996 CALL                 a=1 b=16 c=1 imm=0  ; line 83
0997 BINARY               a=1 b=0 c=2 imm=2  ; line 83
0998 RETURN               R2  ; line 83
0999 LOAD_CONST           R3 constant[220]  ; line 83
1000 RETURN               R3  ; line 83
1001 MOVE                 R1 <- R0  ; line 84
1002 CALL                 a=2 b=42 c=1 imm=1  ; line 84
1003 RETURN               R2  ; line 84
1004 LOAD_CONST           R3 constant[221]  ; line 84
1005 RETURN               R3  ; line 84
1006 CALL                 a=1 b=17 c=1 imm=0  ; line 85
1007 BINARY               a=1 b=0 c=2 imm=2  ; line 85
1008 RETURN               R2  ; line 85
1009 LOAD_CONST           R3 constant[222]  ; line 85
1010 RETURN               R3  ; line 85
1011 MOVE                 R1 <- R0  ; line 86
1012 CALL                 a=2 b=42 c=1 imm=1  ; line 86
1013 MOVE                 R3 <- R0  ; line 86
1014 CALL                 a=4 b=44 c=3 imm=1  ; line 86
1015 BINARY               a=2 b=4 c=5 imm=0  ; line 86
1016 RETURN               R5  ; line 86
1017 LOAD_CONST           R6 constant[223]  ; line 86
1018 RETURN               R6  ; line 86
1019 MOVE                 R3 <- R0  ; line 89
1020 CALL                 a=4 b=41 c=3 imm=1  ; line 89
1021 MOVE                 R5 <- R4  ; line 89
1022 LOAD_CONST           R6 constant[224]  ; line 90
1023 MOVE                 R7 <- R6  ; line 90
1024 HOST_CALL            a=8 b=22 c=7 imm=1  ; line 90
1025 MOVE                 R9 <- R8  ; line 90
1026 LOAD_CONST           R10 constant[225]  ; line 90
1027 MOVE                 R11 <- R10  ; line 90
1028 HOST_CALL            a=12 b=22 c=11 imm=1  ; line 90
1029 MOVE                 R13 <- R12  ; line 90
1030 LOAD_CONST           R14 constant[226]  ; line 90
1031 MOVE                 R15 <- R14  ; line 90
1032 HOST_CALL            a=16 b=22 c=15 imm=1  ; line 90
1033 MOVE                 R17 <- R16  ; line 90
1034 LOAD_CONST           R18 constant[227]  ; line 91
1035 MOVE                 R19 <- R18  ; line 91
1036 COMPARE              a=19 b=2 c=20 imm=2  ; line 92
1037 JUMP_IF_FALSE        R20 -> 1066  ; line 92
1038 BINARY               a=1 b=19 c=20 imm=0  ; line 93
1039 FORCE                R21 <- force(R5, index=R20)  ; line 93
1040 MOVE                 R22 <- R21  ; line 93
1041 LOAD_CONST           R23 constant[228]  ; line 94
1042 MOVE                 R24 <- R22  ; line 94
1043 MOVE                 R25 <- R23  ; line 94
1044 HOST_CALL            a=26 b=11 c=24 imm=2  ; line 94
1045 MOVE                 R27 <- R9  ; line 94
1046 MOVE                 R28 <- R26  ; line 94
1047 HOST_CALL            a=29 b=23 c=27 imm=2  ; line 94
1048 LOAD_CONST           R23 constant[229]  ; line 94
1049 MOVE                 R24 <- R22  ; line 94
1050 MOVE                 R25 <- R23  ; line 94
1051 HOST_CALL            a=26 b=11 c=24 imm=2  ; line 94
1052 MOVE                 R27 <- R13  ; line 94
1053 MOVE                 R28 <- R26  ; line 94
1054 HOST_CALL            a=29 b=23 c=27 imm=2  ; line 94
1055 LOAD_CONST           R23 constant[230]  ; line 94
1056 MOVE                 R24 <- R22  ; line 94
1057 MOVE                 R25 <- R23  ; line 94
1058 HOST_CALL            a=26 b=11 c=24 imm=2  ; line 94
1059 MOVE                 R27 <- R17  ; line 94
1060 MOVE                 R28 <- R26  ; line 94
1061 HOST_CALL            a=29 b=23 c=27 imm=2  ; line 94
1062 LOAD_CONST           R23 constant[231]  ; line 95
1063 BINARY               a=19 b=23 c=24 imm=0  ; line 95
1064 MOVE                 R19 <- R24  ; line 95
1065 JUMP                 -> 1036  ; line 95
1066 LOAD_CONST           R23 constant[232]  ; line 97
1067 MOVE                 R24 <- R9  ; line 97
1068 HOST_CALL            a=25 b=72 c=24 imm=1  ; line 97
1069 LOAD_CONST           R26 constant[233]  ; line 97
1070 MOVE                 R27 <- R13  ; line 97
1071 HOST_CALL            a=28 b=72 c=27 imm=1  ; line 97
1072 LOAD_CONST           R29 constant[234]  ; line 97
1073 MOVE                 R30 <- R23  ; line 97
1074 MOVE                 R31 <- R25  ; line 97
1075 MOVE                 R32 <- R26  ; line 97
1076 MOVE                 R33 <- R28  ; line 97
1077 MOVE                 R34 <- R29  ; line 97
1078 MOVE                 R35 <- R17  ; line 97
1079 HOST_CALL            a=36 b=6 c=30 imm=6  ; line 97
1080 RETURN               R36  ; line 97
1081 LOAD_CONST           R37 constant[235]  ; line 97
1082 RETURN               R37  ; line 97
1083 LOAD_CONST           R1 constant[236]  ; line 100
1084 MOVE                 R2 <- R0  ; line 100
1085 CALL                 a=3 b=42 c=2 imm=1  ; line 100
1086 MOVE                 R4 <- R0  ; line 100
1087 MOVE                 R5 <- R1  ; line 100
1088 MOVE                 R6 <- R3  ; line 100
1089 CALL                 a=7 b=46 c=4 imm=3  ; line 100
1090 RETURN               R7  ; line 100
1091 LOAD_CONST           R8 constant[237]  ; line 100
1092 RETURN               R8  ; line 100
1093 MOVE                 R1 <- R0  ; line 101
1094 CALL                 a=2 b=43 c=1 imm=1  ; line 101
1095 MOVE                 R3 <- R0  ; line 101
1096 CALL                 a=4 b=44 c=3 imm=1  ; line 101
1097 MOVE                 R5 <- R0  ; line 101
1098 MOVE                 R6 <- R2  ; line 101
1099 MOVE                 R7 <- R4  ; line 101
1100 CALL                 a=8 b=46 c=5 imm=3  ; line 101
1101 RETURN               R8  ; line 101
1102 LOAD_CONST           R9 constant[238]  ; line 101
1103 RETURN               R9  ; line 101
1104 MOVE                 R3 <- R0  ; line 102
1105 CALL                 a=4 b=45 c=3 imm=1  ; line 102
1106 BINARY               a=4 b=1 c=5 imm=0  ; line 102
1107 MOVE                 R6 <- R0  ; line 102
1108 MOVE                 R7 <- R5  ; line 102
1109 MOVE                 R8 <- R2  ; line 102
1110 CALL                 a=9 b=46 c=6 imm=3  ; line 102
1111 RETURN               R9  ; line 102
1112 LOAD_CONST           R10 constant[239]  ; line 102
1113 RETURN               R10  ; line 102
1114 LOAD_CONST           R2 constant[240]  ; line 105
1115 MOVE                 R3 <- R2  ; line 105
1116 HOST_CALL            a=4 b=22 c=3 imm=1  ; line 105
1117 MOVE                 R5 <- R4  ; line 105
1118 LOAD_CONST           R6 constant[241]  ; line 105
1119 MOVE                 R7 <- R6  ; line 105
1120 MOVE                 R8 <- R0  ; line 106
1121 HOST_CALL            a=9 b=61 c=8 imm=1  ; line 106
1122 LOAD_CONST           R10 constant[242]  ; line 106
1123 MOVE                 R11 <- R9  ; line 106
1124 MOVE                 R12 <- R10  ; line 106
1125 HOST_CALL            a=13 b=11 c=11 imm=2  ; line 106
1126 COMPARE              a=7 b=13 c=14 imm=2  ; line 106
1127 JUMP_IF_FALSE        R14 -> 1141  ; line 106
1128 MOVE                 R8 <- R1  ; line 106
1129 MOVE                 R9 <- R7  ; line 106
1130 ARRAY_NEW            a=10 b=8 c=2 imm=4294967295  ; line 106
1131 MOVE                 R11 <- R0  ; line 106
1132 MOVE                 R12 <- R10  ; line 106
1133 HOST_CALL            a=13 b=11 c=11 imm=2  ; line 106
1134 MOVE                 R14 <- R5  ; line 106
1135 MOVE                 R15 <- R13  ; line 106
1136 HOST_CALL            a=16 b=23 c=14 imm=2  ; line 106
1137 LOAD_CONST           R8 constant[243]  ; line 106
1138 BINARY               a=7 b=8 c=9 imm=0  ; line 106
1139 MOVE                 R7 <- R9  ; line 106
1140 JUMP                 -> 1120  ; line 106
1141 RETURN               R5  ; line 107
1142 LOAD_CONST           R8 constant[244]  ; line 107
1143 RETURN               R8  ; line 107
1144 LOAD_CONST           R2 constant[245]  ; line 111
1145 MOVE                 R3 <- R2  ; line 111
1146 HOST_CALL            a=4 b=22 c=3 imm=1  ; line 111
1147 MOVE                 R5 <- R4  ; line 111
1148 LOAD_CONST           R6 constant[246]  ; line 111
1149 MOVE                 R7 <- R6  ; line 111
1150 CALL                 a=8 b=15 c=8 imm=0  ; line 112
1151 COMPARE              a=7 b=8 c=9 imm=2  ; line 112
1152 JUMP_IF_FALSE        R9 -> 1168  ; line 112
1153 CALL                 a=8 b=14 c=8 imm=0  ; line 112
1154 BINARY               a=8 b=7 c=9 imm=0  ; line 112
1155 MOVE                 R10 <- R1  ; line 112
1156 MOVE                 R11 <- R9  ; line 112
1157 ARRAY_NEW            a=12 b=10 c=2 imm=4294967295  ; line 112
1158 MOVE                 R13 <- R0  ; line 112
1159 MOVE                 R14 <- R12  ; line 112
1160 HOST_CALL            a=15 b=11 c=13 imm=2  ; line 112
1161 MOVE                 R16 <- R5  ; line 112
1162 MOVE                 R17 <- R15  ; line 112
1163 HOST_CALL            a=18 b=23 c=16 imm=2  ; line 112
1164 LOAD_CONST           R8 constant[247]  ; line 112
1165 BINARY               a=7 b=8 c=9 imm=0  ; line 112
1166 MOVE                 R7 <- R9  ; line 112
1167 JUMP                 -> 1150  ; line 112
1168 RETURN               R5  ; line 113
1169 LOAD_CONST           R8 constant[248]  ; line 113
1170 RETURN               R8  ; line 113
1171 LOAD_CONST           R1 constant[249]  ; line 117
1172 MOVE                 R2 <- R1  ; line 117
1173 HOST_CALL            a=3 b=22 c=2 imm=1  ; line 117
1174 MOVE                 R4 <- R3  ; line 117
1175 LOAD_CONST           R5 constant[250]  ; line 117
1176 MOVE                 R6 <- R5  ; line 117
1177 LOAD_CONST           R7 constant[251]  ; line 118
1178 MOVE                 R8 <- R0  ; line 118
1179 MOVE                 R9 <- R7  ; line 118
1180 HOST_CALL            a=10 b=11 c=8 imm=2  ; line 118
1181 MOVE                 R11 <- R10  ; line 118
1182 HOST_CALL            a=12 b=61 c=11 imm=1  ; line 118
1183 LOAD_CONST           R13 constant[252]  ; line 118
1184 MOVE                 R14 <- R12  ; line 118
1185 MOVE                 R15 <- R13  ; line 118
1186 HOST_CALL            a=16 b=11 c=14 imm=2  ; line 118
1187 COMPARE              a=6 b=16 c=17 imm=2  ; line 118
1188 JUMP_IF_FALSE        R17 -> 1203  ; line 118
1189 LOAD_CONST           R7 constant[253]  ; line 118
1190 MOVE                 R8 <- R0  ; line 118
1191 MOVE                 R9 <- R7  ; line 118
1192 HOST_CALL            a=10 b=11 c=8 imm=2  ; line 118
1193 MOVE                 R11 <- R10  ; line 118
1194 MOVE                 R12 <- R6  ; line 118
1195 CALL                 a=13 b=51 c=11 imm=2  ; line 118
1196 MOVE                 R14 <- R4  ; line 118
1197 MOVE                 R15 <- R13  ; line 118
1198 HOST_CALL            a=16 b=23 c=14 imm=2  ; line 118
1199 LOAD_CONST           R7 constant[254]  ; line 118
1200 BINARY               a=6 b=7 c=8 imm=0  ; line 118
1201 MOVE                 R6 <- R8  ; line 118
1202 JUMP                 -> 1177  ; line 118
1203 LOAD_CONST           R7 constant[255]  ; line 119
1204 MOVE                 R8 <- R4  ; line 119
1205 HOST_CALL            a=9 b=72 c=8 imm=1  ; line 119
1206 LOAD_CONST           R10 constant[256]  ; line 119
1207 LOAD_CONST           R11 constant[257]  ; line 119
1208 MOVE                 R12 <- R0  ; line 119
1209 MOVE                 R13 <- R11  ; line 119
1210 HOST_CALL            a=14 b=11 c=12 imm=2  ; line 119
1211 LOAD_CONST           R15 constant[258]  ; line 119
1212 LOAD_CONST           R16 constant[259]  ; line 119
1213 MOVE                 R17 <- R0  ; line 119
1214 MOVE                 R18 <- R16  ; line 119
1215 HOST_CALL            a=19 b=11 c=17 imm=2  ; line 119
1216 MOVE                 R20 <- R7  ; line 119
1217 MOVE                 R21 <- R9  ; line 119
1218 MOVE                 R22 <- R10  ; line 119
1219 MOVE                 R23 <- R14  ; line 119
1220 MOVE                 R24 <- R15  ; line 119
1221 MOVE                 R25 <- R19  ; line 119
1222 HOST_CALL            a=26 b=6 c=20 imm=6  ; line 119
1223 RETURN               R26  ; line 119
1224 LOAD_CONST           R27 constant[260]  ; line 119
1225 RETURN               R27  ; line 119
1226 MOVE                 R2 <- R0  ; line 123
1227 CALL                 a=3 b=41 c=2 imm=1  ; line 123
1228 MOVE                 R4 <- R3  ; line 123
1229 LOAD_CONST           R5 constant[261]  ; line 123
1230 MOVE                 R6 <- R5  ; line 123
1231 HOST_CALL            a=7 b=22 c=6 imm=1  ; line 123
1232 MOVE                 R8 <- R7  ; line 123
1233 LOAD_CONST           R9 constant[262]  ; line 123
1234 MOVE                 R10 <- R9  ; line 123
1235 HOST_CALL            a=11 b=22 c=10 imm=1  ; line 123
1236 MOVE                 R12 <- R11  ; line 123
1237 LOAD_CONST           R13 constant[263]  ; line 124
1238 MOVE                 R14 <- R13  ; line 124
1239 CALL                 a=15 b=16 c=15 imm=0  ; line 125
1240 COMPARE              a=14 b=15 c=16 imm=2  ; line 125
1241 JUMP_IF_FALSE        R16 -> 1285  ; line 125
1242 BINARY               a=14 b=0 c=15 imm=2  ; line 126
1243 BINARY               a=15 b=1 c=16 imm=0  ; line 126
1244 FORCE                R17 <- force(R4, index=R16)  ; line 126
1245 MOVE                 R18 <- R17  ; line 126
1246 LOAD_CONST           R19 constant[264]  ; line 127
1247 MOVE                 R20 <- R19  ; line 127
1248 HOST_CALL            a=21 b=22 c=20 imm=1  ; line 127
1249 MOVE                 R22 <- R21  ; line 127
1250 LOAD_CONST           R23 constant[265]  ; line 127
1251 MOVE                 R24 <- R23  ; line 127
1252 CALL                 a=25 b=15 c=25 imm=0  ; line 128
1253 COMPARE              a=24 b=25 c=26 imm=2  ; line 128
1254 JUMP_IF_FALSE        R26 -> 1271  ; line 128
1255 LOAD_CONST           R25 constant[266]  ; line 128
1256 MOVE                 R26 <- R18  ; line 128
1257 MOVE                 R27 <- R25  ; line 128
1258 HOST_CALL            a=28 b=11 c=26 imm=2  ; line 128
1259 CALL                 a=29 b=14 c=29 imm=0  ; line 128
1260 BINARY               a=29 b=24 c=30 imm=0  ; line 128
1261 MOVE                 R31 <- R28  ; line 128
1262 MOVE                 R32 <- R30  ; line 128
1263 HOST_CALL            a=33 b=11 c=31 imm=2  ; line 128
1264 MOVE                 R34 <- R22  ; line 128
1265 MOVE                 R35 <- R33  ; line 128
1266 HOST_CALL            a=36 b=23 c=34 imm=2  ; line 128
1267 LOAD_CONST           R25 constant[267]  ; line 128
1268 BINARY               a=24 b=25 c=26 imm=0  ; line 128
1269 MOVE                 R24 <- R26  ; line 128
1270 JUMP                 -> 1252  ; line 128
1271 MOVE                 R25 <- R8  ; line 129
1272 MOVE                 R26 <- R22  ; line 129
1273 HOST_CALL            a=27 b=23 c=25 imm=2  ; line 129
1274 LOAD_CONST           R25 constant[268]  ; line 129
1275 MOVE                 R26 <- R18  ; line 129
1276 MOVE                 R27 <- R25  ; line 129
1277 HOST_CALL            a=28 b=11 c=26 imm=2  ; line 129
1278 MOVE                 R29 <- R12  ; line 129
1279 MOVE                 R30 <- R28  ; line 129
1280 HOST_CALL            a=31 b=23 c=29 imm=2  ; line 129
1281 LOAD_CONST           R25 constant[269]  ; line 129
1282 BINARY               a=14 b=25 c=26 imm=0  ; line 129
1283 MOVE                 R14 <- R26  ; line 129
1284 JUMP                 -> 1239  ; line 129
1285 LOAD_CONST           R25 constant[270]  ; line 131
1286 MOVE                 R26 <- R8  ; line 131
1287 HOST_CALL            a=27 b=72 c=26 imm=1  ; line 131
1288 LOAD_CONST           R28 constant[271]  ; line 131
1289 MOVE                 R29 <- R12  ; line 131
1290 HOST_CALL            a=30 b=72 c=29 imm=1  ; line 131
1291 MOVE                 R31 <- R25  ; line 131
1292 MOVE                 R32 <- R27  ; line 131
1293 MOVE                 R33 <- R28  ; line 131
1294 MOVE                 R34 <- R30  ; line 131
1295 HOST_CALL            a=35 b=6 c=31 imm=4  ; line 131
1296 RETURN               R35  ; line 131
1297 LOAD_CONST           R36 constant[272]  ; line 131
1298 RETURN               R36  ; line 131
1299 LOAD_CONST           R2 constant[273]  ; line 135
1300 MOVE                 R3 <- R2  ; line 135
1301 HOST_CALL            a=4 b=22 c=3 imm=1  ; line 135
1302 MOVE                 R5 <- R4  ; line 135
1303 LOAD_CONST           R6 constant[274]  ; line 135
1304 MOVE                 R7 <- R6  ; line 135
1305 LOAD_CONST           R8 constant[275]  ; line 136
1306 MOVE                 R9 <- R0  ; line 136
1307 MOVE                 R10 <- R8  ; line 136
1308 HOST_CALL            a=11 b=11 c=9 imm=2  ; line 136
1309 MOVE                 R12 <- R11  ; line 136
1310 HOST_CALL            a=13 b=26 c=12 imm=1  ; line 136
1311 COMPARE              a=7 b=13 c=14 imm=2  ; line 136
1312 JUMP_IF_FALSE        R14 -> 1338  ; line 136
1313 LOAD_CONST           R8 constant[276]  ; line 137
1314 MOVE                 R9 <- R8  ; line 137
1315 LOAD_CONST           R10 constant[277]  ; line 137
1316 MOVE                 R11 <- R0  ; line 137
1317 MOVE                 R12 <- R10  ; line 137
1318 HOST_CALL            a=13 b=11 c=11 imm=2  ; line 137
1319 MOVE                 R14 <- R13  ; line 137
1320 MOVE                 R15 <- R7  ; line 137
1321 HOST_CALL            a=16 b=11 c=14 imm=2  ; line 137
1322 MOVE                 R17 <- R16  ; line 137
1323 MOVE                 R18 <- R1  ; line 137
1324 CALL                 a=19 b=34 c=17 imm=2  ; line 137
1325 LOAD_CONST           R20 constant[278]  ; line 137
1326 COMPARE              a=19 b=20 c=21 imm=4  ; line 137
1327 JUMP_IF_FALSE        R21 -> 1331  ; line 137
1328 LOAD_CONST           R10 constant[279]  ; line 137
1329 MOVE                 R9 <- R10  ; line 137
1330 JUMP                 -> 1331  ; line 137
1331 MOVE                 R10 <- R5  ; line 138
1332 MOVE                 R11 <- R9  ; line 138
1333 HOST_CALL            a=12 b=23 c=10 imm=2  ; line 138
1334 LOAD_CONST           R10 constant[280]  ; line 138
1335 BINARY               a=7 b=10 c=11 imm=0  ; line 138
1336 MOVE                 R7 <- R11  ; line 138
1337 JUMP                 -> 1305  ; line 138
1338 LOAD_CONST           R10 constant[281]  ; line 140
1339 LOAD_CONST           R11 constant[282]  ; line 140
1340 MOVE                 R12 <- R0  ; line 140
1341 MOVE                 R13 <- R11  ; line 140
1342 HOST_CALL            a=14 b=11 c=12 imm=2  ; line 140
1343 LOAD_CONST           R15 constant[283]  ; line 140
1344 MOVE                 R16 <- R5  ; line 140
1345 HOST_CALL            a=17 b=72 c=16 imm=1  ; line 140
1346 MOVE                 R18 <- R10  ; line 140
1347 MOVE                 R19 <- R14  ; line 140
1348 MOVE                 R20 <- R15  ; line 140
1349 MOVE                 R21 <- R17  ; line 140
1350 HOST_CALL            a=22 b=6 c=18 imm=4  ; line 140
1351 RETURN               R22  ; line 140
1352 LOAD_CONST           R23 constant[284]  ; line 140
1353 RETURN               R23  ; line 140
1354 MOVE                 R2 <- R1  ; line 143
1355 CALL                 a=3 b=78 c=2 imm=1  ; line 143
1356 MOVE                 R4 <- R0  ; line 143
1357 MOVE                 R5 <- R3  ; line 143
1358 HOST_CALL            a=6 b=51 c=4 imm=2  ; line 143
1359 LOAD_CONST           R2 constant[285]  ; line 143
1360 RETURN               R2  ; line 143
1361 LOAD_CONST           R3 constant[286]  ; line 143
1362 RETURN               R3  ; line 143
1363 MOVE                 R1 <- R0  ; line 144
1364 HOST_CALL            a=2 b=1 c=1 imm=1  ; line 144
1365 MOVE                 R3 <- R2  ; line 144
1366 CALL                 a=4 b=77 c=3 imm=1  ; line 144
1367 MOVE                 R5 <- R4  ; line 144
1368 LOAD_CONST           R6 constant[287]  ; line 144
1369 MOVE                 R7 <- R5  ; line 144
1370 MOVE                 R8 <- R6  ; line 144
1371 HOST_CALL            a=9 b=11 c=7 imm=2  ; line 144
1372 LOAD_CONST           R10 constant[288]  ; line 144
1373 MOVE                 R11 <- R10  ; line 144
1374 MOVE                 R12 <- R0  ; line 144
1375 HOST_CALL            a=13 b=20 c=11 imm=2  ; line 144
1376 MOVE                 R14 <- R9  ; line 144
1377 MOVE                 R15 <- R13  ; line 144
1378 HOST_CALL            a=16 b=5 c=14 imm=2  ; line 144
1379 LOAD_CONST           R6 constant[289]  ; line 144
1380 MOVE                 R7 <- R5  ; line 144
1381 MOVE                 R8 <- R6  ; line 144
1382 HOST_CALL            a=9 b=11 c=7 imm=2  ; line 144
1383 RETURN               R9  ; line 144
1384 LOAD_CONST           R10 constant[290]  ; line 144
1385 RETURN               R10  ; line 144
1386 LOAD_CONST           R1 constant[291]  ; line 147
1387 MOVE                 R2 <- R1  ; line 147
1388 HOST_CALL            a=3 b=22 c=2 imm=1  ; line 147
1389 MOVE                 R4 <- R3  ; line 147
1390 LOAD_CONST           R5 constant[292]  ; line 147
1391 MOVE                 R6 <- R5  ; line 147
1392 MOVE                 R7 <- R0  ; line 148
1393 HOST_CALL            a=8 b=61 c=7 imm=1  ; line 148
1394 LOAD_CONST           R9 constant[293]  ; line 148
1395 MOVE                 R10 <- R8  ; line 148
1396 MOVE                 R11 <- R9  ; line 148
1397 HOST_CALL            a=12 b=11 c=10 imm=2  ; line 148
1398 COMPARE              a=6 b=12 c=13 imm=2  ; line 148
1399 JUMP_IF_FALSE        R13 -> 1410  ; line 148
1400 MOVE                 R7 <- R0  ; line 148
1401 MOVE                 R8 <- R6  ; line 148
1402 HOST_CALL            a=9 b=11 c=7 imm=2  ; line 148
1403 MOVE                 R10 <- R4  ; line 148
1404 MOVE                 R11 <- R9  ; line 148
1405 HOST_CALL            a=12 b=23 c=10 imm=2  ; line 148
1406 LOAD_CONST           R7 constant[294]  ; line 148
1407 BINARY               a=6 b=7 c=8 imm=0  ; line 148
1408 MOVE                 R6 <- R8  ; line 148
1409 JUMP                 -> 1392  ; line 148
1410 RETURN               R4  ; line 149
1411 LOAD_CONST           R7 constant[295]  ; line 149
1412 RETURN               R7  ; line 149
1413 LOAD_CONST           R1 constant[296]  ; line 153
1414 MOVE                 R2 <- R1  ; line 153
1415 HOST_CALL            a=3 b=22 c=2 imm=1  ; line 153
1416 MOVE                 R4 <- R3  ; line 153
1417 LOAD_CONST           R5 constant[297]  ; line 153
1418 MOVE                 R6 <- R5  ; line 153
1419 MOVE                 R7 <- R0  ; line 154
1420 HOST_CALL            a=8 b=61 c=7 imm=1  ; line 154
1421 LOAD_CONST           R9 constant[298]  ; line 154
1422 MOVE                 R10 <- R8  ; line 154
1423 MOVE                 R11 <- R9  ; line 154
1424 HOST_CALL            a=12 b=11 c=10 imm=2  ; line 154
1425 COMPARE              a=6 b=12 c=13 imm=2  ; line 154
1426 JUMP_IF_FALSE        R13 -> 1437  ; line 154
1427 MOVE                 R7 <- R0  ; line 154
1428 MOVE                 R8 <- R6  ; line 154
1429 CALL                 a=9 b=50 c=7 imm=2  ; line 154
1430 MOVE                 R10 <- R4  ; line 154
1431 MOVE                 R11 <- R9  ; line 154
1432 HOST_CALL            a=12 b=23 c=10 imm=2  ; line 154
1433 LOAD_CONST           R7 constant[299]  ; line 154
1434 BINARY               a=6 b=7 c=8 imm=0  ; line 154
1435 MOVE                 R6 <- R8  ; line 154
1436 JUMP                 -> 1419  ; line 154
1437 RETURN               R4  ; line 155
1438 LOAD_CONST           R7 constant[300]  ; line 155
1439 RETURN               R7  ; line 155
1440 LOAD_CONST           R3 constant[301]  ; line 159
1441 MOVE                 R4 <- R0  ; line 159
1442 MOVE                 R5 <- R3  ; line 159
1443 HOST_CALL            a=6 b=11 c=4 imm=2  ; line 159
1444 MOVE                 R7 <- R6  ; line 159
1445 LOAD_CONST           R8 constant[302]  ; line 160
1446 LOAD_CONST           R9 constant[303]  ; line 160
1447 LOAD_CONST           R10 constant[304]  ; line 160
1448 LOAD_CONST           R11 constant[305]  ; line 160
1449 LOAD_CONST           R12 constant[306]  ; line 160
1450 LOAD_CONST           R13 constant[307]  ; line 160
1451 MOVE                 R14 <- R7  ; line 160
1452 MOVE                 R15 <- R13  ; line 160
1453 HOST_CALL            a=16 b=11 c=14 imm=2  ; line 160
1454 LOAD_CONST           R17 constant[308]  ; line 160
1455 LOAD_CONST           R18 constant[309]  ; line 160
1456 MOVE                 R19 <- R7  ; line 160
1457 MOVE                 R20 <- R18  ; line 160
1458 HOST_CALL            a=21 b=11 c=19 imm=2  ; line 160
1459 LOAD_CONST           R22 constant[310]  ; line 160
1460 LOAD_CONST           R23 constant[311]  ; line 160
1461 MOVE                 R24 <- R7  ; line 160
1462 MOVE                 R25 <- R23  ; line 160
1463 HOST_CALL            a=26 b=11 c=24 imm=2  ; line 160
1464 LOAD_CONST           R27 constant[312]  ; line 160
1465 LOAD_CONST           R28 constant[313]  ; line 160
1466 MOVE                 R29 <- R7  ; line 160
1467 MOVE                 R30 <- R28  ; line 160
1468 HOST_CALL            a=31 b=11 c=29 imm=2  ; line 160
1469 LOAD_CONST           R32 constant[314]  ; line 160
1470 MOVE                 R33 <- R31  ; line 160
1471 MOVE                 R34 <- R32  ; line 160
1472 HOST_CALL            a=35 b=11 c=33 imm=2  ; line 160
1473 LOAD_CONST           R36 constant[315]  ; line 160
1474 LOAD_CONST           R37 constant[316]  ; line 160
1475 LOAD_CONST           R38 constant[317]  ; line 160
1476 MOVE                 R39 <- R7  ; line 160
1477 MOVE                 R40 <- R38  ; line 160
1478 HOST_CALL            a=41 b=11 c=39 imm=2  ; line 160
1479 LOAD_CONST           R42 constant[318]  ; line 160
1480 MOVE                 R43 <- R41  ; line 160
1481 MOVE                 R44 <- R42  ; line 160
1482 HOST_CALL            a=45 b=11 c=43 imm=2  ; line 160
1483 MOVE                 R46 <- R45  ; line 160
1484 CALL                 a=47 b=58 c=46 imm=1  ; line 160
1485 LOAD_CONST           R48 constant[319]  ; line 160
1486 LOAD_CONST           R49 constant[320]  ; line 160
1487 MOVE                 R50 <- R7  ; line 160
1488 MOVE                 R51 <- R49  ; line 160
1489 HOST_CALL            a=52 b=11 c=50 imm=2  ; line 160
1490 LOAD_CONST           R53 constant[321]  ; line 160
1491 MOVE                 R54 <- R52  ; line 160
1492 MOVE                 R55 <- R53  ; line 160
1493 HOST_CALL            a=56 b=11 c=54 imm=2  ; line 160
1494 MOVE                 R57 <- R56  ; line 160
1495 CALL                 a=58 b=57 c=57 imm=1  ; line 160
1496 LOAD_CONST           R59 constant[322]  ; line 160
1497 LOAD_CONST           R60 constant[323]  ; line 160
1498 MOVE                 R61 <- R7  ; line 160
1499 MOVE                 R62 <- R60  ; line 160
1500 HOST_CALL            a=63 b=11 c=61 imm=2  ; line 160
1501 LOAD_CONST           R64 constant[324]  ; line 160
1502 MOVE                 R65 <- R63  ; line 160
1503 MOVE                 R66 <- R64  ; line 160
1504 HOST_CALL            a=67 b=11 c=65 imm=2  ; line 160
1505 MOVE                 R68 <- R67  ; line 160
1506 CALL                 a=69 b=57 c=68 imm=1  ; line 160
1507 LOAD_CONST           R70 constant[325]  ; line 160
1508 LOAD_CONST           R71 constant[326]  ; line 160
1509 MOVE                 R72 <- R7  ; line 160
1510 MOVE                 R73 <- R71  ; line 160
1511 HOST_CALL            a=74 b=11 c=72 imm=2  ; line 160
1512 LOAD_CONST           R75 constant[327]  ; line 160
1513 MOVE                 R76 <- R74  ; line 160
1514 MOVE                 R77 <- R75  ; line 160
1515 HOST_CALL            a=78 b=11 c=76 imm=2  ; line 160
1516 MOVE                 R79 <- R37  ; line 160
1517 MOVE                 R80 <- R47  ; line 160
1518 MOVE                 R81 <- R48  ; line 160
1519 MOVE                 R82 <- R58  ; line 160
1520 MOVE                 R83 <- R59  ; line 160
1521 MOVE                 R84 <- R69  ; line 160
1522 MOVE                 R85 <- R70  ; line 160
1523 MOVE                 R86 <- R78  ; line 160
1524 HOST_CALL            a=87 b=6 c=79 imm=8  ; line 160
1525 LOAD_CONST           R88 constant[328]  ; line 160
1526 LOAD_CONST           R89 constant[329]  ; line 160
1527 MOVE                 R90 <- R7  ; line 160
1528 MOVE                 R91 <- R89  ; line 160
1529 HOST_CALL            a=92 b=11 c=90 imm=2  ; line 160
1530 LOAD_CONST           R93 constant[330]  ; line 160
1531 MOVE                 R94 <- R92  ; line 160
1532 MOVE                 R95 <- R93  ; line 160
1533 HOST_CALL            a=96 b=11 c=94 imm=2  ; line 160
1534 LOAD_CONST           R97 constant[331]  ; line 160
1535 LOAD_CONST           R98 constant[332]  ; line 160
1536 MOVE                 R99 <- R7  ; line 160
1537 MOVE                 R100 <- R98  ; line 160
1538 HOST_CALL            a=101 b=11 c=99 imm=2  ; line 160
1539 MOVE                 R102 <- R8  ; line 160
1540 MOVE                 R103 <- R9  ; line 160
1541 MOVE                 R104 <- R10  ; line 160
1542 MOVE                 R105 <- R1  ; line 160
1543 MOVE                 R106 <- R11  ; line 160
1544 MOVE                 R107 <- R2  ; line 160
1545 MOVE                 R108 <- R12  ; line 160
1546 MOVE                 R109 <- R16  ; line 160
1547 MOVE                 R110 <- R17  ; line 160
1548 MOVE                 R111 <- R21  ; line 160
1549 MOVE                 R112 <- R22  ; line 160
1550 MOVE                 R113 <- R26  ; line 160
1551 MOVE                 R114 <- R27  ; line 160
1552 MOVE                 R115 <- R35  ; line 160
1553 MOVE                 R116 <- R36  ; line 160
1554 MOVE                 R117 <- R87  ; line 160
1555 MOVE                 R118 <- R88  ; line 160
1556 MOVE                 R119 <- R96  ; line 160
1557 MOVE                 R120 <- R97  ; line 160
1558 MOVE                 R121 <- R101  ; line 160
1559 HOST_CALL            a=122 b=6 c=102 imm=20  ; line 160
1560 RETURN               R122  ; line 160
1561 LOAD_CONST           R123 constant[333]  ; line 160
1562 RETURN               R123  ; line 160
1563 LOAD_CONST           R3 constant[334]  ; line 167
1564 MOVE                 R4 <- R0  ; line 167
1565 MOVE                 R5 <- R3  ; line 167
1566 HOST_CALL            a=6 b=11 c=4 imm=2  ; line 167
1567 MOVE                 R7 <- R6  ; line 167
1568 LOAD_CONST           R8 constant[335]  ; line 168
1569 LOAD_CONST           R9 constant[336]  ; line 168
1570 LOAD_CONST           R10 constant[337]  ; line 168
1571 LOAD_CONST           R11 constant[338]  ; line 168
1572 LOAD_CONST           R12 constant[339]  ; line 168
1573 LOAD_CONST           R13 constant[340]  ; line 168
1574 MOVE                 R14 <- R7  ; line 168
1575 MOVE                 R15 <- R13  ; line 168
1576 HOST_CALL            a=16 b=11 c=14 imm=2  ; line 168
1577 LOAD_CONST           R17 constant[341]  ; line 168
1578 LOAD_CONST           R18 constant[342]  ; line 168
1579 MOVE                 R19 <- R7  ; line 168
1580 MOVE                 R20 <- R18  ; line 168
1581 HOST_CALL            a=21 b=11 c=19 imm=2  ; line 168
1582 LOAD_CONST           R22 constant[343]  ; line 168
1583 LOAD_CONST           R23 constant[344]  ; line 168
1584 MOVE                 R24 <- R7  ; line 168
1585 MOVE                 R25 <- R23  ; line 168
1586 HOST_CALL            a=26 b=11 c=24 imm=2  ; line 168
1587 LOAD_CONST           R27 constant[345]  ; line 168
1588 LOAD_CONST           R28 constant[346]  ; line 168
1589 LOAD_CONST           R29 constant[347]  ; line 168
1590 MOVE                 R30 <- R7  ; line 168
1591 MOVE                 R31 <- R29  ; line 168
1592 HOST_CALL            a=32 b=11 c=30 imm=2  ; line 168
1593 LOAD_CONST           R33 constant[348]  ; line 168
1594 MOVE                 R34 <- R32  ; line 168
1595 MOVE                 R35 <- R33  ; line 168
1596 HOST_CALL            a=36 b=11 c=34 imm=2  ; line 168
1597 MOVE                 R37 <- R36  ; line 168
1598 CALL                 a=38 b=57 c=37 imm=1  ; line 168
1599 LOAD_CONST           R39 constant[349]  ; line 168
1600 LOAD_CONST           R40 constant[350]  ; line 168
1601 MOVE                 R41 <- R7  ; line 168
1602 MOVE                 R42 <- R40  ; line 168
1603 HOST_CALL            a=43 b=11 c=41 imm=2  ; line 168
1604 LOAD_CONST           R44 constant[351]  ; line 168
1605 MOVE                 R45 <- R43  ; line 168
1606 MOVE                 R46 <- R44  ; line 168
1607 HOST_CALL            a=47 b=11 c=45 imm=2  ; line 168
1608 MOVE                 R48 <- R28  ; line 168
1609 MOVE                 R49 <- R38  ; line 168
1610 MOVE                 R50 <- R39  ; line 168
1611 MOVE                 R51 <- R47  ; line 168
1612 HOST_CALL            a=52 b=6 c=48 imm=4  ; line 168
1613 LOAD_CONST           R53 constant[352]  ; line 168
1614 LOAD_CONST           R54 constant[353]  ; line 168
1615 MOVE                 R55 <- R7  ; line 168
1616 MOVE                 R56 <- R54  ; line 168
1617 HOST_CALL            a=57 b=11 c=55 imm=2  ; line 168
1618 MOVE                 R58 <- R8  ; line 168
1619 MOVE                 R59 <- R9  ; line 168
1620 MOVE                 R60 <- R10  ; line 168
1621 MOVE                 R61 <- R1  ; line 168
1622 MOVE                 R62 <- R11  ; line 168
1623 MOVE                 R63 <- R2  ; line 168
1624 MOVE                 R64 <- R12  ; line 168
1625 MOVE                 R65 <- R16  ; line 168
1626 MOVE                 R66 <- R17  ; line 168
1627 MOVE                 R67 <- R21  ; line 168
1628 MOVE                 R68 <- R22  ; line 168
1629 MOVE                 R69 <- R26  ; line 168
1630 MOVE                 R70 <- R27  ; line 168
1631 MOVE                 R71 <- R52  ; line 168
1632 MOVE                 R72 <- R53  ; line 168
1633 MOVE                 R73 <- R57  ; line 168
1634 HOST_CALL            a=74 b=6 c=58 imm=16  ; line 168
1635 RETURN               R74  ; line 168
1636 LOAD_CONST           R75 constant[354]  ; line 168
1637 RETURN               R75  ; line 168
1638 LOAD_CONST           R1 constant[355]  ; line 173
1639 MOVE                 R2 <- R0  ; line 173
1640 MOVE                 R3 <- R1  ; line 173
1641 HOST_CALL            a=4 b=11 c=2 imm=2  ; line 173
1642 LOAD_CONST           R5 constant[356]  ; line 173
1643 COMPARE              a=4 b=5 c=6 imm=0  ; line 173
1644 JUMP_IF_FALSE        R6 -> 1764  ; line 173
1645 LOAD_CONST           R1 constant[357]  ; line 174
1646 LOAD_CONST           R2 constant[358]  ; line 174
1647 LOAD_CONST           R3 constant[359]  ; line 174
1648 LOAD_CONST           R4 constant[360]  ; line 174
1649 MOVE                 R5 <- R0  ; line 174
1650 MOVE                 R6 <- R4  ; line 174
1651 HOST_CALL            a=7 b=11 c=5 imm=2  ; line 174
1652 LOAD_CONST           R8 constant[361]  ; line 174
1653 LOAD_CONST           R9 constant[362]  ; line 174
1654 MOVE                 R10 <- R0  ; line 174
1655 MOVE                 R11 <- R9  ; line 174
1656 HOST_CALL            a=12 b=11 c=10 imm=2  ; line 174
1657 LOAD_CONST           R13 constant[363]  ; line 174
1658 LOAD_CONST           R14 constant[364]  ; line 174
1659 LOAD_CONST           R15 constant[365]  ; line 174
1660 MOVE                 R16 <- R0  ; line 174
1661 MOVE                 R17 <- R15  ; line 174
1662 HOST_CALL            a=18 b=11 c=16 imm=2  ; line 174
1663 LOAD_CONST           R19 constant[366]  ; line 174
1664 MOVE                 R20 <- R18  ; line 174
1665 MOVE                 R21 <- R19  ; line 174
1666 HOST_CALL            a=22 b=11 c=20 imm=2  ; line 174
1667 MOVE                 R23 <- R22  ; line 174
1668 HOST_CALL            a=24 b=72 c=23 imm=1  ; line 174
1669 LOAD_CONST           R25 constant[367]  ; line 174
1670 LOAD_CONST           R26 constant[368]  ; line 174
1671 MOVE                 R27 <- R0  ; line 174
1672 MOVE                 R28 <- R26  ; line 174
1673 HOST_CALL            a=29 b=11 c=27 imm=2  ; line 174
1674 LOAD_CONST           R30 constant[369]  ; line 174
1675 MOVE                 R31 <- R29  ; line 174
1676 MOVE                 R32 <- R30  ; line 174
1677 HOST_CALL            a=33 b=11 c=31 imm=2  ; line 174
1678 MOVE                 R34 <- R33  ; line 174
1679 HOST_CALL            a=35 b=72 c=34 imm=1  ; line 174
1680 LOAD_CONST           R36 constant[370]  ; line 174
1681 LOAD_CONST           R37 constant[371]  ; line 174
1682 MOVE                 R38 <- R0  ; line 174
1683 MOVE                 R39 <- R37  ; line 174
1684 HOST_CALL            a=40 b=11 c=38 imm=2  ; line 174
1685 LOAD_CONST           R41 constant[372]  ; line 174
1686 MOVE                 R42 <- R40  ; line 174
1687 MOVE                 R43 <- R41  ; line 174
1688 HOST_CALL            a=44 b=11 c=42 imm=2  ; line 174
1689 MOVE                 R45 <- R44  ; line 174
1690 HOST_CALL            a=46 b=72 c=45 imm=1  ; line 174
1691 LOAD_CONST           R47 constant[373]  ; line 174
1692 LOAD_CONST           R48 constant[374]  ; line 174
1693 MOVE                 R49 <- R0  ; line 174
1694 MOVE                 R50 <- R48  ; line 174
1695 HOST_CALL            a=51 b=11 c=49 imm=2  ; line 174
1696 LOAD_CONST           R52 constant[375]  ; line 174
1697 MOVE                 R53 <- R51  ; line 174
1698 MOVE                 R54 <- R52  ; line 174
1699 HOST_CALL            a=55 b=11 c=53 imm=2  ; line 174
1700 LOAD_CONST           R56 constant[376]  ; line 174
1701 LOAD_CONST           R57 constant[377]  ; line 174
1702 MOVE                 R58 <- R0  ; line 174
1703 MOVE                 R59 <- R57  ; line 174
1704 HOST_CALL            a=60 b=11 c=58 imm=2  ; line 174
1705 MOVE                 R61 <- R14  ; line 174
1706 MOVE                 R62 <- R24  ; line 174
1707 MOVE                 R63 <- R25  ; line 174
1708 MOVE                 R64 <- R35  ; line 174
1709 MOVE                 R65 <- R36  ; line 174
1710 MOVE                 R66 <- R46  ; line 174
1711 MOVE                 R67 <- R47  ; line 174
1712 MOVE                 R68 <- R55  ; line 174
1713 MOVE                 R69 <- R56  ; line 174
1714 MOVE                 R70 <- R60  ; line 174
1715 HOST_CALL            a=71 b=6 c=61 imm=10  ; line 174
1716 LOAD_CONST           R72 constant[378]  ; line 174
1717 LOAD_CONST           R73 constant[379]  ; line 174
1718 LOAD_CONST           R74 constant[380]  ; line 174
1719 MOVE                 R75 <- R0  ; line 174
1720 MOVE                 R76 <- R74  ; line 174
1721 HOST_CALL            a=77 b=11 c=75 imm=2  ; line 174
1722 MOVE                 R78 <- R73  ; line 174
1723 MOVE                 R79 <- R77  ; line 174
1724 HOST_CALL            a=80 b=6 c=78 imm=2  ; line 174
1725 LOAD_CONST           R81 constant[381]  ; line 174
1726 ARRAY_NEW            a=82 b=82 c=0 imm=4294967295  ; line 174
1727 LOAD_CONST           R83 constant[382]  ; line 174
1728 LOAD_CONST           R84 constant[383]  ; line 174
1729 MOVE                 R85 <- R0  ; line 174
1730 MOVE                 R86 <- R84  ; line 174
1731 HOST_CALL            a=87 b=11 c=85 imm=2  ; line 174
1732 LOAD_CONST           R88 constant[384]  ; line 174
1733 LOAD_CONST           R89 constant[385]  ; line 174
1734 LOAD_CONST           R90 constant[386]  ; line 174
1735 LOAD_CONST           R91 constant[387]  ; line 174
1736 LOAD_CONST           R92 constant[388]  ; line 174
1737 LOAD_CONST           R93 constant[389]  ; line 174
1738 MOVE                 R94 <- R0  ; line 174
1739 MOVE                 R95 <- R93  ; line 174
1740 HOST_CALL            a=96 b=11 c=94 imm=2  ; line 174
1741 MOVE                 R97 <- R1  ; line 174
1742 MOVE                 R98 <- R2  ; line 174
1743 MOVE                 R99 <- R3  ; line 174
1744 MOVE                 R100 <- R7  ; line 174
1745 MOVE                 R101 <- R8  ; line 174
1746 MOVE                 R102 <- R12  ; line 174
1747 MOVE                 R103 <- R13  ; line 174
1748 MOVE                 R104 <- R71  ; line 174
1749 MOVE                 R105 <- R72  ; line 174
1750 MOVE                 R106 <- R80  ; line 174
1751 MOVE                 R107 <- R81  ; line 174
1752 MOVE                 R108 <- R82  ; line 174
1753 MOVE                 R109 <- R83  ; line 174
1754 MOVE                 R110 <- R87  ; line 174
1755 MOVE                 R111 <- R88  ; line 174
1756 MOVE                 R112 <- R89  ; line 174
1757 MOVE                 R113 <- R90  ; line 174
1758 MOVE                 R114 <- R91  ; line 174
1759 MOVE                 R115 <- R92  ; line 174
1760 MOVE                 R116 <- R96  ; line 174
1761 HOST_CALL            a=117 b=6 c=97 imm=20  ; line 174
1762 RETURN               R117  ; line 174
1763 JUMP                 -> 1764  ; line 174
1764 LOAD_CONST           R1 constant[390]  ; line 180
1765 LOAD_CONST           R2 constant[391]  ; line 180
1766 LOAD_CONST           R3 constant[392]  ; line 180
1767 LOAD_CONST           R4 constant[393]  ; line 180
1768 MOVE                 R5 <- R0  ; line 180
1769 MOVE                 R6 <- R4  ; line 180
1770 HOST_CALL            a=7 b=11 c=5 imm=2  ; line 180
1771 LOAD_CONST           R8 constant[394]  ; line 180
1772 LOAD_CONST           R9 constant[395]  ; line 180
1773 MOVE                 R10 <- R0  ; line 180
1774 MOVE                 R11 <- R9  ; line 180
1775 HOST_CALL            a=12 b=11 c=10 imm=2  ; line 180
1776 LOAD_CONST           R13 constant[396]  ; line 180
1777 LOAD_CONST           R14 constant[397]  ; line 180
1778 LOAD_CONST           R15 constant[398]  ; line 180
1779 MOVE                 R16 <- R0  ; line 180
1780 MOVE                 R17 <- R15  ; line 180
1781 HOST_CALL            a=18 b=11 c=16 imm=2  ; line 180
1782 LOAD_CONST           R19 constant[399]  ; line 180
1783 MOVE                 R20 <- R18  ; line 180
1784 MOVE                 R21 <- R19  ; line 180
1785 HOST_CALL            a=22 b=11 c=20 imm=2  ; line 180
1786 MOVE                 R23 <- R22  ; line 180
1787 HOST_CALL            a=24 b=72 c=23 imm=1  ; line 180
1788 LOAD_CONST           R25 constant[400]  ; line 180
1789 LOAD_CONST           R26 constant[401]  ; line 180
1790 MOVE                 R27 <- R0  ; line 180
1791 MOVE                 R28 <- R26  ; line 180
1792 HOST_CALL            a=29 b=11 c=27 imm=2  ; line 180
1793 LOAD_CONST           R30 constant[402]  ; line 180
1794 MOVE                 R31 <- R29  ; line 180
1795 MOVE                 R32 <- R30  ; line 180
1796 HOST_CALL            a=33 b=11 c=31 imm=2  ; line 180
1797 MOVE                 R34 <- R14  ; line 180
1798 MOVE                 R35 <- R24  ; line 180
1799 MOVE                 R36 <- R25  ; line 180
1800 MOVE                 R37 <- R33  ; line 180
1801 HOST_CALL            a=38 b=6 c=34 imm=4  ; line 180
1802 LOAD_CONST           R39 constant[403]  ; line 180
1803 LOAD_CONST           R40 constant[404]  ; line 180
1804 LOAD_CONST           R41 constant[405]  ; line 180
1805 MOVE                 R42 <- R40  ; line 180
1806 MOVE                 R43 <- R41  ; line 180
1807 HOST_CALL            a=44 b=6 c=42 imm=2  ; line 180
1808 LOAD_CONST           R45 constant[406]  ; line 180
1809 LOAD_CONST           R46 constant[407]  ; line 180
1810 LOAD_CONST           R47 constant[408]  ; line 180
1811 MOVE                 R48 <- R46  ; line 180
1812 MOVE                 R49 <- R47  ; line 180
1813 ARRAY_NEW            a=50 b=48 c=2 imm=4294967295  ; line 180
1814 LOAD_CONST           R51 constant[409]  ; line 180
1815 LOAD_CONST           R52 constant[410]  ; line 180
1816 MOVE                 R53 <- R0  ; line 180
1817 MOVE                 R54 <- R52  ; line 180
1818 HOST_CALL            a=55 b=11 c=53 imm=2  ; line 180
1819 LOAD_CONST           R56 constant[411]  ; line 180
1820 LOAD_CONST           R57 constant[412]  ; line 180
1821 LOAD_CONST           R58 constant[413]  ; line 180
1822 LOAD_CONST           R59 constant[414]  ; line 180
1823 LOAD_CONST           R60 constant[415]  ; line 180
1824 LOAD_CONST           R61 constant[416]  ; line 180
1825 MOVE                 R62 <- R0  ; line 180
1826 MOVE                 R63 <- R61  ; line 180
1827 HOST_CALL            a=64 b=11 c=62 imm=2  ; line 180
1828 MOVE                 R65 <- R1  ; line 180
1829 MOVE                 R66 <- R2  ; line 180
1830 MOVE                 R67 <- R3  ; line 180
1831 MOVE                 R68 <- R7  ; line 180
1832 MOVE                 R69 <- R8  ; line 180
1833 MOVE                 R70 <- R12  ; line 180
1834 MOVE                 R71 <- R13  ; line 180
1835 MOVE                 R72 <- R38  ; line 180
1836 MOVE                 R73 <- R39  ; line 180
1837 MOVE                 R74 <- R44  ; line 180
1838 MOVE                 R75 <- R45  ; line 180
1839 MOVE                 R76 <- R50  ; line 180
1840 MOVE                 R77 <- R51  ; line 180
1841 MOVE                 R78 <- R55  ; line 180
1842 MOVE                 R79 <- R56  ; line 180
1843 MOVE                 R80 <- R57  ; line 180
1844 MOVE                 R81 <- R58  ; line 180
1845 MOVE                 R82 <- R59  ; line 180
1846 MOVE                 R83 <- R60  ; line 180
1847 MOVE                 R84 <- R64  ; line 180
1848 HOST_CALL            a=85 b=6 c=65 imm=20  ; line 180
1849 RETURN               R85  ; line 180
1850 LOAD_CONST           R86 constant[417]  ; line 180
1851 RETURN               R86  ; line 180
1852 MOVE                 R2 <- R0  ; line 186
1853 MOVE                 R3 <- R1  ; line 186
1854 CALL                 a=4 b=55 c=2 imm=2  ; line 186
1855 MOVE                 R2 <- R1  ; line 186
1856 CALL                 a=3 b=78 c=2 imm=1  ; line 186
1857 MOVE                 R4 <- R3  ; line 186
1858 HOST_CALL            a=5 b=17 c=4 imm=1  ; line 186
1859 RETURN               R5  ; line 186
1860 LOAD_CONST           R6 constant[418]  ; line 186
1861 RETURN               R6  ; line 186
1862 MOVE                 R1 <- R0  ; line 187
1863 CALL                 a=2 b=56 c=1 imm=1  ; line 187
1864 MOVE                 R3 <- R2  ; line 187
1865 CALL                 a=4 b=61 c=3 imm=1  ; line 187
1866 RETURN               R4  ; line 187
1867 LOAD_CONST           R5 constant[419]  ; line 187
1868 RETURN               R5  ; line 187
1869 LOAD_CONST           R2 constant[420]  ; line 190
1870 LOAD_CONST           R3 constant[421]  ; line 190
1871 LOAD_CONST           R4 constant[422]  ; line 190
1872 LOAD_CONST           R5 constant[423]  ; line 190
1873 LOAD_CONST           R6 constant[424]  ; line 190
1874 LOAD_CONST           R7 constant[425]  ; line 190
1875 LOAD_CONST           R8 constant[426]  ; line 190
1876 MOVE                 R9 <- R3  ; line 190
1877 MOVE                 R10 <- R4  ; line 190
1878 MOVE                 R11 <- R5  ; line 190
1879 MOVE                 R12 <- R6  ; line 190
1880 MOVE                 R13 <- R7  ; line 190
1881 MOVE                 R14 <- R8  ; line 190
1882 HOST_CALL            a=15 b=6 c=9 imm=6  ; line 190
1883 MOVE                 R16 <- R2  ; line 190
1884 MOVE                 R17 <- R0  ; line 190
1885 MOVE                 R18 <- R15  ; line 190
1886 CALL                 a=19 b=155 c=16 imm=3  ; line 190
1887 MOVE                 R20 <- R19  ; line 190
1888 LOAD_CONST           R21 constant[427]  ; line 191
1889 MOVE                 R22 <- R20  ; line 191
1890 MOVE                 R23 <- R21  ; line 191
1891 HOST_CALL            a=24 b=11 c=22 imm=2  ; line 191
1892 LOAD_CONST           R25 constant[428]  ; line 191
1893 MOVE                 R26 <- R24  ; line 191
1894 MOVE                 R27 <- R25  ; line 191
1895 HOST_CALL            a=28 b=5 c=26 imm=2  ; line 191
1896 LOAD_CONST           R21 constant[429]  ; line 191
1897 MOVE                 R22 <- R20  ; line 191
1898 MOVE                 R23 <- R21  ; line 191
1899 HOST_CALL            a=24 b=11 c=22 imm=2  ; line 191
1900 RETURN               R24  ; line 191
1901 LOAD_CONST           R25 constant[430]  ; line 191
1902 RETURN               R25  ; line 191
1903 LOAD_CONST           R1 constant[431]  ; line 195
1904 LOAD_CONST           R2 constant[432]  ; line 195
1905 LOAD_CONST           R3 constant[433]  ; line 195
1906 LOAD_CONST           R4 constant[434]  ; line 195
1907 LOAD_CONST           R5 constant[435]  ; line 195
1908 LOAD_CONST           R6 constant[436]  ; line 195
1909 LOAD_CONST           R7 constant[437]  ; line 195
1910 MOVE                 R8 <- R2  ; line 195
1911 MOVE                 R9 <- R3  ; line 195
1912 MOVE                 R10 <- R4  ; line 195
1913 MOVE                 R11 <- R5  ; line 195
1914 MOVE                 R12 <- R6  ; line 195
1915 MOVE                 R13 <- R7  ; line 195
1916 HOST_CALL            a=14 b=6 c=8 imm=6  ; line 195
1917 MOVE                 R15 <- R1  ; line 195
1918 MOVE                 R16 <- R0  ; line 195
1919 MOVE                 R17 <- R14  ; line 195
1920 CALL                 a=18 b=155 c=15 imm=3  ; line 195
1921 MOVE                 R19 <- R18  ; line 195
1922 LOAD_CONST           R20 constant[438]  ; line 196
1923 MOVE                 R21 <- R19  ; line 196
1924 MOVE                 R22 <- R20  ; line 196
1925 HOST_CALL            a=23 b=11 c=21 imm=2  ; line 196
1926 LOAD_CONST           R24 constant[439]  ; line 196
1927 MOVE                 R25 <- R23  ; line 196
1928 MOVE                 R26 <- R24  ; line 196
1929 HOST_CALL            a=27 b=5 c=25 imm=2  ; line 196
1930 LOAD_CONST           R20 constant[440]  ; line 196
1931 MOVE                 R21 <- R19  ; line 196
1932 MOVE                 R22 <- R20  ; line 196
1933 HOST_CALL            a=23 b=11 c=21 imm=2  ; line 196
1934 RETURN               R23  ; line 196
1935 LOAD_CONST           R24 constant[441]  ; line 196
1936 RETURN               R24  ; line 196
1937 LOAD_CONST           R1 constant[442]  ; line 200
1938 LOAD_CONST           R2 constant[443]  ; line 200
1939 LOAD_CONST           R3 constant[444]  ; line 200
1940 LOAD_CONST           R4 constant[445]  ; line 200
1941 LOAD_CONST           R5 constant[446]  ; line 200
1942 LOAD_CONST           R6 constant[447]  ; line 200
1943 LOAD_CONST           R7 constant[448]  ; line 200
1944 MOVE                 R8 <- R2  ; line 200
1945 MOVE                 R9 <- R3  ; line 200
1946 MOVE                 R10 <- R4  ; line 200
1947 MOVE                 R11 <- R5  ; line 200
1948 MOVE                 R12 <- R6  ; line 200
1949 MOVE                 R13 <- R7  ; line 200
1950 HOST_CALL            a=14 b=6 c=8 imm=6  ; line 200
1951 MOVE                 R15 <- R1  ; line 200
1952 MOVE                 R16 <- R0  ; line 200
1953 MOVE                 R17 <- R14  ; line 200
1954 CALL                 a=18 b=155 c=15 imm=3  ; line 200
1955 MOVE                 R19 <- R18  ; line 200
1956 LOAD_CONST           R20 constant[449]  ; line 201
1957 MOVE                 R21 <- R19  ; line 201
1958 MOVE                 R22 <- R20  ; line 201
1959 HOST_CALL            a=23 b=11 c=21 imm=2  ; line 201
1960 LOAD_CONST           R24 constant[450]  ; line 201
1961 MOVE                 R25 <- R23  ; line 201
1962 MOVE                 R26 <- R24  ; line 201
1963 HOST_CALL            a=27 b=5 c=25 imm=2  ; line 201
1964 LOAD_CONST           R20 constant[451]  ; line 201
1965 MOVE                 R21 <- R19  ; line 201
1966 MOVE                 R22 <- R20  ; line 201
1967 HOST_CALL            a=23 b=11 c=21 imm=2  ; line 201
1968 RETURN               R23  ; line 201
1969 LOAD_CONST           R24 constant[452]  ; line 201
1970 RETURN               R24  ; line 201
1971 HOST_CALL            a=2 b=6 c=2 imm=0  ; line 204
1972 MOVE                 R3 <- R0  ; line 204
1973 MOVE                 R4 <- R1  ; line 204
1974 MOVE                 R5 <- R2  ; line 204
1975 CALL                 a=6 b=157 c=3 imm=3  ; line 204
1976 MOVE                 R7 <- R6  ; line 204
1977 LOAD_CONST           R8 constant[453]  ; line 204
1978 MOVE                 R9 <- R7  ; line 204
1979 MOVE                 R10 <- R8  ; line 204
1980 HOST_CALL            a=11 b=11 c=9 imm=2  ; line 204
1981 LOAD_CONST           R12 constant[454]  ; line 204
1982 MOVE                 R13 <- R11  ; line 204
1983 MOVE                 R14 <- R12  ; line 204
1984 HOST_CALL            a=15 b=5 c=13 imm=2  ; line 204
1985 LOAD_CONST           R8 constant[455]  ; line 204
1986 MOVE                 R9 <- R7  ; line 204
1987 MOVE                 R10 <- R8  ; line 204
1988 HOST_CALL            a=11 b=11 c=9 imm=2  ; line 204
1989 LOAD_CONST           R12 constant[456]  ; line 204
1990 MOVE                 R13 <- R11  ; line 204
1991 MOVE                 R14 <- R12  ; line 204
1992 HOST_CALL            a=15 b=11 c=13 imm=2  ; line 204
1993 RETURN               R15  ; line 204
1994 LOAD_CONST           R16 constant[457]  ; line 204
1995 RETURN               R16  ; line 204
1996 LOAD_CONST           R1 constant[458]  ; line 207
1997 MOVE                 R2 <- R0  ; line 207
1998 MOVE                 R3 <- R1  ; line 207
1999 HOST_CALL            a=4 b=11 c=2 imm=2  ; line 207
2000 LOAD_CONST           R5 constant[459]  ; line 207
2001 COMPARE              a=4 b=5 c=6 imm=0  ; line 207
2002 JUMP_IF_FALSE        R6 -> 2066  ; line 207
2003 LOAD_CONST           R1 constant[460]  ; line 208
2004 MOVE                 R2 <- R0  ; line 208
2005 MOVE                 R3 <- R1  ; line 208
2006 HOST_CALL            a=4 b=11 c=2 imm=2  ; line 208
2007 LOAD_CONST           R5 constant[461]  ; line 208
2008 MOVE                 R6 <- R4  ; line 208
2009 MOVE                 R7 <- R5  ; line 208
2010 HOST_CALL            a=8 b=11 c=6 imm=2  ; line 208
2011 MOVE                 R9 <- R8  ; line 208
2012 HOST_CALL            a=10 b=61 c=9 imm=1  ; line 208
2013 LOAD_CONST           R11 constant[462]  ; line 208
2014 MOVE                 R12 <- R10  ; line 208
2015 MOVE                 R13 <- R11  ; line 208
2016 HOST_CALL            a=14 b=11 c=12 imm=2  ; line 208
2017 LOAD_CONST           R15 constant[463]  ; line 208
2018 MOVE                 R16 <- R0  ; line 208
2019 MOVE                 R17 <- R15  ; line 208
2020 HOST_CALL            a=18 b=11 c=16 imm=2  ; line 208
2021 LOAD_CONST           R19 constant[464]  ; line 208
2022 MOVE                 R20 <- R18  ; line 208
2023 MOVE                 R21 <- R19  ; line 208
2024 HOST_CALL            a=22 b=11 c=20 imm=2  ; line 208
2025 MOVE                 R23 <- R22  ; line 208
2026 HOST_CALL            a=24 b=61 c=23 imm=1  ; line 208
2027 LOAD_CONST           R25 constant[465]  ; line 208
2028 MOVE                 R26 <- R24  ; line 208
2029 MOVE                 R27 <- R25  ; line 208
2030 HOST_CALL            a=28 b=11 c=26 imm=2  ; line 208
2031 BINARY               a=14 b=28 c=29 imm=2  ; line 208
2032 LOAD_CONST           R30 constant[466]  ; line 208
2033 MOVE                 R31 <- R0  ; line 208
2034 MOVE                 R32 <- R30  ; line 208
2035 HOST_CALL            a=33 b=11 c=31 imm=2  ; line 208
2036 LOAD_CONST           R34 constant[467]  ; line 208
2037 MOVE                 R35 <- R33  ; line 208
2038 MOVE                 R36 <- R34  ; line 208
2039 HOST_CALL            a=37 b=11 c=35 imm=2  ; line 208
2040 MOVE                 R38 <- R37  ; line 208
2041 HOST_CALL            a=39 b=61 c=38 imm=1  ; line 208
2042 LOAD_CONST           R40 constant[468]  ; line 208
2043 MOVE                 R41 <- R39  ; line 208
2044 MOVE                 R42 <- R40  ; line 208
2045 HOST_CALL            a=43 b=11 c=41 imm=2  ; line 208
2046 BINARY               a=29 b=43 c=44 imm=0  ; line 208
2047 LOAD_CONST           R45 constant[469]  ; line 208
2048 MOVE                 R46 <- R0  ; line 208
2049 MOVE                 R47 <- R45  ; line 208
2050 HOST_CALL            a=48 b=11 c=46 imm=2  ; line 208
2051 LOAD_CONST           R49 constant[470]  ; line 208
2052 MOVE                 R50 <- R48  ; line 208
2053 MOVE                 R51 <- R49  ; line 208
2054 HOST_CALL            a=52 b=11 c=50 imm=2  ; line 208
2055 MOVE                 R53 <- R52  ; line 208
2056 HOST_CALL            a=54 b=61 c=53 imm=1  ; line 208
2057 LOAD_CONST           R55 constant[471]  ; line 208
2058 MOVE                 R56 <- R54  ; line 208
2059 MOVE                 R57 <- R55  ; line 208
2060 HOST_CALL            a=58 b=11 c=56 imm=2  ; line 208
2061 BINARY               a=44 b=58 c=59 imm=0  ; line 208
2062 LOAD_CONST           R60 constant[472]  ; line 208
2063 BINARY               a=59 b=60 c=61 imm=0  ; line 208
2064 RETURN               R61  ; line 208
2065 JUMP                 -> 2066  ; line 208
2066 LOAD_CONST           R1 constant[473]  ; line 210
2067 MOVE                 R2 <- R0  ; line 210
2068 MOVE                 R3 <- R1  ; line 210
2069 HOST_CALL            a=4 b=11 c=2 imm=2  ; line 210
2070 LOAD_CONST           R5 constant[474]  ; line 210
2071 MOVE                 R6 <- R4  ; line 210
2072 MOVE                 R7 <- R5  ; line 210
2073 HOST_CALL            a=8 b=11 c=6 imm=2  ; line 210
2074 MOVE                 R9 <- R8  ; line 210
2075 HOST_CALL            a=10 b=61 c=9 imm=1  ; line 210
2076 LOAD_CONST           R11 constant[475]  ; line 210
2077 MOVE                 R12 <- R10  ; line 210
2078 MOVE                 R13 <- R11  ; line 210
2079 HOST_CALL            a=14 b=11 c=12 imm=2  ; line 210
2080 LOAD_CONST           R15 constant[476]  ; line 210
2081 BINARY               a=14 b=15 c=16 imm=0  ; line 210
2082 RETURN               R16  ; line 210
2083 LOAD_CONST           R17 constant[477]  ; line 210
2084 RETURN               R17  ; line 210
2085 LOAD_CONST           R2 constant[478]  ; line 214
2086 MOVE                 R3 <- R2  ; line 214
2087 HOST_CALL            a=4 b=22 c=3 imm=1  ; line 214
2088 MOVE                 R5 <- R4  ; line 214
2089 LOAD_CONST           R6 constant[479]  ; line 214
2090 MOVE                 R7 <- R6  ; line 214
2091 MOVE                 R8 <- R1  ; line 215
2092 CALL                 a=9 b=22 c=8 imm=1  ; line 215
2093 COMPARE              a=7 b=9 c=10 imm=2  ; line 215
2094 JUMP_IF_FALSE        R10 -> 2108  ; line 215
2095 MOVE                 R8 <- R0  ; line 215
2096 MOVE                 R9 <- R1  ; line 215
2097 MOVE                 R10 <- R7  ; line 215
2098 CALL                 a=11 b=31 c=8 imm=3  ; line 215
2099 MOVE                 R12 <- R11  ; line 215
2100 CALL                 a=13 b=63 c=12 imm=1  ; line 215
2101 MOVE                 R14 <- R5  ; line 215
2102 MOVE                 R15 <- R13  ; line 215
2103 HOST_CALL            a=16 b=23 c=14 imm=2  ; line 215
2104 LOAD_CONST           R8 constant[480]  ; line 215
2105 BINARY               a=7 b=8 c=9 imm=0  ; line 215
2106 MOVE                 R7 <- R9  ; line 215
2107 JUMP                 -> 2091  ; line 215
2108 RETURN               R5  ; line 216
2109 LOAD_CONST           R8 constant[481]  ; line 216
2110 RETURN               R8  ; line 216
2111 LOAD_CONST           R3 constant[482]  ; line 220
2112 MOVE                 R4 <- R3  ; line 220
2113 HOST_CALL            a=5 b=22 c=4 imm=1  ; line 220
2114 MOVE                 R6 <- R5  ; line 220
2115 LOAD_CONST           R7 constant[483]  ; line 220
2116 MOVE                 R8 <- R7  ; line 220
2117 MOVE                 R9 <- R0  ; line 221
2118 HOST_CALL            a=10 b=26 c=9 imm=1  ; line 221
2119 COMPARE              a=8 b=10 c=11 imm=2  ; line 221
2120 JUMP_IF_FALSE        R11 -> 2134  ; line 221
2121 MOVE                 R9 <- R0  ; line 221
2122 MOVE                 R10 <- R8  ; line 221
2123 HOST_CALL            a=11 b=11 c=9 imm=2  ; line 221
2124 MOVE                 R12 <- R11  ; line 221
2125 MOVE                 R13 <- R1  ; line 221
2126 CALL                 a=14 b=67 c=12 imm=2  ; line 221
2127 MOVE                 R15 <- R6  ; line 221
2128 MOVE                 R16 <- R14  ; line 221
2129 HOST_CALL            a=17 b=23 c=15 imm=2  ; line 221
2130 LOAD_CONST           R9 constant[484]  ; line 221
2131 BINARY               a=8 b=9 c=10 imm=0  ; line 221
2132 MOVE                 R8 <- R10  ; line 221
2133 JUMP                 -> 2117  ; line 221
2134 LOAD_CONST           R9 constant[485]  ; line 222
2135 MOVE                 R10 <- R9  ; line 222
2136 HOST_CALL            a=11 b=22 c=10 imm=1  ; line 222
2137 MOVE                 R12 <- R11  ; line 222
2138 LOAD_CONST           R13 constant[486]  ; line 222
2139 MOVE                 R14 <- R13  ; line 222
2140 MOVE                 R15 <- R1  ; line 223
2141 HOST_CALL            a=16 b=61 c=15 imm=1  ; line 223
2142 LOAD_CONST           R17 constant[487]  ; line 223
2143 MOVE                 R18 <- R16  ; line 223
2144 MOVE                 R19 <- R17  ; line 223
2145 HOST_CALL            a=20 b=11 c=18 imm=2  ; line 223
2146 COMPARE              a=14 b=20 c=21 imm=2  ; line 223
2147 JUMP_IF_FALSE        R21 -> 2186  ; line 223
2148 LOAD_CONST           R15 constant[488]  ; line 224
2149 MOVE                 R16 <- R15  ; line 224
2150 LOAD_CONST           R17 constant[489]  ; line 224
2151 MOVE                 R8 <- R17  ; line 224
2152 MOVE                 R17 <- R6  ; line 225
2153 HOST_CALL            a=18 b=26 c=17 imm=1  ; line 225
2154 COMPARE              a=8 b=18 c=19 imm=2  ; line 225
2155 JUMP_IF_FALSE        R19 -> 2174  ; line 225
2156 MOVE                 R17 <- R6  ; line 226
2157 MOVE                 R18 <- R8  ; line 226
2158 HOST_CALL            a=19 b=11 c=17 imm=2  ; line 226
2159 MOVE                 R20 <- R19  ; line 226
2160 MOVE                 R21 <- R14  ; line 226
2161 HOST_CALL            a=22 b=11 c=20 imm=2  ; line 226
2162 LOAD_CONST           R23 constant[490]  ; line 226
2163 COMPARE              a=22 b=23 c=24 imm=5  ; line 226
2164 JUMP_IF_FALSE        R24 -> 2170  ; line 226
2165 MOVE                 R17 <- R8  ; line 226
2166 CALL                 a=18 b=23 c=17 imm=1  ; line 226
2167 BINARY               a=16 b=18 c=19 imm=0  ; line 226
2168 MOVE                 R16 <- R19  ; line 226
2169 JUMP                 -> 2170  ; line 226
2170 LOAD_CONST           R17 constant[491]  ; line 227
2171 BINARY               a=8 b=17 c=18 imm=0  ; line 227
2172 MOVE                 R8 <- R18  ; line 227
2173 JUMP                 -> 2152  ; line 227
2174 COMPARE              a=16 b=2 c=17 imm=2  ; line 229
2175 LOAD_CONST           R18 constant[492]  ; line 229
2176 MOVE                 R19 <- R17  ; line 229
2177 MOVE                 R20 <- R18  ; line 229
2178 HOST_CALL            a=21 b=5 c=19 imm=2  ; line 229
2179 MOVE                 R17 <- R12  ; line 229
2180 MOVE                 R18 <- R16  ; line 229
2181 HOST_CALL            a=19 b=23 c=17 imm=2  ; line 229
2182 LOAD_CONST           R17 constant[493]  ; line 229
2183 BINARY               a=14 b=17 c=18 imm=0  ; line 229
2184 MOVE                 R14 <- R18  ; line 229
2185 JUMP                 -> 2140  ; line 229
2186 RETURN               R12  ; line 231
2187 LOAD_CONST           R17 constant[494]  ; line 231
2188 RETURN               R17  ; line 231
2189 LOAD_CONST           R2 constant[495]  ; line 234
2190 MOVE                 R3 <- R0  ; line 234
2191 MOVE                 R4 <- R2  ; line 234
2192 CALL                 a=5 b=84 c=3 imm=2  ; line 234
2193 LOAD_CONST           R6 constant[496]  ; line 234
2194 BINARY               a=5 b=6 c=7 imm=2  ; line 234
2195 LOAD_CONST           R8 constant[497]  ; line 234
2196 BINARY               a=7 b=8 c=9 imm=0  ; line 234
2197 MOVE                 R10 <- R9  ; line 234
2198 MOVE                 R11 <- R1  ; line 234
2199 CALL                 a=12 b=85 c=10 imm=2  ; line 234
2200 RETURN               R12  ; line 234
2201 LOAD_CONST           R13 constant[498]  ; line 234
2202 RETURN               R13  ; line 234
2203 BINARY               a=0 b=1 c=2 imm=1  ; line 235
2204 MOVE                 R3 <- R2  ; line 235
2205 BINARY               a=3 b=3 c=4 imm=2  ; line 235
2206 RETURN               R4  ; line 235
2207 LOAD_CONST           R5 constant[499]  ; line 235
2208 RETURN               R5  ; line 235
2209 LOAD_CONST           R0 constant[500]  ; line 237
2210 LOAD_CONST           R1 constant[501]  ; line 237
2211 MOVE                 R2 <- R1  ; line 237
2212 HOST_CALL            a=3 b=22 c=2 imm=1  ; line 237
2213 LOAD_CONST           R4 constant[502]  ; line 237
2214 LOAD_CONST           R5 constant[503]  ; line 237
2215 MOVE                 R6 <- R5  ; line 237
2216 HOST_CALL            a=7 b=22 c=6 imm=1  ; line 237
2217 LOAD_CONST           R8 constant[504]  ; line 237
2218 LOAD_CONST           R9 constant[505]  ; line 237
2219 LOAD_CONST           R10 constant[506]  ; line 237
2220 LOAD_CONST           R11 constant[507]  ; line 237
2221 LOAD_CONST           R12 constant[508]  ; line 237
2222 LOAD_CONST           R13 constant[509]  ; line 237
2223 MOVE                 R14 <- R0  ; line 237
2224 MOVE                 R15 <- R3  ; line 237
2225 MOVE                 R16 <- R4  ; line 237
2226 MOVE                 R17 <- R7  ; line 237
2227 MOVE                 R18 <- R8  ; line 237
2228 MOVE                 R19 <- R9  ; line 237
2229 MOVE                 R20 <- R10  ; line 237
2230 MOVE                 R21 <- R11  ; line 237
2231 MOVE                 R22 <- R12  ; line 237
2232 MOVE                 R23 <- R13  ; line 237
2233 HOST_CALL            a=24 b=6 c=14 imm=10  ; line 237
2234 RETURN               R24  ; line 237
2235 LOAD_CONST           R25 constant[510]  ; line 237
2236 RETURN               R25  ; line 237
2237 LOAD_CONST           R2 constant[511]  ; line 240
2238 MOVE                 R3 <- R2  ; line 240
2239 LOAD_CONST           R4 constant[512]  ; line 241
2240 MOVE                 R5 <- R0  ; line 241
2241 MOVE                 R6 <- R4  ; line 241
2242 HOST_CALL            a=7 b=11 c=5 imm=2  ; line 241
2243 MOVE                 R8 <- R7  ; line 241
2244 HOST_CALL            a=9 b=26 c=8 imm=1  ; line 241
2245 COMPARE              a=3 b=9 c=10 imm=2  ; line 241
2246 JUMP_IF_FALSE        R10 -> 2274  ; line 241
2247 LOAD_CONST           R4 constant[513]  ; line 242
2248 MOVE                 R5 <- R0  ; line 242
2249 MOVE                 R6 <- R4  ; line 242
2250 HOST_CALL            a=7 b=11 c=5 imm=2  ; line 242
2251 MOVE                 R8 <- R7  ; line 242
2252 MOVE                 R9 <- R3  ; line 242
2253 HOST_CALL            a=10 b=11 c=8 imm=2  ; line 242
2254 COMPARE              a=10 b=1 c=11 imm=0  ; line 242
2255 JUMP_IF_FALSE        R11 -> 2270  ; line 242
2256 LOAD_CONST           R4 constant[514]  ; line 242
2257 LOAD_CONST           R5 constant[515]  ; line 242
2258 MOVE                 R6 <- R0  ; line 242
2259 MOVE                 R7 <- R5  ; line 242
2260 HOST_CALL            a=8 b=11 c=6 imm=2  ; line 242
2261 MOVE                 R9 <- R8  ; line 242
2262 MOVE                 R10 <- R3  ; line 242
2263 HOST_CALL            a=11 b=11 c=9 imm=2  ; line 242
2264 MOVE                 R12 <- R4  ; line 242
2265 MOVE                 R13 <- R11  ; line 242
2266 MOVE                 R14 <- R3  ; line 242
2267 ARRAY_NEW            a=15 b=12 c=3 imm=4294967295  ; line 242
2268 RETURN               R15  ; line 242
2269 JUMP                 -> 2270  ; line 242
2270 LOAD_CONST           R4 constant[516]  ; line 243
2271 BINARY               a=3 b=4 c=5 imm=0  ; line 243
2272 MOVE                 R3 <- R5  ; line 243
2273 JUMP                 -> 2239  ; line 243
2274 LOAD_CONST           R4 constant[517]  ; line 245
2275 LOAD_CONST           R5 constant[518]  ; line 245
2276 LOAD_CONST           R6 constant[519]  ; line 245
2277 UNARY                a=6 b=7 c=4294967295 imm=0  ; line 245
2278 MOVE                 R8 <- R4  ; line 245
2279 MOVE                 R9 <- R5  ; line 245
2280 MOVE                 R10 <- R7  ; line 245
2281 ARRAY_NEW            a=11 b=8 c=3 imm=4294967295  ; line 245
2282 RETURN               R11  ; line 245
2283 LOAD_CONST           R12 constant[520]  ; line 245
2284 RETURN               R12  ; line 245
2285 LOAD_CONST           R2 constant[521]  ; line 249
2286 MOVE                 R3 <- R2  ; line 249
2287 HOST_CALL            a=4 b=22 c=3 imm=1  ; line 249
2288 MOVE                 R5 <- R4  ; line 249
2289 LOAD_CONST           R6 constant[522]  ; line 249
2290 MOVE                 R7 <- R6  ; line 249
2291 HOST_CALL            a=8 b=22 c=7 imm=1  ; line 249
2292 MOVE                 R9 <- R8  ; line 249
2293 LOAD_CONST           R10 constant[523]  ; line 250
2294 MOVE                 R11 <- R0  ; line 250
2295 MOVE                 R12 <- R10  ; line 250
2296 HOST_CALL            a=13 b=11 c=11 imm=2  ; line 250
2297 MOVE                 R14 <- R13  ; line 250
2298 MOVE                 R15 <- R1  ; line 250
2299 HOST_CALL            a=16 b=11 c=14 imm=2  ; line 250
2300 MOVE                 R17 <- R5  ; line 250
2301 MOVE                 R18 <- R16  ; line 250
2302 HOST_CALL            a=19 b=23 c=17 imm=2  ; line 250
2303 LOAD_CONST           R10 constant[524]  ; line 250
2304 MOVE                 R11 <- R0  ; line 250
2305 MOVE                 R12 <- R10  ; line 250
2306 HOST_CALL            a=13 b=11 c=11 imm=2  ; line 250
2307 MOVE                 R14 <- R13  ; line 250
2308 MOVE                 R15 <- R1  ; line 250
2309 HOST_CALL            a=16 b=11 c=14 imm=2  ; line 250
2310 MOVE                 R17 <- R9  ; line 250
2311 MOVE                 R18 <- R16  ; line 250
2312 HOST_CALL            a=19 b=23 c=17 imm=2  ; line 250
2313 LOAD_CONST           R10 constant[525]  ; line 251
2314 MOVE                 R11 <- R10  ; line 251
2315 LOAD_CONST           R12 constant[526]  ; line 252
2316 MOVE                 R13 <- R0  ; line 252
2317 MOVE                 R14 <- R12  ; line 252
2318 HOST_CALL            a=15 b=11 c=13 imm=2  ; line 252
2319 MOVE                 R16 <- R15  ; line 252
2320 HOST_CALL            a=17 b=26 c=16 imm=1  ; line 252
2321 COMPARE              a=11 b=17 c=18 imm=2  ; line 252
2322 JUMP_IF_FALSE        R18 -> 2350  ; line 252
2323 COMPARE              a=11 b=1 c=12 imm=1  ; line 253
2324 JUMP_IF_FALSE        R12 -> 2346  ; line 253
2325 LOAD_CONST           R12 constant[527]  ; line 253
2326 MOVE                 R13 <- R0  ; line 253
2327 MOVE                 R14 <- R12  ; line 253
2328 HOST_CALL            a=15 b=11 c=13 imm=2  ; line 253
2329 MOVE                 R16 <- R15  ; line 253
2330 MOVE                 R17 <- R11  ; line 253
2331 HOST_CALL            a=18 b=11 c=16 imm=2  ; line 253
2332 MOVE                 R19 <- R5  ; line 253
2333 MOVE                 R20 <- R18  ; line 253
2334 HOST_CALL            a=21 b=23 c=19 imm=2  ; line 253
2335 LOAD_CONST           R12 constant[528]  ; line 253
2336 MOVE                 R13 <- R0  ; line 253
2337 MOVE                 R14 <- R12  ; line 253
2338 HOST_CALL            a=15 b=11 c=13 imm=2  ; line 253
2339 MOVE                 R16 <- R15  ; line 253
2340 MOVE                 R17 <- R11  ; line 253
2341 HOST_CALL            a=18 b=11 c=16 imm=2  ; line 253
2342 MOVE                 R19 <- R9  ; line 253
2343 MOVE                 R20 <- R18  ; line 253
2344 HOST_CALL            a=21 b=23 c=19 imm=2  ; line 253
2345 JUMP                 -> 2346  ; line 253
2346 LOAD_CONST           R12 constant[529]  ; line 254
2347 BINARY               a=11 b=12 c=13 imm=0  ; line 254
2348 MOVE                 R11 <- R13  ; line 254
2349 JUMP                 -> 2315  ; line 254
2350 LOAD_CONST           R12 constant[530]  ; line 256
2351 MOVE                 R13 <- R0  ; line 256
2352 MOVE                 R14 <- R12  ; line 256
2353 MOVE                 R15 <- R5  ; line 256
2354 HOST_CALL            a=16 b=9 c=13 imm=3  ; line 256
2355 LOAD_CONST           R12 constant[531]  ; line 256
2356 MOVE                 R13 <- R0  ; line 256
2357 MOVE                 R14 <- R12  ; line 256
2358 MOVE                 R15 <- R9  ; line 256
2359 HOST_CALL            a=16 b=9 c=13 imm=3  ; line 256
2360 LOAD_CONST           R12 constant[532]  ; line 256
2361 RETURN               R12  ; line 256
2362 LOAD_CONST           R13 constant[533]  ; line 256
2363 RETURN               R13  ; line 256
2364 MOVE                 R5 <- R2  ; line 260
2365 MOVE                 R6 <- R3  ; line 260
2366 CALL                 a=7 b=74 c=5 imm=2  ; line 260
2367 MOVE                 R8 <- R7  ; line 260
2368 LOAD_CONST           R9 constant[534]  ; line 261
2369 MOVE                 R10 <- R8  ; line 261
2370 MOVE                 R11 <- R9  ; line 261
2371 HOST_CALL            a=12 b=11 c=10 imm=2  ; line 261
2372 JUMP_IF_FALSE        R12 -> 2401  ; line 261
2373 LOAD_CONST           R9 constant[535]  ; line 261
2374 LOAD_CONST           R10 constant[536]  ; line 261
2375 MOVE                 R11 <- R2  ; line 261
2376 MOVE                 R12 <- R10  ; line 261
2377 HOST_CALL            a=13 b=11 c=11 imm=2  ; line 261
2378 LOAD_CONST           R14 constant[537]  ; line 261
2379 BINARY               a=13 b=14 c=15 imm=0  ; line 261
2380 MOVE                 R16 <- R2  ; line 261
2381 MOVE                 R17 <- R9  ; line 261
2382 MOVE                 R18 <- R15  ; line 261
2383 HOST_CALL            a=19 b=9 c=16 imm=3  ; line 261
2384 LOAD_CONST           R9 constant[538]  ; line 261
2385 MOVE                 R10 <- R8  ; line 261
2386 MOVE                 R11 <- R9  ; line 261
2387 HOST_CALL            a=12 b=11 c=10 imm=2  ; line 261
2388 MOVE                 R13 <- R2  ; line 261
2389 MOVE                 R14 <- R12  ; line 261
2390 CALL                 a=15 b=75 c=13 imm=2  ; line 261
2391 LOAD_CONST           R9 constant[539]  ; line 261
2392 MOVE                 R10 <- R8  ; line 261
2393 MOVE                 R11 <- R9  ; line 261
2394 HOST_CALL            a=12 b=11 c=10 imm=2  ; line 261
2395 LOAD_CONST           R13 constant[540]  ; line 261
2396 MOVE                 R14 <- R12  ; line 261
2397 MOVE                 R15 <- R13  ; line 261
2398 ARRAY_NEW            a=16 b=14 c=2 imm=4294967295  ; line 261
2399 RETURN               R16  ; line 261
2400 JUMP                 -> 2401  ; line 261
2401 MOVE                 R9 <- R0  ; line 262
2402 MOVE                 R10 <- R1  ; line 262
2403 MOVE                 R11 <- R3  ; line 262
2404 CALL                 a=12 b=32 c=9 imm=3  ; line 262
2405 MOVE                 R13 <- R12  ; line 262
2406 CALL                 a=14 b=63 c=13 imm=1  ; line 262
2407 MOVE                 R15 <- R14  ; line 262
2408 LOAD_CONST           R16 constant[541]  ; line 263
2409 LOAD_CONST           R17 constant[542]  ; line 263
2410 MOVE                 R18 <- R2  ; line 263
2411 MOVE                 R19 <- R17  ; line 263
2412 HOST_CALL            a=20 b=11 c=18 imm=2  ; line 263
2413 LOAD_CONST           R21 constant[543]  ; line 263
2414 BINARY               a=20 b=21 c=22 imm=0  ; line 263
2415 MOVE                 R23 <- R2  ; line 263
2416 MOVE                 R24 <- R16  ; line 263
2417 MOVE                 R25 <- R22  ; line 263
2418 HOST_CALL            a=26 b=9 c=23 imm=3  ; line 263
2419 LOAD_CONST           R16 constant[544]  ; line 263
2420 LOAD_CONST           R17 constant[545]  ; line 263
2421 MOVE                 R18 <- R2  ; line 263
2422 MOVE                 R19 <- R17  ; line 263
2423 HOST_CALL            a=20 b=11 c=18 imm=2  ; line 263
2424 LOAD_CONST           R21 constant[546]  ; line 263
2425 BINARY               a=20 b=21 c=22 imm=0  ; line 263
2426 MOVE                 R23 <- R2  ; line 263
2427 MOVE                 R24 <- R16  ; line 263
2428 MOVE                 R25 <- R22  ; line 263
2429 HOST_CALL            a=26 b=9 c=23 imm=3  ; line 263
2430 LOAD_CONST           R16 constant[547]  ; line 264
2431 COMPARE              a=4 b=16 c=17 imm=4  ; line 264
2432 JUMP_IF_FALSE        R17 -> 2489  ; line 264
2433 MOVE                 R16 <- R3  ; line 265
2434 ARRAY_NEW            a=17 b=16 c=1 imm=4294967295  ; line 265
2435 MOVE                 R18 <- R17  ; line 265
2436 MOVE                 R19 <- R15  ; line 265
2437 ARRAY_NEW            a=20 b=19 c=1 imm=4294967295  ; line 265
2438 MOVE                 R21 <- R20  ; line 265
2439 LOAD_CONST           R22 constant[548]  ; line 265
2440 MOVE                 R23 <- R22  ; line 265
2441 LOAD_CONST           R24 constant[549]  ; line 266
2442 MOVE                 R25 <- R2  ; line 266
2443 MOVE                 R26 <- R24  ; line 266
2444 HOST_CALL            a=27 b=11 c=25 imm=2  ; line 266
2445 MOVE                 R28 <- R27  ; line 266
2446 HOST_CALL            a=29 b=26 c=28 imm=1  ; line 266
2447 COMPARE              a=23 b=29 c=30 imm=2  ; line 266
2448 JUMP_IF_FALSE        R30 -> 2478  ; line 266
2449 LOAD_CONST           R24 constant[550]  ; line 267
2450 BINARY               a=4 b=24 c=25 imm=1  ; line 267
2451 COMPARE              a=23 b=25 c=26 imm=2  ; line 267
2452 JUMP_IF_FALSE        R26 -> 2474  ; line 267
2453 LOAD_CONST           R24 constant[551]  ; line 267
2454 MOVE                 R25 <- R2  ; line 267
2455 MOVE                 R26 <- R24  ; line 267
2456 HOST_CALL            a=27 b=11 c=25 imm=2  ; line 267
2457 MOVE                 R28 <- R27  ; line 267
2458 MOVE                 R29 <- R23  ; line 267
2459 HOST_CALL            a=30 b=11 c=28 imm=2  ; line 267
2460 MOVE                 R31 <- R18  ; line 267
2461 MOVE                 R32 <- R30  ; line 267
2462 HOST_CALL            a=33 b=23 c=31 imm=2  ; line 267
2463 LOAD_CONST           R24 constant[552]  ; line 267
2464 MOVE                 R25 <- R2  ; line 267
2465 MOVE                 R26 <- R24  ; line 267
2466 HOST_CALL            a=27 b=11 c=25 imm=2  ; line 267
2467 MOVE                 R28 <- R27  ; line 267
2468 MOVE                 R29 <- R23  ; line 267
2469 HOST_CALL            a=30 b=11 c=28 imm=2  ; line 267
2470 MOVE                 R31 <- R21  ; line 267
2471 MOVE                 R32 <- R30  ; line 267
2472 HOST_CALL            a=33 b=23 c=31 imm=2  ; line 267
2473 JUMP                 -> 2474  ; line 267
2474 LOAD_CONST           R24 constant[553]  ; line 268
2475 BINARY               a=23 b=24 c=25 imm=0  ; line 268
2476 MOVE                 R23 <- R25  ; line 268
2477 JUMP                 -> 2441  ; line 268
2478 LOAD_CONST           R24 constant[554]  ; line 270
2479 MOVE                 R25 <- R2  ; line 270
2480 MOVE                 R26 <- R24  ; line 270
2481 MOVE                 R27 <- R18  ; line 270
2482 HOST_CALL            a=28 b=9 c=25 imm=3  ; line 270
2483 LOAD_CONST           R24 constant[555]  ; line 270
2484 MOVE                 R25 <- R2  ; line 270
2485 MOVE                 R26 <- R24  ; line 270
2486 MOVE                 R27 <- R21  ; line 270
2487 HOST_CALL            a=28 b=9 c=25 imm=3  ; line 270
2488 JUMP                 -> 2489  ; line 270
2489 LOAD_CONST           R24 constant[556]  ; line 272
2490 MOVE                 R25 <- R15  ; line 272
2491 MOVE                 R26 <- R24  ; line 272
2492 ARRAY_NEW            a=27 b=25 c=2 imm=4294967295  ; line 272
2493 RETURN               R27  ; line 272
2494 LOAD_CONST           R28 constant[557]  ; line 272
2495 RETURN               R28  ; line 272
2496 MOVE                 R1 <- R0  ; line 9
2497 HOST_CALL            a=2 b=13 c=1 imm=1  ; line 9
2498 RETURN               R2  ; line 9
2499 LOAD_CONST           R3 constant[558]  ; line 9
2500 RETURN               R3  ; line 9
2501 MOVE                 R1 <- R0  ; line 13
2502 HOST_CALL            a=2 b=14 c=1 imm=1  ; line 13
2503 RETURN               R2  ; line 13
2504 LOAD_CONST           R3 constant[559]  ; line 13
2505 RETURN               R3  ; line 13
2506 LOAD_CONST           R1 constant[560]  ; line 6
2507 COMPARE              a=0 b=1 c=2 imm=2  ; line 6
2508 JUMP_IF_FALSE        R2 -> 2512  ; line 6
2509 UNARY                a=0 b=1 c=4294967295 imm=0  ; line 6
2510 RETURN               R1  ; line 6
2511 JUMP                 -> 2512  ; line 6
2512 RETURN               R0  ; line 7
2513 LOAD_CONST           R1 constant[561]  ; line 7
2514 RETURN               R1  ; line 7
2515 COMPARE              a=0 b=1 c=2 imm=2  ; line 11
2516 JUMP_IF_FALSE        R2 -> 2519  ; line 11
2517 RETURN               R0  ; line 11
2518 JUMP                 -> 2519  ; line 11
2519 RETURN               R1  ; line 12
2520 LOAD_CONST           R2 constant[562]  ; line 12
2521 RETURN               R2  ; line 12
2522 COMPARE              a=0 b=1 c=2 imm=4  ; line 16
2523 JUMP_IF_FALSE        R2 -> 2526  ; line 16
2524 RETURN               R0  ; line 16
2525 JUMP                 -> 2526  ; line 16
2526 RETURN               R1  ; line 17
2527 LOAD_CONST           R2 constant[563]  ; line 17
2528 RETURN               R2  ; line 17
2529 COMPARE              a=0 b=1 c=3 imm=2  ; line 21
2530 JUMP_IF_FALSE        R3 -> 2533  ; line 21
2531 RETURN               R1  ; line 21
2532 JUMP                 -> 2533  ; line 21
2533 COMPARE              a=0 b=2 c=3 imm=4  ; line 22
2534 JUMP_IF_FALSE        R3 -> 2537  ; line 22
2535 RETURN               R2  ; line 22
2536 JUMP                 -> 2537  ; line 22
2537 RETURN               R0  ; line 23
2538 LOAD_CONST           R3 constant[564]  ; line 23
2539 RETURN               R3  ; line 23
2540 UNARY                a=0 b=1 c=4294967295 imm=0  ; line 29
2541 MOVE                 R2 <- R1  ; line 29
2542 HOST_CALL            a=3 b=84 c=2 imm=1  ; line 29
2543 UNARY                a=3 b=4 c=4294967295 imm=0  ; line 29
2544 RETURN               R4  ; line 29
2545 LOAD_CONST           R5 constant[565]  ; line 29
2546 RETURN               R5  ; line 29
2547 BINARY               a=0 b=1 c=2 imm=3  ; line 36
2548 MOVE                 R3 <- R2  ; line 36
2549 HOST_CALL            a=4 b=84 c=3 imm=1  ; line 36
2550 RETURN               R4  ; line 36
2551 LOAD_CONST           R5 constant[566]  ; line 36
2552 RETURN               R5  ; line 36
2553 MOVE                 R2 <- R0  ; line 42
2554 MOVE                 R3 <- R1  ; line 42
2555 CALL                 a=4 b=84 c=2 imm=2  ; line 42
2556 BINARY               a=1 b=4 c=5 imm=2  ; line 42
2557 BINARY               a=0 b=5 c=6 imm=1  ; line 42
2558 RETURN               R6  ; line 42
2559 LOAD_CONST           R7 constant[567]  ; line 42
2560 RETURN               R7  ; line 42
2561 LOAD_CONST           R3 constant[568]  ; line 8
2562 LOAD_CONST           R4 constant[569]  ; line 8
2563 LOAD_CONST           R5 constant[570]  ; line 8
2564 LOAD_CONST           R6 constant[571]  ; line 8
2565 MOVE                 R7 <- R4  ; line 8
2566 MOVE                 R8 <- R0  ; line 8
2567 MOVE                 R9 <- R5  ; line 8
2568 MOVE                 R10 <- R1  ; line 8
2569 MOVE                 R11 <- R6  ; line 8
2570 MOVE                 R12 <- R2  ; line 8
2571 HOST_CALL            a=13 b=6 c=7 imm=6  ; line 8
2572 MOVE                 R14 <- R3  ; line 8
2573 MOVE                 R15 <- R13  ; line 8
2574 ARRAY_NEW            a=16 b=14 c=2 imm=4294967295  ; line 8
2575 RETURN               R16  ; line 8
2576 LOAD_CONST           R17 constant[572]  ; line 8
2577 RETURN               R17  ; line 8
2578 MOVE                 R3 <- R0  ; line 12
2579 MOVE                 R4 <- R1  ; line 12
2580 HOST_CALL            a=5 b=7 c=3 imm=2  ; line 12
2581 JUMP_IF_FALSE        R5 -> 2587  ; line 12
2582 MOVE                 R3 <- R0  ; line 12
2583 MOVE                 R4 <- R1  ; line 12
2584 HOST_CALL            a=5 b=11 c=3 imm=2  ; line 12
2585 RETURN               R5  ; line 12
2586 JUMP                 -> 2587  ; line 12
2587 RETURN               R2  ; line 13
2588 LOAD_CONST           R3 constant[573]  ; line 13
2589 RETURN               R3  ; line 13
2590 MOVE                 R1 <- R0  ; line 17
2591 HOST_CALL            a=2 b=86 c=1 imm=1  ; line 17
2592 LOAD_CONST           R3 constant[574]  ; line 17
2593 COMPARE              a=2 b=3 c=4 imm=1  ; line 17
2594 JUMP_IF_FALSE        R4 -> 2598  ; line 17
2595 LOAD_CONST           R1 constant[575]  ; line 17
2596 RETURN               R1  ; line 17
2597 JUMP                 -> 2598  ; line 17
2598 BINARY               a=0 b=0 c=1 imm=1  ; line 18
2599 LOAD_CONST           R2 constant[576]  ; line 18
2600 COMPARE              a=1 b=2 c=3 imm=0  ; line 18
2601 RETURN               R3  ; line 18
2602 LOAD_CONST           R4 constant[577]  ; line 18
2603 RETURN               R4  ; line 18
2604 LOAD_CONST           R1 constant[578]  ; line 22
2605 COMPARE              a=0 b=1 c=2 imm=2  ; line 22
2606 JUMP_IF_FALSE        R2 -> 2610  ; line 22
2607 UNARY                a=0 b=1 c=4294967295 imm=0  ; line 22
2608 RETURN               R1  ; line 22
2609 JUMP                 -> 2610  ; line 22
2610 RETURN               R0  ; line 23
2611 LOAD_CONST           R1 constant[579]  ; line 23
2612 RETURN               R1  ; line 23
2613 BINARY               a=0 b=1 c=2 imm=3  ; line 27
2614 MOVE                 R3 <- R2  ; line 27
2615 HOST_CALL            a=4 b=84 c=3 imm=1  ; line 27
2616 BINARY               a=1 b=4 c=5 imm=2  ; line 27
2617 BINARY               a=0 b=5 c=6 imm=1  ; line 27
2618 RETURN               R6  ; line 27
2619 LOAD_CONST           R7 constant[580]  ; line 27
2620 RETURN               R7  ; line 27
2621 LOAD_CONST           R1 constant[581]  ; line 32
2622 COMPARE              a=0 b=1 c=2 imm=4  ; line 32
2623 JUMP_IF_FALSE        R2 -> 2627  ; line 32
2624 LOAD_CONST           R1 constant[582]  ; line 32
2625 MOVE                 R0 <- R1  ; line 32
2626 JUMP                 -> 2627  ; line 32
2627 LOAD_CONST           R1 constant[583]  ; line 33
2628 UNARY                a=1 b=2 c=4294967295 imm=0  ; line 33
2629 COMPARE              a=0 b=2 c=3 imm=2  ; line 33
2630 JUMP_IF_FALSE        R3 -> 2635  ; line 33
2631 LOAD_CONST           R1 constant[584]  ; line 33
2632 UNARY                a=1 b=2 c=4294967295 imm=0  ; line 33
2633 MOVE                 R0 <- R2  ; line 33
2634 JUMP                 -> 2635  ; line 33
2635 LOAD_CONST           R1 constant[585]  ; line 34
2636 COMPARE              a=0 b=1 c=2 imm=2  ; line 34
2637 MOVE                 R3 <- R2  ; line 34
2638 JUMP_IF_FALSE        R3 -> 2642  ; line 35
2639 UNARY                a=0 b=4 c=4294967295 imm=0  ; line 35
2640 MOVE                 R0 <- R4  ; line 35
2641 JUMP                 -> 2642  ; line 35
2642 LOAD_CONST           R4 constant[586]  ; line 36
2643 MOVE                 R5 <- R4  ; line 36
2644 LOAD_CONST           R6 constant[587]  ; line 37
2645 COMPARE              a=0 b=6 c=7 imm=4  ; line 37
2646 JUMP_IF_FALSE        R7 -> 2654  ; line 37
2647 LOAD_CONST           R6 constant[588]  ; line 38
2648 BINARY               a=0 b=6 c=7 imm=3  ; line 38
2649 MOVE                 R0 <- R7  ; line 38
2650 LOAD_CONST           R6 constant[589]  ; line 39
2651 BINARY               a=5 b=6 c=7 imm=0  ; line 39
2652 MOVE                 R5 <- R7  ; line 39
2653 JUMP                 -> 2644  ; line 39
2654 LOAD_CONST           R6 constant[590]  ; line 41
2655 MOVE                 R7 <- R6  ; line 41
2656 LOAD_CONST           R8 constant[591]  ; line 42
2657 MOVE                 R9 <- R8  ; line 42
2658 LOAD_CONST           R10 constant[592]  ; line 43
2659 MOVE                 R11 <- R10  ; line 43
2660 LOAD_CONST           R12 constant[593]  ; line 44
2661 COMPARE              a=11 b=12 c=13 imm=3  ; line 44
2662 JUMP_IF_FALSE        R13 -> 2672  ; line 44
2663 BINARY               a=7 b=0 c=12 imm=2  ; line 45
2664 BINARY               a=12 b=11 c=13 imm=3  ; line 45
2665 MOVE                 R7 <- R13  ; line 45
2666 BINARY               a=9 b=7 c=12 imm=0  ; line 46
2667 MOVE                 R9 <- R12  ; line 46
2668 LOAD_CONST           R12 constant[594]  ; line 47
2669 BINARY               a=11 b=12 c=13 imm=0  ; line 47
2670 MOVE                 R11 <- R13  ; line 47
2671 JUMP                 -> 2660  ; line 47
2672 LOAD_CONST           R12 constant[595]  ; line 49
2673 MOVE                 R11 <- R12  ; line 49
2674 COMPARE              a=11 b=5 c=12 imm=2  ; line 50
2675 JUMP_IF_FALSE        R12 -> 2682  ; line 50
2676 BINARY               a=9 b=9 c=12 imm=2  ; line 51
2677 MOVE                 R9 <- R12  ; line 51
2678 LOAD_CONST           R12 constant[596]  ; line 52
2679 BINARY               a=11 b=12 c=13 imm=0  ; line 52
2680 MOVE                 R11 <- R13  ; line 52
2681 JUMP                 -> 2674  ; line 52
2682 JUMP_IF_FALSE        R3 -> 2687  ; line 54
2683 LOAD_CONST           R12 constant[597]  ; line 54
2684 BINARY               a=12 b=9 c=13 imm=3  ; line 54
2685 RETURN               R13  ; line 54
2686 JUMP                 -> 2687  ; line 54
2687 RETURN               R9  ; line 55
2688 LOAD_CONST           R12 constant[598]  ; line 55
2689 RETURN               R12  ; line 55
2690 LOAD_CONST           R1 constant[599]  ; line 59
2691 COMPARE              a=0 b=1 c=2 imm=5  ; line 59
2692 JUMP_IF_FALSE        R2 -> 2702  ; line 59
2693 LOAD_CONST           R1 constant[600]  ; line 59
2694 LOAD_CONST           R2 constant[601]  ; line 59
2695 UNARY                a=0 b=3 c=4294967295 imm=0  ; line 59
2696 MOVE                 R4 <- R3  ; line 59
2697 CALL                 a=5 b=91 c=4 imm=1  ; line 59
2698 BINARY               a=2 b=5 c=6 imm=0  ; line 59
2699 BINARY               a=1 b=6 c=7 imm=3  ; line 59
2700 RETURN               R7  ; line 59
2701 JUMP                 -> 2702  ; line 59
2702 MOVE                 R1 <- R0  ; line 60
2703 CALL                 a=2 b=91 c=1 imm=1  ; line 60
2704 MOVE                 R3 <- R2  ; line 60
2705 LOAD_CONST           R4 constant[602]  ; line 61
2706 BINARY               a=4 b=3 c=5 imm=0  ; line 61
2707 BINARY               a=3 b=5 c=6 imm=3  ; line 61
2708 RETURN               R6  ; line 61
2709 LOAD_CONST           R7 constant[603]  ; line 61
2710 RETURN               R7  ; line 61
2711 LOAD_CONST           R1 constant[604]  ; line 65
2712 COMPARE              a=0 b=1 c=2 imm=3  ; line 65
2713 JUMP_IF_FALSE        R2 -> 2717  ; line 65
2714 LOAD_CONST           R1 constant[605]  ; line 65
2715 RETURN               R1  ; line 65
2716 JUMP                 -> 2717  ; line 65
2717 MOVE                 R1 <- R0  ; line 66
2718 LOAD_CONST           R2 constant[606]  ; line 67
2719 COMPARE              a=1 b=2 c=3 imm=2  ; line 67
2720 JUMP_IF_FALSE        R3 -> 2724  ; line 67
2721 LOAD_CONST           R2 constant[607]  ; line 67
2722 MOVE                 R1 <- R2  ; line 67
2723 JUMP                 -> 2724  ; line 67
2724 LOAD_CONST           R2 constant[608]  ; line 68
2725 MOVE                 R3 <- R2  ; line 68
2726 LOAD_CONST           R4 constant[609]  ; line 69
2727 COMPARE              a=3 b=4 c=5 imm=2  ; line 69
2728 JUMP_IF_FALSE        R5 -> 2738  ; line 69
2729 LOAD_CONST           R4 constant[610]  ; line 70
2730 BINARY               a=0 b=1 c=5 imm=3  ; line 70
2731 BINARY               a=1 b=5 c=6 imm=0  ; line 70
2732 BINARY               a=4 b=6 c=7 imm=2  ; line 70
2733 MOVE                 R1 <- R7  ; line 70
2734 LOAD_CONST           R4 constant[611]  ; line 71
2735 BINARY               a=3 b=4 c=5 imm=0  ; line 71
2736 MOVE                 R3 <- R5  ; line 71
2737 JUMP                 -> 2726  ; line 71
2738 RETURN               R1  ; line 73
2739 LOAD_CONST           R4 constant[612]  ; line 73
2740 RETURN               R4  ; line 73
2741 MOVE                 R1 <- R0  ; line 77
2742 HOST_CALL            a=2 b=86 c=1 imm=1  ; line 77
2743 LOAD_CONST           R3 constant[613]  ; line 77
2744 COMPARE              a=2 b=3 c=4 imm=1  ; line 77
2745 JUMP_IF_FALSE        R4 -> 2749  ; line 77
2746 LOAD_CONST           R1 constant[614]  ; line 77
2747 RETURN               R1  ; line 77
2748 JUMP                 -> 2749  ; line 77
2749 MOVE                 R1 <- R0  ; line 78
2750 HOST_CALL            a=2 b=61 c=1 imm=1  ; line 78
2751 MOVE                 R3 <- R2  ; line 78
2752 MOVE                 R4 <- R3  ; line 79
2753 HOST_CALL            a=5 b=26 c=4 imm=1  ; line 79
2754 LOAD_CONST           R6 constant[615]  ; line 79
2755 COMPARE              a=5 b=6 c=7 imm=1  ; line 79
2756 JUMP_IF_FALSE        R7 -> 2760  ; line 79
2757 LOAD_CONST           R4 constant[616]  ; line 79
2758 RETURN               R4  ; line 79
2759 JUMP                 -> 2760  ; line 79
2760 RETURN               R3  ; line 80
2761 LOAD_CONST           R4 constant[617]  ; line 80
2762 RETURN               R4  ; line 80
2763 MOVE                 R1 <- R0  ; line 84
2764 HOST_CALL            a=2 b=86 c=1 imm=1  ; line 84
2765 LOAD_CONST           R3 constant[618]  ; line 84
2766 COMPARE              a=2 b=3 c=4 imm=1  ; line 84
2767 JUMP_IF_FALSE        R4 -> 2772  ; line 84
2768 LOAD_CONST           R1 constant[619]  ; line 84
2769 UNARY                a=1 b=2 c=4294967295 imm=0  ; line 84
2770 RETURN               R2  ; line 84
2771 JUMP                 -> 2772  ; line 84
2772 MOVE                 R1 <- R0  ; line 85
2773 HOST_CALL            a=2 b=61 c=1 imm=1  ; line 85
2774 MOVE                 R3 <- R2  ; line 85
2775 MOVE                 R4 <- R3  ; line 86
2776 HOST_CALL            a=5 b=26 c=4 imm=1  ; line 86
2777 LOAD_CONST           R6 constant[620]  ; line 86
2778 COMPARE              a=5 b=6 c=7 imm=1  ; line 86
2779 JUMP_IF_FALSE        R7 -> 2784  ; line 86
2780 LOAD_CONST           R4 constant[621]  ; line 86
2781 UNARY                a=4 b=5 c=4294967295 imm=0  ; line 86
2782 RETURN               R5  ; line 86
2783 JUMP                 -> 2784  ; line 86
2784 LOAD_CONST           R4 constant[622]  ; line 87
2785 MOVE                 R5 <- R3  ; line 87
2786 MOVE                 R6 <- R4  ; line 87
2787 HOST_CALL            a=7 b=11 c=5 imm=2  ; line 87
2788 RETURN               R7  ; line 87
2789 LOAD_CONST           R8 constant[623]  ; line 87
2790 RETURN               R8  ; line 87
2791 LOAD_CONST           R1 constant[624]  ; line 91
2792 MOVE                 R2 <- R1  ; line 91
2793 HOST_CALL            a=3 b=22 c=2 imm=1  ; line 91
2794 MOVE                 R4 <- R3  ; line 91
2795 LOAD_CONST           R5 constant[625]  ; line 92
2796 MOVE                 R6 <- R5  ; line 92
2797 COMPARE              a=6 b=0 c=7 imm=2  ; line 93
2798 JUMP_IF_FALSE        R7 -> 2807  ; line 93
2799 LOAD_CONST           R7 constant[626]  ; line 94
2800 MOVE                 R8 <- R4  ; line 94
2801 MOVE                 R9 <- R7  ; line 94
2802 HOST_CALL            a=10 b=23 c=8 imm=2  ; line 94
2803 LOAD_CONST           R7 constant[627]  ; line 95
2804 BINARY               a=6 b=7 c=8 imm=0  ; line 95
2805 MOVE                 R6 <- R8  ; line 95
2806 JUMP                 -> 2797  ; line 95
2807 RETURN               R4  ; line 97
2808 LOAD_CONST           R7 constant[628]  ; line 97
2809 RETURN               R7  ; line 97
2810 MOVE                 R1 <- R0  ; line 101
2811 HOST_CALL            a=2 b=86 c=1 imm=1  ; line 101
2812 LOAD_CONST           R3 constant[629]  ; line 101
2813 COMPARE              a=2 b=3 c=4 imm=1  ; line 101
2814 JUMP_IF_FALSE        R4 -> 2818  ; line 101
2815 LOAD_CONST           R1 constant[630]  ; line 101
2816 RETURN               R1  ; line 101
2817 JUMP                 -> 2818  ; line 101
2818 LOAD_CONST           R1 constant[631]  ; line 102
2819 MOVE                 R2 <- R0  ; line 102
2820 MOVE                 R3 <- R1  ; line 102
2821 HOST_CALL            a=4 b=7 c=2 imm=2  ; line 102
2822 UNARY                a=4 b=5 c=4294967295 imm=1  ; line 102
2823 JUMP_IF_FALSE        R5 -> 2827  ; line 102
2824 LOAD_CONST           R1 constant[632]  ; line 102
2825 RETURN               R1  ; line 102
2826 JUMP                 -> 2827  ; line 102
2827 LOAD_CONST           R1 constant[633]  ; line 103
2828 MOVE                 R2 <- R0  ; line 103
2829 MOVE                 R3 <- R1  ; line 103
2830 HOST_CALL            a=4 b=7 c=2 imm=2  ; line 103
2831 UNARY                a=4 b=5 c=4294967295 imm=1  ; line 103
2832 JUMP_IF_FALSE        R5 -> 2836  ; line 103
2833 LOAD_CONST           R1 constant[634]  ; line 103
2834 RETURN               R1  ; line 103
2835 JUMP                 -> 2836  ; line 103
2836 LOAD_CONST           R1 constant[635]  ; line 104
2837 MOVE                 R2 <- R0  ; line 104
2838 MOVE                 R3 <- R1  ; line 104
2839 HOST_CALL            a=4 b=11 c=2 imm=2  ; line 104
2840 MOVE                 R5 <- R4  ; line 104
2841 CALL                 a=6 b=94 c=5 imm=1  ; line 104
2842 MOVE                 R7 <- R6  ; line 104
2843 LOAD_CONST           R8 constant[636]  ; line 105
2844 COMPARE              a=7 b=8 c=9 imm=0  ; line 105
2845 JUMP_IF_FALSE        R9 -> 2849  ; line 105
2846 LOAD_CONST           R8 constant[637]  ; line 105
2847 RETURN               R8  ; line 105
2848 JUMP                 -> 2849  ; line 105
2849 LOAD_CONST           R8 constant[638]  ; line 106
2850 MOVE                 R9 <- R0  ; line 106
2851 MOVE                 R10 <- R8  ; line 106
2852 HOST_CALL            a=11 b=11 c=9 imm=2  ; line 106
2853 MOVE                 R12 <- R11  ; line 106
2854 CALL                 a=13 b=95 c=12 imm=1  ; line 106
2855 MOVE                 R14 <- R13  ; line 106
2856 LOAD_CONST           R15 constant[639]  ; line 107
2857 COMPARE              a=14 b=15 c=16 imm=2  ; line 107
2858 JUMP_IF_FALSE        R16 -> 2862  ; line 107
2859 LOAD_CONST           R15 constant[640]  ; line 107
2860 RETURN               R15  ; line 107
2861 JUMP                 -> 2862  ; line 107
2862 LOAD_CONST           R15 constant[641]  ; line 108
2863 MOVE                 R16 <- R7  ; line 108
2864 MOVE                 R17 <- R15  ; line 108
2865 HOST_CALL            a=18 b=11 c=16 imm=2  ; line 108
2866 COMPARE              a=18 b=14 c=19 imm=1  ; line 108
2867 JUMP_IF_FALSE        R19 -> 2871  ; line 108
2868 LOAD_CONST           R15 constant[642]  ; line 108
2869 RETURN               R15  ; line 108
2870 JUMP                 -> 2871  ; line 108
2871 LOAD_CONST           R15 constant[643]  ; line 109
2872 COMPARE              a=14 b=15 c=16 imm=0  ; line 109
2873 JUMP_IF_FALSE        R16 -> 2877  ; line 109
2874 LOAD_CONST           R15 constant[644]  ; line 109
2875 RETURN               R15  ; line 109
2876 JUMP                 -> 2877  ; line 109
2877 LOAD_CONST           R15 constant[645]  ; line 110
2878 MOVE                 R16 <- R7  ; line 110
2879 MOVE                 R17 <- R15  ; line 110
2880 HOST_CALL            a=18 b=11 c=16 imm=2  ; line 110
2881 LOAD_CONST           R19 constant[646]  ; line 110
2882 COMPARE              a=18 b=19 c=20 imm=0  ; line 110
2883 JUMP_IF_FALSE        R20 -> 2887  ; line 110
2884 LOAD_CONST           R15 constant[647]  ; line 110
2885 RETURN               R15  ; line 110
2886 JUMP                 -> 2887  ; line 110
2887 LOAD_CONST           R15 constant[648]  ; line 111
2888 RETURN               R15  ; line 111
2889 LOAD_CONST           R16 constant[649]  ; line 111
2890 RETURN               R16  ; line 111
2891 MOVE                 R3 <- R0  ; line 115
2892 HOST_CALL            a=4 b=61 c=3 imm=1  ; line 115
2893 MOVE                 R5 <- R4  ; line 115
2894 LOAD_CONST           R6 constant[650]  ; line 116
2895 MOVE                 R7 <- R6  ; line 116
2896 HOST_CALL            a=8 b=22 c=7 imm=1  ; line 116
2897 MOVE                 R9 <- R8  ; line 116
2898 LOAD_CONST           R10 constant[651]  ; line 117
2899 MOVE                 R11 <- R10  ; line 117
2900 LOAD_CONST           R12 constant[652]  ; line 118
2901 MOVE                 R13 <- R5  ; line 118
2902 MOVE                 R14 <- R12  ; line 118
2903 HOST_CALL            a=15 b=11 c=13 imm=2  ; line 118
2904 COMPARE              a=11 b=15 c=16 imm=2  ; line 118
2905 JUMP_IF_FALSE        R16 -> 2938  ; line 118
2906 MOVE                 R12 <- R2  ; line 119
2907 LOAD_CONST           R13 constant[653]  ; line 120
2908 MOVE                 R14 <- R13  ; line 120
2909 LOAD_CONST           R15 constant[654]  ; line 121
2910 MOVE                 R16 <- R5  ; line 121
2911 MOVE                 R17 <- R15  ; line 121
2912 HOST_CALL            a=18 b=11 c=16 imm=2  ; line 121
2913 COMPARE              a=14 b=18 c=19 imm=2  ; line 121
2914 JUMP_IF_FALSE        R19 -> 2931  ; line 121
2915 MOVE                 R15 <- R1  ; line 122
2916 MOVE                 R16 <- R14  ; line 122
2917 HOST_CALL            a=17 b=11 c=15 imm=2  ; line 122
2918 MOVE                 R18 <- R11  ; line 122
2919 MOVE                 R19 <- R14  ; line 122
2920 ARRAY_NEW            a=20 b=18 c=2 imm=4294967295  ; line 122
2921 MOVE                 R21 <- R0  ; line 122
2922 MOVE                 R22 <- R20  ; line 122
2923 HOST_CALL            a=23 b=11 c=21 imm=2  ; line 122
2924 BINARY               a=17 b=23 c=24 imm=2  ; line 122
2925 BINARY               a=12 b=24 c=25 imm=0  ; line 122
2926 MOVE                 R12 <- R25  ; line 122
2927 LOAD_CONST           R15 constant[655]  ; line 123
2928 BINARY               a=14 b=15 c=16 imm=0  ; line 123
2929 MOVE                 R14 <- R16  ; line 123
2930 JUMP                 -> 2909  ; line 123
2931 MOVE                 R15 <- R9  ; line 125
2932 MOVE                 R16 <- R12  ; line 125
2933 HOST_CALL            a=17 b=23 c=15 imm=2  ; line 125
2934 LOAD_CONST           R15 constant[656]  ; line 126
2935 BINARY               a=11 b=15 c=16 imm=0  ; line 126
2936 MOVE                 R11 <- R16  ; line 126
2937 JUMP                 -> 2900  ; line 126
2938 RETURN               R9  ; line 128
2939 LOAD_CONST           R15 constant[657]  ; line 128
2940 RETURN               R15  ; line 128
2941 LOAD_CONST           R2 constant[658]  ; line 132
2942 MOVE                 R3 <- R2  ; line 132
2943 HOST_CALL            a=4 b=22 c=3 imm=1  ; line 132
2944 MOVE                 R5 <- R4  ; line 132
2945 LOAD_CONST           R6 constant[659]  ; line 133
2946 MOVE                 R7 <- R6  ; line 133
2947 COMPARE              a=7 b=0 c=8 imm=2  ; line 134
2948 JUMP_IF_FALSE        R8 -> 2956  ; line 134
2949 MOVE                 R8 <- R5  ; line 135
2950 MOVE                 R9 <- R1  ; line 135
2951 HOST_CALL            a=10 b=23 c=8 imm=2  ; line 135
2952 LOAD_CONST           R8 constant[660]  ; line 136
2953 BINARY               a=7 b=8 c=9 imm=0  ; line 136
2954 MOVE                 R7 <- R9  ; line 136
2955 JUMP                 -> 2947  ; line 136
2956 MOVE                 R8 <- R5  ; line 138
2957 HOST_CALL            a=9 b=72 c=8 imm=1  ; line 138
2958 RETURN               R9  ; line 138
2959 LOAD_CONST           R10 constant[661]  ; line 138
2960 RETURN               R10  ; line 138
2961 LOAD_CONST           R5 constant[662]  ; line 142
2962 LOAD_CONST           R6 constant[663]  ; line 142
2963 LOAD_CONST           R7 constant[664]  ; line 142
2964 LOAD_CONST           R8 constant[665]  ; line 142
2965 LOAD_CONST           R9 constant[666]  ; line 142
2966 LOAD_CONST           R10 constant[667]  ; line 142
2967 LOAD_CONST           R11 constant[668]  ; line 142
2968 LOAD_CONST           R12 constant[669]  ; line 142
2969 MOVE                 R13 <- R0  ; line 142
2970 MOVE                 R14 <- R12  ; line 142
2971 HOST_CALL            a=15 b=11 c=13 imm=2  ; line 142
2972 LOAD_CONST           R16 constant[670]  ; line 142
2973 LOAD_CONST           R17 constant[671]  ; line 142
2974 MOVE                 R18 <- R0  ; line 142
2975 MOVE                 R19 <- R17  ; line 142
2976 HOST_CALL            a=20 b=11 c=18 imm=2  ; line 142
2977 LOAD_CONST           R21 constant[672]  ; line 142
2978 LOAD_CONST           R22 constant[673]  ; line 142
2979 MOVE                 R23 <- R0  ; line 142
2980 MOVE                 R24 <- R22  ; line 142
2981 HOST_CALL            a=25 b=11 c=23 imm=2  ; line 142
2982 LOAD_CONST           R26 constant[674]  ; line 142
2983 LOAD_CONST           R27 constant[675]  ; line 142
2984 MOVE                 R28 <- R0  ; line 142
2985 MOVE                 R29 <- R27  ; line 142
2986 HOST_CALL            a=30 b=11 c=28 imm=2  ; line 142
2987 MOVE                 R31 <- R5  ; line 142
2988 MOVE                 R32 <- R6  ; line 142
2989 MOVE                 R33 <- R7  ; line 142
2990 MOVE                 R34 <- R1  ; line 142
2991 MOVE                 R35 <- R8  ; line 142
2992 MOVE                 R36 <- R2  ; line 142
2993 MOVE                 R37 <- R9  ; line 142
2994 MOVE                 R38 <- R3  ; line 142
2995 MOVE                 R39 <- R10  ; line 142
2996 MOVE                 R40 <- R4  ; line 142
2997 MOVE                 R41 <- R11  ; line 142
2998 MOVE                 R42 <- R15  ; line 142
2999 MOVE                 R43 <- R16  ; line 142
3000 MOVE                 R44 <- R20  ; line 142
3001 MOVE                 R45 <- R21  ; line 142
3002 MOVE                 R46 <- R25  ; line 142
3003 MOVE                 R47 <- R26  ; line 142
3004 MOVE                 R48 <- R30  ; line 142
3005 HOST_CALL            a=49 b=6 c=31 imm=18  ; line 142
3006 RETURN               R49  ; line 142
3007 LOAD_CONST           R50 constant[676]  ; line 142
3008 RETURN               R50  ; line 142
3009 LOAD_CONST           R6 constant[677]  ; line 156
3010 LOAD_CONST           R7 constant[678]  ; line 156
3011 LOAD_CONST           R8 constant[679]  ; line 156
3012 LOAD_CONST           R9 constant[680]  ; line 156
3013 LOAD_CONST           R10 constant[681]  ; line 156
3014 LOAD_CONST           R11 constant[682]  ; line 156
3015 LOAD_CONST           R12 constant[683]  ; line 156
3016 LOAD_CONST           R13 constant[684]  ; line 156
3017 LOAD_CONST           R14 constant[685]  ; line 156
3018 MOVE                 R15 <- R7  ; line 156
3019 MOVE                 R16 <- R8  ; line 156
3020 MOVE                 R17 <- R9  ; line 156
3021 MOVE                 R18 <- R0  ; line 156
3022 MOVE                 R19 <- R10  ; line 156
3023 MOVE                 R20 <- R1  ; line 156
3024 MOVE                 R21 <- R11  ; line 156
3025 MOVE                 R22 <- R2  ; line 156
3026 MOVE                 R23 <- R12  ; line 156
3027 MOVE                 R24 <- R3  ; line 156
3028 MOVE                 R25 <- R13  ; line 156
3029 MOVE                 R26 <- R4  ; line 156
3030 MOVE                 R27 <- R14  ; line 156
3031 MOVE                 R28 <- R5  ; line 156
3032 HOST_CALL            a=29 b=6 c=15 imm=14  ; line 156
3033 MOVE                 R30 <- R6  ; line 156
3034 MOVE                 R31 <- R29  ; line 156
3035 ARRAY_NEW            a=32 b=30 c=2 imm=4294967295  ; line 156
3036 RETURN               R32  ; line 156
3037 LOAD_CONST           R33 constant[686]  ; line 156
3038 RETURN               R33  ; line 156
3039 MOVE                 R3 <- R1  ; line 168
3040 CALL                 a=4 b=97 c=3 imm=1  ; line 168
3041 MOVE                 R5 <- R4  ; line 168
3042 LOAD_CONST           R6 constant[687]  ; line 169
3043 COMPARE              a=5 b=6 c=7 imm=1  ; line 169
3044 JUMP_IF_FALSE        R7 -> 3053  ; line 169
3045 LOAD_CONST           R6 constant[688]  ; line 169
3046 LOAD_CONST           R7 constant[689]  ; line 169
3047 MOVE                 R8 <- R6  ; line 169
3048 MOVE                 R9 <- R5  ; line 169
3049 MOVE                 R10 <- R7  ; line 169
3050 CALL                 a=11 b=86 c=8 imm=3  ; line 169
3051 RETURN               R11  ; line 169
3052 JUMP                 -> 3053  ; line 169
3053 LOAD_CONST           R6 constant[690]  ; line 170
3054 MOVE                 R7 <- R1  ; line 170
3055 MOVE                 R8 <- R6  ; line 170
3056 HOST_CALL            a=9 b=11 c=7 imm=2  ; line 170
3057 MOVE                 R10 <- R9  ; line 170
3058 LOAD_CONST           R11 constant[691]  ; line 171
3059 MOVE                 R12 <- R1  ; line 171
3060 MOVE                 R13 <- R11  ; line 171
3061 HOST_CALL            a=14 b=11 c=12 imm=2  ; line 171
3062 MOVE                 R15 <- R14  ; line 171
3063 MOVE                 R16 <- R10  ; line 172
3064 HOST_CALL            a=17 b=61 c=16 imm=1  ; line 172
3065 MOVE                 R18 <- R17  ; line 172
3066 LOAD_CONST           R19 constant[692]  ; line 173
3067 MOVE                 R20 <- R18  ; line 173
3068 MOVE                 R21 <- R19  ; line 173
3069 HOST_CALL            a=22 b=11 c=20 imm=2  ; line 173
3070 MOVE                 R23 <- R22  ; line 173
3071 LOAD_CONST           R24 constant[693]  ; line 174
3072 MOVE                 R25 <- R18  ; line 174
3073 MOVE                 R26 <- R24  ; line 174
3074 HOST_CALL            a=27 b=11 c=25 imm=2  ; line 174
3075 MOVE                 R28 <- R27  ; line 174
3076 LOAD_CONST           R29 constant[694]  ; line 175
3077 LOAD_CONST           R30 constant[695]  ; line 175
3078 MOVE                 R31 <- R2  ; line 175
3079 MOVE                 R32 <- R29  ; line 175
3080 MOVE                 R33 <- R30  ; line 175
3081 CALL                 a=34 b=87 c=31 imm=3  ; line 175
3082 MOVE                 R35 <- R34  ; line 175
3083 LOAD_CONST           R36 constant[696]  ; line 176
3084 LOAD_CONST           R37 constant[697]  ; line 176
3085 MOVE                 R38 <- R2  ; line 176
3086 MOVE                 R39 <- R36  ; line 176
3087 MOVE                 R40 <- R37  ; line 176
3088 CALL                 a=41 b=87 c=38 imm=3  ; line 176
3089 MOVE                 R42 <- R41  ; line 176
3090 LOAD_CONST           R43 constant[698]  ; line 177
3091 LOAD_CONST           R44 constant[699]  ; line 177
3092 MOVE                 R45 <- R2  ; line 177
3093 MOVE                 R46 <- R43  ; line 177
3094 MOVE                 R47 <- R44  ; line 177
3095 CALL                 a=48 b=87 c=45 imm=3  ; line 177
3096 MOVE                 R49 <- R48  ; line 177
3097 LOAD_CONST           R50 constant[700]  ; line 178
3098 LOAD_CONST           R51 constant[701]  ; line 178
3099 MOVE                 R52 <- R2  ; line 178
3100 MOVE                 R53 <- R50  ; line 178
3101 MOVE                 R54 <- R51  ; line 178
3102 CALL                 a=55 b=87 c=52 imm=3  ; line 178
3103 MOVE                 R56 <- R55  ; line 178
3104 LOAD_CONST           R57 constant[702]  ; line 179
3105 COMPARE              a=0 b=57 c=58 imm=0  ; line 179
3106 JUMP_IF_FALSE        R58 -> 3117  ; line 179
3107 LOAD_CONST           R57 constant[703]  ; line 180
3108 MOVE                 R58 <- R2  ; line 180
3109 MOVE                 R59 <- R57  ; line 180
3110 HOST_CALL            a=60 b=7 c=58 imm=2  ; line 180
3111 UNARY                a=60 b=61 c=4294967295 imm=1  ; line 180
3112 JUMP_IF_FALSE        R61 -> 3116  ; line 180
3113 LOAD_CONST           R57 constant[704]  ; line 180
3114 MOVE                 R49 <- R57  ; line 180
3115 JUMP                 -> 3116  ; line 180
3116 JUMP                 -> 3117  ; line 180
3117 MOVE                 R57 <- R35  ; line 182
3118 CALL                 a=58 b=88 c=57 imm=1  ; line 182
3119 UNARY                a=58 b=59 c=4294967295 imm=1  ; line 182
3120 JUMP_IF_FALSE        R59 -> 3130  ; line 182
3121 LOAD_CONST           R57 constant[705]  ; line 182
3122 LOAD_CONST           R58 constant[706]  ; line 182
3123 LOAD_CONST           R59 constant[707]  ; line 182
3124 MOVE                 R60 <- R57  ; line 182
3125 MOVE                 R61 <- R58  ; line 182
3126 MOVE                 R62 <- R59  ; line 182
3127 CALL                 a=63 b=86 c=60 imm=3  ; line 182
3128 RETURN               R63  ; line 182
3129 JUMP                 -> 3130  ; line 182
3130 LOAD_CONST           R57 constant[708]  ; line 183
3131 COMPARE              a=35 b=57 c=58 imm=3  ; line 183
3132 JUMP_IF_FALSE        R58 -> 3142  ; line 183
3133 LOAD_CONST           R57 constant[709]  ; line 183
3134 LOAD_CONST           R58 constant[710]  ; line 183
3135 LOAD_CONST           R59 constant[711]  ; line 183
3136 MOVE                 R60 <- R57  ; line 183
3137 MOVE                 R61 <- R58  ; line 183
3138 MOVE                 R62 <- R59  ; line 183
3139 CALL                 a=63 b=86 c=60 imm=3  ; line 183
3140 RETURN               R63  ; line 183
3141 JUMP                 -> 3142  ; line 183
3142 MOVE                 R57 <- R42  ; line 184
3143 CALL                 a=58 b=88 c=57 imm=1  ; line 184
3144 UNARY                a=58 b=59 c=4294967295 imm=1  ; line 184
3145 JUMP_IF_FALSE        R59 -> 3155  ; line 184
3146 LOAD_CONST           R57 constant[712]  ; line 184
3147 LOAD_CONST           R58 constant[713]  ; line 184
3148 LOAD_CONST           R59 constant[714]  ; line 184
3149 MOVE                 R60 <- R57  ; line 184
3150 MOVE                 R61 <- R58  ; line 184
3151 MOVE                 R62 <- R59  ; line 184
3152 CALL                 a=63 b=86 c=60 imm=3  ; line 184
3153 RETURN               R63  ; line 184
3154 JUMP                 -> 3155  ; line 184
3155 LOAD_CONST           R57 constant[715]  ; line 185
3156 COMPARE              a=42 b=57 c=58 imm=2  ; line 185
3157 JUMP_IF_FALSE        R58 -> 3167  ; line 185
3158 LOAD_CONST           R57 constant[716]  ; line 185
3159 LOAD_CONST           R58 constant[717]  ; line 185
3160 LOAD_CONST           R59 constant[718]  ; line 185
3161 MOVE                 R60 <- R57  ; line 185
3162 MOVE                 R61 <- R58  ; line 185
3163 MOVE                 R62 <- R59  ; line 185
3164 CALL                 a=63 b=86 c=60 imm=3  ; line 185
3165 RETURN               R63  ; line 185
3166 JUMP                 -> 3167  ; line 185
3167 LOAD_CONST           R57 constant[719]  ; line 186
3168 COMPARE              a=49 b=57 c=58 imm=2  ; line 186
3169 JUMP_IF_FALSE        R58 -> 3179  ; line 186
3170 LOAD_CONST           R57 constant[720]  ; line 186
3171 LOAD_CONST           R58 constant[721]  ; line 186
3172 LOAD_CONST           R59 constant[722]  ; line 186
3173 MOVE                 R60 <- R57  ; line 186
3174 MOVE                 R61 <- R58  ; line 186
3175 MOVE                 R62 <- R59  ; line 186
3176 CALL                 a=63 b=86 c=60 imm=3  ; line 186
3177 RETURN               R63  ; line 186
3178 JUMP                 -> 3179  ; line 186
3179 MOVE                 R57 <- R28  ; line 188
3180 CALL                 a=58 b=96 c=57 imm=1  ; line 188
3181 MOVE                 R59 <- R58  ; line 188
3182 LOAD_CONST           R60 constant[723]  ; line 189
3183 MOVE                 R61 <- R60  ; line 189
3184 LOAD_CONST           R62 constant[724]  ; line 190
3185 MOVE                 R63 <- R62  ; line 190
3186 COMPARE              a=63 b=42 c=64 imm=2  ; line 191
3187 JUMP_IF_FALSE        R64 -> 3289  ; line 191
3188 MOVE                 R64 <- R28  ; line 192
3189 CALL                 a=65 b=96 c=64 imm=1  ; line 192
3190 MOVE                 R66 <- R65  ; line 192
3191 LOAD_CONST           R67 constant[725]  ; line 193
3192 MOVE                 R68 <- R67  ; line 193
3193 LOAD_CONST           R69 constant[726]  ; line 194
3194 MOVE                 R70 <- R69  ; line 194
3195 COMPARE              a=70 b=23 c=71 imm=2  ; line 195
3196 JUMP_IF_FALSE        R71 -> 3252  ; line 195
3197 MOVE                 R71 <- R61  ; line 196
3198 LOAD_CONST           R72 constant[727]  ; line 197
3199 MOVE                 R73 <- R72  ; line 197
3200 COMPARE              a=73 b=28 c=74 imm=2  ; line 198
3201 JUMP_IF_FALSE        R74 -> 3218  ; line 198
3202 MOVE                 R74 <- R59  ; line 199
3203 MOVE                 R75 <- R73  ; line 199
3204 HOST_CALL            a=76 b=11 c=74 imm=2  ; line 199
3205 MOVE                 R77 <- R70  ; line 199
3206 MOVE                 R78 <- R73  ; line 199
3207 ARRAY_NEW            a=79 b=77 c=2 imm=4294967295  ; line 199
3208 MOVE                 R80 <- R10  ; line 199
3209 MOVE                 R81 <- R79  ; line 199
3210 HOST_CALL            a=82 b=11 c=80 imm=2  ; line 199
3211 BINARY               a=76 b=82 c=83 imm=2  ; line 199
3212 BINARY               a=71 b=83 c=84 imm=0  ; line 199
3213 MOVE                 R71 <- R84  ; line 199
3214 LOAD_CONST           R74 constant[728]  ; line 200
3215 BINARY               a=73 b=74 c=75 imm=0  ; line 200
3216 MOVE                 R73 <- R75  ; line 200
3217 JUMP                 -> 3200  ; line 200
3218 MOVE                 R74 <- R15  ; line 202
3219 MOVE                 R75 <- R70  ; line 202
3220 HOST_CALL            a=76 b=11 c=74 imm=2  ; line 202
3221 BINARY               a=71 b=76 c=77 imm=1  ; line 202
3222 MOVE                 R78 <- R77  ; line 202
3223 LOAD_CONST           R79 constant[729]  ; line 203
3224 MOVE                 R73 <- R79  ; line 203
3225 COMPARE              a=73 b=28 c=79 imm=2  ; line 204
3226 JUMP_IF_FALSE        R79 -> 3246  ; line 204
3227 MOVE                 R79 <- R66  ; line 205
3228 MOVE                 R80 <- R73  ; line 205
3229 HOST_CALL            a=81 b=11 c=79 imm=2  ; line 205
3230 MOVE                 R82 <- R70  ; line 205
3231 MOVE                 R83 <- R73  ; line 205
3232 ARRAY_NEW            a=84 b=82 c=2 imm=4294967295  ; line 205
3233 MOVE                 R85 <- R10  ; line 205
3234 MOVE                 R86 <- R84  ; line 205
3235 HOST_CALL            a=87 b=11 c=85 imm=2  ; line 205
3236 BINARY               a=78 b=87 c=88 imm=2  ; line 205
3237 BINARY               a=81 b=88 c=89 imm=0  ; line 205
3238 MOVE                 R90 <- R66  ; line 205
3239 MOVE                 R91 <- R73  ; line 205
3240 MOVE                 R92 <- R89  ; line 205
3241 HOST_CALL            a=93 b=12 c=90 imm=3  ; line 205
3242 LOAD_CONST           R79 constant[730]  ; line 206
3243 BINARY               a=73 b=79 c=80 imm=0  ; line 206
3244 MOVE                 R73 <- R80  ; line 206
3245 JUMP                 -> 3225  ; line 206
3246 BINARY               a=68 b=78 c=79 imm=0  ; line 208
3247 MOVE                 R68 <- R79  ; line 208
3248 LOAD_CONST           R79 constant[731]  ; line 209
3249 BINARY               a=70 b=79 c=80 imm=0  ; line 209
3250 MOVE                 R70 <- R80  ; line 209
3251 JUMP                 -> 3195  ; line 209
3252 LOAD_CONST           R79 constant[732]  ; line 211
3253 MOVE                 R80 <- R79  ; line 211
3254 COMPARE              a=80 b=28 c=81 imm=2  ; line 212
3255 JUMP_IF_FALSE        R81 -> 3279  ; line 212
3256 MOVE                 R81 <- R66  ; line 213
3257 MOVE                 R82 <- R80  ; line 213
3258 HOST_CALL            a=83 b=11 c=81 imm=2  ; line 213
3259 BINARY               a=83 b=23 c=84 imm=3  ; line 213
3260 MOVE                 R85 <- R59  ; line 213
3261 MOVE                 R86 <- R80  ; line 213
3262 HOST_CALL            a=87 b=11 c=85 imm=2  ; line 213
3263 BINARY               a=49 b=87 c=88 imm=2  ; line 213
3264 BINARY               a=84 b=88 c=89 imm=0  ; line 213
3265 MOVE                 R90 <- R89  ; line 213
3266 MOVE                 R91 <- R59  ; line 214
3267 MOVE                 R92 <- R80  ; line 214
3268 HOST_CALL            a=93 b=11 c=91 imm=2  ; line 214
3269 BINARY               a=35 b=90 c=94 imm=2  ; line 214
3270 BINARY               a=93 b=94 c=95 imm=1  ; line 214
3271 MOVE                 R96 <- R59  ; line 214
3272 MOVE                 R97 <- R80  ; line 214
3273 MOVE                 R98 <- R95  ; line 214
3274 HOST_CALL            a=99 b=12 c=96 imm=3  ; line 214
3275 LOAD_CONST           R91 constant[733]  ; line 215
3276 BINARY               a=80 b=91 c=92 imm=0  ; line 215
3277 MOVE                 R80 <- R92  ; line 215
3278 JUMP                 -> 3254  ; line 215
3279 JUMP_IF_FALSE        R56 -> 3285  ; line 217
3280 BINARY               a=35 b=68 c=91 imm=2  ; line 218
3281 BINARY               a=91 b=23 c=92 imm=3  ; line 218
3282 BINARY               a=61 b=92 c=93 imm=1  ; line 218
3283 MOVE                 R61 <- R93  ; line 218
3284 JUMP                 -> 3285  ; line 218
3285 LOAD_CONST           R91 constant[734]  ; line 220
3286 BINARY               a=63 b=91 c=92 imm=0  ; line 220
3287 MOVE                 R63 <- R92  ; line 220
3288 JUMP                 -> 3186  ; line 220
3289 MOVE                 R91 <- R10  ; line 223
3290 MOVE                 R92 <- R59  ; line 223
3291 MOVE                 R93 <- R61  ; line 223
3292 CALL                 a=94 b=98 c=91 imm=3  ; line 223
3293 MOVE                 R95 <- R94  ; line 223
3294 LOAD_CONST           R96 constant[735]  ; line 224
3295 MOVE                 R97 <- R96  ; line 224
3296 LOAD_CONST           R98 constant[736]  ; line 225
3297 MOVE                 R99 <- R98  ; line 225
3298 COMPARE              a=99 b=23 c=100 imm=2  ; line 226
3299 JUMP_IF_FALSE        R100 -> 3315  ; line 226
3300 MOVE                 R100 <- R95  ; line 227
3301 MOVE                 R101 <- R99  ; line 227
3302 HOST_CALL            a=102 b=11 c=100 imm=2  ; line 227
3303 MOVE                 R103 <- R15  ; line 227
3304 MOVE                 R104 <- R99  ; line 227
3305 HOST_CALL            a=105 b=11 c=103 imm=2  ; line 227
3306 BINARY               a=102 b=105 c=106 imm=1  ; line 227
3307 MOVE                 R107 <- R106  ; line 227
3308 BINARY               a=107 b=107 c=108 imm=2  ; line 228
3309 BINARY               a=97 b=108 c=109 imm=0  ; line 228
3310 MOVE                 R97 <- R109  ; line 228
3311 LOAD_CONST           R108 constant[737]  ; line 229
3312 BINARY               a=99 b=108 c=109 imm=0  ; line 229
3313 MOVE                 R99 <- R109  ; line 229
3314 JUMP                 -> 3298  ; line 229
3315 BINARY               a=97 b=23 c=108 imm=3  ; line 231
3316 MOVE                 R109 <- R108  ; line 231
3317 MOVE                 R110 <- R95  ; line 232
3318 HOST_CALL            a=111 b=72 c=110 imm=1  ; line 232
3319 MOVE                 R112 <- R111  ; line 232
3320 MOVE                 R113 <- R23  ; line 233
3321 MOVE                 R114 <- R109  ; line 233
3322 CALL                 a=115 b=99 c=113 imm=2  ; line 233
3323 MOVE                 R116 <- R115  ; line 233
3324 LOAD_CONST           R117 constant[738]  ; line 234
3325 LOAD_CONST           R118 constant[739]  ; line 234
3326 LOAD_CONST           R119 constant[740]  ; line 234
3327 LOAD_CONST           R120 constant[741]  ; line 234
3328 LOAD_CONST           R121 constant[742]  ; line 234
3329 LOAD_CONST           R122 constant[743]  ; line 234
3330 LOAD_CONST           R123 constant[744]  ; line 234
3331 MOVE                 R124 <- R59  ; line 234
3332 HOST_CALL            a=125 b=72 c=124 imm=1  ; line 234
3333 LOAD_CONST           R126 constant[745]  ; line 234
3334 MOVE                 R127 <- R123  ; line 234
3335 MOVE                 R128 <- R125  ; line 234
3336 MOVE                 R129 <- R126  ; line 234
3337 MOVE                 R130 <- R61  ; line 234
3338 HOST_CALL            a=131 b=6 c=127 imm=4  ; line 234
3339 LOAD_CONST           R132 constant[746]  ; line 234
3340 LOAD_CONST           R133 constant[747]  ; line 234
3341 MOVE                 R134 <- R133  ; line 234
3342 MOVE                 R135 <- R109  ; line 234
3343 HOST_CALL            a=136 b=6 c=134 imm=2  ; line 234
3344 LOAD_CONST           R137 constant[748]  ; line 234
3345 ARRAY_NEW            a=138 b=138 c=0 imm=4294967295  ; line 234
3346 LOAD_CONST           R139 constant[749]  ; line 234
3347 LOAD_CONST           R140 constant[750]  ; line 234
3348 LOAD_CONST           R141 constant[751]  ; line 234
3349 LOAD_CONST           R142 constant[752]  ; line 234
3350 MOVE                 R143 <- R140  ; line 234
3351 MOVE                 R144 <- R42  ; line 234
3352 MOVE                 R145 <- R141  ; line 234
3353 MOVE                 R146 <- R35  ; line 234
3354 MOVE                 R147 <- R142  ; line 234
3355 MOVE                 R148 <- R49  ; line 234
3356 HOST_CALL            a=149 b=6 c=143 imm=6  ; line 234
3357 LOAD_CONST           R150 constant[753]  ; line 234
3358 LOAD_CONST           R151 constant[754]  ; line 234
3359 LOAD_CONST           R152 constant[755]  ; line 234
3360 MOVE                 R153 <- R10  ; line 234
3361 HOST_CALL            a=154 b=60 c=153 imm=1  ; line 234
3362 LOAD_CONST           R155 constant[756]  ; line 234
3363 LOAD_CONST           R156 constant[757]  ; line 234
3364 MOVE                 R157 <- R117  ; line 234
3365 MOVE                 R158 <- R118  ; line 234
3366 MOVE                 R159 <- R119  ; line 234
3367 MOVE                 R160 <- R0  ; line 234
3368 MOVE                 R161 <- R120  ; line 234
3369 MOVE                 R162 <- R121  ; line 234
3370 MOVE                 R163 <- R122  ; line 234
3371 MOVE                 R164 <- R131  ; line 234
3372 MOVE                 R165 <- R132  ; line 234
3373 MOVE                 R166 <- R136  ; line 234
3374 MOVE                 R167 <- R137  ; line 234
3375 MOVE                 R168 <- R138  ; line 234
3376 MOVE                 R169 <- R139  ; line 234
3377 MOVE                 R170 <- R149  ; line 234
3378 MOVE                 R171 <- R150  ; line 234
3379 MOVE                 R172 <- R151  ; line 234
3380 MOVE                 R173 <- R152  ; line 234
3381 MOVE                 R174 <- R154  ; line 234
3382 MOVE                 R175 <- R155  ; line 234
3383 MOVE                 R176 <- R156  ; line 234
3384 HOST_CALL            a=177 b=6 c=157 imm=20  ; line 234
3385 MOVE                 R178 <- R177  ; line 234
3386 LOAD_CONST           R179 constant[758]  ; line 246
3387 LOAD_CONST           R180 constant[759]  ; line 246
3388 MOVE                 R181 <- R179  ; line 246
3389 MOVE                 R182 <- R109  ; line 246
3390 MOVE                 R183 <- R180  ; line 246
3391 MOVE                 R184 <- R23  ; line 246
3392 HOST_CALL            a=185 b=6 c=181 imm=4  ; line 246
3393 LOAD_CONST           R186 constant[760]  ; line 246
3394 LOAD_CONST           R187 constant[761]  ; line 246
3395 LOAD_CONST           R188 constant[762]  ; line 246
3396 MOVE                 R189 <- R187  ; line 246
3397 MOVE                 R190 <- R188  ; line 246
3398 ARRAY_NEW            a=191 b=189 c=2 imm=4294967295  ; line 246
3399 MOVE                 R192 <- R178  ; line 246
3400 MOVE                 R193 <- R112  ; line 246
3401 MOVE                 R194 <- R116  ; line 246
3402 MOVE                 R195 <- R185  ; line 246
3403 MOVE                 R196 <- R186  ; line 246
3404 MOVE                 R197 <- R191  ; line 246
3405 CALL                 a=198 b=101 c=192 imm=6  ; line 246
3406 RETURN               R198  ; line 246
3407 LOAD_CONST           R199 constant[763]  ; line 246
3408 RETURN               R199  ; line 246
3409 MOVE                 R3 <- R1  ; line 252
3410 CALL                 a=4 b=97 c=3 imm=1  ; line 252
3411 MOVE                 R5 <- R4  ; line 252
3412 LOAD_CONST           R6 constant[764]  ; line 253
3413 COMPARE              a=5 b=6 c=7 imm=1  ; line 253
3414 JUMP_IF_FALSE        R7 -> 3423  ; line 253
3415 LOAD_CONST           R6 constant[765]  ; line 253
3416 LOAD_CONST           R7 constant[766]  ; line 253
3417 MOVE                 R8 <- R6  ; line 253
3418 MOVE                 R9 <- R5  ; line 253
3419 MOVE                 R10 <- R7  ; line 253
3420 CALL                 a=11 b=86 c=8 imm=3  ; line 253
3421 RETURN               R11  ; line 253
3422 JUMP                 -> 3423  ; line 253
3423 LOAD_CONST           R6 constant[767]  ; line 254
3424 MOVE                 R7 <- R1  ; line 254
3425 MOVE                 R8 <- R6  ; line 254
3426 HOST_CALL            a=9 b=11 c=7 imm=2  ; line 254
3427 MOVE                 R10 <- R9  ; line 254
3428 LOAD_CONST           R11 constant[768]  ; line 255
3429 MOVE                 R12 <- R1  ; line 255
3430 MOVE                 R13 <- R11  ; line 255
3431 HOST_CALL            a=14 b=11 c=12 imm=2  ; line 255
3432 MOVE                 R15 <- R14  ; line 255
3433 MOVE                 R16 <- R10  ; line 256
3434 HOST_CALL            a=17 b=61 c=16 imm=1  ; line 256
3435 LOAD_CONST           R18 constant[769]  ; line 256
3436 MOVE                 R19 <- R17  ; line 256
3437 MOVE                 R20 <- R18  ; line 256
3438 HOST_CALL            a=21 b=11 c=19 imm=2  ; line 256
3439 MOVE                 R22 <- R21  ; line 256
3440 MOVE                 R23 <- R10  ; line 257
3441 HOST_CALL            a=24 b=61 c=23 imm=1  ; line 257
3442 LOAD_CONST           R25 constant[770]  ; line 257
3443 MOVE                 R26 <- R24  ; line 257
3444 MOVE                 R27 <- R25  ; line 257
3445 HOST_CALL            a=28 b=11 c=26 imm=2  ; line 257
3446 MOVE                 R29 <- R28  ; line 257
3447 LOAD_CONST           R30 constant[771]  ; line 258
3448 LOAD_CONST           R31 constant[772]  ; line 258
3449 MOVE                 R32 <- R2  ; line 258
3450 MOVE                 R33 <- R30  ; line 258
3451 MOVE                 R34 <- R31  ; line 258
3452 CALL                 a=35 b=87 c=32 imm=3  ; line 258
3453 MOVE                 R36 <- R35  ; line 258
3454 LOAD_CONST           R37 constant[773]  ; line 259
3455 LOAD_CONST           R38 constant[774]  ; line 259
3456 MOVE                 R39 <- R2  ; line 259
3457 MOVE                 R40 <- R37  ; line 259
3458 MOVE                 R41 <- R38  ; line 259
3459 CALL                 a=42 b=87 c=39 imm=3  ; line 259
3460 MOVE                 R43 <- R42  ; line 259
3461 LOAD_CONST           R44 constant[775]  ; line 260
3462 LOAD_CONST           R45 constant[776]  ; line 260
3463 MOVE                 R46 <- R2  ; line 260
3464 MOVE                 R47 <- R44  ; line 260
3465 MOVE                 R48 <- R45  ; line 260
3466 CALL                 a=49 b=87 c=46 imm=3  ; line 260
3467 MOVE                 R50 <- R49  ; line 260
3468 LOAD_CONST           R51 constant[777]  ; line 261
3469 COMPARE              a=0 b=51 c=52 imm=0  ; line 261
3470 JUMP_IF_FALSE        R52 -> 3481  ; line 261
3471 LOAD_CONST           R51 constant[778]  ; line 262
3472 MOVE                 R52 <- R2  ; line 262
3473 MOVE                 R53 <- R51  ; line 262
3474 HOST_CALL            a=54 b=7 c=52 imm=2  ; line 262
3475 UNARY                a=54 b=55 c=4294967295 imm=1  ; line 262
3476 JUMP_IF_FALSE        R55 -> 3480  ; line 262
3477 LOAD_CONST           R51 constant[779]  ; line 262
3478 MOVE                 R50 <- R51  ; line 262
3479 JUMP                 -> 3480  ; line 262
3480 JUMP                 -> 3481  ; line 262
3481 LOAD_CONST           R51 constant[780]  ; line 264
3482 COMPARE              a=36 b=51 c=52 imm=3  ; line 264
3483 JUMP_IF_FALSE        R52 -> 3493  ; line 264
3484 LOAD_CONST           R51 constant[781]  ; line 264
3485 LOAD_CONST           R52 constant[782]  ; line 264
3486 LOAD_CONST           R53 constant[783]  ; line 264
3487 MOVE                 R54 <- R51  ; line 264
3488 MOVE                 R55 <- R52  ; line 264
3489 MOVE                 R56 <- R53  ; line 264
3490 CALL                 a=57 b=86 c=54 imm=3  ; line 264
3491 RETURN               R57  ; line 264
3492 JUMP                 -> 3493  ; line 264
3493 LOAD_CONST           R51 constant[784]  ; line 265
3494 COMPARE              a=43 b=51 c=52 imm=2  ; line 265
3495 JUMP_IF_FALSE        R52 -> 3505  ; line 265
3496 LOAD_CONST           R51 constant[785]  ; line 265
3497 LOAD_CONST           R52 constant[786]  ; line 265
3498 LOAD_CONST           R53 constant[787]  ; line 265
3499 MOVE                 R54 <- R51  ; line 265
3500 MOVE                 R55 <- R52  ; line 265
3501 MOVE                 R56 <- R53  ; line 265
3502 CALL                 a=57 b=86 c=54 imm=3  ; line 265
3503 RETURN               R57  ; line 265
3504 JUMP                 -> 3505  ; line 265
3505 LOAD_CONST           R51 constant[788]  ; line 266
3506 COMPARE              a=50 b=51 c=52 imm=2  ; line 266
3507 JUMP_IF_FALSE        R52 -> 3517  ; line 266
3508 LOAD_CONST           R51 constant[789]  ; line 266
3509 LOAD_CONST           R52 constant[790]  ; line 266
3510 LOAD_CONST           R53 constant[791]  ; line 266
3511 MOVE                 R54 <- R51  ; line 266
3512 MOVE                 R55 <- R52  ; line 266
3513 MOVE                 R56 <- R53  ; line 266
3514 CALL                 a=57 b=86 c=54 imm=3  ; line 266
3515 RETURN               R57  ; line 266
3516 JUMP                 -> 3517  ; line 266
3517 LOAD_CONST           R51 constant[792]  ; line 267
3518 MOVE                 R52 <- R2  ; line 267
3519 MOVE                 R53 <- R51  ; line 267
3520 HOST_CALL            a=54 b=11 c=52 imm=2  ; line 267
3521 MOVE                 R55 <- R54  ; line 267
3522 MOVE                 R56 <- R29  ; line 268
3523 CALL                 a=57 b=96 c=56 imm=1  ; line 268
3524 MOVE                 R58 <- R57  ; line 268
3525 HOST_CALL            a=59 b=72 c=58 imm=1  ; line 268
3526 MOVE                 R60 <- R10  ; line 268
3527 HOST_CALL            a=61 b=60 c=60 imm=1  ; line 268
3528 MOVE                 R62 <- R59  ; line 268
3529 MOVE                 R63 <- R61  ; line 268
3530 MOVE                 R64 <- R55  ; line 268
3531 CALL                 a=65 b=152 c=62 imm=3  ; line 268
3532 MOVE                 R66 <- R65  ; line 268
3533 MOVE                 R67 <- R10  ; line 269
3534 HOST_CALL            a=68 b=184 c=67 imm=1  ; line 269
3535 MOVE                 R69 <- R68  ; line 269
3536 HOST_CALL            a=70 b=168 c=69 imm=1  ; line 269
3537 MOVE                 R71 <- R10  ; line 269
3538 HOST_CALL            a=72 b=60 c=71 imm=1  ; line 269
3539 MOVE                 R73 <- R70  ; line 269
3540 MOVE                 R74 <- R72  ; line 269
3541 MOVE                 R75 <- R55  ; line 269
3542 CALL                 a=76 b=152 c=73 imm=3  ; line 269
3543 MOVE                 R77 <- R76  ; line 269
3544 LOAD_CONST           R78 constant[793]  ; line 270
3545 MOVE                 R79 <- R78  ; line 270
3546 LOAD_CONST           R80 constant[794]  ; line 271
3547 MOVE                 R81 <- R80  ; line 271
3548 COMPARE              a=81 b=43 c=82 imm=2  ; line 272
3549 JUMP_IF_FALSE        R82 -> 3575  ; line 272
3550 MOVE                 R82 <- R10  ; line 273
3551 MOVE                 R83 <- R66  ; line 273
3552 HOST_CALL            a=84 b=67 c=82 imm=2  ; line 273
3553 BINARY               a=84 b=79 c=85 imm=0  ; line 273
3554 BINARY               a=85 b=15 c=86 imm=1  ; line 273
3555 MOVE                 R87 <- R86  ; line 273
3556 MOVE                 R88 <- R77  ; line 274
3557 MOVE                 R89 <- R87  ; line 274
3558 HOST_CALL            a=90 b=67 c=88 imm=2  ; line 274
3559 BINARY               a=90 b=22 c=91 imm=3  ; line 274
3560 BINARY               a=66 b=50 c=92 imm=2  ; line 274
3561 BINARY               a=91 b=92 c=93 imm=0  ; line 274
3562 MOVE                 R94 <- R93  ; line 274
3563 BINARY               a=94 b=36 c=95 imm=2  ; line 275
3564 BINARY               a=66 b=95 c=96 imm=1  ; line 275
3565 MOVE                 R66 <- R96  ; line 275
3566 MOVE                 R95 <- R87  ; line 276
3567 HOST_CALL            a=96 b=69 c=95 imm=1  ; line 276
3568 BINARY               a=36 b=96 c=97 imm=2  ; line 276
3569 BINARY               a=79 b=97 c=98 imm=1  ; line 276
3570 MOVE                 R79 <- R98  ; line 276
3571 LOAD_CONST           R95 constant[795]  ; line 277
3572 BINARY               a=81 b=95 c=96 imm=0  ; line 277
3573 MOVE                 R81 <- R96  ; line 277
3574 JUMP                 -> 3548  ; line 277
3575 MOVE                 R95 <- R10  ; line 279
3576 MOVE                 R96 <- R66  ; line 279
3577 HOST_CALL            a=97 b=67 c=95 imm=2  ; line 279
3578 BINARY               a=97 b=79 c=98 imm=0  ; line 279
3579 MOVE                 R99 <- R98  ; line 279
3580 HOST_CALL            a=100 b=184 c=99 imm=1  ; line 279
3581 MOVE                 R101 <- R100  ; line 279
3582 MOVE                 R102 <- R15  ; line 280
3583 HOST_CALL            a=103 b=184 c=102 imm=1  ; line 280
3584 BINARY               a=101 b=103 c=104 imm=1  ; line 280
3585 MOVE                 R105 <- R15  ; line 280
3586 HOST_CALL            a=106 b=184 c=105 imm=1  ; line 280
3587 BINARY               a=101 b=106 c=107 imm=1  ; line 280
3588 BINARY               a=104 b=107 c=108 imm=2  ; line 280
3589 MOVE                 R109 <- R108  ; line 280
3590 HOST_CALL            a=110 b=69 c=109 imm=1  ; line 280
3591 MOVE                 R111 <- R110  ; line 280
3592 LOAD_CONST           R112 constant[796]  ; line 281
3593 LOAD_CONST           R113 constant[797]  ; line 281
3594 LOAD_CONST           R114 constant[798]  ; line 281
3595 LOAD_CONST           R115 constant[799]  ; line 281
3596 LOAD_CONST           R116 constant[800]  ; line 281
3597 LOAD_CONST           R117 constant[801]  ; line 281
3598 LOAD_CONST           R118 constant[802]  ; line 281
3599 LOAD_CONST           R119 constant[803]  ; line 281
3600 MOVE                 R120 <- R118  ; line 281
3601 MOVE                 R121 <- R66  ; line 281
3602 MOVE                 R122 <- R119  ; line 281
3603 MOVE                 R123 <- R79  ; line 281
3604 HOST_CALL            a=124 b=6 c=120 imm=4  ; line 281
3605 LOAD_CONST           R125 constant[804]  ; line 281
3606 LOAD_CONST           R126 constant[805]  ; line 281
3607 MOVE                 R127 <- R126  ; line 281
3608 MOVE                 R128 <- R111  ; line 281
3609 HOST_CALL            a=129 b=6 c=127 imm=2  ; line 281
3610 LOAD_CONST           R130 constant[806]  ; line 281
3611 ARRAY_NEW            a=131 b=131 c=0 imm=4294967295  ; line 281
3612 LOAD_CONST           R132 constant[807]  ; line 281
3613 LOAD_CONST           R133 constant[808]  ; line 281
3614 LOAD_CONST           R134 constant[809]  ; line 281
3615 LOAD_CONST           R135 constant[810]  ; line 281
3616 MOVE                 R136 <- R133  ; line 281
3617 MOVE                 R137 <- R43  ; line 281
3618 MOVE                 R138 <- R134  ; line 281
3619 MOVE                 R139 <- R36  ; line 281
3620 MOVE                 R140 <- R135  ; line 281
3621 MOVE                 R141 <- R50  ; line 281
3622 HOST_CALL            a=142 b=6 c=136 imm=6  ; line 281
3623 LOAD_CONST           R143 constant[811]  ; line 281
3624 LOAD_CONST           R144 constant[812]  ; line 281
3625 LOAD_CONST           R145 constant[813]  ; line 281
3626 MOVE                 R146 <- R10  ; line 281
3627 HOST_CALL            a=147 b=60 c=146 imm=1  ; line 281
3628 LOAD_CONST           R148 constant[814]  ; line 281
3629 LOAD_CONST           R149 constant[815]  ; line 281
3630 MOVE                 R150 <- R112  ; line 281
3631 MOVE                 R151 <- R113  ; line 281
3632 MOVE                 R152 <- R114  ; line 281
3633 MOVE                 R153 <- R0  ; line 281
3634 MOVE                 R154 <- R115  ; line 281
3635 MOVE                 R155 <- R116  ; line 281
3636 MOVE                 R156 <- R117  ; line 281
3637 MOVE                 R157 <- R124  ; line 281
3638 MOVE                 R158 <- R125  ; line 281
3639 MOVE                 R159 <- R129  ; line 281
3640 MOVE                 R160 <- R130  ; line 281
3641 MOVE                 R161 <- R131  ; line 281
3642 MOVE                 R162 <- R132  ; line 281
3643 MOVE                 R163 <- R142  ; line 281
3644 MOVE                 R164 <- R143  ; line 281
3645 MOVE                 R165 <- R144  ; line 281
3646 MOVE                 R166 <- R145  ; line 281
3647 MOVE                 R167 <- R147  ; line 281
3648 MOVE                 R168 <- R148  ; line 281
3649 MOVE                 R169 <- R149  ; line 281
3650 HOST_CALL            a=170 b=6 c=150 imm=20  ; line 281
3651 MOVE                 R171 <- R170  ; line 281
3652 MOVE                 R172 <- R22  ; line 288
3653 MOVE                 R173 <- R111  ; line 288
3654 CALL                 a=174 b=99 c=172 imm=2  ; line 288
3655 LOAD_CONST           R175 constant[816]  ; line 288
3656 LOAD_CONST           R176 constant[817]  ; line 288
3657 MOVE                 R177 <- R175  ; line 288
3658 MOVE                 R178 <- R111  ; line 288
3659 MOVE                 R179 <- R176  ; line 288
3660 MOVE                 R180 <- R22  ; line 288
3661 HOST_CALL            a=181 b=6 c=177 imm=4  ; line 288
3662 LOAD_CONST           R182 constant[818]  ; line 288
3663 LOAD_CONST           R183 constant[819]  ; line 288
3664 LOAD_CONST           R184 constant[820]  ; line 288
3665 MOVE                 R185 <- R183  ; line 288
3666 MOVE                 R186 <- R184  ; line 288
3667 ARRAY_NEW            a=187 b=185 c=2 imm=4294967295  ; line 288
3668 MOVE                 R188 <- R171  ; line 288
3669 MOVE                 R189 <- R101  ; line 288
3670 MOVE                 R190 <- R174  ; line 288
3671 MOVE                 R191 <- R181  ; line 288
3672 MOVE                 R192 <- R182  ; line 288
3673 MOVE                 R193 <- R187  ; line 288
3674 CALL                 a=194 b=101 c=188 imm=6  ; line 288
3675 RETURN               R194  ; line 288
3676 LOAD_CONST           R195 constant[821]  ; line 288
3677 RETURN               R195  ; line 288
3678 MOVE                 R2 <- R0  ; line 294
3679 CALL                 a=3 b=97 c=2 imm=1  ; line 294
3680 MOVE                 R4 <- R3  ; line 294
3681 LOAD_CONST           R5 constant[822]  ; line 295
3682 COMPARE              a=4 b=5 c=6 imm=1  ; line 295
3683 JUMP_IF_FALSE        R6 -> 3692  ; line 295
3684 LOAD_CONST           R5 constant[823]  ; line 295
3685 LOAD_CONST           R6 constant[824]  ; line 295
3686 MOVE                 R7 <- R5  ; line 295
3687 MOVE                 R8 <- R4  ; line 295
3688 MOVE                 R9 <- R6  ; line 295
3689 CALL                 a=10 b=86 c=7 imm=3  ; line 295
3690 RETURN               R10  ; line 295
3691 JUMP                 -> 3692  ; line 295
3692 LOAD_CONST           R5 constant[825]  ; line 296
3693 MOVE                 R6 <- R0  ; line 296
3694 MOVE                 R7 <- R5  ; line 296
3695 HOST_CALL            a=8 b=11 c=6 imm=2  ; line 296
3696 MOVE                 R9 <- R8  ; line 296
3697 LOAD_CONST           R10 constant[826]  ; line 297
3698 MOVE                 R11 <- R0  ; line 297
3699 MOVE                 R12 <- R10  ; line 297
3700 HOST_CALL            a=13 b=11 c=11 imm=2  ; line 297
3701 MOVE                 R14 <- R13  ; line 297
3702 MOVE                 R15 <- R9  ; line 298
3703 HOST_CALL            a=16 b=61 c=15 imm=1  ; line 298
3704 MOVE                 R17 <- R16  ; line 298
3705 LOAD_CONST           R18 constant[827]  ; line 299
3706 MOVE                 R19 <- R17  ; line 299
3707 MOVE                 R20 <- R18  ; line 299
3708 HOST_CALL            a=21 b=11 c=19 imm=2  ; line 299
3709 MOVE                 R22 <- R21  ; line 299
3710 LOAD_CONST           R23 constant[828]  ; line 300
3711 MOVE                 R24 <- R17  ; line 300
3712 MOVE                 R25 <- R23  ; line 300
3713 HOST_CALL            a=26 b=11 c=24 imm=2  ; line 300
3714 MOVE                 R27 <- R26  ; line 300
3715 LOAD_CONST           R28 constant[829]  ; line 301
3716 LOAD_CONST           R29 constant[830]  ; line 301
3717 MOVE                 R30 <- R1  ; line 301
3718 MOVE                 R31 <- R28  ; line 301
3719 MOVE                 R32 <- R29  ; line 301
3720 CALL                 a=33 b=87 c=30 imm=3  ; line 301
3721 MOVE                 R34 <- R33  ; line 301
3722 LOAD_CONST           R35 constant[831]  ; line 302
3723 LOAD_CONST           R36 constant[832]  ; line 302
3724 MOVE                 R37 <- R1  ; line 302
3725 MOVE                 R38 <- R35  ; line 302
3726 MOVE                 R39 <- R36  ; line 302
3727 CALL                 a=40 b=87 c=37 imm=3  ; line 302
3728 MOVE                 R41 <- R40  ; line 302
3729 LOAD_CONST           R42 constant[833]  ; line 303
3730 LOAD_CONST           R43 constant[834]  ; line 303
3731 MOVE                 R44 <- R1  ; line 303
3732 MOVE                 R45 <- R42  ; line 303
3733 MOVE                 R46 <- R43  ; line 303
3734 CALL                 a=47 b=87 c=44 imm=3  ; line 303
3735 MOVE                 R48 <- R47  ; line 303
3736 LOAD_CONST           R49 constant[835]  ; line 304
3737 COMPARE              a=34 b=49 c=50 imm=3  ; line 304
3738 JUMP_IF_FALSE        R50 -> 3748  ; line 304
3739 LOAD_CONST           R49 constant[836]  ; line 304
3740 LOAD_CONST           R50 constant[837]  ; line 304
3741 LOAD_CONST           R51 constant[838]  ; line 304
3742 MOVE                 R52 <- R49  ; line 304
3743 MOVE                 R53 <- R50  ; line 304
3744 MOVE                 R54 <- R51  ; line 304
3745 CALL                 a=55 b=86 c=52 imm=3  ; line 304
3746 RETURN               R55  ; line 304
3747 JUMP                 -> 3748  ; line 304
3748 LOAD_CONST           R49 constant[839]  ; line 305
3749 COMPARE              a=41 b=49 c=50 imm=2  ; line 305
3750 JUMP_IF_FALSE        R50 -> 3760  ; line 305
3751 LOAD_CONST           R49 constant[840]  ; line 305
3752 LOAD_CONST           R50 constant[841]  ; line 305
3753 LOAD_CONST           R51 constant[842]  ; line 305
3754 MOVE                 R52 <- R49  ; line 305
3755 MOVE                 R53 <- R50  ; line 305
3756 MOVE                 R54 <- R51  ; line 305
3757 CALL                 a=55 b=86 c=52 imm=3  ; line 305
3758 RETURN               R55  ; line 305
3759 JUMP                 -> 3760  ; line 305
3760 LOAD_CONST           R49 constant[843]  ; line 306
3761 COMPARE              a=48 b=49 c=50 imm=2  ; line 306
3762 JUMP_IF_FALSE        R50 -> 3772  ; line 306
3763 LOAD_CONST           R49 constant[844]  ; line 306
3764 LOAD_CONST           R50 constant[845]  ; line 306
3765 LOAD_CONST           R51 constant[846]  ; line 306
3766 MOVE                 R52 <- R49  ; line 306
3767 MOVE                 R53 <- R50  ; line 306
3768 MOVE                 R54 <- R51  ; line 306
3769 CALL                 a=55 b=86 c=52 imm=3  ; line 306
3770 RETURN               R55  ; line 306
3771 JUMP                 -> 3772  ; line 306
3772 LOAD_CONST           R49 constant[847]  ; line 307
3773 MOVE                 R50 <- R49  ; line 307
3774 COMPARE              a=50 b=22 c=51 imm=2  ; line 308
3775 JUMP_IF_FALSE        R51 -> 3802  ; line 308
3776 MOVE                 R51 <- R14  ; line 309
3777 MOVE                 R52 <- R50  ; line 309
3778 HOST_CALL            a=53 b=11 c=51 imm=2  ; line 309
3779 LOAD_CONST           R54 constant[848]  ; line 309
3780 COMPARE              a=53 b=54 c=55 imm=1  ; line 309
3781 JUMP_IF_FALSE        R55 -> 3798  ; line 309
3782 MOVE                 R51 <- R14  ; line 310
3783 MOVE                 R52 <- R50  ; line 310
3784 HOST_CALL            a=53 b=11 c=51 imm=2  ; line 310
3785 LOAD_CONST           R54 constant[849]  ; line 310
3786 COMPARE              a=53 b=54 c=55 imm=1  ; line 310
3787 JUMP_IF_FALSE        R55 -> 3797  ; line 310
3788 LOAD_CONST           R51 constant[850]  ; line 310
3789 LOAD_CONST           R52 constant[851]  ; line 310
3790 LOAD_CONST           R53 constant[852]  ; line 310
3791 MOVE                 R54 <- R51  ; line 310
3792 MOVE                 R55 <- R52  ; line 310
3793 MOVE                 R56 <- R53  ; line 310
3794 CALL                 a=57 b=86 c=54 imm=3  ; line 310
3795 RETURN               R57  ; line 310
3796 JUMP                 -> 3797  ; line 310
3797 JUMP                 -> 3798  ; line 310
3798 LOAD_CONST           R51 constant[853]  ; line 312
3799 BINARY               a=50 b=51 c=52 imm=0  ; line 312
3800 MOVE                 R50 <- R52  ; line 312
3801 JUMP                 -> 3774  ; line 312
3802 MOVE                 R51 <- R27  ; line 315
3803 CALL                 a=52 b=96 c=51 imm=1  ; line 315
3804 MOVE                 R53 <- R52  ; line 315
3805 LOAD_CONST           R54 constant[854]  ; line 316
3806 MOVE                 R55 <- R54  ; line 316
3807 LOAD_CONST           R56 constant[855]  ; line 317
3808 MOVE                 R57 <- R56  ; line 317
3809 COMPARE              a=57 b=41 c=58 imm=2  ; line 318
3810 JUMP_IF_FALSE        R58 -> 3911  ; line 318
3811 MOVE                 R58 <- R27  ; line 319
3812 CALL                 a=59 b=96 c=58 imm=1  ; line 319
3813 MOVE                 R60 <- R59  ; line 319
3814 LOAD_CONST           R61 constant[856]  ; line 320
3815 MOVE                 R62 <- R61  ; line 320
3816 LOAD_CONST           R63 constant[857]  ; line 321
3817 MOVE                 R50 <- R63  ; line 321
3818 COMPARE              a=50 b=22 c=63 imm=2  ; line 322
3819 JUMP_IF_FALSE        R63 -> 3877  ; line 322
3820 MOVE                 R63 <- R55  ; line 323
3821 LOAD_CONST           R64 constant[858]  ; line 324
3822 MOVE                 R65 <- R64  ; line 324
3823 COMPARE              a=65 b=27 c=66 imm=2  ; line 325
3824 JUMP_IF_FALSE        R66 -> 3841  ; line 325
3825 MOVE                 R66 <- R53  ; line 326
3826 MOVE                 R67 <- R65  ; line 326
3827 HOST_CALL            a=68 b=11 c=66 imm=2  ; line 326
3828 MOVE                 R69 <- R50  ; line 326
3829 MOVE                 R70 <- R65  ; line 326
3830 ARRAY_NEW            a=71 b=69 c=2 imm=4294967295  ; line 326
3831 MOVE                 R72 <- R9  ; line 326
3832 MOVE                 R73 <- R71  ; line 326
3833 HOST_CALL            a=74 b=11 c=72 imm=2  ; line 326
3834 BINARY               a=68 b=74 c=75 imm=2  ; line 326
3835 BINARY               a=63 b=75 c=76 imm=0  ; line 326
3836 MOVE                 R63 <- R76  ; line 326
3837 LOAD_CONST           R66 constant[859]  ; line 327
3838 BINARY               a=65 b=66 c=67 imm=0  ; line 327
3839 MOVE                 R65 <- R67  ; line 327
3840 JUMP                 -> 3823  ; line 327
3841 MOVE                 R66 <- R63  ; line 329
3842 CALL                 a=67 b=92 c=66 imm=1  ; line 329
3843 MOVE                 R68 <- R14  ; line 329
3844 MOVE                 R69 <- R50  ; line 329
3845 HOST_CALL            a=70 b=11 c=68 imm=2  ; line 329
3846 BINARY               a=67 b=70 c=71 imm=1  ; line 329
3847 MOVE                 R72 <- R71  ; line 329
3848 LOAD_CONST           R73 constant[860]  ; line 330
3849 MOVE                 R65 <- R73  ; line 330
3850 COMPARE              a=65 b=27 c=73 imm=2  ; line 331
3851 JUMP_IF_FALSE        R73 -> 3871  ; line 331
3852 MOVE                 R73 <- R60  ; line 332
3853 MOVE                 R74 <- R65  ; line 332
3854 HOST_CALL            a=75 b=11 c=73 imm=2  ; line 332
3855 MOVE                 R76 <- R50  ; line 332
3856 MOVE                 R77 <- R65  ; line 332
3857 ARRAY_NEW            a=78 b=76 c=2 imm=4294967295  ; line 332
3858 MOVE                 R79 <- R9  ; line 332
3859 MOVE                 R80 <- R78  ; line 332
3860 HOST_CALL            a=81 b=11 c=79 imm=2  ; line 332
3861 BINARY               a=72 b=81 c=82 imm=2  ; line 332
3862 BINARY               a=75 b=82 c=83 imm=0  ; line 332
3863 MOVE                 R84 <- R60  ; line 332
3864 MOVE                 R85 <- R65  ; line 332
3865 MOVE                 R86 <- R83  ; line 332
3866 HOST_CALL            a=87 b=12 c=84 imm=3  ; line 332
3867 LOAD_CONST           R73 constant[861]  ; line 333
3868 BINARY               a=65 b=73 c=74 imm=0  ; line 333
3869 MOVE                 R65 <- R74  ; line 333
3870 JUMP                 -> 3850  ; line 333
3871 BINARY               a=62 b=72 c=73 imm=0  ; line 335
3872 MOVE                 R62 <- R73  ; line 335
3873 LOAD_CONST           R73 constant[862]  ; line 336
3874 BINARY               a=50 b=73 c=74 imm=0  ; line 336
3875 MOVE                 R50 <- R74  ; line 336
3876 JUMP                 -> 3818  ; line 336
3877 LOAD_CONST           R73 constant[863]  ; line 338
3878 MOVE                 R74 <- R73  ; line 338
3879 COMPARE              a=74 b=27 c=75 imm=2  ; line 339
3880 JUMP_IF_FALSE        R75 -> 3903  ; line 339
3881 MOVE                 R75 <- R53  ; line 340
3882 MOVE                 R76 <- R74  ; line 340
3883 HOST_CALL            a=77 b=11 c=75 imm=2  ; line 340
3884 MOVE                 R78 <- R60  ; line 340
3885 MOVE                 R79 <- R74  ; line 340
3886 HOST_CALL            a=80 b=11 c=78 imm=2  ; line 340
3887 BINARY               a=80 b=22 c=81 imm=3  ; line 340
3888 MOVE                 R82 <- R53  ; line 340
3889 MOVE                 R83 <- R74  ; line 340
3890 HOST_CALL            a=84 b=11 c=82 imm=2  ; line 340
3891 BINARY               a=48 b=84 c=85 imm=2  ; line 340
3892 BINARY               a=81 b=85 c=86 imm=0  ; line 340
3893 BINARY               a=34 b=86 c=87 imm=2  ; line 340
3894 BINARY               a=77 b=87 c=88 imm=1  ; line 340
3895 MOVE                 R89 <- R53  ; line 340
3896 MOVE                 R90 <- R74  ; line 340
3897 MOVE                 R91 <- R88  ; line 340
3898 HOST_CALL            a=92 b=12 c=89 imm=3  ; line 340
3899 LOAD_CONST           R75 constant[864]  ; line 342
3900 BINARY               a=74 b=75 c=76 imm=0  ; line 342
3901 MOVE                 R74 <- R76  ; line 342
3902 JUMP                 -> 3879  ; line 342
3903 BINARY               a=34 b=62 c=75 imm=2  ; line 344
3904 BINARY               a=75 b=22 c=76 imm=3  ; line 344
3905 BINARY               a=55 b=76 c=77 imm=1  ; line 344
3906 MOVE                 R55 <- R77  ; line 344
3907 LOAD_CONST           R75 constant[865]  ; line 345
3908 BINARY               a=57 b=75 c=76 imm=0  ; line 345
3909 MOVE                 R57 <- R76  ; line 345
3910 JUMP                 -> 3809  ; line 345
3911 MOVE                 R75 <- R9  ; line 348
3912 MOVE                 R76 <- R53  ; line 348
3913 MOVE                 R77 <- R55  ; line 348
3914 CALL                 a=78 b=98 c=75 imm=3  ; line 348
3915 MOVE                 R79 <- R78  ; line 348
3916 LOAD_CONST           R80 constant[866]  ; line 349
3917 MOVE                 R81 <- R80  ; line 349
3918 HOST_CALL            a=82 b=22 c=81 imm=1  ; line 349
3919 MOVE                 R83 <- R82  ; line 349
3920 LOAD_CONST           R84 constant[867]  ; line 350
3921 MOVE                 R85 <- R84  ; line 350
3922 HOST_CALL            a=86 b=22 c=85 imm=1  ; line 350
3923 MOVE                 R87 <- R86  ; line 350
3924 LOAD_CONST           R88 constant[868]  ; line 351
3925 MOVE                 R89 <- R88  ; line 351
3926 LOAD_CONST           R90 constant[869]  ; line 352
3927 MOVE                 R50 <- R90  ; line 352
3928 COMPARE              a=50 b=22 c=90 imm=2  ; line 353
3929 JUMP_IF_FALSE        R90 -> 3966  ; line 353
3930 MOVE                 R90 <- R79  ; line 354
3931 MOVE                 R91 <- R50  ; line 354
3932 HOST_CALL            a=92 b=11 c=90 imm=2  ; line 354
3933 MOVE                 R93 <- R92  ; line 354
3934 CALL                 a=94 b=92 c=93 imm=1  ; line 354
3935 MOVE                 R95 <- R94  ; line 354
3936 MOVE                 R96 <- R83  ; line 355
3937 MOVE                 R97 <- R95  ; line 355
3938 HOST_CALL            a=98 b=23 c=96 imm=2  ; line 355
3939 LOAD_CONST           R96 constant[870]  ; line 356
3940 BINARY               a=96 b=95 c=97 imm=1  ; line 356
3941 BINARY               a=95 b=97 c=98 imm=2  ; line 356
3942 MOVE                 R99 <- R87  ; line 356
3943 MOVE                 R100 <- R98  ; line 356
3944 HOST_CALL            a=101 b=23 c=99 imm=2  ; line 356
3945 LOAD_CONST           R96 constant[871]  ; line 357
3946 MOVE                 R97 <- R96  ; line 357
3947 LOAD_CONST           R98 constant[872]  ; line 358
3948 COMPARE              a=95 b=98 c=99 imm=5  ; line 358
3949 JUMP_IF_FALSE        R99 -> 3953  ; line 358
3950 LOAD_CONST           R98 constant[873]  ; line 358
3951 MOVE                 R97 <- R98  ; line 358
3952 JUMP                 -> 3953  ; line 358
3953 MOVE                 R98 <- R14  ; line 359
3954 MOVE                 R99 <- R50  ; line 359
3955 HOST_CALL            a=100 b=11 c=98 imm=2  ; line 359
3956 COMPARE              a=97 b=100 c=101 imm=1  ; line 359
3957 JUMP_IF_FALSE        R101 -> 3962  ; line 359
3958 LOAD_CONST           R98 constant[874]  ; line 359
3959 BINARY               a=89 b=98 c=99 imm=0  ; line 359
3960 MOVE                 R89 <- R99  ; line 359
3961 JUMP                 -> 3962  ; line 359
3962 LOAD_CONST           R98 constant[875]  ; line 360
3963 BINARY               a=50 b=98 c=99 imm=0  ; line 360
3964 MOVE                 R50 <- R99  ; line 360
3965 JUMP                 -> 3928  ; line 360
3966 MOVE                 R98 <- R83  ; line 362
3967 HOST_CALL            a=99 b=72 c=98 imm=1  ; line 362
3968 MOVE                 R100 <- R99  ; line 362
3969 MOVE                 R101 <- R87  ; line 363
3970 HOST_CALL            a=102 b=72 c=101 imm=1  ; line 363
3971 MOVE                 R103 <- R102  ; line 363
3972 LOAD_CONST           R104 constant[876]  ; line 364
3973 LOAD_CONST           R105 constant[877]  ; line 364
3974 LOAD_CONST           R106 constant[878]  ; line 364
3975 LOAD_CONST           R107 constant[879]  ; line 364
3976 LOAD_CONST           R108 constant[880]  ; line 364
3977 LOAD_CONST           R109 constant[881]  ; line 364
3978 LOAD_CONST           R110 constant[882]  ; line 364
3979 LOAD_CONST           R111 constant[883]  ; line 364
3980 MOVE                 R112 <- R53  ; line 364
3981 HOST_CALL            a=113 b=72 c=112 imm=1  ; line 364
3982 LOAD_CONST           R114 constant[884]  ; line 364
3983 MOVE                 R115 <- R111  ; line 364
3984 MOVE                 R116 <- R113  ; line 364
3985 MOVE                 R117 <- R114  ; line 364
3986 MOVE                 R118 <- R55  ; line 364
3987 HOST_CALL            a=119 b=6 c=115 imm=4  ; line 364
3988 LOAD_CONST           R120 constant[885]  ; line 364
3989 LOAD_CONST           R121 constant[886]  ; line 364
3990 LOAD_CONST           R122 constant[887]  ; line 364
3991 MOVE                 R123 <- R121  ; line 364
3992 MOVE                 R124 <- R122  ; line 364
3993 HOST_CALL            a=125 b=6 c=123 imm=2  ; line 364
3994 LOAD_CONST           R126 constant[888]  ; line 364
3995 LOAD_CONST           R127 constant[889]  ; line 364
3996 LOAD_CONST           R128 constant[890]  ; line 364
3997 MOVE                 R129 <- R127  ; line 364
3998 MOVE                 R130 <- R128  ; line 364
3999 ARRAY_NEW            a=131 b=129 c=2 imm=4294967295  ; line 364
4000 LOAD_CONST           R132 constant[891]  ; line 364
4001 LOAD_CONST           R133 constant[892]  ; line 364
4002 LOAD_CONST           R134 constant[893]  ; line 364
4003 LOAD_CONST           R135 constant[894]  ; line 364
4004 MOVE                 R136 <- R133  ; line 364
4005 MOVE                 R137 <- R41  ; line 364
4006 MOVE                 R138 <- R134  ; line 364
4007 MOVE                 R139 <- R34  ; line 364
4008 MOVE                 R140 <- R135  ; line 364
4009 MOVE                 R141 <- R48  ; line 364
4010 HOST_CALL            a=142 b=6 c=136 imm=6  ; line 364
4011 LOAD_CONST           R143 constant[895]  ; line 364
4012 LOAD_CONST           R144 constant[896]  ; line 364
4013 LOAD_CONST           R145 constant[897]  ; line 364
4014 MOVE                 R146 <- R9  ; line 364
4015 HOST_CALL            a=147 b=60 c=146 imm=1  ; line 364
4016 LOAD_CONST           R148 constant[898]  ; line 364
4017 LOAD_CONST           R149 constant[899]  ; line 364
4018 MOVE                 R150 <- R104  ; line 364
4019 MOVE                 R151 <- R105  ; line 364
4020 MOVE                 R152 <- R106  ; line 364
4021 MOVE                 R153 <- R107  ; line 364
4022 MOVE                 R154 <- R108  ; line 364
4023 MOVE                 R155 <- R109  ; line 364
4024 MOVE                 R156 <- R110  ; line 364
4025 MOVE                 R157 <- R119  ; line 364
4026 MOVE                 R158 <- R120  ; line 364
4027 MOVE                 R159 <- R125  ; line 364
4028 MOVE                 R160 <- R126  ; line 364
4029 MOVE                 R161 <- R131  ; line 364
4030 MOVE                 R162 <- R132  ; line 364
4031 MOVE                 R163 <- R142  ; line 364
4032 MOVE                 R164 <- R143  ; line 364
4033 MOVE                 R165 <- R144  ; line 364
4034 MOVE                 R166 <- R145  ; line 364
4035 MOVE                 R167 <- R147  ; line 364
4036 MOVE                 R168 <- R148  ; line 364
4037 MOVE                 R169 <- R149  ; line 364
4038 HOST_CALL            a=170 b=6 c=150 imm=20  ; line 364
4039 MOVE                 R171 <- R170  ; line 364
4040 LOAD_CONST           R172 constant[900]  ; line 376
4041 BINARY               a=89 b=22 c=173 imm=3  ; line 376
4042 LOAD_CONST           R174 constant[901]  ; line 376
4043 MOVE                 R175 <- R172  ; line 376
4044 MOVE                 R176 <- R173  ; line 376
4045 MOVE                 R177 <- R174  ; line 376
4046 MOVE                 R178 <- R22  ; line 376
4047 HOST_CALL            a=179 b=6 c=175 imm=4  ; line 376
4048 LOAD_CONST           R180 constant[902]  ; line 376
4049 LOAD_CONST           R181 constant[903]  ; line 376
4050 LOAD_CONST           R182 constant[904]  ; line 376
4051 MOVE                 R183 <- R181  ; line 376
4052 MOVE                 R184 <- R182  ; line 376
4053 ARRAY_NEW            a=185 b=183 c=2 imm=4294967295  ; line 376
4054 MOVE                 R186 <- R171  ; line 376
4055 MOVE                 R187 <- R100  ; line 376
4056 MOVE                 R188 <- R103  ; line 376
4057 MOVE                 R189 <- R179  ; line 376
4058 MOVE                 R190 <- R180  ; line 376
4059 MOVE                 R191 <- R185  ; line 376
4060 CALL                 a=192 b=101 c=186 imm=6  ; line 376
4061 RETURN               R192  ; line 376
4062 LOAD_CONST           R193 constant[905]  ; line 376
4063 RETURN               R193  ; line 376
4064 MOVE                 R2 <- R0  ; line 382
4065 CALL                 a=3 b=97 c=2 imm=1  ; line 382
4066 MOVE                 R4 <- R3  ; line 382
4067 LOAD_CONST           R5 constant[906]  ; line 383
4068 COMPARE              a=4 b=5 c=6 imm=1  ; line 383
4069 JUMP_IF_FALSE        R6 -> 4078  ; line 383
4070 LOAD_CONST           R5 constant[907]  ; line 383
4071 LOAD_CONST           R6 constant[908]  ; line 383
4072 MOVE                 R7 <- R5  ; line 383
4073 MOVE                 R8 <- R4  ; line 383
4074 MOVE                 R9 <- R6  ; line 383
4075 CALL                 a=10 b=86 c=7 imm=3  ; line 383
4076 RETURN               R10  ; line 383
4077 JUMP                 -> 4078  ; line 383
4078 LOAD_CONST           R5 constant[909]  ; line 384
4079 MOVE                 R6 <- R0  ; line 384
4080 MOVE                 R7 <- R5  ; line 384
4081 HOST_CALL            a=8 b=11 c=6 imm=2  ; line 384
4082 MOVE                 R9 <- R8  ; line 384
4083 LOAD_CONST           R10 constant[910]  ; line 385
4084 MOVE                 R11 <- R0  ; line 385
4085 MOVE                 R12 <- R10  ; line 385
4086 HOST_CALL            a=13 b=11 c=11 imm=2  ; line 385
4087 MOVE                 R14 <- R13  ; line 385
4088 MOVE                 R15 <- R9  ; line 386
4089 HOST_CALL            a=16 b=61 c=15 imm=1  ; line 386
4090 LOAD_CONST           R17 constant[911]  ; line 386
4091 MOVE                 R18 <- R16  ; line 386
4092 MOVE                 R19 <- R17  ; line 386
4093 HOST_CALL            a=20 b=11 c=18 imm=2  ; line 386
4094 MOVE                 R21 <- R20  ; line 386
4095 MOVE                 R22 <- R9  ; line 387
4096 HOST_CALL            a=23 b=61 c=22 imm=1  ; line 387
4097 LOAD_CONST           R24 constant[912]  ; line 387
4098 MOVE                 R25 <- R23  ; line 387
4099 MOVE                 R26 <- R24  ; line 387
4100 HOST_CALL            a=27 b=11 c=25 imm=2  ; line 387
4101 MOVE                 R28 <- R27  ; line 387
4102 LOAD_CONST           R29 constant[913]  ; line 388
4103 LOAD_CONST           R30 constant[914]  ; line 388
4104 MOVE                 R31 <- R1  ; line 388
4105 MOVE                 R32 <- R29  ; line 388
4106 MOVE                 R33 <- R30  ; line 388
4107 CALL                 a=34 b=87 c=31 imm=3  ; line 388
4108 MOVE                 R35 <- R34  ; line 388
4109 LOAD_CONST           R36 constant[915]  ; line 389
4110 LOAD_CONST           R37 constant[916]  ; line 389
4111 MOVE                 R38 <- R1  ; line 389
4112 MOVE                 R39 <- R36  ; line 389
4113 MOVE                 R40 <- R37  ; line 389
4114 CALL                 a=41 b=87 c=38 imm=3  ; line 389
4115 MOVE                 R42 <- R41  ; line 389
4116 LOAD_CONST           R43 constant[917]  ; line 390
4117 LOAD_CONST           R44 constant[918]  ; line 390
4118 MOVE                 R45 <- R1  ; line 390
4119 MOVE                 R46 <- R43  ; line 390
4120 MOVE                 R47 <- R44  ; line 390
4121 CALL                 a=48 b=87 c=45 imm=3  ; line 390
4122 MOVE                 R49 <- R48  ; line 390
4123 LOAD_CONST           R50 constant[919]  ; line 391
4124 MOVE                 R51 <- R50  ; line 391
4125 COMPARE              a=51 b=21 c=52 imm=2  ; line 392
4126 JUMP_IF_FALSE        R52 -> 4153  ; line 392
4127 MOVE                 R52 <- R14  ; line 393
4128 MOVE                 R53 <- R51  ; line 393
4129 HOST_CALL            a=54 b=11 c=52 imm=2  ; line 393
4130 LOAD_CONST           R55 constant[920]  ; line 393
4131 COMPARE              a=54 b=55 c=56 imm=1  ; line 393
4132 JUMP_IF_FALSE        R56 -> 4149  ; line 393
4133 MOVE                 R52 <- R14  ; line 394
4134 MOVE                 R53 <- R51  ; line 394
4135 HOST_CALL            a=54 b=11 c=52 imm=2  ; line 394
4136 LOAD_CONST           R55 constant[921]  ; line 394
4137 COMPARE              a=54 b=55 c=56 imm=1  ; line 394
4138 JUMP_IF_FALSE        R56 -> 4148  ; line 394
4139 LOAD_CONST           R52 constant[922]  ; line 394
4140 LOAD_CONST           R53 constant[923]  ; line 394
4141 LOAD_CONST           R54 constant[924]  ; line 394
4142 MOVE                 R55 <- R52  ; line 394
4143 MOVE                 R56 <- R53  ; line 394
4144 MOVE                 R57 <- R54  ; line 394
4145 CALL                 a=58 b=86 c=55 imm=3  ; line 394
4146 RETURN               R58  ; line 394
4147 JUMP                 -> 4148  ; line 394
4148 JUMP                 -> 4149  ; line 394
4149 LOAD_CONST           R52 constant[925]  ; line 396
4150 BINARY               a=51 b=52 c=53 imm=0  ; line 396
4151 MOVE                 R51 <- R53  ; line 396
4152 JUMP                 -> 4125  ; line 396
4153 LOAD_CONST           R52 constant[926]  ; line 398
4154 MOVE                 R53 <- R1  ; line 398
4155 MOVE                 R54 <- R52  ; line 398
4156 HOST_CALL            a=55 b=11 c=53 imm=2  ; line 398
4157 MOVE                 R56 <- R55  ; line 398
4158 MOVE                 R57 <- R28  ; line 399
4159 CALL                 a=58 b=96 c=57 imm=1  ; line 399
4160 MOVE                 R59 <- R58  ; line 399
4161 HOST_CALL            a=60 b=72 c=59 imm=1  ; line 399
4162 MOVE                 R61 <- R9  ; line 399
4163 HOST_CALL            a=62 b=60 c=61 imm=1  ; line 399
4164 MOVE                 R63 <- R60  ; line 399
4165 MOVE                 R64 <- R62  ; line 399
4166 MOVE                 R65 <- R56  ; line 399
4167 CALL                 a=66 b=152 c=63 imm=3  ; line 399
4168 MOVE                 R67 <- R66  ; line 399
4169 MOVE                 R68 <- R9  ; line 400
4170 HOST_CALL            a=69 b=184 c=68 imm=1  ; line 400
4171 MOVE                 R70 <- R69  ; line 400
4172 HOST_CALL            a=71 b=168 c=70 imm=1  ; line 400
4173 MOVE                 R72 <- R9  ; line 400
4174 HOST_CALL            a=73 b=60 c=72 imm=1  ; line 400
4175 MOVE                 R74 <- R71  ; line 400
4176 MOVE                 R75 <- R73  ; line 400
4177 MOVE                 R76 <- R56  ; line 400
4178 CALL                 a=77 b=152 c=74 imm=3  ; line 400
4179 MOVE                 R78 <- R77  ; line 400
4180 LOAD_CONST           R79 constant[927]  ; line 401
4181 MOVE                 R80 <- R79  ; line 401
4182 LOAD_CONST           R81 constant[928]  ; line 402
4183 MOVE                 R82 <- R81  ; line 402
4184 COMPARE              a=82 b=42 c=83 imm=2  ; line 403
4185 JUMP_IF_FALSE        R83 -> 4219  ; line 403
4186 MOVE                 R83 <- R9  ; line 404
4187 MOVE                 R84 <- R67  ; line 404
4188 HOST_CALL            a=85 b=67 c=83 imm=2  ; line 404
4189 BINARY               a=85 b=80 c=86 imm=0  ; line 404
4190 MOVE                 R87 <- R86  ; line 404
4191 MOVE                 R88 <- R87  ; line 405
4192 HOST_CALL            a=89 b=169 c=88 imm=1  ; line 405
4193 MOVE                 R90 <- R89  ; line 405
4194 LOAD_CONST           R91 constant[929]  ; line 406
4195 BINARY               a=90 b=91 c=92 imm=0  ; line 406
4196 BINARY               a=90 b=92 c=93 imm=3  ; line 406
4197 MOVE                 R94 <- R93  ; line 406
4198 BINARY               a=94 b=14 c=95 imm=1  ; line 407
4199 MOVE                 R96 <- R95  ; line 407
4200 MOVE                 R97 <- R78  ; line 408
4201 MOVE                 R98 <- R96  ; line 408
4202 HOST_CALL            a=99 b=67 c=97 imm=2  ; line 408
4203 BINARY               a=99 b=21 c=100 imm=3  ; line 408
4204 BINARY               a=67 b=49 c=101 imm=2  ; line 408
4205 BINARY               a=100 b=101 c=102 imm=0  ; line 408
4206 MOVE                 R103 <- R102  ; line 408
4207 BINARY               a=103 b=35 c=104 imm=2  ; line 409
4208 BINARY               a=67 b=104 c=105 imm=1  ; line 409
4209 MOVE                 R67 <- R105  ; line 409
4210 MOVE                 R104 <- R96  ; line 410
4211 HOST_CALL            a=105 b=69 c=104 imm=1  ; line 410
4212 BINARY               a=35 b=105 c=106 imm=2  ; line 410
4213 BINARY               a=80 b=106 c=107 imm=1  ; line 410
4214 MOVE                 R80 <- R107  ; line 410
4215 LOAD_CONST           R104 constant[930]  ; line 411
4216 BINARY               a=82 b=104 c=105 imm=0  ; line 411
4217 MOVE                 R82 <- R105  ; line 411
4218 JUMP                 -> 4184  ; line 411
4219 MOVE                 R104 <- R9  ; line 413
4220 MOVE                 R105 <- R67  ; line 413
4221 HOST_CALL            a=106 b=67 c=104 imm=2  ; line 413
4222 BINARY               a=106 b=80 c=107 imm=0  ; line 413
4223 MOVE                 R108 <- R107  ; line 413
4224 MOVE                 R109 <- R108  ; line 414
4225 HOST_CALL            a=110 b=169 c=109 imm=1  ; line 414
4226 MOVE                 R111 <- R110  ; line 414
4227 LOAD_CONST           R112 constant[931]  ; line 415
4228 BINARY               a=111 b=112 c=113 imm=0  ; line 415
4229 BINARY               a=111 b=113 c=114 imm=3  ; line 415
4230 MOVE                 R115 <- R114  ; line 415
4231 LOAD_CONST           R116 constant[932]  ; line 416
4232 UNARY                a=116 b=117 c=4294967295 imm=0  ; line 416
4233 BINARY               a=115 b=117 c=118 imm=2  ; line 416
4234 LOAD_CONST           R119 constant[933]  ; line 416
4235 BINARY               a=118 b=119 c=120 imm=0  ; line 416
4236 BINARY               a=115 b=120 c=121 imm=2  ; line 416
4237 MOVE                 R122 <- R121  ; line 416
4238 MOVE                 R123 <- R115  ; line 417
4239 HOST_CALL            a=124 b=184 c=123 imm=1  ; line 417
4240 MOVE                 R125 <- R124  ; line 417
4241 MOVE                 R126 <- R122  ; line 418
4242 HOST_CALL            a=127 b=184 c=126 imm=1  ; line 418
4243 MOVE                 R128 <- R127  ; line 418
4244 LOAD_CONST           R129 constant[934]  ; line 419
4245 LOAD_CONST           R130 constant[935]  ; line 419
4246 LOAD_CONST           R131 constant[936]  ; line 419
4247 LOAD_CONST           R132 constant[937]  ; line 419
4248 LOAD_CONST           R133 constant[938]  ; line 419
4249 LOAD_CONST           R134 constant[939]  ; line 419
4250 LOAD_CONST           R135 constant[940]  ; line 419
4251 LOAD_CONST           R136 constant[941]  ; line 419
4252 LOAD_CONST           R137 constant[942]  ; line 419
4253 MOVE                 R138 <- R136  ; line 419
4254 MOVE                 R139 <- R67  ; line 419
4255 MOVE                 R140 <- R137  ; line 419
4256 MOVE                 R141 <- R80  ; line 419
4257 HOST_CALL            a=142 b=6 c=138 imm=4  ; line 419
4258 LOAD_CONST           R143 constant[943]  ; line 419
4259 LOAD_CONST           R144 constant[944]  ; line 419
4260 LOAD_CONST           R145 constant[945]  ; line 419
4261 MOVE                 R146 <- R144  ; line 419
4262 MOVE                 R147 <- R145  ; line 419
4263 HOST_CALL            a=148 b=6 c=146 imm=2  ; line 419
4264 LOAD_CONST           R149 constant[946]  ; line 419
4265 LOAD_CONST           R150 constant[947]  ; line 419
4266 LOAD_CONST           R151 constant[948]  ; line 419
4267 MOVE                 R152 <- R150  ; line 419
4268 MOVE                 R153 <- R151  ; line 419
4269 ARRAY_NEW            a=154 b=152 c=2 imm=4294967295  ; line 419
4270 LOAD_CONST           R155 constant[949]  ; line 419
4271 LOAD_CONST           R156 constant[950]  ; line 419
4272 LOAD_CONST           R157 constant[951]  ; line 419
4273 LOAD_CONST           R158 constant[952]  ; line 419
4274 MOVE                 R159 <- R156  ; line 419
4275 MOVE                 R160 <- R42  ; line 419
4276 MOVE                 R161 <- R157  ; line 419
4277 MOVE                 R162 <- R35  ; line 419
4278 MOVE                 R163 <- R158  ; line 419
4279 MOVE                 R164 <- R49  ; line 419
4280 HOST_CALL            a=165 b=6 c=159 imm=6  ; line 419
4281 LOAD_CONST           R166 constant[953]  ; line 419
4282 LOAD_CONST           R167 constant[954]  ; line 419
4283 LOAD_CONST           R168 constant[955]  ; line 419
4284 MOVE                 R169 <- R9  ; line 419
4285 HOST_CALL            a=170 b=60 c=169 imm=1  ; line 419
4286 LOAD_CONST           R171 constant[956]  ; line 419
4287 LOAD_CONST           R172 constant[957]  ; line 419
4288 MOVE                 R173 <- R129  ; line 419
4289 MOVE                 R174 <- R130  ; line 419
4290 MOVE                 R175 <- R131  ; line 419
4291 MOVE                 R176 <- R132  ; line 419
4292 MOVE                 R177 <- R133  ; line 419
4293 MOVE                 R178 <- R134  ; line 419
4294 MOVE                 R179 <- R135  ; line 419
4295 MOVE                 R180 <- R142  ; line 419
4296 MOVE                 R181 <- R143  ; line 419
4297 MOVE                 R182 <- R148  ; line 419
4298 MOVE                 R183 <- R149  ; line 419
4299 MOVE                 R184 <- R154  ; line 419
4300 MOVE                 R185 <- R155  ; line 419
4301 MOVE                 R186 <- R165  ; line 419
4302 MOVE                 R187 <- R166  ; line 419
4303 MOVE                 R188 <- R167  ; line 419
4304 MOVE                 R189 <- R168  ; line 419
4305 MOVE                 R190 <- R170  ; line 419
4306 MOVE                 R191 <- R171  ; line 419
4307 MOVE                 R192 <- R172  ; line 419
4308 HOST_CALL            a=193 b=6 c=173 imm=20  ; line 419
4309 MOVE                 R194 <- R193  ; line 419
4310 LOAD_CONST           R195 constant[958]  ; line 426
4311 MOVE                 R196 <- R195  ; line 426
4312 MOVE                 R197 <- R21  ; line 426
4313 HOST_CALL            a=198 b=6 c=196 imm=2  ; line 426
4314 LOAD_CONST           R199 constant[959]  ; line 426
4315 LOAD_CONST           R200 constant[960]  ; line 426
4316 LOAD_CONST           R201 constant[961]  ; line 426
4317 MOVE                 R202 <- R200  ; line 426
4318 MOVE                 R203 <- R201  ; line 426
4319 ARRAY_NEW            a=204 b=202 c=2 imm=4294967295  ; line 426
4320 MOVE                 R205 <- R194  ; line 426
4321 MOVE                 R206 <- R125  ; line 426
4322 MOVE                 R207 <- R128  ; line 426
4323 MOVE                 R208 <- R198  ; line 426
4324 MOVE                 R209 <- R199  ; line 426
4325 MOVE                 R210 <- R204  ; line 426
4326 CALL                 a=211 b=101 c=205 imm=6  ; line 426
4327 RETURN               R211  ; line 426
4328 LOAD_CONST           R212 constant[962]  ; line 426
4329 RETURN               R212  ; line 426
4330 MOVE                 R2 <- R0  ; line 431
4331 CALL                 a=3 b=97 c=2 imm=1  ; line 431
4332 MOVE                 R4 <- R3  ; line 431
4333 LOAD_CONST           R5 constant[963]  ; line 432
4334 COMPARE              a=4 b=5 c=6 imm=1  ; line 432
4335 JUMP_IF_FALSE        R6 -> 4344  ; line 432
4336 LOAD_CONST           R5 constant[964]  ; line 432
4337 LOAD_CONST           R6 constant[965]  ; line 432
4338 MOVE                 R7 <- R5  ; line 432
4339 MOVE                 R8 <- R4  ; line 432
4340 MOVE                 R9 <- R6  ; line 432
4341 CALL                 a=10 b=86 c=7 imm=3  ; line 432
4342 RETURN               R10  ; line 432
4343 JUMP                 -> 4344  ; line 432
4344 LOAD_CONST           R5 constant[966]  ; line 433
4345 LOAD_CONST           R6 constant[967]  ; line 433
4346 MOVE                 R7 <- R1  ; line 433
4347 MOVE                 R8 <- R5  ; line 433
4348 MOVE                 R9 <- R6  ; line 433
4349 CALL                 a=10 b=87 c=7 imm=3  ; line 433
4350 MOVE                 R11 <- R10  ; line 433
4351 LOAD_CONST           R12 constant[968]  ; line 434
4352 COMPARE              a=11 b=12 c=13 imm=2  ; line 434
4353 JUMP_IF_FALSE        R13 -> 4363  ; line 434
4354 LOAD_CONST           R12 constant[969]  ; line 434
4355 LOAD_CONST           R13 constant[970]  ; line 434
4356 LOAD_CONST           R14 constant[971]  ; line 434
4357 MOVE                 R15 <- R12  ; line 434
4358 MOVE                 R16 <- R13  ; line 434
4359 MOVE                 R17 <- R14  ; line 434
4360 CALL                 a=18 b=86 c=15 imm=3  ; line 434
4361 RETURN               R18  ; line 434
4362 JUMP                 -> 4363  ; line 434
4363 LOAD_CONST           R12 constant[972]  ; line 435
4364 MOVE                 R13 <- R0  ; line 435
4365 MOVE                 R14 <- R12  ; line 435
4366 HOST_CALL            a=15 b=11 c=13 imm=2  ; line 435
4367 MOVE                 R16 <- R15  ; line 435
4368 LOAD_CONST           R17 constant[973]  ; line 436
4369 MOVE                 R18 <- R0  ; line 436
4370 MOVE                 R19 <- R17  ; line 436
4371 HOST_CALL            a=20 b=11 c=18 imm=2  ; line 436
4372 MOVE                 R21 <- R20  ; line 436
4373 MOVE                 R22 <- R16  ; line 437
4374 HOST_CALL            a=23 b=61 c=22 imm=1  ; line 437
4375 LOAD_CONST           R24 constant[974]  ; line 437
4376 MOVE                 R25 <- R23  ; line 437
4377 MOVE                 R26 <- R24  ; line 437
4378 HOST_CALL            a=27 b=11 c=25 imm=2  ; line 437
4379 MOVE                 R28 <- R27  ; line 437
4380 MOVE                 R29 <- R16  ; line 438
4381 HOST_CALL            a=30 b=61 c=29 imm=1  ; line 438
4382 LOAD_CONST           R31 constant[975]  ; line 438
4383 MOVE                 R32 <- R30  ; line 438
4384 MOVE                 R33 <- R31  ; line 438
4385 HOST_CALL            a=34 b=11 c=32 imm=2  ; line 438
4386 MOVE                 R35 <- R34  ; line 438
4387 LOAD_CONST           R36 constant[976]  ; line 439
4388 MOVE                 R37 <- R36  ; line 439
4389 HOST_CALL            a=38 b=22 c=37 imm=1  ; line 439
4390 MOVE                 R39 <- R38  ; line 439
4391 LOAD_CONST           R40 constant[977]  ; line 440
4392 MOVE                 R41 <- R40  ; line 440
4393 COMPARE              a=41 b=11 c=42 imm=2  ; line 441
4394 JUMP_IF_FALSE        R42 -> 4526  ; line 441
4395 LOAD_CONST           R42 constant[978]  ; line 442
4396 MOVE                 R43 <- R42  ; line 442
4397 HOST_CALL            a=44 b=22 c=43 imm=1  ; line 442
4398 MOVE                 R45 <- R44  ; line 442
4399 LOAD_CONST           R46 constant[979]  ; line 443
4400 MOVE                 R47 <- R46  ; line 443
4401 COMPARE              a=47 b=28 c=48 imm=2  ; line 444
4402 JUMP_IF_FALSE        R48 -> 4449  ; line 444
4403 MOVE                 R48 <- R21  ; line 445
4404 MOVE                 R49 <- R47  ; line 445
4405 HOST_CALL            a=50 b=11 c=48 imm=2  ; line 445
4406 LOAD_CONST           R51 constant[980]  ; line 445
4407 COMPARE              a=50 b=51 c=52 imm=2  ; line 445
4408 JUMP_IF_FALSE        R52 -> 4418  ; line 445
4409 LOAD_CONST           R48 constant[981]  ; line 445
4410 LOAD_CONST           R49 constant[982]  ; line 445
4411 LOAD_CONST           R50 constant[983]  ; line 445
4412 MOVE                 R51 <- R48  ; line 445
4413 MOVE                 R52 <- R49  ; line 445
4414 MOVE                 R53 <- R50  ; line 445
4415 CALL                 a=54 b=86 c=51 imm=3  ; line 445
4416 RETURN               R54  ; line 445
4417 JUMP                 -> 4418  ; line 445
4418 MOVE                 R48 <- R21  ; line 446
4419 MOVE                 R49 <- R47  ; line 446
4420 HOST_CALL            a=50 b=11 c=48 imm=2  ; line 446
4421 COMPARE              a=50 b=11 c=51 imm=5  ; line 446
4422 JUMP_IF_FALSE        R51 -> 4432  ; line 446
4423 LOAD_CONST           R48 constant[984]  ; line 446
4424 LOAD_CONST           R49 constant[985]  ; line 446
4425 LOAD_CONST           R50 constant[986]  ; line 446
4426 MOVE                 R51 <- R48  ; line 446
4427 MOVE                 R52 <- R49  ; line 446
4428 MOVE                 R53 <- R50  ; line 446
4429 CALL                 a=54 b=86 c=51 imm=3  ; line 446
4430 RETURN               R54  ; line 446
4431 JUMP                 -> 4432  ; line 446
4432 LOAD_CONST           R48 constant[987]  ; line 447
4433 MOVE                 R49 <- R48  ; line 447
4434 MOVE                 R50 <- R21  ; line 448
4435 MOVE                 R51 <- R47  ; line 448
4436 HOST_CALL            a=52 b=11 c=50 imm=2  ; line 448
4437 COMPARE              a=52 b=41 c=53 imm=0  ; line 448
4438 JUMP_IF_FALSE        R53 -> 4442  ; line 448
4439 LOAD_CONST           R50 constant[988]  ; line 448
4440 MOVE                 R49 <- R50  ; line 448
4441 JUMP                 -> 4442  ; line 448
4442 MOVE                 R50 <- R45  ; line 449
4443 MOVE                 R51 <- R49  ; line 449
4444 HOST_CALL            a=52 b=23 c=50 imm=2  ; line 449
4445 LOAD_CONST           R50 constant[989]  ; line 450
4446 BINARY               a=47 b=50 c=51 imm=0  ; line 450
4447 MOVE                 R47 <- R51  ; line 450
4448 JUMP                 -> 4401  ; line 450
4449 MOVE                 R50 <- R45  ; line 452
4450 HOST_CALL            a=51 b=72 c=50 imm=1  ; line 452
4451 MOVE                 R52 <- R51  ; line 452
4452 MOVE                 R53 <- R16  ; line 453
4453 HOST_CALL            a=54 b=182 c=53 imm=1  ; line 453
4454 LOAD_CONST           R55 constant[990]  ; line 453
4455 COMPARE              a=54 b=55 c=56 imm=0  ; line 453
4456 JUMP_IF_FALSE        R56 -> 4469  ; line 453
4457 MOVE                 R53 <- R16  ; line 454
4458 HOST_CALL            a=54 b=60 c=53 imm=1  ; line 454
4459 LOAD_CONST           R55 constant[991]  ; line 454
4460 MOVE                 R56 <- R1  ; line 454
4461 MOVE                 R57 <- R55  ; line 454
4462 HOST_CALL            a=58 b=11 c=56 imm=2  ; line 454
4463 MOVE                 R59 <- R52  ; line 454
4464 MOVE                 R60 <- R54  ; line 454
4465 MOVE                 R61 <- R58  ; line 454
4466 CALL                 a=62 b=152 c=59 imm=3  ; line 454
4467 MOVE                 R52 <- R62  ; line 454
4468 JUMP                 -> 4469  ; line 454
4469 LOAD_CONST           R53 constant[992]  ; line 456
4470 MOVE                 R54 <- R53  ; line 456
4471 MOVE                 R55 <- R16  ; line 457
4472 HOST_CALL            a=56 b=182 c=55 imm=1  ; line 457
4473 LOAD_CONST           R57 constant[993]  ; line 457
4474 COMPARE              a=56 b=57 c=58 imm=0  ; line 457
4475 JUMP_IF_FALSE        R58 -> 4488  ; line 457
4476 LOAD_CONST           R55 constant[994]  ; line 458
4477 LOAD_CONST           R56 constant[995]  ; line 458
4478 MOVE                 R57 <- R55  ; line 458
4479 MOVE                 R58 <- R16  ; line 458
4480 MOVE                 R59 <- R56  ; line 458
4481 MOVE                 R60 <- R52  ; line 458
4482 HOST_CALL            a=61 b=6 c=57 imm=4  ; line 458
4483 MOVE                 R62 <- R61  ; line 458
4484 MOVE                 R63 <- R1  ; line 458
4485 CALL                 a=64 b=105 c=62 imm=2  ; line 458
4486 MOVE                 R54 <- R64  ; line 458
4487 JUMP                 -> 4499  ; line 458
4488 LOAD_CONST           R55 constant[996]  ; line 460
4489 LOAD_CONST           R56 constant[997]  ; line 460
4490 MOVE                 R57 <- R55  ; line 460
4491 MOVE                 R58 <- R16  ; line 460
4492 MOVE                 R59 <- R56  ; line 460
4493 MOVE                 R60 <- R52  ; line 460
4494 HOST_CALL            a=61 b=6 c=57 imm=4  ; line 460
4495 MOVE                 R62 <- R61  ; line 460
4496 MOVE                 R63 <- R1  ; line 460
4497 CALL                 a=64 b=104 c=62 imm=2  ; line 460
4498 MOVE                 R54 <- R64  ; line 460
4499 LOAD_CONST           R55 constant[998]  ; line 462
4500 MOVE                 R56 <- R54  ; line 462
4501 MOVE                 R57 <- R55  ; line 462
4502 HOST_CALL            a=58 b=11 c=56 imm=2  ; line 462
4503 UNARY                a=58 b=59 c=4294967295 imm=1  ; line 462
4504 JUMP_IF_FALSE        R59 -> 4507  ; line 462
4505 RETURN               R54  ; line 462
4506 JUMP                 -> 4507  ; line 462
4507 LOAD_CONST           R55 constant[999]  ; line 463
4508 MOVE                 R56 <- R54  ; line 463
4509 MOVE                 R57 <- R55  ; line 463
4510 HOST_CALL            a=58 b=11 c=56 imm=2  ; line 463
4511 LOAD_CONST           R59 constant[1000]  ; line 463
4512 MOVE                 R60 <- R58  ; line 463
4513 MOVE                 R61 <- R59  ; line 463
4514 HOST_CALL            a=62 b=11 c=60 imm=2  ; line 463
4515 LOAD_CONST           R63 constant[1001]  ; line 463
4516 MOVE                 R64 <- R62  ; line 463
4517 MOVE                 R65 <- R63  ; line 463
4518 HOST_CALL            a=66 b=11 c=64 imm=2  ; line 463
4519 MOVE                 R67 <- R39  ; line 463
4520 MOVE                 R68 <- R66  ; line 463
4521 HOST_CALL            a=69 b=23 c=67 imm=2  ; line 463
4522 LOAD_CONST           R55 constant[1002]  ; line 464
4523 BINARY               a=41 b=55 c=56 imm=0  ; line 464
4524 MOVE                 R41 <- R56  ; line 464
4525 JUMP                 -> 4393  ; line 464
4526 LOAD_CONST           R55 constant[1003]  ; line 467
4527 MOVE                 R56 <- R55  ; line 467
4528 HOST_CALL            a=57 b=22 c=56 imm=1  ; line 467
4529 MOVE                 R58 <- R57  ; line 467
4530 LOAD_CONST           R59 constant[1004]  ; line 468
4531 MOVE                 R60 <- R59  ; line 468
4532 HOST_CALL            a=61 b=22 c=60 imm=1  ; line 468
4533 MOVE                 R62 <- R61  ; line 468
4534 LOAD_CONST           R63 constant[1005]  ; line 469
4535 MOVE                 R41 <- R63  ; line 469
4536 COMPARE              a=41 b=11 c=63 imm=2  ; line 470
4537 JUMP_IF_FALSE        R63 -> 4581  ; line 470
4538 MOVE                 R63 <- R39  ; line 471
4539 MOVE                 R64 <- R41  ; line 471
4540 HOST_CALL            a=65 b=11 c=63 imm=2  ; line 471
4541 LOAD_CONST           R66 constant[1006]  ; line 471
4542 MOVE                 R67 <- R65  ; line 471
4543 MOVE                 R68 <- R66  ; line 471
4544 HOST_CALL            a=69 b=11 c=67 imm=2  ; line 471
4545 MOVE                 R70 <- R69  ; line 471
4546 LOAD_CONST           R71 constant[1007]  ; line 472
4547 MOVE                 R72 <- R71  ; line 472
4548 HOST_CALL            a=73 b=22 c=72 imm=1  ; line 472
4549 MOVE                 R74 <- R73  ; line 472
4550 LOAD_CONST           R75 constant[1008]  ; line 473
4551 MOVE                 R76 <- R75  ; line 473
4552 COMPARE              a=76 b=35 c=77 imm=2  ; line 474
4553 JUMP_IF_FALSE        R77 -> 4564  ; line 474
4554 MOVE                 R77 <- R70  ; line 475
4555 MOVE                 R78 <- R76  ; line 475
4556 HOST_CALL            a=79 b=11 c=77 imm=2  ; line 475
4557 MOVE                 R80 <- R74  ; line 475
4558 MOVE                 R81 <- R79  ; line 475
4559 HOST_CALL            a=82 b=23 c=80 imm=2  ; line 475
4560 LOAD_CONST           R77 constant[1009]  ; line 476
4561 BINARY               a=76 b=77 c=78 imm=0  ; line 476
4562 MOVE                 R76 <- R78  ; line 476
4563 JUMP                 -> 4552  ; line 476
4564 MOVE                 R77 <- R58  ; line 478
4565 MOVE                 R78 <- R74  ; line 478
4566 HOST_CALL            a=79 b=23 c=77 imm=2  ; line 478
4567 MOVE                 R77 <- R39  ; line 479
4568 MOVE                 R78 <- R41  ; line 479
4569 HOST_CALL            a=79 b=11 c=77 imm=2  ; line 479
4570 LOAD_CONST           R80 constant[1010]  ; line 479
4571 MOVE                 R81 <- R79  ; line 479
4572 MOVE                 R82 <- R80  ; line 479
4573 HOST_CALL            a=83 b=11 c=81 imm=2  ; line 479
4574 MOVE                 R84 <- R62  ; line 479
4575 MOVE                 R85 <- R83  ; line 479
4576 HOST_CALL            a=86 b=23 c=84 imm=2  ; line 479
4577 LOAD_CONST           R77 constant[1011]  ; line 480
4578 BINARY               a=41 b=77 c=78 imm=0  ; line 480
4579 MOVE                 R41 <- R78  ; line 480
4580 JUMP                 -> 4536  ; line 480
4581 LOAD_CONST           R77 constant[1012]  ; line 482
4582 LOAD_CONST           R78 constant[1013]  ; line 482
4583 LOAD_CONST           R79 constant[1014]  ; line 482
4584 LOAD_CONST           R80 constant[1015]  ; line 482
4585 LOAD_CONST           R81 constant[1016]  ; line 482
4586 LOAD_CONST           R82 constant[1017]  ; line 482
4587 LOAD_CONST           R83 constant[1018]  ; line 482
4588 LOAD_CONST           R84 constant[1019]  ; line 482
4589 MOVE                 R85 <- R58  ; line 482
4590 HOST_CALL            a=86 b=72 c=85 imm=1  ; line 482
4591 LOAD_CONST           R87 constant[1020]  ; line 482
4592 MOVE                 R88 <- R62  ; line 482
4593 HOST_CALL            a=89 b=72 c=88 imm=1  ; line 482
4594 MOVE                 R90 <- R84  ; line 482
4595 MOVE                 R91 <- R86  ; line 482
4596 MOVE                 R92 <- R87  ; line 482
4597 MOVE                 R93 <- R89  ; line 482
4598 HOST_CALL            a=94 b=6 c=90 imm=4  ; line 482
4599 LOAD_CONST           R95 constant[1021]  ; line 482
4600 LOAD_CONST           R96 constant[1022]  ; line 482
4601 LOAD_CONST           R97 constant[1023]  ; line 482
4602 MOVE                 R98 <- R96  ; line 482
4603 MOVE                 R99 <- R97  ; line 482
4604 HOST_CALL            a=100 b=6 c=98 imm=2  ; line 482
4605 LOAD_CONST           R101 constant[1024]  ; line 482
4606 LOAD_CONST           R102 constant[1025]  ; line 482
4607 LOAD_CONST           R103 constant[1026]  ; line 482
4608 LOAD_CONST           R104 constant[1027]  ; line 482
4609 LOAD_CONST           R105 constant[1028]  ; line 482
4610 MOVE                 R106 <- R1  ; line 482
4611 MOVE                 R107 <- R104  ; line 482
4612 MOVE                 R108 <- R105  ; line 482
4613 CALL                 a=109 b=87 c=106 imm=3  ; line 482
4614 LOAD_CONST           R110 constant[1029]  ; line 482
4615 LOAD_CONST           R111 constant[1030]  ; line 482
4616 LOAD_CONST           R112 constant[1031]  ; line 482
4617 MOVE                 R113 <- R1  ; line 482
4618 MOVE                 R114 <- R111  ; line 482
4619 MOVE                 R115 <- R112  ; line 482
4620 CALL                 a=116 b=87 c=113 imm=3  ; line 482
4621 MOVE                 R117 <- R103  ; line 482
4622 MOVE                 R118 <- R109  ; line 482
4623 MOVE                 R119 <- R110  ; line 482
4624 MOVE                 R120 <- R116  ; line 482
4625 HOST_CALL            a=121 b=6 c=117 imm=4  ; line 482
4626 LOAD_CONST           R122 constant[1032]  ; line 482
4627 LOAD_CONST           R123 constant[1033]  ; line 482
4628 LOAD_CONST           R124 constant[1034]  ; line 482
4629 MOVE                 R125 <- R16  ; line 482
4630 HOST_CALL            a=126 b=60 c=125 imm=1  ; line 482
4631 LOAD_CONST           R127 constant[1035]  ; line 482
4632 LOAD_CONST           R128 constant[1036]  ; line 482
4633 MOVE                 R129 <- R77  ; line 482
4634 MOVE                 R130 <- R78  ; line 482
4635 MOVE                 R131 <- R79  ; line 482
4636 MOVE                 R132 <- R80  ; line 482
4637 MOVE                 R133 <- R81  ; line 482
4638 MOVE                 R134 <- R82  ; line 482
4639 MOVE                 R135 <- R83  ; line 482
4640 MOVE                 R136 <- R94  ; line 482
4641 MOVE                 R137 <- R95  ; line 482
4642 MOVE                 R138 <- R100  ; line 482
4643 MOVE                 R139 <- R101  ; line 482
4644 MOVE                 R140 <- R11  ; line 482
4645 MOVE                 R141 <- R102  ; line 482
4646 MOVE                 R142 <- R121  ; line 482
4647 MOVE                 R143 <- R122  ; line 482
4648 MOVE                 R144 <- R123  ; line 482
4649 MOVE                 R145 <- R124  ; line 482
4650 MOVE                 R146 <- R126  ; line 482
4651 MOVE                 R147 <- R127  ; line 482
4652 MOVE                 R148 <- R128  ; line 482
4653 HOST_CALL            a=149 b=6 c=129 imm=20  ; line 482
4654 MOVE                 R150 <- R149  ; line 482
4655 MOVE                 R151 <- R150  ; line 494
4656 MOVE                 R152 <- R16  ; line 494
4657 CALL                 a=153 b=107 c=151 imm=2  ; line 494
4658 MOVE                 R154 <- R153  ; line 494
4659 LOAD_CONST           R155 constant[1037]  ; line 495
4660 MOVE                 R156 <- R154  ; line 495
4661 MOVE                 R157 <- R155  ; line 495
4662 HOST_CALL            a=158 b=11 c=156 imm=2  ; line 495
4663 LOAD_CONST           R159 constant[1038]  ; line 495
4664 MOVE                 R160 <- R154  ; line 495
4665 MOVE                 R161 <- R159  ; line 495
4666 HOST_CALL            a=162 b=11 c=160 imm=2  ; line 495
4667 LOAD_CONST           R163 constant[1039]  ; line 495
4668 MOVE                 R164 <- R163  ; line 495
4669 MOVE                 R165 <- R28  ; line 495
4670 HOST_CALL            a=166 b=6 c=164 imm=2  ; line 495
4671 LOAD_CONST           R167 constant[1040]  ; line 495
4672 LOAD_CONST           R168 constant[1041]  ; line 495
4673 LOAD_CONST           R169 constant[1042]  ; line 495
4674 MOVE                 R170 <- R168  ; line 495
4675 MOVE                 R171 <- R169  ; line 495
4676 ARRAY_NEW            a=172 b=170 c=2 imm=4294967295  ; line 495
4677 MOVE                 R173 <- R150  ; line 495
4678 MOVE                 R174 <- R158  ; line 495
4679 MOVE                 R175 <- R162  ; line 495
4680 MOVE                 R176 <- R166  ; line 495
4681 MOVE                 R177 <- R167  ; line 495
4682 MOVE                 R178 <- R172  ; line 495
4683 CALL                 a=179 b=101 c=173 imm=6  ; line 495
4684 RETURN               R179  ; line 495
4685 LOAD_CONST           R180 constant[1043]  ; line 495
4686 RETURN               R180  ; line 495
4687 MOVE                 R2 <- R1  ; line 501
4688 HOST_CALL            a=3 b=61 c=2 imm=1  ; line 501
4689 MOVE                 R4 <- R3  ; line 501
4690 LOAD_CONST           R5 constant[1044]  ; line 502
4691 MOVE                 R6 <- R4  ; line 502
4692 MOVE                 R7 <- R5  ; line 502
4693 HOST_CALL            a=8 b=11 c=6 imm=2  ; line 502
4694 MOVE                 R9 <- R8  ; line 502
4695 LOAD_CONST           R10 constant[1045]  ; line 503
4696 MOVE                 R11 <- R4  ; line 503
4697 MOVE                 R12 <- R10  ; line 503
4698 HOST_CALL            a=13 b=11 c=11 imm=2  ; line 503
4699 MOVE                 R14 <- R13  ; line 503
4700 LOAD_CONST           R15 constant[1046]  ; line 504
4701 MOVE                 R16 <- R0  ; line 504
4702 MOVE                 R17 <- R15  ; line 504
4703 HOST_CALL            a=18 b=11 c=16 imm=2  ; line 504
4704 MOVE                 R19 <- R18  ; line 504
4705 LOAD_CONST           R20 constant[1047]  ; line 505
4706 MOVE                 R21 <- R20  ; line 505
4707 HOST_CALL            a=22 b=22 c=21 imm=1  ; line 505
4708 MOVE                 R23 <- R22  ; line 505
4709 LOAD_CONST           R24 constant[1048]  ; line 506
4710 MOVE                 R25 <- R24  ; line 506
4711 HOST_CALL            a=26 b=22 c=25 imm=1  ; line 506
4712 MOVE                 R27 <- R26  ; line 506
4713 LOAD_CONST           R28 constant[1049]  ; line 507
4714 MOVE                 R29 <- R28  ; line 507
4715 COMPARE              a=29 b=9 c=30 imm=2  ; line 508
4716 JUMP_IF_FALSE        R30 -> 4822  ; line 508
4717 LOAD_CONST           R30 constant[1050]  ; line 509
4718 MOVE                 R31 <- R30  ; line 509
4719 HOST_CALL            a=32 b=22 c=31 imm=1  ; line 509
4720 MOVE                 R33 <- R32  ; line 509
4721 LOAD_CONST           R34 constant[1051]  ; line 510
4722 MOVE                 R35 <- R34  ; line 510
4723 LOAD_CONST           R36 constant[1052]  ; line 511
4724 MOVE                 R37 <- R36  ; line 511
4725 COMPARE              a=37 b=19 c=38 imm=2  ; line 512
4726 JUMP_IF_FALSE        R38 -> 4782  ; line 512
4727 LOAD_CONST           R38 constant[1053]  ; line 513
4728 MOVE                 R39 <- R0  ; line 513
4729 MOVE                 R40 <- R38  ; line 513
4730 HOST_CALL            a=41 b=11 c=39 imm=2  ; line 513
4731 LOAD_CONST           R42 constant[1054]  ; line 513
4732 MOVE                 R43 <- R41  ; line 513
4733 MOVE                 R44 <- R42  ; line 513
4734 HOST_CALL            a=45 b=11 c=43 imm=2  ; line 513
4735 MOVE                 R46 <- R45  ; line 513
4736 MOVE                 R47 <- R37  ; line 513
4737 HOST_CALL            a=48 b=11 c=46 imm=2  ; line 513
4738 MOVE                 R49 <- R48  ; line 513
4739 LOAD_CONST           R50 constant[1055]  ; line 514
4740 MOVE                 R51 <- R50  ; line 514
4741 COMPARE              a=51 b=14 c=52 imm=2  ; line 515
4742 JUMP_IF_FALSE        R52 -> 4770  ; line 515
4743 LOAD_CONST           R52 constant[1056]  ; line 516
4744 MOVE                 R53 <- R0  ; line 516
4745 MOVE                 R54 <- R52  ; line 516
4746 HOST_CALL            a=55 b=11 c=53 imm=2  ; line 516
4747 LOAD_CONST           R56 constant[1057]  ; line 516
4748 MOVE                 R57 <- R55  ; line 516
4749 MOVE                 R58 <- R56  ; line 516
4750 HOST_CALL            a=59 b=11 c=57 imm=2  ; line 516
4751 MOVE                 R60 <- R37  ; line 516
4752 MOVE                 R61 <- R51  ; line 516
4753 ARRAY_NEW            a=62 b=60 c=2 imm=4294967295  ; line 516
4754 MOVE                 R63 <- R59  ; line 516
4755 MOVE                 R64 <- R62  ; line 516
4756 HOST_CALL            a=65 b=11 c=63 imm=2  ; line 516
4757 MOVE                 R66 <- R29  ; line 516
4758 MOVE                 R67 <- R51  ; line 516
4759 ARRAY_NEW            a=68 b=66 c=2 imm=4294967295  ; line 516
4760 MOVE                 R69 <- R1  ; line 516
4761 MOVE                 R70 <- R68  ; line 516
4762 HOST_CALL            a=71 b=11 c=69 imm=2  ; line 516
4763 BINARY               a=65 b=71 c=72 imm=2  ; line 516
4764 BINARY               a=49 b=72 c=73 imm=0  ; line 516
4765 MOVE                 R49 <- R73  ; line 516
4766 LOAD_CONST           R52 constant[1058]  ; line 517
4767 BINARY               a=51 b=52 c=53 imm=0  ; line 517
4768 MOVE                 R51 <- R53  ; line 517
4769 JUMP                 -> 4741  ; line 517
4770 MOVE                 R52 <- R49  ; line 519
4771 CALL                 a=53 b=92 c=52 imm=1  ; line 519
4772 MOVE                 R54 <- R53  ; line 519
4773 MOVE                 R55 <- R33  ; line 520
4774 MOVE                 R56 <- R54  ; line 520
4775 HOST_CALL            a=57 b=23 c=55 imm=2  ; line 520
4776 BINARY               a=35 b=54 c=55 imm=0  ; line 521
4777 MOVE                 R35 <- R55  ; line 521
4778 LOAD_CONST           R55 constant[1059]  ; line 522
4779 BINARY               a=37 b=55 c=56 imm=0  ; line 522
4780 MOVE                 R37 <- R56  ; line 522
4781 JUMP                 -> 4725  ; line 522
4782 LOAD_CONST           R55 constant[1060]  ; line 524
4783 MOVE                 R56 <- R55  ; line 524
4784 HOST_CALL            a=57 b=22 c=56 imm=1  ; line 524
4785 MOVE                 R58 <- R57  ; line 524
4786 LOAD_CONST           R59 constant[1061]  ; line 525
4787 MOVE                 R60 <- R59  ; line 525
4788 HOST_CALL            a=61 b=22 c=60 imm=1  ; line 525
4789 MOVE                 R62 <- R61  ; line 525
4790 LOAD_CONST           R63 constant[1062]  ; line 526
4791 MOVE                 R37 <- R63  ; line 526
4792 COMPARE              a=37 b=19 c=63 imm=2  ; line 527
4793 JUMP_IF_FALSE        R63 -> 4812  ; line 527
4794 MOVE                 R63 <- R33  ; line 528
4795 MOVE                 R64 <- R37  ; line 528
4796 HOST_CALL            a=65 b=11 c=63 imm=2  ; line 528
4797 BINARY               a=65 b=35 c=66 imm=3  ; line 528
4798 MOVE                 R67 <- R66  ; line 528
4799 MOVE                 R68 <- R58  ; line 529
4800 MOVE                 R69 <- R67  ; line 529
4801 HOST_CALL            a=70 b=23 c=68 imm=2  ; line 529
4802 LOAD_CONST           R68 constant[1063]  ; line 530
4803 BINARY               a=68 b=67 c=69 imm=1  ; line 530
4804 BINARY               a=67 b=69 c=70 imm=2  ; line 530
4805 MOVE                 R71 <- R62  ; line 530
4806 MOVE                 R72 <- R70  ; line 530
4807 HOST_CALL            a=73 b=23 c=71 imm=2  ; line 530
4808 LOAD_CONST           R68 constant[1064]  ; line 531
4809 BINARY               a=37 b=68 c=69 imm=0  ; line 531
4810 MOVE                 R37 <- R69  ; line 531
4811 JUMP                 -> 4792  ; line 531
4812 MOVE                 R68 <- R23  ; line 533
4813 MOVE                 R69 <- R58  ; line 533
4814 HOST_CALL            a=70 b=23 c=68 imm=2  ; line 533
4815 MOVE                 R68 <- R27  ; line 534
4816 MOVE                 R69 <- R62  ; line 534
4817 HOST_CALL            a=70 b=23 c=68 imm=2  ; line 534
4818 LOAD_CONST           R68 constant[1065]  ; line 535
4819 BINARY               a=29 b=68 c=69 imm=0  ; line 535
4820 MOVE                 R29 <- R69  ; line 535
4821 JUMP                 -> 4715  ; line 535
4822 LOAD_CONST           R68 constant[1066]  ; line 537
4823 MOVE                 R69 <- R23  ; line 537
4824 HOST_CALL            a=70 b=72 c=69 imm=1  ; line 537
4825 LOAD_CONST           R71 constant[1067]  ; line 537
4826 MOVE                 R72 <- R27  ; line 537
4827 HOST_CALL            a=73 b=72 c=72 imm=1  ; line 537
4828 MOVE                 R74 <- R68  ; line 537
4829 MOVE                 R75 <- R70  ; line 537
4830 MOVE                 R76 <- R71  ; line 537
4831 MOVE                 R77 <- R73  ; line 537
4832 HOST_CALL            a=78 b=6 c=74 imm=4  ; line 537
4833 RETURN               R78  ; line 537
4834 LOAD_CONST           R79 constant[1068]  ; line 537
4835 RETURN               R79  ; line 537
4836 MOVE                 R2 <- R0  ; line 541
4837 CALL                 a=3 b=97 c=2 imm=1  ; line 541
4838 MOVE                 R4 <- R3  ; line 541
4839 LOAD_CONST           R5 constant[1069]  ; line 542
4840 COMPARE              a=4 b=5 c=6 imm=1  ; line 542
4841 JUMP_IF_FALSE        R6 -> 4850  ; line 542
4842 LOAD_CONST           R5 constant[1070]  ; line 542
4843 LOAD_CONST           R6 constant[1071]  ; line 542
4844 MOVE                 R7 <- R5  ; line 542
4845 MOVE                 R8 <- R4  ; line 542
4846 MOVE                 R9 <- R6  ; line 542
4847 CALL                 a=10 b=86 c=7 imm=3  ; line 542
4848 RETURN               R10  ; line 542
4849 JUMP                 -> 4850  ; line 542
4850 LOAD_CONST           R5 constant[1072]  ; line 543
4851 MOVE                 R6 <- R0  ; line 543
4852 MOVE                 R7 <- R5  ; line 543
4853 HOST_CALL            a=8 b=11 c=6 imm=2  ; line 543
4854 MOVE                 R9 <- R8  ; line 543
4855 LOAD_CONST           R10 constant[1073]  ; line 544
4856 MOVE                 R11 <- R0  ; line 544
4857 MOVE                 R12 <- R10  ; line 544
4858 HOST_CALL            a=13 b=11 c=11 imm=2  ; line 544
4859 MOVE                 R14 <- R13  ; line 544
4860 MOVE                 R15 <- R9  ; line 545
4861 HOST_CALL            a=16 b=61 c=15 imm=1  ; line 545
4862 LOAD_CONST           R17 constant[1074]  ; line 545
4863 MOVE                 R18 <- R16  ; line 545
4864 MOVE                 R19 <- R17  ; line 545
4865 HOST_CALL            a=20 b=11 c=18 imm=2  ; line 545
4866 MOVE                 R21 <- R20  ; line 545
4867 MOVE                 R22 <- R9  ; line 546
4868 HOST_CALL            a=23 b=61 c=22 imm=1  ; line 546
4869 LOAD_CONST           R24 constant[1075]  ; line 546
4870 MOVE                 R25 <- R23  ; line 546
4871 MOVE                 R26 <- R24  ; line 546
4872 HOST_CALL            a=27 b=11 c=25 imm=2  ; line 546
4873 MOVE                 R28 <- R27  ; line 546
4874 LOAD_CONST           R29 constant[1076]  ; line 547
4875 LOAD_CONST           R30 constant[1077]  ; line 547
4876 MOVE                 R31 <- R1  ; line 547
4877 MOVE                 R32 <- R29  ; line 547
4878 MOVE                 R33 <- R30  ; line 547
4879 CALL                 a=34 b=87 c=31 imm=3  ; line 547
4880 MOVE                 R35 <- R34  ; line 547
4881 LOAD_CONST           R36 constant[1078]  ; line 548
4882 LOAD_CONST           R37 constant[1079]  ; line 548
4883 MOVE                 R38 <- R1  ; line 548
4884 MOVE                 R39 <- R36  ; line 548
4885 MOVE                 R40 <- R37  ; line 548
4886 CALL                 a=41 b=87 c=38 imm=3  ; line 548
4887 MOVE                 R42 <- R41  ; line 548
4888 LOAD_CONST           R43 constant[1080]  ; line 549
4889 LOAD_CONST           R44 constant[1081]  ; line 549
4890 MOVE                 R45 <- R1  ; line 549
4891 MOVE                 R46 <- R43  ; line 549
4892 MOVE                 R47 <- R44  ; line 549
4893 CALL                 a=48 b=87 c=45 imm=3  ; line 549
4894 MOVE                 R49 <- R48  ; line 549
4895 LOAD_CONST           R50 constant[1082]  ; line 550
4896 LOAD_CONST           R51 constant[1083]  ; line 550
4897 MOVE                 R52 <- R1  ; line 550
4898 MOVE                 R53 <- R50  ; line 550
4899 MOVE                 R54 <- R51  ; line 550
4900 CALL                 a=55 b=87 c=52 imm=3  ; line 550
4901 MOVE                 R56 <- R55  ; line 550
4902 LOAD_CONST           R57 constant[1084]  ; line 551
4903 COMPARE              a=35 b=57 c=58 imm=2  ; line 551
4904 JUMP_IF_FALSE        R58 -> 4914  ; line 551
4905 LOAD_CONST           R57 constant[1085]  ; line 551
4906 LOAD_CONST           R58 constant[1086]  ; line 551
4907 LOAD_CONST           R59 constant[1087]  ; line 551
4908 MOVE                 R60 <- R57  ; line 551
4909 MOVE                 R61 <- R58  ; line 551
4910 MOVE                 R62 <- R59  ; line 551
4911 CALL                 a=63 b=86 c=60 imm=3  ; line 551
4912 RETURN               R63  ; line 551
4913 JUMP                 -> 4914  ; line 551
4914 LOAD_CONST           R57 constant[1088]  ; line 552
4915 COMPARE              a=42 b=57 c=58 imm=2  ; line 552
4916 JUMP_IF_FALSE        R58 -> 4926  ; line 552
4917 LOAD_CONST           R57 constant[1089]  ; line 552
4918 LOAD_CONST           R58 constant[1090]  ; line 552
4919 LOAD_CONST           R59 constant[1091]  ; line 552
4920 MOVE                 R60 <- R57  ; line 552
4921 MOVE                 R61 <- R58  ; line 552
4922 MOVE                 R62 <- R59  ; line 552
4923 CALL                 a=63 b=86 c=60 imm=3  ; line 552
4924 RETURN               R63  ; line 552
4925 JUMP                 -> 4926  ; line 552
4926 LOAD_CONST           R57 constant[1092]  ; line 553
4927 COMPARE              a=49 b=57 c=58 imm=3  ; line 553
4928 JUMP_IF_FALSE        R58 -> 4938  ; line 553
4929 LOAD_CONST           R57 constant[1093]  ; line 553
4930 LOAD_CONST           R58 constant[1094]  ; line 553
4931 LOAD_CONST           R59 constant[1095]  ; line 553
4932 MOVE                 R60 <- R57  ; line 553
4933 MOVE                 R61 <- R58  ; line 553
4934 MOVE                 R62 <- R59  ; line 553
4935 CALL                 a=63 b=86 c=60 imm=3  ; line 553
4936 RETURN               R63  ; line 553
4937 JUMP                 -> 4938  ; line 553
4938 LOAD_CONST           R57 constant[1096]  ; line 554
4939 COMPARE              a=56 b=57 c=58 imm=1  ; line 554
4940 JUMP_IF_FALSE        R58 -> 4954  ; line 554
4941 LOAD_CONST           R57 constant[1097]  ; line 555
4942 COMPARE              a=56 b=57 c=58 imm=1  ; line 555
4943 JUMP_IF_FALSE        R58 -> 4953  ; line 555
4944 LOAD_CONST           R57 constant[1098]  ; line 555
4945 LOAD_CONST           R58 constant[1099]  ; line 555
4946 LOAD_CONST           R59 constant[1100]  ; line 555
4947 MOVE                 R60 <- R57  ; line 555
4948 MOVE                 R61 <- R58  ; line 555
4949 MOVE                 R62 <- R59  ; line 555
4950 CALL                 a=63 b=86 c=60 imm=3  ; line 555
4951 RETURN               R63  ; line 555
4952 JUMP                 -> 4953  ; line 555
4953 JUMP                 -> 4954  ; line 555
4954 LOAD_CONST           R57 constant[1101]  ; line 557
4955 COMPARE              a=56 b=57 c=58 imm=0  ; line 557
4956 JUMP_IF_FALSE        R58 -> 4988  ; line 557
4957 LOAD_CONST           R57 constant[1102]  ; line 558
4958 MOVE                 R58 <- R57  ; line 558
4959 COMPARE              a=58 b=21 c=59 imm=2  ; line 559
4960 JUMP_IF_FALSE        R59 -> 4987  ; line 559
4961 MOVE                 R59 <- R14  ; line 560
4962 MOVE                 R60 <- R58  ; line 560
4963 HOST_CALL            a=61 b=11 c=59 imm=2  ; line 560
4964 LOAD_CONST           R62 constant[1103]  ; line 560
4965 COMPARE              a=61 b=62 c=63 imm=1  ; line 560
4966 JUMP_IF_FALSE        R63 -> 4983  ; line 560
4967 MOVE                 R59 <- R14  ; line 561
4968 MOVE                 R60 <- R58  ; line 561
4969 HOST_CALL            a=61 b=11 c=59 imm=2  ; line 561
4970 LOAD_CONST           R62 constant[1104]  ; line 561
4971 COMPARE              a=61 b=62 c=63 imm=1  ; line 561
4972 JUMP_IF_FALSE        R63 -> 4982  ; line 561
4973 LOAD_CONST           R59 constant[1105]  ; line 561
4974 LOAD_CONST           R60 constant[1106]  ; line 561
4975 LOAD_CONST           R61 constant[1107]  ; line 561
4976 MOVE                 R62 <- R59  ; line 561
4977 MOVE                 R63 <- R60  ; line 561
4978 MOVE                 R64 <- R61  ; line 561
4979 CALL                 a=65 b=86 c=62 imm=3  ; line 561
4980 RETURN               R65  ; line 561
4981 JUMP                 -> 4982  ; line 561
4982 JUMP                 -> 4983  ; line 561
4983 LOAD_CONST           R59 constant[1108]  ; line 563
4984 BINARY               a=58 b=59 c=60 imm=0  ; line 563
4985 MOVE                 R58 <- R60  ; line 563
4986 JUMP                 -> 4959  ; line 563
4987 JUMP                 -> 4988  ; line 563
4988 LOAD_CONST           R59 constant[1109]  ; line 566
4989 MOVE                 R60 <- R59  ; line 566
4990 HOST_CALL            a=61 b=22 c=60 imm=1  ; line 566
4991 MOVE                 R62 <- R61  ; line 566
4992 LOAD_CONST           R63 constant[1110]  ; line 567
4993 MOVE                 R64 <- R63  ; line 567
4994 COMPARE              a=64 b=28 c=65 imm=2  ; line 568
4995 JUMP_IF_FALSE        R65 -> 5031  ; line 568
4996 LOAD_CONST           R65 constant[1111]  ; line 569
4997 MOVE                 R66 <- R65  ; line 569
4998 HOST_CALL            a=67 b=22 c=66 imm=1  ; line 569
4999 MOVE                 R68 <- R67  ; line 569
5000 LOAD_CONST           R69 constant[1112]  ; line 570
5001 MOVE                 R70 <- R69  ; line 570
5002 COMPARE              a=70 b=35 c=71 imm=2  ; line 571
5003 JUMP_IF_FALSE        R71 -> 5024  ; line 571
5004 LOAD_CONST           R71 constant[1113]  ; line 572
5005 BINARY               a=64 b=71 c=72 imm=0  ; line 572
5006 LOAD_CONST           R73 constant[1114]  ; line 572
5007 BINARY               a=70 b=73 c=74 imm=0  ; line 572
5008 BINARY               a=72 b=74 c=75 imm=2  ; line 572
5009 LOAD_CONST           R76 constant[1115]  ; line 572
5010 MOVE                 R77 <- R75  ; line 572
5011 MOVE                 R78 <- R76  ; line 572
5012 CALL                 a=79 b=90 c=77 imm=2  ; line 572
5013 LOAD_CONST           R80 constant[1116]  ; line 572
5014 BINARY               a=79 b=80 c=81 imm=1  ; line 572
5015 LOAD_CONST           R82 constant[1117]  ; line 572
5016 BINARY               a=81 b=82 c=83 imm=2  ; line 572
5017 MOVE                 R84 <- R68  ; line 572
5018 MOVE                 R85 <- R83  ; line 572
5019 HOST_CALL            a=86 b=23 c=84 imm=2  ; line 572
5020 LOAD_CONST           R71 constant[1118]  ; line 573
5021 BINARY               a=70 b=71 c=72 imm=0  ; line 573
5022 MOVE                 R70 <- R72  ; line 573
5023 JUMP                 -> 5002  ; line 573
5024 MOVE                 R71 <- R62  ; line 575
5025 MOVE                 R72 <- R68  ; line 575
5026 HOST_CALL            a=73 b=23 c=71 imm=2  ; line 575
5027 LOAD_CONST           R71 constant[1119]  ; line 576
5028 BINARY               a=64 b=71 c=72 imm=0  ; line 576
5029 MOVE                 R64 <- R72  ; line 576
5030 JUMP                 -> 4994  ; line 576
5031 MOVE                 R71 <- R35  ; line 578
5032 CALL                 a=72 b=96 c=71 imm=1  ; line 578
5033 MOVE                 R73 <- R72  ; line 578
5034 LOAD_CONST           R74 constant[1120]  ; line 579
5035 MOVE                 R75 <- R74  ; line 579
5036 HOST_CALL            a=76 b=22 c=75 imm=1  ; line 579
5037 MOVE                 R77 <- R76  ; line 579
5038 LOAD_CONST           R78 constant[1121]  ; line 580
5039 MOVE                 R79 <- R78  ; line 580
5040 COMPARE              a=79 b=35 c=80 imm=2  ; line 581
5041 JUMP_IF_FALSE        R80 -> 5059  ; line 581
5042 LOAD_CONST           R80 constant[1122]  ; line 582
5043 BINARY               a=79 b=80 c=81 imm=0  ; line 582
5044 LOAD_CONST           R82 constant[1123]  ; line 582
5045 MOVE                 R83 <- R81  ; line 582
5046 MOVE                 R84 <- R82  ; line 582
5047 CALL                 a=85 b=90 c=83 imm=2  ; line 582
5048 LOAD_CONST           R86 constant[1124]  ; line 582
5049 BINARY               a=85 b=86 c=87 imm=1  ; line 582
5050 LOAD_CONST           R88 constant[1125]  ; line 582
5051 BINARY               a=87 b=88 c=89 imm=2  ; line 582
5052 MOVE                 R90 <- R77  ; line 582
5053 MOVE                 R91 <- R89  ; line 582
5054 HOST_CALL            a=92 b=23 c=90 imm=2  ; line 582
5055 LOAD_CONST           R80 constant[1126]  ; line 583
5056 BINARY               a=79 b=80 c=81 imm=0  ; line 583
5057 MOVE                 R79 <- R81  ; line 583
5058 JUMP                 -> 5040  ; line 583
5059 LOAD_CONST           R80 constant[1127]  ; line 585
5060 MOVE                 R81 <- R80  ; line 585
5061 LOAD_CONST           R82 constant[1128]  ; line 586
5062 MOVE                 R83 <- R82  ; line 586
5063 COMPARE              a=83 b=42 c=84 imm=2  ; line 587
5064 JUMP_IF_FALSE        R84 -> 5318  ; line 587
5065 LOAD_CONST           R84 constant[1129]  ; line 588
5066 MOVE                 R85 <- R84  ; line 588
5067 HOST_CALL            a=86 b=22 c=85 imm=1  ; line 588
5068 MOVE                 R87 <- R86  ; line 588
5069 LOAD_CONST           R88 constant[1130]  ; line 589
5070 MOVE                 R64 <- R88  ; line 589
5071 COMPARE              a=64 b=28 c=88 imm=2  ; line 590
5072 JUMP_IF_FALSE        R88 -> 5082  ; line 590
5073 MOVE                 R88 <- R35  ; line 591
5074 CALL                 a=89 b=96 c=88 imm=1  ; line 591
5075 MOVE                 R90 <- R87  ; line 591
5076 MOVE                 R91 <- R89  ; line 591
5077 HOST_CALL            a=92 b=23 c=90 imm=2  ; line 591
5078 LOAD_CONST           R88 constant[1131]  ; line 592
5079 BINARY               a=64 b=88 c=89 imm=0  ; line 592
5080 MOVE                 R64 <- R89  ; line 592
5081 JUMP                 -> 5071  ; line 592
5082 MOVE                 R88 <- R35  ; line 594
5083 CALL                 a=89 b=96 c=88 imm=1  ; line 594
5084 MOVE                 R90 <- R89  ; line 594
5085 MOVE                 R91 <- R35  ; line 595
5086 CALL                 a=92 b=96 c=91 imm=1  ; line 595
5087 MOVE                 R93 <- R92  ; line 595
5088 LOAD_CONST           R94 constant[1132]  ; line 596
5089 MOVE                 R95 <- R94  ; line 596
5090 LOAD_CONST           R96 constant[1133]  ; line 597
5091 MOVE                 R97 <- R96  ; line 597
5092 COMPARE              a=97 b=21 c=98 imm=2  ; line 598
5093 JUMP_IF_FALSE        R98 -> 5247  ; line 598
5094 LOAD_CONST           R98 constant[1134]  ; line 599
5095 MOVE                 R99 <- R98  ; line 599
5096 HOST_CALL            a=100 b=22 c=99 imm=1  ; line 599
5097 MOVE                 R101 <- R100  ; line 599
5098 LOAD_CONST           R102 constant[1135]  ; line 600
5099 MOVE                 R79 <- R102  ; line 600
5100 COMPARE              a=79 b=35 c=102 imm=2  ; line 601
5101 JUMP_IF_FALSE        R102 -> 5142  ; line 601
5102 MOVE                 R102 <- R73  ; line 602
5103 MOVE                 R103 <- R79  ; line 602
5104 HOST_CALL            a=104 b=11 c=102 imm=2  ; line 602
5105 MOVE                 R105 <- R104  ; line 602
5106 LOAD_CONST           R106 constant[1136]  ; line 603
5107 MOVE                 R64 <- R106  ; line 603
5108 COMPARE              a=64 b=28 c=106 imm=2  ; line 604
5109 JUMP_IF_FALSE        R106 -> 5129  ; line 604
5110 MOVE                 R106 <- R97  ; line 605
5111 MOVE                 R107 <- R64  ; line 605
5112 ARRAY_NEW            a=108 b=106 c=2 imm=4294967295  ; line 605
5113 MOVE                 R109 <- R9  ; line 605
5114 MOVE                 R110 <- R108  ; line 605
5115 HOST_CALL            a=111 b=11 c=109 imm=2  ; line 605
5116 MOVE                 R112 <- R62  ; line 605
5117 MOVE                 R113 <- R64  ; line 605
5118 HOST_CALL            a=114 b=11 c=112 imm=2  ; line 605
5119 MOVE                 R115 <- R114  ; line 605
5120 MOVE                 R116 <- R79  ; line 605
5121 HOST_CALL            a=117 b=11 c=115 imm=2  ; line 605
5122 BINARY               a=111 b=117 c=118 imm=2  ; line 605
5123 BINARY               a=105 b=118 c=119 imm=0  ; line 605
5124 MOVE                 R105 <- R119  ; line 605
5125 LOAD_CONST           R106 constant[1137]  ; line 606
5126 BINARY               a=64 b=106 c=107 imm=0  ; line 606
5127 MOVE                 R64 <- R107  ; line 606
5128 JUMP                 -> 5108  ; line 606
5129 LOAD_CONST           R106 constant[1138]  ; line 608
5130 COMPARE              a=105 b=106 c=107 imm=2  ; line 608
5131 JUMP_IF_FALSE        R107 -> 5135  ; line 608
5132 LOAD_CONST           R106 constant[1139]  ; line 608
5133 MOVE                 R105 <- R106  ; line 608
5134 JUMP                 -> 5135  ; line 608
5135 MOVE                 R106 <- R101  ; line 609
5136 MOVE                 R107 <- R105  ; line 609
5137 HOST_CALL            a=108 b=23 c=106 imm=2  ; line 609
5138 LOAD_CONST           R106 constant[1140]  ; line 610
5139 BINARY               a=79 b=106 c=107 imm=0  ; line 610
5140 MOVE                 R79 <- R107  ; line 610
5141 JUMP                 -> 5100  ; line 610
5142 MOVE                 R106 <- R81  ; line 612
5143 LOAD_CONST           R107 constant[1141]  ; line 613
5144 MOVE                 R79 <- R107  ; line 613
5145 COMPARE              a=79 b=35 c=107 imm=2  ; line 614
5146 JUMP_IF_FALSE        R107 -> 5160  ; line 614
5147 MOVE                 R107 <- R101  ; line 615
5148 MOVE                 R108 <- R79  ; line 615
5149 HOST_CALL            a=109 b=11 c=107 imm=2  ; line 615
5150 MOVE                 R110 <- R77  ; line 615
5151 MOVE                 R111 <- R79  ; line 615
5152 HOST_CALL            a=112 b=11 c=110 imm=2  ; line 615
5153 BINARY               a=109 b=112 c=113 imm=2  ; line 615
5154 BINARY               a=106 b=113 c=114 imm=0  ; line 615
5155 MOVE                 R106 <- R114  ; line 615
5156 LOAD_CONST           R107 constant[1142]  ; line 616
5157 BINARY               a=79 b=107 c=108 imm=0  ; line 616
5158 MOVE                 R79 <- R108  ; line 616
5159 JUMP                 -> 5145  ; line 616
5160 LOAD_CONST           R107 constant[1143]  ; line 618
5161 COMPARE              a=56 b=107 c=108 imm=0  ; line 618
5162 JUMP_IF_FALSE        R108 -> 5167  ; line 618
5163 MOVE                 R107 <- R106  ; line 618
5164 CALL                 a=108 b=92 c=107 imm=1  ; line 618
5165 MOVE                 R106 <- R108  ; line 618
5166 JUMP                 -> 5167  ; line 618
5167 MOVE                 R107 <- R14  ; line 619
5168 MOVE                 R108 <- R97  ; line 619
5169 HOST_CALL            a=109 b=11 c=107 imm=2  ; line 619
5170 BINARY               a=106 b=109 c=110 imm=1  ; line 619
5171 MOVE                 R111 <- R110  ; line 619
5172 BINARY               a=95 b=111 c=112 imm=0  ; line 620
5173 MOVE                 R95 <- R112  ; line 620
5174 LOAD_CONST           R112 constant[1144]  ; line 621
5175 MOVE                 R79 <- R112  ; line 621
5176 COMPARE              a=79 b=35 c=112 imm=2  ; line 622
5177 JUMP_IF_FALSE        R112 -> 5243  ; line 622
5178 MOVE                 R112 <- R93  ; line 623
5179 MOVE                 R113 <- R79  ; line 623
5180 HOST_CALL            a=114 b=11 c=112 imm=2  ; line 623
5181 MOVE                 R115 <- R101  ; line 623
5182 MOVE                 R116 <- R79  ; line 623
5183 HOST_CALL            a=117 b=11 c=115 imm=2  ; line 623
5184 BINARY               a=111 b=117 c=118 imm=2  ; line 623
5185 BINARY               a=114 b=118 c=119 imm=0  ; line 623
5186 MOVE                 R120 <- R93  ; line 623
5187 MOVE                 R121 <- R79  ; line 623
5188 MOVE                 R122 <- R119  ; line 623
5189 HOST_CALL            a=123 b=12 c=120 imm=3  ; line 623
5190 MOVE                 R112 <- R77  ; line 624
5191 MOVE                 R113 <- R79  ; line 624
5192 HOST_CALL            a=114 b=11 c=112 imm=2  ; line 624
5193 BINARY               a=111 b=114 c=115 imm=2  ; line 624
5194 MOVE                 R116 <- R115  ; line 624
5195 MOVE                 R117 <- R101  ; line 625
5196 MOVE                 R118 <- R79  ; line 625
5197 HOST_CALL            a=119 b=11 c=117 imm=2  ; line 625
5198 LOAD_CONST           R120 constant[1145]  ; line 625
5199 COMPARE              a=119 b=120 c=121 imm=0  ; line 625
5200 JUMP_IF_FALSE        R121 -> 5204  ; line 625
5201 LOAD_CONST           R117 constant[1146]  ; line 625
5202 MOVE                 R116 <- R117  ; line 625
5203 JUMP                 -> 5204  ; line 625
5204 MOVE                 R117 <- R90  ; line 626
5205 MOVE                 R118 <- R79  ; line 626
5206 HOST_CALL            a=119 b=11 c=117 imm=2  ; line 626
5207 BINARY               a=119 b=116 c=120 imm=0  ; line 626
5208 MOVE                 R121 <- R90  ; line 626
5209 MOVE                 R122 <- R79  ; line 626
5210 MOVE                 R123 <- R120  ; line 626
5211 HOST_CALL            a=124 b=12 c=121 imm=3  ; line 626
5212 LOAD_CONST           R117 constant[1147]  ; line 627
5213 MOVE                 R64 <- R117  ; line 627
5214 COMPARE              a=64 b=28 c=117 imm=2  ; line 628
5215 JUMP_IF_FALSE        R117 -> 5239  ; line 628
5216 MOVE                 R117 <- R87  ; line 629
5217 MOVE                 R118 <- R64  ; line 629
5218 HOST_CALL            a=119 b=11 c=117 imm=2  ; line 629
5219 MOVE                 R120 <- R119  ; line 629
5220 MOVE                 R121 <- R120  ; line 630
5221 MOVE                 R122 <- R79  ; line 630
5222 HOST_CALL            a=123 b=11 c=121 imm=2  ; line 630
5223 MOVE                 R124 <- R97  ; line 630
5224 MOVE                 R125 <- R64  ; line 630
5225 ARRAY_NEW            a=126 b=124 c=2 imm=4294967295  ; line 630
5226 MOVE                 R127 <- R9  ; line 630
5227 MOVE                 R128 <- R126  ; line 630
5228 HOST_CALL            a=129 b=11 c=127 imm=2  ; line 630
5229 BINARY               a=116 b=129 c=130 imm=2  ; line 630
5230 BINARY               a=123 b=130 c=131 imm=0  ; line 630
5231 MOVE                 R132 <- R120  ; line 630
5232 MOVE                 R133 <- R79  ; line 630
5233 MOVE                 R134 <- R131  ; line 630
5234 HOST_CALL            a=135 b=12 c=132 imm=3  ; line 630
5235 LOAD_CONST           R121 constant[1148]  ; line 631
5236 BINARY               a=64 b=121 c=122 imm=0  ; line 631
5237 MOVE                 R64 <- R122  ; line 631
5238 JUMP                 -> 5214  ; line 631
5239 LOAD_CONST           R121 constant[1149]  ; line 633
5240 BINARY               a=79 b=121 c=122 imm=0  ; line 633
5241 MOVE                 R79 <- R122  ; line 633
5242 JUMP                 -> 5176  ; line 633
5243 LOAD_CONST           R121 constant[1150]  ; line 635
5244 BINARY               a=97 b=121 c=122 imm=0  ; line 635
5245 MOVE                 R97 <- R122  ; line 635
5246 JUMP                 -> 5092  ; line 635
5247 LOAD_CONST           R121 constant[1151]  ; line 637
5248 MOVE                 R79 <- R121  ; line 637
5249 COMPARE              a=79 b=35 c=121 imm=2  ; line 638
5250 JUMP_IF_FALSE        R121 -> 5310  ; line 638
5251 MOVE                 R121 <- R77  ; line 639
5252 MOVE                 R122 <- R79  ; line 639
5253 HOST_CALL            a=123 b=11 c=121 imm=2  ; line 639
5254 MOVE                 R124 <- R93  ; line 639
5255 MOVE                 R125 <- R79  ; line 639
5256 HOST_CALL            a=126 b=11 c=124 imm=2  ; line 639
5257 BINARY               a=49 b=126 c=127 imm=2  ; line 639
5258 BINARY               a=127 b=21 c=128 imm=3  ; line 639
5259 BINARY               a=123 b=128 c=129 imm=1  ; line 639
5260 MOVE                 R130 <- R77  ; line 639
5261 MOVE                 R131 <- R79  ; line 639
5262 MOVE                 R132 <- R129  ; line 639
5263 HOST_CALL            a=133 b=12 c=130 imm=3  ; line 639
5264 MOVE                 R121 <- R73  ; line 640
5265 MOVE                 R122 <- R79  ; line 640
5266 HOST_CALL            a=123 b=11 c=121 imm=2  ; line 640
5267 MOVE                 R124 <- R90  ; line 640
5268 MOVE                 R125 <- R79  ; line 640
5269 HOST_CALL            a=126 b=11 c=124 imm=2  ; line 640
5270 BINARY               a=49 b=126 c=127 imm=2  ; line 640
5271 BINARY               a=127 b=21 c=128 imm=3  ; line 640
5272 BINARY               a=123 b=128 c=129 imm=1  ; line 640
5273 MOVE                 R130 <- R73  ; line 640
5274 MOVE                 R131 <- R79  ; line 640
5275 MOVE                 R132 <- R129  ; line 640
5276 HOST_CALL            a=133 b=12 c=130 imm=3  ; line 640
5277 LOAD_CONST           R121 constant[1152]  ; line 641
5278 MOVE                 R64 <- R121  ; line 641
5279 COMPARE              a=64 b=28 c=121 imm=2  ; line 642
5280 JUMP_IF_FALSE        R121 -> 5306  ; line 642
5281 MOVE                 R121 <- R62  ; line 643
5282 MOVE                 R122 <- R64  ; line 643
5283 HOST_CALL            a=123 b=11 c=121 imm=2  ; line 643
5284 MOVE                 R124 <- R123  ; line 643
5285 MOVE                 R125 <- R87  ; line 644
5286 MOVE                 R126 <- R64  ; line 644
5287 HOST_CALL            a=127 b=11 c=125 imm=2  ; line 644
5288 MOVE                 R128 <- R127  ; line 644
5289 MOVE                 R129 <- R124  ; line 645
5290 MOVE                 R130 <- R79  ; line 645
5291 HOST_CALL            a=131 b=11 c=129 imm=2  ; line 645
5292 MOVE                 R132 <- R128  ; line 645
5293 MOVE                 R133 <- R79  ; line 645
5294 HOST_CALL            a=134 b=11 c=132 imm=2  ; line 645
5295 BINARY               a=49 b=134 c=135 imm=2  ; line 645
5296 BINARY               a=135 b=21 c=136 imm=3  ; line 645
5297 BINARY               a=131 b=136 c=137 imm=1  ; line 645
5298 MOVE                 R138 <- R124  ; line 645
5299 MOVE                 R139 <- R79  ; line 645
5300 MOVE                 R140 <- R137  ; line 645
5301 HOST_CALL            a=141 b=12 c=138 imm=3  ; line 645
5302 LOAD_CONST           R129 constant[1153]  ; line 646
5303 BINARY               a=64 b=129 c=130 imm=0  ; line 646
5304 MOVE                 R64 <- R130  ; line 646
5305 JUMP                 -> 5279  ; line 646
5306 LOAD_CONST           R129 constant[1154]  ; line 648
5307 BINARY               a=79 b=129 c=130 imm=0  ; line 648
5308 MOVE                 R79 <- R130  ; line 648
5309 JUMP                 -> 5249  ; line 648
5310 BINARY               a=49 b=95 c=129 imm=2  ; line 650
5311 BINARY               a=129 b=21 c=130 imm=3  ; line 650
5312 BINARY               a=81 b=130 c=131 imm=1  ; line 650
5313 MOVE                 R81 <- R131  ; line 650
5314 LOAD_CONST           R129 constant[1155]  ; line 651
5315 BINARY               a=83 b=129 c=130 imm=0  ; line 651
5316 MOVE                 R83 <- R130  ; line 651
5317 JUMP                 -> 5063  ; line 651
5318 LOAD_CONST           R129 constant[1156]  ; line 653
5319 LOAD_CONST           R130 constant[1157]  ; line 653
5320 LOAD_CONST           R131 constant[1158]  ; line 653
5321 LOAD_CONST           R132 constant[1159]  ; line 653
5322 LOAD_CONST           R133 constant[1160]  ; line 653
5323 LOAD_CONST           R134 constant[1161]  ; line 653
5324 LOAD_CONST           R135 constant[1162]  ; line 653
5325 MOVE                 R136 <- R62  ; line 653
5326 HOST_CALL            a=137 b=72 c=136 imm=1  ; line 653
5327 LOAD_CONST           R138 constant[1163]  ; line 653
5328 MOVE                 R139 <- R73  ; line 653
5329 HOST_CALL            a=140 b=72 c=139 imm=1  ; line 653
5330 LOAD_CONST           R141 constant[1164]  ; line 653
5331 MOVE                 R142 <- R77  ; line 653
5332 HOST_CALL            a=143 b=72 c=142 imm=1  ; line 653
5333 LOAD_CONST           R144 constant[1165]  ; line 653
5334 LOAD_CONST           R145 constant[1166]  ; line 653
5335 MOVE                 R146 <- R135  ; line 653
5336 MOVE                 R147 <- R137  ; line 653
5337 MOVE                 R148 <- R138  ; line 653
5338 MOVE                 R149 <- R140  ; line 653
5339 MOVE                 R150 <- R141  ; line 653
5340 MOVE                 R151 <- R143  ; line 653
5341 MOVE                 R152 <- R144  ; line 653
5342 MOVE                 R153 <- R81  ; line 653
5343 MOVE                 R154 <- R145  ; line 653
5344 MOVE                 R155 <- R35  ; line 653
5345 HOST_CALL            a=156 b=6 c=146 imm=10  ; line 653
5346 LOAD_CONST           R157 constant[1167]  ; line 653
5347 LOAD_CONST           R158 constant[1168]  ; line 653
5348 LOAD_CONST           R159 constant[1169]  ; line 653
5349 MOVE                 R160 <- R158  ; line 653
5350 MOVE                 R161 <- R159  ; line 653
5351 HOST_CALL            a=162 b=6 c=160 imm=2  ; line 653
5352 LOAD_CONST           R163 constant[1170]  ; line 653
5353 ARRAY_NEW            a=164 b=164 c=0 imm=4294967295  ; line 653
5354 LOAD_CONST           R165 constant[1171]  ; line 653
5355 LOAD_CONST           R166 constant[1172]  ; line 653
5356 LOAD_CONST           R167 constant[1173]  ; line 653
5357 MOVE                 R168 <- R166  ; line 653
5358 MOVE                 R169 <- R42  ; line 653
5359 MOVE                 R170 <- R167  ; line 653
5360 MOVE                 R171 <- R49  ; line 653
5361 HOST_CALL            a=172 b=6 c=168 imm=4  ; line 653
5362 LOAD_CONST           R173 constant[1174]  ; line 653
5363 LOAD_CONST           R174 constant[1175]  ; line 653
5364 LOAD_CONST           R175 constant[1176]  ; line 653
5365 MOVE                 R176 <- R9  ; line 653
5366 HOST_CALL            a=177 b=60 c=176 imm=1  ; line 653
5367 LOAD_CONST           R178 constant[1177]  ; line 653
5368 LOAD_CONST           R179 constant[1178]  ; line 653
5369 MOVE                 R180 <- R129  ; line 653
5370 MOVE                 R181 <- R130  ; line 653
5371 MOVE                 R182 <- R131  ; line 653
5372 MOVE                 R183 <- R132  ; line 653
5373 MOVE                 R184 <- R133  ; line 653
5374 MOVE                 R185 <- R56  ; line 653
5375 MOVE                 R186 <- R134  ; line 653
5376 MOVE                 R187 <- R156  ; line 653
5377 MOVE                 R188 <- R157  ; line 653
5378 MOVE                 R189 <- R162  ; line 653
5379 MOVE                 R190 <- R163  ; line 653
5380 MOVE                 R191 <- R164  ; line 653
5381 MOVE                 R192 <- R165  ; line 653
5382 MOVE                 R193 <- R172  ; line 653
5383 MOVE                 R194 <- R173  ; line 653
5384 MOVE                 R195 <- R174  ; line 653
5385 MOVE                 R196 <- R175  ; line 653
5386 MOVE                 R197 <- R177  ; line 653
5387 MOVE                 R198 <- R178  ; line 653
5388 MOVE                 R199 <- R179  ; line 653
5389 HOST_CALL            a=200 b=6 c=180 imm=20  ; line 653
5390 MOVE                 R201 <- R200  ; line 653
5391 MOVE                 R202 <- R201  ; line 660
5392 MOVE                 R203 <- R9  ; line 660
5393 CALL                 a=204 b=112 c=202 imm=2  ; line 660
5394 MOVE                 R205 <- R204  ; line 660
5395 LOAD_CONST           R206 constant[1179]  ; line 661
5396 MOVE                 R207 <- R206  ; line 661
5397 LOAD_CONST           R208 constant[1180]  ; line 662
5398 MOVE                 R209 <- R208  ; line 662
5399 COMPARE              a=209 b=21 c=210 imm=2  ; line 663
5400 JUMP_IF_FALSE        R210 -> 5416  ; line 663
5401 MOVE                 R210 <- R205  ; line 664
5402 MOVE                 R211 <- R209  ; line 664
5403 HOST_CALL            a=212 b=11 c=210 imm=2  ; line 664
5404 MOVE                 R213 <- R14  ; line 664
5405 MOVE                 R214 <- R209  ; line 664
5406 HOST_CALL            a=215 b=11 c=213 imm=2  ; line 664
5407 BINARY               a=212 b=215 c=216 imm=1  ; line 664
5408 MOVE                 R217 <- R216  ; line 664
5409 BINARY               a=217 b=217 c=218 imm=2  ; line 665
5410 BINARY               a=207 b=218 c=219 imm=0  ; line 665
5411 MOVE                 R207 <- R219  ; line 665
5412 LOAD_CONST           R218 constant[1181]  ; line 666
5413 BINARY               a=209 b=218 c=219 imm=0  ; line 666
5414 MOVE                 R209 <- R219  ; line 666
5415 JUMP                 -> 5399  ; line 666
5416 BINARY               a=207 b=21 c=218 imm=3  ; line 668
5417 MOVE                 R207 <- R218  ; line 668
5418 LOAD_CONST           R218 constant[1182]  ; line 669
5419 LOAD_CONST           R219 constant[1183]  ; line 669
5420 MOVE                 R220 <- R219  ; line 669
5421 MOVE                 R221 <- R207  ; line 669
5422 HOST_CALL            a=222 b=6 c=220 imm=2  ; line 669
5423 MOVE                 R223 <- R201  ; line 669
5424 MOVE                 R224 <- R218  ; line 669
5425 MOVE                 R225 <- R222  ; line 669
5426 HOST_CALL            a=226 b=12 c=223 imm=3  ; line 669
5427 MOVE                 R218 <- R21  ; line 670
5428 MOVE                 R219 <- R207  ; line 670
5429 CALL                 a=220 b=99 c=218 imm=2  ; line 670
5430 MOVE                 R221 <- R220  ; line 670
5431 LOAD_CONST           R222 constant[1184]  ; line 671
5432 COMPARE              a=56 b=222 c=223 imm=0  ; line 671
5433 JUMP_IF_FALSE        R223 -> 5462  ; line 671
5434 LOAD_CONST           R222 constant[1185]  ; line 672
5435 MOVE                 R223 <- R222  ; line 672
5436 HOST_CALL            a=224 b=22 c=223 imm=1  ; line 672
5437 MOVE                 R225 <- R224  ; line 672
5438 LOAD_CONST           R226 constant[1186]  ; line 673
5439 MOVE                 R209 <- R226  ; line 673
5440 COMPARE              a=209 b=21 c=226 imm=2  ; line 674
5441 JUMP_IF_FALSE        R226 -> 5458  ; line 674
5442 MOVE                 R226 <- R205  ; line 675
5443 MOVE                 R227 <- R209  ; line 675
5444 HOST_CALL            a=228 b=11 c=226 imm=2  ; line 675
5445 LOAD_CONST           R229 constant[1187]  ; line 675
5446 MOVE                 R230 <- R205  ; line 675
5447 MOVE                 R231 <- R209  ; line 675
5448 HOST_CALL            a=232 b=11 c=230 imm=2  ; line 675
5449 BINARY               a=229 b=232 c=233 imm=1  ; line 675
5450 BINARY               a=228 b=233 c=234 imm=2  ; line 675
5451 MOVE                 R235 <- R225  ; line 675
5452 MOVE                 R236 <- R234  ; line 675
5453 HOST_CALL            a=237 b=23 c=235 imm=2  ; line 675
5454 LOAD_CONST           R226 constant[1188]  ; line 676
5455 BINARY               a=209 b=226 c=227 imm=0  ; line 676
5456 MOVE                 R209 <- R227  ; line 676
5457 JUMP                 -> 5440  ; line 676
5458 MOVE                 R226 <- R225  ; line 678
5459 HOST_CALL            a=227 b=72 c=226 imm=1  ; line 678
5460 MOVE                 R221 <- R227  ; line 678
5461 JUMP                 -> 5462  ; line 678
5462 MOVE                 R226 <- R205  ; line 680
5463 HOST_CALL            a=227 b=72 c=226 imm=1  ; line 680
5464 LOAD_CONST           R228 constant[1189]  ; line 680
5465 LOAD_CONST           R229 constant[1190]  ; line 680
5466 MOVE                 R230 <- R228  ; line 680
5467 MOVE                 R231 <- R207  ; line 680
5468 MOVE                 R232 <- R229  ; line 680
5469 MOVE                 R233 <- R21  ; line 680
5470 HOST_CALL            a=234 b=6 c=230 imm=4  ; line 680
5471 LOAD_CONST           R235 constant[1191]  ; line 680
5472 LOAD_CONST           R236 constant[1192]  ; line 680
5473 LOAD_CONST           R237 constant[1193]  ; line 680
5474 MOVE                 R238 <- R236  ; line 680
5475 MOVE                 R239 <- R237  ; line 680
5476 ARRAY_NEW            a=240 b=238 c=2 imm=4294967295  ; line 680
5477 MOVE                 R241 <- R201  ; line 680
5478 MOVE                 R242 <- R227  ; line 680
5479 MOVE                 R243 <- R221  ; line 680
5480 MOVE                 R244 <- R234  ; line 680
5481 MOVE                 R245 <- R235  ; line 680
5482 MOVE                 R246 <- R240  ; line 680
5483 CALL                 a=247 b=101 c=241 imm=6  ; line 680
5484 RETURN               R247  ; line 680
5485 LOAD_CONST           R248 constant[1194]  ; line 680
5486 RETURN               R248  ; line 680
5487 LOAD_CONST           R4 constant[1195]  ; line 686
5488 MOVE                 R5 <- R4  ; line 686
5489 HOST_CALL            a=6 b=22 c=5 imm=1  ; line 686
5490 MOVE                 R7 <- R6  ; line 686
5491 LOAD_CONST           R8 constant[1196]  ; line 687
5492 MOVE                 R9 <- R8  ; line 687
5493 COMPARE              a=9 b=0 c=10 imm=2  ; line 688
5494 JUMP_IF_FALSE        R10 -> 5530  ; line 688
5495 LOAD_CONST           R10 constant[1197]  ; line 689
5496 MOVE                 R11 <- R10  ; line 689
5497 HOST_CALL            a=12 b=22 c=11 imm=1  ; line 689
5498 MOVE                 R13 <- R12  ; line 689
5499 LOAD_CONST           R14 constant[1198]  ; line 690
5500 MOVE                 R15 <- R14  ; line 690
5501 COMPARE              a=15 b=1 c=16 imm=2  ; line 691
5502 JUMP_IF_FALSE        R16 -> 5523  ; line 691
5503 LOAD_CONST           R16 constant[1199]  ; line 692
5504 BINARY               a=9 b=16 c=17 imm=0  ; line 692
5505 LOAD_CONST           R18 constant[1200]  ; line 692
5506 BINARY               a=15 b=18 c=19 imm=0  ; line 692
5507 BINARY               a=17 b=19 c=20 imm=2  ; line 692
5508 LOAD_CONST           R21 constant[1201]  ; line 692
5509 MOVE                 R22 <- R20  ; line 692
5510 MOVE                 R23 <- R21  ; line 692
5511 CALL                 a=24 b=90 c=22 imm=2  ; line 692
5512 LOAD_CONST           R25 constant[1202]  ; line 692
5513 BINARY               a=24 b=25 c=26 imm=1  ; line 692
5514 LOAD_CONST           R27 constant[1203]  ; line 692
5515 BINARY               a=26 b=27 c=28 imm=2  ; line 692
5516 MOVE                 R29 <- R13  ; line 692
5517 MOVE                 R30 <- R28  ; line 692
5518 HOST_CALL            a=31 b=23 c=29 imm=2  ; line 692
5519 LOAD_CONST           R16 constant[1204]  ; line 693
5520 BINARY               a=15 b=16 c=17 imm=0  ; line 693
5521 MOVE                 R15 <- R17  ; line 693
5522 JUMP                 -> 5501  ; line 693
5523 MOVE                 R16 <- R7  ; line 695
5524 MOVE                 R17 <- R13  ; line 695
5525 HOST_CALL            a=18 b=23 c=16 imm=2  ; line 695
5526 LOAD_CONST           R16 constant[1205]  ; line 696
5527 BINARY               a=9 b=16 c=17 imm=0  ; line 696
5528 MOVE                 R9 <- R17  ; line 696
5529 JUMP                 -> 5493  ; line 696
5530 LOAD_CONST           R16 constant[1206]  ; line 698
5531 MOVE                 R17 <- R16  ; line 698
5532 HOST_CALL            a=18 b=22 c=17 imm=1  ; line 698
5533 MOVE                 R19 <- R18  ; line 698
5534 LOAD_CONST           R20 constant[1207]  ; line 699
5535 MOVE                 R21 <- R20  ; line 699
5536 COMPARE              a=21 b=1 c=22 imm=2  ; line 700
5537 JUMP_IF_FALSE        R22 -> 5555  ; line 700
5538 LOAD_CONST           R22 constant[1208]  ; line 701
5539 BINARY               a=21 b=22 c=23 imm=0  ; line 701
5540 LOAD_CONST           R24 constant[1209]  ; line 701
5541 MOVE                 R25 <- R23  ; line 701
5542 MOVE                 R26 <- R24  ; line 701
5543 CALL                 a=27 b=90 c=25 imm=2  ; line 701
5544 LOAD_CONST           R28 constant[1210]  ; line 701
5545 BINARY               a=27 b=28 c=29 imm=1  ; line 701
5546 LOAD_CONST           R30 constant[1211]  ; line 701
5547 BINARY               a=29 b=30 c=31 imm=2  ; line 701
5548 MOVE                 R32 <- R19  ; line 701
5549 MOVE                 R33 <- R31  ; line 701
5550 HOST_CALL            a=34 b=23 c=32 imm=2  ; line 701
5551 LOAD_CONST           R22 constant[1212]  ; line 702
5552 BINARY               a=21 b=22 c=23 imm=0  ; line 702
5553 MOVE                 R21 <- R23  ; line 702
5554 JUMP                 -> 5536  ; line 702
5555 LOAD_CONST           R22 constant[1213]  ; line 704
5556 MOVE                 R23 <- R7  ; line 704
5557 HOST_CALL            a=24 b=72 c=23 imm=1  ; line 704
5558 MOVE                 R25 <- R24  ; line 704
5559 MOVE                 R26 <- R2  ; line 704
5560 MOVE                 R27 <- R3  ; line 704
5561 CALL                 a=28 b=152 c=25 imm=3  ; line 704
5562 LOAD_CONST           R29 constant[1214]  ; line 704
5563 MOVE                 R30 <- R1  ; line 704
5564 CALL                 a=31 b=96 c=30 imm=1  ; line 704
5565 MOVE                 R32 <- R31  ; line 704
5566 HOST_CALL            a=33 b=72 c=32 imm=1  ; line 704
5567 MOVE                 R34 <- R33  ; line 704
5568 MOVE                 R35 <- R2  ; line 704
5569 MOVE                 R36 <- R3  ; line 704
5570 CALL                 a=37 b=152 c=34 imm=3  ; line 704
5571 LOAD_CONST           R38 constant[1215]  ; line 704
5572 MOVE                 R39 <- R19  ; line 704
5573 HOST_CALL            a=40 b=72 c=39 imm=1  ; line 704
5574 MOVE                 R41 <- R40  ; line 704
5575 MOVE                 R42 <- R2  ; line 704
5576 MOVE                 R43 <- R3  ; line 704
5577 CALL                 a=44 b=152 c=41 imm=3  ; line 704
5578 LOAD_CONST           R45 constant[1216]  ; line 704
5579 LOAD_CONST           R46 constant[1217]  ; line 704
5580 MOVE                 R47 <- R22  ; line 704
5581 MOVE                 R48 <- R28  ; line 704
5582 MOVE                 R49 <- R29  ; line 704
5583 MOVE                 R50 <- R37  ; line 704
5584 MOVE                 R51 <- R38  ; line 704
5585 MOVE                 R52 <- R44  ; line 704
5586 MOVE                 R53 <- R45  ; line 704
5587 MOVE                 R54 <- R46  ; line 704
5588 HOST_CALL            a=55 b=6 c=47 imm=8  ; line 704
5589 RETURN               R55  ; line 704
5590 LOAD_CONST           R56 constant[1218]  ; line 704
5591 RETURN               R56  ; line 704
5592 MOVE                 R8 <- R0  ; line 710
5593 HOST_CALL            a=9 b=61 c=8 imm=1  ; line 710
5594 LOAD_CONST           R10 constant[1219]  ; line 710
5595 MOVE                 R11 <- R9  ; line 710
5596 MOVE                 R12 <- R10  ; line 710
5597 HOST_CALL            a=13 b=11 c=11 imm=2  ; line 710
5598 MOVE                 R14 <- R13  ; line 710
5599 MOVE                 R15 <- R0  ; line 711
5600 HOST_CALL            a=16 b=184 c=15 imm=1  ; line 711
5601 MOVE                 R17 <- R16  ; line 711
5602 HOST_CALL            a=18 b=168 c=17 imm=1  ; line 711
5603 MOVE                 R19 <- R0  ; line 711
5604 HOST_CALL            a=20 b=60 c=19 imm=1  ; line 711
5605 MOVE                 R21 <- R18  ; line 711
5606 MOVE                 R22 <- R20  ; line 711
5607 MOVE                 R23 <- R7  ; line 711
5608 CALL                 a=24 b=152 c=21 imm=3  ; line 711
5609 MOVE                 R25 <- R24  ; line 711
5610 LOAD_CONST           R26 constant[1220]  ; line 712
5611 MOVE                 R27 <- R2  ; line 712
5612 MOVE                 R28 <- R26  ; line 712
5613 HOST_CALL            a=29 b=11 c=27 imm=2  ; line 712
5614 MOVE                 R30 <- R29  ; line 712
5615 LOAD_CONST           R31 constant[1221]  ; line 713
5616 MOVE                 R32 <- R2  ; line 713
5617 MOVE                 R33 <- R31  ; line 713
5618 HOST_CALL            a=34 b=11 c=32 imm=2  ; line 713
5619 MOVE                 R35 <- R34  ; line 713
5620 LOAD_CONST           R36 constant[1222]  ; line 714
5621 MOVE                 R37 <- R2  ; line 714
5622 MOVE                 R38 <- R36  ; line 714
5623 HOST_CALL            a=39 b=11 c=37 imm=2  ; line 714
5624 MOVE                 R40 <- R39  ; line 714
5625 LOAD_CONST           R41 constant[1223]  ; line 715
5626 MOVE                 R42 <- R2  ; line 715
5627 MOVE                 R43 <- R41  ; line 715
5628 HOST_CALL            a=44 b=11 c=42 imm=2  ; line 715
5629 MOVE                 R45 <- R44  ; line 715
5630 LOAD_CONST           R46 constant[1224]  ; line 716
5631 MOVE                 R47 <- R46  ; line 716
5632 COMPARE              a=47 b=4 c=48 imm=2  ; line 717
5633 JUMP_IF_FALSE        R48 -> 5725  ; line 717
5634 MOVE                 R48 <- R0  ; line 718
5635 MOVE                 R49 <- R30  ; line 718
5636 HOST_CALL            a=50 b=67 c=48 imm=2  ; line 718
5637 BINARY               a=50 b=35 c=51 imm=0  ; line 718
5638 MOVE                 R52 <- R51  ; line 718
5639 HOST_CALL            a=53 b=172 c=52 imm=1  ; line 718
5640 MOVE                 R54 <- R53  ; line 718
5641 MOVE                 R55 <- R54  ; line 719
5642 MOVE                 R56 <- R40  ; line 719
5643 HOST_CALL            a=57 b=67 c=55 imm=2  ; line 719
5644 BINARY               a=57 b=45 c=58 imm=0  ; line 719
5645 MOVE                 R59 <- R58  ; line 719
5646 LOAD_CONST           R60 constant[1225]  ; line 720
5647 COMPARE              a=6 b=60 c=61 imm=0  ; line 720
5648 JUMP_IF_FALSE        R61 -> 5657  ; line 720
5649 MOVE                 R60 <- R59  ; line 721
5650 HOST_CALL            a=61 b=169 c=60 imm=1  ; line 721
5651 MOVE                 R62 <- R61  ; line 721
5652 LOAD_CONST           R63 constant[1226]  ; line 722
5653 BINARY               a=62 b=63 c=64 imm=0  ; line 722
5654 BINARY               a=62 b=64 c=65 imm=3  ; line 722
5655 MOVE                 R59 <- R65  ; line 722
5656 JUMP                 -> 5657  ; line 722
5657 BINARY               a=59 b=1 c=63 imm=1  ; line 724
5658 MOVE                 R64 <- R63  ; line 724
5659 MOVE                 R65 <- R54  ; line 725
5660 HOST_CALL            a=66 b=168 c=65 imm=1  ; line 725
5661 MOVE                 R67 <- R66  ; line 725
5662 MOVE                 R68 <- R64  ; line 725
5663 HOST_CALL            a=69 b=67 c=67 imm=2  ; line 725
5664 BINARY               a=69 b=14 c=70 imm=3  ; line 725
5665 MOVE                 R71 <- R70  ; line 725
5666 LOAD_CONST           R72 constant[1227]  ; line 726
5667 MOVE                 R73 <- R14  ; line 726
5668 MOVE                 R74 <- R72  ; line 726
5669 ARRAY_NEW            a=75 b=73 c=2 imm=4294967295  ; line 726
5670 MOVE                 R76 <- R64  ; line 726
5671 MOVE                 R77 <- R75  ; line 726
5672 HOST_CALL            a=78 b=167 c=76 imm=2  ; line 726
5673 LOAD_CONST           R79 constant[1228]  ; line 726
5674 MOVE                 R80 <- R79  ; line 726
5675 MOVE                 R81 <- R3  ; line 726
5676 ARRAY_NEW            a=82 b=80 c=2 imm=4294967295  ; line 726
5677 MOVE                 R83 <- R40  ; line 726
5678 MOVE                 R84 <- R82  ; line 726
5679 HOST_CALL            a=85 b=167 c=83 imm=2  ; line 726
5680 BINARY               a=78 b=85 c=86 imm=2  ; line 726
5681 MOVE                 R87 <- R86  ; line 726
5682 LOAD_CONST           R88 constant[1229]  ; line 727
5683 BINARY               a=54 b=88 c=89 imm=2  ; line 727
5684 LOAD_CONST           R90 constant[1230]  ; line 727
5685 MOVE                 R91 <- R54  ; line 727
5686 MOVE                 R92 <- R89  ; line 727
5687 MOVE                 R93 <- R90  ; line 727
5688 HOST_CALL            a=94 b=176 c=91 imm=3  ; line 727
5689 MOVE                 R95 <- R94  ; line 727
5690 LOAD_CONST           R96 constant[1231]  ; line 728
5691 BINARY               a=87 b=96 c=97 imm=2  ; line 728
5692 MOVE                 R98 <- R95  ; line 728
5693 MOVE                 R99 <- R87  ; line 728
5694 MOVE                 R100 <- R97  ; line 728
5695 HOST_CALL            a=101 b=177 c=98 imm=3  ; line 728
5696 MOVE                 R87 <- R101  ; line 728
5697 MOVE                 R96 <- R25  ; line 729
5698 MOVE                 R97 <- R87  ; line 729
5699 HOST_CALL            a=98 b=67 c=96 imm=2  ; line 729
5700 BINARY               a=98 b=14 c=99 imm=3  ; line 729
5701 MOVE                 R100 <- R99  ; line 729
5702 LOAD_CONST           R101 constant[1232]  ; line 730
5703 MOVE                 R102 <- R87  ; line 730
5704 MOVE                 R103 <- R101  ; line 730
5705 HOST_CALL            a=104 b=69 c=102 imm=2  ; line 730
5706 MOVE                 R105 <- R104  ; line 730
5707 BINARY               a=71 b=5 c=106 imm=2  ; line 731
5708 BINARY               a=40 b=106 c=107 imm=1  ; line 731
5709 MOVE                 R40 <- R107  ; line 731
5710 BINARY               a=100 b=5 c=106 imm=2  ; line 732
5711 BINARY               a=30 b=106 c=107 imm=1  ; line 732
5712 MOVE                 R30 <- R107  ; line 732
5713 BINARY               a=105 b=5 c=106 imm=2  ; line 733
5714 BINARY               a=35 b=106 c=107 imm=1  ; line 733
5715 MOVE                 R35 <- R107  ; line 733
5716 MOVE                 R106 <- R64  ; line 734
5717 HOST_CALL            a=107 b=69 c=106 imm=1  ; line 734
5718 BINARY               a=5 b=107 c=108 imm=2  ; line 734
5719 BINARY               a=45 b=108 c=109 imm=1  ; line 734
5720 MOVE                 R45 <- R109  ; line 734
5721 LOAD_CONST           R106 constant[1233]  ; line 735
5722 BINARY               a=47 b=106 c=107 imm=0  ; line 735
5723 MOVE                 R47 <- R107  ; line 735
5724 JUMP                 -> 5632  ; line 735
5725 LOAD_CONST           R106 constant[1234]  ; line 737
5726 LOAD_CONST           R107 constant[1235]  ; line 737
5727 LOAD_CONST           R108 constant[1236]  ; line 737
5728 LOAD_CONST           R109 constant[1237]  ; line 737
5729 MOVE                 R110 <- R106  ; line 737
5730 MOVE                 R111 <- R30  ; line 737
5731 MOVE                 R112 <- R107  ; line 737
5732 MOVE                 R113 <- R35  ; line 737
5733 MOVE                 R114 <- R108  ; line 737
5734 MOVE                 R115 <- R40  ; line 737
5735 MOVE                 R116 <- R109  ; line 737
5736 MOVE                 R117 <- R45  ; line 737
5737 HOST_CALL            a=118 b=6 c=110 imm=8  ; line 737
5738 RETURN               R118  ; line 737
5739 LOAD_CONST           R119 constant[1238]  ; line 737
5740 RETURN               R119  ; line 737
5741 MOVE                 R2 <- R0  ; line 741
5742 CALL                 a=3 b=97 c=2 imm=1  ; line 741
5743 MOVE                 R4 <- R3  ; line 741
5744 LOAD_CONST           R5 constant[1239]  ; line 742
5745 COMPARE              a=4 b=5 c=6 imm=1  ; line 742
5746 JUMP_IF_FALSE        R6 -> 5755  ; line 742
5747 LOAD_CONST           R5 constant[1240]  ; line 742
5748 LOAD_CONST           R6 constant[1241]  ; line 742
5749 MOVE                 R7 <- R5  ; line 742
5750 MOVE                 R8 <- R4  ; line 742
5751 MOVE                 R9 <- R6  ; line 742
5752 CALL                 a=10 b=86 c=7 imm=3  ; line 742
5753 RETURN               R10  ; line 742
5754 JUMP                 -> 5755  ; line 742
5755 LOAD_CONST           R5 constant[1242]  ; line 743
5756 MOVE                 R6 <- R0  ; line 743
5757 MOVE                 R7 <- R5  ; line 743
5758 HOST_CALL            a=8 b=11 c=6 imm=2  ; line 743
5759 MOVE                 R9 <- R8  ; line 743
5760 LOAD_CONST           R10 constant[1243]  ; line 744
5761 MOVE                 R11 <- R0  ; line 744
5762 MOVE                 R12 <- R10  ; line 744
5763 HOST_CALL            a=13 b=11 c=11 imm=2  ; line 744
5764 MOVE                 R14 <- R13  ; line 744
5765 MOVE                 R15 <- R9  ; line 745
5766 HOST_CALL            a=16 b=61 c=15 imm=1  ; line 745
5767 LOAD_CONST           R17 constant[1244]  ; line 745
5768 MOVE                 R18 <- R16  ; line 745
5769 MOVE                 R19 <- R17  ; line 745
5770 HOST_CALL            a=20 b=11 c=18 imm=2  ; line 745
5771 MOVE                 R21 <- R20  ; line 745
5772 MOVE                 R22 <- R9  ; line 746
5773 HOST_CALL            a=23 b=61 c=22 imm=1  ; line 746
5774 LOAD_CONST           R24 constant[1245]  ; line 746
5775 MOVE                 R25 <- R23  ; line 746
5776 MOVE                 R26 <- R24  ; line 746
5777 HOST_CALL            a=27 b=11 c=25 imm=2  ; line 746
5778 MOVE                 R28 <- R27  ; line 746
5779 LOAD_CONST           R29 constant[1246]  ; line 747
5780 LOAD_CONST           R30 constant[1247]  ; line 747
5781 MOVE                 R31 <- R1  ; line 747
5782 MOVE                 R32 <- R29  ; line 747
5783 MOVE                 R33 <- R30  ; line 747
5784 CALL                 a=34 b=87 c=31 imm=3  ; line 747
5785 MOVE                 R35 <- R34  ; line 747
5786 LOAD_CONST           R36 constant[1248]  ; line 748
5787 LOAD_CONST           R37 constant[1249]  ; line 748
5788 MOVE                 R38 <- R1  ; line 748
5789 MOVE                 R39 <- R36  ; line 748
5790 MOVE                 R40 <- R37  ; line 748
5791 CALL                 a=41 b=87 c=38 imm=3  ; line 748
5792 MOVE                 R42 <- R41  ; line 748
5793 LOAD_CONST           R43 constant[1250]  ; line 749
5794 LOAD_CONST           R44 constant[1251]  ; line 749
5795 MOVE                 R45 <- R1  ; line 749
5796 MOVE                 R46 <- R43  ; line 749
5797 MOVE                 R47 <- R44  ; line 749
5798 CALL                 a=48 b=87 c=45 imm=3  ; line 749
5799 MOVE                 R49 <- R48  ; line 749
5800 LOAD_CONST           R50 constant[1252]  ; line 750
5801 LOAD_CONST           R51 constant[1253]  ; line 750
5802 MOVE                 R52 <- R1  ; line 750
5803 MOVE                 R53 <- R50  ; line 750
5804 MOVE                 R54 <- R51  ; line 750
5805 CALL                 a=55 b=87 c=52 imm=3  ; line 750
5806 MOVE                 R56 <- R55  ; line 750
5807 LOAD_CONST           R57 constant[1254]  ; line 751
5808 COMPARE              a=35 b=57 c=58 imm=2  ; line 751
5809 JUMP_IF_FALSE        R58 -> 5819  ; line 751
5810 LOAD_CONST           R57 constant[1255]  ; line 751
5811 LOAD_CONST           R58 constant[1256]  ; line 751
5812 LOAD_CONST           R59 constant[1257]  ; line 751
5813 MOVE                 R60 <- R57  ; line 751
5814 MOVE                 R61 <- R58  ; line 751
5815 MOVE                 R62 <- R59  ; line 751
5816 CALL                 a=63 b=86 c=60 imm=3  ; line 751
5817 RETURN               R63  ; line 751
5818 JUMP                 -> 5819  ; line 751
5819 LOAD_CONST           R57 constant[1258]  ; line 752
5820 COMPARE              a=42 b=57 c=58 imm=2  ; line 752
5821 JUMP_IF_FALSE        R58 -> 5831  ; line 752
5822 LOAD_CONST           R57 constant[1259]  ; line 752
5823 LOAD_CONST           R58 constant[1260]  ; line 752
5824 LOAD_CONST           R59 constant[1261]  ; line 752
5825 MOVE                 R60 <- R57  ; line 752
5826 MOVE                 R61 <- R58  ; line 752
5827 MOVE                 R62 <- R59  ; line 752
5828 CALL                 a=63 b=86 c=60 imm=3  ; line 752
5829 RETURN               R63  ; line 752
5830 JUMP                 -> 5831  ; line 752
5831 LOAD_CONST           R57 constant[1262]  ; line 753
5832 COMPARE              a=49 b=57 c=58 imm=3  ; line 753
5833 JUMP_IF_FALSE        R58 -> 5843  ; line 753
5834 LOAD_CONST           R57 constant[1263]  ; line 753
5835 LOAD_CONST           R58 constant[1264]  ; line 753
5836 LOAD_CONST           R59 constant[1265]  ; line 753
5837 MOVE                 R60 <- R57  ; line 753
5838 MOVE                 R61 <- R58  ; line 753
5839 MOVE                 R62 <- R59  ; line 753
5840 CALL                 a=63 b=86 c=60 imm=3  ; line 753
5841 RETURN               R63  ; line 753
5842 JUMP                 -> 5843  ; line 753
5843 LOAD_CONST           R57 constant[1266]  ; line 754
5844 COMPARE              a=56 b=57 c=58 imm=1  ; line 754
5845 JUMP_IF_FALSE        R58 -> 5859  ; line 754
5846 LOAD_CONST           R57 constant[1267]  ; line 755
5847 COMPARE              a=56 b=57 c=58 imm=1  ; line 755
5848 JUMP_IF_FALSE        R58 -> 5858  ; line 755
5849 LOAD_CONST           R57 constant[1268]  ; line 755
5850 LOAD_CONST           R58 constant[1269]  ; line 755
5851 LOAD_CONST           R59 constant[1270]  ; line 755
5852 MOVE                 R60 <- R57  ; line 755
5853 MOVE                 R61 <- R58  ; line 755
5854 MOVE                 R62 <- R59  ; line 755
5855 CALL                 a=63 b=86 c=60 imm=3  ; line 755
5856 RETURN               R63  ; line 755
5857 JUMP                 -> 5858  ; line 755
5858 JUMP                 -> 5859  ; line 755
5859 LOAD_CONST           R57 constant[1271]  ; line 757
5860 MOVE                 R58 <- R1  ; line 757
5861 MOVE                 R59 <- R57  ; line 757
5862 HOST_CALL            a=60 b=11 c=58 imm=2  ; line 757
5863 MOVE                 R61 <- R60  ; line 757
5864 MOVE                 R62 <- R9  ; line 758
5865 HOST_CALL            a=63 b=60 c=62 imm=1  ; line 758
5866 MOVE                 R64 <- R28  ; line 758
5867 MOVE                 R65 <- R35  ; line 758
5868 MOVE                 R66 <- R63  ; line 758
5869 MOVE                 R67 <- R61  ; line 758
5870 CALL                 a=68 b=109 c=64 imm=4  ; line 758
5871 MOVE                 R69 <- R68  ; line 758
5872 MOVE                 R70 <- R9  ; line 759
5873 MOVE                 R71 <- R14  ; line 759
5874 MOVE                 R72 <- R69  ; line 759
5875 MOVE                 R73 <- R35  ; line 759
5876 MOVE                 R74 <- R42  ; line 759
5877 MOVE                 R75 <- R49  ; line 759
5878 MOVE                 R76 <- R56  ; line 759
5879 MOVE                 R77 <- R61  ; line 759
5880 CALL                 a=78 b=110 c=70 imm=8  ; line 759
5881 MOVE                 R79 <- R78  ; line 759
5882 LOAD_CONST           R80 constant[1272]  ; line 760
5883 MOVE                 R81 <- R79  ; line 760
5884 MOVE                 R82 <- R80  ; line 760
5885 HOST_CALL            a=83 b=11 c=81 imm=2  ; line 760
5886 MOVE                 R84 <- R9  ; line 760
5887 MOVE                 R85 <- R83  ; line 760
5888 HOST_CALL            a=86 b=67 c=84 imm=2  ; line 760
5889 LOAD_CONST           R87 constant[1273]  ; line 760
5890 MOVE                 R88 <- R79  ; line 760
5891 MOVE                 R89 <- R87  ; line 760
5892 HOST_CALL            a=90 b=11 c=88 imm=2  ; line 760
5893 BINARY               a=86 b=90 c=91 imm=0  ; line 760
5894 MOVE                 R92 <- R91  ; line 760
5895 HOST_CALL            a=93 b=172 c=92 imm=1  ; line 760
5896 MOVE                 R94 <- R93  ; line 760
5897 LOAD_CONST           R95 constant[1274]  ; line 761
5898 MOVE                 R96 <- R79  ; line 761
5899 MOVE                 R97 <- R95  ; line 761
5900 HOST_CALL            a=98 b=11 c=96 imm=2  ; line 761
5901 MOVE                 R99 <- R94  ; line 761
5902 MOVE                 R100 <- R98  ; line 761
5903 HOST_CALL            a=101 b=67 c=99 imm=2  ; line 761
5904 LOAD_CONST           R102 constant[1275]  ; line 761
5905 MOVE                 R103 <- R79  ; line 761
5906 MOVE                 R104 <- R102  ; line 761
5907 HOST_CALL            a=105 b=11 c=103 imm=2  ; line 761
5908 BINARY               a=101 b=105 c=106 imm=0  ; line 761
5909 MOVE                 R107 <- R106  ; line 761
5910 LOAD_CONST           R108 constant[1276]  ; line 762
5911 COMPARE              a=56 b=108 c=109 imm=0  ; line 762
5912 JUMP_IF_FALSE        R109 -> 5921  ; line 762
5913 MOVE                 R108 <- R107  ; line 763
5914 HOST_CALL            a=109 b=169 c=108 imm=1  ; line 763
5915 MOVE                 R110 <- R109  ; line 763
5916 LOAD_CONST           R111 constant[1277]  ; line 764
5917 BINARY               a=110 b=111 c=112 imm=0  ; line 764
5918 BINARY               a=110 b=112 c=113 imm=3  ; line 764
5919 MOVE                 R107 <- R113  ; line 764
5920 JUMP                 -> 5921  ; line 764
5921 MOVE                 R111 <- R107  ; line 766
5922 HOST_CALL            a=112 b=184 c=111 imm=1  ; line 766
5923 MOVE                 R113 <- R112  ; line 766
5924 MOVE                 R114 <- R14  ; line 767
5925 HOST_CALL            a=115 b=184 c=114 imm=1  ; line 767
5926 BINARY               a=113 b=115 c=116 imm=1  ; line 767
5927 MOVE                 R117 <- R14  ; line 767
5928 HOST_CALL            a=118 b=184 c=117 imm=1  ; line 767
5929 BINARY               a=113 b=118 c=119 imm=1  ; line 767
5930 BINARY               a=116 b=119 c=120 imm=2  ; line 767
5931 MOVE                 R121 <- R120  ; line 767
5932 HOST_CALL            a=122 b=69 c=121 imm=1  ; line 767
5933 MOVE                 R123 <- R122  ; line 767
5934 MOVE                 R124 <- R21  ; line 768
5935 MOVE                 R125 <- R123  ; line 768
5936 CALL                 a=126 b=99 c=124 imm=2  ; line 768
5937 MOVE                 R127 <- R126  ; line 768
5938 LOAD_CONST           R128 constant[1278]  ; line 769
5939 COMPARE              a=56 b=128 c=129 imm=0  ; line 769
5940 JUMP_IF_FALSE        R129 -> 5951  ; line 769
5941 LOAD_CONST           R128 constant[1279]  ; line 770
5942 UNARY                a=128 b=129 c=4294967295 imm=0  ; line 770
5943 BINARY               a=107 b=129 c=130 imm=2  ; line 770
5944 LOAD_CONST           R131 constant[1280]  ; line 770
5945 BINARY               a=130 b=131 c=132 imm=0  ; line 770
5946 BINARY               a=107 b=132 c=133 imm=2  ; line 770
5947 MOVE                 R134 <- R133  ; line 770
5948 HOST_CALL            a=135 b=184 c=134 imm=1  ; line 770
5949 MOVE                 R127 <- R135  ; line 770
5950 JUMP                 -> 5951  ; line 770
5951 LOAD_CONST           R128 constant[1281]  ; line 772
5952 LOAD_CONST           R129 constant[1282]  ; line 772
5953 LOAD_CONST           R130 constant[1283]  ; line 772
5954 LOAD_CONST           R131 constant[1284]  ; line 772
5955 LOAD_CONST           R132 constant[1285]  ; line 772
5956 LOAD_CONST           R133 constant[1286]  ; line 772
5957 LOAD_CONST           R134 constant[1287]  ; line 772
5958 LOAD_CONST           R135 constant[1288]  ; line 772
5959 MOVE                 R136 <- R79  ; line 772
5960 MOVE                 R137 <- R135  ; line 772
5961 HOST_CALL            a=138 b=11 c=136 imm=2  ; line 772
5962 LOAD_CONST           R139 constant[1289]  ; line 772
5963 LOAD_CONST           R140 constant[1290]  ; line 772
5964 MOVE                 R141 <- R79  ; line 772
5965 MOVE                 R142 <- R140  ; line 772
5966 HOST_CALL            a=143 b=11 c=141 imm=2  ; line 772
5967 LOAD_CONST           R144 constant[1291]  ; line 772
5968 LOAD_CONST           R145 constant[1292]  ; line 772
5969 MOVE                 R146 <- R79  ; line 772
5970 MOVE                 R147 <- R145  ; line 772
5971 HOST_CALL            a=148 b=11 c=146 imm=2  ; line 772
5972 LOAD_CONST           R149 constant[1293]  ; line 772
5973 LOAD_CONST           R150 constant[1294]  ; line 772
5974 MOVE                 R151 <- R79  ; line 772
5975 MOVE                 R152 <- R150  ; line 772
5976 HOST_CALL            a=153 b=11 c=151 imm=2  ; line 772
5977 LOAD_CONST           R154 constant[1295]  ; line 772
5978 MOVE                 R155 <- R134  ; line 772
5979 MOVE                 R156 <- R138  ; line 772
5980 MOVE                 R157 <- R139  ; line 772
5981 MOVE                 R158 <- R143  ; line 772
5982 MOVE                 R159 <- R144  ; line 772
5983 MOVE                 R160 <- R148  ; line 772
5984 MOVE                 R161 <- R149  ; line 772
5985 MOVE                 R162 <- R153  ; line 772
5986 MOVE                 R163 <- R154  ; line 772
5987 MOVE                 R164 <- R35  ; line 772
5988 HOST_CALL            a=165 b=6 c=155 imm=10  ; line 772
5989 LOAD_CONST           R166 constant[1296]  ; line 772
5990 LOAD_CONST           R167 constant[1297]  ; line 772
5991 MOVE                 R168 <- R167  ; line 772
5992 MOVE                 R169 <- R123  ; line 772
5993 HOST_CALL            a=170 b=6 c=168 imm=2  ; line 772
5994 LOAD_CONST           R171 constant[1298]  ; line 772
5995 ARRAY_NEW            a=172 b=172 c=0 imm=4294967295  ; line 772
5996 LOAD_CONST           R173 constant[1299]  ; line 772
5997 LOAD_CONST           R174 constant[1300]  ; line 772
5998 LOAD_CONST           R175 constant[1301]  ; line 772
5999 MOVE                 R176 <- R174  ; line 772
6000 MOVE                 R177 <- R42  ; line 772
6001 MOVE                 R178 <- R175  ; line 772
6002 MOVE                 R179 <- R49  ; line 772
6003 HOST_CALL            a=180 b=6 c=176 imm=4  ; line 772
6004 LOAD_CONST           R181 constant[1302]  ; line 772
6005 LOAD_CONST           R182 constant[1303]  ; line 772
6006 LOAD_CONST           R183 constant[1304]  ; line 772
6007 MOVE                 R184 <- R9  ; line 772
6008 HOST_CALL            a=185 b=60 c=184 imm=1  ; line 772
6009 LOAD_CONST           R186 constant[1305]  ; line 772
6010 LOAD_CONST           R187 constant[1306]  ; line 772
6011 MOVE                 R188 <- R128  ; line 772
6012 MOVE                 R189 <- R129  ; line 772
6013 MOVE                 R190 <- R130  ; line 772
6014 MOVE                 R191 <- R131  ; line 772
6015 MOVE                 R192 <- R132  ; line 772
6016 MOVE                 R193 <- R56  ; line 772
6017 MOVE                 R194 <- R133  ; line 772
6018 MOVE                 R195 <- R165  ; line 772
6019 MOVE                 R196 <- R166  ; line 772
6020 MOVE                 R197 <- R170  ; line 772
6021 MOVE                 R198 <- R171  ; line 772
6022 MOVE                 R199 <- R172  ; line 772
6023 MOVE                 R200 <- R173  ; line 772
6024 MOVE                 R201 <- R180  ; line 772
6025 MOVE                 R202 <- R181  ; line 772
6026 MOVE                 R203 <- R182  ; line 772
6027 MOVE                 R204 <- R183  ; line 772
6028 MOVE                 R205 <- R185  ; line 772
6029 MOVE                 R206 <- R186  ; line 772
6030 MOVE                 R207 <- R187  ; line 772
6031 HOST_CALL            a=208 b=6 c=188 imm=20  ; line 772
6032 MOVE                 R209 <- R208  ; line 772
6033 LOAD_CONST           R210 constant[1307]  ; line 779
6034 LOAD_CONST           R211 constant[1308]  ; line 779
6035 MOVE                 R212 <- R210  ; line 779
6036 MOVE                 R213 <- R123  ; line 779
6037 MOVE                 R214 <- R211  ; line 779
6038 MOVE                 R215 <- R21  ; line 779
6039 HOST_CALL            a=216 b=6 c=212 imm=4  ; line 779
6040 LOAD_CONST           R217 constant[1309]  ; line 779
6041 LOAD_CONST           R218 constant[1310]  ; line 779
6042 MOVE                 R219 <- R218  ; line 779
6043 ARRAY_NEW            a=220 b=219 c=1 imm=4294967295  ; line 779
6044 MOVE                 R221 <- R209  ; line 779
6045 MOVE                 R222 <- R113  ; line 779
6046 MOVE                 R223 <- R127  ; line 779
6047 MOVE                 R224 <- R216  ; line 779
6048 MOVE                 R225 <- R217  ; line 779
6049 MOVE                 R226 <- R220  ; line 779
6050 CALL                 a=227 b=101 c=221 imm=6  ; line 779
6051 RETURN               R227  ; line 779
6052 LOAD_CONST           R228 constant[1311]  ; line 779
6053 RETURN               R228  ; line 779
6054 MOVE                 R2 <- R1  ; line 784
6055 HOST_CALL            a=3 b=61 c=2 imm=1  ; line 784
6056 LOAD_CONST           R4 constant[1312]  ; line 784
6057 MOVE                 R5 <- R3  ; line 784
6058 MOVE                 R6 <- R4  ; line 784
6059 HOST_CALL            a=7 b=11 c=5 imm=2  ; line 784
6060 MOVE                 R8 <- R7  ; line 784
6061 MOVE                 R9 <- R1  ; line 785
6062 HOST_CALL            a=10 b=61 c=9 imm=1  ; line 785
6063 LOAD_CONST           R11 constant[1313]  ; line 785
6064 MOVE                 R12 <- R10  ; line 785
6065 MOVE                 R13 <- R11  ; line 785
6066 HOST_CALL            a=14 b=11 c=12 imm=2  ; line 785
6067 MOVE                 R15 <- R14  ; line 785
6068 LOAD_CONST           R16 constant[1314]  ; line 786
6069 MOVE                 R17 <- R0  ; line 786
6070 MOVE                 R18 <- R16  ; line 786
6071 HOST_CALL            a=19 b=11 c=17 imm=2  ; line 786
6072 LOAD_CONST           R20 constant[1315]  ; line 786
6073 MOVE                 R21 <- R19  ; line 786
6074 MOVE                 R22 <- R20  ; line 786
6075 HOST_CALL            a=23 b=11 c=21 imm=2  ; line 786
6076 MOVE                 R24 <- R23  ; line 786
6077 LOAD_CONST           R25 constant[1316]  ; line 787
6078 MOVE                 R26 <- R25  ; line 787
6079 HOST_CALL            a=27 b=22 c=26 imm=1  ; line 787
6080 MOVE                 R28 <- R27  ; line 787
6081 LOAD_CONST           R29 constant[1317]  ; line 788
6082 MOVE                 R30 <- R29  ; line 788
6083 COMPARE              a=30 b=8 c=31 imm=2  ; line 789
6084 JUMP_IF_FALSE        R31 -> 6183  ; line 789
6085 LOAD_CONST           R31 constant[1318]  ; line 790
6086 MOVE                 R32 <- R0  ; line 790
6087 MOVE                 R33 <- R31  ; line 790
6088 HOST_CALL            a=34 b=11 c=32 imm=2  ; line 790
6089 LOAD_CONST           R35 constant[1319]  ; line 790
6090 MOVE                 R36 <- R34  ; line 790
6091 MOVE                 R37 <- R35  ; line 790
6092 HOST_CALL            a=38 b=11 c=36 imm=2  ; line 790
6093 MOVE                 R39 <- R38  ; line 790
6094 LOAD_CONST           R40 constant[1320]  ; line 791
6095 MOVE                 R41 <- R40  ; line 791
6096 COMPARE              a=41 b=24 c=42 imm=2  ; line 792
6097 JUMP_IF_FALSE        R42 -> 6165  ; line 792
6098 LOAD_CONST           R42 constant[1321]  ; line 793
6099 MOVE                 R43 <- R0  ; line 793
6100 MOVE                 R44 <- R42  ; line 793
6101 HOST_CALL            a=45 b=11 c=43 imm=2  ; line 793
6102 LOAD_CONST           R46 constant[1322]  ; line 793
6103 MOVE                 R47 <- R45  ; line 793
6104 MOVE                 R48 <- R46  ; line 793
6105 HOST_CALL            a=49 b=11 c=47 imm=2  ; line 793
6106 MOVE                 R50 <- R49  ; line 793
6107 MOVE                 R51 <- R41  ; line 793
6108 HOST_CALL            a=52 b=11 c=50 imm=2  ; line 793
6109 MOVE                 R53 <- R52  ; line 793
6110 LOAD_CONST           R54 constant[1323]  ; line 794
6111 MOVE                 R55 <- R54  ; line 794
6112 COMPARE              a=55 b=15 c=56 imm=2  ; line 795
6113 JUMP_IF_FALSE        R56 -> 6141  ; line 795
6114 MOVE                 R56 <- R30  ; line 796
6115 MOVE                 R57 <- R55  ; line 796
6116 ARRAY_NEW            a=58 b=56 c=2 imm=4294967295  ; line 796
6117 MOVE                 R59 <- R1  ; line 796
6118 MOVE                 R60 <- R58  ; line 796
6119 HOST_CALL            a=61 b=11 c=59 imm=2  ; line 796
6120 LOAD_CONST           R62 constant[1324]  ; line 796
6121 MOVE                 R63 <- R0  ; line 796
6122 MOVE                 R64 <- R62  ; line 796
6123 HOST_CALL            a=65 b=11 c=63 imm=2  ; line 796
6124 LOAD_CONST           R66 constant[1325]  ; line 796
6125 MOVE                 R67 <- R65  ; line 796
6126 MOVE                 R68 <- R66  ; line 796
6127 HOST_CALL            a=69 b=11 c=67 imm=2  ; line 796
6128 MOVE                 R70 <- R55  ; line 796
6129 MOVE                 R71 <- R41  ; line 796
6130 ARRAY_NEW            a=72 b=70 c=2 imm=4294967295  ; line 796
6131 MOVE                 R73 <- R69  ; line 796
6132 MOVE                 R74 <- R72  ; line 796
6133 HOST_CALL            a=75 b=11 c=73 imm=2  ; line 796
6134 BINARY               a=61 b=75 c=76 imm=2  ; line 796
6135 BINARY               a=53 b=76 c=77 imm=0  ; line 796
6136 MOVE                 R53 <- R77  ; line 796
6137 LOAD_CONST           R56 constant[1326]  ; line 797
6138 BINARY               a=55 b=56 c=57 imm=0  ; line 797
6139 MOVE                 R55 <- R57  ; line 797
6140 JUMP                 -> 6112  ; line 797
6141 LOAD_CONST           R56 constant[1327]  ; line 799
6142 COMPARE              a=53 b=56 c=57 imm=2  ; line 799
6143 JUMP_IF_FALSE        R57 -> 6147  ; line 799
6144 LOAD_CONST           R56 constant[1328]  ; line 799
6145 MOVE                 R53 <- R56  ; line 799
6146 JUMP                 -> 6147  ; line 799
6147 LOAD_CONST           R56 constant[1329]  ; line 800
6148 MOVE                 R57 <- R0  ; line 800
6149 MOVE                 R58 <- R56  ; line 800
6150 HOST_CALL            a=59 b=11 c=57 imm=2  ; line 800
6151 LOAD_CONST           R60 constant[1330]  ; line 800
6152 MOVE                 R61 <- R59  ; line 800
6153 MOVE                 R62 <- R60  ; line 800
6154 HOST_CALL            a=63 b=11 c=61 imm=2  ; line 800
6155 MOVE                 R64 <- R63  ; line 800
6156 MOVE                 R65 <- R41  ; line 800
6157 HOST_CALL            a=66 b=11 c=64 imm=2  ; line 800
6158 BINARY               a=53 b=66 c=67 imm=2  ; line 800
6159 BINARY               a=39 b=67 c=68 imm=0  ; line 800
6160 MOVE                 R39 <- R68  ; line 800
6161 LOAD_CONST           R56 constant[1331]  ; line 801
6162 BINARY               a=41 b=56 c=57 imm=0  ; line 801
6163 MOVE                 R41 <- R57  ; line 801
6164 JUMP                 -> 6096  ; line 801
6165 LOAD_CONST           R56 constant[1332]  ; line 803
6166 MOVE                 R57 <- R0  ; line 803
6167 MOVE                 R58 <- R56  ; line 803
6168 HOST_CALL            a=59 b=11 c=57 imm=2  ; line 803
6169 LOAD_CONST           R60 constant[1333]  ; line 803
6170 COMPARE              a=59 b=60 c=61 imm=0  ; line 803
6171 JUMP_IF_FALSE        R61 -> 6176  ; line 803
6172 MOVE                 R56 <- R39  ; line 803
6173 CALL                 a=57 b=92 c=56 imm=1  ; line 803
6174 MOVE                 R39 <- R57  ; line 803
6175 JUMP                 -> 6176  ; line 803
6176 MOVE                 R56 <- R28  ; line 804
6177 MOVE                 R57 <- R39  ; line 804
6178 HOST_CALL            a=58 b=23 c=56 imm=2  ; line 804
6179 LOAD_CONST           R56 constant[1334]  ; line 805
6180 BINARY               a=30 b=56 c=57 imm=0  ; line 805
6181 MOVE                 R30 <- R57  ; line 805
6182 JUMP                 -> 6083  ; line 805
6183 RETURN               R28  ; line 807
6184 LOAD_CONST           R56 constant[1335]  ; line 807
6185 RETURN               R56  ; line 807
6186 LOAD_CONST           R2 constant[1336]  ; line 811
6187 MOVE                 R3 <- R2  ; line 811
6188 HOST_CALL            a=4 b=22 c=3 imm=1  ; line 811
6189 MOVE                 R5 <- R4  ; line 811
6190 LOAD_CONST           R6 constant[1337]  ; line 812
6191 MOVE                 R7 <- R6  ; line 812
6192 COMPARE              a=7 b=0 c=8 imm=2  ; line 813
6193 JUMP_IF_FALSE        R8 -> 6203  ; line 813
6194 MOVE                 R8 <- R1  ; line 814
6195 CALL                 a=9 b=96 c=8 imm=1  ; line 814
6196 MOVE                 R10 <- R5  ; line 814
6197 MOVE                 R11 <- R9  ; line 814
6198 HOST_CALL            a=12 b=23 c=10 imm=2  ; line 814
6199 LOAD_CONST           R8 constant[1338]  ; line 815
6200 BINARY               a=7 b=8 c=9 imm=0  ; line 815
6201 MOVE                 R7 <- R9  ; line 815
6202 JUMP                 -> 6192  ; line 815
6203 RETURN               R5  ; line 817
6204 LOAD_CONST           R8 constant[1339]  ; line 817
6205 RETURN               R8  ; line 817
6206 MOVE                 R1 <- R0  ; line 821
6207 MOVE                 R2 <- R0  ; line 821
6208 CALL                 a=3 b=113 c=1 imm=2  ; line 821
6209 MOVE                 R4 <- R3  ; line 821
6210 LOAD_CONST           R5 constant[1340]  ; line 822
6211 MOVE                 R6 <- R5  ; line 822
6212 COMPARE              a=6 b=0 c=7 imm=2  ; line 823
6213 JUMP_IF_FALSE        R7 -> 6227  ; line 823
6214 MOVE                 R7 <- R4  ; line 824
6215 MOVE                 R8 <- R6  ; line 824
6216 HOST_CALL            a=9 b=11 c=7 imm=2  ; line 824
6217 MOVE                 R10 <- R9  ; line 824
6218 LOAD_CONST           R11 constant[1341]  ; line 825
6219 MOVE                 R12 <- R10  ; line 825
6220 MOVE                 R13 <- R6  ; line 825
6221 MOVE                 R14 <- R11  ; line 825
6222 HOST_CALL            a=15 b=12 c=12 imm=3  ; line 825
6223 LOAD_CONST           R11 constant[1342]  ; line 826
6224 BINARY               a=6 b=11 c=12 imm=0  ; line 826
6225 MOVE                 R6 <- R12  ; line 826
6226 JUMP                 -> 6212  ; line 826
6227 RETURN               R4  ; line 828
6228 LOAD_CONST           R11 constant[1343]  ; line 828
6229 RETURN               R11  ; line 828
6230 MOVE                 R1 <- R0  ; line 832
6231 HOST_CALL            a=2 b=61 c=1 imm=1  ; line 832
6232 MOVE                 R3 <- R2  ; line 832
6233 LOAD_CONST           R4 constant[1344]  ; line 833
6234 MOVE                 R5 <- R3  ; line 833
6235 MOVE                 R6 <- R4  ; line 833
6236 HOST_CALL            a=7 b=11 c=5 imm=2  ; line 833
6237 LOAD_CONST           R8 constant[1345]  ; line 833
6238 MOVE                 R9 <- R3  ; line 833
6239 MOVE                 R10 <- R8  ; line 833
6240 HOST_CALL            a=11 b=11 c=9 imm=2  ; line 833
6241 MOVE                 R12 <- R7  ; line 833
6242 MOVE                 R13 <- R11  ; line 833
6243 CALL                 a=14 b=113 c=12 imm=2  ; line 833
6244 MOVE                 R15 <- R14  ; line 833
6245 LOAD_CONST           R16 constant[1346]  ; line 834
6246 MOVE                 R17 <- R16  ; line 834
6247 LOAD_CONST           R18 constant[1347]  ; line 835
6248 MOVE                 R19 <- R3  ; line 835
6249 MOVE                 R20 <- R18  ; line 835
6250 HOST_CALL            a=21 b=11 c=19 imm=2  ; line 835
6251 COMPARE              a=17 b=21 c=22 imm=2  ; line 835
6252 JUMP_IF_FALSE        R22 -> 6283  ; line 835
6253 MOVE                 R18 <- R15  ; line 836
6254 MOVE                 R19 <- R17  ; line 836
6255 HOST_CALL            a=20 b=11 c=18 imm=2  ; line 836
6256 MOVE                 R21 <- R20  ; line 836
6257 LOAD_CONST           R22 constant[1348]  ; line 837
6258 MOVE                 R23 <- R22  ; line 837
6259 LOAD_CONST           R24 constant[1349]  ; line 838
6260 MOVE                 R25 <- R3  ; line 838
6261 MOVE                 R26 <- R24  ; line 838
6262 HOST_CALL            a=27 b=11 c=25 imm=2  ; line 838
6263 COMPARE              a=23 b=27 c=28 imm=2  ; line 838
6264 JUMP_IF_FALSE        R28 -> 6279  ; line 838
6265 MOVE                 R24 <- R17  ; line 839
6266 MOVE                 R25 <- R23  ; line 839
6267 ARRAY_NEW            a=26 b=24 c=2 imm=4294967295  ; line 839
6268 MOVE                 R27 <- R0  ; line 839
6269 MOVE                 R28 <- R26  ; line 839
6270 HOST_CALL            a=29 b=11 c=27 imm=2  ; line 839
6271 MOVE                 R30 <- R21  ; line 839
6272 MOVE                 R31 <- R23  ; line 839
6273 MOVE                 R32 <- R29  ; line 839
6274 HOST_CALL            a=33 b=12 c=30 imm=3  ; line 839
6275 LOAD_CONST           R24 constant[1350]  ; line 840
6276 BINARY               a=23 b=24 c=25 imm=0  ; line 840
6277 MOVE                 R23 <- R25  ; line 840
6278 JUMP                 -> 6259  ; line 840
6279 LOAD_CONST           R24 constant[1351]  ; line 842
6280 BINARY               a=17 b=24 c=25 imm=0  ; line 842
6281 MOVE                 R17 <- R25  ; line 842
6282 JUMP                 -> 6247  ; line 842
6283 RETURN               R15  ; line 844
6284 LOAD_CONST           R24 constant[1352]  ; line 844
6285 RETURN               R24  ; line 844
6286 MOVE                 R1 <- R0  ; line 848
6287 HOST_CALL            a=2 b=61 c=1 imm=1  ; line 848
6288 LOAD_CONST           R3 constant[1353]  ; line 848
6289 MOVE                 R4 <- R2  ; line 848
6290 MOVE                 R5 <- R3  ; line 848
6291 HOST_CALL            a=6 b=11 c=4 imm=2  ; line 848
6292 MOVE                 R7 <- R6  ; line 848
6293 MOVE                 R8 <- R7  ; line 849
6294 CALL                 a=9 b=96 c=8 imm=1  ; line 849
6295 MOVE                 R10 <- R9  ; line 849
6296 LOAD_CONST           R11 constant[1354]  ; line 850
6297 MOVE                 R12 <- R11  ; line 850
6298 COMPARE              a=12 b=7 c=13 imm=2  ; line 851
6299 JUMP_IF_FALSE        R13 -> 6311  ; line 851
6300 MOVE                 R13 <- R0  ; line 852
6301 MOVE                 R14 <- R12  ; line 852
6302 HOST_CALL            a=15 b=11 c=13 imm=2  ; line 852
6303 MOVE                 R16 <- R10  ; line 852
6304 MOVE                 R17 <- R12  ; line 852
6305 MOVE                 R18 <- R15  ; line 852
6306 HOST_CALL            a=19 b=12 c=16 imm=3  ; line 852
6307 LOAD_CONST           R13 constant[1355]  ; line 853
6308 BINARY               a=12 b=13 c=14 imm=0  ; line 853
6309 MOVE                 R12 <- R14  ; line 853
6310 JUMP                 -> 6298  ; line 853
6311 RETURN               R10  ; line 855
6312 LOAD_CONST           R13 constant[1356]  ; line 855
6313 RETURN               R13  ; line 855
6314 MOVE                 R1 <- R0  ; line 859
6315 HOST_CALL            a=2 b=26 c=1 imm=1  ; line 859
6316 MOVE                 R3 <- R2  ; line 859
6317 LOAD_CONST           R4 constant[1357]  ; line 860
6318 MOVE                 R5 <- R0  ; line 860
6319 MOVE                 R6 <- R4  ; line 860
6320 HOST_CALL            a=7 b=11 c=5 imm=2  ; line 860
6321 MOVE                 R8 <- R7  ; line 860
6322 HOST_CALL            a=9 b=26 c=8 imm=1  ; line 860
6323 MOVE                 R10 <- R9  ; line 860
6324 MOVE                 R11 <- R10  ; line 861
6325 MOVE                 R12 <- R3  ; line 861
6326 CALL                 a=13 b=113 c=11 imm=2  ; line 861
6327 MOVE                 R14 <- R13  ; line 861
6328 LOAD_CONST           R15 constant[1358]  ; line 862
6329 MOVE                 R16 <- R15  ; line 862
6330 COMPARE              a=16 b=3 c=17 imm=2  ; line 863
6331 JUMP_IF_FALSE        R17 -> 6358  ; line 863
6332 LOAD_CONST           R17 constant[1359]  ; line 864
6333 MOVE                 R18 <- R17  ; line 864
6334 COMPARE              a=18 b=10 c=19 imm=2  ; line 865
6335 JUMP_IF_FALSE        R19 -> 6354  ; line 865
6336 MOVE                 R19 <- R14  ; line 866
6337 MOVE                 R20 <- R18  ; line 866
6338 HOST_CALL            a=21 b=11 c=19 imm=2  ; line 866
6339 MOVE                 R22 <- R21  ; line 866
6340 MOVE                 R23 <- R0  ; line 867
6341 MOVE                 R24 <- R16  ; line 867
6342 HOST_CALL            a=25 b=11 c=23 imm=2  ; line 867
6343 MOVE                 R26 <- R25  ; line 867
6344 MOVE                 R27 <- R18  ; line 867
6345 HOST_CALL            a=28 b=11 c=26 imm=2  ; line 867
6346 MOVE                 R29 <- R22  ; line 867
6347 MOVE                 R30 <- R16  ; line 867
6348 MOVE                 R31 <- R28  ; line 867
6349 HOST_CALL            a=32 b=12 c=29 imm=3  ; line 867
6350 LOAD_CONST           R23 constant[1360]  ; line 868
6351 BINARY               a=18 b=23 c=24 imm=0  ; line 868
6352 MOVE                 R18 <- R24  ; line 868
6353 JUMP                 -> 6334  ; line 868
6354 LOAD_CONST           R23 constant[1361]  ; line 870
6355 BINARY               a=16 b=23 c=24 imm=0  ; line 870
6356 MOVE                 R16 <- R24  ; line 870
6357 JUMP                 -> 6330  ; line 870
6358 RETURN               R14  ; line 872
6359 LOAD_CONST           R23 constant[1362]  ; line 872
6360 RETURN               R23  ; line 872
6361 MOVE                 R2 <- R0  ; line 876
6362 HOST_CALL            a=3 b=26 c=2 imm=1  ; line 876
6363 MOVE                 R4 <- R3  ; line 876
6364 LOAD_CONST           R5 constant[1363]  ; line 877
6365 MOVE                 R6 <- R0  ; line 877
6366 MOVE                 R7 <- R5  ; line 877
6367 HOST_CALL            a=8 b=11 c=6 imm=2  ; line 877
6368 MOVE                 R9 <- R8  ; line 877
6369 HOST_CALL            a=10 b=26 c=9 imm=1  ; line 877
6370 MOVE                 R11 <- R10  ; line 877
6371 MOVE                 R12 <- R4  ; line 878
6372 MOVE                 R13 <- R11  ; line 878
6373 CALL                 a=14 b=113 c=12 imm=2  ; line 878
6374 MOVE                 R15 <- R14  ; line 878
6375 LOAD_CONST           R16 constant[1364]  ; line 879
6376 MOVE                 R17 <- R16  ; line 879
6377 COMPARE              a=17 b=4 c=18 imm=2  ; line 880
6378 JUMP_IF_FALSE        R18 -> 6412  ; line 880
6379 MOVE                 R18 <- R15  ; line 881
6380 MOVE                 R19 <- R17  ; line 881
6381 HOST_CALL            a=20 b=11 c=18 imm=2  ; line 881
6382 MOVE                 R21 <- R20  ; line 881
6383 LOAD_CONST           R22 constant[1365]  ; line 882
6384 MOVE                 R23 <- R22  ; line 882
6385 COMPARE              a=23 b=11 c=24 imm=2  ; line 883
6386 JUMP_IF_FALSE        R24 -> 6408  ; line 883
6387 MOVE                 R24 <- R0  ; line 884
6388 MOVE                 R25 <- R17  ; line 884
6389 HOST_CALL            a=26 b=11 c=24 imm=2  ; line 884
6390 MOVE                 R27 <- R26  ; line 884
6391 MOVE                 R28 <- R23  ; line 884
6392 HOST_CALL            a=29 b=11 c=27 imm=2  ; line 884
6393 MOVE                 R30 <- R1  ; line 884
6394 MOVE                 R31 <- R17  ; line 884
6395 HOST_CALL            a=32 b=11 c=30 imm=2  ; line 884
6396 MOVE                 R33 <- R32  ; line 884
6397 MOVE                 R34 <- R23  ; line 884
6398 HOST_CALL            a=35 b=11 c=33 imm=2  ; line 884
6399 BINARY               a=29 b=35 c=36 imm=0  ; line 884
6400 MOVE                 R37 <- R21  ; line 884
6401 MOVE                 R38 <- R23  ; line 884
6402 MOVE                 R39 <- R36  ; line 884
6403 HOST_CALL            a=40 b=12 c=37 imm=3  ; line 884
6404 LOAD_CONST           R24 constant[1366]  ; line 885
6405 BINARY               a=23 b=24 c=25 imm=0  ; line 885
6406 MOVE                 R23 <- R25  ; line 885
6407 JUMP                 -> 6385  ; line 885
6408 LOAD_CONST           R24 constant[1367]  ; line 887
6409 BINARY               a=17 b=24 c=25 imm=0  ; line 887
6410 MOVE                 R17 <- R25  ; line 887
6411 JUMP                 -> 6377  ; line 887
6412 RETURN               R15  ; line 889
6413 LOAD_CONST           R24 constant[1368]  ; line 889
6414 RETURN               R24  ; line 889
6415 MOVE                 R2 <- R0  ; line 893
6416 HOST_CALL            a=3 b=26 c=2 imm=1  ; line 893
6417 MOVE                 R4 <- R3  ; line 893
6418 LOAD_CONST           R5 constant[1369]  ; line 894
6419 MOVE                 R6 <- R0  ; line 894
6420 MOVE                 R7 <- R5  ; line 894
6421 HOST_CALL            a=8 b=11 c=6 imm=2  ; line 894
6422 MOVE                 R9 <- R8  ; line 894
6423 HOST_CALL            a=10 b=26 c=9 imm=1  ; line 894
6424 MOVE                 R11 <- R10  ; line 894
6425 MOVE                 R12 <- R4  ; line 895
6426 MOVE                 R13 <- R11  ; line 895
6427 CALL                 a=14 b=113 c=12 imm=2  ; line 895
6428 MOVE                 R15 <- R14  ; line 895
6429 LOAD_CONST           R16 constant[1370]  ; line 896
6430 MOVE                 R17 <- R16  ; line 896
6431 COMPARE              a=17 b=4 c=18 imm=2  ; line 897
6432 JUMP_IF_FALSE        R18 -> 6466  ; line 897
6433 MOVE                 R18 <- R15  ; line 898
6434 MOVE                 R19 <- R17  ; line 898
6435 HOST_CALL            a=20 b=11 c=18 imm=2  ; line 898
6436 MOVE                 R21 <- R20  ; line 898
6437 LOAD_CONST           R22 constant[1371]  ; line 899
6438 MOVE                 R23 <- R22  ; line 899
6439 COMPARE              a=23 b=11 c=24 imm=2  ; line 900
6440 JUMP_IF_FALSE        R24 -> 6462  ; line 900
6441 MOVE                 R24 <- R0  ; line 901
6442 MOVE                 R25 <- R17  ; line 901
6443 HOST_CALL            a=26 b=11 c=24 imm=2  ; line 901
6444 MOVE                 R27 <- R26  ; line 901
6445 MOVE                 R28 <- R23  ; line 901
6446 HOST_CALL            a=29 b=11 c=27 imm=2  ; line 901
6447 MOVE                 R30 <- R1  ; line 901
6448 MOVE                 R31 <- R17  ; line 901
6449 HOST_CALL            a=32 b=11 c=30 imm=2  ; line 901
6450 MOVE                 R33 <- R32  ; line 901
6451 MOVE                 R34 <- R23  ; line 901
6452 HOST_CALL            a=35 b=11 c=33 imm=2  ; line 901
6453 BINARY               a=29 b=35 c=36 imm=1  ; line 901
6454 MOVE                 R37 <- R21  ; line 901
6455 MOVE                 R38 <- R23  ; line 901
6456 MOVE                 R39 <- R36  ; line 901
6457 HOST_CALL            a=40 b=12 c=37 imm=3  ; line 901
6458 LOAD_CONST           R24 constant[1372]  ; line 902
6459 BINARY               a=23 b=24 c=25 imm=0  ; line 902
6460 MOVE                 R23 <- R25  ; line 902
6461 JUMP                 -> 6439  ; line 902
6462 LOAD_CONST           R24 constant[1373]  ; line 904
6463 BINARY               a=17 b=24 c=25 imm=0  ; line 904
6464 MOVE                 R17 <- R25  ; line 904
6465 JUMP                 -> 6431  ; line 904
6466 RETURN               R15  ; line 906
6467 LOAD_CONST           R24 constant[1374]  ; line 906
6468 RETURN               R24  ; line 906
6469 MOVE                 R2 <- R0  ; line 910
6470 HOST_CALL            a=3 b=26 c=2 imm=1  ; line 910
6471 MOVE                 R4 <- R3  ; line 910
6472 MOVE                 R5 <- R1  ; line 911
6473 HOST_CALL            a=6 b=26 c=5 imm=1  ; line 911
6474 MOVE                 R7 <- R6  ; line 911
6475 LOAD_CONST           R8 constant[1375]  ; line 912
6476 MOVE                 R9 <- R1  ; line 912
6477 MOVE                 R10 <- R8  ; line 912
6478 HOST_CALL            a=11 b=11 c=9 imm=2  ; line 912
6479 MOVE                 R12 <- R11  ; line 912
6480 HOST_CALL            a=13 b=26 c=12 imm=1  ; line 912
6481 MOVE                 R14 <- R13  ; line 912
6482 MOVE                 R15 <- R4  ; line 913
6483 MOVE                 R16 <- R14  ; line 913
6484 CALL                 a=17 b=113 c=15 imm=2  ; line 913
6485 MOVE                 R18 <- R17  ; line 913
6486 LOAD_CONST           R19 constant[1376]  ; line 914
6487 MOVE                 R20 <- R19  ; line 914
6488 COMPARE              a=20 b=4 c=21 imm=2  ; line 915
6489 JUMP_IF_FALSE        R21 -> 6535  ; line 915
6490 MOVE                 R21 <- R18  ; line 916
6491 MOVE                 R22 <- R20  ; line 916
6492 HOST_CALL            a=23 b=11 c=21 imm=2  ; line 916
6493 MOVE                 R24 <- R23  ; line 916
6494 LOAD_CONST           R25 constant[1377]  ; line 917
6495 MOVE                 R26 <- R25  ; line 917
6496 COMPARE              a=26 b=14 c=27 imm=2  ; line 918
6497 JUMP_IF_FALSE        R27 -> 6531  ; line 918
6498 LOAD_CONST           R27 constant[1378]  ; line 919
6499 MOVE                 R28 <- R27  ; line 919
6500 LOAD_CONST           R29 constant[1379]  ; line 920
6501 MOVE                 R30 <- R29  ; line 920
6502 COMPARE              a=30 b=7 c=31 imm=2  ; line 921
6503 JUMP_IF_FALSE        R31 -> 6523  ; line 921
6504 MOVE                 R31 <- R0  ; line 922
6505 MOVE                 R32 <- R20  ; line 922
6506 HOST_CALL            a=33 b=11 c=31 imm=2  ; line 922
6507 MOVE                 R34 <- R33  ; line 922
6508 MOVE                 R35 <- R30  ; line 922
6509 HOST_CALL            a=36 b=11 c=34 imm=2  ; line 922
6510 MOVE                 R37 <- R1  ; line 922
6511 MOVE                 R38 <- R30  ; line 922
6512 HOST_CALL            a=39 b=11 c=37 imm=2  ; line 922
6513 MOVE                 R40 <- R39  ; line 922
6514 MOVE                 R41 <- R26  ; line 922
6515 HOST_CALL            a=42 b=11 c=40 imm=2  ; line 922
6516 BINARY               a=36 b=42 c=43 imm=2  ; line 922
6517 BINARY               a=28 b=43 c=44 imm=0  ; line 922
6518 MOVE                 R28 <- R44  ; line 922
6519 LOAD_CONST           R31 constant[1380]  ; line 923
6520 BINARY               a=30 b=31 c=32 imm=0  ; line 923
6521 MOVE                 R30 <- R32  ; line 923
6522 JUMP                 -> 6502  ; line 923
6523 MOVE                 R31 <- R24  ; line 925
6524 MOVE                 R32 <- R26  ; line 925
6525 MOVE                 R33 <- R28  ; line 925
6526 HOST_CALL            a=34 b=12 c=31 imm=3  ; line 925
6527 LOAD_CONST           R31 constant[1381]  ; line 926
6528 BINARY               a=26 b=31 c=32 imm=0  ; line 926
6529 MOVE                 R26 <- R32  ; line 926
6530 JUMP                 -> 6496  ; line 926
6531 LOAD_CONST           R31 constant[1382]  ; line 928
6532 BINARY               a=20 b=31 c=32 imm=0  ; line 928
6533 MOVE                 R20 <- R32  ; line 928
6534 JUMP                 -> 6488  ; line 928
6535 RETURN               R18  ; line 930
6536 LOAD_CONST           R31 constant[1383]  ; line 930
6537 RETURN               R31  ; line 930
6538 MOVE                 R2 <- R0  ; line 934
6539 HOST_CALL            a=3 b=26 c=2 imm=1  ; line 934
6540 MOVE                 R4 <- R3  ; line 934
6541 MOVE                 R5 <- R1  ; line 935
6542 HOST_CALL            a=6 b=26 c=5 imm=1  ; line 935
6543 MOVE                 R7 <- R6  ; line 935
6544 MOVE                 R8 <- R4  ; line 936
6545 CALL                 a=9 b=96 c=8 imm=1  ; line 936
6546 MOVE                 R10 <- R9  ; line 936
6547 LOAD_CONST           R11 constant[1384]  ; line 937
6548 MOVE                 R12 <- R11  ; line 937
6549 COMPARE              a=12 b=4 c=13 imm=2  ; line 938
6550 JUMP_IF_FALSE        R13 -> 6581  ; line 938
6551 LOAD_CONST           R13 constant[1385]  ; line 939
6552 MOVE                 R14 <- R13  ; line 939
6553 LOAD_CONST           R15 constant[1386]  ; line 940
6554 MOVE                 R16 <- R15  ; line 940
6555 COMPARE              a=16 b=7 c=17 imm=2  ; line 941
6556 JUMP_IF_FALSE        R17 -> 6573  ; line 941
6557 MOVE                 R17 <- R0  ; line 942
6558 MOVE                 R18 <- R12  ; line 942
6559 HOST_CALL            a=19 b=11 c=17 imm=2  ; line 942
6560 MOVE                 R20 <- R19  ; line 942
6561 MOVE                 R21 <- R16  ; line 942
6562 HOST_CALL            a=22 b=11 c=20 imm=2  ; line 942
6563 MOVE                 R23 <- R1  ; line 942
6564 MOVE                 R24 <- R16  ; line 942
6565 HOST_CALL            a=25 b=11 c=23 imm=2  ; line 942
6566 BINARY               a=22 b=25 c=26 imm=2  ; line 942
6567 BINARY               a=14 b=26 c=27 imm=0  ; line 942
6568 MOVE                 R14 <- R27  ; line 942
6569 LOAD_CONST           R17 constant[1387]  ; line 943
6570 BINARY               a=16 b=17 c=18 imm=0  ; line 943
6571 MOVE                 R16 <- R18  ; line 943
6572 JUMP                 -> 6555  ; line 943
6573 MOVE                 R17 <- R10  ; line 945
6574 MOVE                 R18 <- R12  ; line 945
6575 MOVE                 R19 <- R14  ; line 945
6576 HOST_CALL            a=20 b=12 c=17 imm=3  ; line 945
6577 LOAD_CONST           R17 constant[1388]  ; line 946
6578 BINARY               a=12 b=17 c=18 imm=0  ; line 946
6579 MOVE                 R12 <- R18  ; line 946
6580 JUMP                 -> 6549  ; line 946
6581 RETURN               R10  ; line 948
6582 LOAD_CONST           R17 constant[1389]  ; line 948
6583 RETURN               R17  ; line 948
6584 MOVE                 R2 <- R0  ; line 952
6585 HOST_CALL            a=3 b=26 c=2 imm=1  ; line 952
6586 MOVE                 R4 <- R3  ; line 952
6587 CALL                 a=5 b=96 c=4 imm=1  ; line 952
6588 MOVE                 R6 <- R5  ; line 952
6589 LOAD_CONST           R7 constant[1390]  ; line 953
6590 MOVE                 R8 <- R7  ; line 953
6591 MOVE                 R9 <- R0  ; line 954
6592 HOST_CALL            a=10 b=26 c=9 imm=1  ; line 954
6593 COMPARE              a=8 b=10 c=11 imm=2  ; line 954
6594 JUMP_IF_FALSE        R11 -> 6610  ; line 954
6595 MOVE                 R9 <- R0  ; line 955
6596 MOVE                 R10 <- R8  ; line 955
6597 HOST_CALL            a=11 b=11 c=9 imm=2  ; line 955
6598 MOVE                 R12 <- R1  ; line 955
6599 MOVE                 R13 <- R8  ; line 955
6600 HOST_CALL            a=14 b=11 c=12 imm=2  ; line 955
6601 BINARY               a=11 b=14 c=15 imm=0  ; line 955
6602 MOVE                 R16 <- R6  ; line 955
6603 MOVE                 R17 <- R8  ; line 955
6604 MOVE                 R18 <- R15  ; line 955
6605 HOST_CALL            a=19 b=12 c=16 imm=3  ; line 955
6606 LOAD_CONST           R9 constant[1391]  ; line 956
6607 BINARY               a=8 b=9 c=10 imm=0  ; line 956
6608 MOVE                 R8 <- R10  ; line 956
6609 JUMP                 -> 6591  ; line 956
6610 RETURN               R6  ; line 958
6611 LOAD_CONST           R9 constant[1392]  ; line 958
6612 RETURN               R9  ; line 958
6613 MOVE                 R2 <- R0  ; line 962
6614 HOST_CALL            a=3 b=26 c=2 imm=1  ; line 962
6615 MOVE                 R4 <- R3  ; line 962
6616 CALL                 a=5 b=96 c=4 imm=1  ; line 962
6617 MOVE                 R6 <- R5  ; line 962
6618 LOAD_CONST           R7 constant[1393]  ; line 963
6619 MOVE                 R8 <- R7  ; line 963
6620 MOVE                 R9 <- R0  ; line 964
6621 HOST_CALL            a=10 b=26 c=9 imm=1  ; line 964
6622 COMPARE              a=8 b=10 c=11 imm=2  ; line 964
6623 JUMP_IF_FALSE        R11 -> 6639  ; line 964
6624 MOVE                 R9 <- R0  ; line 965
6625 MOVE                 R10 <- R8  ; line 965
6626 HOST_CALL            a=11 b=11 c=9 imm=2  ; line 965
6627 MOVE                 R12 <- R1  ; line 965
6628 MOVE                 R13 <- R8  ; line 965
6629 HOST_CALL            a=14 b=11 c=12 imm=2  ; line 965
6630 BINARY               a=11 b=14 c=15 imm=1  ; line 965
6631 MOVE                 R16 <- R6  ; line 965
6632 MOVE                 R17 <- R8  ; line 965
6633 MOVE                 R18 <- R15  ; line 965
6634 HOST_CALL            a=19 b=12 c=16 imm=3  ; line 965
6635 LOAD_CONST           R9 constant[1394]  ; line 966
6636 BINARY               a=8 b=9 c=10 imm=0  ; line 966
6637 MOVE                 R8 <- R10  ; line 966
6638 JUMP                 -> 6620  ; line 966
6639 RETURN               R6  ; line 968
6640 LOAD_CONST           R9 constant[1395]  ; line 968
6641 RETURN               R9  ; line 968
6642 MOVE                 R1 <- R0  ; line 972
6643 HOST_CALL            a=2 b=26 c=1 imm=1  ; line 972
6644 MOVE                 R3 <- R2  ; line 972
6645 MOVE                 R4 <- R3  ; line 973
6646 MOVE                 R5 <- R3  ; line 973
6647 CALL                 a=6 b=113 c=4 imm=2  ; line 973
6648 MOVE                 R7 <- R6  ; line 973
6649 MOVE                 R8 <- R3  ; line 974
6650 CALL                 a=9 b=114 c=8 imm=1  ; line 974
6651 MOVE                 R10 <- R9  ; line 974
6652 LOAD_CONST           R11 constant[1396]  ; line 975
6653 MOVE                 R12 <- R11  ; line 975
6654 COMPARE              a=12 b=3 c=13 imm=2  ; line 976
6655 JUMP_IF_FALSE        R13 -> 6682  ; line 976
6656 MOVE                 R13 <- R7  ; line 977
6657 MOVE                 R14 <- R12  ; line 977
6658 HOST_CALL            a=15 b=11 c=13 imm=2  ; line 977
6659 MOVE                 R16 <- R15  ; line 977
6660 LOAD_CONST           R17 constant[1397]  ; line 978
6661 MOVE                 R18 <- R17  ; line 978
6662 COMPARE              a=18 b=3 c=19 imm=2  ; line 979
6663 JUMP_IF_FALSE        R19 -> 6678  ; line 979
6664 MOVE                 R19 <- R0  ; line 980
6665 MOVE                 R20 <- R12  ; line 980
6666 HOST_CALL            a=21 b=11 c=19 imm=2  ; line 980
6667 MOVE                 R22 <- R21  ; line 980
6668 MOVE                 R23 <- R18  ; line 980
6669 HOST_CALL            a=24 b=11 c=22 imm=2  ; line 980
6670 MOVE                 R25 <- R16  ; line 980
6671 MOVE                 R26 <- R18  ; line 980
6672 MOVE                 R27 <- R24  ; line 980
6673 HOST_CALL            a=28 b=12 c=25 imm=3  ; line 980
6674 LOAD_CONST           R19 constant[1398]  ; line 981
6675 BINARY               a=18 b=19 c=20 imm=0  ; line 981
6676 MOVE                 R18 <- R20  ; line 981
6677 JUMP                 -> 6662  ; line 981
6678 LOAD_CONST           R19 constant[1399]  ; line 983
6679 BINARY               a=12 b=19 c=20 imm=0  ; line 983
6680 MOVE                 R12 <- R20  ; line 983
6681 JUMP                 -> 6654  ; line 983
6682 LOAD_CONST           R19 constant[1400]  ; line 985
6683 MOVE                 R20 <- R19  ; line 985
6684 COMPARE              a=20 b=3 c=21 imm=2  ; line 986
6685 JUMP_IF_FALSE        R21 -> 6877  ; line 986
6686 MOVE                 R21 <- R20  ; line 987
6687 LOAD_CONST           R22 constant[1401]  ; line 988
6688 BINARY               a=20 b=22 c=23 imm=0  ; line 988
6689 MOVE                 R24 <- R23  ; line 988
6690 COMPARE              a=24 b=3 c=25 imm=2  ; line 989
6691 JUMP_IF_FALSE        R25 -> 6716  ; line 989
6692 MOVE                 R25 <- R7  ; line 990
6693 MOVE                 R26 <- R24  ; line 990
6694 HOST_CALL            a=27 b=11 c=25 imm=2  ; line 990
6695 MOVE                 R28 <- R27  ; line 990
6696 MOVE                 R29 <- R20  ; line 990
6697 HOST_CALL            a=30 b=11 c=28 imm=2  ; line 990
6698 MOVE                 R31 <- R30  ; line 990
6699 CALL                 a=32 b=89 c=31 imm=1  ; line 990
6700 MOVE                 R33 <- R7  ; line 990
6701 MOVE                 R34 <- R21  ; line 990
6702 HOST_CALL            a=35 b=11 c=33 imm=2  ; line 990
6703 MOVE                 R36 <- R35  ; line 990
6704 MOVE                 R37 <- R20  ; line 990
6705 HOST_CALL            a=38 b=11 c=36 imm=2  ; line 990
6706 MOVE                 R39 <- R38  ; line 990
6707 CALL                 a=40 b=89 c=39 imm=1  ; line 990
6708 COMPARE              a=32 b=40 c=41 imm=4  ; line 990
6709 JUMP_IF_FALSE        R41 -> 6712  ; line 990
6710 MOVE                 R21 <- R24  ; line 991
6711 JUMP                 -> 6712  ; line 991
6712 LOAD_CONST           R25 constant[1402]  ; line 993
6713 BINARY               a=24 b=25 c=26 imm=0  ; line 993
6714 MOVE                 R24 <- R26  ; line 993
6715 JUMP                 -> 6690  ; line 993
6716 MOVE                 R25 <- R7  ; line 995
6717 MOVE                 R26 <- R21  ; line 995
6718 HOST_CALL            a=27 b=11 c=25 imm=2  ; line 995
6719 MOVE                 R28 <- R27  ; line 995
6720 MOVE                 R29 <- R20  ; line 995
6721 HOST_CALL            a=30 b=11 c=28 imm=2  ; line 995
6722 MOVE                 R31 <- R30  ; line 995
6723 CALL                 a=32 b=89 c=31 imm=1  ; line 995
6724 LOAD_CONST           R33 constant[1403]  ; line 995
6725 COMPARE              a=32 b=33 c=34 imm=2  ; line 995
6726 JUMP_IF_FALSE        R34 -> 6746  ; line 995
6727 LOAD_CONST           R25 constant[1404]  ; line 996
6728 LOAD_CONST           R26 constant[1405]  ; line 996
6729 LOAD_CONST           R27 constant[1406]  ; line 996
6730 LOAD_CONST           R28 constant[1407]  ; line 996
6731 LOAD_CONST           R29 constant[1408]  ; line 996
6732 LOAD_CONST           R30 constant[1409]  ; line 996
6733 LOAD_CONST           R31 constant[1410]  ; line 996
6734 MOVE                 R32 <- R26  ; line 996
6735 MOVE                 R33 <- R27  ; line 996
6736 MOVE                 R34 <- R28  ; line 996
6737 MOVE                 R35 <- R29  ; line 996
6738 MOVE                 R36 <- R30  ; line 996
6739 MOVE                 R37 <- R31  ; line 996
6740 HOST_CALL            a=38 b=6 c=32 imm=6  ; line 996
6741 MOVE                 R39 <- R25  ; line 996
6742 MOVE                 R40 <- R38  ; line 996
6743 ARRAY_NEW            a=41 b=39 c=2 imm=4294967295  ; line 996
6744 RETURN               R41  ; line 996
6745 JUMP                 -> 6746  ; line 996
6746 COMPARE              a=21 b=20 c=25 imm=1  ; line 998
6747 JUMP_IF_FALSE        R25 -> 6779  ; line 998
6748 MOVE                 R25 <- R7  ; line 999
6749 MOVE                 R26 <- R20  ; line 999
6750 HOST_CALL            a=27 b=11 c=25 imm=2  ; line 999
6751 MOVE                 R28 <- R27  ; line 999
6752 MOVE                 R29 <- R7  ; line 1000
6753 MOVE                 R30 <- R21  ; line 1000
6754 HOST_CALL            a=31 b=11 c=29 imm=2  ; line 1000
6755 MOVE                 R32 <- R7  ; line 1000
6756 MOVE                 R33 <- R20  ; line 1000
6757 MOVE                 R34 <- R31  ; line 1000
6758 HOST_CALL            a=35 b=12 c=32 imm=3  ; line 1000
6759 MOVE                 R29 <- R7  ; line 1001
6760 MOVE                 R30 <- R21  ; line 1001
6761 MOVE                 R31 <- R28  ; line 1001
6762 HOST_CALL            a=32 b=12 c=29 imm=3  ; line 1001
6763 MOVE                 R29 <- R10  ; line 1002
6764 MOVE                 R30 <- R20  ; line 1002
6765 HOST_CALL            a=31 b=11 c=29 imm=2  ; line 1002
6766 MOVE                 R32 <- R31  ; line 1002
6767 MOVE                 R33 <- R10  ; line 1003
6768 MOVE                 R34 <- R21  ; line 1003
6769 HOST_CALL            a=35 b=11 c=33 imm=2  ; line 1003
6770 MOVE                 R36 <- R10  ; line 1003
6771 MOVE                 R37 <- R20  ; line 1003
6772 MOVE                 R38 <- R35  ; line 1003
6773 HOST_CALL            a=39 b=12 c=36 imm=3  ; line 1003
6774 MOVE                 R33 <- R10  ; line 1004
6775 MOVE                 R34 <- R21  ; line 1004
6776 MOVE                 R35 <- R32  ; line 1004
6777 HOST_CALL            a=36 b=12 c=33 imm=3  ; line 1004
6778 JUMP                 -> 6779  ; line 1004
6779 MOVE                 R33 <- R7  ; line 1006
6780 MOVE                 R34 <- R20  ; line 1006
6781 HOST_CALL            a=35 b=11 c=33 imm=2  ; line 1006
6782 MOVE                 R36 <- R35  ; line 1006
6783 MOVE                 R37 <- R10  ; line 1007
6784 MOVE                 R38 <- R20  ; line 1007
6785 HOST_CALL            a=39 b=11 c=37 imm=2  ; line 1007
6786 MOVE                 R40 <- R39  ; line 1007
6787 MOVE                 R41 <- R36  ; line 1008
6788 MOVE                 R42 <- R20  ; line 1008
6789 HOST_CALL            a=43 b=11 c=41 imm=2  ; line 1008
6790 MOVE                 R44 <- R43  ; line 1008
6791 LOAD_CONST           R45 constant[1411]  ; line 1009
6792 MOVE                 R46 <- R45  ; line 1009
6793 COMPARE              a=46 b=3 c=47 imm=2  ; line 1010
6794 JUMP_IF_FALSE        R47 -> 6815  ; line 1010
6795 MOVE                 R47 <- R36  ; line 1011
6796 MOVE                 R48 <- R46  ; line 1011
6797 HOST_CALL            a=49 b=11 c=47 imm=2  ; line 1011
6798 BINARY               a=49 b=44 c=50 imm=3  ; line 1011
6799 MOVE                 R51 <- R36  ; line 1011
6800 MOVE                 R52 <- R46  ; line 1011
6801 MOVE                 R53 <- R50  ; line 1011
6802 HOST_CALL            a=54 b=12 c=51 imm=3  ; line 1011
6803 MOVE                 R47 <- R40  ; line 1012
6804 MOVE                 R48 <- R46  ; line 1012
6805 HOST_CALL            a=49 b=11 c=47 imm=2  ; line 1012
6806 BINARY               a=49 b=44 c=50 imm=3  ; line 1012
6807 MOVE                 R51 <- R40  ; line 1012
6808 MOVE                 R52 <- R46  ; line 1012
6809 MOVE                 R53 <- R50  ; line 1012
6810 HOST_CALL            a=54 b=12 c=51 imm=3  ; line 1012
6811 LOAD_CONST           R47 constant[1412]  ; line 1013
6812 BINARY               a=46 b=47 c=48 imm=0  ; line 1013
6813 MOVE                 R46 <- R48  ; line 1013
6814 JUMP                 -> 6793  ; line 1013
6815 LOAD_CONST           R47 constant[1413]  ; line 1015
6816 MOVE                 R12 <- R47  ; line 1015
6817 COMPARE              a=12 b=3 c=47 imm=2  ; line 1016
6818 JUMP_IF_FALSE        R47 -> 6873  ; line 1016
6819 COMPARE              a=12 b=20 c=47 imm=1  ; line 1017
6820 JUMP_IF_FALSE        R47 -> 6869  ; line 1017
6821 MOVE                 R47 <- R7  ; line 1018
6822 MOVE                 R48 <- R12  ; line 1018
6823 HOST_CALL            a=49 b=11 c=47 imm=2  ; line 1018
6824 MOVE                 R50 <- R49  ; line 1018
6825 MOVE                 R51 <- R20  ; line 1018
6826 HOST_CALL            a=52 b=11 c=50 imm=2  ; line 1018
6827 MOVE                 R53 <- R52  ; line 1018
6828 MOVE                 R54 <- R7  ; line 1019
6829 MOVE                 R55 <- R12  ; line 1019
6830 HOST_CALL            a=56 b=11 c=54 imm=2  ; line 1019
6831 MOVE                 R57 <- R56  ; line 1019
6832 MOVE                 R58 <- R10  ; line 1020
6833 MOVE                 R59 <- R12  ; line 1020
6834 HOST_CALL            a=60 b=11 c=58 imm=2  ; line 1020
6835 MOVE                 R61 <- R60  ; line 1020
6836 LOAD_CONST           R62 constant[1414]  ; line 1021
6837 MOVE                 R46 <- R62  ; line 1021
6838 COMPARE              a=46 b=3 c=62 imm=2  ; line 1022
6839 JUMP_IF_FALSE        R62 -> 6868  ; line 1022
6840 MOVE                 R62 <- R57  ; line 1023
6841 MOVE                 R63 <- R46  ; line 1023
6842 HOST_CALL            a=64 b=11 c=62 imm=2  ; line 1023
6843 MOVE                 R65 <- R36  ; line 1023
6844 MOVE                 R66 <- R46  ; line 1023
6845 HOST_CALL            a=67 b=11 c=65 imm=2  ; line 1023
6846 BINARY               a=53 b=67 c=68 imm=2  ; line 1023
6847 BINARY               a=64 b=68 c=69 imm=1  ; line 1023
6848 MOVE                 R70 <- R57  ; line 1023
6849 MOVE                 R71 <- R46  ; line 1023
6850 MOVE                 R72 <- R69  ; line 1023
6851 HOST_CALL            a=73 b=12 c=70 imm=3  ; line 1023
6852 MOVE                 R62 <- R61  ; line 1024
6853 MOVE                 R63 <- R46  ; line 1024
6854 HOST_CALL            a=64 b=11 c=62 imm=2  ; line 1024
6855 MOVE                 R65 <- R40  ; line 1024
6856 MOVE                 R66 <- R46  ; line 1024
6857 HOST_CALL            a=67 b=11 c=65 imm=2  ; line 1024
6858 BINARY               a=53 b=67 c=68 imm=2  ; line 1024
6859 BINARY               a=64 b=68 c=69 imm=1  ; line 1024
6860 MOVE                 R70 <- R61  ; line 1024
6861 MOVE                 R71 <- R46  ; line 1024
6862 MOVE                 R72 <- R69  ; line 1024
6863 HOST_CALL            a=73 b=12 c=70 imm=3  ; line 1024
6864 LOAD_CONST           R62 constant[1415]  ; line 1025
6865 BINARY               a=46 b=62 c=63 imm=0  ; line 1025
6866 MOVE                 R46 <- R63  ; line 1025
6867 JUMP                 -> 6838  ; line 1025
6868 JUMP                 -> 6869  ; line 1025
6869 LOAD_CONST           R62 constant[1416]  ; line 1028
6870 BINARY               a=12 b=62 c=63 imm=0  ; line 1028
6871 MOVE                 R12 <- R63  ; line 1028
6872 JUMP                 -> 6817  ; line 1028
6873 LOAD_CONST           R62 constant[1417]  ; line 1030
6874 BINARY               a=20 b=62 c=63 imm=0  ; line 1030
6875 MOVE                 R20 <- R63  ; line 1030
6876 JUMP                 -> 6684  ; line 1030
6877 LOAD_CONST           R62 constant[1418]  ; line 1032
6878 MOVE                 R63 <- R62  ; line 1032
6879 MOVE                 R64 <- R10  ; line 1032
6880 ARRAY_NEW            a=65 b=63 c=2 imm=4294967295  ; line 1032
6881 RETURN               R65  ; line 1032
6882 LOAD_CONST           R66 constant[1419]  ; line 1032
6883 RETURN               R66  ; line 1032
6884 MOVE                 R2 <- R0  ; line 1036
6885 HOST_CALL            a=3 b=61 c=2 imm=1  ; line 1036
6886 LOAD_CONST           R4 constant[1420]  ; line 1036
6887 MOVE                 R5 <- R3  ; line 1036
6888 MOVE                 R6 <- R4  ; line 1036
6889 HOST_CALL            a=7 b=11 c=5 imm=2  ; line 1036
6890 MOVE                 R8 <- R7  ; line 1036
6891 MOVE                 R9 <- R8  ; line 1037
6892 CALL                 a=10 b=96 c=9 imm=1  ; line 1037
6893 MOVE                 R11 <- R10  ; line 1037
6894 LOAD_CONST           R12 constant[1421]  ; line 1038
6895 MOVE                 R13 <- R12  ; line 1038
6896 COMPARE              a=13 b=8 c=14 imm=2  ; line 1039
6897 JUMP_IF_FALSE        R14 -> 6912  ; line 1039
6898 MOVE                 R14 <- R1  ; line 1040
6899 MOVE                 R15 <- R13  ; line 1040
6900 ARRAY_NEW            a=16 b=14 c=2 imm=4294967295  ; line 1040
6901 MOVE                 R17 <- R0  ; line 1040
6902 MOVE                 R18 <- R16  ; line 1040
6903 HOST_CALL            a=19 b=11 c=17 imm=2  ; line 1040
6904 MOVE                 R20 <- R11  ; line 1040
6905 MOVE                 R21 <- R13  ; line 1040
6906 MOVE                 R22 <- R19  ; line 1040
6907 HOST_CALL            a=23 b=12 c=20 imm=3  ; line 1040
6908 LOAD_CONST           R14 constant[1422]  ; line 1041
6909 BINARY               a=13 b=14 c=15 imm=0  ; line 1041
6910 MOVE                 R13 <- R15  ; line 1041
6911 JUMP                 -> 6896  ; line 1041
6912 RETURN               R11  ; line 1043
6913 LOAD_CONST           R14 constant[1423]  ; line 1043
6914 RETURN               R14  ; line 1043
6915 LOAD_CONST           R2 constant[1424]  ; line 1047
6916 MOVE                 R3 <- R1  ; line 1047
6917 MOVE                 R4 <- R2  ; line 1047
6918 HOST_CALL            a=5 b=11 c=3 imm=2  ; line 1047
6919 MOVE                 R6 <- R5  ; line 1047
6920 CALL                 a=7 b=115 c=6 imm=1  ; line 1047
6921 MOVE                 R8 <- R7  ; line 1047
6922 LOAD_CONST           R9 constant[1425]  ; line 1048
6923 MOVE                 R10 <- R1  ; line 1048
6924 MOVE                 R11 <- R9  ; line 1048
6925 HOST_CALL            a=12 b=11 c=10 imm=2  ; line 1048
6926 MOVE                 R13 <- R12  ; line 1048
6927 CALL                 a=14 b=115 c=13 imm=1  ; line 1048
6928 MOVE                 R15 <- R14  ; line 1048
6929 LOAD_CONST           R16 constant[1426]  ; line 1049
6930 MOVE                 R17 <- R1  ; line 1049
6931 MOVE                 R18 <- R16  ; line 1049
6932 HOST_CALL            a=19 b=11 c=17 imm=2  ; line 1049
6933 MOVE                 R20 <- R19  ; line 1049
6934 CALL                 a=21 b=115 c=20 imm=1  ; line 1049
6935 MOVE                 R22 <- R21  ; line 1049
6936 LOAD_CONST           R23 constant[1427]  ; line 1050
6937 MOVE                 R24 <- R1  ; line 1050
6938 MOVE                 R25 <- R23  ; line 1050
6939 HOST_CALL            a=26 b=11 c=24 imm=2  ; line 1050
6940 MOVE                 R27 <- R26  ; line 1050
6941 CALL                 a=28 b=115 c=27 imm=1  ; line 1050
6942 MOVE                 R29 <- R28  ; line 1050
6943 LOAD_CONST           R30 constant[1428]  ; line 1051
6944 MOVE                 R31 <- R1  ; line 1051
6945 MOVE                 R32 <- R30  ; line 1051
6946 HOST_CALL            a=33 b=11 c=31 imm=2  ; line 1051
6947 MOVE                 R34 <- R33  ; line 1051
6948 CALL                 a=35 b=116 c=34 imm=1  ; line 1051
6949 MOVE                 R36 <- R35  ; line 1051
6950 LOAD_CONST           R37 constant[1429]  ; line 1052
6951 MOVE                 R38 <- R1  ; line 1052
6952 MOVE                 R39 <- R37  ; line 1052
6953 HOST_CALL            a=40 b=11 c=38 imm=2  ; line 1052
6954 MOVE                 R41 <- R40  ; line 1052
6955 CALL                 a=42 b=115 c=41 imm=1  ; line 1052
6956 MOVE                 R43 <- R42  ; line 1052
6957 MOVE                 R44 <- R36  ; line 1053
6958 HOST_CALL            a=45 b=26 c=44 imm=1  ; line 1053
6959 MOVE                 R46 <- R45  ; line 1053
6960 CALL                 a=47 b=114 c=46 imm=1  ; line 1053
6961 MOVE                 R48 <- R47  ; line 1053
6962 LOAD_CONST           R49 constant[1430]  ; line 1054
6963 MOVE                 R50 <- R49  ; line 1054
6964 HOST_CALL            a=51 b=22 c=50 imm=1  ; line 1054
6965 MOVE                 R52 <- R51  ; line 1054
6966 LOAD_CONST           R53 constant[1431]  ; line 1055
6967 MOVE                 R54 <- R53  ; line 1055
6968 HOST_CALL            a=55 b=22 c=54 imm=1  ; line 1055
6969 MOVE                 R56 <- R55  ; line 1055
6970 LOAD_CONST           R57 constant[1432]  ; line 1056
6971 MOVE                 R58 <- R57  ; line 1056
6972 HOST_CALL            a=59 b=22 c=58 imm=1  ; line 1056
6973 MOVE                 R60 <- R59  ; line 1056
6974 LOAD_CONST           R61 constant[1433]  ; line 1057
6975 MOVE                 R62 <- R61  ; line 1057
6976 HOST_CALL            a=63 b=22 c=62 imm=1  ; line 1057
6977 MOVE                 R64 <- R63  ; line 1057
6978 LOAD_CONST           R65 constant[1434]  ; line 1058
6979 MOVE                 R66 <- R65  ; line 1058
6980 MOVE                 R67 <- R0  ; line 1059
6981 HOST_CALL            a=68 b=61 c=67 imm=1  ; line 1059
6982 LOAD_CONST           R69 constant[1435]  ; line 1059
6983 MOVE                 R70 <- R68  ; line 1059
6984 MOVE                 R71 <- R69  ; line 1059
6985 HOST_CALL            a=72 b=11 c=70 imm=2  ; line 1059
6986 COMPARE              a=66 b=72 c=73 imm=2  ; line 1059
6987 JUMP_IF_FALSE        R73 -> 7083  ; line 1059
6988 MOVE                 R67 <- R8  ; line 1060
6989 MOVE                 R68 <- R36  ; line 1060
6990 CALL                 a=69 b=121 c=67 imm=2  ; line 1060
6991 MOVE                 R70 <- R69  ; line 1060
6992 MOVE                 R71 <- R8  ; line 1061
6993 MOVE                 R72 <- R43  ; line 1061
6994 CALL                 a=73 b=120 c=71 imm=2  ; line 1061
6995 MOVE                 R74 <- R8  ; line 1061
6996 CALL                 a=75 b=117 c=74 imm=1  ; line 1061
6997 MOVE                 R76 <- R73  ; line 1061
6998 MOVE                 R77 <- R75  ; line 1061
6999 CALL                 a=78 b=120 c=76 imm=2  ; line 1061
7000 MOVE                 R79 <- R78  ; line 1061
7001 MOVE                 R80 <- R22  ; line 1061
7002 CALL                 a=81 b=118 c=79 imm=2  ; line 1061
7003 MOVE                 R82 <- R81  ; line 1061
7004 MOVE                 R83 <- R0  ; line 1062
7005 MOVE                 R84 <- R66  ; line 1062
7006 CALL                 a=85 b=125 c=83 imm=2  ; line 1062
7007 MOVE                 R86 <- R15  ; line 1062
7008 MOVE                 R87 <- R70  ; line 1062
7009 CALL                 a=88 b=121 c=86 imm=2  ; line 1062
7010 MOVE                 R89 <- R85  ; line 1062
7011 MOVE                 R90 <- R88  ; line 1062
7012 CALL                 a=91 b=123 c=89 imm=2  ; line 1062
7013 MOVE                 R92 <- R91  ; line 1062
7014 MOVE                 R93 <- R15  ; line 1063
7015 MOVE                 R94 <- R82  ; line 1063
7016 CALL                 a=95 b=120 c=93 imm=2  ; line 1063
7017 MOVE                 R96 <- R15  ; line 1063
7018 CALL                 a=97 b=117 c=96 imm=1  ; line 1063
7019 MOVE                 R98 <- R95  ; line 1063
7020 MOVE                 R99 <- R97  ; line 1063
7021 CALL                 a=100 b=120 c=98 imm=2  ; line 1063
7022 MOVE                 R101 <- R100  ; line 1063
7023 MOVE                 R102 <- R29  ; line 1063
7024 CALL                 a=103 b=118 c=101 imm=2  ; line 1063
7025 MOVE                 R104 <- R103  ; line 1063
7026 MOVE                 R105 <- R104  ; line 1064
7027 CALL                 a=106 b=124 c=105 imm=1  ; line 1064
7028 MOVE                 R107 <- R106  ; line 1064
7029 LOAD_CONST           R108 constant[1436]  ; line 1065
7030 MOVE                 R109 <- R107  ; line 1065
7031 MOVE                 R110 <- R108  ; line 1065
7032 HOST_CALL            a=111 b=11 c=109 imm=2  ; line 1065
7033 UNARY                a=111 b=112 c=4294967295 imm=1  ; line 1065
7034 JUMP_IF_FALSE        R112 -> 7037  ; line 1065
7035 RETURN               R107  ; line 1065
7036 JUMP                 -> 7037  ; line 1065
7037 MOVE                 R108 <- R15  ; line 1066
7038 CALL                 a=109 b=117 c=108 imm=1  ; line 1066
7039 MOVE                 R110 <- R82  ; line 1066
7040 MOVE                 R111 <- R109  ; line 1066
7041 CALL                 a=112 b=120 c=110 imm=2  ; line 1066
7042 LOAD_CONST           R113 constant[1437]  ; line 1066
7043 MOVE                 R114 <- R107  ; line 1066
7044 MOVE                 R115 <- R113  ; line 1066
7045 HOST_CALL            a=116 b=11 c=114 imm=2  ; line 1066
7046 MOVE                 R117 <- R112  ; line 1066
7047 MOVE                 R118 <- R116  ; line 1066
7048 CALL                 a=119 b=120 c=117 imm=2  ; line 1066
7049 MOVE                 R120 <- R119  ; line 1066
7050 MOVE                 R121 <- R120  ; line 1067
7051 MOVE                 R122 <- R92  ; line 1067
7052 CALL                 a=123 b=121 c=121 imm=2  ; line 1067
7053 MOVE                 R124 <- R70  ; line 1067
7054 MOVE                 R125 <- R123  ; line 1067
7055 CALL                 a=126 b=122 c=124 imm=2  ; line 1067
7056 MOVE                 R36 <- R126  ; line 1067
7057 MOVE                 R121 <- R120  ; line 1068
7058 MOVE                 R122 <- R15  ; line 1068
7059 CALL                 a=123 b=120 c=121 imm=2  ; line 1068
7060 MOVE                 R124 <- R48  ; line 1068
7061 MOVE                 R125 <- R123  ; line 1068
7062 CALL                 a=126 b=119 c=124 imm=2  ; line 1068
7063 MOVE                 R127 <- R126  ; line 1068
7064 MOVE                 R128 <- R82  ; line 1068
7065 CALL                 a=129 b=120 c=127 imm=2  ; line 1068
7066 MOVE                 R43 <- R129  ; line 1068
7067 MOVE                 R121 <- R60  ; line 1069
7068 MOVE                 R122 <- R70  ; line 1069
7069 HOST_CALL            a=123 b=23 c=121 imm=2  ; line 1069
7070 MOVE                 R121 <- R64  ; line 1070
7071 MOVE                 R122 <- R82  ; line 1070
7072 HOST_CALL            a=123 b=23 c=121 imm=2  ; line 1070
7073 MOVE                 R121 <- R52  ; line 1071
7074 MOVE                 R122 <- R36  ; line 1071
7075 HOST_CALL            a=123 b=23 c=121 imm=2  ; line 1071
7076 MOVE                 R121 <- R56  ; line 1072
7077 MOVE                 R122 <- R43  ; line 1072
7078 HOST_CALL            a=123 b=23 c=121 imm=2  ; line 1072
7079 LOAD_CONST           R121 constant[1438]  ; line 1073
7080 BINARY               a=66 b=121 c=122 imm=0  ; line 1073
7081 MOVE                 R66 <- R122  ; line 1073
7082 JUMP                 -> 6980  ; line 1073
7083 LOAD_CONST           R121 constant[1439]  ; line 1075
7084 LOAD_CONST           R122 constant[1440]  ; line 1075
7085 LOAD_CONST           R123 constant[1441]  ; line 1075
7086 LOAD_CONST           R124 constant[1442]  ; line 1075
7087 LOAD_CONST           R125 constant[1443]  ; line 1075
7088 MOVE                 R126 <- R122  ; line 1075
7089 MOVE                 R127 <- R52  ; line 1075
7090 MOVE                 R128 <- R123  ; line 1075
7091 MOVE                 R129 <- R56  ; line 1075
7092 MOVE                 R130 <- R124  ; line 1075
7093 MOVE                 R131 <- R60  ; line 1075
7094 MOVE                 R132 <- R125  ; line 1075
7095 MOVE                 R133 <- R64  ; line 1075
7096 HOST_CALL            a=134 b=6 c=126 imm=8  ; line 1075
7097 MOVE                 R135 <- R121  ; line 1075
7098 MOVE                 R136 <- R134  ; line 1075
7099 ARRAY_NEW            a=137 b=135 c=2 imm=4294967295  ; line 1075
7100 RETURN               R137  ; line 1075
7101 LOAD_CONST           R138 constant[1444]  ; line 1075
7102 RETURN               R138  ; line 1075
7103 MOVE                 R2 <- R0  ; line 1080
7104 CALL                 a=3 b=95 c=2 imm=1  ; line 1080
7105 MOVE                 R4 <- R3  ; line 1080
7106 LOAD_CONST           R5 constant[1445]  ; line 1081
7107 MOVE                 R6 <- R5  ; line 1081
7108 HOST_CALL            a=7 b=22 c=6 imm=1  ; line 1081
7109 MOVE                 R8 <- R7  ; line 1081
7110 LOAD_CONST           R9 constant[1446]  ; line 1082
7111 MOVE                 R10 <- R9  ; line 1082
7112 HOST_CALL            a=11 b=22 c=10 imm=1  ; line 1082
7113 MOVE                 R12 <- R11  ; line 1082
7114 LOAD_CONST           R13 constant[1447]  ; line 1083
7115 MOVE                 R14 <- R13  ; line 1083
7116 HOST_CALL            a=15 b=22 c=14 imm=1  ; line 1083
7117 MOVE                 R16 <- R15  ; line 1083
7118 LOAD_CONST           R17 constant[1448]  ; line 1084
7119 MOVE                 R18 <- R17  ; line 1084
7120 HOST_CALL            a=19 b=22 c=18 imm=1  ; line 1084
7121 MOVE                 R20 <- R19  ; line 1084
7122 LOAD_CONST           R21 constant[1449]  ; line 1085
7123 MOVE                 R22 <- R1  ; line 1085
7124 MOVE                 R23 <- R21  ; line 1085
7125 HOST_CALL            a=24 b=11 c=22 imm=2  ; line 1085
7126 MOVE                 R25 <- R24  ; line 1085
7127 LOAD_CONST           R26 constant[1450]  ; line 1086
7128 MOVE                 R27 <- R1  ; line 1086
7129 MOVE                 R28 <- R26  ; line 1086
7130 HOST_CALL            a=29 b=11 c=27 imm=2  ; line 1086
7131 MOVE                 R30 <- R29  ; line 1086
7132 LOAD_CONST           R31 constant[1451]  ; line 1087
7133 MOVE                 R32 <- R31  ; line 1087
7134 COMPARE              a=32 b=4 c=33 imm=2  ; line 1088
7135 JUMP_IF_FALSE        R33 -> 7218  ; line 1088
7136 LOAD_CONST           R33 constant[1452]  ; line 1089
7137 MOVE                 R34 <- R1  ; line 1089
7138 MOVE                 R35 <- R33  ; line 1089
7139 HOST_CALL            a=36 b=11 c=34 imm=2  ; line 1089
7140 BINARY               a=36 b=25 c=37 imm=2  ; line 1089
7141 MOVE                 R38 <- R37  ; line 1089
7142 LOAD_CONST           R39 constant[1453]  ; line 1090
7143 MOVE                 R40 <- R1  ; line 1090
7144 MOVE                 R41 <- R39  ; line 1090
7145 HOST_CALL            a=42 b=11 c=40 imm=2  ; line 1090
7146 BINARY               a=42 b=30 c=43 imm=2  ; line 1090
7147 LOAD_CONST           R44 constant[1454]  ; line 1090
7148 MOVE                 R45 <- R1  ; line 1090
7149 MOVE                 R46 <- R44  ; line 1090
7150 HOST_CALL            a=47 b=11 c=45 imm=2  ; line 1090
7151 BINARY               a=43 b=47 c=48 imm=2  ; line 1090
7152 LOAD_CONST           R49 constant[1455]  ; line 1090
7153 MOVE                 R50 <- R1  ; line 1090
7154 MOVE                 R51 <- R49  ; line 1090
7155 HOST_CALL            a=52 b=11 c=50 imm=2  ; line 1090
7156 BINARY               a=48 b=52 c=53 imm=0  ; line 1090
7157 MOVE                 R54 <- R53  ; line 1090
7158 LOAD_CONST           R55 constant[1456]  ; line 1091
7159 MOVE                 R56 <- R1  ; line 1091
7160 MOVE                 R57 <- R55  ; line 1091
7161 HOST_CALL            a=58 b=11 c=56 imm=2  ; line 1091
7162 BINARY               a=58 b=54 c=59 imm=2  ; line 1091
7163 LOAD_CONST           R60 constant[1457]  ; line 1091
7164 MOVE                 R61 <- R1  ; line 1091
7165 MOVE                 R62 <- R60  ; line 1091
7166 HOST_CALL            a=63 b=11 c=61 imm=2  ; line 1091
7167 BINARY               a=59 b=63 c=64 imm=2  ; line 1091
7168 LOAD_CONST           R65 constant[1458]  ; line 1091
7169 MOVE                 R66 <- R1  ; line 1091
7170 MOVE                 R67 <- R65  ; line 1091
7171 HOST_CALL            a=68 b=11 c=66 imm=2  ; line 1091
7172 BINARY               a=64 b=68 c=69 imm=0  ; line 1091
7173 MOVE                 R70 <- R69  ; line 1091
7174 LOAD_CONST           R71 constant[1459]  ; line 1092
7175 MOVE                 R72 <- R1  ; line 1092
7176 MOVE                 R73 <- R71  ; line 1092
7177 HOST_CALL            a=74 b=11 c=72 imm=2  ; line 1092
7178 BINARY               a=54 b=74 c=75 imm=2  ; line 1092
7179 BINARY               a=75 b=70 c=76 imm=3  ; line 1092
7180 MOVE                 R77 <- R76  ; line 1092
7181 MOVE                 R78 <- R0  ; line 1093
7182 MOVE                 R79 <- R32  ; line 1093
7183 HOST_CALL            a=80 b=11 c=78 imm=2  ; line 1093
7184 LOAD_CONST           R81 constant[1460]  ; line 1093
7185 MOVE                 R82 <- R1  ; line 1093
7186 MOVE                 R83 <- R81  ; line 1093
7187 HOST_CALL            a=84 b=11 c=82 imm=2  ; line 1093
7188 BINARY               a=84 b=38 c=85 imm=2  ; line 1093
7189 BINARY               a=80 b=85 c=86 imm=1  ; line 1093
7190 BINARY               a=77 b=86 c=87 imm=2  ; line 1093
7191 BINARY               a=38 b=87 c=88 imm=0  ; line 1093
7192 MOVE                 R25 <- R88  ; line 1093
7193 LOAD_CONST           R78 constant[1461]  ; line 1094
7194 LOAD_CONST           R79 constant[1462]  ; line 1094
7195 MOVE                 R80 <- R1  ; line 1094
7196 MOVE                 R81 <- R79  ; line 1094
7197 HOST_CALL            a=82 b=11 c=80 imm=2  ; line 1094
7198 BINARY               a=77 b=82 c=83 imm=2  ; line 1094
7199 BINARY               a=78 b=83 c=84 imm=1  ; line 1094
7200 BINARY               a=84 b=54 c=85 imm=2  ; line 1094
7201 MOVE                 R30 <- R85  ; line 1094
7202 MOVE                 R78 <- R16  ; line 1095
7203 MOVE                 R79 <- R38  ; line 1095
7204 HOST_CALL            a=80 b=23 c=78 imm=2  ; line 1095
7205 MOVE                 R78 <- R20  ; line 1096
7206 MOVE                 R79 <- R54  ; line 1096
7207 HOST_CALL            a=80 b=23 c=78 imm=2  ; line 1096
7208 MOVE                 R78 <- R8  ; line 1097
7209 MOVE                 R79 <- R25  ; line 1097
7210 HOST_CALL            a=80 b=23 c=78 imm=2  ; line 1097
7211 MOVE                 R78 <- R12  ; line 1098
7212 MOVE                 R79 <- R30  ; line 1098
7213 HOST_CALL            a=80 b=23 c=78 imm=2  ; line 1098
7214 LOAD_CONST           R78 constant[1463]  ; line 1099
7215 BINARY               a=32 b=78 c=79 imm=0  ; line 1099
7216 MOVE                 R32 <- R79  ; line 1099
7217 JUMP                 -> 7134  ; line 1099
7218 LOAD_CONST           R78 constant[1464]  ; line 1101
7219 LOAD_CONST           R79 constant[1465]  ; line 1101
7220 LOAD_CONST           R80 constant[1466]  ; line 1101
7221 LOAD_CONST           R81 constant[1467]  ; line 1101
7222 MOVE                 R82 <- R78  ; line 1101
7223 MOVE                 R83 <- R8  ; line 1101
7224 MOVE                 R84 <- R79  ; line 1101
7225 MOVE                 R85 <- R12  ; line 1101
7226 MOVE                 R86 <- R80  ; line 1101
7227 MOVE                 R87 <- R16  ; line 1101
7228 MOVE                 R88 <- R81  ; line 1101
7229 MOVE                 R89 <- R20  ; line 1101
7230 HOST_CALL            a=90 b=6 c=82 imm=8  ; line 1101
7231 RETURN               R90  ; line 1101
7232 LOAD_CONST           R91 constant[1468]  ; line 1101
7233 RETURN               R91  ; line 1101
7234 MOVE                 R2 <- R0  ; line 1106
7235 HOST_CALL            a=3 b=86 c=2 imm=1  ; line 1106
7236 LOAD_CONST           R4 constant[1469]  ; line 1106
7237 COMPARE              a=3 b=4 c=5 imm=1  ; line 1106
7238 JUMP_IF_FALSE        R5 -> 7248  ; line 1106
7239 LOAD_CONST           R2 constant[1470]  ; line 1106
7240 LOAD_CONST           R3 constant[1471]  ; line 1106
7241 LOAD_CONST           R4 constant[1472]  ; line 1106
7242 MOVE                 R5 <- R2  ; line 1106
7243 MOVE                 R6 <- R3  ; line 1106
7244 MOVE                 R7 <- R4  ; line 1106
7245 CALL                 a=8 b=86 c=5 imm=3  ; line 1106
7246 RETURN               R8  ; line 1106
7247 JUMP                 -> 7248  ; line 1106
7248 LOAD_CONST           R2 constant[1473]  ; line 1107
7249 MOVE                 R3 <- R0  ; line 1107
7250 MOVE                 R4 <- R2  ; line 1107
7251 HOST_CALL            a=5 b=7 c=3 imm=2  ; line 1107
7252 UNARY                a=5 b=6 c=4294967295 imm=1  ; line 1107
7253 JUMP_IF_FALSE        R6 -> 7263  ; line 1107
7254 LOAD_CONST           R2 constant[1474]  ; line 1107
7255 LOAD_CONST           R3 constant[1475]  ; line 1107
7256 LOAD_CONST           R4 constant[1476]  ; line 1107
7257 MOVE                 R5 <- R2  ; line 1107
7258 MOVE                 R6 <- R3  ; line 1107
7259 MOVE                 R7 <- R4  ; line 1107
7260 CALL                 a=8 b=86 c=5 imm=3  ; line 1107
7261 RETURN               R8  ; line 1107
7262 JUMP                 -> 7263  ; line 1107
7263 LOAD_CONST           R2 constant[1477]  ; line 1108
7264 MOVE                 R3 <- R0  ; line 1108
7265 MOVE                 R4 <- R2  ; line 1108
7266 HOST_CALL            a=5 b=11 c=3 imm=2  ; line 1108
7267 MOVE                 R6 <- R5  ; line 1108
7268 HOST_CALL            a=7 b=86 c=6 imm=1  ; line 1108
7269 LOAD_CONST           R8 constant[1478]  ; line 1108
7270 COMPARE              a=7 b=8 c=9 imm=1  ; line 1108
7271 JUMP_IF_FALSE        R9 -> 7281  ; line 1108
7272 LOAD_CONST           R2 constant[1479]  ; line 1108
7273 LOAD_CONST           R3 constant[1480]  ; line 1108
7274 LOAD_CONST           R4 constant[1481]  ; line 1108
7275 MOVE                 R5 <- R2  ; line 1108
7276 MOVE                 R6 <- R3  ; line 1108
7277 MOVE                 R7 <- R4  ; line 1108
7278 CALL                 a=8 b=86 c=5 imm=3  ; line 1108
7279 RETURN               R8  ; line 1108
7280 JUMP                 -> 7281  ; line 1108
7281 LOAD_CONST           R2 constant[1482]  ; line 1109
7282 MOVE                 R3 <- R0  ; line 1109
7283 MOVE                 R4 <- R2  ; line 1109
7284 HOST_CALL            a=5 b=11 c=3 imm=2  ; line 1109
7285 MOVE                 R6 <- R5  ; line 1109
7286 HOST_CALL            a=7 b=62 c=6 imm=1  ; line 1109
7287 LOAD_CONST           R8 constant[1483]  ; line 1109
7288 COMPARE              a=7 b=8 c=9 imm=0  ; line 1109
7289 JUMP_IF_FALSE        R9 -> 7295  ; line 1109
7290 MOVE                 R2 <- R0  ; line 1109
7291 MOVE                 R3 <- R1  ; line 1109
7292 CALL                 a=4 b=130 c=2 imm=2  ; line 1109
7293 RETURN               R4  ; line 1109
7294 JUMP                 -> 7295  ; line 1109
7295 LOAD_CONST           R2 constant[1484]  ; line 1110
7296 MOVE                 R3 <- R0  ; line 1110
7297 MOVE                 R4 <- R2  ; line 1110
7298 HOST_CALL            a=5 b=11 c=3 imm=2  ; line 1110
7299 MOVE                 R6 <- R5  ; line 1110
7300 CALL                 a=7 b=95 c=6 imm=1  ; line 1110
7301 LOAD_CONST           R8 constant[1485]  ; line 1110
7302 COMPARE              a=7 b=8 c=9 imm=2  ; line 1110
7303 JUMP_IF_FALSE        R9 -> 7313  ; line 1110
7304 LOAD_CONST           R2 constant[1486]  ; line 1110
7305 LOAD_CONST           R3 constant[1487]  ; line 1110
7306 LOAD_CONST           R4 constant[1488]  ; line 1110
7307 MOVE                 R5 <- R2  ; line 1110
7308 MOVE                 R6 <- R3  ; line 1110
7309 MOVE                 R7 <- R4  ; line 1110
7310 CALL                 a=8 b=86 c=5 imm=3  ; line 1110
7311 RETURN               R8  ; line 1110
7312 JUMP                 -> 7313  ; line 1110
7313 LOAD_CONST           R2 constant[1489]  ; line 1111
7314 LOAD_CONST           R3 constant[1490]  ; line 1111
7315 LOAD_CONST           R4 constant[1491]  ; line 1111
7316 MOVE                 R5 <- R1  ; line 1111
7317 MOVE                 R6 <- R3  ; line 1111
7318 MOVE                 R7 <- R4  ; line 1111
7319 CALL                 a=8 b=87 c=5 imm=3  ; line 1111
7320 LOAD_CONST           R9 constant[1492]  ; line 1111
7321 LOAD_CONST           R10 constant[1493]  ; line 1111
7322 LOAD_CONST           R11 constant[1494]  ; line 1111
7323 MOVE                 R12 <- R1  ; line 1111
7324 MOVE                 R13 <- R10  ; line 1111
7325 MOVE                 R14 <- R11  ; line 1111
7326 CALL                 a=15 b=87 c=12 imm=3  ; line 1111
7327 LOAD_CONST           R16 constant[1495]  ; line 1111
7328 LOAD_CONST           R17 constant[1496]  ; line 1111
7329 LOAD_CONST           R18 constant[1497]  ; line 1111
7330 MOVE                 R19 <- R1  ; line 1111
7331 MOVE                 R20 <- R17  ; line 1111
7332 MOVE                 R21 <- R18  ; line 1111
7333 CALL                 a=22 b=87 c=19 imm=3  ; line 1111
7334 LOAD_CONST           R23 constant[1498]  ; line 1111
7335 LOAD_CONST           R24 constant[1499]  ; line 1111
7336 LOAD_CONST           R25 constant[1500]  ; line 1111
7337 MOVE                 R26 <- R1  ; line 1111
7338 MOVE                 R27 <- R24  ; line 1111
7339 MOVE                 R28 <- R25  ; line 1111
7340 CALL                 a=29 b=87 c=26 imm=3  ; line 1111
7341 LOAD_CONST           R30 constant[1501]  ; line 1111
7342 LOAD_CONST           R31 constant[1502]  ; line 1111
7343 LOAD_CONST           R32 constant[1503]  ; line 1111
7344 MOVE                 R33 <- R0  ; line 1111
7345 MOVE                 R34 <- R32  ; line 1111
7346 HOST_CALL            a=35 b=11 c=33 imm=2  ; line 1111
7347 LOAD_CONST           R36 constant[1504]  ; line 1111
7348 MOVE                 R37 <- R35  ; line 1111
7349 MOVE                 R38 <- R36  ; line 1111
7350 HOST_CALL            a=39 b=11 c=37 imm=2  ; line 1111
7351 MOVE                 R40 <- R1  ; line 1111
7352 MOVE                 R41 <- R31  ; line 1111
7353 MOVE                 R42 <- R39  ; line 1111
7354 CALL                 a=43 b=87 c=40 imm=3  ; line 1111
7355 LOAD_CONST           R44 constant[1505]  ; line 1111
7356 LOAD_CONST           R45 constant[1506]  ; line 1111
7357 LOAD_CONST           R46 constant[1507]  ; line 1111
7358 MOVE                 R47 <- R1  ; line 1111
7359 MOVE                 R48 <- R45  ; line 1111
7360 MOVE                 R49 <- R46  ; line 1111
7361 CALL                 a=50 b=87 c=47 imm=3  ; line 1111
7362 LOAD_CONST           R51 constant[1508]  ; line 1111
7363 LOAD_CONST           R52 constant[1509]  ; line 1111
7364 MOVE                 R53 <- R2  ; line 1111
7365 MOVE                 R54 <- R8  ; line 1111
7366 MOVE                 R55 <- R9  ; line 1111
7367 MOVE                 R56 <- R15  ; line 1111
7368 MOVE                 R57 <- R16  ; line 1111
7369 MOVE                 R58 <- R22  ; line 1111
7370 MOVE                 R59 <- R23  ; line 1111
7371 MOVE                 R60 <- R29  ; line 1111
7372 MOVE                 R61 <- R30  ; line 1111
7373 MOVE                 R62 <- R43  ; line 1111
7374 MOVE                 R63 <- R44  ; line 1111
7375 MOVE                 R64 <- R50  ; line 1111
7376 MOVE                 R65 <- R51  ; line 1111
7377 MOVE                 R66 <- R52  ; line 1111
7378 HOST_CALL            a=67 b=6 c=53 imm=14  ; line 1111
7379 MOVE                 R68 <- R67  ; line 1111
7380 LOAD_CONST           R69 constant[1510]  ; line 1117
7381 MOVE                 R70 <- R68  ; line 1117
7382 MOVE                 R71 <- R69  ; line 1117
7383 HOST_CALL            a=72 b=11 c=70 imm=2  ; line 1117
7384 LOAD_CONST           R73 constant[1511]  ; line 1117
7385 COMPARE              a=72 b=73 c=74 imm=2  ; line 1117
7386 JUMP_IF_FALSE        R74 -> 7396  ; line 1117
7387 LOAD_CONST           R69 constant[1512]  ; line 1117
7388 LOAD_CONST           R70 constant[1513]  ; line 1117
7389 LOAD_CONST           R71 constant[1514]  ; line 1117
7390 MOVE                 R72 <- R69  ; line 1117
7391 MOVE                 R73 <- R70  ; line 1117
7392 MOVE                 R74 <- R71  ; line 1117
7393 CALL                 a=75 b=86 c=72 imm=3  ; line 1117
7394 RETURN               R75  ; line 1117
7395 JUMP                 -> 7396  ; line 1117
7396 LOAD_CONST           R69 constant[1515]  ; line 1118
7397 MOVE                 R70 <- R68  ; line 1118
7398 MOVE                 R71 <- R69  ; line 1118
7399 HOST_CALL            a=72 b=11 c=70 imm=2  ; line 1118
7400 LOAD_CONST           R73 constant[1516]  ; line 1118
7401 COMPARE              a=72 b=73 c=74 imm=3  ; line 1118
7402 JUMP_IF_FALSE        R74 -> 7412  ; line 1118
7403 LOAD_CONST           R69 constant[1517]  ; line 1118
7404 LOAD_CONST           R70 constant[1518]  ; line 1118
7405 LOAD_CONST           R71 constant[1519]  ; line 1118
7406 MOVE                 R72 <- R69  ; line 1118
7407 MOVE                 R73 <- R70  ; line 1118
7408 MOVE                 R74 <- R71  ; line 1118
7409 CALL                 a=75 b=86 c=72 imm=3  ; line 1118
7410 RETURN               R75  ; line 1118
7411 JUMP                 -> 7412  ; line 1118
7412 LOAD_CONST           R69 constant[1520]  ; line 1119
7413 MOVE                 R70 <- R68  ; line 1119
7414 MOVE                 R71 <- R69  ; line 1119
7415 HOST_CALL            a=72 b=11 c=70 imm=2  ; line 1119
7416 LOAD_CONST           R73 constant[1521]  ; line 1119
7417 COMPARE              a=72 b=73 c=74 imm=2  ; line 1119
7418 JUMP_IF_FALSE        R74 -> 7428  ; line 1119
7419 LOAD_CONST           R69 constant[1522]  ; line 1119
7420 LOAD_CONST           R70 constant[1523]  ; line 1119
7421 LOAD_CONST           R71 constant[1524]  ; line 1119
7422 MOVE                 R72 <- R69  ; line 1119
7423 MOVE                 R73 <- R70  ; line 1119
7424 MOVE                 R74 <- R71  ; line 1119
7425 CALL                 a=75 b=86 c=72 imm=3  ; line 1119
7426 RETURN               R75  ; line 1119
7427 JUMP                 -> 7428  ; line 1119
7428 LOAD_CONST           R69 constant[1525]  ; line 1120
7429 MOVE                 R70 <- R68  ; line 1120
7430 MOVE                 R71 <- R69  ; line 1120
7431 HOST_CALL            a=72 b=11 c=70 imm=2  ; line 1120
7432 MOVE                 R73 <- R72  ; line 1120
7433 CALL                 a=74 b=88 c=73 imm=1  ; line 1120
7434 UNARY                a=74 b=75 c=4294967295 imm=1  ; line 1120
7435 JUMP_IF_FALSE        R75 -> 7445  ; line 1120
7436 LOAD_CONST           R69 constant[1526]  ; line 1120
7437 LOAD_CONST           R70 constant[1527]  ; line 1120
7438 LOAD_CONST           R71 constant[1528]  ; line 1120
7439 MOVE                 R72 <- R69  ; line 1120
7440 MOVE                 R73 <- R70  ; line 1120
7441 MOVE                 R74 <- R71  ; line 1120
7442 CALL                 a=75 b=86 c=72 imm=3  ; line 1120
7443 RETURN               R75  ; line 1120
7444 JUMP                 -> 7445  ; line 1120
7445 LOAD_CONST           R69 constant[1529]  ; line 1121
7446 MOVE                 R70 <- R68  ; line 1121
7447 MOVE                 R71 <- R69  ; line 1121
7448 HOST_CALL            a=72 b=11 c=70 imm=2  ; line 1121
7449 MOVE                 R73 <- R72  ; line 1121
7450 CALL                 a=74 b=88 c=73 imm=1  ; line 1121
7451 UNARY                a=74 b=75 c=4294967295 imm=1  ; line 1121
7452 JUMP_IF_FALSE        R75 -> 7462  ; line 1121
7453 LOAD_CONST           R69 constant[1530]  ; line 1121
7454 LOAD_CONST           R70 constant[1531]  ; line 1121
7455 LOAD_CONST           R71 constant[1532]  ; line 1121
7456 MOVE                 R72 <- R69  ; line 1121
7457 MOVE                 R73 <- R70  ; line 1121
7458 MOVE                 R74 <- R71  ; line 1121
7459 CALL                 a=75 b=86 c=72 imm=3  ; line 1121
7460 RETURN               R75  ; line 1121
7461 JUMP                 -> 7462  ; line 1121
7462 LOAD_CONST           R69 constant[1533]  ; line 1122
7463 MOVE                 R70 <- R0  ; line 1122
7464 MOVE                 R71 <- R69  ; line 1122
7465 HOST_CALL            a=72 b=11 c=70 imm=2  ; line 1122
7466 MOVE                 R73 <- R72  ; line 1122
7467 MOVE                 R74 <- R68  ; line 1122
7468 CALL                 a=75 b=127 c=73 imm=2  ; line 1122
7469 MOVE                 R76 <- R75  ; line 1122
7470 LOAD_CONST           R77 constant[1534]  ; line 1123
7471 LOAD_CONST           R78 constant[1535]  ; line 1123
7472 LOAD_CONST           R79 constant[1536]  ; line 1123
7473 LOAD_CONST           R80 constant[1537]  ; line 1123
7474 LOAD_CONST           R81 constant[1538]  ; line 1123
7475 LOAD_CONST           R82 constant[1539]  ; line 1123
7476 LOAD_CONST           R83 constant[1540]  ; line 1123
7477 LOAD_CONST           R84 constant[1541]  ; line 1123
7478 LOAD_CONST           R85 constant[1542]  ; line 1123
7479 LOAD_CONST           R86 constant[1543]  ; line 1123
7480 MOVE                 R87 <- R85  ; line 1123
7481 MOVE                 R88 <- R86  ; line 1123
7482 HOST_CALL            a=89 b=6 c=87 imm=2  ; line 1123
7483 LOAD_CONST           R90 constant[1544]  ; line 1123
7484 ARRAY_NEW            a=91 b=91 c=0 imm=4294967295  ; line 1123
7485 LOAD_CONST           R92 constant[1545]  ; line 1123
7486 LOAD_CONST           R93 constant[1546]  ; line 1123
7487 LOAD_CONST           R94 constant[1547]  ; line 1123
7488 MOVE                 R95 <- R0  ; line 1123
7489 MOVE                 R96 <- R94  ; line 1123
7490 HOST_CALL            a=97 b=11 c=95 imm=2  ; line 1123
7491 MOVE                 R98 <- R97  ; line 1123
7492 CALL                 a=99 b=95 c=98 imm=1  ; line 1123
7493 MOVE                 R100 <- R93  ; line 1123
7494 MOVE                 R101 <- R99  ; line 1123
7495 HOST_CALL            a=102 b=6 c=100 imm=2  ; line 1123
7496 LOAD_CONST           R103 constant[1548]  ; line 1123
7497 LOAD_CONST           R104 constant[1549]  ; line 1123
7498 LOAD_CONST           R105 constant[1550]  ; line 1123
7499 LOAD_CONST           R106 constant[1551]  ; line 1123
7500 MOVE                 R107 <- R0  ; line 1123
7501 MOVE                 R108 <- R106  ; line 1123
7502 HOST_CALL            a=109 b=11 c=107 imm=2  ; line 1123
7503 MOVE                 R110 <- R109  ; line 1123
7504 HOST_CALL            a=111 b=60 c=110 imm=1  ; line 1123
7505 LOAD_CONST           R112 constant[1552]  ; line 1123
7506 LOAD_CONST           R113 constant[1553]  ; line 1123
7507 MOVE                 R114 <- R77  ; line 1123
7508 MOVE                 R115 <- R78  ; line 1123
7509 MOVE                 R116 <- R79  ; line 1123
7510 MOVE                 R117 <- R80  ; line 1123
7511 MOVE                 R118 <- R81  ; line 1123
7512 MOVE                 R119 <- R82  ; line 1123
7513 MOVE                 R120 <- R83  ; line 1123
7514 MOVE                 R121 <- R68  ; line 1123
7515 MOVE                 R122 <- R84  ; line 1123
7516 MOVE                 R123 <- R89  ; line 1123
7517 MOVE                 R124 <- R90  ; line 1123
7518 MOVE                 R125 <- R91  ; line 1123
7519 MOVE                 R126 <- R92  ; line 1123
7520 MOVE                 R127 <- R102  ; line 1123
7521 MOVE                 R128 <- R103  ; line 1123
7522 MOVE                 R129 <- R104  ; line 1123
7523 MOVE                 R130 <- R105  ; line 1123
7524 MOVE                 R131 <- R111  ; line 1123
7525 MOVE                 R132 <- R112  ; line 1123
7526 MOVE                 R133 <- R113  ; line 1123
7527 HOST_CALL            a=134 b=6 c=114 imm=20  ; line 1123
7528 MOVE                 R135 <- R134  ; line 1123
7529 LOAD_CONST           R136 constant[1554]  ; line 1126
7530 MOVE                 R137 <- R76  ; line 1126
7531 MOVE                 R138 <- R136  ; line 1126
7532 HOST_CALL            a=139 b=11 c=137 imm=2  ; line 1126
7533 MOVE                 R140 <- R139  ; line 1126
7534 HOST_CALL            a=141 b=72 c=140 imm=1  ; line 1126
7535 LOAD_CONST           R142 constant[1555]  ; line 1126
7536 MOVE                 R143 <- R76  ; line 1126
7537 MOVE                 R144 <- R142  ; line 1126
7538 HOST_CALL            a=145 b=11 c=143 imm=2  ; line 1126
7539 MOVE                 R146 <- R145  ; line 1126
7540 HOST_CALL            a=147 b=72 c=146 imm=1  ; line 1126
7541 LOAD_CONST           R148 constant[1556]  ; line 1126
7542 LOAD_CONST           R149 constant[1557]  ; line 1126
7543 MOVE                 R150 <- R68  ; line 1126
7544 MOVE                 R151 <- R149  ; line 1126
7545 HOST_CALL            a=152 b=11 c=150 imm=2  ; line 1126
7546 MOVE                 R153 <- R148  ; line 1126
7547 MOVE                 R154 <- R152  ; line 1126
7548 HOST_CALL            a=155 b=6 c=153 imm=2  ; line 1126
7549 LOAD_CONST           R156 constant[1558]  ; line 1126
7550 LOAD_CONST           R157 constant[1559]  ; line 1126
7551 LOAD_CONST           R158 constant[1560]  ; line 1126
7552 MOVE                 R159 <- R157  ; line 1126
7553 MOVE                 R160 <- R158  ; line 1126
7554 ARRAY_NEW            a=161 b=159 c=2 imm=4294967295  ; line 1126
7555 MOVE                 R162 <- R135  ; line 1126
7556 MOVE                 R163 <- R141  ; line 1126
7557 MOVE                 R164 <- R147  ; line 1126
7558 MOVE                 R165 <- R155  ; line 1126
7559 MOVE                 R166 <- R156  ; line 1126
7560 MOVE                 R167 <- R161  ; line 1126
7561 CALL                 a=168 b=101 c=162 imm=6  ; line 1126
7562 RETURN               R168  ; line 1126
7563 LOAD_CONST           R169 constant[1561]  ; line 1126
7564 RETURN               R169  ; line 1126
7565 MOVE                 R2 <- R0  ; line 1132
7566 MOVE                 R3 <- R1  ; line 1132
7567 HOST_CALL            a=4 b=7 c=2 imm=2  ; line 1132
7568 UNARY                a=4 b=5 c=4294967295 imm=1  ; line 1132
7569 JUMP_IF_FALSE        R5 -> 7573  ; line 1132
7570 LOAD_CONST           R2 constant[1562]  ; line 1132
7571 RETURN               R2  ; line 1132
7572 JUMP                 -> 7573  ; line 1132
7573 MOVE                 R2 <- R0  ; line 1133
7574 MOVE                 R3 <- R1  ; line 1133
7575 HOST_CALL            a=4 b=11 c=2 imm=2  ; line 1133
7576 MOVE                 R5 <- R4  ; line 1133
7577 HOST_CALL            a=6 b=86 c=5 imm=1  ; line 1133
7578 LOAD_CONST           R7 constant[1563]  ; line 1133
7579 COMPARE              a=6 b=7 c=8 imm=0  ; line 1133
7580 RETURN               R8  ; line 1133
7581 LOAD_CONST           R9 constant[1564]  ; line 1133
7582 RETURN               R9  ; line 1133
7583 LOAD_CONST           R2 constant[1565]  ; line 1137
7584 LOAD_CONST           R3 constant[1566]  ; line 1137
7585 LOAD_CONST           R4 constant[1567]  ; line 1137
7586 LOAD_CONST           R5 constant[1568]  ; line 1137
7587 LOAD_CONST           R6 constant[1569]  ; line 1137
7588 LOAD_CONST           R7 constant[1570]  ; line 1137
7589 MOVE                 R8 <- R2  ; line 1137
7590 MOVE                 R9 <- R3  ; line 1137
7591 MOVE                 R10 <- R4  ; line 1137
7592 MOVE                 R11 <- R5  ; line 1137
7593 MOVE                 R12 <- R6  ; line 1137
7594 MOVE                 R13 <- R7  ; line 1137
7595 ARRAY_NEW            a=14 b=8 c=6 imm=4294967295  ; line 1137
7596 MOVE                 R15 <- R14  ; line 1137
7597 LOAD_CONST           R16 constant[1571]  ; line 1138
7598 MOVE                 R17 <- R16  ; line 1138
7599 MOVE                 R18 <- R15  ; line 1139
7600 HOST_CALL            a=19 b=26 c=18 imm=1  ; line 1139
7601 COMPARE              a=17 b=19 c=20 imm=2  ; line 1139
7602 JUMP_IF_FALSE        R20 -> 7626  ; line 1139
7603 MOVE                 R18 <- R15  ; line 1140
7604 MOVE                 R19 <- R17  ; line 1140
7605 HOST_CALL            a=20 b=11 c=18 imm=2  ; line 1140
7606 MOVE                 R21 <- R1  ; line 1140
7607 MOVE                 R22 <- R20  ; line 1140
7608 CALL                 a=23 b=129 c=21 imm=2  ; line 1140
7609 UNARY                a=23 b=24 c=4294967295 imm=1  ; line 1140
7610 JUMP_IF_FALSE        R24 -> 7622  ; line 1140
7611 LOAD_CONST           R18 constant[1572]  ; line 1141
7612 LOAD_CONST           R19 constant[1573]  ; line 1141
7613 MOVE                 R20 <- R15  ; line 1141
7614 MOVE                 R21 <- R17  ; line 1141
7615 HOST_CALL            a=22 b=11 c=20 imm=2  ; line 1141
7616 MOVE                 R23 <- R18  ; line 1141
7617 MOVE                 R24 <- R19  ; line 1141
7618 MOVE                 R25 <- R22  ; line 1141
7619 CALL                 a=26 b=86 c=23 imm=3  ; line 1141
7620 RETURN               R26  ; line 1141
7621 JUMP                 -> 7622  ; line 1141
7622 LOAD_CONST           R18 constant[1574]  ; line 1143
7623 BINARY               a=17 b=18 c=19 imm=0  ; line 1143
7624 MOVE                 R17 <- R19  ; line 1143
7625 JUMP                 -> 7599  ; line 1143
7626 LOAD_CONST           R18 constant[1575]  ; line 1145
7627 MOVE                 R19 <- R0  ; line 1145
7628 MOVE                 R20 <- R18  ; line 1145
7629 HOST_CALL            a=21 b=11 c=19 imm=2  ; line 1145
7630 MOVE                 R22 <- R21  ; line 1145
7631 MOVE                 R23 <- R22  ; line 1146
7632 HOST_CALL            a=24 b=61 c=23 imm=1  ; line 1146
7633 MOVE                 R25 <- R24  ; line 1146
7634 LOAD_CONST           R26 constant[1576]  ; line 1147
7635 MOVE                 R27 <- R25  ; line 1147
7636 MOVE                 R28 <- R26  ; line 1147
7637 HOST_CALL            a=29 b=11 c=27 imm=2  ; line 1147
7638 LOAD_CONST           R30 constant[1577]  ; line 1147
7639 COMPARE              a=29 b=30 c=31 imm=2  ; line 1147
7640 JUMP_IF_FALSE        R31 -> 7650  ; line 1147
7641 LOAD_CONST           R26 constant[1578]  ; line 1147
7642 LOAD_CONST           R27 constant[1579]  ; line 1147
7643 LOAD_CONST           R28 constant[1580]  ; line 1147
7644 MOVE                 R29 <- R26  ; line 1147
7645 MOVE                 R30 <- R27  ; line 1147
7646 MOVE                 R31 <- R28  ; line 1147
7647 CALL                 a=32 b=86 c=29 imm=3  ; line 1147
7648 RETURN               R32  ; line 1147
7649 JUMP                 -> 7650  ; line 1147
7650 LOAD_CONST           R26 constant[1581]  ; line 1148
7651 MOVE                 R27 <- R1  ; line 1148
7652 MOVE                 R28 <- R26  ; line 1148
7653 HOST_CALL            a=29 b=11 c=27 imm=2  ; line 1148
7654 MOVE                 R30 <- R29  ; line 1148
7655 HOST_CALL            a=31 b=61 c=30 imm=1  ; line 1148
7656 LOAD_CONST           R32 constant[1582]  ; line 1148
7657 MOVE                 R33 <- R31  ; line 1148
7658 MOVE                 R34 <- R32  ; line 1148
7659 HOST_CALL            a=35 b=11 c=33 imm=2  ; line 1148
7660 MOVE                 R36 <- R35  ; line 1148
7661 LOAD_CONST           R37 constant[1583]  ; line 1149
7662 MOVE                 R38 <- R25  ; line 1149
7663 MOVE                 R39 <- R37  ; line 1149
7664 HOST_CALL            a=40 b=11 c=38 imm=2  ; line 1149
7665 MOVE                 R41 <- R40  ; line 1149
7666 LOAD_CONST           R42 constant[1584]  ; line 1150
7667 MOVE                 R43 <- R1  ; line 1150
7668 MOVE                 R44 <- R42  ; line 1150
7669 HOST_CALL            a=45 b=11 c=43 imm=2  ; line 1150
7670 MOVE                 R46 <- R45  ; line 1150
7671 HOST_CALL            a=47 b=62 c=46 imm=1  ; line 1150
7672 LOAD_CONST           R48 constant[1585]  ; line 1150
7673 COMPARE              a=47 b=48 c=49 imm=1  ; line 1150
7674 JUMP_IF_FALSE        R49 -> 7684  ; line 1150
7675 LOAD_CONST           R42 constant[1586]  ; line 1150
7676 LOAD_CONST           R43 constant[1587]  ; line 1150
7677 LOAD_CONST           R44 constant[1588]  ; line 1150
7678 MOVE                 R45 <- R42  ; line 1150
7679 MOVE                 R46 <- R43  ; line 1150
7680 MOVE                 R47 <- R44  ; line 1150
7681 CALL                 a=48 b=86 c=45 imm=3  ; line 1150
7682 RETURN               R48  ; line 1150
7683 JUMP                 -> 7684  ; line 1150
7684 LOAD_CONST           R42 constant[1589]  ; line 1151
7685 MOVE                 R43 <- R1  ; line 1151
7686 MOVE                 R44 <- R42  ; line 1151
7687 HOST_CALL            a=45 b=11 c=43 imm=2  ; line 1151
7688 MOVE                 R46 <- R45  ; line 1151
7689 HOST_CALL            a=47 b=61 c=46 imm=1  ; line 1151
7690 LOAD_CONST           R48 constant[1590]  ; line 1151
7691 MOVE                 R49 <- R47  ; line 1151
7692 MOVE                 R50 <- R48  ; line 1151
7693 HOST_CALL            a=51 b=11 c=49 imm=2  ; line 1151
7694 COMPARE              a=51 b=36 c=52 imm=1  ; line 1151
7695 JUMP_IF_FALSE        R52 -> 7705  ; line 1151
7696 LOAD_CONST           R42 constant[1591]  ; line 1151
7697 LOAD_CONST           R43 constant[1592]  ; line 1151
7698 LOAD_CONST           R44 constant[1593]  ; line 1151
7699 MOVE                 R45 <- R42  ; line 1151
7700 MOVE                 R46 <- R43  ; line 1151
7701 MOVE                 R47 <- R44  ; line 1151
7702 CALL                 a=48 b=86 c=45 imm=3  ; line 1151
7703 RETURN               R48  ; line 1151
7704 JUMP                 -> 7705  ; line 1151
7705 LOAD_CONST           R42 constant[1594]  ; line 1152
7706 MOVE                 R43 <- R1  ; line 1152
7707 MOVE                 R44 <- R42  ; line 1152
7708 HOST_CALL            a=45 b=11 c=43 imm=2  ; line 1152
7709 MOVE                 R46 <- R45  ; line 1152
7710 HOST_CALL            a=47 b=61 c=46 imm=1  ; line 1152
7711 LOAD_CONST           R48 constant[1595]  ; line 1152
7712 MOVE                 R49 <- R47  ; line 1152
7713 MOVE                 R50 <- R48  ; line 1152
7714 HOST_CALL            a=51 b=11 c=49 imm=2  ; line 1152
7715 COMPARE              a=51 b=36 c=52 imm=1  ; line 1152
7716 JUMP_IF_FALSE        R52 -> 7726  ; line 1152
7717 LOAD_CONST           R42 constant[1596]  ; line 1152
7718 LOAD_CONST           R43 constant[1597]  ; line 1152
7719 LOAD_CONST           R44 constant[1598]  ; line 1152
7720 MOVE                 R45 <- R42  ; line 1152
7721 MOVE                 R46 <- R43  ; line 1152
7722 MOVE                 R47 <- R44  ; line 1152
7723 CALL                 a=48 b=86 c=45 imm=3  ; line 1152
7724 RETURN               R48  ; line 1152
7725 JUMP                 -> 7726  ; line 1152
7726 LOAD_CONST           R42 constant[1599]  ; line 1153
7727 MOVE                 R43 <- R1  ; line 1153
7728 MOVE                 R44 <- R42  ; line 1153
7729 HOST_CALL            a=45 b=11 c=43 imm=2  ; line 1153
7730 MOVE                 R46 <- R45  ; line 1153
7731 HOST_CALL            a=47 b=61 c=46 imm=1  ; line 1153
7732 LOAD_CONST           R48 constant[1600]  ; line 1153
7733 MOVE                 R49 <- R47  ; line 1153
7734 MOVE                 R50 <- R48  ; line 1153
7735 HOST_CALL            a=51 b=11 c=49 imm=2  ; line 1153
7736 COMPARE              a=51 b=36 c=52 imm=1  ; line 1153
7737 JUMP_IF_FALSE        R52 -> 7747  ; line 1153
7738 LOAD_CONST           R42 constant[1601]  ; line 1153
7739 LOAD_CONST           R43 constant[1602]  ; line 1153
7740 LOAD_CONST           R44 constant[1603]  ; line 1153
7741 MOVE                 R45 <- R42  ; line 1153
7742 MOVE                 R46 <- R43  ; line 1153
7743 MOVE                 R47 <- R44  ; line 1153
7744 CALL                 a=48 b=86 c=45 imm=3  ; line 1153
7745 RETURN               R48  ; line 1153
7746 JUMP                 -> 7747  ; line 1153
7747 LOAD_CONST           R42 constant[1604]  ; line 1154
7748 MOVE                 R43 <- R1  ; line 1154
7749 MOVE                 R44 <- R42  ; line 1154
7750 HOST_CALL            a=45 b=11 c=43 imm=2  ; line 1154
7751 MOVE                 R46 <- R45  ; line 1154
7752 HOST_CALL            a=47 b=61 c=46 imm=1  ; line 1154
7753 LOAD_CONST           R48 constant[1605]  ; line 1154
7754 MOVE                 R49 <- R47  ; line 1154
7755 MOVE                 R50 <- R48  ; line 1154
7756 HOST_CALL            a=51 b=11 c=49 imm=2  ; line 1154
7757 COMPARE              a=51 b=36 c=52 imm=1  ; line 1154
7758 JUMP_IF_FALSE        R52 -> 7768  ; line 1154
7759 LOAD_CONST           R42 constant[1606]  ; line 1154
7760 LOAD_CONST           R43 constant[1607]  ; line 1154
7761 LOAD_CONST           R44 constant[1608]  ; line 1154
7762 MOVE                 R45 <- R42  ; line 1154
7763 MOVE                 R46 <- R43  ; line 1154
7764 MOVE                 R47 <- R44  ; line 1154
7765 CALL                 a=48 b=86 c=45 imm=3  ; line 1154
7766 RETURN               R48  ; line 1154
7767 JUMP                 -> 7768  ; line 1154
7768 LOAD_CONST           R42 constant[1609]  ; line 1155
7769 MOVE                 R43 <- R1  ; line 1155
7770 MOVE                 R44 <- R42  ; line 1155
7771 HOST_CALL            a=45 b=11 c=43 imm=2  ; line 1155
7772 MOVE                 R46 <- R45  ; line 1155
7773 HOST_CALL            a=47 b=61 c=46 imm=1  ; line 1155
7774 LOAD_CONST           R48 constant[1610]  ; line 1155
7775 MOVE                 R49 <- R47  ; line 1155
7776 MOVE                 R50 <- R48  ; line 1155
7777 HOST_CALL            a=51 b=11 c=49 imm=2  ; line 1155
7778 COMPARE              a=51 b=36 c=52 imm=1  ; line 1155
7779 JUMP_IF_FALSE        R52 -> 7789  ; line 1155
7780 LOAD_CONST           R42 constant[1611]  ; line 1155
7781 LOAD_CONST           R43 constant[1612]  ; line 1155
7782 LOAD_CONST           R44 constant[1613]  ; line 1155
7783 MOVE                 R45 <- R42  ; line 1155
7784 MOVE                 R46 <- R43  ; line 1155
7785 MOVE                 R47 <- R44  ; line 1155
7786 CALL                 a=48 b=86 c=45 imm=3  ; line 1155
7787 RETURN               R48  ; line 1155
7788 JUMP                 -> 7789  ; line 1155
7789 LOAD_CONST           R42 constant[1614]  ; line 1156
7790 MOVE                 R43 <- R1  ; line 1156
7791 MOVE                 R44 <- R42  ; line 1156
7792 HOST_CALL            a=45 b=11 c=43 imm=2  ; line 1156
7793 MOVE                 R46 <- R45  ; line 1156
7794 HOST_CALL            a=47 b=61 c=46 imm=1  ; line 1156
7795 LOAD_CONST           R48 constant[1615]  ; line 1156
7796 MOVE                 R49 <- R47  ; line 1156
7797 MOVE                 R50 <- R48  ; line 1156
7798 HOST_CALL            a=51 b=11 c=49 imm=2  ; line 1156
7799 COMPARE              a=51 b=36 c=52 imm=1  ; line 1156
7800 JUMP_IF_FALSE        R52 -> 7810  ; line 1156
7801 LOAD_CONST           R42 constant[1616]  ; line 1156
7802 LOAD_CONST           R43 constant[1617]  ; line 1156
7803 LOAD_CONST           R44 constant[1618]  ; line 1156
7804 MOVE                 R45 <- R42  ; line 1156
7805 MOVE                 R46 <- R43  ; line 1156
7806 MOVE                 R47 <- R44  ; line 1156
7807 CALL                 a=48 b=86 c=45 imm=3  ; line 1156
7808 RETURN               R48  ; line 1156
7809 JUMP                 -> 7810  ; line 1156
7810 LOAD_CONST           R42 constant[1619]  ; line 1157
7811 MOVE                 R43 <- R1  ; line 1157
7812 MOVE                 R44 <- R42  ; line 1157
7813 HOST_CALL            a=45 b=11 c=43 imm=2  ; line 1157
7814 MOVE                 R46 <- R45  ; line 1157
7815 HOST_CALL            a=47 b=61 c=46 imm=1  ; line 1157
7816 LOAD_CONST           R48 constant[1620]  ; line 1157
7817 MOVE                 R49 <- R47  ; line 1157
7818 MOVE                 R50 <- R48  ; line 1157
7819 HOST_CALL            a=51 b=11 c=49 imm=2  ; line 1157
7820 COMPARE              a=51 b=41 c=52 imm=1  ; line 1157
7821 JUMP_IF_FALSE        R52 -> 7831  ; line 1157
7822 LOAD_CONST           R42 constant[1621]  ; line 1157
7823 LOAD_CONST           R43 constant[1622]  ; line 1157
7824 LOAD_CONST           R44 constant[1623]  ; line 1157
7825 MOVE                 R45 <- R42  ; line 1157
7826 MOVE                 R46 <- R43  ; line 1157
7827 MOVE                 R47 <- R44  ; line 1157
7828 CALL                 a=48 b=86 c=45 imm=3  ; line 1157
7829 RETURN               R48  ; line 1157
7830 JUMP                 -> 7831  ; line 1157
7831 LOAD_CONST           R42 constant[1624]  ; line 1158
7832 MOVE                 R43 <- R1  ; line 1158
7833 MOVE                 R44 <- R42  ; line 1158
7834 HOST_CALL            a=45 b=11 c=43 imm=2  ; line 1158
7835 MOVE                 R46 <- R45  ; line 1158
7836 HOST_CALL            a=47 b=61 c=46 imm=1  ; line 1158
7837 LOAD_CONST           R48 constant[1625]  ; line 1158
7838 MOVE                 R49 <- R47  ; line 1158
7839 MOVE                 R50 <- R48  ; line 1158
7840 HOST_CALL            a=51 b=11 c=49 imm=2  ; line 1158
7841 COMPARE              a=51 b=36 c=52 imm=1  ; line 1158
7842 JUMP_IF_FALSE        R52 -> 7852  ; line 1158
7843 LOAD_CONST           R42 constant[1626]  ; line 1158
7844 LOAD_CONST           R43 constant[1627]  ; line 1158
7845 LOAD_CONST           R44 constant[1628]  ; line 1158
7846 MOVE                 R45 <- R42  ; line 1158
7847 MOVE                 R46 <- R43  ; line 1158
7848 MOVE                 R47 <- R44  ; line 1158
7849 CALL                 a=48 b=86 c=45 imm=3  ; line 1158
7850 RETURN               R48  ; line 1158
7851 JUMP                 -> 7852  ; line 1158
7852 LOAD_CONST           R42 constant[1629]  ; line 1159
7853 MOVE                 R43 <- R1  ; line 1159
7854 MOVE                 R44 <- R42  ; line 1159
7855 HOST_CALL            a=45 b=11 c=43 imm=2  ; line 1159
7856 MOVE                 R46 <- R45  ; line 1159
7857 HOST_CALL            a=47 b=61 c=46 imm=1  ; line 1159
7858 LOAD_CONST           R48 constant[1630]  ; line 1159
7859 MOVE                 R49 <- R47  ; line 1159
7860 MOVE                 R50 <- R48  ; line 1159
7861 HOST_CALL            a=51 b=11 c=49 imm=2  ; line 1159
7862 COMPARE              a=51 b=41 c=52 imm=1  ; line 1159
7863 JUMP_IF_FALSE        R52 -> 7873  ; line 1159
7864 LOAD_CONST           R42 constant[1631]  ; line 1159
7865 LOAD_CONST           R43 constant[1632]  ; line 1159
7866 LOAD_CONST           R44 constant[1633]  ; line 1159
7867 MOVE                 R45 <- R42  ; line 1159
7868 MOVE                 R46 <- R43  ; line 1159
7869 MOVE                 R47 <- R44  ; line 1159
7870 CALL                 a=48 b=86 c=45 imm=3  ; line 1159
7871 RETURN               R48  ; line 1159
7872 JUMP                 -> 7873  ; line 1159
7873 LOAD_CONST           R42 constant[1634]  ; line 1160
7874 MOVE                 R43 <- R1  ; line 1160
7875 MOVE                 R44 <- R42  ; line 1160
7876 HOST_CALL            a=45 b=11 c=43 imm=2  ; line 1160
7877 MOVE                 R46 <- R45  ; line 1160
7878 HOST_CALL            a=47 b=61 c=46 imm=1  ; line 1160
7879 LOAD_CONST           R48 constant[1635]  ; line 1160
7880 MOVE                 R49 <- R47  ; line 1160
7881 MOVE                 R50 <- R48  ; line 1160
7882 HOST_CALL            a=51 b=11 c=49 imm=2  ; line 1160
7883 COMPARE              a=51 b=41 c=52 imm=1  ; line 1160
7884 JUMP_IF_FALSE        R52 -> 7894  ; line 1160
7885 LOAD_CONST           R42 constant[1636]  ; line 1160
7886 LOAD_CONST           R43 constant[1637]  ; line 1160
7887 LOAD_CONST           R44 constant[1638]  ; line 1160
7888 MOVE                 R45 <- R42  ; line 1160
7889 MOVE                 R46 <- R43  ; line 1160
7890 MOVE                 R47 <- R44  ; line 1160
7891 CALL                 a=48 b=86 c=45 imm=3  ; line 1160
7892 RETURN               R48  ; line 1160
7893 JUMP                 -> 7894  ; line 1160
7894 LOAD_CONST           R42 constant[1639]  ; line 1161
7895 LOAD_CONST           R43 constant[1640]  ; line 1161
7896 MOVE                 R44 <- R1  ; line 1161
7897 MOVE                 R45 <- R43  ; line 1161
7898 HOST_CALL            a=46 b=11 c=44 imm=2  ; line 1161
7899 LOAD_CONST           R47 constant[1641]  ; line 1161
7900 LOAD_CONST           R48 constant[1642]  ; line 1161
7901 MOVE                 R49 <- R1  ; line 1161
7902 MOVE                 R50 <- R48  ; line 1161
7903 HOST_CALL            a=51 b=11 c=49 imm=2  ; line 1161
7904 LOAD_CONST           R52 constant[1643]  ; line 1161
7905 LOAD_CONST           R53 constant[1644]  ; line 1161
7906 MOVE                 R54 <- R1  ; line 1161
7907 MOVE                 R55 <- R53  ; line 1161
7908 HOST_CALL            a=56 b=11 c=54 imm=2  ; line 1161
7909 LOAD_CONST           R57 constant[1645]  ; line 1161
7910 LOAD_CONST           R58 constant[1646]  ; line 1161
7911 MOVE                 R59 <- R1  ; line 1161
7912 MOVE                 R60 <- R58  ; line 1161
7913 HOST_CALL            a=61 b=11 c=59 imm=2  ; line 1161
7914 LOAD_CONST           R62 constant[1647]  ; line 1161
7915 LOAD_CONST           R63 constant[1648]  ; line 1161
7916 MOVE                 R64 <- R1  ; line 1161
7917 MOVE                 R65 <- R63  ; line 1161
7918 HOST_CALL            a=66 b=11 c=64 imm=2  ; line 1161
7919 LOAD_CONST           R67 constant[1649]  ; line 1161
7920 LOAD_CONST           R68 constant[1650]  ; line 1161
7921 MOVE                 R69 <- R1  ; line 1161
7922 MOVE                 R70 <- R68  ; line 1161
7923 HOST_CALL            a=71 b=11 c=69 imm=2  ; line 1161
7924 LOAD_CONST           R72 constant[1651]  ; line 1161
7925 LOAD_CONST           R73 constant[1652]  ; line 1161
7926 MOVE                 R74 <- R42  ; line 1161
7927 MOVE                 R75 <- R46  ; line 1161
7928 MOVE                 R76 <- R47  ; line 1161
7929 MOVE                 R77 <- R51  ; line 1161
7930 MOVE                 R78 <- R52  ; line 1161
7931 MOVE                 R79 <- R56  ; line 1161
7932 MOVE                 R80 <- R57  ; line 1161
7933 MOVE                 R81 <- R61  ; line 1161
7934 MOVE                 R82 <- R62  ; line 1161
7935 MOVE                 R83 <- R66  ; line 1161
7936 MOVE                 R84 <- R67  ; line 1161
7937 MOVE                 R85 <- R71  ; line 1161
7938 MOVE                 R86 <- R72  ; line 1161
7939 MOVE                 R87 <- R73  ; line 1161
7940 HOST_CALL            a=88 b=6 c=74 imm=14  ; line 1161
7941 MOVE                 R89 <- R88  ; line 1161
7942 MOVE                 R90 <- R22  ; line 1163
7943 MOVE                 R91 <- R89  ; line 1163
7944 CALL                 a=92 b=126 c=90 imm=2  ; line 1163
7945 MOVE                 R93 <- R92  ; line 1163
7946 LOAD_CONST           R94 constant[1653]  ; line 1164
7947 MOVE                 R95 <- R93  ; line 1164
7948 MOVE                 R96 <- R94  ; line 1164
7949 HOST_CALL            a=97 b=11 c=95 imm=2  ; line 1164
7950 UNARY                a=97 b=98 c=4294967295 imm=1  ; line 1164
7951 JUMP_IF_FALSE        R98 -> 7954  ; line 1164
7952 RETURN               R93  ; line 1164
7953 JUMP                 -> 7954  ; line 1164
7954 LOAD_CONST           R94 constant[1654]  ; line 1165
7955 MOVE                 R95 <- R93  ; line 1165
7956 MOVE                 R96 <- R94  ; line 1165
7957 HOST_CALL            a=97 b=11 c=95 imm=2  ; line 1165
7958 MOVE                 R98 <- R97  ; line 1165
7959 LOAD_CONST           R99 constant[1655]  ; line 1166
7960 LOAD_CONST           R100 constant[1656]  ; line 1166
7961 LOAD_CONST           R101 constant[1657]  ; line 1166
7962 LOAD_CONST           R102 constant[1658]  ; line 1166
7963 LOAD_CONST           R103 constant[1659]  ; line 1166
7964 LOAD_CONST           R104 constant[1660]  ; line 1166
7965 LOAD_CONST           R105 constant[1661]  ; line 1166
7966 LOAD_CONST           R106 constant[1662]  ; line 1166
7967 LOAD_CONST           R107 constant[1663]  ; line 1166
7968 LOAD_CONST           R108 constant[1664]  ; line 1166
7969 MOVE                 R109 <- R107  ; line 1166
7970 MOVE                 R110 <- R108  ; line 1166
7971 HOST_CALL            a=111 b=6 c=109 imm=2  ; line 1166
7972 LOAD_CONST           R112 constant[1665]  ; line 1166
7973 ARRAY_NEW            a=113 b=113 c=0 imm=4294967295  ; line 1166
7974 LOAD_CONST           R114 constant[1666]  ; line 1166
7975 LOAD_CONST           R115 constant[1667]  ; line 1166
7976 LOAD_CONST           R116 constant[1668]  ; line 1166
7977 MOVE                 R117 <- R25  ; line 1166
7978 MOVE                 R118 <- R116  ; line 1166
7979 HOST_CALL            a=119 b=11 c=117 imm=2  ; line 1166
7980 LOAD_CONST           R120 constant[1669]  ; line 1166
7981 LOAD_CONST           R121 constant[1670]  ; line 1166
7982 MOVE                 R122 <- R115  ; line 1166
7983 MOVE                 R123 <- R119  ; line 1166
7984 MOVE                 R124 <- R120  ; line 1166
7985 MOVE                 R125 <- R36  ; line 1166
7986 MOVE                 R126 <- R121  ; line 1166
7987 MOVE                 R127 <- R41  ; line 1166
7988 HOST_CALL            a=128 b=6 c=122 imm=6  ; line 1166
7989 LOAD_CONST           R129 constant[1671]  ; line 1166
7990 LOAD_CONST           R130 constant[1672]  ; line 1166
7991 LOAD_CONST           R131 constant[1673]  ; line 1166
7992 MOVE                 R132 <- R22  ; line 1166
7993 HOST_CALL            a=133 b=60 c=132 imm=1  ; line 1166
7994 LOAD_CONST           R134 constant[1674]  ; line 1166
7995 LOAD_CONST           R135 constant[1675]  ; line 1166
7996 MOVE                 R136 <- R99  ; line 1166
7997 MOVE                 R137 <- R100  ; line 1166
7998 MOVE                 R138 <- R101  ; line 1166
7999 MOVE                 R139 <- R102  ; line 1166
8000 MOVE                 R140 <- R103  ; line 1166
8001 MOVE                 R141 <- R104  ; line 1166
8002 MOVE                 R142 <- R105  ; line 1166
8003 MOVE                 R143 <- R89  ; line 1166
8004 MOVE                 R144 <- R106  ; line 1166
8005 MOVE                 R145 <- R111  ; line 1166
8006 MOVE                 R146 <- R112  ; line 1166
8007 MOVE                 R147 <- R113  ; line 1166
8008 MOVE                 R148 <- R114  ; line 1166
8009 MOVE                 R149 <- R128  ; line 1166
8010 MOVE                 R150 <- R129  ; line 1166
8011 MOVE                 R151 <- R130  ; line 1166
8012 MOVE                 R152 <- R131  ; line 1166
8013 MOVE                 R153 <- R133  ; line 1166
8014 MOVE                 R154 <- R134  ; line 1166
8015 MOVE                 R155 <- R135  ; line 1166
8016 HOST_CALL            a=156 b=6 c=136 imm=20  ; line 1166
8017 MOVE                 R157 <- R156  ; line 1166
8018 LOAD_CONST           R158 constant[1676]  ; line 1170
8019 MOVE                 R159 <- R98  ; line 1170
8020 MOVE                 R160 <- R158  ; line 1170
8021 HOST_CALL            a=161 b=11 c=159 imm=2  ; line 1170
8022 MOVE                 R162 <- R161  ; line 1170
8023 HOST_CALL            a=163 b=72 c=162 imm=1  ; line 1170
8024 LOAD_CONST           R164 constant[1677]  ; line 1170
8025 MOVE                 R165 <- R98  ; line 1170
8026 MOVE                 R166 <- R164  ; line 1170
8027 HOST_CALL            a=167 b=11 c=165 imm=2  ; line 1170
8028 MOVE                 R168 <- R167  ; line 1170
8029 HOST_CALL            a=169 b=72 c=168 imm=1  ; line 1170
8030 LOAD_CONST           R170 constant[1678]  ; line 1170
8031 LOAD_CONST           R171 constant[1679]  ; line 1170
8032 MOVE                 R172 <- R25  ; line 1170
8033 MOVE                 R173 <- R171  ; line 1170
8034 HOST_CALL            a=174 b=11 c=172 imm=2  ; line 1170
8035 MOVE                 R175 <- R170  ; line 1170
8036 MOVE                 R176 <- R174  ; line 1170
8037 HOST_CALL            a=177 b=6 c=175 imm=2  ; line 1170
8038 LOAD_CONST           R178 constant[1680]  ; line 1170
8039 LOAD_CONST           R179 constant[1681]  ; line 1170
8040 LOAD_CONST           R180 constant[1682]  ; line 1170
8041 MOVE                 R181 <- R179  ; line 1170
8042 MOVE                 R182 <- R180  ; line 1170
8043 ARRAY_NEW            a=183 b=181 c=2 imm=4294967295  ; line 1170
8044 MOVE                 R184 <- R157  ; line 1170
8045 MOVE                 R185 <- R163  ; line 1170
8046 MOVE                 R186 <- R169  ; line 1170
8047 MOVE                 R187 <- R177  ; line 1170
8048 MOVE                 R188 <- R178  ; line 1170
8049 MOVE                 R189 <- R183  ; line 1170
8050 CALL                 a=190 b=101 c=184 imm=6  ; line 1170
8051 RETURN               R190  ; line 1170
8052 LOAD_CONST           R191 constant[1683]  ; line 1170
8053 RETURN               R191  ; line 1170
8054 LOAD_CONST           R2 constant[1684]  ; line 1176
8055 MOVE                 R3 <- R0  ; line 1176
8056 MOVE                 R4 <- R2  ; line 1176
8057 HOST_CALL            a=5 b=11 c=3 imm=2  ; line 1176
8058 MOVE                 R6 <- R1  ; line 1176
8059 MOVE                 R7 <- R5  ; line 1176
8060 CALL                 a=8 b=127 c=6 imm=2  ; line 1176
8061 MOVE                 R9 <- R8  ; line 1176
8062 LOAD_CONST           R10 constant[1685]  ; line 1177
8063 MOVE                 R11 <- R9  ; line 1177
8064 MOVE                 R12 <- R10  ; line 1177
8065 HOST_CALL            a=13 b=11 c=11 imm=2  ; line 1177
8066 MOVE                 R14 <- R13  ; line 1177
8067 LOAD_CONST           R15 constant[1686]  ; line 1178
8068 MOVE                 R16 <- R9  ; line 1178
8069 MOVE                 R17 <- R15  ; line 1178
8070 HOST_CALL            a=18 b=11 c=16 imm=2  ; line 1178
8071 MOVE                 R19 <- R18  ; line 1178
8072 MOVE                 R20 <- R14  ; line 1179
8073 HOST_CALL            a=21 b=26 c=20 imm=1  ; line 1179
8074 LOAD_CONST           R22 constant[1687]  ; line 1179
8075 BINARY               a=21 b=22 c=23 imm=1  ; line 1179
8076 MOVE                 R24 <- R23  ; line 1179
8077 LOAD_CONST           R25 constant[1688]  ; line 1180
8078 COMPARE              a=24 b=25 c=26 imm=5  ; line 1180
8079 JUMP_IF_FALSE        R26 -> 8154  ; line 1180
8080 LOAD_CONST           R25 constant[1689]  ; line 1181
8081 MOVE                 R26 <- R9  ; line 1181
8082 MOVE                 R27 <- R25  ; line 1181
8083 HOST_CALL            a=28 b=11 c=26 imm=2  ; line 1181
8084 LOAD_CONST           R29 constant[1690]  ; line 1181
8085 BINARY               a=24 b=29 c=30 imm=0  ; line 1181
8086 MOVE                 R31 <- R28  ; line 1181
8087 MOVE                 R32 <- R30  ; line 1181
8088 HOST_CALL            a=33 b=11 c=31 imm=2  ; line 1181
8089 MOVE                 R34 <- R33  ; line 1181
8090 LOAD_CONST           R35 constant[1691]  ; line 1182
8091 MOVE                 R36 <- R35  ; line 1182
8092 LOAD_CONST           R37 constant[1692]  ; line 1183
8093 COMPARE              a=34 b=37 c=38 imm=4  ; line 1183
8094 JUMP_IF_FALSE        R38 -> 8110  ; line 1183
8095 MOVE                 R37 <- R19  ; line 1184
8096 MOVE                 R38 <- R24  ; line 1184
8097 HOST_CALL            a=39 b=11 c=37 imm=2  ; line 1184
8098 LOAD_CONST           R40 constant[1693]  ; line 1184
8099 MOVE                 R41 <- R0  ; line 1184
8100 MOVE                 R42 <- R40  ; line 1184
8101 HOST_CALL            a=43 b=11 c=41 imm=2  ; line 1184
8102 LOAD_CONST           R44 constant[1694]  ; line 1184
8103 MOVE                 R45 <- R43  ; line 1184
8104 MOVE                 R46 <- R44  ; line 1184
8105 HOST_CALL            a=47 b=11 c=45 imm=2  ; line 1184
8106 BINARY               a=39 b=47 c=48 imm=2  ; line 1184
8107 BINARY               a=48 b=34 c=49 imm=3  ; line 1184
8108 MOVE                 R36 <- R49  ; line 1184
8109 JUMP                 -> 8110  ; line 1184
8110 MOVE                 R37 <- R14  ; line 1186
8111 MOVE                 R38 <- R24  ; line 1186
8112 HOST_CALL            a=39 b=11 c=37 imm=2  ; line 1186
8113 LOAD_CONST           R40 constant[1695]  ; line 1186
8114 BINARY               a=24 b=40 c=41 imm=0  ; line 1186
8115 MOVE                 R42 <- R14  ; line 1186
8116 MOVE                 R43 <- R41  ; line 1186
8117 HOST_CALL            a=44 b=11 c=42 imm=2  ; line 1186
8118 LOAD_CONST           R45 constant[1696]  ; line 1186
8119 MOVE                 R46 <- R9  ; line 1186
8120 MOVE                 R47 <- R45  ; line 1186
8121 HOST_CALL            a=48 b=11 c=46 imm=2  ; line 1186
8122 LOAD_CONST           R49 constant[1697]  ; line 1186
8123 BINARY               a=24 b=49 c=50 imm=0  ; line 1186
8124 MOVE                 R51 <- R48  ; line 1186
8125 MOVE                 R52 <- R50  ; line 1186
8126 HOST_CALL            a=53 b=11 c=51 imm=2  ; line 1186
8127 BINARY               a=44 b=53 c=54 imm=1  ; line 1186
8128 BINARY               a=36 b=54 c=55 imm=2  ; line 1186
8129 BINARY               a=39 b=55 c=56 imm=0  ; line 1186
8130 MOVE                 R57 <- R14  ; line 1186
8131 MOVE                 R58 <- R24  ; line 1186
8132 MOVE                 R59 <- R56  ; line 1186
8133 HOST_CALL            a=60 b=12 c=57 imm=3  ; line 1186
8134 MOVE                 R37 <- R19  ; line 1188
8135 MOVE                 R38 <- R24  ; line 1188
8136 HOST_CALL            a=39 b=11 c=37 imm=2  ; line 1188
8137 BINARY               a=36 b=36 c=40 imm=2  ; line 1188
8138 LOAD_CONST           R41 constant[1698]  ; line 1188
8139 BINARY               a=24 b=41 c=42 imm=0  ; line 1188
8140 MOVE                 R43 <- R19  ; line 1188
8141 MOVE                 R44 <- R42  ; line 1188
8142 HOST_CALL            a=45 b=11 c=43 imm=2  ; line 1188
8143 BINARY               a=45 b=34 c=46 imm=1  ; line 1188
8144 BINARY               a=40 b=46 c=47 imm=2  ; line 1188
8145 BINARY               a=39 b=47 c=48 imm=0  ; line 1188
8146 MOVE                 R49 <- R19  ; line 1188
8147 MOVE                 R50 <- R24  ; line 1188
8148 MOVE                 R51 <- R48  ; line 1188
8149 HOST_CALL            a=52 b=12 c=49 imm=3  ; line 1188
8150 LOAD_CONST           R37 constant[1699]  ; line 1190
8151 BINARY               a=24 b=37 c=38 imm=1  ; line 1190
8152 MOVE                 R24 <- R38  ; line 1190
8153 JUMP                 -> 8077  ; line 1190
8154 LOAD_CONST           R37 constant[1700]  ; line 1192
8155 MOVE                 R38 <- R14  ; line 1192
8156 HOST_CALL            a=39 b=72 c=38 imm=1  ; line 1192
8157 LOAD_CONST           R40 constant[1701]  ; line 1192
8158 MOVE                 R41 <- R19  ; line 1192
8159 HOST_CALL            a=42 b=72 c=41 imm=1  ; line 1192
8160 MOVE                 R43 <- R37  ; line 1192
8161 MOVE                 R44 <- R39  ; line 1192
8162 MOVE                 R45 <- R40  ; line 1192
8163 MOVE                 R46 <- R42  ; line 1192
8164 HOST_CALL            a=47 b=6 c=43 imm=4  ; line 1192
8165 RETURN               R47  ; line 1192
8166 LOAD_CONST           R48 constant[1702]  ; line 1192
8167 RETURN               R48  ; line 1192
8168 LOAD_CONST           R2 constant[1703]  ; line 1196
8169 MOVE                 R3 <- R0  ; line 1196
8170 MOVE                 R4 <- R2  ; line 1196
8171 HOST_CALL            a=5 b=11 c=3 imm=2  ; line 1196
8172 MOVE                 R6 <- R1  ; line 1196
8173 MOVE                 R7 <- R5  ; line 1196
8174 CALL                 a=8 b=126 c=6 imm=2  ; line 1196
8175 MOVE                 R9 <- R8  ; line 1196
8176 LOAD_CONST           R10 constant[1704]  ; line 1197
8177 MOVE                 R11 <- R9  ; line 1197
8178 MOVE                 R12 <- R10  ; line 1197
8179 HOST_CALL            a=13 b=11 c=11 imm=2  ; line 1197
8180 UNARY                a=13 b=14 c=4294967295 imm=1  ; line 1197
8181 JUMP_IF_FALSE        R14 -> 8184  ; line 1197
8182 RETURN               R9  ; line 1197
8183 JUMP                 -> 8184  ; line 1197
8184 LOAD_CONST           R10 constant[1705]  ; line 1198
8185 MOVE                 R11 <- R9  ; line 1198
8186 MOVE                 R12 <- R10  ; line 1198
8187 HOST_CALL            a=13 b=11 c=11 imm=2  ; line 1198
8188 MOVE                 R14 <- R13  ; line 1198
8189 LOAD_CONST           R15 constant[1706]  ; line 1199
8190 MOVE                 R16 <- R14  ; line 1199
8191 MOVE                 R17 <- R15  ; line 1199
8192 HOST_CALL            a=18 b=11 c=16 imm=2  ; line 1199
8193 MOVE                 R19 <- R18  ; line 1199
8194 LOAD_CONST           R20 constant[1707]  ; line 1200
8195 MOVE                 R21 <- R14  ; line 1200
8196 MOVE                 R22 <- R20  ; line 1200
8197 HOST_CALL            a=23 b=11 c=21 imm=2  ; line 1200
8198 MOVE                 R24 <- R23  ; line 1200
8199 LOAD_CONST           R25 constant[1708]  ; line 1201
8200 MOVE                 R26 <- R0  ; line 1201
8201 MOVE                 R27 <- R25  ; line 1201
8202 HOST_CALL            a=28 b=11 c=26 imm=2  ; line 1201
8203 LOAD_CONST           R29 constant[1709]  ; line 1201
8204 MOVE                 R30 <- R28  ; line 1201
8205 MOVE                 R31 <- R29  ; line 1201
8206 HOST_CALL            a=32 b=11 c=30 imm=2  ; line 1201
8207 MOVE                 R33 <- R32  ; line 1201
8208 CALL                 a=34 b=115 c=33 imm=1  ; line 1201
8209 MOVE                 R35 <- R34  ; line 1201
8210 MOVE                 R36 <- R19  ; line 1202
8211 HOST_CALL            a=37 b=26 c=36 imm=1  ; line 1202
8212 LOAD_CONST           R38 constant[1710]  ; line 1202
8213 BINARY               a=37 b=38 c=39 imm=1  ; line 1202
8214 MOVE                 R40 <- R39  ; line 1202
8215 LOAD_CONST           R41 constant[1711]  ; line 1203
8216 COMPARE              a=40 b=41 c=42 imm=5  ; line 1203
8217 JUMP_IF_FALSE        R42 -> 8323  ; line 1203
8218 LOAD_CONST           R41 constant[1712]  ; line 1204
8219 MOVE                 R42 <- R14  ; line 1204
8220 MOVE                 R43 <- R41  ; line 1204
8221 HOST_CALL            a=44 b=11 c=42 imm=2  ; line 1204
8222 LOAD_CONST           R45 constant[1713]  ; line 1204
8223 BINARY               a=40 b=45 c=46 imm=0  ; line 1204
8224 MOVE                 R47 <- R44  ; line 1204
8225 MOVE                 R48 <- R46  ; line 1204
8226 HOST_CALL            a=49 b=11 c=47 imm=2  ; line 1204
8227 MOVE                 R50 <- R49  ; line 1204
8228 CALL                 a=51 b=124 c=50 imm=1  ; line 1204
8229 MOVE                 R52 <- R51  ; line 1204
8230 LOAD_CONST           R53 constant[1714]  ; line 1205
8231 MOVE                 R54 <- R52  ; line 1205
8232 MOVE                 R55 <- R53  ; line 1205
8233 HOST_CALL            a=56 b=11 c=54 imm=2  ; line 1205
8234 UNARY                a=56 b=57 c=4294967295 imm=1  ; line 1205
8235 JUMP_IF_FALSE        R57 -> 8238  ; line 1205
8236 RETURN               R52  ; line 1205
8237 JUMP                 -> 8238  ; line 1205
8238 MOVE                 R53 <- R24  ; line 1206
8239 MOVE                 R54 <- R40  ; line 1206
8240 HOST_CALL            a=55 b=11 c=53 imm=2  ; line 1206
8241 MOVE                 R56 <- R35  ; line 1206
8242 CALL                 a=57 b=117 c=56 imm=1  ; line 1206
8243 MOVE                 R58 <- R55  ; line 1206
8244 MOVE                 R59 <- R57  ; line 1206
8245 CALL                 a=60 b=120 c=58 imm=2  ; line 1206
8246 LOAD_CONST           R61 constant[1715]  ; line 1206
8247 MOVE                 R62 <- R52  ; line 1206
8248 MOVE                 R63 <- R61  ; line 1206
8249 HOST_CALL            a=64 b=11 c=62 imm=2  ; line 1206
8250 MOVE                 R65 <- R60  ; line 1206
8251 MOVE                 R66 <- R64  ; line 1206
8252 CALL                 a=67 b=120 c=65 imm=2  ; line 1206
8253 MOVE                 R68 <- R67  ; line 1206
8254 MOVE                 R69 <- R19  ; line 1207
8255 MOVE                 R70 <- R40  ; line 1207
8256 HOST_CALL            a=71 b=11 c=69 imm=2  ; line 1207
8257 LOAD_CONST           R72 constant[1716]  ; line 1207
8258 BINARY               a=40 b=72 c=73 imm=0  ; line 1207
8259 MOVE                 R74 <- R19  ; line 1207
8260 MOVE                 R75 <- R73  ; line 1207
8261 HOST_CALL            a=76 b=11 c=74 imm=2  ; line 1207
8262 LOAD_CONST           R77 constant[1717]  ; line 1207
8263 MOVE                 R78 <- R14  ; line 1207
8264 MOVE                 R79 <- R77  ; line 1207
8265 HOST_CALL            a=80 b=11 c=78 imm=2  ; line 1207
8266 LOAD_CONST           R81 constant[1718]  ; line 1207
8267 BINARY               a=40 b=81 c=82 imm=0  ; line 1207
8268 MOVE                 R83 <- R80  ; line 1207
8269 MOVE                 R84 <- R82  ; line 1207
8270 HOST_CALL            a=85 b=11 c=83 imm=2  ; line 1207
8271 MOVE                 R86 <- R76  ; line 1207
8272 MOVE                 R87 <- R85  ; line 1207
8273 CALL                 a=88 b=123 c=86 imm=2  ; line 1207
8274 MOVE                 R89 <- R68  ; line 1207
8275 MOVE                 R90 <- R88  ; line 1207
8276 CALL                 a=91 b=121 c=89 imm=2  ; line 1207
8277 MOVE                 R92 <- R71  ; line 1207
8278 MOVE                 R93 <- R91  ; line 1207
8279 CALL                 a=94 b=122 c=92 imm=2  ; line 1207
8280 MOVE                 R95 <- R19  ; line 1207
8281 MOVE                 R96 <- R40  ; line 1207
8282 MOVE                 R97 <- R94  ; line 1207
8283 HOST_CALL            a=98 b=12 c=95 imm=3  ; line 1207
8284 MOVE                 R69 <- R24  ; line 1209
8285 MOVE                 R70 <- R40  ; line 1209
8286 HOST_CALL            a=71 b=11 c=69 imm=2  ; line 1209
8287 LOAD_CONST           R72 constant[1719]  ; line 1209
8288 BINARY               a=40 b=72 c=73 imm=0  ; line 1209
8289 MOVE                 R74 <- R24  ; line 1209
8290 MOVE                 R75 <- R73  ; line 1209
8291 HOST_CALL            a=76 b=11 c=74 imm=2  ; line 1209
8292 LOAD_CONST           R77 constant[1720]  ; line 1209
8293 MOVE                 R78 <- R14  ; line 1209
8294 MOVE                 R79 <- R77  ; line 1209
8295 HOST_CALL            a=80 b=11 c=78 imm=2  ; line 1209
8296 LOAD_CONST           R81 constant[1721]  ; line 1209
8297 BINARY               a=40 b=81 c=82 imm=0  ; line 1209
8298 MOVE                 R83 <- R80  ; line 1209
8299 MOVE                 R84 <- R82  ; line 1209
8300 HOST_CALL            a=85 b=11 c=83 imm=2  ; line 1209
8301 MOVE                 R86 <- R76  ; line 1209
8302 MOVE                 R87 <- R85  ; line 1209
8303 CALL                 a=88 b=119 c=86 imm=2  ; line 1209
8304 MOVE                 R89 <- R68  ; line 1209
8305 MOVE                 R90 <- R88  ; line 1209
8306 CALL                 a=91 b=120 c=89 imm=2  ; line 1209
8307 MOVE                 R92 <- R68  ; line 1209
8308 CALL                 a=93 b=117 c=92 imm=1  ; line 1209
8309 MOVE                 R94 <- R91  ; line 1209
8310 MOVE                 R95 <- R93  ; line 1209
8311 CALL                 a=96 b=120 c=94 imm=2  ; line 1209
8312 MOVE                 R97 <- R71  ; line 1209
8313 MOVE                 R98 <- R96  ; line 1209
8314 CALL                 a=99 b=118 c=97 imm=2  ; line 1209
8315 MOVE                 R100 <- R24  ; line 1209
8316 MOVE                 R101 <- R40  ; line 1209
8317 MOVE                 R102 <- R99  ; line 1209
8318 HOST_CALL            a=103 b=12 c=100 imm=3  ; line 1209
8319 LOAD_CONST           R69 constant[1722]  ; line 1212
8320 BINARY               a=40 b=69 c=70 imm=1  ; line 1212
8321 MOVE                 R40 <- R70  ; line 1212
8322 JUMP                 -> 8215  ; line 1212
8323 LOAD_CONST           R69 constant[1723]  ; line 1214
8324 LOAD_CONST           R70 constant[1724]  ; line 1214
8325 MOVE                 R71 <- R19  ; line 1214
8326 HOST_CALL            a=72 b=72 c=71 imm=1  ; line 1214
8327 LOAD_CONST           R73 constant[1725]  ; line 1214
8328 MOVE                 R74 <- R24  ; line 1214
8329 HOST_CALL            a=75 b=72 c=74 imm=1  ; line 1214
8330 MOVE                 R76 <- R70  ; line 1214
8331 MOVE                 R77 <- R72  ; line 1214
8332 MOVE                 R78 <- R73  ; line 1214
8333 MOVE                 R79 <- R75  ; line 1214
8334 HOST_CALL            a=80 b=6 c=76 imm=4  ; line 1214
8335 MOVE                 R81 <- R69  ; line 1214
8336 MOVE                 R82 <- R80  ; line 1214
8337 ARRAY_NEW            a=83 b=81 c=2 imm=4294967295  ; line 1214
8338 RETURN               R83  ; line 1214
8339 LOAD_CONST           R84 constant[1726]  ; line 1214
8340 RETURN               R84  ; line 1214
8341 MOVE                 R2 <- R0  ; line 1218
8342 HOST_CALL            a=3 b=86 c=2 imm=1  ; line 1218
8343 LOAD_CONST           R4 constant[1727]  ; line 1218
8344 COMPARE              a=3 b=4 c=5 imm=1  ; line 1218
8345 JUMP_IF_FALSE        R5 -> 8355  ; line 1218
8346 LOAD_CONST           R2 constant[1728]  ; line 1218
8347 LOAD_CONST           R3 constant[1729]  ; line 1218
8348 LOAD_CONST           R4 constant[1730]  ; line 1218
8349 MOVE                 R5 <- R2  ; line 1218
8350 MOVE                 R6 <- R3  ; line 1218
8351 MOVE                 R7 <- R4  ; line 1218
8352 CALL                 a=8 b=86 c=5 imm=3  ; line 1218
8353 RETURN               R8  ; line 1218
8354 JUMP                 -> 8355  ; line 1218
8355 LOAD_CONST           R2 constant[1731]  ; line 1219
8356 MOVE                 R3 <- R0  ; line 1219
8357 MOVE                 R4 <- R2  ; line 1219
8358 HOST_CALL            a=5 b=7 c=3 imm=2  ; line 1219
8359 UNARY                a=5 b=6 c=4294967295 imm=1  ; line 1219
8360 JUMP_IF_FALSE        R6 -> 8370  ; line 1219
8361 LOAD_CONST           R2 constant[1732]  ; line 1219
8362 LOAD_CONST           R3 constant[1733]  ; line 1219
8363 LOAD_CONST           R4 constant[1734]  ; line 1219
8364 MOVE                 R5 <- R2  ; line 1219
8365 MOVE                 R6 <- R3  ; line 1219
8366 MOVE                 R7 <- R4  ; line 1219
8367 CALL                 a=8 b=86 c=5 imm=3  ; line 1219
8368 RETURN               R8  ; line 1219
8369 JUMP                 -> 8370  ; line 1219
8370 LOAD_CONST           R2 constant[1735]  ; line 1220
8371 MOVE                 R3 <- R0  ; line 1220
8372 MOVE                 R4 <- R2  ; line 1220
8373 HOST_CALL            a=5 b=11 c=3 imm=2  ; line 1220
8374 MOVE                 R6 <- R5  ; line 1220
8375 MOVE                 R7 <- R6  ; line 1221
8376 CALL                 a=8 b=95 c=7 imm=1  ; line 1221
8377 MOVE                 R9 <- R8  ; line 1221
8378 LOAD_CONST           R10 constant[1736]  ; line 1222
8379 LOAD_CONST           R11 constant[1737]  ; line 1222
8380 MOVE                 R12 <- R1  ; line 1222
8381 MOVE                 R13 <- R10  ; line 1222
8382 MOVE                 R14 <- R11  ; line 1222
8383 CALL                 a=15 b=87 c=12 imm=3  ; line 1222
8384 MOVE                 R16 <- R15  ; line 1222
8385 LOAD_CONST           R17 constant[1738]  ; line 1223
8386 LOAD_CONST           R18 constant[1739]  ; line 1223
8387 MOVE                 R19 <- R1  ; line 1223
8388 MOVE                 R20 <- R17  ; line 1223
8389 MOVE                 R21 <- R18  ; line 1223
8390 CALL                 a=22 b=87 c=19 imm=3  ; line 1223
8391 MOVE                 R23 <- R22  ; line 1223
8392 LOAD_CONST           R24 constant[1740]  ; line 1224
8393 COMPARE              a=9 b=24 c=25 imm=2  ; line 1224
8394 JUMP_IF_FALSE        R25 -> 8404  ; line 1224
8395 LOAD_CONST           R24 constant[1741]  ; line 1224
8396 LOAD_CONST           R25 constant[1742]  ; line 1224
8397 LOAD_CONST           R26 constant[1743]  ; line 1224
8398 MOVE                 R27 <- R24  ; line 1224
8399 MOVE                 R28 <- R25  ; line 1224
8400 MOVE                 R29 <- R26  ; line 1224
8401 CALL                 a=30 b=86 c=27 imm=3  ; line 1224
8402 RETURN               R30  ; line 1224
8403 JUMP                 -> 8404  ; line 1224
8404 LOAD_CONST           R24 constant[1744]  ; line 1225
8405 COMPARE              a=16 b=24 c=25 imm=2  ; line 1225
8406 JUMP_IF_FALSE        R25 -> 8416  ; line 1225
8407 LOAD_CONST           R24 constant[1745]  ; line 1225
8408 LOAD_CONST           R25 constant[1746]  ; line 1225
8409 LOAD_CONST           R26 constant[1747]  ; line 1225
8410 MOVE                 R27 <- R24  ; line 1225
8411 MOVE                 R28 <- R25  ; line 1225
8412 MOVE                 R29 <- R26  ; line 1225
8413 CALL                 a=30 b=86 c=27 imm=3  ; line 1225
8414 RETURN               R30  ; line 1225
8415 JUMP                 -> 8416  ; line 1225
8416 LOAD_CONST           R24 constant[1748]  ; line 1226
8417 COMPARE              a=23 b=24 c=25 imm=2  ; line 1226
8418 JUMP_IF_FALSE        R25 -> 8428  ; line 1226
8419 LOAD_CONST           R24 constant[1749]  ; line 1226
8420 LOAD_CONST           R25 constant[1750]  ; line 1226
8421 LOAD_CONST           R26 constant[1751]  ; line 1226
8422 MOVE                 R27 <- R24  ; line 1226
8423 MOVE                 R28 <- R25  ; line 1226
8424 MOVE                 R29 <- R26  ; line 1226
8425 CALL                 a=30 b=86 c=27 imm=3  ; line 1226
8426 RETURN               R30  ; line 1226
8427 JUMP                 -> 8428  ; line 1226
8428 LOAD_CONST           R24 constant[1752]  ; line 1227
8429 MOVE                 R25 <- R24  ; line 1227
8430 COMPARE              a=25 b=9 c=26 imm=2  ; line 1228
8431 JUMP_IF_FALSE        R26 -> 8476  ; line 1228
8432 MOVE                 R26 <- R6  ; line 1229
8433 MOVE                 R27 <- R25  ; line 1229
8434 HOST_CALL            a=28 b=11 c=26 imm=2  ; line 1229
8435 MOVE                 R29 <- R28  ; line 1229
8436 LOAD_CONST           R30 constant[1753]  ; line 1230
8437 COMPARE              a=29 b=30 c=31 imm=2  ; line 1230
8438 JUMP_IF_FALSE        R31 -> 8448  ; line 1230
8439 LOAD_CONST           R30 constant[1754]  ; line 1230
8440 LOAD_CONST           R31 constant[1755]  ; line 1230
8441 LOAD_CONST           R32 constant[1756]  ; line 1230
8442 MOVE                 R33 <- R30  ; line 1230
8443 MOVE                 R34 <- R31  ; line 1230
8444 MOVE                 R35 <- R32  ; line 1230
8445 CALL                 a=36 b=86 c=33 imm=3  ; line 1230
8446 RETURN               R36  ; line 1230
8447 JUMP                 -> 8448  ; line 1230
8448 COMPARE              a=29 b=23 c=30 imm=5  ; line 1231
8449 JUMP_IF_FALSE        R30 -> 8459  ; line 1231
8450 LOAD_CONST           R30 constant[1757]  ; line 1231
8451 LOAD_CONST           R31 constant[1758]  ; line 1231
8452 LOAD_CONST           R32 constant[1759]  ; line 1231
8453 MOVE                 R33 <- R30  ; line 1231
8454 MOVE                 R34 <- R31  ; line 1231
8455 MOVE                 R35 <- R32  ; line 1231
8456 CALL                 a=36 b=86 c=33 imm=3  ; line 1231
8457 RETURN               R36  ; line 1231
8458 JUMP                 -> 8459  ; line 1231
8459 MOVE                 R30 <- R29  ; line 1232
8460 HOST_CALL            a=31 b=84 c=30 imm=1  ; line 1232
8461 COMPARE              a=31 b=29 c=32 imm=1  ; line 1232
8462 JUMP_IF_FALSE        R32 -> 8472  ; line 1232
8463 LOAD_CONST           R30 constant[1760]  ; line 1232
8464 LOAD_CONST           R31 constant[1761]  ; line 1232
8465 LOAD_CONST           R32 constant[1762]  ; line 1232
8466 MOVE                 R33 <- R30  ; line 1232
8467 MOVE                 R34 <- R31  ; line 1232
8468 MOVE                 R35 <- R32  ; line 1232
8469 CALL                 a=36 b=86 c=33 imm=3  ; line 1232
8470 RETURN               R36  ; line 1232
8471 JUMP                 -> 8472  ; line 1232
8472 LOAD_CONST           R30 constant[1763]  ; line 1233
8473 BINARY               a=25 b=30 c=31 imm=0  ; line 1233
8474 MOVE                 R25 <- R31  ; line 1233
8475 JUMP                 -> 8430  ; line 1233
8476 LOAD_CONST           R30 constant[1764]  ; line 1235
8477 MOVE                 R31 <- R30  ; line 1235
8478 HOST_CALL            a=32 b=22 c=31 imm=1  ; line 1235
8479 MOVE                 R33 <- R32  ; line 1235
8480 LOAD_CONST           R34 constant[1765]  ; line 1236
8481 MOVE                 R35 <- R34  ; line 1236
8482 HOST_CALL            a=36 b=22 c=35 imm=1  ; line 1236
8483 MOVE                 R37 <- R36  ; line 1236
8484 LOAD_CONST           R38 constant[1766]  ; line 1237
8485 MOVE                 R39 <- R38  ; line 1237
8486 COMPARE              a=39 b=16 c=40 imm=2  ; line 1238
8487 JUMP_IF_FALSE        R40 -> 8551  ; line 1238
8488 LOAD_CONST           R40 constant[1767]  ; line 1239
8489 MOVE                 R41 <- R40  ; line 1239
8490 HOST_CALL            a=42 b=22 c=41 imm=1  ; line 1239
8491 MOVE                 R43 <- R42  ; line 1239
8492 LOAD_CONST           R44 constant[1768]  ; line 1240
8493 MOVE                 R45 <- R44  ; line 1240
8494 HOST_CALL            a=46 b=22 c=45 imm=1  ; line 1240
8495 MOVE                 R47 <- R46  ; line 1240
8496 LOAD_CONST           R48 constant[1769]  ; line 1241
8497 MOVE                 R49 <- R48  ; line 1241
8498 COMPARE              a=49 b=16 c=50 imm=2  ; line 1242
8499 JUMP_IF_FALSE        R50 -> 8517  ; line 1242
8500 LOAD_CONST           R50 constant[1770]  ; line 1243
8501 LOAD_CONST           R51 constant[1771]  ; line 1243
8502 BINARY               a=16 b=51 c=52 imm=1  ; line 1243
8503 BINARY               a=50 b=52 c=53 imm=3  ; line 1243
8504 MOVE                 R54 <- R53  ; line 1243
8505 COMPARE              a=39 b=49 c=55 imm=0  ; line 1244
8506 JUMP_IF_FALSE        R55 -> 8510  ; line 1244
8507 LOAD_CONST           R55 constant[1772]  ; line 1244
8508 MOVE                 R54 <- R55  ; line 1244
8509 JUMP                 -> 8510  ; line 1244
8510 MOVE                 R55 <- R43  ; line 1245
8511 MOVE                 R56 <- R54  ; line 1245
8512 HOST_CALL            a=57 b=23 c=55 imm=2  ; line 1245
8513 LOAD_CONST           R55 constant[1773]  ; line 1246
8514 BINARY               a=49 b=55 c=56 imm=0  ; line 1246
8515 MOVE                 R49 <- R56  ; line 1246
8516 JUMP                 -> 8498  ; line 1246
8517 LOAD_CONST           R55 constant[1774]  ; line 1248
8518 MOVE                 R56 <- R55  ; line 1248
8519 COMPARE              a=56 b=23 c=57 imm=2  ; line 1249
8520 JUMP_IF_FALSE        R57 -> 8541  ; line 1249
8521 LOAD_CONST           R57 constant[1775]  ; line 1250
8522 LOAD_CONST           R58 constant[1776]  ; line 1250
8523 BINARY               a=23 b=58 c=59 imm=1  ; line 1250
8524 BINARY               a=57 b=59 c=60 imm=3  ; line 1250
8525 MOVE                 R61 <- R60  ; line 1250
8526 MOVE                 R62 <- R39  ; line 1251
8527 MOVE                 R63 <- R23  ; line 1251
8528 CALL                 a=64 b=90 c=62 imm=2  ; line 1251
8529 COMPARE              a=56 b=64 c=65 imm=0  ; line 1251
8530 JUMP_IF_FALSE        R65 -> 8534  ; line 1251
8531 LOAD_CONST           R62 constant[1777]  ; line 1251
8532 MOVE                 R61 <- R62  ; line 1251
8533 JUMP                 -> 8534  ; line 1251
8534 MOVE                 R62 <- R47  ; line 1252
8535 MOVE                 R63 <- R61  ; line 1252
8536 HOST_CALL            a=64 b=23 c=62 imm=2  ; line 1252
8537 LOAD_CONST           R62 constant[1778]  ; line 1253
8538 BINARY               a=56 b=62 c=63 imm=0  ; line 1253
8539 MOVE                 R56 <- R63  ; line 1253
8540 JUMP                 -> 8519  ; line 1253
8541 MOVE                 R62 <- R33  ; line 1255
8542 MOVE                 R63 <- R43  ; line 1255
8543 HOST_CALL            a=64 b=23 c=62 imm=2  ; line 1255
8544 MOVE                 R62 <- R37  ; line 1256
8545 MOVE                 R63 <- R47  ; line 1256
8546 HOST_CALL            a=64 b=23 c=62 imm=2  ; line 1256
8547 LOAD_CONST           R62 constant[1779]  ; line 1257
8548 BINARY               a=39 b=62 c=63 imm=0  ; line 1257
8549 MOVE                 R39 <- R63  ; line 1257
8550 JUMP                 -> 8486  ; line 1257
8551 LOAD_CONST           R62 constant[1780]  ; line 1259
8552 MOVE                 R63 <- R62  ; line 1259
8553 HOST_CALL            a=64 b=22 c=63 imm=1  ; line 1259
8554 MOVE                 R65 <- R64  ; line 1259
8555 LOAD_CONST           R66 constant[1781]  ; line 1260
8556 MOVE                 R39 <- R66  ; line 1260
8557 COMPARE              a=39 b=16 c=66 imm=2  ; line 1261
8558 JUMP_IF_FALSE        R66 -> 8568  ; line 1261
8559 LOAD_CONST           R66 constant[1782]  ; line 1261
8560 BINARY               a=66 b=16 c=67 imm=3  ; line 1261
8561 MOVE                 R68 <- R65  ; line 1261
8562 MOVE                 R69 <- R67  ; line 1261
8563 HOST_CALL            a=70 b=23 c=68 imm=2  ; line 1261
8564 LOAD_CONST           R66 constant[1783]  ; line 1261
8565 BINARY               a=39 b=66 c=67 imm=0  ; line 1261
8566 MOVE                 R39 <- R67  ; line 1261
8567 JUMP                 -> 8557  ; line 1261
8568 LOAD_CONST           R66 constant[1784]  ; line 1262
8569 LOAD_CONST           R67 constant[1785]  ; line 1262
8570 LOAD_CONST           R68 constant[1786]  ; line 1262
8571 LOAD_CONST           R69 constant[1787]  ; line 1262
8572 LOAD_CONST           R70 constant[1788]  ; line 1262
8573 LOAD_CONST           R71 constant[1789]  ; line 1262
8574 LOAD_CONST           R72 constant[1790]  ; line 1262
8575 LOAD_CONST           R73 constant[1791]  ; line 1262
8576 MOVE                 R74 <- R33  ; line 1262
8577 HOST_CALL            a=75 b=72 c=74 imm=1  ; line 1262
8578 LOAD_CONST           R76 constant[1792]  ; line 1262
8579 MOVE                 R77 <- R37  ; line 1262
8580 HOST_CALL            a=78 b=72 c=77 imm=1  ; line 1262
8581 LOAD_CONST           R79 constant[1793]  ; line 1262
8582 MOVE                 R80 <- R65  ; line 1262
8583 HOST_CALL            a=81 b=72 c=80 imm=1  ; line 1262
8584 LOAD_CONST           R82 constant[1794]  ; line 1262
8585 LOAD_CONST           R83 constant[1795]  ; line 1262
8586 MOVE                 R84 <- R73  ; line 1262
8587 MOVE                 R85 <- R75  ; line 1262
8588 MOVE                 R86 <- R76  ; line 1262
8589 MOVE                 R87 <- R78  ; line 1262
8590 MOVE                 R88 <- R79  ; line 1262
8591 MOVE                 R89 <- R81  ; line 1262
8592 MOVE                 R90 <- R82  ; line 1262
8593 MOVE                 R91 <- R16  ; line 1262
8594 MOVE                 R92 <- R83  ; line 1262
8595 MOVE                 R93 <- R23  ; line 1262
8596 HOST_CALL            a=94 b=6 c=84 imm=10  ; line 1262
8597 LOAD_CONST           R95 constant[1796]  ; line 1262
8598 LOAD_CONST           R96 constant[1797]  ; line 1262
8599 LOAD_CONST           R97 constant[1798]  ; line 1262
8600 MOVE                 R98 <- R96  ; line 1262
8601 MOVE                 R99 <- R97  ; line 1262
8602 HOST_CALL            a=100 b=6 c=98 imm=2  ; line 1262
8603 LOAD_CONST           R101 constant[1799]  ; line 1262
8604 LOAD_CONST           R102 constant[1800]  ; line 1262
8605 LOAD_CONST           R103 constant[1801]  ; line 1262
8606 LOAD_CONST           R104 constant[1802]  ; line 1262
8607 LOAD_CONST           R105 constant[1803]  ; line 1262
8608 LOAD_CONST           R106 constant[1804]  ; line 1262
8609 LOAD_CONST           R107 constant[1805]  ; line 1262
8610 MOVE                 R108 <- R1  ; line 1262
8611 MOVE                 R109 <- R106  ; line 1262
8612 MOVE                 R110 <- R107  ; line 1262
8613 CALL                 a=111 b=87 c=108 imm=3  ; line 1262
8614 MOVE                 R112 <- R103  ; line 1262
8615 MOVE                 R113 <- R104  ; line 1262
8616 MOVE                 R114 <- R105  ; line 1262
8617 MOVE                 R115 <- R111  ; line 1262
8618 HOST_CALL            a=116 b=6 c=112 imm=4  ; line 1262
8619 LOAD_CONST           R117 constant[1806]  ; line 1262
8620 LOAD_CONST           R118 constant[1807]  ; line 1262
8621 LOAD_CONST           R119 constant[1808]  ; line 1262
8622 LOAD_CONST           R120 constant[1809]  ; line 1262
8623 LOAD_CONST           R121 constant[1810]  ; line 1262
8624 LOAD_CONST           R122 constant[1811]  ; line 1262
8625 MOVE                 R123 <- R66  ; line 1262
8626 MOVE                 R124 <- R67  ; line 1262
8627 MOVE                 R125 <- R68  ; line 1262
8628 MOVE                 R126 <- R69  ; line 1262
8629 MOVE                 R127 <- R70  ; line 1262
8630 MOVE                 R128 <- R71  ; line 1262
8631 MOVE                 R129 <- R72  ; line 1262
8632 MOVE                 R130 <- R94  ; line 1262
8633 MOVE                 R131 <- R95  ; line 1262
8634 MOVE                 R132 <- R100  ; line 1262
8635 MOVE                 R133 <- R101  ; line 1262
8636 MOVE                 R134 <- R16  ; line 1262
8637 MOVE                 R135 <- R102  ; line 1262
8638 MOVE                 R136 <- R116  ; line 1262
8639 MOVE                 R137 <- R117  ; line 1262
8640 MOVE                 R138 <- R118  ; line 1262
8641 MOVE                 R139 <- R119  ; line 1262
8642 MOVE                 R140 <- R120  ; line 1262
8643 MOVE                 R141 <- R121  ; line 1262
8644 MOVE                 R142 <- R122  ; line 1262
8645 HOST_CALL            a=143 b=6 c=123 imm=20  ; line 1262
8646 MOVE                 R144 <- R143  ; line 1262
8647 LOAD_CONST           R145 constant[1812]  ; line 1266
8648 LOAD_CONST           R146 constant[1813]  ; line 1266
8649 MOVE                 R147 <- R1  ; line 1266
8650 MOVE                 R148 <- R145  ; line 1266
8651 MOVE                 R149 <- R146  ; line 1266
8652 CALL                 a=150 b=87 c=147 imm=3  ; line 1266
8653 MOVE                 R151 <- R144  ; line 1266
8654 MOVE                 R152 <- R6  ; line 1266
8655 MOVE                 R153 <- R150  ; line 1266
8656 CALL                 a=154 b=141 c=151 imm=3  ; line 1266
8657 MOVE                 R144 <- R154  ; line 1266
8658 MOVE                 R145 <- R144  ; line 1267
8659 MOVE                 R146 <- R6  ; line 1267
8660 CALL                 a=147 b=134 c=145 imm=2  ; line 1267
8661 MOVE                 R148 <- R147  ; line 1267
8662 LOAD_CONST           R149 constant[1814]  ; line 1268
8663 MOVE                 R150 <- R148  ; line 1268
8664 MOVE                 R151 <- R149  ; line 1268
8665 HOST_CALL            a=152 b=11 c=150 imm=2  ; line 1268
8666 LOAD_CONST           R153 constant[1815]  ; line 1268
8667 MOVE                 R154 <- R148  ; line 1268
8668 MOVE                 R155 <- R153  ; line 1268
8669 HOST_CALL            a=156 b=11 c=154 imm=2  ; line 1268
8670 LOAD_CONST           R157 constant[1816]  ; line 1268
8671 LOAD_CONST           R158 constant[1817]  ; line 1268
8672 LOAD_CONST           R159 constant[1818]  ; line 1268
8673 LOAD_CONST           R160 constant[1819]  ; line 1268
8674 MOVE                 R161 <- R1  ; line 1268
8675 MOVE                 R162 <- R159  ; line 1268
8676 MOVE                 R163 <- R160  ; line 1268
8677 CALL                 a=164 b=87 c=161 imm=3  ; line 1268
8678 MOVE                 R165 <- R157  ; line 1268
8679 MOVE                 R166 <- R9  ; line 1268
8680 MOVE                 R167 <- R158  ; line 1268
8681 MOVE                 R168 <- R164  ; line 1268
8682 HOST_CALL            a=169 b=6 c=165 imm=4  ; line 1268
8683 LOAD_CONST           R170 constant[1820]  ; line 1268
8684 LOAD_CONST           R171 constant[1821]  ; line 1268
8685 LOAD_CONST           R172 constant[1822]  ; line 1268
8686 MOVE                 R173 <- R171  ; line 1268
8687 MOVE                 R174 <- R172  ; line 1268
8688 ARRAY_NEW            a=175 b=173 c=2 imm=4294967295  ; line 1268
8689 MOVE                 R176 <- R144  ; line 1268
8690 MOVE                 R177 <- R152  ; line 1268
8691 MOVE                 R178 <- R156  ; line 1268
8692 MOVE                 R179 <- R169  ; line 1268
8693 MOVE                 R180 <- R170  ; line 1268
8694 MOVE                 R181 <- R175  ; line 1268
8695 CALL                 a=182 b=101 c=176 imm=6  ; line 1268
8696 RETURN               R182  ; line 1268
8697 LOAD_CONST           R183 constant[1823]  ; line 1268
8698 RETURN               R183  ; line 1268
8699 MOVE                 R2 <- R1  ; line 1274
8700 CALL                 a=3 b=95 c=2 imm=1  ; line 1274
8701 MOVE                 R4 <- R3  ; line 1274
8702 LOAD_CONST           R5 constant[1824]  ; line 1275
8703 MOVE                 R6 <- R0  ; line 1275
8704 MOVE                 R7 <- R5  ; line 1275
8705 HOST_CALL            a=8 b=11 c=6 imm=2  ; line 1275
8706 LOAD_CONST           R9 constant[1825]  ; line 1275
8707 MOVE                 R10 <- R8  ; line 1275
8708 MOVE                 R11 <- R9  ; line 1275
8709 HOST_CALL            a=12 b=11 c=10 imm=2  ; line 1275
8710 MOVE                 R13 <- R12  ; line 1275
8711 LOAD_CONST           R14 constant[1826]  ; line 1276
8712 MOVE                 R15 <- R14  ; line 1276
8713 HOST_CALL            a=16 b=22 c=15 imm=1  ; line 1276
8714 MOVE                 R17 <- R16  ; line 1276
8715 LOAD_CONST           R18 constant[1827]  ; line 1277
8716 MOVE                 R19 <- R18  ; line 1277
8717 HOST_CALL            a=20 b=22 c=19 imm=1  ; line 1277
8718 MOVE                 R21 <- R20  ; line 1277
8719 LOAD_CONST           R22 constant[1828]  ; line 1278
8720 MOVE                 R23 <- R22  ; line 1278
8721 HOST_CALL            a=24 b=22 c=23 imm=1  ; line 1278
8722 MOVE                 R25 <- R24  ; line 1278
8723 LOAD_CONST           R26 constant[1829]  ; line 1279
8724 MOVE                 R27 <- R26  ; line 1279
8725 COMPARE              a=27 b=13 c=28 imm=2  ; line 1280
8726 JUMP_IF_FALSE        R28 -> 8745  ; line 1280
8727 LOAD_CONST           R28 constant[1830]  ; line 1281
8728 MOVE                 R29 <- R0  ; line 1281
8729 MOVE                 R30 <- R28  ; line 1281
8730 HOST_CALL            a=31 b=11 c=29 imm=2  ; line 1281
8731 LOAD_CONST           R32 constant[1831]  ; line 1281
8732 MOVE                 R33 <- R31  ; line 1281
8733 MOVE                 R34 <- R32  ; line 1281
8734 HOST_CALL            a=35 b=11 c=33 imm=2  ; line 1281
8735 MOVE                 R36 <- R35  ; line 1281
8736 MOVE                 R37 <- R27  ; line 1281
8737 HOST_CALL            a=38 b=11 c=36 imm=2  ; line 1281
8738 MOVE                 R39 <- R25  ; line 1281
8739 MOVE                 R40 <- R38  ; line 1281
8740 HOST_CALL            a=41 b=23 c=39 imm=2  ; line 1281
8741 LOAD_CONST           R28 constant[1832]  ; line 1282
8742 BINARY               a=27 b=28 c=29 imm=0  ; line 1282
8743 MOVE                 R27 <- R29  ; line 1282
8744 JUMP                 -> 8725  ; line 1282
8745 LOAD_CONST           R28 constant[1833]  ; line 1284
8746 MOVE                 R29 <- R28  ; line 1284
8747 COMPARE              a=29 b=4 c=30 imm=2  ; line 1285
8748 JUMP_IF_FALSE        R30 -> 8862  ; line 1285
8749 MOVE                 R30 <- R13  ; line 1286
8750 CALL                 a=31 b=96 c=30 imm=1  ; line 1286
8751 MOVE                 R32 <- R31  ; line 1286
8752 LOAD_CONST           R33 constant[1834]  ; line 1287
8753 MOVE                 R34 <- R33  ; line 1287
8754 LOAD_CONST           R35 constant[1835]  ; line 1288
8755 MOVE                 R27 <- R35  ; line 1288
8756 COMPARE              a=27 b=13 c=35 imm=2  ; line 1289
8757 JUMP_IF_FALSE        R35 -> 8819  ; line 1289
8758 LOAD_CONST           R35 constant[1836]  ; line 1290
8759 MOVE                 R36 <- R35  ; line 1290
8760 LOAD_CONST           R37 constant[1837]  ; line 1291
8761 MOVE                 R38 <- R37  ; line 1291
8762 COMPARE              a=38 b=13 c=39 imm=2  ; line 1292
8763 JUMP_IF_FALSE        R39 -> 8788  ; line 1292
8764 MOVE                 R39 <- R25  ; line 1293
8765 MOVE                 R40 <- R38  ; line 1293
8766 HOST_CALL            a=41 b=11 c=39 imm=2  ; line 1293
8767 LOAD_CONST           R42 constant[1838]  ; line 1293
8768 MOVE                 R43 <- R0  ; line 1293
8769 MOVE                 R44 <- R42  ; line 1293
8770 HOST_CALL            a=45 b=11 c=43 imm=2  ; line 1293
8771 LOAD_CONST           R46 constant[1839]  ; line 1293
8772 MOVE                 R47 <- R45  ; line 1293
8773 MOVE                 R48 <- R46  ; line 1293
8774 HOST_CALL            a=49 b=11 c=47 imm=2  ; line 1293
8775 MOVE                 R50 <- R38  ; line 1293
8776 MOVE                 R51 <- R27  ; line 1293
8777 ARRAY_NEW            a=52 b=50 c=2 imm=4294967295  ; line 1293
8778 MOVE                 R53 <- R49  ; line 1293
8779 MOVE                 R54 <- R52  ; line 1293
8780 HOST_CALL            a=55 b=11 c=53 imm=2  ; line 1293
8781 BINARY               a=41 b=55 c=56 imm=2  ; line 1293
8782 BINARY               a=36 b=56 c=57 imm=0  ; line 1293
8783 MOVE                 R36 <- R57  ; line 1293
8784 LOAD_CONST           R39 constant[1840]  ; line 1294
8785 BINARY               a=38 b=39 c=40 imm=0  ; line 1294
8786 MOVE                 R38 <- R40  ; line 1294
8787 JUMP                 -> 8762  ; line 1294
8788 LOAD_CONST           R39 constant[1841]  ; line 1296
8789 MOVE                 R40 <- R0  ; line 1296
8790 MOVE                 R41 <- R39  ; line 1296
8791 HOST_CALL            a=42 b=11 c=40 imm=2  ; line 1296
8792 LOAD_CONST           R43 constant[1842]  ; line 1296
8793 MOVE                 R44 <- R42  ; line 1296
8794 MOVE                 R45 <- R43  ; line 1296
8795 HOST_CALL            a=46 b=11 c=44 imm=2  ; line 1296
8796 MOVE                 R47 <- R1  ; line 1296
8797 MOVE                 R48 <- R29  ; line 1296
8798 HOST_CALL            a=49 b=11 c=47 imm=2  ; line 1296
8799 MOVE                 R50 <- R27  ; line 1296
8800 MOVE                 R51 <- R49  ; line 1296
8801 ARRAY_NEW            a=52 b=50 c=2 imm=4294967295  ; line 1296
8802 MOVE                 R53 <- R46  ; line 1296
8803 MOVE                 R54 <- R52  ; line 1296
8804 HOST_CALL            a=55 b=11 c=53 imm=2  ; line 1296
8805 BINARY               a=36 b=55 c=56 imm=2  ; line 1296
8806 MOVE                 R57 <- R32  ; line 1296
8807 MOVE                 R58 <- R27  ; line 1296
8808 MOVE                 R59 <- R56  ; line 1296
8809 HOST_CALL            a=60 b=12 c=57 imm=3  ; line 1296
8810 MOVE                 R39 <- R32  ; line 1297
8811 MOVE                 R40 <- R27  ; line 1297
8812 HOST_CALL            a=41 b=11 c=39 imm=2  ; line 1297
8813 BINARY               a=34 b=41 c=42 imm=0  ; line 1297
8814 MOVE                 R34 <- R42  ; line 1297
8815 LOAD_CONST           R39 constant[1843]  ; line 1298
8816 BINARY               a=27 b=39 c=40 imm=0  ; line 1298
8817 MOVE                 R27 <- R40  ; line 1298
8818 JUMP                 -> 8756  ; line 1298
8819 LOAD_CONST           R39 constant[1844]  ; line 1300
8820 MOVE                 R40 <- R39  ; line 1300
8821 HOST_CALL            a=41 b=22 c=40 imm=1  ; line 1300
8822 MOVE                 R42 <- R41  ; line 1300
8823 LOAD_CONST           R43 constant[1845]  ; line 1301
8824 MOVE                 R27 <- R43  ; line 1301
8825 COMPARE              a=27 b=13 c=43 imm=2  ; line 1302
8826 JUMP_IF_FALSE        R43 -> 8851  ; line 1302
8827 MOVE                 R43 <- R32  ; line 1303
8828 MOVE                 R44 <- R27  ; line 1303
8829 HOST_CALL            a=45 b=11 c=43 imm=2  ; line 1303
8830 BINARY               a=45 b=34 c=46 imm=3  ; line 1303
8831 MOVE                 R47 <- R32  ; line 1303
8832 MOVE                 R48 <- R27  ; line 1303
8833 MOVE                 R49 <- R46  ; line 1303
8834 HOST_CALL            a=50 b=12 c=47 imm=3  ; line 1303
8835 MOVE                 R43 <- R32  ; line 1304
8836 MOVE                 R44 <- R27  ; line 1304
8837 HOST_CALL            a=45 b=11 c=43 imm=2  ; line 1304
8838 LOAD_CONST           R46 constant[1846]  ; line 1304
8839 MOVE                 R47 <- R32  ; line 1304
8840 MOVE                 R48 <- R27  ; line 1304
8841 HOST_CALL            a=49 b=11 c=47 imm=2  ; line 1304
8842 BINARY               a=46 b=49 c=50 imm=1  ; line 1304
8843 BINARY               a=45 b=50 c=51 imm=2  ; line 1304
8844 MOVE                 R52 <- R42  ; line 1304
8845 MOVE                 R53 <- R51  ; line 1304
8846 HOST_CALL            a=54 b=23 c=52 imm=2  ; line 1304
8847 LOAD_CONST           R43 constant[1847]  ; line 1305
8848 BINARY               a=27 b=43 c=44 imm=0  ; line 1305
8849 MOVE                 R27 <- R44  ; line 1305
8850 JUMP                 -> 8825  ; line 1305
8851 MOVE                 R43 <- R17  ; line 1307
8852 MOVE                 R44 <- R32  ; line 1307
8853 HOST_CALL            a=45 b=23 c=43 imm=2  ; line 1307
8854 MOVE                 R43 <- R21  ; line 1308
8855 MOVE                 R44 <- R42  ; line 1308
8856 HOST_CALL            a=45 b=23 c=43 imm=2  ; line 1308
8857 MOVE                 R25 <- R32  ; line 1309
8858 LOAD_CONST           R43 constant[1848]  ; line 1310
8859 BINARY               a=29 b=43 c=44 imm=0  ; line 1310
8860 MOVE                 R29 <- R44  ; line 1310
8861 JUMP                 -> 8747  ; line 1310
8862 LOAD_CONST           R43 constant[1849]  ; line 1312
8863 MOVE                 R44 <- R17  ; line 1312
8864 HOST_CALL            a=45 b=72 c=44 imm=1  ; line 1312
8865 LOAD_CONST           R46 constant[1850]  ; line 1312
8866 MOVE                 R47 <- R21  ; line 1312
8867 HOST_CALL            a=48 b=72 c=47 imm=1  ; line 1312
8868 MOVE                 R49 <- R43  ; line 1312
8869 MOVE                 R50 <- R45  ; line 1312
8870 MOVE                 R51 <- R46  ; line 1312
8871 MOVE                 R52 <- R48  ; line 1312
8872 HOST_CALL            a=53 b=6 c=49 imm=4  ; line 1312
8873 RETURN               R53  ; line 1312
8874 LOAD_CONST           R54 constant[1851]  ; line 1312
8875 RETURN               R54  ; line 1312
8876 MOVE                 R2 <- R0  ; line 1316
8877 HOST_CALL            a=3 b=86 c=2 imm=1  ; line 1316
8878 LOAD_CONST           R4 constant[1852]  ; line 1316
8879 COMPARE              a=3 b=4 c=5 imm=1  ; line 1316
8880 JUMP_IF_FALSE        R5 -> 8890  ; line 1316
8881 LOAD_CONST           R2 constant[1853]  ; line 1316
8882 LOAD_CONST           R3 constant[1854]  ; line 1316
8883 LOAD_CONST           R4 constant[1855]  ; line 1316
8884 MOVE                 R5 <- R2  ; line 1316
8885 MOVE                 R6 <- R3  ; line 1316
8886 MOVE                 R7 <- R4  ; line 1316
8887 CALL                 a=8 b=86 c=5 imm=3  ; line 1316
8888 RETURN               R8  ; line 1316
8889 JUMP                 -> 8890  ; line 1316
8890 LOAD_CONST           R2 constant[1856]  ; line 1317
8891 MOVE                 R3 <- R0  ; line 1317
8892 MOVE                 R4 <- R2  ; line 1317
8893 HOST_CALL            a=5 b=7 c=3 imm=2  ; line 1317
8894 UNARY                a=5 b=6 c=4294967295 imm=1  ; line 1317
8895 JUMP_IF_FALSE        R6 -> 8905  ; line 1317
8896 LOAD_CONST           R2 constant[1857]  ; line 1317
8897 LOAD_CONST           R3 constant[1858]  ; line 1317
8898 LOAD_CONST           R4 constant[1859]  ; line 1317
8899 MOVE                 R5 <- R2  ; line 1317
8900 MOVE                 R6 <- R3  ; line 1317
8901 MOVE                 R7 <- R4  ; line 1317
8902 CALL                 a=8 b=86 c=5 imm=3  ; line 1317
8903 RETURN               R8  ; line 1317
8904 JUMP                 -> 8905  ; line 1317
8905 LOAD_CONST           R2 constant[1860]  ; line 1318
8906 MOVE                 R3 <- R0  ; line 1318
8907 MOVE                 R4 <- R2  ; line 1318
8908 HOST_CALL            a=5 b=11 c=3 imm=2  ; line 1318
8909 MOVE                 R6 <- R5  ; line 1318
8910 MOVE                 R7 <- R6  ; line 1319
8911 CALL                 a=8 b=94 c=7 imm=1  ; line 1319
8912 MOVE                 R9 <- R8  ; line 1319
8913 LOAD_CONST           R10 constant[1861]  ; line 1320
8914 COMPARE              a=9 b=10 c=11 imm=0  ; line 1320
8915 JUMP_IF_FALSE        R11 -> 8925  ; line 1320
8916 LOAD_CONST           R10 constant[1862]  ; line 1320
8917 LOAD_CONST           R11 constant[1863]  ; line 1320
8918 LOAD_CONST           R12 constant[1864]  ; line 1320
8919 MOVE                 R13 <- R10  ; line 1320
8920 MOVE                 R14 <- R11  ; line 1320
8921 MOVE                 R15 <- R12  ; line 1320
8922 CALL                 a=16 b=86 c=13 imm=3  ; line 1320
8923 RETURN               R16  ; line 1320
8924 JUMP                 -> 8925  ; line 1320
8925 LOAD_CONST           R10 constant[1865]  ; line 1321
8926 MOVE                 R11 <- R9  ; line 1321
8927 MOVE                 R12 <- R10  ; line 1321
8928 HOST_CALL            a=13 b=11 c=11 imm=2  ; line 1321
8929 LOAD_CONST           R14 constant[1866]  ; line 1321
8930 COMPARE              a=13 b=14 c=15 imm=2  ; line 1321
8931 JUMP_IF_FALSE        R15 -> 8941  ; line 1321
8932 LOAD_CONST           R10 constant[1867]  ; line 1321
8933 LOAD_CONST           R11 constant[1868]  ; line 1321
8934 LOAD_CONST           R12 constant[1869]  ; line 1321
8935 MOVE                 R13 <- R10  ; line 1321
8936 MOVE                 R14 <- R11  ; line 1321
8937 MOVE                 R15 <- R12  ; line 1321
8938 CALL                 a=16 b=86 c=13 imm=3  ; line 1321
8939 RETURN               R16  ; line 1321
8940 JUMP                 -> 8941  ; line 1321
8941 LOAD_CONST           R10 constant[1870]  ; line 1322
8942 LOAD_CONST           R11 constant[1871]  ; line 1322
8943 MOVE                 R12 <- R1  ; line 1322
8944 MOVE                 R13 <- R10  ; line 1322
8945 MOVE                 R14 <- R11  ; line 1322
8946 CALL                 a=15 b=87 c=12 imm=3  ; line 1322
8947 MOVE                 R16 <- R15  ; line 1322
8948 LOAD_CONST           R17 constant[1872]  ; line 1323
8949 COMPARE              a=16 b=17 c=18 imm=2  ; line 1323
8950 JUMP_IF_FALSE        R18 -> 8960  ; line 1323
8951 LOAD_CONST           R17 constant[1873]  ; line 1323
8952 LOAD_CONST           R18 constant[1874]  ; line 1323
8953 LOAD_CONST           R19 constant[1875]  ; line 1323
8954 MOVE                 R20 <- R17  ; line 1323
8955 MOVE                 R21 <- R18  ; line 1323
8956 MOVE                 R22 <- R19  ; line 1323
8957 CALL                 a=23 b=86 c=20 imm=3  ; line 1323
8958 RETURN               R23  ; line 1323
8959 JUMP                 -> 8960  ; line 1323
8960 LOAD_CONST           R17 constant[1876]  ; line 1324
8961 MOVE                 R18 <- R9  ; line 1324
8962 MOVE                 R19 <- R17  ; line 1324
8963 HOST_CALL            a=20 b=11 c=18 imm=2  ; line 1324
8964 MOVE                 R21 <- R20  ; line 1324
8965 LOAD_CONST           R22 constant[1877]  ; line 1325
8966 MOVE                 R23 <- R22  ; line 1325
8967 HOST_CALL            a=24 b=22 c=23 imm=1  ; line 1325
8968 MOVE                 R25 <- R24  ; line 1325
8969 LOAD_CONST           R26 constant[1878]  ; line 1326
8970 MOVE                 R27 <- R26  ; line 1326
8971 HOST_CALL            a=28 b=22 c=27 imm=1  ; line 1326
8972 MOVE                 R29 <- R28  ; line 1326
8973 LOAD_CONST           R30 constant[1879]  ; line 1327
8974 MOVE                 R31 <- R30  ; line 1327
8975 HOST_CALL            a=32 b=22 c=31 imm=1  ; line 1327
8976 MOVE                 R33 <- R32  ; line 1327
8977 LOAD_CONST           R34 constant[1880]  ; line 1328
8978 MOVE                 R35 <- R34  ; line 1328
8979 COMPARE              a=35 b=21 c=36 imm=2  ; line 1329
8980 JUMP_IF_FALSE        R36 -> 9100  ; line 1329
8981 LOAD_CONST           R36 constant[1881]  ; line 1330
8982 MOVE                 R37 <- R36  ; line 1330
8983 MOVE                 R38 <- R35  ; line 1330
8984 ARRAY_NEW            a=39 b=37 c=2 imm=4294967295  ; line 1330
8985 MOVE                 R40 <- R6  ; line 1330
8986 MOVE                 R41 <- R39  ; line 1330
8987 HOST_CALL            a=42 b=11 c=40 imm=2  ; line 1330
8988 MOVE                 R43 <- R42  ; line 1330
8989 MOVE                 R44 <- R43  ; line 1331
8990 LOAD_CONST           R45 constant[1882]  ; line 1332
8991 MOVE                 R46 <- R45  ; line 1332
8992 LOAD_CONST           R47 constant[1883]  ; line 1333
8993 MOVE                 R48 <- R47  ; line 1333
8994 LOAD_CONST           R49 constant[1884]  ; line 1334
8995 MOVE                 R50 <- R9  ; line 1334
8996 MOVE                 R51 <- R49  ; line 1334
8997 HOST_CALL            a=52 b=11 c=50 imm=2  ; line 1334
8998 COMPARE              a=48 b=52 c=53 imm=2  ; line 1334
8999 JUMP_IF_FALSE        R53 -> 9044  ; line 1334
9000 MOVE                 R49 <- R48  ; line 1335
9001 MOVE                 R50 <- R35  ; line 1335
9002 ARRAY_NEW            a=51 b=49 c=2 imm=4294967295  ; line 1335
9003 MOVE                 R52 <- R6  ; line 1335
9004 MOVE                 R53 <- R51  ; line 1335
9005 HOST_CALL            a=54 b=11 c=52 imm=2  ; line 1335
9006 COMPARE              a=54 b=43 c=55 imm=2  ; line 1335
9007 JUMP_IF_FALSE        R55 -> 9016  ; line 1335
9008 MOVE                 R49 <- R48  ; line 1335
9009 MOVE                 R50 <- R35  ; line 1335
9010 ARRAY_NEW            a=51 b=49 c=2 imm=4294967295  ; line 1335
9011 MOVE                 R52 <- R6  ; line 1335
9012 MOVE                 R53 <- R51  ; line 1335
9013 HOST_CALL            a=54 b=11 c=52 imm=2  ; line 1335
9014 MOVE                 R43 <- R54  ; line 1335
9015 JUMP                 -> 9016  ; line 1335
9016 MOVE                 R49 <- R48  ; line 1336
9017 MOVE                 R50 <- R35  ; line 1336
9018 ARRAY_NEW            a=51 b=49 c=2 imm=4294967295  ; line 1336
9019 MOVE                 R52 <- R6  ; line 1336
9020 MOVE                 R53 <- R51  ; line 1336
9021 HOST_CALL            a=54 b=11 c=52 imm=2  ; line 1336
9022 COMPARE              a=54 b=44 c=55 imm=4  ; line 1336
9023 JUMP_IF_FALSE        R55 -> 9032  ; line 1336
9024 MOVE                 R49 <- R48  ; line 1336
9025 MOVE                 R50 <- R35  ; line 1336
9026 ARRAY_NEW            a=51 b=49 c=2 imm=4294967295  ; line 1336
9027 MOVE                 R52 <- R6  ; line 1336
9028 MOVE                 R53 <- R51  ; line 1336
9029 HOST_CALL            a=54 b=11 c=52 imm=2  ; line 1336
9030 MOVE                 R44 <- R54  ; line 1336
9031 JUMP                 -> 9032  ; line 1336
9032 MOVE                 R49 <- R48  ; line 1337
9033 MOVE                 R50 <- R35  ; line 1337
9034 ARRAY_NEW            a=51 b=49 c=2 imm=4294967295  ; line 1337
9035 MOVE                 R52 <- R6  ; line 1337
9036 MOVE                 R53 <- R51  ; line 1337
9037 HOST_CALL            a=54 b=11 c=52 imm=2  ; line 1337
9038 BINARY               a=46 b=54 c=55 imm=0  ; line 1337
9039 MOVE                 R46 <- R55  ; line 1337
9040 LOAD_CONST           R49 constant[1885]  ; line 1338
9041 BINARY               a=48 b=49 c=50 imm=0  ; line 1338
9042 MOVE                 R48 <- R50  ; line 1338
9043 JUMP                 -> 8994  ; line 1338
9044 LOAD_CONST           R49 constant[1886]  ; line 1340
9045 MOVE                 R50 <- R9  ; line 1340
9046 MOVE                 R51 <- R49  ; line 1340
9047 HOST_CALL            a=52 b=11 c=50 imm=2  ; line 1340
9048 BINARY               a=46 b=52 c=53 imm=3  ; line 1340
9049 MOVE                 R46 <- R53  ; line 1340
9050 LOAD_CONST           R49 constant[1887]  ; line 1341
9051 MOVE                 R50 <- R49  ; line 1341
9052 LOAD_CONST           R51 constant[1888]  ; line 1342
9053 MOVE                 R48 <- R51  ; line 1342
9054 LOAD_CONST           R51 constant[1889]  ; line 1343
9055 MOVE                 R52 <- R9  ; line 1343
9056 MOVE                 R53 <- R51  ; line 1343
9057 HOST_CALL            a=54 b=11 c=52 imm=2  ; line 1343
9058 COMPARE              a=48 b=54 c=55 imm=2  ; line 1343
9059 JUMP_IF_FALSE        R55 -> 9075  ; line 1343
9060 MOVE                 R51 <- R48  ; line 1344
9061 MOVE                 R52 <- R35  ; line 1344
9062 ARRAY_NEW            a=53 b=51 c=2 imm=4294967295  ; line 1344
9063 MOVE                 R54 <- R6  ; line 1344
9064 MOVE                 R55 <- R53  ; line 1344
9065 HOST_CALL            a=56 b=11 c=54 imm=2  ; line 1344
9066 BINARY               a=56 b=46 c=57 imm=1  ; line 1344
9067 MOVE                 R58 <- R57  ; line 1344
9068 BINARY               a=58 b=58 c=59 imm=2  ; line 1345
9069 BINARY               a=50 b=59 c=60 imm=0  ; line 1345
9070 MOVE                 R50 <- R60  ; line 1345
9071 LOAD_CONST           R59 constant[1890]  ; line 1346
9072 BINARY               a=48 b=59 c=60 imm=0  ; line 1346
9073 MOVE                 R48 <- R60  ; line 1346
9074 JUMP                 -> 9054  ; line 1346
9075 LOAD_CONST           R59 constant[1891]  ; line 1348
9076 MOVE                 R60 <- R9  ; line 1348
9077 MOVE                 R61 <- R59  ; line 1348
9078 HOST_CALL            a=62 b=11 c=60 imm=2  ; line 1348
9079 BINARY               a=50 b=62 c=63 imm=3  ; line 1348
9080 MOVE                 R50 <- R63  ; line 1348
9081 LOAD_CONST           R59 constant[1892]  ; line 1349
9082 COMPARE              a=50 b=59 c=60 imm=2  ; line 1349
9083 JUMP_IF_FALSE        R60 -> 9087  ; line 1349
9084 LOAD_CONST           R59 constant[1893]  ; line 1349
9085 MOVE                 R50 <- R59  ; line 1349
9086 JUMP                 -> 9087  ; line 1349
9087 MOVE                 R59 <- R25  ; line 1350
9088 MOVE                 R60 <- R43  ; line 1350
9089 HOST_CALL            a=61 b=23 c=59 imm=2  ; line 1350
9090 MOVE                 R59 <- R29  ; line 1351
9091 MOVE                 R60 <- R44  ; line 1351
9092 HOST_CALL            a=61 b=23 c=59 imm=2  ; line 1351
9093 MOVE                 R59 <- R33  ; line 1352
9094 MOVE                 R60 <- R50  ; line 1352
9095 HOST_CALL            a=61 b=23 c=59 imm=2  ; line 1352
9096 LOAD_CONST           R59 constant[1894]  ; line 1353
9097 BINARY               a=35 b=59 c=60 imm=0  ; line 1353
9098 MOVE                 R35 <- R60  ; line 1353
9099 JUMP                 -> 8979  ; line 1353
9100 LOAD_CONST           R59 constant[1895]  ; line 1355
9101 MOVE                 R60 <- R59  ; line 1355
9102 HOST_CALL            a=61 b=22 c=60 imm=1  ; line 1355
9103 MOVE                 R62 <- R61  ; line 1355
9104 LOAD_CONST           R63 constant[1896]  ; line 1356
9105 MOVE                 R64 <- R63  ; line 1356
9106 HOST_CALL            a=65 b=22 c=64 imm=1  ; line 1356
9107 MOVE                 R66 <- R65  ; line 1356
9108 LOAD_CONST           R67 constant[1897]  ; line 1357
9109 MOVE                 R68 <- R67  ; line 1357
9110 HOST_CALL            a=69 b=22 c=68 imm=1  ; line 1357
9111 MOVE                 R70 <- R69  ; line 1357
9112 LOAD_CONST           R71 constant[1898]  ; line 1358
9113 MOVE                 R72 <- R71  ; line 1358
9114 HOST_CALL            a=73 b=22 c=72 imm=1  ; line 1358
9115 MOVE                 R74 <- R73  ; line 1358
9116 LOAD_CONST           R75 constant[1899]  ; line 1359
9117 MOVE                 R76 <- R75  ; line 1359
9118 COMPARE              a=76 b=16 c=77 imm=2  ; line 1360
9119 JUMP_IF_FALSE        R77 -> 9203  ; line 1360
9120 LOAD_CONST           R77 constant[1900]  ; line 1361
9121 MOVE                 R78 <- R77  ; line 1361
9122 HOST_CALL            a=79 b=22 c=78 imm=1  ; line 1361
9123 MOVE                 R80 <- R79  ; line 1361
9124 LOAD_CONST           R81 constant[1901]  ; line 1362
9125 MOVE                 R82 <- R81  ; line 1362
9126 HOST_CALL            a=83 b=22 c=82 imm=1  ; line 1362
9127 MOVE                 R84 <- R83  ; line 1362
9128 LOAD_CONST           R85 constant[1902]  ; line 1363
9129 MOVE                 R35 <- R85  ; line 1363
9130 COMPARE              a=35 b=21 c=85 imm=2  ; line 1364
9131 JUMP_IF_FALSE        R85 -> 9160  ; line 1364
9132 MOVE                 R85 <- R25  ; line 1365
9133 MOVE                 R86 <- R35  ; line 1365
9134 HOST_CALL            a=87 b=11 c=85 imm=2  ; line 1365
9135 MOVE                 R88 <- R29  ; line 1365
9136 MOVE                 R89 <- R35  ; line 1365
9137 HOST_CALL            a=90 b=11 c=88 imm=2  ; line 1365
9138 MOVE                 R91 <- R25  ; line 1365
9139 MOVE                 R92 <- R35  ; line 1365
9140 HOST_CALL            a=93 b=11 c=91 imm=2  ; line 1365
9141 BINARY               a=90 b=93 c=94 imm=1  ; line 1365
9142 BINARY               a=94 b=76 c=95 imm=2  ; line 1365
9143 LOAD_CONST           R96 constant[1903]  ; line 1365
9144 BINARY               a=16 b=96 c=97 imm=1  ; line 1365
9145 BINARY               a=95 b=97 c=98 imm=3  ; line 1365
9146 BINARY               a=87 b=98 c=99 imm=0  ; line 1365
9147 MOVE                 R100 <- R80  ; line 1365
9148 MOVE                 R101 <- R99  ; line 1365
9149 HOST_CALL            a=102 b=23 c=100 imm=2  ; line 1365
9150 MOVE                 R85 <- R33  ; line 1366
9151 MOVE                 R86 <- R35  ; line 1366
9152 HOST_CALL            a=87 b=11 c=85 imm=2  ; line 1366
9153 MOVE                 R88 <- R84  ; line 1366
9154 MOVE                 R89 <- R87  ; line 1366
9155 HOST_CALL            a=90 b=23 c=88 imm=2  ; line 1366
9156 LOAD_CONST           R85 constant[1904]  ; line 1367
9157 BINARY               a=35 b=85 c=86 imm=0  ; line 1367
9158 MOVE                 R35 <- R86  ; line 1367
9159 JUMP                 -> 9130  ; line 1367
9160 LOAD_CONST           R85 constant[1905]  ; line 1369
9161 MOVE                 R86 <- R85  ; line 1369
9162 HOST_CALL            a=87 b=22 c=86 imm=1  ; line 1369
9163 MOVE                 R88 <- R87  ; line 1369
9164 LOAD_CONST           R89 constant[1906]  ; line 1370
9165 MOVE                 R90 <- R89  ; line 1370
9166 COMPARE              a=90 b=16 c=91 imm=2  ; line 1371
9167 JUMP_IF_FALSE        R91 -> 9185  ; line 1371
9168 LOAD_CONST           R91 constant[1907]  ; line 1372
9169 LOAD_CONST           R92 constant[1908]  ; line 1372
9170 BINARY               a=16 b=92 c=93 imm=1  ; line 1372
9171 BINARY               a=91 b=93 c=94 imm=3  ; line 1372
9172 MOVE                 R95 <- R94  ; line 1372
9173 COMPARE              a=90 b=76 c=96 imm=0  ; line 1373
9174 JUMP_IF_FALSE        R96 -> 9178  ; line 1373
9175 LOAD_CONST           R96 constant[1909]  ; line 1373
9176 MOVE                 R95 <- R96  ; line 1373
9177 JUMP                 -> 9178  ; line 1373
9178 MOVE                 R96 <- R88  ; line 1374
9179 MOVE                 R97 <- R95  ; line 1374
9180 HOST_CALL            a=98 b=23 c=96 imm=2  ; line 1374
9181 LOAD_CONST           R96 constant[1910]  ; line 1375
9182 BINARY               a=90 b=96 c=97 imm=0  ; line 1375
9183 MOVE                 R90 <- R97  ; line 1375
9184 JUMP                 -> 9166  ; line 1375
9185 MOVE                 R96 <- R62  ; line 1377
9186 MOVE                 R97 <- R80  ; line 1377
9187 HOST_CALL            a=98 b=23 c=96 imm=2  ; line 1377
9188 MOVE                 R96 <- R66  ; line 1378
9189 MOVE                 R97 <- R84  ; line 1378
9190 HOST_CALL            a=98 b=23 c=96 imm=2  ; line 1378
9191 MOVE                 R96 <- R70  ; line 1379
9192 MOVE                 R97 <- R88  ; line 1379
9193 HOST_CALL            a=98 b=23 c=96 imm=2  ; line 1379
9194 LOAD_CONST           R96 constant[1911]  ; line 1380
9195 BINARY               a=96 b=16 c=97 imm=3  ; line 1380
9196 MOVE                 R98 <- R74  ; line 1380
9197 MOVE                 R99 <- R97  ; line 1380
9198 HOST_CALL            a=100 b=23 c=98 imm=2  ; line 1380
9199 LOAD_CONST           R96 constant[1912]  ; line 1381
9200 BINARY               a=76 b=96 c=97 imm=0  ; line 1381
9201 MOVE                 R76 <- R97  ; line 1381
9202 JUMP                 -> 9118  ; line 1381
9203 LOAD_CONST           R96 constant[1913]  ; line 1383
9204 LOAD_CONST           R97 constant[1914]  ; line 1383
9205 LOAD_CONST           R98 constant[1915]  ; line 1383
9206 LOAD_CONST           R99 constant[1916]  ; line 1383
9207 LOAD_CONST           R100 constant[1917]  ; line 1383
9208 LOAD_CONST           R101 constant[1918]  ; line 1383
9209 LOAD_CONST           R102 constant[1919]  ; line 1383
9210 LOAD_CONST           R103 constant[1920]  ; line 1383
9211 MOVE                 R104 <- R70  ; line 1383
9212 HOST_CALL            a=105 b=72 c=104 imm=1  ; line 1383
9213 LOAD_CONST           R106 constant[1921]  ; line 1383
9214 MOVE                 R107 <- R62  ; line 1383
9215 HOST_CALL            a=108 b=72 c=107 imm=1  ; line 1383
9216 LOAD_CONST           R109 constant[1922]  ; line 1383
9217 MOVE                 R110 <- R66  ; line 1383
9218 HOST_CALL            a=111 b=72 c=110 imm=1  ; line 1383
9219 LOAD_CONST           R112 constant[1923]  ; line 1383
9220 MOVE                 R113 <- R74  ; line 1383
9221 HOST_CALL            a=114 b=72 c=113 imm=1  ; line 1383
9222 LOAD_CONST           R115 constant[1924]  ; line 1383
9223 LOAD_CONST           R116 constant[1925]  ; line 1383
9224 MOVE                 R117 <- R103  ; line 1383
9225 MOVE                 R118 <- R105  ; line 1383
9226 MOVE                 R119 <- R106  ; line 1383
9227 MOVE                 R120 <- R108  ; line 1383
9228 MOVE                 R121 <- R109  ; line 1383
9229 MOVE                 R122 <- R111  ; line 1383
9230 MOVE                 R123 <- R112  ; line 1383
9231 MOVE                 R124 <- R114  ; line 1383
9232 MOVE                 R125 <- R115  ; line 1383
9233 MOVE                 R126 <- R16  ; line 1383
9234 MOVE                 R127 <- R116  ; line 1383
9235 MOVE                 R128 <- R21  ; line 1383
9236 HOST_CALL            a=129 b=6 c=117 imm=12  ; line 1383
9237 LOAD_CONST           R130 constant[1926]  ; line 1383
9238 LOAD_CONST           R131 constant[1927]  ; line 1383
9239 LOAD_CONST           R132 constant[1928]  ; line 1383
9240 MOVE                 R133 <- R131  ; line 1383
9241 MOVE                 R134 <- R132  ; line 1383
9242 HOST_CALL            a=135 b=6 c=133 imm=2  ; line 1383
9243 LOAD_CONST           R136 constant[1929]  ; line 1383
9244 LOAD_CONST           R137 constant[1930]  ; line 1383
9245 LOAD_CONST           R138 constant[1931]  ; line 1383
9246 LOAD_CONST           R139 constant[1932]  ; line 1383
9247 LOAD_CONST           R140 constant[1933]  ; line 1383
9248 LOAD_CONST           R141 constant[1934]  ; line 1383
9249 LOAD_CONST           R142 constant[1935]  ; line 1383
9250 MOVE                 R143 <- R1  ; line 1383
9251 MOVE                 R144 <- R141  ; line 1383
9252 MOVE                 R145 <- R142  ; line 1383
9253 CALL                 a=146 b=87 c=143 imm=3  ; line 1383
9254 MOVE                 R147 <- R138  ; line 1383
9255 MOVE                 R148 <- R139  ; line 1383
9256 MOVE                 R149 <- R140  ; line 1383
9257 MOVE                 R150 <- R146  ; line 1383
9258 HOST_CALL            a=151 b=6 c=147 imm=4  ; line 1383
9259 LOAD_CONST           R152 constant[1936]  ; line 1383
9260 LOAD_CONST           R153 constant[1937]  ; line 1383
9261 LOAD_CONST           R154 constant[1938]  ; line 1383
9262 MOVE                 R155 <- R6  ; line 1383
9263 HOST_CALL            a=156 b=60 c=155 imm=1  ; line 1383
9264 LOAD_CONST           R157 constant[1939]  ; line 1383
9265 LOAD_CONST           R158 constant[1940]  ; line 1383
9266 MOVE                 R159 <- R96  ; line 1383
9267 MOVE                 R160 <- R97  ; line 1383
9268 MOVE                 R161 <- R98  ; line 1383
9269 MOVE                 R162 <- R99  ; line 1383
9270 MOVE                 R163 <- R100  ; line 1383
9271 MOVE                 R164 <- R101  ; line 1383
9272 MOVE                 R165 <- R102  ; line 1383
9273 MOVE                 R166 <- R129  ; line 1383
9274 MOVE                 R167 <- R130  ; line 1383
9275 MOVE                 R168 <- R135  ; line 1383
9276 MOVE                 R169 <- R136  ; line 1383
9277 MOVE                 R170 <- R16  ; line 1383
9278 MOVE                 R171 <- R137  ; line 1383
9279 MOVE                 R172 <- R151  ; line 1383
9280 MOVE                 R173 <- R152  ; line 1383
9281 MOVE                 R174 <- R153  ; line 1383
9282 MOVE                 R175 <- R154  ; line 1383
9283 MOVE                 R176 <- R156  ; line 1383
9284 MOVE                 R177 <- R157  ; line 1383
9285 MOVE                 R178 <- R158  ; line 1383
9286 HOST_CALL            a=179 b=6 c=159 imm=20  ; line 1383
9287 MOVE                 R180 <- R179  ; line 1383
9288 LOAD_CONST           R181 constant[1941]  ; line 1389
9289 LOAD_CONST           R182 constant[1942]  ; line 1389
9290 MOVE                 R183 <- R1  ; line 1389
9291 MOVE                 R184 <- R181  ; line 1389
9292 MOVE                 R185 <- R182  ; line 1389
9293 CALL                 a=186 b=87 c=183 imm=3  ; line 1389
9294 MOVE                 R187 <- R180  ; line 1389
9295 MOVE                 R188 <- R6  ; line 1389
9296 MOVE                 R189 <- R186  ; line 1389
9297 CALL                 a=190 b=142 c=187 imm=3  ; line 1389
9298 MOVE                 R180 <- R190  ; line 1389
9299 MOVE                 R181 <- R180  ; line 1390
9300 MOVE                 R182 <- R6  ; line 1390
9301 CALL                 a=183 b=137 c=181 imm=2  ; line 1390
9302 MOVE                 R184 <- R183  ; line 1390
9303 LOAD_CONST           R185 constant[1943]  ; line 1391
9304 MOVE                 R186 <- R184  ; line 1391
9305 MOVE                 R187 <- R185  ; line 1391
9306 HOST_CALL            a=188 b=11 c=186 imm=2  ; line 1391
9307 LOAD_CONST           R189 constant[1944]  ; line 1391
9308 MOVE                 R190 <- R184  ; line 1391
9309 MOVE                 R191 <- R189  ; line 1391
9310 HOST_CALL            a=192 b=11 c=190 imm=2  ; line 1391
9311 LOAD_CONST           R193 constant[1945]  ; line 1391
9312 LOAD_CONST           R194 constant[1946]  ; line 1391
9313 MOVE                 R195 <- R9  ; line 1391
9314 MOVE                 R196 <- R194  ; line 1391
9315 HOST_CALL            a=197 b=11 c=195 imm=2  ; line 1391
9316 LOAD_CONST           R198 constant[1947]  ; line 1391
9317 LOAD_CONST           R199 constant[1948]  ; line 1391
9318 LOAD_CONST           R200 constant[1949]  ; line 1391
9319 MOVE                 R201 <- R1  ; line 1391
9320 MOVE                 R202 <- R199  ; line 1391
9321 MOVE                 R203 <- R200  ; line 1391
9322 CALL                 a=204 b=87 c=201 imm=3  ; line 1391
9323 MOVE                 R205 <- R193  ; line 1391
9324 MOVE                 R206 <- R197  ; line 1391
9325 MOVE                 R207 <- R198  ; line 1391
9326 MOVE                 R208 <- R204  ; line 1391
9327 HOST_CALL            a=209 b=6 c=205 imm=4  ; line 1391
9328 LOAD_CONST           R210 constant[1950]  ; line 1391
9329 LOAD_CONST           R211 constant[1951]  ; line 1391
9330 LOAD_CONST           R212 constant[1952]  ; line 1391
9331 MOVE                 R213 <- R211  ; line 1391
9332 MOVE                 R214 <- R212  ; line 1391
9333 ARRAY_NEW            a=215 b=213 c=2 imm=4294967295  ; line 1391
9334 MOVE                 R216 <- R180  ; line 1391
9335 MOVE                 R217 <- R188  ; line 1391
9336 MOVE                 R218 <- R192  ; line 1391
9337 MOVE                 R219 <- R209  ; line 1391
9338 MOVE                 R220 <- R210  ; line 1391
9339 MOVE                 R221 <- R215  ; line 1391
9340 CALL                 a=222 b=101 c=216 imm=6  ; line 1391
9341 RETURN               R222  ; line 1391
9342 LOAD_CONST           R223 constant[1953]  ; line 1391
9343 RETURN               R223  ; line 1391
9344 LOAD_CONST           R4 constant[1954]  ; line 1397
9345 MOVE                 R5 <- R4  ; line 1397
9346 LOAD_CONST           R6 constant[1955]  ; line 1398
9347 MOVE                 R7 <- R6  ; line 1398
9348 LOAD_CONST           R8 constant[1956]  ; line 1399
9349 MOVE                 R9 <- R0  ; line 1399
9350 MOVE                 R10 <- R8  ; line 1399
9351 HOST_CALL            a=11 b=11 c=9 imm=2  ; line 1399
9352 LOAD_CONST           R12 constant[1957]  ; line 1399
9353 MOVE                 R13 <- R11  ; line 1399
9354 MOVE                 R14 <- R12  ; line 1399
9355 HOST_CALL            a=15 b=11 c=13 imm=2  ; line 1399
9356 COMPARE              a=7 b=15 c=16 imm=2  ; line 1399
9357 JUMP_IF_FALSE        R16 -> 9411  ; line 1399
9358 LOAD_CONST           R8 constant[1958]  ; line 1400
9359 MOVE                 R9 <- R0  ; line 1400
9360 MOVE                 R10 <- R8  ; line 1400
9361 HOST_CALL            a=11 b=11 c=9 imm=2  ; line 1400
9362 LOAD_CONST           R12 constant[1959]  ; line 1400
9363 MOVE                 R13 <- R11  ; line 1400
9364 MOVE                 R14 <- R12  ; line 1400
9365 HOST_CALL            a=15 b=11 c=13 imm=2  ; line 1400
9366 MOVE                 R16 <- R3  ; line 1400
9367 MOVE                 R17 <- R7  ; line 1400
9368 ARRAY_NEW            a=18 b=16 c=2 imm=4294967295  ; line 1400
9369 MOVE                 R19 <- R15  ; line 1400
9370 MOVE                 R20 <- R18  ; line 1400
9371 HOST_CALL            a=21 b=11 c=19 imm=2  ; line 1400
9372 MOVE                 R22 <- R21  ; line 1400
9373 MOVE                 R23 <- R2  ; line 1401
9374 MOVE                 R24 <- R7  ; line 1401
9375 ARRAY_NEW            a=25 b=23 c=2 imm=4294967295  ; line 1401
9376 MOVE                 R26 <- R1  ; line 1401
9377 MOVE                 R27 <- R25  ; line 1401
9378 HOST_CALL            a=28 b=11 c=26 imm=2  ; line 1401
9379 LOAD_CONST           R29 constant[1960]  ; line 1401
9380 MOVE                 R30 <- R0  ; line 1401
9381 MOVE                 R31 <- R29  ; line 1401
9382 HOST_CALL            a=32 b=11 c=30 imm=2  ; line 1401
9383 LOAD_CONST           R33 constant[1961]  ; line 1401
9384 MOVE                 R34 <- R32  ; line 1401
9385 MOVE                 R35 <- R33  ; line 1401
9386 HOST_CALL            a=36 b=11 c=34 imm=2  ; line 1401
9387 MOVE                 R37 <- R3  ; line 1401
9388 MOVE                 R38 <- R7  ; line 1401
9389 ARRAY_NEW            a=39 b=37 c=2 imm=4294967295  ; line 1401
9390 MOVE                 R40 <- R36  ; line 1401
9391 MOVE                 R41 <- R39  ; line 1401
9392 HOST_CALL            a=42 b=11 c=40 imm=2  ; line 1401
9393 BINARY               a=28 b=42 c=43 imm=1  ; line 1401
9394 MOVE                 R44 <- R43  ; line 1401
9395 LOAD_CONST           R45 constant[1962]  ; line 1402
9396 UNARY                a=45 b=46 c=4294967295 imm=0  ; line 1402
9397 BINARY               a=46 b=44 c=47 imm=2  ; line 1402
9398 BINARY               a=47 b=44 c=48 imm=2  ; line 1402
9399 BINARY               a=48 b=22 c=49 imm=3  ; line 1402
9400 MOVE                 R50 <- R49  ; line 1402
9401 CALL                 a=51 b=91 c=50 imm=1  ; line 1402
9402 BINARY               a=5 b=51 c=52 imm=2  ; line 1402
9403 MOVE                 R53 <- R22  ; line 1402
9404 CALL                 a=54 b=93 c=53 imm=1  ; line 1402
9405 BINARY               a=52 b=54 c=55 imm=3  ; line 1402
9406 MOVE                 R5 <- R55  ; line 1402
9407 LOAD_CONST           R45 constant[1963]  ; line 1403
9408 BINARY               a=7 b=45 c=46 imm=0  ; line 1403
9409 MOVE                 R7 <- R46  ; line 1403
9410 JUMP                 -> 9348  ; line 1403
9411 RETURN               R5  ; line 1405
9412 LOAD_CONST           R45 constant[1964]  ; line 1405
9413 RETURN               R45  ; line 1405
9414 MOVE                 R2 <- R1  ; line 1409
9415 HOST_CALL            a=3 b=61 c=2 imm=1  ; line 1409
9416 LOAD_CONST           R4 constant[1965]  ; line 1409
9417 MOVE                 R5 <- R3  ; line 1409
9418 MOVE                 R6 <- R4  ; line 1409
9419 HOST_CALL            a=7 b=11 c=5 imm=2  ; line 1409
9420 MOVE                 R8 <- R7  ; line 1409
9421 LOAD_CONST           R9 constant[1966]  ; line 1410
9422 MOVE                 R10 <- R0  ; line 1410
9423 MOVE                 R11 <- R9  ; line 1410
9424 HOST_CALL            a=12 b=11 c=10 imm=2  ; line 1410
9425 LOAD_CONST           R13 constant[1967]  ; line 1410
9426 MOVE                 R14 <- R12  ; line 1410
9427 MOVE                 R15 <- R13  ; line 1410
9428 HOST_CALL            a=16 b=11 c=14 imm=2  ; line 1410
9429 MOVE                 R17 <- R16  ; line 1410
9430 LOAD_CONST           R18 constant[1968]  ; line 1411
9431 MOVE                 R19 <- R18  ; line 1411
9432 HOST_CALL            a=20 b=22 c=19 imm=1  ; line 1411
9433 MOVE                 R21 <- R20  ; line 1411
9434 LOAD_CONST           R22 constant[1969]  ; line 1412
9435 MOVE                 R23 <- R22  ; line 1412
9436 HOST_CALL            a=24 b=22 c=23 imm=1  ; line 1412
9437 MOVE                 R25 <- R24  ; line 1412
9438 LOAD_CONST           R26 constant[1970]  ; line 1413
9439 MOVE                 R27 <- R26  ; line 1413
9440 HOST_CALL            a=28 b=22 c=27 imm=1  ; line 1413
9441 MOVE                 R29 <- R28  ; line 1413
9442 LOAD_CONST           R30 constant[1971]  ; line 1414
9443 MOVE                 R31 <- R30  ; line 1414
9444 COMPARE              a=31 b=17 c=32 imm=2  ; line 1415
9445 JUMP_IF_FALSE        R32 -> 9464  ; line 1415
9446 LOAD_CONST           R32 constant[1972]  ; line 1416
9447 MOVE                 R33 <- R0  ; line 1416
9448 MOVE                 R34 <- R32  ; line 1416
9449 HOST_CALL            a=35 b=11 c=33 imm=2  ; line 1416
9450 LOAD_CONST           R36 constant[1973]  ; line 1416
9451 MOVE                 R37 <- R35  ; line 1416
9452 MOVE                 R38 <- R36  ; line 1416
9453 HOST_CALL            a=39 b=11 c=37 imm=2  ; line 1416
9454 MOVE                 R40 <- R39  ; line 1416
9455 MOVE                 R41 <- R31  ; line 1416
9456 HOST_CALL            a=42 b=11 c=40 imm=2  ; line 1416
9457 MOVE                 R43 <- R29  ; line 1416
9458 MOVE                 R44 <- R42  ; line 1416
9459 HOST_CALL            a=45 b=23 c=43 imm=2  ; line 1416
9460 LOAD_CONST           R32 constant[1974]  ; line 1417
9461 BINARY               a=31 b=32 c=33 imm=0  ; line 1417
9462 MOVE                 R31 <- R33  ; line 1417
9463 JUMP                 -> 9444  ; line 1417
9464 LOAD_CONST           R32 constant[1975]  ; line 1419
9465 MOVE                 R33 <- R32  ; line 1419
9466 COMPARE              a=33 b=8 c=34 imm=2  ; line 1420
9467 JUMP_IF_FALSE        R34 -> 9575  ; line 1420
9468 MOVE                 R34 <- R17  ; line 1421
9469 CALL                 a=35 b=96 c=34 imm=1  ; line 1421
9470 MOVE                 R36 <- R35  ; line 1421
9471 LOAD_CONST           R37 constant[1976]  ; line 1422
9472 MOVE                 R38 <- R37  ; line 1422
9473 LOAD_CONST           R39 constant[1977]  ; line 1423
9474 MOVE                 R31 <- R39  ; line 1423
9475 COMPARE              a=31 b=17 c=39 imm=2  ; line 1424
9476 JUMP_IF_FALSE        R39 -> 9526  ; line 1424
9477 LOAD_CONST           R39 constant[1978]  ; line 1425
9478 MOVE                 R40 <- R39  ; line 1425
9479 LOAD_CONST           R41 constant[1979]  ; line 1426
9480 MOVE                 R42 <- R41  ; line 1426
9481 COMPARE              a=42 b=17 c=43 imm=2  ; line 1427
9482 JUMP_IF_FALSE        R43 -> 9507  ; line 1427
9483 MOVE                 R43 <- R29  ; line 1428
9484 MOVE                 R44 <- R42  ; line 1428
9485 HOST_CALL            a=45 b=11 c=43 imm=2  ; line 1428
9486 LOAD_CONST           R46 constant[1980]  ; line 1428
9487 MOVE                 R47 <- R0  ; line 1428
9488 MOVE                 R48 <- R46  ; line 1428
9489 HOST_CALL            a=49 b=11 c=47 imm=2  ; line 1428
9490 LOAD_CONST           R50 constant[1981]  ; line 1428
9491 MOVE                 R51 <- R49  ; line 1428
9492 MOVE                 R52 <- R50  ; line 1428
9493 HOST_CALL            a=53 b=11 c=51 imm=2  ; line 1428
9494 MOVE                 R54 <- R42  ; line 1428
9495 MOVE                 R55 <- R31  ; line 1428
9496 ARRAY_NEW            a=56 b=54 c=2 imm=4294967295  ; line 1428
9497 MOVE                 R57 <- R53  ; line 1428
9498 MOVE                 R58 <- R56  ; line 1428
9499 HOST_CALL            a=59 b=11 c=57 imm=2  ; line 1428
9500 BINARY               a=45 b=59 c=60 imm=2  ; line 1428
9501 BINARY               a=40 b=60 c=61 imm=0  ; line 1428
9502 MOVE                 R40 <- R61  ; line 1428
9503 LOAD_CONST           R43 constant[1982]  ; line 1429
9504 BINARY               a=42 b=43 c=44 imm=0  ; line 1429
9505 MOVE                 R42 <- R44  ; line 1429
9506 JUMP                 -> 9481  ; line 1429
9507 MOVE                 R43 <- R0  ; line 1431
9508 MOVE                 R44 <- R1  ; line 1431
9509 MOVE                 R45 <- R33  ; line 1431
9510 MOVE                 R46 <- R31  ; line 1431
9511 CALL                 a=47 b=136 c=43 imm=4  ; line 1431
9512 BINARY               a=40 b=47 c=48 imm=2  ; line 1431
9513 MOVE                 R49 <- R36  ; line 1431
9514 MOVE                 R50 <- R31  ; line 1431
9515 MOVE                 R51 <- R48  ; line 1431
9516 HOST_CALL            a=52 b=12 c=49 imm=3  ; line 1431
9517 MOVE                 R43 <- R36  ; line 1432
9518 MOVE                 R44 <- R31  ; line 1432
9519 HOST_CALL            a=45 b=11 c=43 imm=2  ; line 1432
9520 BINARY               a=38 b=45 c=46 imm=0  ; line 1432
9521 MOVE                 R38 <- R46  ; line 1432
9522 LOAD_CONST           R43 constant[1983]  ; line 1433
9523 BINARY               a=31 b=43 c=44 imm=0  ; line 1433
9524 MOVE                 R31 <- R44  ; line 1433
9525 JUMP                 -> 9475  ; line 1433
9526 LOAD_CONST           R43 constant[1984]  ; line 1435
9527 COMPARE              a=38 b=43 c=44 imm=3  ; line 1435
9528 JUMP_IF_FALSE        R44 -> 9532  ; line 1435
9529 LOAD_CONST           R43 constant[1985]  ; line 1435
9530 MOVE                 R38 <- R43  ; line 1435
9531 JUMP                 -> 9532  ; line 1435
9532 LOAD_CONST           R43 constant[1986]  ; line 1436
9533 MOVE                 R44 <- R43  ; line 1436
9534 HOST_CALL            a=45 b=22 c=44 imm=1  ; line 1436
9535 MOVE                 R46 <- R45  ; line 1436
9536 LOAD_CONST           R47 constant[1987]  ; line 1437
9537 MOVE                 R31 <- R47  ; line 1437
9538 COMPARE              a=31 b=17 c=47 imm=2  ; line 1438
9539 JUMP_IF_FALSE        R47 -> 9564  ; line 1438
9540 MOVE                 R47 <- R36  ; line 1439
9541 MOVE                 R48 <- R31  ; line 1439
9542 HOST_CALL            a=49 b=11 c=47 imm=2  ; line 1439
9543 BINARY               a=49 b=38 c=50 imm=3  ; line 1439
9544 MOVE                 R51 <- R36  ; line 1439
9545 MOVE                 R52 <- R31  ; line 1439
9546 MOVE                 R53 <- R50  ; line 1439
9547 HOST_CALL            a=54 b=12 c=51 imm=3  ; line 1439
9548 MOVE                 R47 <- R36  ; line 1440
9549 MOVE                 R48 <- R31  ; line 1440
9550 HOST_CALL            a=49 b=11 c=47 imm=2  ; line 1440
9551 LOAD_CONST           R50 constant[1988]  ; line 1440
9552 MOVE                 R51 <- R36  ; line 1440
9553 MOVE                 R52 <- R31  ; line 1440
9554 HOST_CALL            a=53 b=11 c=51 imm=2  ; line 1440
9555 BINARY               a=50 b=53 c=54 imm=1  ; line 1440
9556 BINARY               a=49 b=54 c=55 imm=2  ; line 1440
9557 MOVE                 R56 <- R46  ; line 1440
9558 MOVE                 R57 <- R55  ; line 1440
9559 HOST_CALL            a=58 b=23 c=56 imm=2  ; line 1440
9560 LOAD_CONST           R47 constant[1989]  ; line 1441
9561 BINARY               a=31 b=47 c=48 imm=0  ; line 1441
9562 MOVE                 R31 <- R48  ; line 1441
9563 JUMP                 -> 9538  ; line 1441
9564 MOVE                 R47 <- R21  ; line 1443
9565 MOVE                 R48 <- R36  ; line 1443
9566 HOST_CALL            a=49 b=23 c=47 imm=2  ; line 1443
9567 MOVE                 R47 <- R25  ; line 1444
9568 MOVE                 R48 <- R46  ; line 1444
9569 HOST_CALL            a=49 b=23 c=47 imm=2  ; line 1444
9570 MOVE                 R29 <- R36  ; line 1445
9571 LOAD_CONST           R47 constant[1990]  ; line 1446
9572 BINARY               a=33 b=47 c=48 imm=0  ; line 1446
9573 MOVE                 R33 <- R48  ; line 1446
9574 JUMP                 -> 9466  ; line 1446
9575 LOAD_CONST           R47 constant[1991]  ; line 1448
9576 MOVE                 R48 <- R21  ; line 1448
9577 HOST_CALL            a=49 b=72 c=48 imm=1  ; line 1448
9578 LOAD_CONST           R50 constant[1992]  ; line 1448
9579 MOVE                 R51 <- R25  ; line 1448
9580 HOST_CALL            a=52 b=72 c=51 imm=1  ; line 1448
9581 MOVE                 R53 <- R47  ; line 1448
9582 MOVE                 R54 <- R49  ; line 1448
9583 MOVE                 R55 <- R50  ; line 1448
9584 MOVE                 R56 <- R52  ; line 1448
9585 HOST_CALL            a=57 b=6 c=53 imm=4  ; line 1448
9586 RETURN               R57  ; line 1448
9587 LOAD_CONST           R58 constant[1993]  ; line 1448
9588 RETURN               R58  ; line 1448
9589 LOAD_CONST           R4 constant[1994]  ; line 1452
9590 MOVE                 R5 <- R0  ; line 1452
9591 MOVE                 R6 <- R4  ; line 1452
9592 HOST_CALL            a=7 b=11 c=5 imm=2  ; line 1452
9593 LOAD_CONST           R8 constant[1995]  ; line 1452
9594 COMPARE              a=7 b=8 c=9 imm=0  ; line 1452
9595 JUMP_IF_FALSE        R9 -> 9615  ; line 1452
9596 LOAD_CONST           R4 constant[1996]  ; line 1453
9597 MOVE                 R5 <- R0  ; line 1453
9598 MOVE                 R6 <- R4  ; line 1453
9599 HOST_CALL            a=7 b=11 c=5 imm=2  ; line 1453
9600 LOAD_CONST           R8 constant[1997]  ; line 1453
9601 MOVE                 R9 <- R7  ; line 1453
9602 MOVE                 R10 <- R8  ; line 1453
9603 HOST_CALL            a=11 b=11 c=9 imm=2  ; line 1453
9604 MOVE                 R12 <- R1  ; line 1453
9605 MOVE                 R13 <- R2  ; line 1453
9606 HOST_CALL            a=14 b=11 c=12 imm=2  ; line 1453
9607 MOVE                 R15 <- R3  ; line 1453
9608 MOVE                 R16 <- R14  ; line 1453
9609 ARRAY_NEW            a=17 b=15 c=2 imm=4294967295  ; line 1453
9610 MOVE                 R18 <- R11  ; line 1453
9611 MOVE                 R19 <- R17  ; line 1453
9612 HOST_CALL            a=20 b=11 c=18 imm=2  ; line 1453
9613 RETURN               R20  ; line 1453
9614 JUMP                 -> 9615  ; line 1453
9615 MOVE                 R4 <- R0  ; line 1455
9616 MOVE                 R5 <- R1  ; line 1455
9617 MOVE                 R6 <- R2  ; line 1455
9618 MOVE                 R7 <- R3  ; line 1455
9619 CALL                 a=8 b=136 c=4 imm=4  ; line 1455
9620 RETURN               R8  ; line 1455
9621 LOAD_CONST           R9 constant[1998]  ; line 1455
9622 RETURN               R9  ; line 1455
9623 MOVE                 R2 <- R1  ; line 1459
9624 HOST_CALL            a=3 b=61 c=2 imm=1  ; line 1459
9625 LOAD_CONST           R4 constant[1999]  ; line 1459
9626 MOVE                 R5 <- R3  ; line 1459
9627 MOVE                 R6 <- R4  ; line 1459
9628 HOST_CALL            a=7 b=11 c=5 imm=2  ; line 1459
9629 MOVE                 R8 <- R7  ; line 1459
9630 LOAD_CONST           R9 constant[2000]  ; line 1460
9631 MOVE                 R10 <- R0  ; line 1460
9632 MOVE                 R11 <- R9  ; line 1460
9633 HOST_CALL            a=12 b=11 c=10 imm=2  ; line 1460
9634 LOAD_CONST           R13 constant[2001]  ; line 1460
9635 MOVE                 R14 <- R12  ; line 1460
9636 MOVE                 R15 <- R13  ; line 1460
9637 HOST_CALL            a=16 b=11 c=14 imm=2  ; line 1460
9638 MOVE                 R17 <- R16  ; line 1460
9639 LOAD_CONST           R18 constant[2002]  ; line 1461
9640 MOVE                 R19 <- R18  ; line 1461
9641 HOST_CALL            a=20 b=22 c=19 imm=1  ; line 1461
9642 MOVE                 R21 <- R20  ; line 1461
9643 LOAD_CONST           R22 constant[2003]  ; line 1462
9644 MOVE                 R23 <- R22  ; line 1462
9645 HOST_CALL            a=24 b=22 c=23 imm=1  ; line 1462
9646 MOVE                 R25 <- R24  ; line 1462
9647 LOAD_CONST           R26 constant[2004]  ; line 1463
9648 MOVE                 R27 <- R26  ; line 1463
9649 COMPARE              a=27 b=8 c=28 imm=2  ; line 1464
9650 JUMP_IF_FALSE        R28 -> 9762  ; line 1464
9651 MOVE                 R28 <- R17  ; line 1465
9652 CALL                 a=29 b=96 c=28 imm=1  ; line 1465
9653 MOVE                 R30 <- R29  ; line 1465
9654 LOAD_CONST           R31 constant[2005]  ; line 1466
9655 MOVE                 R32 <- R31  ; line 1466
9656 LOAD_CONST           R33 constant[2006]  ; line 1467
9657 MOVE                 R34 <- R33  ; line 1467
9658 COMPARE              a=34 b=17 c=35 imm=2  ; line 1468
9659 JUMP_IF_FALSE        R35 -> 9730  ; line 1468
9660 LOAD_CONST           R35 constant[2007]  ; line 1469
9661 MOVE                 R36 <- R0  ; line 1469
9662 MOVE                 R37 <- R35  ; line 1469
9663 HOST_CALL            a=38 b=11 c=36 imm=2  ; line 1469
9664 LOAD_CONST           R39 constant[2008]  ; line 1469
9665 MOVE                 R40 <- R38  ; line 1469
9666 MOVE                 R41 <- R39  ; line 1469
9667 HOST_CALL            a=42 b=11 c=40 imm=2  ; line 1469
9668 MOVE                 R43 <- R42  ; line 1469
9669 MOVE                 R44 <- R34  ; line 1469
9670 HOST_CALL            a=45 b=11 c=43 imm=2  ; line 1469
9671 MOVE                 R46 <- R45  ; line 1469
9672 LOAD_CONST           R47 constant[2009]  ; line 1470
9673 COMPARE              a=27 b=47 c=48 imm=4  ; line 1470
9674 JUMP_IF_FALSE        R48 -> 9711  ; line 1470
9675 LOAD_CONST           R47 constant[2010]  ; line 1471
9676 MOVE                 R46 <- R47  ; line 1471
9677 LOAD_CONST           R47 constant[2011]  ; line 1472
9678 MOVE                 R48 <- R47  ; line 1472
9679 COMPARE              a=48 b=17 c=49 imm=2  ; line 1473
9680 JUMP_IF_FALSE        R49 -> 9710  ; line 1473
9681 LOAD_CONST           R49 constant[2012]  ; line 1474
9682 BINARY               a=27 b=49 c=50 imm=1  ; line 1474
9683 MOVE                 R51 <- R21  ; line 1474
9684 MOVE                 R52 <- R50  ; line 1474
9685 HOST_CALL            a=53 b=11 c=51 imm=2  ; line 1474
9686 MOVE                 R54 <- R53  ; line 1474
9687 MOVE                 R55 <- R48  ; line 1474
9688 HOST_CALL            a=56 b=11 c=54 imm=2  ; line 1474
9689 LOAD_CONST           R57 constant[2013]  ; line 1474
9690 MOVE                 R58 <- R0  ; line 1474
9691 MOVE                 R59 <- R57  ; line 1474
9692 HOST_CALL            a=60 b=11 c=58 imm=2  ; line 1474
9693 LOAD_CONST           R61 constant[2014]  ; line 1474
9694 MOVE                 R62 <- R60  ; line 1474
9695 MOVE                 R63 <- R61  ; line 1474
9696 HOST_CALL            a=64 b=11 c=62 imm=2  ; line 1474
9697 MOVE                 R65 <- R48  ; line 1474
9698 MOVE                 R66 <- R34  ; line 1474
9699 ARRAY_NEW            a=67 b=65 c=2 imm=4294967295  ; line 1474
9700 MOVE                 R68 <- R64  ; line 1474
9701 MOVE                 R69 <- R67  ; line 1474
9702 HOST_CALL            a=70 b=11 c=68 imm=2  ; line 1474
9703 BINARY               a=56 b=70 c=71 imm=2  ; line 1474
9704 BINARY               a=46 b=71 c=72 imm=0  ; line 1474
9705 MOVE                 R46 <- R72  ; line 1474
9706 LOAD_CONST           R49 constant[2015]  ; line 1475
9707 BINARY               a=48 b=49 c=50 imm=0  ; line 1475
9708 MOVE                 R48 <- R50  ; line 1475
9709 JUMP                 -> 9679  ; line 1475
9710 JUMP                 -> 9711  ; line 1475
9711 MOVE                 R49 <- R0  ; line 1478
9712 MOVE                 R50 <- R1  ; line 1478
9713 MOVE                 R51 <- R27  ; line 1478
9714 MOVE                 R52 <- R34  ; line 1478
9715 CALL                 a=53 b=138 c=49 imm=4  ; line 1478
9716 BINARY               a=46 b=53 c=54 imm=2  ; line 1478
9717 MOVE                 R55 <- R30  ; line 1478
9718 MOVE                 R56 <- R34  ; line 1478
9719 MOVE                 R57 <- R54  ; line 1478
9720 HOST_CALL            a=58 b=12 c=55 imm=3  ; line 1478
9721 MOVE                 R49 <- R30  ; line 1479
9722 MOVE                 R50 <- R34  ; line 1479
9723 HOST_CALL            a=51 b=11 c=49 imm=2  ; line 1479
9724 BINARY               a=32 b=51 c=52 imm=0  ; line 1479
9725 MOVE                 R32 <- R52  ; line 1479
9726 LOAD_CONST           R49 constant[2016]  ; line 1480
9727 BINARY               a=34 b=49 c=50 imm=0  ; line 1480
9728 MOVE                 R34 <- R50  ; line 1480
9729 JUMP                 -> 9658  ; line 1480
9730 LOAD_CONST           R49 constant[2017]  ; line 1482
9731 COMPARE              a=32 b=49 c=50 imm=2  ; line 1482
9732 JUMP_IF_FALSE        R50 -> 9736  ; line 1482
9733 LOAD_CONST           R49 constant[2018]  ; line 1482
9734 MOVE                 R32 <- R49  ; line 1482
9735 JUMP                 -> 9736  ; line 1482
9736 LOAD_CONST           R49 constant[2019]  ; line 1483
9737 MOVE                 R34 <- R49  ; line 1483
9738 COMPARE              a=34 b=17 c=49 imm=2  ; line 1484
9739 JUMP_IF_FALSE        R49 -> 9752  ; line 1484
9740 MOVE                 R49 <- R30  ; line 1485
9741 MOVE                 R50 <- R34  ; line 1485
9742 HOST_CALL            a=51 b=11 c=49 imm=2  ; line 1485
9743 BINARY               a=51 b=32 c=52 imm=3  ; line 1485
9744 MOVE                 R53 <- R30  ; line 1485
9745 MOVE                 R54 <- R34  ; line 1485
9746 MOVE                 R55 <- R52  ; line 1485
9747 HOST_CALL            a=56 b=12 c=53 imm=3  ; line 1485
9748 LOAD_CONST           R49 constant[2020]  ; line 1486
9749 BINARY               a=34 b=49 c=50 imm=0  ; line 1486
9750 MOVE                 R34 <- R50  ; line 1486
9751 JUMP                 -> 9738  ; line 1486
9752 MOVE                 R49 <- R21  ; line 1488
9753 MOVE                 R50 <- R30  ; line 1488
9754 HOST_CALL            a=51 b=23 c=49 imm=2  ; line 1488
9755 MOVE                 R49 <- R25  ; line 1489
9756 MOVE                 R50 <- R32  ; line 1489
9757 HOST_CALL            a=51 b=23 c=49 imm=2  ; line 1489
9758 LOAD_CONST           R49 constant[2021]  ; line 1490
9759 BINARY               a=27 b=49 c=50 imm=0  ; line 1490
9760 MOVE                 R27 <- R50  ; line 1490
9761 JUMP                 -> 9649  ; line 1490
9762 MOVE                 R49 <- R8  ; line 1493
9763 MOVE                 R50 <- R17  ; line 1493
9764 CALL                 a=51 b=113 c=49 imm=2  ; line 1493
9765 MOVE                 R52 <- R51  ; line 1493
9766 LOAD_CONST           R53 constant[2022]  ; line 1494
9767 BINARY               a=8 b=53 c=54 imm=1  ; line 1494
9768 MOVE                 R55 <- R52  ; line 1494
9769 MOVE                 R56 <- R54  ; line 1494
9770 HOST_CALL            a=57 b=11 c=55 imm=2  ; line 1494
9771 MOVE                 R58 <- R57  ; line 1494
9772 LOAD_CONST           R59 constant[2023]  ; line 1495
9773 MOVE                 R60 <- R59  ; line 1495
9774 COMPARE              a=60 b=17 c=61 imm=2  ; line 1496
9775 JUMP_IF_FALSE        R61 -> 9785  ; line 1496
9776 LOAD_CONST           R61 constant[2024]  ; line 1496
9777 MOVE                 R62 <- R58  ; line 1496
9778 MOVE                 R63 <- R60  ; line 1496
9779 MOVE                 R64 <- R61  ; line 1496
9780 HOST_CALL            a=65 b=12 c=62 imm=3  ; line 1496
9781 LOAD_CONST           R61 constant[2025]  ; line 1496
9782 BINARY               a=60 b=61 c=62 imm=0  ; line 1496
9783 MOVE                 R60 <- R62  ; line 1496
9784 JUMP                 -> 9774  ; line 1496
9785 LOAD_CONST           R61 constant[2026]  ; line 1497
9786 BINARY               a=8 b=61 c=62 imm=1  ; line 1497
9787 MOVE                 R27 <- R62  ; line 1497
9788 LOAD_CONST           R61 constant[2027]  ; line 1498
9789 COMPARE              a=27 b=61 c=62 imm=5  ; line 1498
9790 JUMP_IF_FALSE        R62 -> 9860  ; line 1498
9791 MOVE                 R61 <- R52  ; line 1499
9792 MOVE                 R62 <- R27  ; line 1499
9793 HOST_CALL            a=63 b=11 c=61 imm=2  ; line 1499
9794 MOVE                 R64 <- R63  ; line 1499
9795 LOAD_CONST           R65 constant[2028]  ; line 1500
9796 MOVE                 R60 <- R65  ; line 1500
9797 COMPARE              a=60 b=17 c=65 imm=2  ; line 1501
9798 JUMP_IF_FALSE        R65 -> 9856  ; line 1501
9799 LOAD_CONST           R65 constant[2029]  ; line 1502
9800 MOVE                 R66 <- R65  ; line 1502
9801 LOAD_CONST           R67 constant[2030]  ; line 1503
9802 MOVE                 R68 <- R67  ; line 1503
9803 COMPARE              a=68 b=17 c=69 imm=2  ; line 1504
9804 JUMP_IF_FALSE        R69 -> 9842  ; line 1504
9805 LOAD_CONST           R69 constant[2031]  ; line 1505
9806 MOVE                 R70 <- R0  ; line 1505
9807 MOVE                 R71 <- R69  ; line 1505
9808 HOST_CALL            a=72 b=11 c=70 imm=2  ; line 1505
9809 LOAD_CONST           R73 constant[2032]  ; line 1505
9810 MOVE                 R74 <- R72  ; line 1505
9811 MOVE                 R75 <- R73  ; line 1505
9812 HOST_CALL            a=76 b=11 c=74 imm=2  ; line 1505
9813 MOVE                 R77 <- R60  ; line 1505
9814 MOVE                 R78 <- R68  ; line 1505
9815 ARRAY_NEW            a=79 b=77 c=2 imm=4294967295  ; line 1505
9816 MOVE                 R80 <- R76  ; line 1505
9817 MOVE                 R81 <- R79  ; line 1505
9818 HOST_CALL            a=82 b=11 c=80 imm=2  ; line 1505
9819 LOAD_CONST           R83 constant[2033]  ; line 1505
9820 BINARY               a=27 b=83 c=84 imm=0  ; line 1505
9821 MOVE                 R85 <- R0  ; line 1505
9822 MOVE                 R86 <- R1  ; line 1505
9823 MOVE                 R87 <- R84  ; line 1505
9824 MOVE                 R88 <- R68  ; line 1505
9825 CALL                 a=89 b=138 c=85 imm=4  ; line 1505
9826 BINARY               a=82 b=89 c=90 imm=2  ; line 1505
9827 LOAD_CONST           R91 constant[2034]  ; line 1505
9828 BINARY               a=27 b=91 c=92 imm=0  ; line 1505
9829 MOVE                 R93 <- R52  ; line 1505
9830 MOVE                 R94 <- R92  ; line 1505
9831 HOST_CALL            a=95 b=11 c=93 imm=2  ; line 1505
9832 MOVE                 R96 <- R95  ; line 1505
9833 MOVE                 R97 <- R68  ; line 1505
9834 HOST_CALL            a=98 b=11 c=96 imm=2  ; line 1505
9835 BINARY               a=90 b=98 c=99 imm=2  ; line 1505
9836 BINARY               a=66 b=99 c=100 imm=0  ; line 1505
9837 MOVE                 R66 <- R100  ; line 1505
9838 LOAD_CONST           R69 constant[2035]  ; line 1507
9839 BINARY               a=68 b=69 c=70 imm=0  ; line 1507
9840 MOVE                 R68 <- R70  ; line 1507
9841 JUMP                 -> 9803  ; line 1507
9842 LOAD_CONST           R69 constant[2036]  ; line 1509
9843 BINARY               a=27 b=69 c=70 imm=0  ; line 1509
9844 MOVE                 R71 <- R25  ; line 1509
9845 MOVE                 R72 <- R70  ; line 1509
9846 HOST_CALL            a=73 b=11 c=71 imm=2  ; line 1509
9847 BINARY               a=66 b=73 c=74 imm=3  ; line 1509
9848 MOVE                 R75 <- R64  ; line 1509
9849 MOVE                 R76 <- R60  ; line 1509
9850 MOVE                 R77 <- R74  ; line 1509
9851 HOST_CALL            a=78 b=12 c=75 imm=3  ; line 1509
9852 LOAD_CONST           R69 constant[2037]  ; line 1510
9853 BINARY               a=60 b=69 c=70 imm=0  ; line 1510
9854 MOVE                 R60 <- R70  ; line 1510
9855 JUMP                 -> 9797  ; line 1510
9856 LOAD_CONST           R69 constant[2038]  ; line 1512
9857 BINARY               a=27 b=69 c=70 imm=1  ; line 1512
9858 MOVE                 R27 <- R70  ; line 1512
9859 JUMP                 -> 9788  ; line 1512
9860 MOVE                 R69 <- R8  ; line 1515
9861 MOVE                 R70 <- R17  ; line 1515
9862 CALL                 a=71 b=113 c=69 imm=2  ; line 1515
9863 MOVE                 R72 <- R71  ; line 1515
9864 LOAD_CONST           R73 constant[2039]  ; line 1516
9865 MOVE                 R27 <- R73  ; line 1516
9866 COMPARE              a=27 b=8 c=73 imm=2  ; line 1517
9867 JUMP_IF_FALSE        R73 -> 9930  ; line 1517
9868 MOVE                 R73 <- R72  ; line 1518
9869 MOVE                 R74 <- R27  ; line 1518
9870 HOST_CALL            a=75 b=11 c=73 imm=2  ; line 1518
9871 MOVE                 R76 <- R75  ; line 1518
9872 LOAD_CONST           R77 constant[2040]  ; line 1519
9873 MOVE                 R78 <- R77  ; line 1519
9874 LOAD_CONST           R79 constant[2041]  ; line 1520
9875 MOVE                 R60 <- R79  ; line 1520
9876 COMPARE              a=60 b=17 c=79 imm=2  ; line 1521
9877 JUMP_IF_FALSE        R79 -> 9904  ; line 1521
9878 MOVE                 R79 <- R21  ; line 1522
9879 MOVE                 R80 <- R27  ; line 1522
9880 HOST_CALL            a=81 b=11 c=79 imm=2  ; line 1522
9881 MOVE                 R82 <- R81  ; line 1522
9882 MOVE                 R83 <- R60  ; line 1522
9883 HOST_CALL            a=84 b=11 c=82 imm=2  ; line 1522
9884 MOVE                 R85 <- R52  ; line 1522
9885 MOVE                 R86 <- R27  ; line 1522
9886 HOST_CALL            a=87 b=11 c=85 imm=2  ; line 1522
9887 MOVE                 R88 <- R87  ; line 1522
9888 MOVE                 R89 <- R60  ; line 1522
9889 HOST_CALL            a=90 b=11 c=88 imm=2  ; line 1522
9890 BINARY               a=84 b=90 c=91 imm=2  ; line 1522
9891 MOVE                 R92 <- R76  ; line 1522
9892 MOVE                 R93 <- R60  ; line 1522
9893 MOVE                 R94 <- R91  ; line 1522
9894 HOST_CALL            a=95 b=12 c=92 imm=3  ; line 1522
9895 MOVE                 R79 <- R76  ; line 1523
9896 MOVE                 R80 <- R60  ; line 1523
9897 HOST_CALL            a=81 b=11 c=79 imm=2  ; line 1523
9898 BINARY               a=78 b=81 c=82 imm=0  ; line 1523
9899 MOVE                 R78 <- R82  ; line 1523
9900 LOAD_CONST           R79 constant[2042]  ; line 1524
9901 BINARY               a=60 b=79 c=80 imm=0  ; line 1524
9902 MOVE                 R60 <- R80  ; line 1524
9903 JUMP                 -> 9876  ; line 1524
9904 LOAD_CONST           R79 constant[2043]  ; line 1526
9905 COMPARE              a=78 b=79 c=80 imm=2  ; line 1526
9906 JUMP_IF_FALSE        R80 -> 9910  ; line 1526
9907 LOAD_CONST           R79 constant[2044]  ; line 1526
9908 MOVE                 R78 <- R79  ; line 1526
9909 JUMP                 -> 9910  ; line 1526
9910 LOAD_CONST           R79 constant[2045]  ; line 1527
9911 MOVE                 R60 <- R79  ; line 1527
9912 COMPARE              a=60 b=17 c=79 imm=2  ; line 1528
9913 JUMP_IF_FALSE        R79 -> 9926  ; line 1528
9914 MOVE                 R79 <- R76  ; line 1529
9915 MOVE                 R80 <- R60  ; line 1529
9916 HOST_CALL            a=81 b=11 c=79 imm=2  ; line 1529
9917 BINARY               a=81 b=78 c=82 imm=3  ; line 1529
9918 MOVE                 R83 <- R76  ; line 1529
9919 MOVE                 R84 <- R60  ; line 1529
9920 MOVE                 R85 <- R82  ; line 1529
9921 HOST_CALL            a=86 b=12 c=83 imm=3  ; line 1529
9922 LOAD_CONST           R79 constant[2046]  ; line 1530
9923 BINARY               a=60 b=79 c=80 imm=0  ; line 1530
9924 MOVE                 R60 <- R80  ; line 1530
9925 JUMP                 -> 9912  ; line 1530
9926 LOAD_CONST           R79 constant[2047]  ; line 1532
9927 BINARY               a=27 b=79 c=80 imm=0  ; line 1532
9928 MOVE                 R27 <- R80  ; line 1532
9929 JUMP                 -> 9866  ; line 1532
9930 LOAD_CONST           R79 constant[2048]  ; line 1535
9931 MOVE                 R80 <- R79  ; line 1535
9932 HOST_CALL            a=81 b=22 c=80 imm=1  ; line 1535
9933 MOVE                 R82 <- R81  ; line 1535
9934 LOAD_CONST           R83 constant[2049]  ; line 1536
9935 MOVE                 R27 <- R83  ; line 1536
9936 LOAD_CONST           R83 constant[2050]  ; line 1537
9937 BINARY               a=8 b=83 c=84 imm=1  ; line 1537
9938 COMPARE              a=27 b=84 c=85 imm=2  ; line 1537
9939 JUMP_IF_FALSE        R85 -> 10052  ; line 1537
9940 MOVE                 R83 <- R17  ; line 1538
9941 MOVE                 R84 <- R17  ; line 1538
9942 CALL                 a=85 b=113 c=83 imm=2  ; line 1538
9943 MOVE                 R86 <- R85  ; line 1538
9944 LOAD_CONST           R87 constant[2051]  ; line 1539
9945 MOVE                 R88 <- R87  ; line 1539
9946 LOAD_CONST           R89 constant[2052]  ; line 1540
9947 MOVE                 R60 <- R89  ; line 1540
9948 COMPARE              a=60 b=17 c=89 imm=2  ; line 1541
9949 JUMP_IF_FALSE        R89 -> 10011  ; line 1541
9950 MOVE                 R89 <- R86  ; line 1542
9951 MOVE                 R90 <- R60  ; line 1542
9952 HOST_CALL            a=91 b=11 c=89 imm=2  ; line 1542
9953 MOVE                 R92 <- R91  ; line 1542
9954 LOAD_CONST           R93 constant[2053]  ; line 1543
9955 MOVE                 R94 <- R93  ; line 1543
9956 COMPARE              a=94 b=17 c=95 imm=2  ; line 1544
9957 JUMP_IF_FALSE        R95 -> 10007  ; line 1544
9958 MOVE                 R95 <- R21  ; line 1545
9959 MOVE                 R96 <- R27  ; line 1545
9960 HOST_CALL            a=97 b=11 c=95 imm=2  ; line 1545
9961 MOVE                 R98 <- R97  ; line 1545
9962 MOVE                 R99 <- R60  ; line 1545
9963 HOST_CALL            a=100 b=11 c=98 imm=2  ; line 1545
9964 LOAD_CONST           R101 constant[2054]  ; line 1545
9965 MOVE                 R102 <- R0  ; line 1545
9966 MOVE                 R103 <- R101  ; line 1545
9967 HOST_CALL            a=104 b=11 c=102 imm=2  ; line 1545
9968 LOAD_CONST           R105 constant[2055]  ; line 1545
9969 MOVE                 R106 <- R104  ; line 1545
9970 MOVE                 R107 <- R105  ; line 1545
9971 HOST_CALL            a=108 b=11 c=106 imm=2  ; line 1545
9972 MOVE                 R109 <- R60  ; line 1545
9973 MOVE                 R110 <- R94  ; line 1545
9974 ARRAY_NEW            a=111 b=109 c=2 imm=4294967295  ; line 1545
9975 MOVE                 R112 <- R108  ; line 1545
9976 MOVE                 R113 <- R111  ; line 1545
9977 HOST_CALL            a=114 b=11 c=112 imm=2  ; line 1545
9978 BINARY               a=100 b=114 c=115 imm=2  ; line 1545
9979 LOAD_CONST           R116 constant[2056]  ; line 1545
9980 BINARY               a=27 b=116 c=117 imm=0  ; line 1545
9981 MOVE                 R118 <- R0  ; line 1545
9982 MOVE                 R119 <- R1  ; line 1545
9983 MOVE                 R120 <- R117  ; line 1545
9984 MOVE                 R121 <- R94  ; line 1545
9985 CALL                 a=122 b=138 c=118 imm=4  ; line 1545
9986 BINARY               a=115 b=122 c=123 imm=2  ; line 1545
9987 LOAD_CONST           R124 constant[2057]  ; line 1545
9988 BINARY               a=27 b=124 c=125 imm=0  ; line 1545
9989 MOVE                 R126 <- R52  ; line 1545
9990 MOVE                 R127 <- R125  ; line 1545
9991 HOST_CALL            a=128 b=11 c=126 imm=2  ; line 1545
9992 MOVE                 R129 <- R128  ; line 1545
9993 MOVE                 R130 <- R94  ; line 1545
9994 HOST_CALL            a=131 b=11 c=129 imm=2  ; line 1545
9995 BINARY               a=123 b=131 c=132 imm=2  ; line 1545
9996 MOVE                 R133 <- R132  ; line 1545
9997 MOVE                 R134 <- R92  ; line 1547
9998 MOVE                 R135 <- R94  ; line 1547
9999 MOVE                 R136 <- R133  ; line 1547
10000 HOST_CALL            a=137 b=12 c=134 imm=3  ; line 1547
10001 BINARY               a=88 b=133 c=134 imm=0  ; line 1548
10002 MOVE                 R88 <- R134  ; line 1548
10003 LOAD_CONST           R134 constant[2058]  ; line 1549
10004 BINARY               a=94 b=134 c=135 imm=0  ; line 1549
10005 MOVE                 R94 <- R135  ; line 1549
10006 JUMP                 -> 9956  ; line 1549
10007 LOAD_CONST           R134 constant[2059]  ; line 1551
10008 BINARY               a=60 b=134 c=135 imm=0  ; line 1551
10009 MOVE                 R60 <- R135  ; line 1551
10010 JUMP                 -> 9948  ; line 1551
10011 LOAD_CONST           R134 constant[2060]  ; line 1553
10012 COMPARE              a=88 b=134 c=135 imm=2  ; line 1553
10013 JUMP_IF_FALSE        R135 -> 10017  ; line 1553
10014 LOAD_CONST           R134 constant[2061]  ; line 1553
10015 MOVE                 R88 <- R134  ; line 1553
10016 JUMP                 -> 10017  ; line 1553
10017 LOAD_CONST           R134 constant[2062]  ; line 1554
10018 MOVE                 R60 <- R134  ; line 1554
10019 COMPARE              a=60 b=17 c=134 imm=2  ; line 1555
10020 JUMP_IF_FALSE        R134 -> 10045  ; line 1555
10021 MOVE                 R134 <- R86  ; line 1556
10022 MOVE                 R135 <- R60  ; line 1556
10023 HOST_CALL            a=136 b=11 c=134 imm=2  ; line 1556
10024 MOVE                 R137 <- R136  ; line 1556
10025 LOAD_CONST           R138 constant[2063]  ; line 1557
10026 MOVE                 R139 <- R138  ; line 1557
10027 COMPARE              a=139 b=17 c=140 imm=2  ; line 1558
10028 JUMP_IF_FALSE        R140 -> 10041  ; line 1558
10029 MOVE                 R140 <- R137  ; line 1559
10030 MOVE                 R141 <- R139  ; line 1559
10031 HOST_CALL            a=142 b=11 c=140 imm=2  ; line 1559
10032 BINARY               a=142 b=88 c=143 imm=3  ; line 1559
10033 MOVE                 R144 <- R137  ; line 1559
10034 MOVE                 R145 <- R139  ; line 1559
10035 MOVE                 R146 <- R143  ; line 1559
10036 HOST_CALL            a=147 b=12 c=144 imm=3  ; line 1559
10037 LOAD_CONST           R140 constant[2064]  ; line 1560
10038 BINARY               a=139 b=140 c=141 imm=0  ; line 1560
10039 MOVE                 R139 <- R141  ; line 1560
10040 JUMP                 -> 10027  ; line 1560
10041 LOAD_CONST           R140 constant[2065]  ; line 1562
10042 BINARY               a=60 b=140 c=141 imm=0  ; line 1562
10043 MOVE                 R60 <- R141  ; line 1562
10044 JUMP                 -> 10019  ; line 1562
10045 MOVE                 R140 <- R82  ; line 1564
10046 MOVE                 R141 <- R86  ; line 1564
10047 HOST_CALL            a=142 b=23 c=140 imm=2  ; line 1564
10048 LOAD_CONST           R140 constant[2066]  ; line 1565
10049 BINARY               a=27 b=140 c=141 imm=0  ; line 1565
10050 MOVE                 R27 <- R141  ; line 1565
10051 JUMP                 -> 9936  ; line 1565
10052 LOAD_CONST           R140 constant[2067]  ; line 1567
10053 LOAD_CONST           R141 constant[2068]  ; line 1567
10054 LOAD_CONST           R142 constant[2069]  ; line 1567
10055 MOVE                 R143 <- R140  ; line 1567
10056 MOVE                 R144 <- R72  ; line 1567
10057 MOVE                 R145 <- R141  ; line 1567
10058 MOVE                 R146 <- R82  ; line 1567
10059 MOVE                 R147 <- R142  ; line 1567
10060 MOVE                 R148 <- R25  ; line 1567
10061 HOST_CALL            a=149 b=6 c=143 imm=6  ; line 1567
10062 RETURN               R149  ; line 1567
10063 LOAD_CONST           R150 constant[2070]  ; line 1567
10064 RETURN               R150  ; line 1567
10065 LOAD_CONST           R2 constant[2071]  ; line 1571
10066 MOVE                 R3 <- R0  ; line 1571
10067 MOVE                 R4 <- R2  ; line 1571
10068 HOST_CALL            a=5 b=11 c=3 imm=2  ; line 1571
10069 LOAD_CONST           R6 constant[2072]  ; line 1571
10070 MOVE                 R7 <- R5  ; line 1571
10071 MOVE                 R8 <- R6  ; line 1571
10072 HOST_CALL            a=9 b=11 c=7 imm=2  ; line 1571
10073 MOVE                 R10 <- R9  ; line 1571
10074 LOAD_CONST           R11 constant[2073]  ; line 1572
10075 MOVE                 R12 <- R1  ; line 1572
10076 MOVE                 R13 <- R11  ; line 1572
10077 HOST_CALL            a=14 b=11 c=12 imm=2  ; line 1572
10078 MOVE                 R15 <- R14  ; line 1572
10079 HOST_CALL            a=16 b=26 c=15 imm=1  ; line 1572
10080 MOVE                 R17 <- R16  ; line 1572
10081 MOVE                 R18 <- R10  ; line 1573
10082 MOVE                 R19 <- R10  ; line 1573
10083 CALL                 a=20 b=113 c=18 imm=2  ; line 1573
10084 MOVE                 R21 <- R20  ; line 1573
10085 LOAD_CONST           R22 constant[2074]  ; line 1574
10086 MOVE                 R23 <- R22  ; line 1574
10087 COMPARE              a=23 b=10 c=24 imm=2  ; line 1575
10088 JUMP_IF_FALSE        R24 -> 10167  ; line 1575
10089 LOAD_CONST           R24 constant[2075]  ; line 1576
10090 MOVE                 R25 <- R24  ; line 1576
10091 LOAD_CONST           R26 constant[2076]  ; line 1577
10092 MOVE                 R27 <- R26  ; line 1577
10093 LOAD_CONST           R28 constant[2077]  ; line 1578
10094 BINARY               a=17 b=28 c=29 imm=1  ; line 1578
10095 COMPARE              a=27 b=29 c=30 imm=2  ; line 1578
10096 JUMP_IF_FALSE        R30 -> 10113  ; line 1578
10097 LOAD_CONST           R28 constant[2078]  ; line 1579
10098 MOVE                 R29 <- R1  ; line 1579
10099 MOVE                 R30 <- R28  ; line 1579
10100 HOST_CALL            a=31 b=11 c=29 imm=2  ; line 1579
10101 MOVE                 R32 <- R31  ; line 1579
10102 MOVE                 R33 <- R27  ; line 1579
10103 HOST_CALL            a=34 b=11 c=32 imm=2  ; line 1579
10104 MOVE                 R35 <- R34  ; line 1579
10105 MOVE                 R36 <- R23  ; line 1579
10106 HOST_CALL            a=37 b=11 c=35 imm=2  ; line 1579
10107 BINARY               a=25 b=37 c=38 imm=0  ; line 1579
10108 MOVE                 R25 <- R38  ; line 1579
10109 LOAD_CONST           R28 constant[2079]  ; line 1580
10110 BINARY               a=27 b=28 c=29 imm=0  ; line 1580
10111 MOVE                 R27 <- R29  ; line 1580
10112 JUMP                 -> 10093  ; line 1580
10113 LOAD_CONST           R28 constant[2080]  ; line 1582
10114 COMPARE              a=25 b=28 c=29 imm=2  ; line 1582
10115 JUMP_IF_FALSE        R29 -> 10119  ; line 1582
10116 LOAD_CONST           R28 constant[2081]  ; line 1582
10117 MOVE                 R25 <- R28  ; line 1582
10118 JUMP                 -> 10119  ; line 1582
10119 MOVE                 R28 <- R21  ; line 1583
10120 MOVE                 R29 <- R23  ; line 1583
10121 HOST_CALL            a=30 b=11 c=28 imm=2  ; line 1583
10122 MOVE                 R31 <- R30  ; line 1583
10123 LOAD_CONST           R32 constant[2082]  ; line 1584
10124 MOVE                 R33 <- R32  ; line 1584
10125 COMPARE              a=33 b=10 c=34 imm=2  ; line 1585
10126 JUMP_IF_FALSE        R34 -> 10163  ; line 1585
10127 LOAD_CONST           R34 constant[2083]  ; line 1586
10128 MOVE                 R35 <- R34  ; line 1586
10129 LOAD_CONST           R36 constant[2084]  ; line 1587
10130 MOVE                 R27 <- R36  ; line 1587
10131 LOAD_CONST           R36 constant[2085]  ; line 1588
10132 BINARY               a=17 b=36 c=37 imm=1  ; line 1588
10133 COMPARE              a=27 b=37 c=38 imm=2  ; line 1588
10134 JUMP_IF_FALSE        R38 -> 10154  ; line 1588
10135 LOAD_CONST           R36 constant[2086]  ; line 1589
10136 MOVE                 R37 <- R1  ; line 1589
10137 MOVE                 R38 <- R36  ; line 1589
10138 HOST_CALL            a=39 b=11 c=37 imm=2  ; line 1589
10139 MOVE                 R40 <- R39  ; line 1589
10140 MOVE                 R41 <- R27  ; line 1589
10141 HOST_CALL            a=42 b=11 c=40 imm=2  ; line 1589
10142 MOVE                 R43 <- R42  ; line 1589
10143 MOVE                 R44 <- R23  ; line 1589
10144 HOST_CALL            a=45 b=11 c=43 imm=2  ; line 1589
10145 MOVE                 R46 <- R45  ; line 1589
10146 MOVE                 R47 <- R33  ; line 1589
10147 HOST_CALL            a=48 b=11 c=46 imm=2  ; line 1589
10148 BINARY               a=35 b=48 c=49 imm=0  ; line 1589
10149 MOVE                 R35 <- R49  ; line 1589
10150 LOAD_CONST           R36 constant[2087]  ; line 1590
10151 BINARY               a=27 b=36 c=37 imm=0  ; line 1590
10152 MOVE                 R27 <- R37  ; line 1590
10153 JUMP                 -> 10131  ; line 1590
10154 BINARY               a=35 b=25 c=36 imm=3  ; line 1592
10155 MOVE                 R37 <- R31  ; line 1592
10156 MOVE                 R38 <- R33  ; line 1592
10157 MOVE                 R39 <- R36  ; line 1592
10158 HOST_CALL            a=40 b=12 c=37 imm=3  ; line 1592
10159 LOAD_CONST           R36 constant[2088]  ; line 1593
10160 BINARY               a=33 b=36 c=37 imm=0  ; line 1593
10161 MOVE                 R33 <- R37  ; line 1593
10162 JUMP                 -> 10125  ; line 1593
10163 LOAD_CONST           R36 constant[2089]  ; line 1595
10164 BINARY               a=23 b=36 c=37 imm=0  ; line 1595
10165 MOVE                 R23 <- R37  ; line 1595
10166 JUMP                 -> 10087  ; line 1595
10167 RETURN               R21  ; line 1597
10168 LOAD_CONST           R36 constant[2090]  ; line 1597
10169 RETURN               R36  ; line 1597
10170 LOAD_CONST           R3 constant[2091]  ; line 1601
10171 MOVE                 R4 <- R3  ; line 1601
10172 COMPARE              a=4 b=2 c=5 imm=2  ; line 1602
10173 JUMP_IF_FALSE        R5 -> 10335  ; line 1602
10174 MOVE                 R5 <- R0  ; line 1603
10175 MOVE                 R6 <- R1  ; line 1603
10176 CALL                 a=7 b=139 c=5 imm=2  ; line 1603
10177 MOVE                 R8 <- R7  ; line 1603
10178 LOAD_CONST           R9 constant[2092]  ; line 1604
10179 MOVE                 R10 <- R0  ; line 1604
10180 MOVE                 R11 <- R9  ; line 1604
10181 HOST_CALL            a=12 b=11 c=10 imm=2  ; line 1604
10182 LOAD_CONST           R13 constant[2093]  ; line 1604
10183 MOVE                 R14 <- R12  ; line 1604
10184 MOVE                 R15 <- R13  ; line 1604
10185 HOST_CALL            a=16 b=11 c=14 imm=2  ; line 1604
10186 MOVE                 R17 <- R16  ; line 1604
10187 LOAD_CONST           R18 constant[2094]  ; line 1605
10188 MOVE                 R19 <- R0  ; line 1605
10189 MOVE                 R20 <- R18  ; line 1605
10190 HOST_CALL            a=21 b=11 c=19 imm=2  ; line 1605
10191 LOAD_CONST           R22 constant[2095]  ; line 1605
10192 MOVE                 R23 <- R21  ; line 1605
10193 MOVE                 R24 <- R22  ; line 1605
10194 HOST_CALL            a=25 b=11 c=23 imm=2  ; line 1605
10195 MOVE                 R26 <- R25  ; line 1605
10196 MOVE                 R27 <- R17  ; line 1606
10197 MOVE                 R28 <- R26  ; line 1606
10198 CALL                 a=29 b=113 c=27 imm=2  ; line 1606
10199 MOVE                 R30 <- R29  ; line 1606
10200 LOAD_CONST           R31 constant[2096]  ; line 1607
10201 MOVE                 R32 <- R31  ; line 1607
10202 COMPARE              a=32 b=17 c=33 imm=2  ; line 1608
10203 JUMP_IF_FALSE        R33 -> 10293  ; line 1608
10204 LOAD_CONST           R33 constant[2097]  ; line 1609
10205 MOVE                 R34 <- R33  ; line 1609
10206 LOAD_CONST           R35 constant[2098]  ; line 1610
10207 MOVE                 R36 <- R35  ; line 1610
10208 MOVE                 R37 <- R1  ; line 1611
10209 HOST_CALL            a=38 b=61 c=37 imm=1  ; line 1611
10210 LOAD_CONST           R39 constant[2099]  ; line 1611
10211 MOVE                 R40 <- R38  ; line 1611
10212 MOVE                 R41 <- R39  ; line 1611
10213 HOST_CALL            a=42 b=11 c=40 imm=2  ; line 1611
10214 COMPARE              a=36 b=42 c=43 imm=2  ; line 1611
10215 JUMP_IF_FALSE        R43 -> 10232  ; line 1611
10216 LOAD_CONST           R37 constant[2100]  ; line 1612
10217 MOVE                 R38 <- R8  ; line 1612
10218 MOVE                 R39 <- R37  ; line 1612
10219 HOST_CALL            a=40 b=11 c=38 imm=2  ; line 1612
10220 MOVE                 R41 <- R40  ; line 1612
10221 MOVE                 R42 <- R36  ; line 1612
10222 HOST_CALL            a=43 b=11 c=41 imm=2  ; line 1612
10223 MOVE                 R44 <- R43  ; line 1612
10224 MOVE                 R45 <- R32  ; line 1612
10225 HOST_CALL            a=46 b=11 c=44 imm=2  ; line 1612
10226 BINARY               a=34 b=46 c=47 imm=0  ; line 1612
10227 MOVE                 R34 <- R47  ; line 1612
10228 LOAD_CONST           R37 constant[2101]  ; line 1613
10229 BINARY               a=36 b=37 c=38 imm=0  ; line 1613
10230 MOVE                 R36 <- R38  ; line 1613
10231 JUMP                 -> 10208  ; line 1613
10232 LOAD_CONST           R37 constant[2102]  ; line 1615
10233 COMPARE              a=34 b=37 c=38 imm=2  ; line 1615
10234 JUMP_IF_FALSE        R38 -> 10238  ; line 1615
10235 LOAD_CONST           R37 constant[2103]  ; line 1615
10236 MOVE                 R34 <- R37  ; line 1615
10237 JUMP                 -> 10238  ; line 1615
10238 MOVE                 R37 <- R30  ; line 1616
10239 MOVE                 R38 <- R32  ; line 1616
10240 HOST_CALL            a=39 b=11 c=37 imm=2  ; line 1616
10241 MOVE                 R40 <- R39  ; line 1616
10242 LOAD_CONST           R41 constant[2104]  ; line 1617
10243 MOVE                 R42 <- R41  ; line 1617
10244 COMPARE              a=42 b=26 c=43 imm=2  ; line 1618
10245 JUMP_IF_FALSE        R43 -> 10289  ; line 1618
10246 LOAD_CONST           R43 constant[2105]  ; line 1619
10247 MOVE                 R44 <- R43  ; line 1619
10248 LOAD_CONST           R45 constant[2106]  ; line 1620
10249 MOVE                 R36 <- R45  ; line 1620
10250 MOVE                 R45 <- R1  ; line 1621
10251 HOST_CALL            a=46 b=61 c=45 imm=1  ; line 1621
10252 LOAD_CONST           R47 constant[2107]  ; line 1621
10253 MOVE                 R48 <- R46  ; line 1621
10254 MOVE                 R49 <- R47  ; line 1621
10255 HOST_CALL            a=50 b=11 c=48 imm=2  ; line 1621
10256 COMPARE              a=36 b=50 c=51 imm=2  ; line 1621
10257 JUMP_IF_FALSE        R51 -> 10280  ; line 1621
10258 MOVE                 R45 <- R1  ; line 1622
10259 MOVE                 R46 <- R36  ; line 1622
10260 HOST_CALL            a=47 b=11 c=45 imm=2  ; line 1622
10261 COMPARE              a=47 b=42 c=48 imm=0  ; line 1622
10262 JUMP_IF_FALSE        R48 -> 10276  ; line 1622
10263 LOAD_CONST           R45 constant[2108]  ; line 1622
10264 MOVE                 R46 <- R8  ; line 1622
10265 MOVE                 R47 <- R45  ; line 1622
10266 HOST_CALL            a=48 b=11 c=46 imm=2  ; line 1622
10267 MOVE                 R49 <- R48  ; line 1622
10268 MOVE                 R50 <- R36  ; line 1622
10269 HOST_CALL            a=51 b=11 c=49 imm=2  ; line 1622
10270 MOVE                 R52 <- R51  ; line 1622
10271 MOVE                 R53 <- R32  ; line 1622
10272 HOST_CALL            a=54 b=11 c=52 imm=2  ; line 1622
10273 BINARY               a=44 b=54 c=55 imm=0  ; line 1622
10274 MOVE                 R44 <- R55  ; line 1622
10275 JUMP                 -> 10276  ; line 1622
10276 LOAD_CONST           R45 constant[2109]  ; line 1623
10277 BINARY               a=36 b=45 c=46 imm=0  ; line 1623
10278 MOVE                 R36 <- R46  ; line 1623
10279 JUMP                 -> 10250  ; line 1623
10280 BINARY               a=44 b=34 c=45 imm=3  ; line 1625
10281 MOVE                 R46 <- R40  ; line 1625
10282 MOVE                 R47 <- R42  ; line 1625
10283 MOVE                 R48 <- R45  ; line 1625
10284 HOST_CALL            a=49 b=12 c=46 imm=3  ; line 1625
10285 LOAD_CONST           R45 constant[2110]  ; line 1626
10286 BINARY               a=42 b=45 c=46 imm=0  ; line 1626
10287 MOVE                 R42 <- R46  ; line 1626
10288 JUMP                 -> 10244  ; line 1626
10289 LOAD_CONST           R45 constant[2111]  ; line 1628
10290 BINARY               a=32 b=45 c=46 imm=0  ; line 1628
10291 MOVE                 R32 <- R46  ; line 1628
10292 JUMP                 -> 10202  ; line 1628
10293 LOAD_CONST           R45 constant[2112]  ; line 1630
10294 LOAD_CONST           R46 constant[2113]  ; line 1630
10295 MOVE                 R47 <- R0  ; line 1630
10296 MOVE                 R48 <- R8  ; line 1630
10297 CALL                 a=49 b=140 c=47 imm=2  ; line 1630
10298 MOVE                 R50 <- R49  ; line 1630
10299 HOST_CALL            a=51 b=72 c=50 imm=1  ; line 1630
10300 LOAD_CONST           R52 constant[2114]  ; line 1630
10301 MOVE                 R53 <- R30  ; line 1630
10302 HOST_CALL            a=54 b=72 c=53 imm=1  ; line 1630
10303 LOAD_CONST           R55 constant[2115]  ; line 1630
10304 LOAD_CONST           R56 constant[2116]  ; line 1630
10305 MOVE                 R57 <- R8  ; line 1630
10306 MOVE                 R58 <- R56  ; line 1630
10307 HOST_CALL            a=59 b=11 c=57 imm=2  ; line 1630
10308 LOAD_CONST           R60 constant[2117]  ; line 1630
10309 MOVE                 R61 <- R59  ; line 1630
10310 MOVE                 R62 <- R60  ; line 1630
10311 HOST_CALL            a=63 b=11 c=61 imm=2  ; line 1630
10312 MOVE                 R64 <- R63  ; line 1630
10313 HOST_CALL            a=65 b=72 c=64 imm=1  ; line 1630
10314 LOAD_CONST           R66 constant[2118]  ; line 1630
10315 LOAD_CONST           R67 constant[2119]  ; line 1630
10316 MOVE                 R68 <- R46  ; line 1630
10317 MOVE                 R69 <- R51  ; line 1630
10318 MOVE                 R70 <- R52  ; line 1630
10319 MOVE                 R71 <- R54  ; line 1630
10320 MOVE                 R72 <- R55  ; line 1630
10321 MOVE                 R73 <- R65  ; line 1630
10322 MOVE                 R74 <- R66  ; line 1630
10323 MOVE                 R75 <- R17  ; line 1630
10324 MOVE                 R76 <- R67  ; line 1630
10325 MOVE                 R77 <- R26  ; line 1630
10326 HOST_CALL            a=78 b=6 c=68 imm=10  ; line 1630
10327 MOVE                 R79 <- R0  ; line 1630
10328 MOVE                 R80 <- R45  ; line 1630
10329 MOVE                 R81 <- R78  ; line 1630
10330 HOST_CALL            a=82 b=12 c=79 imm=3  ; line 1630
10331 LOAD_CONST           R45 constant[2120]  ; line 1632
10332 BINARY               a=4 b=45 c=46 imm=0  ; line 1632
10333 MOVE                 R4 <- R46  ; line 1632
10334 JUMP                 -> 10172  ; line 1632
10335 RETURN               R0  ; line 1634
10336 LOAD_CONST           R45 constant[2121]  ; line 1634
10337 RETURN               R45  ; line 1634
10338 LOAD_CONST           R3 constant[2122]  ; line 1638
10339 MOVE                 R4 <- R3  ; line 1638
10340 COMPARE              a=4 b=2 c=5 imm=2  ; line 1639
10341 JUMP_IF_FALSE        R5 -> 10583  ; line 1639
10342 MOVE                 R5 <- R0  ; line 1640
10343 MOVE                 R6 <- R1  ; line 1640
10344 CALL                 a=7 b=139 c=5 imm=2  ; line 1640
10345 MOVE                 R8 <- R7  ; line 1640
10346 LOAD_CONST           R9 constant[2123]  ; line 1641
10347 MOVE                 R10 <- R0  ; line 1641
10348 MOVE                 R11 <- R9  ; line 1641
10349 HOST_CALL            a=12 b=11 c=10 imm=2  ; line 1641
10350 LOAD_CONST           R13 constant[2124]  ; line 1641
10351 MOVE                 R14 <- R12  ; line 1641
10352 MOVE                 R15 <- R13  ; line 1641
10353 HOST_CALL            a=16 b=11 c=14 imm=2  ; line 1641
10354 MOVE                 R17 <- R16  ; line 1641
10355 LOAD_CONST           R18 constant[2125]  ; line 1642
10356 MOVE                 R19 <- R0  ; line 1642
10357 MOVE                 R20 <- R18  ; line 1642
10358 HOST_CALL            a=21 b=11 c=19 imm=2  ; line 1642
10359 LOAD_CONST           R22 constant[2126]  ; line 1642
10360 MOVE                 R23 <- R21  ; line 1642
10361 MOVE                 R24 <- R22  ; line 1642
10362 HOST_CALL            a=25 b=11 c=23 imm=2  ; line 1642
10363 MOVE                 R26 <- R25  ; line 1642
10364 MOVE                 R27 <- R17  ; line 1643
10365 MOVE                 R28 <- R26  ; line 1643
10366 CALL                 a=29 b=113 c=27 imm=2  ; line 1643
10367 MOVE                 R30 <- R29  ; line 1643
10368 MOVE                 R31 <- R17  ; line 1644
10369 MOVE                 R32 <- R26  ; line 1644
10370 CALL                 a=33 b=113 c=31 imm=2  ; line 1644
10371 MOVE                 R34 <- R33  ; line 1644
10372 LOAD_CONST           R35 constant[2127]  ; line 1645
10373 MOVE                 R36 <- R35  ; line 1645
10374 COMPARE              a=36 b=17 c=37 imm=2  ; line 1646
10375 JUMP_IF_FALSE        R37 -> 10536  ; line 1646
10376 LOAD_CONST           R37 constant[2128]  ; line 1647
10377 MOVE                 R38 <- R37  ; line 1647
10378 LOAD_CONST           R39 constant[2129]  ; line 1648
10379 MOVE                 R40 <- R39  ; line 1648
10380 MOVE                 R41 <- R1  ; line 1649
10381 HOST_CALL            a=42 b=61 c=41 imm=1  ; line 1649
10382 LOAD_CONST           R43 constant[2130]  ; line 1649
10383 MOVE                 R44 <- R42  ; line 1649
10384 MOVE                 R45 <- R43  ; line 1649
10385 HOST_CALL            a=46 b=11 c=44 imm=2  ; line 1649
10386 COMPARE              a=40 b=46 c=47 imm=2  ; line 1649
10387 JUMP_IF_FALSE        R47 -> 10404  ; line 1649
10388 LOAD_CONST           R41 constant[2131]  ; line 1650
10389 MOVE                 R42 <- R8  ; line 1650
10390 MOVE                 R43 <- R41  ; line 1650
10391 HOST_CALL            a=44 b=11 c=42 imm=2  ; line 1650
10392 MOVE                 R45 <- R44  ; line 1650
10393 MOVE                 R46 <- R40  ; line 1650
10394 HOST_CALL            a=47 b=11 c=45 imm=2  ; line 1650
10395 MOVE                 R48 <- R47  ; line 1650
10396 MOVE                 R49 <- R36  ; line 1650
10397 HOST_CALL            a=50 b=11 c=48 imm=2  ; line 1650
10398 BINARY               a=38 b=50 c=51 imm=0  ; line 1650
10399 MOVE                 R38 <- R51  ; line 1650
10400 LOAD_CONST           R41 constant[2132]  ; line 1651
10401 BINARY               a=40 b=41 c=42 imm=0  ; line 1651
10402 MOVE                 R40 <- R42  ; line 1651
10403 JUMP                 -> 10380  ; line 1651
10404 LOAD_CONST           R41 constant[2133]  ; line 1653
10405 COMPARE              a=38 b=41 c=42 imm=2  ; line 1653
10406 JUMP_IF_FALSE        R42 -> 10410  ; line 1653
10407 LOAD_CONST           R41 constant[2134]  ; line 1653
10408 MOVE                 R38 <- R41  ; line 1653
10409 JUMP                 -> 10410  ; line 1653
10410 MOVE                 R41 <- R30  ; line 1654
10411 MOVE                 R42 <- R36  ; line 1654
10412 HOST_CALL            a=43 b=11 c=41 imm=2  ; line 1654
10413 MOVE                 R44 <- R43  ; line 1654
10414 LOAD_CONST           R45 constant[2135]  ; line 1655
10415 MOVE                 R46 <- R45  ; line 1655
10416 COMPARE              a=46 b=26 c=47 imm=2  ; line 1656
10417 JUMP_IF_FALSE        R47 -> 10462  ; line 1656
10418 LOAD_CONST           R47 constant[2136]  ; line 1657
10419 MOVE                 R48 <- R47  ; line 1657
10420 LOAD_CONST           R49 constant[2137]  ; line 1658
10421 MOVE                 R40 <- R49  ; line 1658
10422 MOVE                 R49 <- R1  ; line 1659
10423 HOST_CALL            a=50 b=61 c=49 imm=1  ; line 1659
10424 LOAD_CONST           R51 constant[2138]  ; line 1659
10425 MOVE                 R52 <- R50  ; line 1659
10426 MOVE                 R53 <- R51  ; line 1659
10427 HOST_CALL            a=54 b=11 c=52 imm=2  ; line 1659
10428 COMPARE              a=40 b=54 c=55 imm=2  ; line 1659
10429 JUMP_IF_FALSE        R55 -> 10453  ; line 1659
10430 LOAD_CONST           R49 constant[2139]  ; line 1660
10431 MOVE                 R50 <- R8  ; line 1660
10432 MOVE                 R51 <- R49  ; line 1660
10433 HOST_CALL            a=52 b=11 c=50 imm=2  ; line 1660
10434 MOVE                 R53 <- R52  ; line 1660
10435 MOVE                 R54 <- R40  ; line 1660
10436 HOST_CALL            a=55 b=11 c=53 imm=2  ; line 1660
10437 MOVE                 R56 <- R55  ; line 1660
10438 MOVE                 R57 <- R36  ; line 1660
10439 HOST_CALL            a=58 b=11 c=56 imm=2  ; line 1660
10440 MOVE                 R59 <- R40  ; line 1660
10441 MOVE                 R60 <- R46  ; line 1660
10442 ARRAY_NEW            a=61 b=59 c=2 imm=4294967295  ; line 1660
10443 MOVE                 R62 <- R1  ; line 1660
10444 MOVE                 R63 <- R61  ; line 1660
10445 HOST_CALL            a=64 b=11 c=62 imm=2  ; line 1660
10446 BINARY               a=58 b=64 c=65 imm=2  ; line 1660
10447 BINARY               a=48 b=65 c=66 imm=0  ; line 1660
10448 MOVE                 R48 <- R66  ; line 1660
10449 LOAD_CONST           R49 constant[2140]  ; line 1661
10450 BINARY               a=40 b=49 c=50 imm=0  ; line 1661
10451 MOVE                 R40 <- R50  ; line 1661
10452 JUMP                 -> 10422  ; line 1661
10453 BINARY               a=48 b=38 c=49 imm=3  ; line 1663
10454 MOVE                 R50 <- R44  ; line 1663
10455 MOVE                 R51 <- R46  ; line 1663
10456 MOVE                 R52 <- R49  ; line 1663
10457 HOST_CALL            a=53 b=12 c=50 imm=3  ; line 1663
10458 LOAD_CONST           R49 constant[2141]  ; line 1664
10459 BINARY               a=46 b=49 c=50 imm=0  ; line 1664
10460 MOVE                 R46 <- R50  ; line 1664
10461 JUMP                 -> 10416  ; line 1664
10462 MOVE                 R49 <- R34  ; line 1666
10463 MOVE                 R50 <- R36  ; line 1666
10464 HOST_CALL            a=51 b=11 c=49 imm=2  ; line 1666
10465 MOVE                 R52 <- R51  ; line 1666
10466 LOAD_CONST           R53 constant[2142]  ; line 1667
10467 MOVE                 R46 <- R53  ; line 1667
10468 COMPARE              a=46 b=26 c=53 imm=2  ; line 1668
10469 JUMP_IF_FALSE        R53 -> 10532  ; line 1668
10470 LOAD_CONST           R53 constant[2143]  ; line 1669
10471 MOVE                 R54 <- R53  ; line 1669
10472 LOAD_CONST           R55 constant[2144]  ; line 1670
10473 MOVE                 R40 <- R55  ; line 1670
10474 MOVE                 R55 <- R1  ; line 1671
10475 HOST_CALL            a=56 b=61 c=55 imm=1  ; line 1671
10476 LOAD_CONST           R57 constant[2145]  ; line 1671
10477 MOVE                 R58 <- R56  ; line 1671
10478 MOVE                 R59 <- R57  ; line 1671
10479 HOST_CALL            a=60 b=11 c=58 imm=2  ; line 1671
10480 COMPARE              a=40 b=60 c=61 imm=2  ; line 1671
10481 JUMP_IF_FALSE        R61 -> 10511  ; line 1671
10482 MOVE                 R55 <- R40  ; line 1672
10483 MOVE                 R56 <- R46  ; line 1672
10484 ARRAY_NEW            a=57 b=55 c=2 imm=4294967295  ; line 1672
10485 MOVE                 R58 <- R1  ; line 1672
10486 MOVE                 R59 <- R57  ; line 1672
10487 HOST_CALL            a=60 b=11 c=58 imm=2  ; line 1672
10488 MOVE                 R61 <- R44  ; line 1672
10489 MOVE                 R62 <- R46  ; line 1672
10490 HOST_CALL            a=63 b=11 c=61 imm=2  ; line 1672
10491 BINARY               a=60 b=63 c=64 imm=1  ; line 1672
10492 MOVE                 R65 <- R64  ; line 1672
10493 LOAD_CONST           R66 constant[2146]  ; line 1673
10494 MOVE                 R67 <- R8  ; line 1673
10495 MOVE                 R68 <- R66  ; line 1673
10496 HOST_CALL            a=69 b=11 c=67 imm=2  ; line 1673
10497 MOVE                 R70 <- R69  ; line 1673
10498 MOVE                 R71 <- R40  ; line 1673
10499 HOST_CALL            a=72 b=11 c=70 imm=2  ; line 1673
10500 MOVE                 R73 <- R72  ; line 1673
10501 MOVE                 R74 <- R36  ; line 1673
10502 HOST_CALL            a=75 b=11 c=73 imm=2  ; line 1673
10503 BINARY               a=75 b=65 c=76 imm=2  ; line 1673
10504 BINARY               a=76 b=65 c=77 imm=2  ; line 1673
10505 BINARY               a=54 b=77 c=78 imm=0  ; line 1673
10506 MOVE                 R54 <- R78  ; line 1673
10507 LOAD_CONST           R66 constant[2147]  ; line 1674
10508 BINARY               a=40 b=66 c=67 imm=0  ; line 1674
10509 MOVE                 R40 <- R67  ; line 1674
10510 JUMP                 -> 10474  ; line 1674
10511 BINARY               a=54 b=38 c=66 imm=3  ; line 1676
10512 MOVE                 R67 <- R52  ; line 1676
10513 MOVE                 R68 <- R46  ; line 1676
10514 MOVE                 R69 <- R66  ; line 1676
10515 HOST_CALL            a=70 b=12 c=67 imm=3  ; line 1676
10516 MOVE                 R66 <- R52  ; line 1677
10517 MOVE                 R67 <- R46  ; line 1677
10518 HOST_CALL            a=68 b=11 c=66 imm=2  ; line 1677
10519 LOAD_CONST           R69 constant[2148]  ; line 1677
10520 COMPARE              a=68 b=69 c=70 imm=2  ; line 1677
10521 JUMP_IF_FALSE        R70 -> 10528  ; line 1677
10522 LOAD_CONST           R66 constant[2149]  ; line 1677
10523 MOVE                 R67 <- R52  ; line 1677
10524 MOVE                 R68 <- R46  ; line 1677
10525 MOVE                 R69 <- R66  ; line 1677
10526 HOST_CALL            a=70 b=12 c=67 imm=3  ; line 1677
10527 JUMP                 -> 10528  ; line 1677
10528 LOAD_CONST           R66 constant[2150]  ; line 1678
10529 BINARY               a=46 b=66 c=67 imm=0  ; line 1678
10530 MOVE                 R46 <- R67  ; line 1678
10531 JUMP                 -> 10468  ; line 1678
10532 LOAD_CONST           R66 constant[2151]  ; line 1680
10533 BINARY               a=36 b=66 c=67 imm=0  ; line 1680
10534 MOVE                 R36 <- R67  ; line 1680
10535 JUMP                 -> 10374  ; line 1680
10536 LOAD_CONST           R66 constant[2152]  ; line 1682
10537 LOAD_CONST           R67 constant[2153]  ; line 1682
10538 MOVE                 R68 <- R0  ; line 1682
10539 MOVE                 R69 <- R8  ; line 1682
10540 CALL                 a=70 b=140 c=68 imm=2  ; line 1682
10541 MOVE                 R71 <- R70  ; line 1682
10542 HOST_CALL            a=72 b=72 c=71 imm=1  ; line 1682
10543 LOAD_CONST           R73 constant[2154]  ; line 1682
10544 MOVE                 R74 <- R30  ; line 1682
10545 HOST_CALL            a=75 b=72 c=74 imm=1  ; line 1682
10546 LOAD_CONST           R76 constant[2155]  ; line 1682
10547 MOVE                 R77 <- R34  ; line 1682
10548 HOST_CALL            a=78 b=72 c=77 imm=1  ; line 1682
10549 LOAD_CONST           R79 constant[2156]  ; line 1682
10550 LOAD_CONST           R80 constant[2157]  ; line 1682
10551 MOVE                 R81 <- R8  ; line 1682
10552 MOVE                 R82 <- R80  ; line 1682
10553 HOST_CALL            a=83 b=11 c=81 imm=2  ; line 1682
10554 LOAD_CONST           R84 constant[2158]  ; line 1682
10555 MOVE                 R85 <- R83  ; line 1682
10556 MOVE                 R86 <- R84  ; line 1682
10557 HOST_CALL            a=87 b=11 c=85 imm=2  ; line 1682
10558 MOVE                 R88 <- R87  ; line 1682
10559 HOST_CALL            a=89 b=72 c=88 imm=1  ; line 1682
10560 LOAD_CONST           R90 constant[2159]  ; line 1682
10561 LOAD_CONST           R91 constant[2160]  ; line 1682
10562 MOVE                 R92 <- R67  ; line 1682
10563 MOVE                 R93 <- R72  ; line 1682
10564 MOVE                 R94 <- R73  ; line 1682
10565 MOVE                 R95 <- R75  ; line 1682
10566 MOVE                 R96 <- R76  ; line 1682
10567 MOVE                 R97 <- R78  ; line 1682
10568 MOVE                 R98 <- R79  ; line 1682
10569 MOVE                 R99 <- R89  ; line 1682
10570 MOVE                 R100 <- R90  ; line 1682
10571 MOVE                 R101 <- R17  ; line 1682
10572 MOVE                 R102 <- R91  ; line 1682
10573 MOVE                 R103 <- R26  ; line 1682
10574 HOST_CALL            a=104 b=6 c=92 imm=12  ; line 1682
10575 MOVE                 R105 <- R0  ; line 1682
10576 MOVE                 R106 <- R66  ; line 1682
10577 MOVE                 R107 <- R104  ; line 1682
10578 HOST_CALL            a=108 b=12 c=105 imm=3  ; line 1682
10579 LOAD_CONST           R66 constant[2161]  ; line 1684
10580 BINARY               a=4 b=66 c=67 imm=0  ; line 1684
10581 MOVE                 R4 <- R67  ; line 1684
10582 JUMP                 -> 10340  ; line 1684
10583 RETURN               R0  ; line 1686
10584 LOAD_CONST           R66 constant[2162]  ; line 1686
10585 RETURN               R66  ; line 1686
10586 MOVE                 R2 <- R1  ; line 1690
10587 HOST_CALL            a=3 b=61 c=2 imm=1  ; line 1690
10588 LOAD_CONST           R4 constant[2163]  ; line 1690
10589 MOVE                 R5 <- R3  ; line 1690
10590 MOVE                 R6 <- R4  ; line 1690
10591 HOST_CALL            a=7 b=11 c=5 imm=2  ; line 1690
10592 MOVE                 R8 <- R7  ; line 1690
10593 LOAD_CONST           R9 constant[2164]  ; line 1691
10594 MOVE                 R10 <- R0  ; line 1691
10595 MOVE                 R11 <- R9  ; line 1691
10596 HOST_CALL            a=12 b=11 c=10 imm=2  ; line 1691
10597 LOAD_CONST           R13 constant[2165]  ; line 1691
10598 MOVE                 R14 <- R12  ; line 1691
10599 MOVE                 R15 <- R13  ; line 1691
10600 HOST_CALL            a=16 b=11 c=14 imm=2  ; line 1691
10601 MOVE                 R17 <- R16  ; line 1691
10602 MOVE                 R18 <- R8  ; line 1692
10603 MOVE                 R19 <- R17  ; line 1692
10604 CALL                 a=20 b=113 c=18 imm=2  ; line 1692
10605 MOVE                 R21 <- R20  ; line 1692
10606 MOVE                 R22 <- R8  ; line 1693
10607 MOVE                 R23 <- R17  ; line 1693
10608 CALL                 a=24 b=113 c=22 imm=2  ; line 1693
10609 MOVE                 R25 <- R24  ; line 1693
10610 LOAD_CONST           R26 constant[2166]  ; line 1694
10611 MOVE                 R27 <- R26  ; line 1694
10612 LOAD_CONST           R28 constant[2167]  ; line 1695
10613 MOVE                 R29 <- R21  ; line 1695
10614 MOVE                 R30 <- R28  ; line 1695
10615 HOST_CALL            a=31 b=11 c=29 imm=2  ; line 1695
10616 MOVE                 R32 <- R31  ; line 1695
10617 COMPARE              a=27 b=17 c=33 imm=2  ; line 1696
10618 JUMP_IF_FALSE        R33 -> 10645  ; line 1696
10619 LOAD_CONST           R33 constant[2168]  ; line 1697
10620 MOVE                 R34 <- R0  ; line 1697
10621 MOVE                 R35 <- R33  ; line 1697
10622 HOST_CALL            a=36 b=11 c=34 imm=2  ; line 1697
10623 LOAD_CONST           R37 constant[2169]  ; line 1697
10624 MOVE                 R38 <- R36  ; line 1697
10625 MOVE                 R39 <- R37  ; line 1697
10626 HOST_CALL            a=40 b=11 c=38 imm=2  ; line 1697
10627 MOVE                 R41 <- R40  ; line 1697
10628 MOVE                 R42 <- R27  ; line 1697
10629 HOST_CALL            a=43 b=11 c=41 imm=2  ; line 1697
10630 LOAD_CONST           R44 constant[2170]  ; line 1697
10631 MOVE                 R45 <- R0  ; line 1697
10632 MOVE                 R46 <- R1  ; line 1697
10633 MOVE                 R47 <- R44  ; line 1697
10634 MOVE                 R48 <- R27  ; line 1697
10635 CALL                 a=49 b=138 c=45 imm=4  ; line 1697
10636 BINARY               a=43 b=49 c=50 imm=2  ; line 1697
10637 MOVE                 R51 <- R32  ; line 1697
10638 MOVE                 R52 <- R27  ; line 1697
10639 MOVE                 R53 <- R50  ; line 1697
10640 HOST_CALL            a=54 b=12 c=51 imm=3  ; line 1697
10641 LOAD_CONST           R33 constant[2171]  ; line 1699
10642 BINARY               a=27 b=33 c=34 imm=0  ; line 1699
10643 MOVE                 R27 <- R34  ; line 1699
10644 JUMP                 -> 10617  ; line 1699
10645 LOAD_CONST           R33 constant[2172]  ; line 1701
10646 MOVE                 R34 <- R33  ; line 1701
10647 COMPARE              a=34 b=8 c=35 imm=2  ; line 1702
10648 JUMP_IF_FALSE        R35 -> 10775  ; line 1702
10649 MOVE                 R35 <- R21  ; line 1703
10650 MOVE                 R36 <- R34  ; line 1703
10651 HOST_CALL            a=37 b=11 c=35 imm=2  ; line 1703
10652 MOVE                 R38 <- R37  ; line 1703
10653 MOVE                 R39 <- R25  ; line 1704
10654 MOVE                 R40 <- R34  ; line 1704
10655 HOST_CALL            a=41 b=11 c=39 imm=2  ; line 1704
10656 MOVE                 R42 <- R41  ; line 1704
10657 LOAD_CONST           R43 constant[2173]  ; line 1705
10658 MOVE                 R27 <- R43  ; line 1705
10659 LOAD_CONST           R43 constant[2174]  ; line 1706
10660 MOVE                 R44 <- R43  ; line 1706
10661 COMPARE              a=27 b=17 c=45 imm=2  ; line 1707
10662 JUMP_IF_FALSE        R45 -> 10751  ; line 1707
10663 LOAD_CONST           R45 constant[2175]  ; line 1708
10664 MOVE                 R46 <- R45  ; line 1708
10665 LOAD_CONST           R47 constant[2176]  ; line 1709
10666 BINARY               a=34 b=47 c=48 imm=1  ; line 1709
10667 MOVE                 R49 <- R21  ; line 1709
10668 MOVE                 R50 <- R48  ; line 1709
10669 HOST_CALL            a=51 b=11 c=49 imm=2  ; line 1709
10670 LOAD_CONST           R52 constant[2177]  ; line 1709
10671 MOVE                 R53 <- R51  ; line 1709
10672 MOVE                 R54 <- R52  ; line 1709
10673 HOST_CALL            a=55 b=11 c=53 imm=2  ; line 1709
10674 LOAD_CONST           R56 constant[2178]  ; line 1709
10675 MOVE                 R57 <- R0  ; line 1709
10676 MOVE                 R58 <- R56  ; line 1709
10677 HOST_CALL            a=59 b=11 c=57 imm=2  ; line 1709
10678 LOAD_CONST           R60 constant[2179]  ; line 1709
10679 MOVE                 R61 <- R59  ; line 1709
10680 MOVE                 R62 <- R60  ; line 1709
10681 HOST_CALL            a=63 b=11 c=61 imm=2  ; line 1709
10682 LOAD_CONST           R64 constant[2180]  ; line 1709
10683 MOVE                 R65 <- R64  ; line 1709
10684 MOVE                 R66 <- R27  ; line 1709
10685 ARRAY_NEW            a=67 b=65 c=2 imm=4294967295  ; line 1709
10686 MOVE                 R68 <- R63  ; line 1709
10687 MOVE                 R69 <- R67  ; line 1709
10688 HOST_CALL            a=70 b=11 c=68 imm=2  ; line 1709
10689 BINARY               a=55 b=70 c=71 imm=2  ; line 1709
10690 MOVE                 R72 <- R71  ; line 1709
10691 LOAD_CONST           R73 constant[2181]  ; line 1710
10692 MOVE                 R74 <- R73  ; line 1710
10693 COMPARE              a=74 b=17 c=75 imm=2  ; line 1711
10694 JUMP_IF_FALSE        R75 -> 10728  ; line 1711
10695 LOAD_CONST           R75 constant[2182]  ; line 1712
10696 BINARY               a=34 b=75 c=76 imm=1  ; line 1712
10697 MOVE                 R77 <- R21  ; line 1712
10698 MOVE                 R78 <- R76  ; line 1712
10699 HOST_CALL            a=79 b=11 c=77 imm=2  ; line 1712
10700 MOVE                 R80 <- R79  ; line 1712
10701 MOVE                 R81 <- R74  ; line 1712
10702 HOST_CALL            a=82 b=11 c=80 imm=2  ; line 1712
10703 LOAD_CONST           R83 constant[2183]  ; line 1712
10704 MOVE                 R84 <- R0  ; line 1712
10705 MOVE                 R85 <- R83  ; line 1712
10706 HOST_CALL            a=86 b=11 c=84 imm=2  ; line 1712
10707 LOAD_CONST           R87 constant[2184]  ; line 1712
10708 MOVE                 R88 <- R86  ; line 1712
10709 MOVE                 R89 <- R87  ; line 1712
10710 HOST_CALL            a=90 b=11 c=88 imm=2  ; line 1712
10711 MOVE                 R91 <- R74  ; line 1712
10712 MOVE                 R92 <- R27  ; line 1712
10713 ARRAY_NEW            a=93 b=91 c=2 imm=4294967295  ; line 1712
10714 MOVE                 R94 <- R90  ; line 1712
10715 MOVE                 R95 <- R93  ; line 1712
10716 HOST_CALL            a=96 b=11 c=94 imm=2  ; line 1712
10717 BINARY               a=82 b=96 c=97 imm=2  ; line 1712
10718 MOVE                 R98 <- R97  ; line 1712
10719 COMPARE              a=98 b=72 c=99 imm=4  ; line 1713
10720 JUMP_IF_FALSE        R99 -> 10724  ; line 1713
10721 MOVE                 R72 <- R98  ; line 1713
10722 MOVE                 R46 <- R74  ; line 1713
10723 JUMP                 -> 10724  ; line 1713
10724 LOAD_CONST           R99 constant[2185]  ; line 1714
10725 BINARY               a=74 b=99 c=100 imm=0  ; line 1714
10726 MOVE                 R74 <- R100  ; line 1714
10727 JUMP                 -> 10693  ; line 1714
10728 MOVE                 R99 <- R0  ; line 1716
10729 MOVE                 R100 <- R1  ; line 1716
10730 MOVE                 R101 <- R34  ; line 1716
10731 MOVE                 R102 <- R27  ; line 1716
10732 CALL                 a=103 b=138 c=99 imm=4  ; line 1716
10733 BINARY               a=72 b=103 c=104 imm=2  ; line 1716
10734 MOVE                 R105 <- R38  ; line 1716
10735 MOVE                 R106 <- R27  ; line 1716
10736 MOVE                 R107 <- R104  ; line 1716
10737 HOST_CALL            a=108 b=12 c=105 imm=3  ; line 1716
10738 MOVE                 R99 <- R42  ; line 1717
10739 MOVE                 R100 <- R27  ; line 1717
10740 MOVE                 R101 <- R46  ; line 1717
10741 HOST_CALL            a=102 b=12 c=99 imm=3  ; line 1717
10742 MOVE                 R99 <- R38  ; line 1718
10743 MOVE                 R100 <- R27  ; line 1718
10744 HOST_CALL            a=101 b=11 c=99 imm=2  ; line 1718
10745 BINARY               a=44 b=101 c=102 imm=0  ; line 1718
10746 MOVE                 R44 <- R102  ; line 1718
10747 LOAD_CONST           R99 constant[2186]  ; line 1719
10748 BINARY               a=27 b=99 c=100 imm=0  ; line 1719
10749 MOVE                 R27 <- R100  ; line 1719
10750 JUMP                 -> 10661  ; line 1719
10751 LOAD_CONST           R99 constant[2187]  ; line 1721
10752 COMPARE              a=44 b=99 c=100 imm=4  ; line 1721
10753 JUMP_IF_FALSE        R100 -> 10771  ; line 1721
10754 LOAD_CONST           R99 constant[2188]  ; line 1722
10755 MOVE                 R27 <- R99  ; line 1722
10756 COMPARE              a=27 b=17 c=99 imm=2  ; line 1723
10757 JUMP_IF_FALSE        R99 -> 10770  ; line 1723
10758 MOVE                 R99 <- R38  ; line 1724
10759 MOVE                 R100 <- R27  ; line 1724
10760 HOST_CALL            a=101 b=11 c=99 imm=2  ; line 1724
10761 BINARY               a=101 b=44 c=102 imm=3  ; line 1724
10762 MOVE                 R103 <- R38  ; line 1724
10763 MOVE                 R104 <- R27  ; line 1724
10764 MOVE                 R105 <- R102  ; line 1724
10765 HOST_CALL            a=106 b=12 c=103 imm=3  ; line 1724
10766 LOAD_CONST           R99 constant[2189]  ; line 1725
10767 BINARY               a=27 b=99 c=100 imm=0  ; line 1725
10768 MOVE                 R27 <- R100  ; line 1725
10769 JUMP                 -> 10756  ; line 1725
10770 JUMP                 -> 10771  ; line 1725
10771 LOAD_CONST           R99 constant[2190]  ; line 1728
10772 BINARY               a=34 b=99 c=100 imm=0  ; line 1728
10773 MOVE                 R34 <- R100  ; line 1728
10774 JUMP                 -> 10647  ; line 1728
10775 MOVE                 R99 <- R8  ; line 1730
10776 CALL                 a=100 b=96 c=99 imm=1  ; line 1730
10777 MOVE                 R101 <- R100  ; line 1730
10778 LOAD_CONST           R102 constant[2191]  ; line 1731
10779 MOVE                 R103 <- R102  ; line 1731
10780 LOAD_CONST           R104 constant[2192]  ; line 1732
10781 MOVE                 R27 <- R104  ; line 1732
10782 COMPARE              a=27 b=17 c=104 imm=2  ; line 1733
10783 JUMP_IF_FALSE        R104 -> 10808  ; line 1733
10784 LOAD_CONST           R104 constant[2193]  ; line 1734
10785 BINARY               a=8 b=104 c=105 imm=1  ; line 1734
10786 MOVE                 R106 <- R21  ; line 1734
10787 MOVE                 R107 <- R105  ; line 1734
10788 HOST_CALL            a=108 b=11 c=106 imm=2  ; line 1734
10789 MOVE                 R109 <- R108  ; line 1734
10790 MOVE                 R110 <- R27  ; line 1734
10791 HOST_CALL            a=111 b=11 c=109 imm=2  ; line 1734
10792 LOAD_CONST           R112 constant[2194]  ; line 1734
10793 BINARY               a=8 b=112 c=113 imm=1  ; line 1734
10794 MOVE                 R114 <- R21  ; line 1734
10795 MOVE                 R115 <- R113  ; line 1734
10796 HOST_CALL            a=116 b=11 c=114 imm=2  ; line 1734
10797 MOVE                 R117 <- R116  ; line 1734
10798 MOVE                 R118 <- R103  ; line 1734
10799 HOST_CALL            a=119 b=11 c=117 imm=2  ; line 1734
10800 COMPARE              a=111 b=119 c=120 imm=4  ; line 1734
10801 JUMP_IF_FALSE        R120 -> 10804  ; line 1734
10802 MOVE                 R103 <- R27  ; line 1734
10803 JUMP                 -> 10804  ; line 1734
10804 LOAD_CONST           R104 constant[2195]  ; line 1735
10805 BINARY               a=27 b=104 c=105 imm=0  ; line 1735
10806 MOVE                 R27 <- R105  ; line 1735
10807 JUMP                 -> 10782  ; line 1735
10808 LOAD_CONST           R104 constant[2196]  ; line 1737
10809 BINARY               a=8 b=104 c=105 imm=1  ; line 1737
10810 MOVE                 R106 <- R101  ; line 1737
10811 MOVE                 R107 <- R105  ; line 1737
10812 MOVE                 R108 <- R103  ; line 1737
10813 HOST_CALL            a=109 b=12 c=106 imm=3  ; line 1737
10814 LOAD_CONST           R104 constant[2197]  ; line 1738
10815 BINARY               a=8 b=104 c=105 imm=1  ; line 1738
10816 MOVE                 R34 <- R105  ; line 1738
10817 LOAD_CONST           R104 constant[2198]  ; line 1739
10818 COMPARE              a=34 b=104 c=105 imm=5  ; line 1739
10819 JUMP_IF_FALSE        R105 -> 10841  ; line 1739
10820 LOAD_CONST           R104 constant[2199]  ; line 1740
10821 BINARY               a=34 b=104 c=105 imm=0  ; line 1740
10822 MOVE                 R106 <- R25  ; line 1740
10823 MOVE                 R107 <- R105  ; line 1740
10824 HOST_CALL            a=108 b=11 c=106 imm=2  ; line 1740
10825 LOAD_CONST           R109 constant[2200]  ; line 1740
10826 BINARY               a=34 b=109 c=110 imm=0  ; line 1740
10827 MOVE                 R111 <- R101  ; line 1740
10828 MOVE                 R112 <- R110  ; line 1740
10829 HOST_CALL            a=113 b=11 c=111 imm=2  ; line 1740
10830 MOVE                 R114 <- R108  ; line 1740
10831 MOVE                 R115 <- R113  ; line 1740
10832 HOST_CALL            a=116 b=11 c=114 imm=2  ; line 1740
10833 MOVE                 R117 <- R101  ; line 1740
10834 MOVE                 R118 <- R34  ; line 1740
10835 MOVE                 R119 <- R116  ; line 1740
10836 HOST_CALL            a=120 b=12 c=117 imm=3  ; line 1740
10837 LOAD_CONST           R104 constant[2201]  ; line 1741
10838 BINARY               a=34 b=104 c=105 imm=1  ; line 1741
10839 MOVE                 R34 <- R105  ; line 1741
10840 JUMP                 -> 10817  ; line 1741
10841 MOVE                 R104 <- R0  ; line 1743
10842 MOVE                 R105 <- R1  ; line 1743
10843 CALL                 a=106 b=139 c=104 imm=2  ; line 1743
10844 MOVE                 R107 <- R106  ; line 1743
10845 MOVE                 R108 <- R8  ; line 1744
10846 CALL                 a=109 b=96 c=108 imm=1  ; line 1744
10847 MOVE                 R110 <- R109  ; line 1744
10848 LOAD_CONST           R111 constant[2202]  ; line 1745
10849 MOVE                 R34 <- R111  ; line 1745
10850 COMPARE              a=34 b=8 c=111 imm=2  ; line 1746
10851 JUMP_IF_FALSE        R111 -> 10875  ; line 1746
10852 LOAD_CONST           R111 constant[2203]  ; line 1747
10853 LOAD_CONST           R112 constant[2204]  ; line 1747
10854 MOVE                 R113 <- R107  ; line 1747
10855 MOVE                 R114 <- R112  ; line 1747
10856 HOST_CALL            a=115 b=11 c=113 imm=2  ; line 1747
10857 MOVE                 R116 <- R115  ; line 1747
10858 MOVE                 R117 <- R34  ; line 1747
10859 HOST_CALL            a=118 b=11 c=116 imm=2  ; line 1747
10860 MOVE                 R119 <- R101  ; line 1747
10861 MOVE                 R120 <- R34  ; line 1747
10862 HOST_CALL            a=121 b=11 c=119 imm=2  ; line 1747
10863 MOVE                 R122 <- R118  ; line 1747
10864 MOVE                 R123 <- R121  ; line 1747
10865 HOST_CALL            a=124 b=11 c=122 imm=2  ; line 1747
10866 BINARY               a=111 b=124 c=125 imm=1  ; line 1747
10867 MOVE                 R126 <- R110  ; line 1747
10868 MOVE                 R127 <- R34  ; line 1747
10869 MOVE                 R128 <- R125  ; line 1747
10870 HOST_CALL            a=129 b=12 c=126 imm=3  ; line 1747
10871 LOAD_CONST           R111 constant[2205]  ; line 1748
10872 BINARY               a=34 b=111 c=112 imm=0  ; line 1748
10873 MOVE                 R34 <- R112  ; line 1748
10874 JUMP                 -> 10850  ; line 1748
10875 LOAD_CONST           R111 constant[2206]  ; line 1750
10876 MOVE                 R112 <- R101  ; line 1750
10877 HOST_CALL            a=113 b=72 c=112 imm=1  ; line 1750
10878 LOAD_CONST           R114 constant[2207]  ; line 1750
10879 MOVE                 R115 <- R110  ; line 1750
10880 HOST_CALL            a=116 b=72 c=115 imm=1  ; line 1750
10881 MOVE                 R117 <- R111  ; line 1750
10882 MOVE                 R118 <- R113  ; line 1750
10883 MOVE                 R119 <- R114  ; line 1750
10884 MOVE                 R120 <- R116  ; line 1750
10885 HOST_CALL            a=121 b=6 c=117 imm=4  ; line 1750
10886 RETURN               R121  ; line 1750
10887 LOAD_CONST           R122 constant[2208]  ; line 1750
10888 RETURN               R122  ; line 1750
10889 LOAD_CONST           R2 constant[2209]  ; line 1754
10890 MOVE                 R3 <- R2  ; line 1754
10891 LOAD_CONST           R4 constant[2210]  ; line 1755
10892 MOVE                 R5 <- R4  ; line 1755
10893 MOVE                 R6 <- R1  ; line 1756
10894 HOST_CALL            a=7 b=26 c=6 imm=1  ; line 1756
10895 COMPARE              a=5 b=7 c=8 imm=2  ; line 1756
10896 JUMP_IF_FALSE        R8 -> 10909  ; line 1756
10897 MOVE                 R6 <- R1  ; line 1757
10898 MOVE                 R7 <- R5  ; line 1757
10899 HOST_CALL            a=8 b=11 c=6 imm=2  ; line 1757
10900 MOVE                 R9 <- R0  ; line 1757
10901 MOVE                 R10 <- R8  ; line 1757
10902 HOST_CALL            a=11 b=11 c=9 imm=2  ; line 1757
10903 BINARY               a=3 b=11 c=12 imm=0  ; line 1757
10904 MOVE                 R3 <- R12  ; line 1757
10905 LOAD_CONST           R6 constant[2211]  ; line 1758
10906 BINARY               a=5 b=6 c=7 imm=0  ; line 1758
10907 MOVE                 R5 <- R7  ; line 1758
10908 JUMP                 -> 10893  ; line 1758
10909 LOAD_CONST           R6 constant[2212]  ; line 1760
10910 LOAD_CONST           R7 constant[2213]  ; line 1760
10911 LOAD_CONST           R8 constant[2214]  ; line 1760
10912 MOVE                 R9 <- R1  ; line 1760
10913 HOST_CALL            a=10 b=26 c=9 imm=1  ; line 1760
10914 BINARY               a=3 b=10 c=11 imm=3  ; line 1760
10915 MOVE                 R12 <- R6  ; line 1760
10916 MOVE                 R13 <- R7  ; line 1760
10917 MOVE                 R14 <- R8  ; line 1760
10918 MOVE                 R15 <- R11  ; line 1760
10919 HOST_CALL            a=16 b=6 c=12 imm=4  ; line 1760
10920 RETURN               R16  ; line 1760
10921 LOAD_CONST           R17 constant[2215]  ; line 1760
10922 RETURN               R17  ; line 1760
10923 MOVE                 R4 <- R0  ; line 1764
10924 HOST_CALL            a=5 b=61 c=4 imm=1  ; line 1764
10925 LOAD_CONST           R6 constant[2216]  ; line 1764
10926 MOVE                 R7 <- R5  ; line 1764
10927 MOVE                 R8 <- R6  ; line 1764
10928 HOST_CALL            a=9 b=11 c=7 imm=2  ; line 1764
10929 MOVE                 R10 <- R9  ; line 1764
10930 LOAD_CONST           R11 constant[2217]  ; line 1765
10931 LOAD_CONST           R12 constant[2218]  ; line 1765
10932 LOAD_CONST           R13 constant[2219]  ; line 1765
10933 LOAD_CONST           R14 constant[2220]  ; line 1765
10934 LOAD_CONST           R15 constant[2221]  ; line 1765
10935 LOAD_CONST           R16 constant[2222]  ; line 1765
10936 LOAD_CONST           R17 constant[2223]  ; line 1765
10937 LOAD_CONST           R18 constant[2224]  ; line 1765
10938 MOVE                 R19 <- R11  ; line 1765
10939 MOVE                 R20 <- R12  ; line 1765
10940 MOVE                 R21 <- R13  ; line 1765
10941 MOVE                 R22 <- R14  ; line 1765
10942 MOVE                 R23 <- R15  ; line 1765
10943 MOVE                 R24 <- R16  ; line 1765
10944 MOVE                 R25 <- R17  ; line 1765
10945 MOVE                 R26 <- R18  ; line 1765
10946 HOST_CALL            a=27 b=6 c=19 imm=8  ; line 1765
10947 MOVE                 R28 <- R27  ; line 1765
10948 LOAD_CONST           R29 constant[2225]  ; line 1766
10949 MOVE                 R30 <- R29  ; line 1766
10950 COMPARE              a=30 b=10 c=31 imm=2  ; line 1767
10951 JUMP_IF_FALSE        R31 -> 11124  ; line 1767
10952 LOAD_CONST           R31 constant[2226]  ; line 1768
10953 MOVE                 R32 <- R2  ; line 1768
10954 MOVE                 R33 <- R31  ; line 1768
10955 HOST_CALL            a=34 b=11 c=32 imm=2  ; line 1768
10956 MOVE                 R35 <- R34  ; line 1768
10957 MOVE                 R36 <- R30  ; line 1768
10958 ARRAY_NEW            a=37 b=35 c=2 imm=4294967295  ; line 1768
10959 MOVE                 R38 <- R0  ; line 1768
10960 MOVE                 R39 <- R37  ; line 1768
10961 HOST_CALL            a=40 b=11 c=38 imm=2  ; line 1768
10962 MOVE                 R41 <- R40  ; line 1768
10963 MOVE                 R42 <- R41  ; line 1769
10964 LOAD_CONST           R43 constant[2227]  ; line 1770
10965 MOVE                 R44 <- R43  ; line 1770
10966 MOVE                 R45 <- R2  ; line 1771
10967 HOST_CALL            a=46 b=26 c=45 imm=1  ; line 1771
10968 COMPARE              a=44 b=46 c=47 imm=2  ; line 1771
10969 JUMP_IF_FALSE        R47 -> 10992  ; line 1771
10970 MOVE                 R45 <- R2  ; line 1772
10971 MOVE                 R46 <- R44  ; line 1772
10972 HOST_CALL            a=47 b=11 c=45 imm=2  ; line 1772
10973 MOVE                 R48 <- R47  ; line 1772
10974 MOVE                 R49 <- R30  ; line 1772
10975 ARRAY_NEW            a=50 b=48 c=2 imm=4294967295  ; line 1772
10976 MOVE                 R51 <- R0  ; line 1772
10977 MOVE                 R52 <- R50  ; line 1772
10978 HOST_CALL            a=53 b=11 c=51 imm=2  ; line 1772
10979 MOVE                 R54 <- R53  ; line 1772
10980 COMPARE              a=54 b=41 c=55 imm=2  ; line 1773
10981 JUMP_IF_FALSE        R55 -> 10984  ; line 1773
10982 MOVE                 R41 <- R54  ; line 1773
10983 JUMP                 -> 10984  ; line 1773
10984 COMPARE              a=54 b=42 c=55 imm=4  ; line 1774
10985 JUMP_IF_FALSE        R55 -> 10988  ; line 1774
10986 MOVE                 R42 <- R54  ; line 1774
10987 JUMP                 -> 10988  ; line 1774
10988 LOAD_CONST           R55 constant[2228]  ; line 1775
10989 BINARY               a=44 b=55 c=56 imm=0  ; line 1775
10990 MOVE                 R44 <- R56  ; line 1775
10991 JUMP                 -> 10966  ; line 1775
10992 LOAD_CONST           R55 constant[2229]  ; line 1777
10993 MOVE                 R56 <- R55  ; line 1777
10994 COMPARE              a=56 b=3 c=57 imm=2  ; line 1778
10995 JUMP_IF_FALSE        R57 -> 11120  ; line 1778
10996 BINARY               a=42 b=41 c=57 imm=1  ; line 1779
10997 BINARY               a=57 b=56 c=58 imm=2  ; line 1779
10998 BINARY               a=58 b=3 c=59 imm=3  ; line 1779
10999 BINARY               a=41 b=59 c=60 imm=0  ; line 1779
11000 MOVE                 R61 <- R60  ; line 1779
11001 LOAD_CONST           R62 constant[2230]  ; line 1780
11002 MOVE                 R63 <- R62  ; line 1780
11003 LOAD_CONST           R64 constant[2231]  ; line 1781
11004 MOVE                 R65 <- R64  ; line 1781
11005 LOAD_CONST           R66 constant[2232]  ; line 1782
11006 MOVE                 R67 <- R66  ; line 1782
11007 LOAD_CONST           R68 constant[2233]  ; line 1783
11008 MOVE                 R69 <- R68  ; line 1783
11009 LOAD_CONST           R70 constant[2234]  ; line 1784
11010 MOVE                 R71 <- R70  ; line 1784
11011 LOAD_CONST           R72 constant[2235]  ; line 1785
11012 MOVE                 R73 <- R72  ; line 1785
11013 LOAD_CONST           R74 constant[2236]  ; line 1786
11014 MOVE                 R44 <- R74  ; line 1786
11015 MOVE                 R74 <- R2  ; line 1787
11016 HOST_CALL            a=75 b=26 c=74 imm=1  ; line 1787
11017 COMPARE              a=44 b=75 c=76 imm=2  ; line 1787
11018 JUMP_IF_FALSE        R76 -> 11056  ; line 1787
11019 MOVE                 R74 <- R2  ; line 1788
11020 MOVE                 R75 <- R44  ; line 1788
11021 HOST_CALL            a=76 b=11 c=74 imm=2  ; line 1788
11022 MOVE                 R77 <- R76  ; line 1788
11023 MOVE                 R78 <- R1  ; line 1789
11024 MOVE                 R79 <- R77  ; line 1789
11025 HOST_CALL            a=80 b=11 c=78 imm=2  ; line 1789
11026 MOVE                 R81 <- R80  ; line 1789
11027 MOVE                 R82 <- R77  ; line 1790
11028 MOVE                 R83 <- R30  ; line 1790
11029 ARRAY_NEW            a=84 b=82 c=2 imm=4294967295  ; line 1790
11030 MOVE                 R85 <- R0  ; line 1790
11031 MOVE                 R86 <- R84  ; line 1790
11032 HOST_CALL            a=87 b=11 c=85 imm=2  ; line 1790
11033 COMPARE              a=87 b=61 c=88 imm=3  ; line 1790
11034 JUMP_IF_FALSE        R88 -> 11044  ; line 1790
11035 LOAD_CONST           R82 constant[2237]  ; line 1791
11036 BINARY               a=63 b=82 c=83 imm=0  ; line 1791
11037 MOVE                 R63 <- R83  ; line 1791
11038 BINARY               a=67 b=81 c=82 imm=0  ; line 1792
11039 MOVE                 R67 <- R82  ; line 1792
11040 BINARY               a=81 b=81 c=82 imm=2  ; line 1793
11041 BINARY               a=71 b=82 c=83 imm=0  ; line 1793
11042 MOVE                 R71 <- R83  ; line 1793
11043 JUMP                 -> 11052  ; line 1793
11044 LOAD_CONST           R82 constant[2238]  ; line 1795
11045 BINARY               a=65 b=82 c=83 imm=0  ; line 1795
11046 MOVE                 R65 <- R83  ; line 1795
11047 BINARY               a=69 b=81 c=82 imm=0  ; line 1796
11048 MOVE                 R69 <- R82  ; line 1796
11049 BINARY               a=81 b=81 c=82 imm=2  ; line 1797
11050 BINARY               a=73 b=82 c=83 imm=0  ; line 1797
11051 MOVE                 R73 <- R83  ; line 1797
11052 LOAD_CONST           R82 constant[2239]  ; line 1799
11053 BINARY               a=44 b=82 c=83 imm=0  ; line 1799
11054 MOVE                 R44 <- R83  ; line 1799
11055 JUMP                 -> 11015  ; line 1799
11056 LOAD_CONST           R82 constant[2240]  ; line 1801
11057 COMPARE              a=63 b=82 c=83 imm=4  ; line 1801
11058 JUMP_IF_FALSE        R83 -> 11116  ; line 1801
11059 LOAD_CONST           R82 constant[2241]  ; line 1802
11060 COMPARE              a=65 b=82 c=83 imm=4  ; line 1802
11061 JUMP_IF_FALSE        R83 -> 11115  ; line 1802
11062 BINARY               a=67 b=67 c=82 imm=2  ; line 1803
11063 BINARY               a=82 b=63 c=83 imm=3  ; line 1803
11064 BINARY               a=71 b=83 c=84 imm=1  ; line 1803
11065 BINARY               a=84 b=73 c=85 imm=0  ; line 1803
11066 BINARY               a=69 b=69 c=86 imm=2  ; line 1803
11067 BINARY               a=86 b=65 c=87 imm=3  ; line 1803
11068 BINARY               a=85 b=87 c=88 imm=1  ; line 1803
11069 MOVE                 R89 <- R88  ; line 1803
11070 LOAD_CONST           R90 constant[2242]  ; line 1805
11071 MOVE                 R91 <- R28  ; line 1805
11072 MOVE                 R92 <- R90  ; line 1805
11073 HOST_CALL            a=93 b=11 c=91 imm=2  ; line 1805
11074 UNARY                a=93 b=94 c=4294967295 imm=1  ; line 1805
11075 JUMP_IF_FALSE        R94 -> 11092  ; line 1805
11076 LOAD_CONST           R90 constant[2243]  ; line 1806
11077 LOAD_CONST           R91 constant[2244]  ; line 1806
11078 LOAD_CONST           R92 constant[2245]  ; line 1806
11079 LOAD_CONST           R93 constant[2246]  ; line 1806
11080 LOAD_CONST           R94 constant[2247]  ; line 1806
11081 MOVE                 R95 <- R90  ; line 1806
11082 MOVE                 R96 <- R91  ; line 1806
11083 MOVE                 R97 <- R92  ; line 1806
11084 MOVE                 R98 <- R89  ; line 1806
11085 MOVE                 R99 <- R93  ; line 1806
11086 MOVE                 R100 <- R30  ; line 1806
11087 MOVE                 R101 <- R94  ; line 1806
11088 MOVE                 R102 <- R61  ; line 1806
11089 HOST_CALL            a=103 b=6 c=95 imm=8  ; line 1806
11090 MOVE                 R28 <- R103  ; line 1806
11091 JUMP                 -> 11114  ; line 1806
11092 LOAD_CONST           R90 constant[2248]  ; line 1808
11093 MOVE                 R91 <- R28  ; line 1808
11094 MOVE                 R92 <- R90  ; line 1808
11095 HOST_CALL            a=93 b=11 c=91 imm=2  ; line 1808
11096 COMPARE              a=89 b=93 c=94 imm=2  ; line 1808
11097 JUMP_IF_FALSE        R94 -> 11114  ; line 1808
11098 LOAD_CONST           R90 constant[2249]  ; line 1809
11099 LOAD_CONST           R91 constant[2250]  ; line 1809
11100 LOAD_CONST           R92 constant[2251]  ; line 1809
11101 LOAD_CONST           R93 constant[2252]  ; line 1809
11102 LOAD_CONST           R94 constant[2253]  ; line 1809
11103 MOVE                 R95 <- R90  ; line 1809
11104 MOVE                 R96 <- R91  ; line 1809
11105 MOVE                 R97 <- R92  ; line 1809
11106 MOVE                 R98 <- R89  ; line 1809
11107 MOVE                 R99 <- R93  ; line 1809
11108 MOVE                 R100 <- R30  ; line 1809
11109 MOVE                 R101 <- R94  ; line 1809
11110 MOVE                 R102 <- R61  ; line 1809
11111 HOST_CALL            a=103 b=6 c=95 imm=8  ; line 1809
11112 MOVE                 R28 <- R103  ; line 1809
11113 JUMP                 -> 11114  ; line 1809
11114 JUMP                 -> 11115  ; line 1809
11115 JUMP                 -> 11116  ; line 1809
11116 LOAD_CONST           R90 constant[2254]  ; line 1814
11117 BINARY               a=56 b=90 c=91 imm=0  ; line 1814
11118 MOVE                 R56 <- R91  ; line 1814
11119 JUMP                 -> 10994  ; line 1814
11120 LOAD_CONST           R90 constant[2255]  ; line 1816
11121 BINARY               a=30 b=90 c=91 imm=0  ; line 1816
11122 MOVE                 R30 <- R91  ; line 1816
11123 JUMP                 -> 10950  ; line 1816
11124 RETURN               R28  ; line 1818
11125 LOAD_CONST           R90 constant[2256]  ; line 1818
11126 RETURN               R90  ; line 1818
11127 COMPARE              a=3 b=4 c=6 imm=5  ; line 1822
11128 JUMP_IF_FALSE        R6 -> 11134  ; line 1822
11129 MOVE                 R6 <- R1  ; line 1822
11130 MOVE                 R7 <- R2  ; line 1822
11131 CALL                 a=8 b=144 c=6 imm=2  ; line 1822
11132 RETURN               R8  ; line 1822
11133 JUMP                 -> 11134  ; line 1822
11134 MOVE                 R6 <- R2  ; line 1823
11135 HOST_CALL            a=7 b=26 c=6 imm=1  ; line 1823
11136 LOAD_CONST           R8 constant[2257]  ; line 1823
11137 COMPARE              a=7 b=8 c=9 imm=2  ; line 1823
11138 JUMP_IF_FALSE        R9 -> 11144  ; line 1823
11139 MOVE                 R6 <- R1  ; line 1823
11140 MOVE                 R7 <- R2  ; line 1823
11141 CALL                 a=8 b=144 c=6 imm=2  ; line 1823
11142 RETURN               R8  ; line 1823
11143 JUMP                 -> 11144  ; line 1823
11144 MOVE                 R6 <- R0  ; line 1824
11145 MOVE                 R7 <- R1  ; line 1824
11146 MOVE                 R8 <- R2  ; line 1824
11147 MOVE                 R9 <- R5  ; line 1824
11148 CALL                 a=10 b=145 c=6 imm=4  ; line 1824
11149 MOVE                 R11 <- R10  ; line 1824
11150 LOAD_CONST           R12 constant[2258]  ; line 1825
11151 MOVE                 R13 <- R11  ; line 1825
11152 MOVE                 R14 <- R12  ; line 1825
11153 HOST_CALL            a=15 b=11 c=13 imm=2  ; line 1825
11154 UNARY                a=15 b=16 c=4294967295 imm=1  ; line 1825
11155 JUMP_IF_FALSE        R16 -> 11161  ; line 1825
11156 MOVE                 R12 <- R1  ; line 1825
11157 MOVE                 R13 <- R2  ; line 1825
11158 CALL                 a=14 b=144 c=12 imm=2  ; line 1825
11159 RETURN               R14  ; line 1825
11160 JUMP                 -> 11161  ; line 1825
11161 LOAD_CONST           R12 constant[2259]  ; line 1826
11162 MOVE                 R13 <- R12  ; line 1826
11163 HOST_CALL            a=14 b=22 c=13 imm=1  ; line 1826
11164 MOVE                 R15 <- R14  ; line 1826
11165 LOAD_CONST           R16 constant[2260]  ; line 1827
11166 MOVE                 R17 <- R16  ; line 1827
11167 HOST_CALL            a=18 b=22 c=17 imm=1  ; line 1827
11168 MOVE                 R19 <- R18  ; line 1827
11169 LOAD_CONST           R20 constant[2261]  ; line 1828
11170 MOVE                 R21 <- R20  ; line 1828
11171 MOVE                 R22 <- R2  ; line 1829
11172 HOST_CALL            a=23 b=26 c=22 imm=1  ; line 1829
11173 COMPARE              a=21 b=23 c=24 imm=2  ; line 1829
11174 JUMP_IF_FALSE        R24 -> 11206  ; line 1829
11175 MOVE                 R22 <- R2  ; line 1830
11176 MOVE                 R23 <- R21  ; line 1830
11177 HOST_CALL            a=24 b=11 c=22 imm=2  ; line 1830
11178 MOVE                 R25 <- R24  ; line 1830
11179 LOAD_CONST           R26 constant[2262]  ; line 1831
11180 MOVE                 R27 <- R11  ; line 1831
11181 MOVE                 R28 <- R26  ; line 1831
11182 HOST_CALL            a=29 b=11 c=27 imm=2  ; line 1831
11183 MOVE                 R30 <- R25  ; line 1831
11184 MOVE                 R31 <- R29  ; line 1831
11185 ARRAY_NEW            a=32 b=30 c=2 imm=4294967295  ; line 1831
11186 MOVE                 R33 <- R0  ; line 1831
11187 MOVE                 R34 <- R32  ; line 1831
11188 HOST_CALL            a=35 b=11 c=33 imm=2  ; line 1831
11189 LOAD_CONST           R36 constant[2263]  ; line 1831
11190 MOVE                 R37 <- R11  ; line 1831
11191 MOVE                 R38 <- R36  ; line 1831
11192 HOST_CALL            a=39 b=11 c=37 imm=2  ; line 1831
11193 COMPARE              a=35 b=39 c=40 imm=3  ; line 1831
11194 JUMP_IF_FALSE        R40 -> 11199  ; line 1831
11195 MOVE                 R26 <- R15  ; line 1832
11196 MOVE                 R27 <- R25  ; line 1832
11197 HOST_CALL            a=28 b=23 c=26 imm=2  ; line 1832
11198 JUMP                 -> 11202  ; line 1832
11199 MOVE                 R26 <- R19  ; line 1834
11200 MOVE                 R27 <- R25  ; line 1834
11201 HOST_CALL            a=28 b=23 c=26 imm=2  ; line 1834
11202 LOAD_CONST           R26 constant[2264]  ; line 1836
11203 BINARY               a=21 b=26 c=27 imm=0  ; line 1836
11204 MOVE                 R21 <- R27  ; line 1836
11205 JUMP                 -> 11171  ; line 1836
11206 LOAD_CONST           R26 constant[2265]  ; line 1838
11207 LOAD_CONST           R27 constant[2266]  ; line 1838
11208 LOAD_CONST           R28 constant[2267]  ; line 1838
11209 LOAD_CONST           R29 constant[2268]  ; line 1838
11210 MOVE                 R30 <- R11  ; line 1838
11211 MOVE                 R31 <- R29  ; line 1838
11212 HOST_CALL            a=32 b=11 c=30 imm=2  ; line 1838
11213 LOAD_CONST           R33 constant[2269]  ; line 1838
11214 LOAD_CONST           R34 constant[2270]  ; line 1838
11215 MOVE                 R35 <- R11  ; line 1838
11216 MOVE                 R36 <- R34  ; line 1838
11217 HOST_CALL            a=37 b=11 c=35 imm=2  ; line 1838
11218 LOAD_CONST           R38 constant[2271]  ; line 1838
11219 LOAD_CONST           R39 constant[2272]  ; line 1838
11220 BINARY               a=3 b=39 c=40 imm=0  ; line 1838
11221 MOVE                 R41 <- R0  ; line 1838
11222 MOVE                 R42 <- R1  ; line 1838
11223 MOVE                 R43 <- R15  ; line 1838
11224 MOVE                 R44 <- R40  ; line 1838
11225 MOVE                 R45 <- R4  ; line 1838
11226 MOVE                 R46 <- R5  ; line 1838
11227 CALL                 a=47 b=146 c=41 imm=6  ; line 1838
11228 LOAD_CONST           R48 constant[2273]  ; line 1838
11229 LOAD_CONST           R49 constant[2274]  ; line 1838
11230 BINARY               a=3 b=49 c=50 imm=0  ; line 1838
11231 MOVE                 R51 <- R0  ; line 1838
11232 MOVE                 R52 <- R1  ; line 1838
11233 MOVE                 R53 <- R19  ; line 1838
11234 MOVE                 R54 <- R50  ; line 1838
11235 MOVE                 R55 <- R4  ; line 1838
11236 MOVE                 R56 <- R5  ; line 1838
11237 CALL                 a=57 b=146 c=51 imm=6  ; line 1838
11238 MOVE                 R58 <- R26  ; line 1838
11239 MOVE                 R59 <- R27  ; line 1838
11240 MOVE                 R60 <- R28  ; line 1838
11241 MOVE                 R61 <- R32  ; line 1838
11242 MOVE                 R62 <- R33  ; line 1838
11243 MOVE                 R63 <- R37  ; line 1838
11244 MOVE                 R64 <- R38  ; line 1838
11245 MOVE                 R65 <- R47  ; line 1838
11246 MOVE                 R66 <- R48  ; line 1838
11247 MOVE                 R67 <- R57  ; line 1838
11248 HOST_CALL            a=68 b=6 c=58 imm=10  ; line 1838
11249 RETURN               R68  ; line 1838
11250 LOAD_CONST           R69 constant[2275]  ; line 1838
11251 RETURN               R69  ; line 1838
11252 MOVE                 R3 <- R0  ; line 1844
11253 LOAD_CONST           R4 constant[2276]  ; line 1845
11254 MOVE                 R5 <- R3  ; line 1845
11255 MOVE                 R6 <- R4  ; line 1845
11256 HOST_CALL            a=7 b=11 c=5 imm=2  ; line 1845
11257 UNARY                a=7 b=8 c=4294967295 imm=1  ; line 1845
11258 JUMP_IF_FALSE        R8 -> 11287  ; line 1845
11259 LOAD_CONST           R4 constant[2277]  ; line 1846
11260 MOVE                 R5 <- R3  ; line 1846
11261 MOVE                 R6 <- R4  ; line 1846
11262 HOST_CALL            a=7 b=11 c=5 imm=2  ; line 1846
11263 MOVE                 R8 <- R2  ; line 1846
11264 MOVE                 R9 <- R7  ; line 1846
11265 ARRAY_NEW            a=10 b=8 c=2 imm=4294967295  ; line 1846
11266 MOVE                 R11 <- R1  ; line 1846
11267 MOVE                 R12 <- R10  ; line 1846
11268 HOST_CALL            a=13 b=11 c=11 imm=2  ; line 1846
11269 LOAD_CONST           R14 constant[2278]  ; line 1846
11270 MOVE                 R15 <- R3  ; line 1846
11271 MOVE                 R16 <- R14  ; line 1846
11272 HOST_CALL            a=17 b=11 c=15 imm=2  ; line 1846
11273 COMPARE              a=13 b=17 c=18 imm=3  ; line 1846
11274 JUMP_IF_FALSE        R18 -> 11281  ; line 1846
11275 LOAD_CONST           R4 constant[2279]  ; line 1846
11276 MOVE                 R5 <- R3  ; line 1846
11277 MOVE                 R6 <- R4  ; line 1846
11278 HOST_CALL            a=7 b=11 c=5 imm=2  ; line 1846
11279 MOVE                 R3 <- R7  ; line 1846
11280 JUMP                 -> 11286  ; line 1846
11281 LOAD_CONST           R4 constant[2280]  ; line 1847
11282 MOVE                 R5 <- R3  ; line 1847
11283 MOVE                 R6 <- R4  ; line 1847
11284 HOST_CALL            a=7 b=11 c=5 imm=2  ; line 1847
11285 MOVE                 R3 <- R7  ; line 1847
11286 JUMP                 -> 11253  ; line 1847
11287 LOAD_CONST           R4 constant[2281]  ; line 1849
11288 MOVE                 R5 <- R3  ; line 1849
11289 MOVE                 R6 <- R4  ; line 1849
11290 HOST_CALL            a=7 b=11 c=5 imm=2  ; line 1849
11291 RETURN               R7  ; line 1849
11292 LOAD_CONST           R8 constant[2282]  ; line 1849
11293 RETURN               R8  ; line 1849
11294 MOVE                 R2 <- R1  ; line 1853
11295 HOST_CALL            a=3 b=61 c=2 imm=1  ; line 1853
11296 LOAD_CONST           R4 constant[2283]  ; line 1853
11297 MOVE                 R5 <- R3  ; line 1853
11298 MOVE                 R6 <- R4  ; line 1853
11299 HOST_CALL            a=7 b=11 c=5 imm=2  ; line 1853
11300 MOVE                 R8 <- R7  ; line 1853
11301 LOAD_CONST           R9 constant[2284]  ; line 1854
11302 MOVE                 R10 <- R9  ; line 1854
11303 HOST_CALL            a=11 b=22 c=10 imm=1  ; line 1854
11304 MOVE                 R12 <- R11  ; line 1854
11305 LOAD_CONST           R13 constant[2285]  ; line 1855
11306 MOVE                 R14 <- R13  ; line 1855
11307 COMPARE              a=14 b=8 c=15 imm=2  ; line 1856
11308 JUMP_IF_FALSE        R15 -> 11381  ; line 1856
11309 LOAD_CONST           R15 constant[2286]  ; line 1857
11310 MOVE                 R16 <- R0  ; line 1857
11311 MOVE                 R17 <- R15  ; line 1857
11312 HOST_CALL            a=18 b=11 c=16 imm=2  ; line 1857
11313 LOAD_CONST           R19 constant[2287]  ; line 1857
11314 MOVE                 R20 <- R18  ; line 1857
11315 MOVE                 R21 <- R19  ; line 1857
11316 HOST_CALL            a=22 b=11 c=20 imm=2  ; line 1857
11317 MOVE                 R23 <- R22  ; line 1857
11318 LOAD_CONST           R24 constant[2288]  ; line 1858
11319 MOVE                 R25 <- R24  ; line 1858
11320 LOAD_CONST           R26 constant[2289]  ; line 1859
11321 MOVE                 R27 <- R0  ; line 1859
11322 MOVE                 R28 <- R26  ; line 1859
11323 HOST_CALL            a=29 b=11 c=27 imm=2  ; line 1859
11324 LOAD_CONST           R30 constant[2290]  ; line 1859
11325 MOVE                 R31 <- R29  ; line 1859
11326 MOVE                 R32 <- R30  ; line 1859
11327 HOST_CALL            a=33 b=11 c=31 imm=2  ; line 1859
11328 MOVE                 R34 <- R33  ; line 1859
11329 HOST_CALL            a=35 b=26 c=34 imm=1  ; line 1859
11330 COMPARE              a=25 b=35 c=36 imm=2  ; line 1859
11331 JUMP_IF_FALSE        R36 -> 11363  ; line 1859
11332 LOAD_CONST           R26 constant[2291]  ; line 1860
11333 MOVE                 R27 <- R0  ; line 1860
11334 MOVE                 R28 <- R26  ; line 1860
11335 HOST_CALL            a=29 b=11 c=27 imm=2  ; line 1860
11336 LOAD_CONST           R30 constant[2292]  ; line 1860
11337 MOVE                 R31 <- R29  ; line 1860
11338 MOVE                 R32 <- R30  ; line 1860
11339 HOST_CALL            a=33 b=11 c=31 imm=2  ; line 1860
11340 MOVE                 R34 <- R33  ; line 1860
11341 MOVE                 R35 <- R25  ; line 1860
11342 HOST_CALL            a=36 b=11 c=34 imm=2  ; line 1860
11343 MOVE                 R37 <- R36  ; line 1860
11344 LOAD_CONST           R38 constant[2293]  ; line 1861
11345 MOVE                 R39 <- R0  ; line 1861
11346 MOVE                 R40 <- R38  ; line 1861
11347 HOST_CALL            a=41 b=11 c=39 imm=2  ; line 1861
11348 LOAD_CONST           R42 constant[2294]  ; line 1861
11349 MOVE                 R43 <- R41  ; line 1861
11350 MOVE                 R44 <- R42  ; line 1861
11351 HOST_CALL            a=45 b=11 c=43 imm=2  ; line 1861
11352 MOVE                 R46 <- R37  ; line 1861
11353 MOVE                 R47 <- R1  ; line 1861
11354 MOVE                 R48 <- R14  ; line 1861
11355 CALL                 a=49 b=147 c=46 imm=3  ; line 1861
11356 BINARY               a=45 b=49 c=50 imm=2  ; line 1861
11357 BINARY               a=23 b=50 c=51 imm=0  ; line 1861
11358 MOVE                 R23 <- R51  ; line 1861
11359 LOAD_CONST           R38 constant[2295]  ; line 1862
11360 BINARY               a=25 b=38 c=39 imm=0  ; line 1862
11361 MOVE                 R25 <- R39  ; line 1862
11362 JUMP                 -> 11320  ; line 1862
11363 LOAD_CONST           R38 constant[2296]  ; line 1864
11364 MOVE                 R39 <- R0  ; line 1864
11365 MOVE                 R40 <- R38  ; line 1864
11366 HOST_CALL            a=41 b=11 c=39 imm=2  ; line 1864
11367 LOAD_CONST           R42 constant[2297]  ; line 1864
11368 COMPARE              a=41 b=42 c=43 imm=0  ; line 1864
11369 JUMP_IF_FALSE        R43 -> 11374  ; line 1864
11370 MOVE                 R38 <- R23  ; line 1864
11371 CALL                 a=39 b=92 c=38 imm=1  ; line 1864
11372 MOVE                 R23 <- R39  ; line 1864
11373 JUMP                 -> 11374  ; line 1864
11374 MOVE                 R38 <- R12  ; line 1865
11375 MOVE                 R39 <- R23  ; line 1865
11376 HOST_CALL            a=40 b=23 c=38 imm=2  ; line 1865
11377 LOAD_CONST           R38 constant[2298]  ; line 1866
11378 BINARY               a=14 b=38 c=39 imm=0  ; line 1866
11379 MOVE                 R14 <- R39  ; line 1866
11380 JUMP                 -> 11307  ; line 1866
11381 RETURN               R12  ; line 1868
11382 LOAD_CONST           R38 constant[2299]  ; line 1868
11383 RETURN               R38  ; line 1868
11384 MOVE                 R3 <- R0  ; line 1872
11385 CALL                 a=4 b=97 c=3 imm=1  ; line 1872
11386 MOVE                 R5 <- R4  ; line 1872
11387 LOAD_CONST           R6 constant[2300]  ; line 1873
11388 COMPARE              a=5 b=6 c=7 imm=1  ; line 1873
11389 JUMP_IF_FALSE        R7 -> 11398  ; line 1873
11390 LOAD_CONST           R6 constant[2301]  ; line 1873
11391 LOAD_CONST           R7 constant[2302]  ; line 1873
11392 MOVE                 R8 <- R6  ; line 1873
11393 MOVE                 R9 <- R5  ; line 1873
11394 MOVE                 R10 <- R7  ; line 1873
11395 CALL                 a=11 b=86 c=8 imm=3  ; line 1873
11396 RETURN               R11  ; line 1873
11397 JUMP                 -> 11398  ; line 1873
11398 LOAD_CONST           R6 constant[2303]  ; line 1874
11399 MOVE                 R7 <- R0  ; line 1874
11400 MOVE                 R8 <- R6  ; line 1874
11401 HOST_CALL            a=9 b=11 c=7 imm=2  ; line 1874
11402 MOVE                 R10 <- R9  ; line 1874
11403 LOAD_CONST           R11 constant[2304]  ; line 1875
11404 MOVE                 R12 <- R0  ; line 1875
11405 MOVE                 R13 <- R11  ; line 1875
11406 HOST_CALL            a=14 b=11 c=12 imm=2  ; line 1875
11407 MOVE                 R15 <- R14  ; line 1875
11408 MOVE                 R16 <- R10  ; line 1876
11409 HOST_CALL            a=17 b=61 c=16 imm=1  ; line 1876
11410 LOAD_CONST           R18 constant[2305]  ; line 1876
11411 MOVE                 R19 <- R17  ; line 1876
11412 MOVE                 R20 <- R18  ; line 1876
11413 HOST_CALL            a=21 b=11 c=19 imm=2  ; line 1876
11414 MOVE                 R22 <- R21  ; line 1876
11415 MOVE                 R23 <- R10  ; line 1877
11416 HOST_CALL            a=24 b=61 c=23 imm=1  ; line 1877
11417 LOAD_CONST           R25 constant[2306]  ; line 1877
11418 MOVE                 R26 <- R24  ; line 1877
11419 MOVE                 R27 <- R25  ; line 1877
11420 HOST_CALL            a=28 b=11 c=26 imm=2  ; line 1877
11421 MOVE                 R29 <- R28  ; line 1877
11422 LOAD_CONST           R30 constant[2307]  ; line 1878
11423 LOAD_CONST           R31 constant[2308]  ; line 1878
11424 MOVE                 R32 <- R1  ; line 1878
11425 MOVE                 R33 <- R30  ; line 1878
11426 MOVE                 R34 <- R31  ; line 1878
11427 CALL                 a=35 b=87 c=32 imm=3  ; line 1878
11428 MOVE                 R36 <- R35  ; line 1878
11429 LOAD_CONST           R37 constant[2309]  ; line 1879
11430 LOAD_CONST           R38 constant[2310]  ; line 1879
11431 MOVE                 R39 <- R1  ; line 1879
11432 MOVE                 R40 <- R37  ; line 1879
11433 MOVE                 R41 <- R38  ; line 1879
11434 CALL                 a=42 b=87 c=39 imm=3  ; line 1879
11435 MOVE                 R43 <- R42  ; line 1879
11436 LOAD_CONST           R44 constant[2311]  ; line 1880
11437 LOAD_CONST           R45 constant[2312]  ; line 1880
11438 MOVE                 R46 <- R1  ; line 1880
11439 MOVE                 R47 <- R44  ; line 1880
11440 MOVE                 R48 <- R45  ; line 1880
11441 CALL                 a=49 b=87 c=46 imm=3  ; line 1880
11442 MOVE                 R50 <- R49  ; line 1880
11443 LOAD_CONST           R51 constant[2313]  ; line 1881
11444 LOAD_CONST           R52 constant[2314]  ; line 1881
11445 MOVE                 R53 <- R1  ; line 1881
11446 MOVE                 R54 <- R51  ; line 1881
11447 MOVE                 R55 <- R52  ; line 1881
11448 CALL                 a=56 b=87 c=53 imm=3  ; line 1881
11449 MOVE                 R57 <- R56  ; line 1881
11450 LOAD_CONST           R58 constant[2315]  ; line 1882
11451 COMPARE              a=36 b=58 c=59 imm=2  ; line 1882
11452 JUMP_IF_FALSE        R59 -> 11462  ; line 1882
11453 LOAD_CONST           R58 constant[2316]  ; line 1882
11454 LOAD_CONST           R59 constant[2317]  ; line 1882
11455 LOAD_CONST           R60 constant[2318]  ; line 1882
11456 MOVE                 R61 <- R58  ; line 1882
11457 MOVE                 R62 <- R59  ; line 1882
11458 MOVE                 R63 <- R60  ; line 1882
11459 CALL                 a=64 b=86 c=61 imm=3  ; line 1882
11460 RETURN               R64  ; line 1882
11461 JUMP                 -> 11462  ; line 1882
11462 LOAD_CONST           R58 constant[2319]  ; line 1883
11463 COMPARE              a=43 b=58 c=59 imm=3  ; line 1883
11464 JUMP_IF_FALSE        R59 -> 11474  ; line 1883
11465 LOAD_CONST           R58 constant[2320]  ; line 1883
11466 LOAD_CONST           R59 constant[2321]  ; line 1883
11467 LOAD_CONST           R60 constant[2322]  ; line 1883
11468 MOVE                 R61 <- R58  ; line 1883
11469 MOVE                 R62 <- R59  ; line 1883
11470 MOVE                 R63 <- R60  ; line 1883
11471 CALL                 a=64 b=86 c=61 imm=3  ; line 1883
11472 RETURN               R64  ; line 1883
11473 JUMP                 -> 11474  ; line 1883
11474 LOAD_CONST           R58 constant[2323]  ; line 1884
11475 COMPARE              a=50 b=58 c=59 imm=2  ; line 1884
11476 JUMP_IF_FALSE        R59 -> 11486  ; line 1884
11477 LOAD_CONST           R58 constant[2324]  ; line 1884
11478 LOAD_CONST           R59 constant[2325]  ; line 1884
11479 LOAD_CONST           R60 constant[2326]  ; line 1884
11480 MOVE                 R61 <- R58  ; line 1884
11481 MOVE                 R62 <- R59  ; line 1884
11482 MOVE                 R63 <- R60  ; line 1884
11483 CALL                 a=64 b=86 c=61 imm=3  ; line 1884
11484 RETURN               R64  ; line 1884
11485 JUMP                 -> 11486  ; line 1884
11486 LOAD_CONST           R58 constant[2327]  ; line 1885
11487 COMPARE              a=57 b=58 c=59 imm=2  ; line 1885
11488 JUMP_IF_FALSE        R59 -> 11498  ; line 1885
11489 LOAD_CONST           R58 constant[2328]  ; line 1885
11490 LOAD_CONST           R59 constant[2329]  ; line 1885
11491 LOAD_CONST           R60 constant[2330]  ; line 1885
11492 MOVE                 R61 <- R58  ; line 1885
11493 MOVE                 R62 <- R59  ; line 1885
11494 MOVE                 R63 <- R60  ; line 1885
11495 CALL                 a=64 b=86 c=61 imm=3  ; line 1885
11496 RETURN               R64  ; line 1885
11497 JUMP                 -> 11498  ; line 1885
11498 LOAD_CONST           R58 constant[2331]  ; line 1886
11499 COMPARE              a=2 b=58 c=59 imm=0  ; line 1886
11500 JUMP_IF_FALSE        R59 -> 11532  ; line 1886
11501 LOAD_CONST           R58 constant[2332]  ; line 1887
11502 MOVE                 R59 <- R58  ; line 1887
11503 COMPARE              a=59 b=22 c=60 imm=2  ; line 1888
11504 JUMP_IF_FALSE        R60 -> 11531  ; line 1888
11505 MOVE                 R60 <- R15  ; line 1889
11506 MOVE                 R61 <- R59  ; line 1889
11507 HOST_CALL            a=62 b=11 c=60 imm=2  ; line 1889
11508 LOAD_CONST           R63 constant[2333]  ; line 1889
11509 COMPARE              a=62 b=63 c=64 imm=1  ; line 1889
11510 JUMP_IF_FALSE        R64 -> 11527  ; line 1889
11511 MOVE                 R60 <- R15  ; line 1890
11512 MOVE                 R61 <- R59  ; line 1890
11513 HOST_CALL            a=62 b=11 c=60 imm=2  ; line 1890
11514 LOAD_CONST           R63 constant[2334]  ; line 1890
11515 COMPARE              a=62 b=63 c=64 imm=1  ; line 1890
11516 JUMP_IF_FALSE        R64 -> 11526  ; line 1890
11517 LOAD_CONST           R60 constant[2335]  ; line 1890
11518 LOAD_CONST           R61 constant[2336]  ; line 1890
11519 LOAD_CONST           R62 constant[2337]  ; line 1890
11520 MOVE                 R63 <- R60  ; line 1890
11521 MOVE                 R64 <- R61  ; line 1890
11522 MOVE                 R65 <- R62  ; line 1890
11523 CALL                 a=66 b=86 c=63 imm=3  ; line 1890
11524 RETURN               R66  ; line 1890
11525 JUMP                 -> 11526  ; line 1890
11526 JUMP                 -> 11527  ; line 1890
11527 LOAD_CONST           R60 constant[2338]  ; line 1892
11528 BINARY               a=59 b=60 c=61 imm=0  ; line 1892
11529 MOVE                 R59 <- R61  ; line 1892
11530 JUMP                 -> 11503  ; line 1892
11531 JUMP                 -> 11532  ; line 1892
11532 MOVE                 R60 <- R15  ; line 1895
11533 HOST_CALL            a=61 b=69 c=60 imm=1  ; line 1895
11534 MOVE                 R62 <- R61  ; line 1895
11535 LOAD_CONST           R63 constant[2339]  ; line 1896
11536 COMPARE              a=2 b=63 c=64 imm=0  ; line 1896
11537 JUMP_IF_FALSE        R64 -> 11541  ; line 1896
11538 LOAD_CONST           R63 constant[2340]  ; line 1896
11539 MOVE                 R62 <- R63  ; line 1896
11540 JUMP                 -> 11541  ; line 1896
11541 LOAD_CONST           R63 constant[2341]  ; line 1897
11542 MOVE                 R64 <- R63  ; line 1897
11543 HOST_CALL            a=65 b=22 c=64 imm=1  ; line 1897
11544 MOVE                 R66 <- R65  ; line 1897
11545 LOAD_CONST           R67 constant[2342]  ; line 1898
11546 MOVE                 R68 <- R67  ; line 1898
11547 COMPARE              a=68 b=22 c=69 imm=2  ; line 1899
11548 JUMP_IF_FALSE        R69 -> 11556  ; line 1899
11549 MOVE                 R69 <- R66  ; line 1899
11550 MOVE                 R70 <- R62  ; line 1899
11551 HOST_CALL            a=71 b=23 c=69 imm=2  ; line 1899
11552 LOAD_CONST           R69 constant[2343]  ; line 1899
11553 BINARY               a=68 b=69 c=70 imm=0  ; line 1899
11554 MOVE                 R68 <- R70  ; line 1899
11555 JUMP                 -> 11547  ; line 1899
11556 LOAD_CONST           R69 constant[2344]  ; line 1900
11557 MOVE                 R70 <- R69  ; line 1900
11558 HOST_CALL            a=71 b=22 c=70 imm=1  ; line 1900
11559 MOVE                 R72 <- R71  ; line 1900
11560 LOAD_CONST           R73 constant[2345]  ; line 1901
11561 MOVE                 R74 <- R73  ; line 1901
11562 COMPARE              a=74 b=36 c=75 imm=2  ; line 1902
11563 JUMP_IF_FALSE        R75 -> 11653  ; line 1902
11564 LOAD_CONST           R75 constant[2346]  ; line 1903
11565 MOVE                 R76 <- R75  ; line 1903
11566 HOST_CALL            a=77 b=22 c=76 imm=1  ; line 1903
11567 MOVE                 R78 <- R77  ; line 1903
11568 LOAD_CONST           R79 constant[2347]  ; line 1904
11569 MOVE                 R68 <- R79  ; line 1904
11570 COMPARE              a=68 b=22 c=79 imm=2  ; line 1905
11571 JUMP_IF_FALSE        R79 -> 11601  ; line 1905
11572 MOVE                 R79 <- R15  ; line 1906
11573 MOVE                 R80 <- R68  ; line 1906
11574 HOST_CALL            a=81 b=11 c=79 imm=2  ; line 1906
11575 MOVE                 R82 <- R66  ; line 1906
11576 MOVE                 R83 <- R68  ; line 1906
11577 HOST_CALL            a=84 b=11 c=82 imm=2  ; line 1906
11578 BINARY               a=81 b=84 c=85 imm=1  ; line 1906
11579 MOVE                 R86 <- R85  ; line 1906
11580 LOAD_CONST           R87 constant[2348]  ; line 1907
11581 COMPARE              a=2 b=87 c=88 imm=0  ; line 1907
11582 JUMP_IF_FALSE        R88 -> 11594  ; line 1907
11583 MOVE                 R87 <- R15  ; line 1907
11584 MOVE                 R88 <- R68  ; line 1907
11585 HOST_CALL            a=89 b=11 c=87 imm=2  ; line 1907
11586 MOVE                 R90 <- R66  ; line 1907
11587 MOVE                 R91 <- R68  ; line 1907
11588 HOST_CALL            a=92 b=11 c=90 imm=2  ; line 1907
11589 MOVE                 R93 <- R92  ; line 1907
11590 CALL                 a=94 b=92 c=93 imm=1  ; line 1907
11591 BINARY               a=89 b=94 c=95 imm=1  ; line 1907
11592 MOVE                 R86 <- R95  ; line 1907
11593 JUMP                 -> 11594  ; line 1907
11594 MOVE                 R87 <- R78  ; line 1908
11595 MOVE                 R88 <- R86  ; line 1908
11596 HOST_CALL            a=89 b=23 c=87 imm=2  ; line 1908
11597 LOAD_CONST           R87 constant[2349]  ; line 1909
11598 BINARY               a=68 b=87 c=88 imm=0  ; line 1909
11599 MOVE                 R68 <- R88  ; line 1909
11600 JUMP                 -> 11570  ; line 1909
11601 LOAD_CONST           R87 constant[2350]  ; line 1911
11602 MOVE                 R88 <- R87  ; line 1911
11603 HOST_CALL            a=89 b=22 c=88 imm=1  ; line 1911
11604 MOVE                 R90 <- R89  ; line 1911
11605 LOAD_CONST           R91 constant[2351]  ; line 1912
11606 MOVE                 R68 <- R91  ; line 1912
11607 COMPARE              a=68 b=22 c=91 imm=2  ; line 1913
11608 JUMP_IF_FALSE        R91 -> 11616  ; line 1913
11609 MOVE                 R91 <- R90  ; line 1913
11610 MOVE                 R92 <- R68  ; line 1913
11611 HOST_CALL            a=93 b=23 c=91 imm=2  ; line 1913
11612 LOAD_CONST           R91 constant[2352]  ; line 1913
11613 BINARY               a=68 b=91 c=92 imm=0  ; line 1913
11614 MOVE                 R68 <- R92  ; line 1913
11615 JUMP                 -> 11607  ; line 1913
11616 LOAD_CONST           R91 constant[2353]  ; line 1914
11617 MOVE                 R92 <- R10  ; line 1914
11618 MOVE                 R93 <- R78  ; line 1914
11619 MOVE                 R94 <- R90  ; line 1914
11620 MOVE                 R95 <- R91  ; line 1914
11621 MOVE                 R96 <- R50  ; line 1914
11622 MOVE                 R97 <- R57  ; line 1914
11623 CALL                 a=98 b=146 c=92 imm=6  ; line 1914
11624 MOVE                 R99 <- R98  ; line 1914
11625 MOVE                 R100 <- R72  ; line 1915
11626 MOVE                 R101 <- R99  ; line 1915
11627 HOST_CALL            a=102 b=23 c=100 imm=2  ; line 1915
11628 LOAD_CONST           R100 constant[2354]  ; line 1916
11629 MOVE                 R68 <- R100  ; line 1916
11630 COMPARE              a=68 b=22 c=100 imm=2  ; line 1917
11631 JUMP_IF_FALSE        R100 -> 11649  ; line 1917
11632 MOVE                 R100 <- R66  ; line 1918
11633 MOVE                 R101 <- R68  ; line 1918
11634 HOST_CALL            a=102 b=11 c=100 imm=2  ; line 1918
11635 MOVE                 R103 <- R99  ; line 1918
11636 MOVE                 R104 <- R10  ; line 1918
11637 MOVE                 R105 <- R68  ; line 1918
11638 CALL                 a=106 b=147 c=103 imm=3  ; line 1918
11639 BINARY               a=43 b=106 c=107 imm=2  ; line 1918
11640 BINARY               a=102 b=107 c=108 imm=0  ; line 1918
11641 MOVE                 R109 <- R66  ; line 1918
11642 MOVE                 R110 <- R68  ; line 1918
11643 MOVE                 R111 <- R108  ; line 1918
11644 HOST_CALL            a=112 b=12 c=109 imm=3  ; line 1918
11645 LOAD_CONST           R100 constant[2355]  ; line 1919
11646 BINARY               a=68 b=100 c=101 imm=0  ; line 1919
11647 MOVE                 R68 <- R101  ; line 1919
11648 JUMP                 -> 11630  ; line 1919
11649 LOAD_CONST           R100 constant[2356]  ; line 1921
11650 BINARY               a=74 b=100 c=101 imm=0  ; line 1921
11651 MOVE                 R74 <- R101  ; line 1921
11652 JUMP                 -> 11562  ; line 1921
11653 MOVE                 R100 <- R66  ; line 1923
11654 LOAD_CONST           R101 constant[2357]  ; line 1924
11655 COMPARE              a=2 b=101 c=102 imm=0  ; line 1924
11656 JUMP_IF_FALSE        R102 -> 11675  ; line 1924
11657 LOAD_CONST           R101 constant[2358]  ; line 1925
11658 MOVE                 R68 <- R101  ; line 1925
11659 COMPARE              a=68 b=22 c=101 imm=2  ; line 1926
11660 JUMP_IF_FALSE        R101 -> 11674  ; line 1926
11661 MOVE                 R101 <- R100  ; line 1926
11662 MOVE                 R102 <- R68  ; line 1926
11663 HOST_CALL            a=103 b=11 c=101 imm=2  ; line 1926
11664 MOVE                 R104 <- R103  ; line 1926
11665 CALL                 a=105 b=92 c=104 imm=1  ; line 1926
11666 MOVE                 R106 <- R100  ; line 1926
11667 MOVE                 R107 <- R68  ; line 1926
11668 MOVE                 R108 <- R105  ; line 1926
11669 HOST_CALL            a=109 b=12 c=106 imm=3  ; line 1926
11670 LOAD_CONST           R101 constant[2359]  ; line 1926
11671 BINARY               a=68 b=101 c=102 imm=0  ; line 1926
11672 MOVE                 R68 <- R102  ; line 1926
11673 JUMP                 -> 11659  ; line 1926
11674 JUMP                 -> 11675  ; line 1926
11675 LOAD_CONST           R101 constant[2360]  ; line 1928
11676 MOVE                 R102 <- R101  ; line 1928
11677 HOST_CALL            a=103 b=22 c=102 imm=1  ; line 1928
11678 MOVE                 R104 <- R103  ; line 1928
11679 LOAD_CONST           R105 constant[2361]  ; line 1929
11680 MOVE                 R106 <- R105  ; line 1929
11681 LOAD_CONST           R107 constant[2362]  ; line 1930
11682 MOVE                 R68 <- R107  ; line 1930
11683 COMPARE              a=68 b=22 c=107 imm=2  ; line 1931
11684 JUMP_IF_FALSE        R107 -> 11700  ; line 1931
11685 MOVE                 R107 <- R100  ; line 1932
11686 MOVE                 R108 <- R68  ; line 1932
11687 HOST_CALL            a=109 b=11 c=107 imm=2  ; line 1932
11688 MOVE                 R110 <- R15  ; line 1932
11689 MOVE                 R111 <- R68  ; line 1932
11690 HOST_CALL            a=112 b=11 c=110 imm=2  ; line 1932
11691 BINARY               a=109 b=112 c=113 imm=1  ; line 1932
11692 MOVE                 R114 <- R113  ; line 1932
11693 BINARY               a=114 b=114 c=115 imm=2  ; line 1933
11694 BINARY               a=106 b=115 c=116 imm=0  ; line 1933
11695 MOVE                 R106 <- R116  ; line 1933
11696 LOAD_CONST           R115 constant[2363]  ; line 1934
11697 BINARY               a=68 b=115 c=116 imm=0  ; line 1934
11698 MOVE                 R68 <- R116  ; line 1934
11699 JUMP                 -> 11683  ; line 1934
11700 BINARY               a=106 b=22 c=115 imm=3  ; line 1936
11701 MOVE                 R106 <- R115  ; line 1936
11702 LOAD_CONST           R115 constant[2364]  ; line 1937
11703 MOVE                 R68 <- R115  ; line 1937
11704 COMPARE              a=68 b=22 c=115 imm=2  ; line 1938
11705 JUMP_IF_FALSE        R115 -> 11728  ; line 1938
11706 MOVE                 R115 <- R106  ; line 1939
11707 LOAD_CONST           R116 constant[2365]  ; line 1940
11708 COMPARE              a=2 b=116 c=117 imm=0  ; line 1940
11709 JUMP_IF_FALSE        R117 -> 11721  ; line 1940
11710 MOVE                 R116 <- R100  ; line 1940
11711 MOVE                 R117 <- R68  ; line 1940
11712 HOST_CALL            a=118 b=11 c=116 imm=2  ; line 1940
11713 LOAD_CONST           R119 constant[2366]  ; line 1940
11714 MOVE                 R120 <- R100  ; line 1940
11715 MOVE                 R121 <- R68  ; line 1940
11716 HOST_CALL            a=122 b=11 c=120 imm=2  ; line 1940
11717 BINARY               a=119 b=122 c=123 imm=1  ; line 1940
11718 BINARY               a=118 b=123 c=124 imm=2  ; line 1940
11719 MOVE                 R115 <- R124  ; line 1940
11720 JUMP                 -> 11721  ; line 1940
11721 MOVE                 R116 <- R104  ; line 1941
11722 MOVE                 R117 <- R115  ; line 1941
11723 HOST_CALL            a=118 b=23 c=116 imm=2  ; line 1941
11724 LOAD_CONST           R116 constant[2367]  ; line 1942
11725 BINARY               a=68 b=116 c=117 imm=0  ; line 1942
11726 MOVE                 R68 <- R117  ; line 1942
11727 JUMP                 -> 11704  ; line 1942
11728 LOAD_CONST           R116 constant[2368]  ; line 1944
11729 MOVE                 R117 <- R116  ; line 1944
11730 LOAD_CONST           R118 constant[2369]  ; line 1945
11731 COMPARE              a=2 b=118 c=119 imm=0  ; line 1945
11732 JUMP_IF_FALSE        R119 -> 11736  ; line 1945
11733 LOAD_CONST           R118 constant[2370]  ; line 1945
11734 MOVE                 R117 <- R118  ; line 1945
11735 JUMP                 -> 11736  ; line 1945
11736 LOAD_CONST           R118 constant[2371]  ; line 1946
11737 LOAD_CONST           R119 constant[2372]  ; line 1946
11738 LOAD_CONST           R120 constant[2373]  ; line 1946
11739 LOAD_CONST           R121 constant[2374]  ; line 1946
11740 LOAD_CONST           R122 constant[2375]  ; line 1946
11741 LOAD_CONST           R123 constant[2376]  ; line 1946
11742 LOAD_CONST           R124 constant[2377]  ; line 1946
11743 LOAD_CONST           R125 constant[2378]  ; line 1946
11744 LOAD_CONST           R126 constant[2379]  ; line 1946
11745 LOAD_CONST           R127 constant[2380]  ; line 1946
11746 MOVE                 R128 <- R123  ; line 1946
11747 MOVE                 R129 <- R62  ; line 1946
11748 MOVE                 R130 <- R124  ; line 1946
11749 MOVE                 R131 <- R72  ; line 1946
11750 MOVE                 R132 <- R125  ; line 1946
11751 MOVE                 R133 <- R43  ; line 1946
11752 MOVE                 R134 <- R126  ; line 1946
11753 MOVE                 R135 <- R50  ; line 1946
11754 MOVE                 R136 <- R127  ; line 1946
11755 MOVE                 R137 <- R57  ; line 1946
11756 HOST_CALL            a=138 b=6 c=128 imm=10  ; line 1946
11757 LOAD_CONST           R139 constant[2381]  ; line 1946
11758 LOAD_CONST           R140 constant[2382]  ; line 1946
11759 MOVE                 R141 <- R140  ; line 1946
11760 MOVE                 R142 <- R106  ; line 1946
11761 HOST_CALL            a=143 b=6 c=141 imm=2  ; line 1946
11762 LOAD_CONST           R144 constant[2383]  ; line 1946
11763 ARRAY_NEW            a=145 b=145 c=0 imm=4294967295  ; line 1946
11764 LOAD_CONST           R146 constant[2384]  ; line 1946
11765 LOAD_CONST           R147 constant[2385]  ; line 1946
11766 LOAD_CONST           R148 constant[2386]  ; line 1946
11767 LOAD_CONST           R149 constant[2387]  ; line 1946
11768 MOVE                 R150 <- R147  ; line 1946
11769 MOVE                 R151 <- R36  ; line 1946
11770 MOVE                 R152 <- R148  ; line 1946
11771 MOVE                 R153 <- R50  ; line 1946
11772 MOVE                 R154 <- R149  ; line 1946
11773 MOVE                 R155 <- R57  ; line 1946
11774 HOST_CALL            a=156 b=6 c=150 imm=6  ; line 1946
11775 LOAD_CONST           R157 constant[2388]  ; line 1946
11776 LOAD_CONST           R158 constant[2389]  ; line 1946
11777 LOAD_CONST           R159 constant[2390]  ; line 1946
11778 MOVE                 R160 <- R10  ; line 1946
11779 HOST_CALL            a=161 b=60 c=160 imm=1  ; line 1946
11780 LOAD_CONST           R162 constant[2391]  ; line 1946
11781 LOAD_CONST           R163 constant[2392]  ; line 1946
11782 MOVE                 R164 <- R118  ; line 1946
11783 MOVE                 R165 <- R119  ; line 1946
11784 MOVE                 R166 <- R120  ; line 1946
11785 MOVE                 R167 <- R117  ; line 1946
11786 MOVE                 R168 <- R121  ; line 1946
11787 MOVE                 R169 <- R2  ; line 1946
11788 MOVE                 R170 <- R122  ; line 1946
11789 MOVE                 R171 <- R138  ; line 1946
11790 MOVE                 R172 <- R139  ; line 1946
11791 MOVE                 R173 <- R143  ; line 1946
11792 MOVE                 R174 <- R144  ; line 1946
11793 MOVE                 R175 <- R145  ; line 1946
11794 MOVE                 R176 <- R146  ; line 1946
11795 MOVE                 R177 <- R156  ; line 1946
11796 MOVE                 R178 <- R157  ; line 1946
11797 MOVE                 R179 <- R158  ; line 1946
11798 MOVE                 R180 <- R159  ; line 1946
11799 MOVE                 R181 <- R161  ; line 1946
11800 MOVE                 R182 <- R162  ; line 1946
11801 MOVE                 R183 <- R163  ; line 1946
11802 HOST_CALL            a=184 b=6 c=164 imm=20  ; line 1946
11803 MOVE                 R185 <- R184  ; line 1946
11804 MOVE                 R186 <- R100  ; line 1952
11805 HOST_CALL            a=187 b=72 c=186 imm=1  ; line 1952
11806 MOVE                 R188 <- R104  ; line 1952
11807 HOST_CALL            a=189 b=72 c=188 imm=1  ; line 1952
11808 LOAD_CONST           R190 constant[2393]  ; line 1952
11809 LOAD_CONST           R191 constant[2394]  ; line 1952
11810 MOVE                 R192 <- R190  ; line 1952
11811 MOVE                 R193 <- R106  ; line 1952
11812 MOVE                 R194 <- R191  ; line 1952
11813 MOVE                 R195 <- R22  ; line 1952
11814 HOST_CALL            a=196 b=6 c=192 imm=4  ; line 1952
11815 LOAD_CONST           R197 constant[2395]  ; line 1952
11816 LOAD_CONST           R198 constant[2396]  ; line 1952
11817 LOAD_CONST           R199 constant[2397]  ; line 1952
11818 MOVE                 R200 <- R198  ; line 1952
11819 MOVE                 R201 <- R199  ; line 1952
11820 ARRAY_NEW            a=202 b=200 c=2 imm=4294967295  ; line 1952
11821 MOVE                 R203 <- R185  ; line 1952
11822 MOVE                 R204 <- R187  ; line 1952
11823 MOVE                 R205 <- R189  ; line 1952
11824 MOVE                 R206 <- R196  ; line 1952
11825 MOVE                 R207 <- R197  ; line 1952
11826 MOVE                 R208 <- R202  ; line 1952
11827 CALL                 a=209 b=101 c=203 imm=6  ; line 1952
11828 RETURN               R209  ; line 1952
11829 LOAD_CONST           R210 constant[2398]  ; line 1952
11830 RETURN               R210  ; line 1952
11831 MOVE                 R2 <- R0  ; line 1958
11832 HOST_CALL            a=3 b=86 c=2 imm=1  ; line 1958
11833 LOAD_CONST           R4 constant[2399]  ; line 1958
11834 COMPARE              a=3 b=4 c=5 imm=1  ; line 1958
11835 JUMP_IF_FALSE        R5 -> 11845  ; line 1958
11836 LOAD_CONST           R2 constant[2400]  ; line 1958
11837 LOAD_CONST           R3 constant[2401]  ; line 1958
11838 LOAD_CONST           R4 constant[2402]  ; line 1958
11839 MOVE                 R5 <- R2  ; line 1958
11840 MOVE                 R6 <- R3  ; line 1958
11841 MOVE                 R7 <- R4  ; line 1958
11842 CALL                 a=8 b=86 c=5 imm=3  ; line 1958
11843 RETURN               R8  ; line 1958
11844 JUMP                 -> 11845  ; line 1958
11845 LOAD_CONST           R2 constant[2403]  ; line 1959
11846 LOAD_CONST           R3 constant[2404]  ; line 1959
11847 MOVE                 R4 <- R1  ; line 1959
11848 MOVE                 R5 <- R2  ; line 1959
11849 MOVE                 R6 <- R3  ; line 1959
11850 CALL                 a=7 b=87 c=4 imm=3  ; line 1959
11851 MOVE                 R8 <- R7  ; line 1959
11852 LOAD_CONST           R9 constant[2405]  ; line 1960
11853 COMPARE              a=8 b=9 c=10 imm=1  ; line 1960
11854 JUMP_IF_FALSE        R10 -> 11872  ; line 1960
11855 LOAD_CONST           R9 constant[2406]  ; line 1961
11856 COMPARE              a=8 b=9 c=10 imm=1  ; line 1961
11857 JUMP_IF_FALSE        R10 -> 11871  ; line 1961
11858 LOAD_CONST           R9 constant[2407]  ; line 1962
11859 COMPARE              a=8 b=9 c=10 imm=1  ; line 1962
11860 JUMP_IF_FALSE        R10 -> 11870  ; line 1962
11861 LOAD_CONST           R9 constant[2408]  ; line 1962
11862 LOAD_CONST           R10 constant[2409]  ; line 1962
11863 LOAD_CONST           R11 constant[2410]  ; line 1962
11864 MOVE                 R12 <- R9  ; line 1962
11865 MOVE                 R13 <- R10  ; line 1962
11866 MOVE                 R14 <- R11  ; line 1962
11867 CALL                 a=15 b=86 c=12 imm=3  ; line 1962
11868 RETURN               R15  ; line 1962
11869 JUMP                 -> 11870  ; line 1962
11870 JUMP                 -> 11871  ; line 1962
11871 JUMP                 -> 11872  ; line 1962
11872 LOAD_CONST           R9 constant[2411]  ; line 1965
11873 MOVE                 R10 <- R9  ; line 1965
11874 HOST_CALL            a=11 b=22 c=10 imm=1  ; line 1965
11875 MOVE                 R12 <- R11  ; line 1965
11876 LOAD_CONST           R13 constant[2412]  ; line 1966
11877 MOVE                 R14 <- R13  ; line 1966
11878 HOST_CALL            a=15 b=22 c=14 imm=1  ; line 1966
11879 MOVE                 R16 <- R15  ; line 1966
11880 LOAD_CONST           R17 constant[2413]  ; line 1967
11881 MOVE                 R18 <- R17  ; line 1967
11882 LOAD_CONST           R19 constant[2414]  ; line 1968
11883 MOVE                 R20 <- R19  ; line 1968
11884 LOAD_CONST           R21 constant[2415]  ; line 1969
11885 MOVE                 R22 <- R0  ; line 1969
11886 MOVE                 R23 <- R21  ; line 1969
11887 HOST_CALL            a=24 b=7 c=22 imm=2  ; line 1969
11888 JUMP_IF_FALSE        R24 -> 11962  ; line 1969
11889 LOAD_CONST           R21 constant[2416]  ; line 1970
11890 MOVE                 R22 <- R1  ; line 1970
11891 MOVE                 R23 <- R21  ; line 1970
11892 HOST_CALL            a=24 b=7 c=22 imm=2  ; line 1970
11893 UNARY                a=24 b=25 c=4294967295 imm=1  ; line 1970
11894 JUMP_IF_FALSE        R25 -> 11904  ; line 1970
11895 LOAD_CONST           R21 constant[2417]  ; line 1970
11896 LOAD_CONST           R22 constant[2418]  ; line 1970
11897 LOAD_CONST           R23 constant[2419]  ; line 1970
11898 MOVE                 R24 <- R21  ; line 1970
11899 MOVE                 R25 <- R22  ; line 1970
11900 MOVE                 R26 <- R23  ; line 1970
11901 CALL                 a=27 b=86 c=24 imm=3  ; line 1970
11902 RETURN               R27  ; line 1970
11903 JUMP                 -> 11904  ; line 1970
11904 LOAD_CONST           R21 constant[2420]  ; line 1971
11905 MOVE                 R22 <- R1  ; line 1971
11906 MOVE                 R23 <- R21  ; line 1971
11907 HOST_CALL            a=24 b=11 c=22 imm=2  ; line 1971
11908 MOVE                 R20 <- R24  ; line 1971
11909 LOAD_CONST           R21 constant[2421]  ; line 1972
11910 COMPARE              a=20 b=21 c=22 imm=3  ; line 1972
11911 JUMP_IF_FALSE        R22 -> 11921  ; line 1972
11912 LOAD_CONST           R21 constant[2422]  ; line 1972
11913 LOAD_CONST           R22 constant[2423]  ; line 1972
11914 LOAD_CONST           R23 constant[2424]  ; line 1972
11915 MOVE                 R24 <- R21  ; line 1972
11916 MOVE                 R25 <- R22  ; line 1972
11917 MOVE                 R26 <- R23  ; line 1972
11918 CALL                 a=27 b=86 c=24 imm=3  ; line 1972
11919 RETURN               R27  ; line 1972
11920 JUMP                 -> 11921  ; line 1972
11921 LOAD_CONST           R21 constant[2425]  ; line 1973
11922 MOVE                 R22 <- R0  ; line 1973
11923 MOVE                 R23 <- R21  ; line 1973
11924 HOST_CALL            a=24 b=11 c=22 imm=2  ; line 1973
11925 MOVE                 R25 <- R24  ; line 1973
11926 CALL                 a=26 b=95 c=25 imm=1  ; line 1973
11927 MOVE                 R18 <- R26  ; line 1973
11928 LOAD_CONST           R21 constant[2426]  ; line 1974
11929 MOVE                 R22 <- R21  ; line 1974
11930 COMPARE              a=22 b=18 c=23 imm=2  ; line 1975
11931 JUMP_IF_FALSE        R23 -> 11961  ; line 1975
11932 LOAD_CONST           R23 constant[2427]  ; line 1976
11933 MOVE                 R24 <- R0  ; line 1976
11934 MOVE                 R25 <- R23  ; line 1976
11935 HOST_CALL            a=26 b=11 c=24 imm=2  ; line 1976
11936 MOVE                 R27 <- R26  ; line 1976
11937 MOVE                 R28 <- R22  ; line 1976
11938 HOST_CALL            a=29 b=11 c=27 imm=2  ; line 1976
11939 MOVE                 R30 <- R29  ; line 1976
11940 CALL                 a=31 b=89 c=30 imm=1  ; line 1976
11941 COMPARE              a=31 b=20 c=32 imm=5  ; line 1976
11942 JUMP_IF_FALSE        R32 -> 11957  ; line 1976
11943 MOVE                 R23 <- R16  ; line 1977
11944 MOVE                 R24 <- R22  ; line 1977
11945 HOST_CALL            a=25 b=23 c=23 imm=2  ; line 1977
11946 LOAD_CONST           R23 constant[2428]  ; line 1978
11947 MOVE                 R24 <- R0  ; line 1978
11948 MOVE                 R25 <- R23  ; line 1978
11949 HOST_CALL            a=26 b=11 c=24 imm=2  ; line 1978
11950 MOVE                 R27 <- R26  ; line 1978
11951 MOVE                 R28 <- R22  ; line 1978
11952 HOST_CALL            a=29 b=11 c=27 imm=2  ; line 1978
11953 MOVE                 R30 <- R12  ; line 1978
11954 MOVE                 R31 <- R29  ; line 1978
11955 HOST_CALL            a=32 b=23 c=30 imm=2  ; line 1978
11956 JUMP                 -> 11957  ; line 1978
11957 LOAD_CONST           R23 constant[2429]  ; line 1980
11958 BINARY               a=22 b=23 c=24 imm=0  ; line 1980
11959 MOVE                 R22 <- R24  ; line 1980
11960 JUMP                 -> 11930  ; line 1980
11961 JUMP                 -> 12050  ; line 1980
11962 LOAD_CONST           R23 constant[2430]  ; line 1983
11963 MOVE                 R24 <- R0  ; line 1983
11964 MOVE                 R25 <- R23  ; line 1983
11965 HOST_CALL            a=26 b=7 c=24 imm=2  ; line 1983
11966 UNARY                a=26 b=27 c=4294967295 imm=1  ; line 1983
11967 JUMP_IF_FALSE        R27 -> 11977  ; line 1983
11968 LOAD_CONST           R23 constant[2431]  ; line 1983
11969 LOAD_CONST           R24 constant[2432]  ; line 1983
11970 LOAD_CONST           R25 constant[2433]  ; line 1983
11971 MOVE                 R26 <- R23  ; line 1983
11972 MOVE                 R27 <- R24  ; line 1983
11973 MOVE                 R28 <- R25  ; line 1983
11974 CALL                 a=29 b=86 c=26 imm=3  ; line 1983
11975 RETURN               R29  ; line 1983
11976 JUMP                 -> 11977  ; line 1983
11977 LOAD_CONST           R23 constant[2434]  ; line 1984
11978 MOVE                 R24 <- R0  ; line 1984
11979 MOVE                 R25 <- R23  ; line 1984
11980 HOST_CALL            a=26 b=7 c=24 imm=2  ; line 1984
11981 UNARY                a=26 b=27 c=4294967295 imm=1  ; line 1984
11982 JUMP_IF_FALSE        R27 -> 11992  ; line 1984
11983 LOAD_CONST           R23 constant[2435]  ; line 1984
11984 LOAD_CONST           R24 constant[2436]  ; line 1984
11985 LOAD_CONST           R25 constant[2437]  ; line 1984
11986 MOVE                 R26 <- R23  ; line 1984
11987 MOVE                 R27 <- R24  ; line 1984
11988 MOVE                 R28 <- R25  ; line 1984
11989 CALL                 a=29 b=86 c=26 imm=3  ; line 1984
11990 RETURN               R29  ; line 1984
11991 JUMP                 -> 11992  ; line 1984
11992 LOAD_CONST           R23 constant[2438]  ; line 1985
11993 MOVE                 R24 <- R0  ; line 1985
11994 MOVE                 R25 <- R23  ; line 1985
11995 HOST_CALL            a=26 b=11 c=24 imm=2  ; line 1985
11996 MOVE                 R27 <- R26  ; line 1985
11997 CALL                 a=28 b=95 c=27 imm=1  ; line 1985
11998 MOVE                 R29 <- R28  ; line 1985
11999 LOAD_CONST           R30 constant[2439]  ; line 1986
12000 MOVE                 R31 <- R0  ; line 1986
12001 MOVE                 R32 <- R30  ; line 1986
12002 HOST_CALL            a=33 b=11 c=31 imm=2  ; line 1986
12003 MOVE                 R34 <- R33  ; line 1986
12004 CALL                 a=35 b=95 c=34 imm=1  ; line 1986
12005 COMPARE              a=29 b=35 c=36 imm=1  ; line 1986
12006 JUMP_IF_FALSE        R36 -> 12016  ; line 1986
12007 LOAD_CONST           R30 constant[2440]  ; line 1986
12008 LOAD_CONST           R31 constant[2441]  ; line 1986
12009 LOAD_CONST           R32 constant[2442]  ; line 1986
12010 MOVE                 R33 <- R30  ; line 1986
12011 MOVE                 R34 <- R31  ; line 1986
12012 MOVE                 R35 <- R32  ; line 1986
12013 CALL                 a=36 b=86 c=33 imm=3  ; line 1986
12014 RETURN               R36  ; line 1986
12015 JUMP                 -> 12016  ; line 1986
12016 LOAD_CONST           R30 constant[2443]  ; line 1987
12017 MOVE                 R31 <- R30  ; line 1987
12018 COMPARE              a=31 b=29 c=32 imm=2  ; line 1988
12019 JUMP_IF_FALSE        R32 -> 12044  ; line 1988
12020 LOAD_CONST           R32 constant[2444]  ; line 1989
12021 MOVE                 R33 <- R0  ; line 1989
12022 MOVE                 R34 <- R32  ; line 1989
12023 HOST_CALL            a=35 b=11 c=33 imm=2  ; line 1989
12024 MOVE                 R36 <- R35  ; line 1989
12025 MOVE                 R37 <- R31  ; line 1989
12026 HOST_CALL            a=38 b=11 c=36 imm=2  ; line 1989
12027 MOVE                 R39 <- R16  ; line 1989
12028 MOVE                 R40 <- R38  ; line 1989
12029 HOST_CALL            a=41 b=23 c=39 imm=2  ; line 1989
12030 LOAD_CONST           R32 constant[2445]  ; line 1990
12031 MOVE                 R33 <- R0  ; line 1990
12032 MOVE                 R34 <- R32  ; line 1990
12033 HOST_CALL            a=35 b=11 c=33 imm=2  ; line 1990
12034 MOVE                 R36 <- R35  ; line 1990
12035 MOVE                 R37 <- R31  ; line 1990
12036 HOST_CALL            a=38 b=11 c=36 imm=2  ; line 1990
12037 MOVE                 R39 <- R12  ; line 1990
12038 MOVE                 R40 <- R38  ; line 1990
12039 HOST_CALL            a=41 b=23 c=39 imm=2  ; line 1990
12040 LOAD_CONST           R32 constant[2446]  ; line 1991
12041 BINARY               a=31 b=32 c=33 imm=0  ; line 1991
12042 MOVE                 R31 <- R33  ; line 1991
12043 JUMP                 -> 12018  ; line 1991
12044 LOAD_CONST           R32 constant[2447]  ; line 1993
12045 MOVE                 R33 <- R1  ; line 1993
12046 MOVE                 R34 <- R32  ; line 1993
12047 MOVE                 R35 <- R29  ; line 1993
12048 CALL                 a=36 b=87 c=33 imm=3  ; line 1993
12049 MOVE                 R18 <- R36  ; line 1993
12050 LOAD_CONST           R32 constant[2448]  ; line 1995
12051 COMPARE              a=18 b=32 c=33 imm=2  ; line 1995
12052 JUMP_IF_FALSE        R33 -> 12062  ; line 1995
12053 LOAD_CONST           R32 constant[2449]  ; line 1995
12054 LOAD_CONST           R33 constant[2450]  ; line 1995
12055 LOAD_CONST           R34 constant[2451]  ; line 1995
12056 MOVE                 R35 <- R32  ; line 1995
12057 MOVE                 R36 <- R33  ; line 1995
12058 MOVE                 R37 <- R34  ; line 1995
12059 CALL                 a=38 b=86 c=35 imm=3  ; line 1995
12060 RETURN               R38  ; line 1995
12061 JUMP                 -> 12062  ; line 1995
12062 MOVE                 R32 <- R12  ; line 1996
12063 HOST_CALL            a=33 b=26 c=32 imm=1  ; line 1996
12064 MOVE                 R34 <- R33  ; line 1996
12065 LOAD_CONST           R35 constant[2452]  ; line 1997
12066 COMPARE              a=34 b=35 c=36 imm=0  ; line 1997
12067 JUMP_IF_FALSE        R36 -> 12077  ; line 1997
12068 LOAD_CONST           R35 constant[2453]  ; line 1997
12069 LOAD_CONST           R36 constant[2454]  ; line 1997
12070 LOAD_CONST           R37 constant[2455]  ; line 1997
12071 MOVE                 R38 <- R35  ; line 1997
12072 MOVE                 R39 <- R36  ; line 1997
12073 MOVE                 R40 <- R37  ; line 1997
12074 CALL                 a=41 b=86 c=38 imm=3  ; line 1997
12075 RETURN               R41  ; line 1997
12076 JUMP                 -> 12077  ; line 1997
12077 LOAD_CONST           R35 constant[2456]  ; line 1998
12078 MOVE                 R36 <- R35  ; line 1998
12079 LOAD_CONST           R37 constant[2457]  ; line 1999
12080 MOVE                 R38 <- R37  ; line 1999
12081 LOAD_CONST           R39 constant[2458]  ; line 2000
12082 MOVE                 R40 <- R39  ; line 2000
12083 LOAD_CONST           R41 constant[2459]  ; line 2001
12084 MOVE                 R42 <- R41  ; line 2001
12085 LOAD_CONST           R43 constant[2460]  ; line 2002
12086 MOVE                 R44 <- R43  ; line 2002
12087 LOAD_CONST           R45 constant[2461]  ; line 2003
12088 MOVE                 R46 <- R45  ; line 2003
12089 COMPARE              a=46 b=34 c=47 imm=2  ; line 2004
12090 JUMP_IF_FALSE        R47 -> 12143  ; line 2004
12091 MOVE                 R47 <- R12  ; line 2005
12092 MOVE                 R48 <- R46  ; line 2005
12093 HOST_CALL            a=49 b=11 c=47 imm=2  ; line 2005
12094 LOAD_CONST           R50 constant[2462]  ; line 2005
12095 COMPARE              a=49 b=50 c=51 imm=5  ; line 2005
12096 JUMP_IF_FALSE        R51 -> 12106  ; line 2005
12097 MOVE                 R47 <- R12  ; line 2006
12098 MOVE                 R48 <- R46  ; line 2006
12099 HOST_CALL            a=49 b=11 c=47 imm=2  ; line 2006
12100 BINARY               a=36 b=49 c=50 imm=0  ; line 2006
12101 MOVE                 R36 <- R50  ; line 2006
12102 LOAD_CONST           R47 constant[2463]  ; line 2007
12103 BINARY               a=40 b=47 c=48 imm=0  ; line 2007
12104 MOVE                 R40 <- R48  ; line 2007
12105 JUMP                 -> 12114  ; line 2007
12106 MOVE                 R47 <- R12  ; line 2009
12107 MOVE                 R48 <- R46  ; line 2009
12108 HOST_CALL            a=49 b=11 c=47 imm=2  ; line 2009
12109 BINARY               a=38 b=49 c=50 imm=1  ; line 2009
12110 MOVE                 R38 <- R50  ; line 2009
12111 LOAD_CONST           R47 constant[2464]  ; line 2010
12112 BINARY               a=42 b=47 c=48 imm=0  ; line 2010
12113 MOVE                 R42 <- R48  ; line 2010
12114 LOAD_CONST           R47 constant[2465]  ; line 2012
12115 COMPARE              a=46 b=47 c=48 imm=4  ; line 2012
12116 JUMP_IF_FALSE        R48 -> 12139  ; line 2012
12117 MOVE                 R47 <- R16  ; line 2013
12118 MOVE                 R48 <- R46  ; line 2013
12119 HOST_CALL            a=49 b=11 c=47 imm=2  ; line 2013
12120 LOAD_CONST           R50 constant[2466]  ; line 2013
12121 BINARY               a=46 b=50 c=51 imm=1  ; line 2013
12122 MOVE                 R52 <- R16  ; line 2013
12123 MOVE                 R53 <- R51  ; line 2013
12124 HOST_CALL            a=54 b=11 c=52 imm=2  ; line 2013
12125 BINARY               a=49 b=54 c=55 imm=1  ; line 2013
12126 LOAD_CONST           R56 constant[2467]  ; line 2013
12127 LOAD_CONST           R57 constant[2468]  ; line 2013
12128 MOVE                 R58 <- R1  ; line 2013
12129 MOVE                 R59 <- R56  ; line 2013
12130 MOVE                 R60 <- R57  ; line 2013
12131 CALL                 a=61 b=87 c=58 imm=3  ; line 2013
12132 COMPARE              a=55 b=61 c=62 imm=3  ; line 2013
12133 JUMP_IF_FALSE        R62 -> 12138  ; line 2013
12134 LOAD_CONST           R47 constant[2469]  ; line 2014
12135 BINARY               a=44 b=47 c=48 imm=0  ; line 2014
12136 MOVE                 R44 <- R48  ; line 2014
12137 JUMP                 -> 12138  ; line 2014
12138 JUMP                 -> 12139  ; line 2014
12139 LOAD_CONST           R47 constant[2470]  ; line 2017
12140 BINARY               a=46 b=47 c=48 imm=0  ; line 2017
12141 MOVE                 R46 <- R48  ; line 2017
12142 JUMP                 -> 12089  ; line 2017
12143 BINARY               a=40 b=34 c=47 imm=3  ; line 2019
12144 MOVE                 R48 <- R47  ; line 2019
12145 LOAD_CONST           R49 constant[2471]  ; line 2020
12146 MOVE                 R50 <- R49  ; line 2020
12147 LOAD_CONST           R51 constant[2472]  ; line 2021
12148 MOVE                 R52 <- R51  ; line 2021
12149 LOAD_CONST           R53 constant[2473]  ; line 2022
12150 COMPARE              a=40 b=53 c=54 imm=4  ; line 2022
12151 JUMP_IF_FALSE        R54 -> 12155  ; line 2022
12152 BINARY               a=36 b=40 c=53 imm=3  ; line 2022
12153 MOVE                 R50 <- R53  ; line 2022
12154 JUMP                 -> 12155  ; line 2022
12155 LOAD_CONST           R53 constant[2474]  ; line 2023
12156 COMPARE              a=42 b=53 c=54 imm=4  ; line 2023
12157 JUMP_IF_FALSE        R54 -> 12161  ; line 2023
12158 BINARY               a=38 b=42 c=53 imm=3  ; line 2023
12159 MOVE                 R52 <- R53  ; line 2023
12160 JUMP                 -> 12161  ; line 2023
12161 BINARY               a=34 b=18 c=53 imm=3  ; line 2024
12162 MOVE                 R54 <- R53  ; line 2024
12163 LOAD_CONST           R55 constant[2475]  ; line 2025
12164 MOVE                 R56 <- R55  ; line 2025
12165 LOAD_CONST           R57 constant[2476]  ; line 2026
12166 COMPARE              a=34 b=57 c=58 imm=4  ; line 2026
12167 JUMP_IF_FALSE        R58 -> 12173  ; line 2026
12168 LOAD_CONST           R57 constant[2477]  ; line 2026
12169 BINARY               a=34 b=57 c=58 imm=1  ; line 2026
12170 BINARY               a=44 b=58 c=59 imm=3  ; line 2026
12171 MOVE                 R56 <- R59  ; line 2026
12172 JUMP                 -> 12173  ; line 2026
12173 LOAD_CONST           R57 constant[2478]  ; line 2027
12174 COMPARE              a=8 b=57 c=58 imm=0  ; line 2027
12175 JUMP_IF_FALSE        R58 -> 12179  ; line 2027
12176 LOAD_CONST           R57 constant[2479]  ; line 2027
12177 MOVE                 R56 <- R57  ; line 2027
12178 JUMP                 -> 12179  ; line 2027
12179 LOAD_CONST           R57 constant[2480]  ; line 2028
12180 MOVE                 R58 <- R57  ; line 2028
12181 HOST_CALL            a=59 b=22 c=58 imm=1  ; line 2028
12182 MOVE                 R60 <- R59  ; line 2028
12183 LOAD_CONST           R61 constant[2481]  ; line 2029
12184 MOVE                 R62 <- R61  ; line 2029
12185 HOST_CALL            a=63 b=22 c=62 imm=1  ; line 2029
12186 MOVE                 R64 <- R63  ; line 2029
12187 LOAD_CONST           R65 constant[2482]  ; line 2030
12188 MOVE                 R46 <- R65  ; line 2030
12189 COMPARE              a=46 b=18 c=65 imm=2  ; line 2031
12190 JUMP_IF_FALSE        R65 -> 12238  ; line 2031
12191 MOVE                 R65 <- R54  ; line 2032
12192 LOAD_CONST           R66 constant[2483]  ; line 2033
12193 COMPARE              a=8 b=66 c=67 imm=1  ; line 2033
12194 JUMP_IF_FALSE        R67 -> 12220  ; line 2033
12195 LOAD_CONST           R66 constant[2484]  ; line 2034
12196 MOVE                 R67 <- R66  ; line 2034
12197 COMPARE              a=67 b=34 c=68 imm=2  ; line 2035
12198 JUMP_IF_FALSE        R68 -> 12219  ; line 2035
12199 MOVE                 R68 <- R16  ; line 2036
12200 MOVE                 R69 <- R67  ; line 2036
12201 HOST_CALL            a=70 b=11 c=68 imm=2  ; line 2036
12202 COMPARE              a=70 b=46 c=71 imm=2  ; line 2036
12203 JUMP_IF_FALSE        R71 -> 12215  ; line 2036
12204 MOVE                 R68 <- R16  ; line 2037
12205 MOVE                 R69 <- R67  ; line 2037
12206 HOST_CALL            a=70 b=11 c=68 imm=2  ; line 2037
12207 BINARY               a=46 b=70 c=71 imm=1  ; line 2037
12208 UNARY                a=71 b=72 c=4294967295 imm=0  ; line 2037
12209 MOVE                 R73 <- R72  ; line 2037
12210 CALL                 a=74 b=91 c=73 imm=1  ; line 2037
12211 BINARY               a=56 b=74 c=75 imm=2  ; line 2037
12212 BINARY               a=65 b=75 c=76 imm=0  ; line 2037
12213 MOVE                 R65 <- R76  ; line 2037
12214 JUMP                 -> 12215  ; line 2037
12215 LOAD_CONST           R68 constant[2485]  ; line 2039
12216 BINARY               a=67 b=68 c=69 imm=0  ; line 2039
12217 MOVE                 R67 <- R69  ; line 2039
12218 JUMP                 -> 12197  ; line 2039
12219 JUMP                 -> 12220  ; line 2039
12220 MOVE                 R68 <- R60  ; line 2042
12221 MOVE                 R69 <- R65  ; line 2042
12222 HOST_CALL            a=70 b=23 c=68 imm=2  ; line 2042
12223 BINARY               a=48 b=50 c=68 imm=2  ; line 2043
12224 BINARY               a=68 b=50 c=69 imm=2  ; line 2043
12225 BINARY               a=65 b=69 c=70 imm=0  ; line 2043
12226 LOAD_CONST           R71 constant[2486]  ; line 2043
12227 BINARY               a=71 b=48 c=72 imm=1  ; line 2043
12228 BINARY               a=72 b=52 c=73 imm=2  ; line 2043
12229 BINARY               a=73 b=52 c=74 imm=2  ; line 2043
12230 BINARY               a=70 b=74 c=75 imm=0  ; line 2043
12231 MOVE                 R76 <- R64  ; line 2043
12232 MOVE                 R77 <- R75  ; line 2043
12233 HOST_CALL            a=78 b=23 c=76 imm=2  ; line 2043
12234 LOAD_CONST           R68 constant[2487]  ; line 2044
12235 BINARY               a=46 b=68 c=69 imm=0  ; line 2044
12236 MOVE                 R46 <- R69  ; line 2044
12237 JUMP                 -> 12189  ; line 2044
12238 LOAD_CONST           R68 constant[2488]  ; line 2046
12239 LOAD_CONST           R69 constant[2489]  ; line 2046
12240 LOAD_CONST           R70 constant[2490]  ; line 2046
12241 LOAD_CONST           R71 constant[2491]  ; line 2046
12242 LOAD_CONST           R72 constant[2492]  ; line 2046
12243 LOAD_CONST           R73 constant[2493]  ; line 2046
12244 LOAD_CONST           R74 constant[2494]  ; line 2046
12245 LOAD_CONST           R75 constant[2495]  ; line 2046
12246 LOAD_CONST           R76 constant[2496]  ; line 2046
12247 LOAD_CONST           R77 constant[2497]  ; line 2046
12248 LOAD_CONST           R78 constant[2498]  ; line 2046
12249 LOAD_CONST           R79 constant[2499]  ; line 2046
12250 LOAD_CONST           R80 constant[2500]  ; line 2046
12251 LOAD_CONST           R81 constant[2501]  ; line 2046
12252 MOVE                 R82 <- R75  ; line 2046
12253 MOVE                 R83 <- R8  ; line 2046
12254 MOVE                 R84 <- R76  ; line 2046
12255 MOVE                 R85 <- R54  ; line 2046
12256 MOVE                 R86 <- R77  ; line 2046
12257 MOVE                 R87 <- R56  ; line 2046
12258 MOVE                 R88 <- R78  ; line 2046
12259 MOVE                 R89 <- R48  ; line 2046
12260 MOVE                 R90 <- R79  ; line 2046
12261 MOVE                 R91 <- R50  ; line 2046
12262 MOVE                 R92 <- R80  ; line 2046
12263 MOVE                 R93 <- R52  ; line 2046
12264 MOVE                 R94 <- R81  ; line 2046
12265 MOVE                 R95 <- R20  ; line 2046
12266 HOST_CALL            a=96 b=6 c=82 imm=14  ; line 2046
12267 LOAD_CONST           R97 constant[2502]  ; line 2046
12268 LOAD_CONST           R98 constant[2503]  ; line 2046
12269 LOAD_CONST           R99 constant[2504]  ; line 2046
12270 MOVE                 R100 <- R98  ; line 2046
12271 MOVE                 R101 <- R99  ; line 2046
12272 HOST_CALL            a=102 b=6 c=100 imm=2  ; line 2046
12273 LOAD_CONST           R103 constant[2505]  ; line 2046
12274 ARRAY_NEW            a=104 b=104 c=0 imm=4294967295  ; line 2046
12275 LOAD_CONST           R105 constant[2506]  ; line 2046
12276 LOAD_CONST           R106 constant[2507]  ; line 2046
12277 LOAD_CONST           R107 constant[2508]  ; line 2046
12278 MOVE                 R108 <- R106  ; line 2046
12279 MOVE                 R109 <- R34  ; line 2046
12280 MOVE                 R110 <- R107  ; line 2046
12281 MOVE                 R111 <- R18  ; line 2046
12282 HOST_CALL            a=112 b=6 c=108 imm=4  ; line 2046
12283 LOAD_CONST           R113 constant[2509]  ; line 2046
12284 LOAD_CONST           R114 constant[2510]  ; line 2046
12285 LOAD_CONST           R115 constant[2511]  ; line 2046
12286 LOAD_CONST           R116 constant[2512]  ; line 2046
12287 LOAD_CONST           R117 constant[2513]  ; line 2046
12288 LOAD_CONST           R118 constant[2514]  ; line 2046
12289 MOVE                 R119 <- R68  ; line 2046
12290 MOVE                 R120 <- R69  ; line 2046
12291 MOVE                 R121 <- R70  ; line 2046
12292 MOVE                 R122 <- R71  ; line 2046
12293 MOVE                 R123 <- R72  ; line 2046
12294 MOVE                 R124 <- R73  ; line 2046
12295 MOVE                 R125 <- R74  ; line 2046
12296 MOVE                 R126 <- R96  ; line 2046
12297 MOVE                 R127 <- R97  ; line 2046
12298 MOVE                 R128 <- R102  ; line 2046
12299 MOVE                 R129 <- R103  ; line 2046
12300 MOVE                 R130 <- R104  ; line 2046
12301 MOVE                 R131 <- R105  ; line 2046
12302 MOVE                 R132 <- R112  ; line 2046
12303 MOVE                 R133 <- R113  ; line 2046
12304 MOVE                 R134 <- R114  ; line 2046
12305 MOVE                 R135 <- R115  ; line 2046
12306 MOVE                 R136 <- R116  ; line 2046
12307 MOVE                 R137 <- R117  ; line 2046
12308 MOVE                 R138 <- R118  ; line 2046
12309 HOST_CALL            a=139 b=6 c=119 imm=20  ; line 2046
12310 MOVE                 R140 <- R139  ; line 2046
12311 MOVE                 R141 <- R60  ; line 2051
12312 HOST_CALL            a=142 b=72 c=141 imm=1  ; line 2051
12313 MOVE                 R143 <- R64  ; line 2051
12314 HOST_CALL            a=144 b=72 c=143 imm=1  ; line 2051
12315 LOAD_CONST           R145 constant[2515]  ; line 2051
12316 LOAD_CONST           R146 constant[2516]  ; line 2051
12317 MOVE                 R147 <- R145  ; line 2051
12318 MOVE                 R148 <- R34  ; line 2051
12319 MOVE                 R149 <- R146  ; line 2051
12320 MOVE                 R150 <- R44  ; line 2051
12321 HOST_CALL            a=151 b=6 c=147 imm=4  ; line 2051
12322 LOAD_CONST           R152 constant[2517]  ; line 2051
12323 LOAD_CONST           R153 constant[2518]  ; line 2051
12324 LOAD_CONST           R154 constant[2519]  ; line 2051
12325 MOVE                 R155 <- R153  ; line 2051
12326 MOVE                 R156 <- R154  ; line 2051
12327 ARRAY_NEW            a=157 b=155 c=2 imm=4294967295  ; line 2051
12328 MOVE                 R158 <- R140  ; line 2051
12329 MOVE                 R159 <- R142  ; line 2051
12330 MOVE                 R160 <- R144  ; line 2051
12331 MOVE                 R161 <- R151  ; line 2051
12332 MOVE                 R162 <- R152  ; line 2051
12333 MOVE                 R163 <- R157  ; line 2051
12334 CALL                 a=164 b=101 c=158 imm=6  ; line 2051
12335 RETURN               R164  ; line 2051
12336 LOAD_CONST           R165 constant[2520]  ; line 2051
12337 RETURN               R165  ; line 2051
12338 LOAD_CONST           R1 constant[2521]  ; line 2057
12339 COMPARE              a=0 b=1 c=2 imm=0  ; line 2057
12340 JUMP_IF_FALSE        R2 -> 12344  ; line 2057
12341 LOAD_CONST           R1 constant[2522]  ; line 2057
12342 RETURN               R1  ; line 2057
12343 JUMP                 -> 12344  ; line 2057
12344 LOAD_CONST           R1 constant[2523]  ; line 2058
12345 COMPARE              a=0 b=1 c=2 imm=0  ; line 2058
12346 JUMP_IF_FALSE        R2 -> 12350  ; line 2058
12347 LOAD_CONST           R1 constant[2524]  ; line 2058
12348 RETURN               R1  ; line 2058
12349 JUMP                 -> 12350  ; line 2058
12350 LOAD_CONST           R1 constant[2525]  ; line 2059
12351 COMPARE              a=0 b=1 c=2 imm=0  ; line 2059
12352 JUMP_IF_FALSE        R2 -> 12356  ; line 2059
12353 LOAD_CONST           R1 constant[2526]  ; line 2059
12354 RETURN               R1  ; line 2059
12355 JUMP                 -> 12356  ; line 2059
12356 LOAD_CONST           R1 constant[2527]  ; line 2060
12357 COMPARE              a=0 b=1 c=2 imm=0  ; line 2060
12358 JUMP_IF_FALSE        R2 -> 12362  ; line 2060
12359 LOAD_CONST           R1 constant[2528]  ; line 2060
12360 RETURN               R1  ; line 2060
12361 JUMP                 -> 12362  ; line 2060
12362 LOAD_CONST           R1 constant[2529]  ; line 2061
12363 COMPARE              a=0 b=1 c=2 imm=0  ; line 2061
12364 RETURN               R2  ; line 2061
12365 LOAD_CONST           R3 constant[2530]  ; line 2061
12366 RETURN               R3  ; line 2061
12367 LOAD_CONST           R3 constant[2531]  ; line 2065
12368 COMPARE              a=1 b=3 c=4 imm=0  ; line 2065
12369 JUMP_IF_FALSE        R4 -> 12376  ; line 2065
12370 LOAD_CONST           R3 constant[2532]  ; line 2065
12371 MOVE                 R4 <- R0  ; line 2065
12372 MOVE                 R5 <- R3  ; line 2065
12373 HOST_CALL            a=6 b=166 c=4 imm=2  ; line 2065
12374 MOVE                 R0 <- R6  ; line 2065
12375 JUMP                 -> 12376  ; line 2065
12376 LOAD_CONST           R3 constant[2533]  ; line 2066
12377 COMPARE              a=1 b=3 c=4 imm=0  ; line 2066
12378 JUMP_IF_FALSE        R4 -> 12385  ; line 2066
12379 LOAD_CONST           R3 constant[2534]  ; line 2066
12380 MOVE                 R4 <- R0  ; line 2066
12381 MOVE                 R5 <- R3  ; line 2066
12382 HOST_CALL            a=6 b=166 c=4 imm=2  ; line 2066
12383 MOVE                 R0 <- R6  ; line 2066
12384 JUMP                 -> 12385  ; line 2066
12385 LOAD_CONST           R3 constant[2535]  ; line 2067
12386 COMPARE              a=1 b=3 c=4 imm=0  ; line 2067
12387 JUMP_IF_FALSE        R4 -> 12394  ; line 2067
12388 LOAD_CONST           R3 constant[2536]  ; line 2067
12389 MOVE                 R4 <- R0  ; line 2067
12390 MOVE                 R5 <- R3  ; line 2067
12391 HOST_CALL            a=6 b=166 c=4 imm=2  ; line 2067
12392 MOVE                 R0 <- R6  ; line 2067
12393 JUMP                 -> 12394  ; line 2067
12394 LOAD_CONST           R3 constant[2537]  ; line 2068
12395 MOVE                 R4 <- R0  ; line 2068
12396 MOVE                 R5 <- R3  ; line 2068
12397 MOVE                 R6 <- R2  ; line 2068
12398 HOST_CALL            a=7 b=183 c=4 imm=3  ; line 2068
12399 RETURN               R7  ; line 2068
12400 LOAD_CONST           R8 constant[2538]  ; line 2068
12401 RETURN               R8  ; line 2068
12402 MOVE                 R3 <- R2  ; line 2072
12403 HOST_CALL            a=4 b=86 c=3 imm=1  ; line 2072
12404 LOAD_CONST           R5 constant[2539]  ; line 2072
12405 COMPARE              a=4 b=5 c=6 imm=1  ; line 2072
12406 JUMP_IF_FALSE        R6 -> 12416  ; line 2072
12407 LOAD_CONST           R3 constant[2540]  ; line 2072
12408 LOAD_CONST           R4 constant[2541]  ; line 2072
12409 LOAD_CONST           R5 constant[2542]  ; line 2072
12410 MOVE                 R6 <- R3  ; line 2072
12411 MOVE                 R7 <- R4  ; line 2072
12412 MOVE                 R8 <- R5  ; line 2072
12413 CALL                 a=9 b=86 c=6 imm=3  ; line 2072
12414 RETURN               R9  ; line 2072
12415 JUMP                 -> 12416  ; line 2072
12416 LOAD_CONST           R3 constant[2543]  ; line 2073
12417 COMPARE              a=0 b=3 c=4 imm=0  ; line 2073
12418 JUMP_IF_FALSE        R4 -> 12425  ; line 2073
12419 MOVE                 R3 <- R0  ; line 2073
12420 MOVE                 R4 <- R1  ; line 2073
12421 MOVE                 R5 <- R2  ; line 2073
12422 CALL                 a=6 b=102 c=3 imm=3  ; line 2073
12423 RETURN               R6  ; line 2073
12424 JUMP                 -> 12425  ; line 2073
12425 LOAD_CONST           R3 constant[2544]  ; line 2074
12426 COMPARE              a=0 b=3 c=4 imm=0  ; line 2074
12427 JUMP_IF_FALSE        R4 -> 12434  ; line 2074
12428 MOVE                 R3 <- R0  ; line 2074
12429 MOVE                 R4 <- R1  ; line 2074
12430 MOVE                 R5 <- R2  ; line 2074
12431 CALL                 a=6 b=102 c=3 imm=3  ; line 2074
12432 RETURN               R6  ; line 2074
12433 JUMP                 -> 12434  ; line 2074
12434 LOAD_CONST           R3 constant[2545]  ; line 2075
12435 COMPARE              a=0 b=3 c=4 imm=0  ; line 2075
12436 JUMP_IF_FALSE        R4 -> 12442  ; line 2075
12437 MOVE                 R3 <- R1  ; line 2075
12438 MOVE                 R4 <- R2  ; line 2075
12439 CALL                 a=5 b=104 c=3 imm=2  ; line 2075
12440 RETURN               R5  ; line 2075
12441 JUMP                 -> 12442  ; line 2075
12442 LOAD_CONST           R3 constant[2546]  ; line 2076
12443 COMPARE              a=0 b=3 c=4 imm=0  ; line 2076
12444 JUMP_IF_FALSE        R4 -> 12450  ; line 2076
12445 MOVE                 R3 <- R1  ; line 2076
12446 MOVE                 R4 <- R2  ; line 2076
12447 CALL                 a=5 b=106 c=3 imm=2  ; line 2076
12448 RETURN               R5  ; line 2076
12449 JUMP                 -> 12450  ; line 2076
12450 LOAD_CONST           R3 constant[2547]  ; line 2077
12451 COMPARE              a=0 b=3 c=4 imm=0  ; line 2077
12452 JUMP_IF_FALSE        R4 -> 12458  ; line 2077
12453 MOVE                 R3 <- R1  ; line 2077
12454 MOVE                 R4 <- R2  ; line 2077
12455 CALL                 a=5 b=108 c=3 imm=2  ; line 2077
12456 RETURN               R5  ; line 2077
12457 JUMP                 -> 12458  ; line 2077
12458 LOAD_CONST           R3 constant[2548]  ; line 2078
12459 COMPARE              a=0 b=3 c=4 imm=0  ; line 2078
12460 JUMP_IF_FALSE        R4 -> 12466  ; line 2078
12461 MOVE                 R3 <- R1  ; line 2078
12462 MOVE                 R4 <- R2  ; line 2078
12463 CALL                 a=5 b=128 c=3 imm=2  ; line 2078
12464 RETURN               R5  ; line 2078
12465 JUMP                 -> 12466  ; line 2078
12466 LOAD_CONST           R3 constant[2549]  ; line 2079
12467 COMPARE              a=0 b=3 c=4 imm=0  ; line 2079
12468 JUMP_IF_FALSE        R4 -> 12474  ; line 2079
12469 MOVE                 R3 <- R1  ; line 2079
12470 MOVE                 R4 <- R2  ; line 2079
12471 CALL                 a=5 b=133 c=3 imm=2  ; line 2079
12472 RETURN               R5  ; line 2079
12473 JUMP                 -> 12474  ; line 2079
12474 LOAD_CONST           R3 constant[2550]  ; line 2080
12475 COMPARE              a=0 b=3 c=4 imm=0  ; line 2080
12476 JUMP_IF_FALSE        R4 -> 12482  ; line 2080
12477 MOVE                 R3 <- R1  ; line 2080
12478 MOVE                 R4 <- R2  ; line 2080
12479 CALL                 a=5 b=135 c=3 imm=2  ; line 2080
12480 RETURN               R5  ; line 2080
12481 JUMP                 -> 12482  ; line 2080
12482 LOAD_CONST           R3 constant[2551]  ; line 2081
12483 COMPARE              a=0 b=3 c=4 imm=0  ; line 2081
12484 JUMP_IF_FALSE        R4 -> 12492  ; line 2081
12485 LOAD_CONST           R3 constant[2552]  ; line 2081
12486 MOVE                 R4 <- R1  ; line 2081
12487 MOVE                 R5 <- R2  ; line 2081
12488 MOVE                 R6 <- R3  ; line 2081
12489 CALL                 a=7 b=149 c=4 imm=3  ; line 2081
12490 RETURN               R7  ; line 2081
12491 JUMP                 -> 12492  ; line 2081
12492 LOAD_CONST           R3 constant[2553]  ; line 2082
12493 COMPARE              a=0 b=3 c=4 imm=0  ; line 2082
12494 JUMP_IF_FALSE        R4 -> 12502  ; line 2082
12495 LOAD_CONST           R3 constant[2554]  ; line 2082
12496 MOVE                 R4 <- R1  ; line 2082
12497 MOVE                 R5 <- R2  ; line 2082
12498 MOVE                 R6 <- R3  ; line 2082
12499 CALL                 a=7 b=149 c=4 imm=3  ; line 2082
12500 RETURN               R7  ; line 2082
12501 JUMP                 -> 12502  ; line 2082
12502 LOAD_CONST           R3 constant[2555]  ; line 2083
12503 COMPARE              a=0 b=3 c=4 imm=0  ; line 2083
12504 JUMP_IF_FALSE        R4 -> 12510  ; line 2083
12505 MOVE                 R3 <- R1  ; line 2083
12506 MOVE                 R4 <- R2  ; line 2083
12507 CALL                 a=5 b=150 c=3 imm=2  ; line 2083
12508 RETURN               R5  ; line 2083
12509 JUMP                 -> 12510  ; line 2083
12510 LOAD_CONST           R3 constant[2556]  ; line 2084
12511 LOAD_CONST           R4 constant[2557]  ; line 2084
12512 LOAD_CONST           R5 constant[2558]  ; line 2084
12513 MOVE                 R6 <- R3  ; line 2084
12514 MOVE                 R7 <- R4  ; line 2084
12515 MOVE                 R8 <- R5  ; line 2084
12516 CALL                 a=9 b=86 c=6 imm=3  ; line 2084
12517 RETURN               R9  ; line 2084
12518 LOAD_CONST           R10 constant[2559]  ; line 2084
12519 RETURN               R10  ; line 2084
12520 LOAD_CONST           R2 constant[2560]  ; line 2088
12521 MOVE                 R3 <- R0  ; line 2088
12522 MOVE                 R4 <- R2  ; line 2088
12523 HOST_CALL            a=5 b=11 c=3 imm=2  ; line 2088
12524 LOAD_CONST           R6 constant[2561]  ; line 2088
12525 MOVE                 R7 <- R5  ; line 2088
12526 MOVE                 R8 <- R6  ; line 2088
12527 HOST_CALL            a=9 b=11 c=7 imm=2  ; line 2088
12528 MOVE                 R10 <- R9  ; line 2088
12529 LOAD_CONST           R11 constant[2562]  ; line 2089
12530 MOVE                 R12 <- R10  ; line 2089
12531 MOVE                 R13 <- R11  ; line 2089
12532 HOST_CALL            a=14 b=11 c=12 imm=2  ; line 2089
12533 LOAD_CONST           R15 constant[2563]  ; line 2089
12534 COMPARE              a=14 b=15 c=16 imm=0  ; line 2089
12535 MOVE                 R17 <- R16  ; line 2089
12536 LOAD_CONST           R18 constant[2564]  ; line 2090
12537 MOVE                 R19 <- R10  ; line 2090
12538 MOVE                 R20 <- R18  ; line 2090
12539 HOST_CALL            a=21 b=11 c=19 imm=2  ; line 2090
12540 LOAD_CONST           R22 constant[2565]  ; line 2090
12541 COMPARE              a=21 b=22 c=23 imm=0  ; line 2090
12542 JUMP_IF_FALSE        R23 -> 12546  ; line 2090
12543 LOAD_CONST           R18 constant[2566]  ; line 2090
12544 MOVE                 R17 <- R18  ; line 2090
12545 JUMP                 -> 12546  ; line 2090
12546 LOAD_CONST           R18 constant[2567]  ; line 2091
12547 MOVE                 R19 <- R10  ; line 2091
12548 MOVE                 R20 <- R18  ; line 2091
12549 HOST_CALL            a=21 b=11 c=19 imm=2  ; line 2091
12550 LOAD_CONST           R22 constant[2568]  ; line 2091
12551 COMPARE              a=21 b=22 c=23 imm=0  ; line 2091
12552 JUMP_IF_FALSE        R23 -> 12556  ; line 2091
12553 LOAD_CONST           R18 constant[2569]  ; line 2091
12554 MOVE                 R17 <- R18  ; line 2091
12555 JUMP                 -> 12556  ; line 2091
12556 LOAD_CONST           R18 constant[2570]  ; line 2092
12557 MOVE                 R19 <- R10  ; line 2092
12558 MOVE                 R20 <- R18  ; line 2092
12559 HOST_CALL            a=21 b=11 c=19 imm=2  ; line 2092
12560 MOVE                 R22 <- R21  ; line 2092
12561 JUMP_IF_FALSE        R17 -> 12580  ; line 2093
12562 LOAD_CONST           R23 constant[2571]  ; line 2094
12563 LOAD_CONST           R24 constant[2572]  ; line 2094
12564 MOVE                 R25 <- R22  ; line 2094
12565 MOVE                 R26 <- R24  ; line 2094
12566 HOST_CALL            a=27 b=11 c=25 imm=2  ; line 2094
12567 LOAD_CONST           R28 constant[2573]  ; line 2094
12568 MOVE                 R29 <- R10  ; line 2094
12569 MOVE                 R30 <- R28  ; line 2094
12570 HOST_CALL            a=31 b=11 c=29 imm=2  ; line 2094
12571 MOVE                 R32 <- R27  ; line 2094
12572 MOVE                 R33 <- R31  ; line 2094
12573 MOVE                 R34 <- R1  ; line 2094
12574 CALL                 a=35 b=152 c=32 imm=3  ; line 2094
12575 MOVE                 R36 <- R22  ; line 2094
12576 MOVE                 R37 <- R23  ; line 2094
12577 MOVE                 R38 <- R35  ; line 2094
12578 HOST_CALL            a=39 b=12 c=36 imm=3  ; line 2094
12579 JUMP                 -> 12580  ; line 2094
12580 LOAD_CONST           R23 constant[2574]  ; line 2096
12581 MOVE                 R24 <- R10  ; line 2096
12582 MOVE                 R25 <- R23  ; line 2096
12583 HOST_CALL            a=26 b=11 c=24 imm=2  ; line 2096
12584 LOAD_CONST           R27 constant[2575]  ; line 2096
12585 COMPARE              a=26 b=27 c=28 imm=0  ; line 2096
12586 JUMP_IF_FALSE        R28 -> 12622  ; line 2096
12587 LOAD_CONST           R23 constant[2576]  ; line 2097
12588 LOAD_CONST           R24 constant[2577]  ; line 2097
12589 MOVE                 R25 <- R22  ; line 2097
12590 MOVE                 R26 <- R24  ; line 2097
12591 HOST_CALL            a=27 b=11 c=25 imm=2  ; line 2097
12592 LOAD_CONST           R28 constant[2578]  ; line 2097
12593 MOVE                 R29 <- R10  ; line 2097
12594 MOVE                 R30 <- R28  ; line 2097
12595 HOST_CALL            a=31 b=11 c=29 imm=2  ; line 2097
12596 MOVE                 R32 <- R27  ; line 2097
12597 MOVE                 R33 <- R31  ; line 2097
12598 MOVE                 R34 <- R1  ; line 2097
12599 CALL                 a=35 b=152 c=32 imm=3  ; line 2097
12600 MOVE                 R36 <- R22  ; line 2097
12601 MOVE                 R37 <- R23  ; line 2097
12602 MOVE                 R38 <- R35  ; line 2097
12603 HOST_CALL            a=39 b=12 c=36 imm=3  ; line 2097
12604 LOAD_CONST           R23 constant[2579]  ; line 2098
12605 LOAD_CONST           R24 constant[2580]  ; line 2098
12606 MOVE                 R25 <- R22  ; line 2098
12607 MOVE                 R26 <- R24  ; line 2098
12608 HOST_CALL            a=27 b=11 c=25 imm=2  ; line 2098
12609 LOAD_CONST           R28 constant[2581]  ; line 2098
12610 MOVE                 R29 <- R10  ; line 2098
12611 MOVE                 R30 <- R28  ; line 2098
12612 HOST_CALL            a=31 b=11 c=29 imm=2  ; line 2098
12613 MOVE                 R32 <- R27  ; line 2098
12614 MOVE                 R33 <- R31  ; line 2098
12615 MOVE                 R34 <- R1  ; line 2098
12616 CALL                 a=35 b=152 c=32 imm=3  ; line 2098
12617 MOVE                 R36 <- R22  ; line 2098
12618 MOVE                 R37 <- R23  ; line 2098
12619 MOVE                 R38 <- R35  ; line 2098
12620 HOST_CALL            a=39 b=12 c=36 imm=3  ; line 2098
12621 JUMP                 -> 12622  ; line 2098
12622 LOAD_CONST           R23 constant[2582]  ; line 2100
12623 MOVE                 R24 <- R10  ; line 2100
12624 MOVE                 R25 <- R23  ; line 2100
12625 HOST_CALL            a=26 b=11 c=24 imm=2  ; line 2100
12626 LOAD_CONST           R27 constant[2583]  ; line 2100
12627 COMPARE              a=26 b=27 c=28 imm=0  ; line 2100
12628 JUMP_IF_FALSE        R28 -> 12681  ; line 2100
12629 LOAD_CONST           R23 constant[2584]  ; line 2101
12630 LOAD_CONST           R24 constant[2585]  ; line 2101
12631 MOVE                 R25 <- R22  ; line 2101
12632 MOVE                 R26 <- R24  ; line 2101
12633 HOST_CALL            a=27 b=11 c=25 imm=2  ; line 2101
12634 LOAD_CONST           R28 constant[2586]  ; line 2101
12635 MOVE                 R29 <- R10  ; line 2101
12636 MOVE                 R30 <- R28  ; line 2101
12637 HOST_CALL            a=31 b=11 c=29 imm=2  ; line 2101
12638 MOVE                 R32 <- R27  ; line 2101
12639 MOVE                 R33 <- R31  ; line 2101
12640 MOVE                 R34 <- R1  ; line 2101
12641 CALL                 a=35 b=152 c=32 imm=3  ; line 2101
12642 MOVE                 R36 <- R22  ; line 2101
12643 MOVE                 R37 <- R23  ; line 2101
12644 MOVE                 R38 <- R35  ; line 2101
12645 HOST_CALL            a=39 b=12 c=36 imm=3  ; line 2101
12646 LOAD_CONST           R23 constant[2587]  ; line 2102
12647 LOAD_CONST           R24 constant[2588]  ; line 2102
12648 MOVE                 R25 <- R22  ; line 2102
12649 MOVE                 R26 <- R24  ; line 2102
12650 HOST_CALL            a=27 b=11 c=25 imm=2  ; line 2102
12651 LOAD_CONST           R28 constant[2589]  ; line 2102
12652 MOVE                 R29 <- R10  ; line 2102
12653 MOVE                 R30 <- R28  ; line 2102
12654 HOST_CALL            a=31 b=11 c=29 imm=2  ; line 2102
12655 MOVE                 R32 <- R27  ; line 2102
12656 MOVE                 R33 <- R31  ; line 2102
12657 MOVE                 R34 <- R1  ; line 2102
12658 CALL                 a=35 b=152 c=32 imm=3  ; line 2102
12659 MOVE                 R36 <- R22  ; line 2102
12660 MOVE                 R37 <- R23  ; line 2102
12661 MOVE                 R38 <- R35  ; line 2102
12662 HOST_CALL            a=39 b=12 c=36 imm=3  ; line 2102
12663 LOAD_CONST           R23 constant[2590]  ; line 2103
12664 LOAD_CONST           R24 constant[2591]  ; line 2103
12665 MOVE                 R25 <- R22  ; line 2103
12666 MOVE                 R26 <- R24  ; line 2103
12667 HOST_CALL            a=27 b=11 c=25 imm=2  ; line 2103
12668 LOAD_CONST           R28 constant[2592]  ; line 2103
12669 MOVE                 R29 <- R10  ; line 2103
12670 MOVE                 R30 <- R28  ; line 2103
12671 HOST_CALL            a=31 b=11 c=29 imm=2  ; line 2103
12672 MOVE                 R32 <- R27  ; line 2103
12673 MOVE                 R33 <- R31  ; line 2103
12674 MOVE                 R34 <- R1  ; line 2103
12675 CALL                 a=35 b=152 c=32 imm=3  ; line 2103
12676 MOVE                 R36 <- R22  ; line 2103
12677 MOVE                 R37 <- R23  ; line 2103
12678 MOVE                 R38 <- R35  ; line 2103
12679 HOST_CALL            a=39 b=12 c=36 imm=3  ; line 2103
12680 JUMP                 -> 12681  ; line 2103
12681 LOAD_CONST           R23 constant[2593]  ; line 2105
12682 MOVE                 R24 <- R10  ; line 2105
12683 MOVE                 R25 <- R23  ; line 2105
12684 MOVE                 R26 <- R22  ; line 2105
12685 HOST_CALL            a=27 b=12 c=24 imm=3  ; line 2105
12686 LOAD_CONST           R23 constant[2594]  ; line 2106
12687 LOAD_CONST           R24 constant[2595]  ; line 2106
12688 MOVE                 R25 <- R10  ; line 2106
12689 MOVE                 R26 <- R23  ; line 2106
12690 MOVE                 R27 <- R24  ; line 2106
12691 HOST_CALL            a=28 b=12 c=25 imm=3  ; line 2106
12692 RETURN               R0  ; line 2107
12693 LOAD_CONST           R23 constant[2596]  ; line 2107
12694 RETURN               R23  ; line 2107
12695 MOVE                 R3 <- R2  ; line 2111
12696 HOST_CALL            a=4 b=86 c=3 imm=1  ; line 2111
12697 LOAD_CONST           R5 constant[2597]  ; line 2111
12698 COMPARE              a=4 b=5 c=6 imm=1  ; line 2111
12699 JUMP_IF_FALSE        R6 -> 12709  ; line 2111
12700 LOAD_CONST           R3 constant[2598]  ; line 2111
12701 LOAD_CONST           R4 constant[2599]  ; line 2111
12702 LOAD_CONST           R5 constant[2600]  ; line 2111
12703 MOVE                 R6 <- R3  ; line 2111
12704 MOVE                 R7 <- R4  ; line 2111
12705 MOVE                 R8 <- R5  ; line 2111
12706 CALL                 a=9 b=86 c=6 imm=3  ; line 2111
12707 RETURN               R9  ; line 2111
12708 JUMP                 -> 12709  ; line 2111
12709 LOAD_CONST           R3 constant[2601]  ; line 2112
12710 LOAD_CONST           R4 constant[2602]  ; line 2112
12711 MOVE                 R5 <- R2  ; line 2112
12712 MOVE                 R6 <- R3  ; line 2112
12713 MOVE                 R7 <- R4  ; line 2112
12714 CALL                 a=8 b=87 c=5 imm=3  ; line 2112
12715 MOVE                 R9 <- R8  ; line 2112
12716 LOAD_CONST           R10 constant[2603]  ; line 2113
12717 COMPARE              a=9 b=10 c=11 imm=1  ; line 2113
12718 JUMP_IF_FALSE        R11 -> 12736  ; line 2113
12719 LOAD_CONST           R10 constant[2604]  ; line 2114
12720 COMPARE              a=9 b=10 c=11 imm=1  ; line 2114
12721 JUMP_IF_FALSE        R11 -> 12735  ; line 2114
12722 LOAD_CONST           R10 constant[2605]  ; line 2115
12723 COMPARE              a=9 b=10 c=11 imm=1  ; line 2115
12724 JUMP_IF_FALSE        R11 -> 12734  ; line 2115
12725 LOAD_CONST           R10 constant[2606]  ; line 2116
12726 LOAD_CONST           R11 constant[2607]  ; line 2116
12727 LOAD_CONST           R12 constant[2608]  ; line 2116
12728 MOVE                 R13 <- R10  ; line 2116
12729 MOVE                 R14 <- R11  ; line 2116
12730 MOVE                 R15 <- R12  ; line 2116
12731 CALL                 a=16 b=86 c=13 imm=3  ; line 2116
12732 RETURN               R16  ; line 2116
12733 JUMP                 -> 12734  ; line 2116
12734 JUMP                 -> 12735  ; line 2116
12735 JUMP                 -> 12736  ; line 2116
12736 LOAD_CONST           R10 constant[2609]  ; line 2120
12737 COMPARE              a=9 b=10 c=11 imm=0  ; line 2120
12738 JUMP_IF_FALSE        R11 -> 12753  ; line 2120
12739 MOVE                 R10 <- R0  ; line 2121
12740 CALL                 a=11 b=151 c=10 imm=1  ; line 2121
12741 UNARY                a=11 b=12 c=4294967295 imm=1  ; line 2121
12742 JUMP_IF_FALSE        R12 -> 12752  ; line 2121
12743 LOAD_CONST           R10 constant[2610]  ; line 2122
12744 LOAD_CONST           R11 constant[2611]  ; line 2122
12745 LOAD_CONST           R12 constant[2612]  ; line 2122
12746 MOVE                 R13 <- R10  ; line 2122
12747 MOVE                 R14 <- R11  ; line 2122
12748 MOVE                 R15 <- R12  ; line 2122
12749 CALL                 a=16 b=86 c=13 imm=3  ; line 2122
12750 RETURN               R16  ; line 2122
12751 JUMP                 -> 12752  ; line 2122
12752 JUMP                 -> 12753  ; line 2122
12753 LOAD_CONST           R10 constant[2613]  ; line 2125
12754 COMPARE              a=9 b=10 c=11 imm=0  ; line 2125
12755 MOVE                 R12 <- R11  ; line 2125
12756 LOAD_CONST           R13 constant[2614]  ; line 2126
12757 COMPARE              a=9 b=13 c=14 imm=0  ; line 2126
12758 JUMP_IF_FALSE        R14 -> 12772  ; line 2126
12759 MOVE                 R13 <- R0  ; line 2127
12760 CALL                 a=14 b=151 c=13 imm=1  ; line 2127
12761 JUMP_IF_FALSE        R14 -> 12771  ; line 2127
12762 LOAD_CONST           R13 constant[2615]  ; line 2128
12763 MOVE                 R14 <- R2  ; line 2128
12764 MOVE                 R15 <- R13  ; line 2128
12765 HOST_CALL            a=16 b=7 c=14 imm=2  ; line 2128
12766 JUMP_IF_FALSE        R16 -> 12770  ; line 2128
12767 LOAD_CONST           R13 constant[2616]  ; line 2128
12768 MOVE                 R12 <- R13  ; line 2128
12769 JUMP                 -> 12770  ; line 2128
12770 JUMP                 -> 12771  ; line 2128
12771 JUMP                 -> 12772  ; line 2128
12772 UNARY                a=12 b=13 c=4294967295 imm=1  ; line 2131
12773 JUMP_IF_FALSE        R13 -> 12780  ; line 2131
12774 MOVE                 R13 <- R0  ; line 2131
12775 MOVE                 R14 <- R1  ; line 2131
12776 MOVE                 R15 <- R2  ; line 2131
12777 CALL                 a=16 b=153 c=13 imm=3  ; line 2131
12778 RETURN               R16  ; line 2131
12779 JUMP                 -> 12780  ; line 2131
12780 LOAD_CONST           R13 constant[2617]  ; line 2132
12781 MOVE                 R14 <- R2  ; line 2132
12782 MOVE                 R15 <- R13  ; line 2132
12783 HOST_CALL            a=16 b=7 c=14 imm=2  ; line 2132
12784 UNARY                a=16 b=17 c=4294967295 imm=1  ; line 2132
12785 JUMP_IF_FALSE        R17 -> 12795  ; line 2132
12786 LOAD_CONST           R13 constant[2618]  ; line 2133
12787 LOAD_CONST           R14 constant[2619]  ; line 2133
12788 LOAD_CONST           R15 constant[2620]  ; line 2133
12789 MOVE                 R16 <- R13  ; line 2133
12790 MOVE                 R17 <- R14  ; line 2133
12791 MOVE                 R18 <- R15  ; line 2133
12792 CALL                 a=19 b=86 c=16 imm=3  ; line 2133
12793 RETURN               R19  ; line 2133
12794 JUMP                 -> 12795  ; line 2133
12795 LOAD_CONST           R13 constant[2621]  ; line 2135
12796 MOVE                 R14 <- R2  ; line 2135
12797 MOVE                 R15 <- R13  ; line 2135
12798 HOST_CALL            a=16 b=11 c=14 imm=2  ; line 2135
12799 MOVE                 R17 <- R16  ; line 2135
12800 HOST_CALL            a=18 b=86 c=17 imm=1  ; line 2135
12801 LOAD_CONST           R19 constant[2622]  ; line 2135
12802 COMPARE              a=18 b=19 c=20 imm=1  ; line 2135
12803 JUMP_IF_FALSE        R20 -> 12813  ; line 2135
12804 LOAD_CONST           R13 constant[2623]  ; line 2136
12805 LOAD_CONST           R14 constant[2624]  ; line 2136
12806 LOAD_CONST           R15 constant[2625]  ; line 2136
12807 MOVE                 R16 <- R13  ; line 2136
12808 MOVE                 R17 <- R14  ; line 2136
12809 MOVE                 R18 <- R15  ; line 2136
12810 CALL                 a=19 b=86 c=16 imm=3  ; line 2136
12811 RETURN               R19  ; line 2136
12812 JUMP                 -> 12813  ; line 2136
12813 MOVE                 R13 <- R1  ; line 2138
12814 HOST_CALL            a=14 b=86 c=13 imm=1  ; line 2138
12815 LOAD_CONST           R15 constant[2626]  ; line 2138
12816 COMPARE              a=14 b=15 c=16 imm=1  ; line 2138
12817 JUMP_IF_FALSE        R16 -> 12827  ; line 2138
12818 LOAD_CONST           R13 constant[2627]  ; line 2139
12819 LOAD_CONST           R14 constant[2628]  ; line 2139
12820 LOAD_CONST           R15 constant[2629]  ; line 2139
12821 MOVE                 R16 <- R13  ; line 2139
12822 MOVE                 R17 <- R14  ; line 2139
12823 MOVE                 R18 <- R15  ; line 2139
12824 CALL                 a=19 b=86 c=16 imm=3  ; line 2139
12825 RETURN               R19  ; line 2139
12826 JUMP                 -> 12827  ; line 2139
12827 LOAD_CONST           R13 constant[2630]  ; line 2141
12828 MOVE                 R14 <- R1  ; line 2141
12829 MOVE                 R15 <- R13  ; line 2141
12830 HOST_CALL            a=16 b=7 c=14 imm=2  ; line 2141
12831 UNARY                a=16 b=17 c=4294967295 imm=1  ; line 2141
12832 JUMP_IF_FALSE        R17 -> 12842  ; line 2141
12833 LOAD_CONST           R13 constant[2631]  ; line 2142
12834 LOAD_CONST           R14 constant[2632]  ; line 2142
12835 LOAD_CONST           R15 constant[2633]  ; line 2142
12836 MOVE                 R16 <- R13  ; line 2142
12837 MOVE                 R17 <- R14  ; line 2142
12838 MOVE                 R18 <- R15  ; line 2142
12839 CALL                 a=19 b=86 c=16 imm=3  ; line 2142
12840 RETURN               R19  ; line 2142
12841 JUMP                 -> 12842  ; line 2142
12842 LOAD_CONST           R13 constant[2634]  ; line 2144
12843 MOVE                 R14 <- R1  ; line 2144
12844 MOVE                 R15 <- R13  ; line 2144
12845 HOST_CALL            a=16 b=7 c=14 imm=2  ; line 2144
12846 UNARY                a=16 b=17 c=4294967295 imm=1  ; line 2144
12847 JUMP_IF_FALSE        R17 -> 12857  ; line 2144
12848 LOAD_CONST           R13 constant[2635]  ; line 2145
12849 LOAD_CONST           R14 constant[2636]  ; line 2145
12850 LOAD_CONST           R15 constant[2637]  ; line 2145
12851 MOVE                 R16 <- R13  ; line 2145
12852 MOVE                 R17 <- R14  ; line 2145
12853 MOVE                 R18 <- R15  ; line 2145
12854 CALL                 a=19 b=86 c=16 imm=3  ; line 2145
12855 RETURN               R19  ; line 2145
12856 JUMP                 -> 12857  ; line 2145
12857 LOAD_CONST           R13 constant[2638]  ; line 2147
12858 MOVE                 R14 <- R1  ; line 2147
12859 MOVE                 R15 <- R13  ; line 2147
12860 HOST_CALL            a=16 b=11 c=14 imm=2  ; line 2147
12861 MOVE                 R17 <- R16  ; line 2147
12862 HOST_CALL            a=18 b=60 c=17 imm=1  ; line 2147
12863 MOVE                 R19 <- R18  ; line 2147
12864 LOAD_CONST           R20 constant[2639]  ; line 2148
12865 COMPARE              a=19 b=20 c=21 imm=0  ; line 2148
12866 JUMP_IF_FALSE        R21 -> 12876  ; line 2148
12867 LOAD_CONST           R20 constant[2640]  ; line 2149
12868 LOAD_CONST           R21 constant[2641]  ; line 2149
12869 LOAD_CONST           R22 constant[2642]  ; line 2149
12870 MOVE                 R23 <- R20  ; line 2149
12871 MOVE                 R24 <- R21  ; line 2149
12872 MOVE                 R25 <- R22  ; line 2149
12873 CALL                 a=26 b=86 c=23 imm=3  ; line 2149
12874 RETURN               R26  ; line 2149
12875 JUMP                 -> 12876  ; line 2149
12876 LOAD_CONST           R20 constant[2643]  ; line 2151
12877 COMPARE              a=19 b=20 c=21 imm=0  ; line 2151
12878 JUMP_IF_FALSE        R21 -> 12888  ; line 2151
12879 LOAD_CONST           R20 constant[2644]  ; line 2152
12880 LOAD_CONST           R21 constant[2645]  ; line 2152
12881 LOAD_CONST           R22 constant[2646]  ; line 2152
12882 MOVE                 R23 <- R20  ; line 2152
12883 MOVE                 R24 <- R21  ; line 2152
12884 MOVE                 R25 <- R22  ; line 2152
12885 CALL                 a=26 b=86 c=23 imm=3  ; line 2152
12886 RETURN               R26  ; line 2152
12887 JUMP                 -> 12888  ; line 2152
12888 LOAD_CONST           R20 constant[2647]  ; line 2154
12889 LOAD_CONST           R21 constant[2648]  ; line 2154
12890 MOVE                 R22 <- R1  ; line 2154
12891 MOVE                 R23 <- R21  ; line 2154
12892 HOST_CALL            a=24 b=11 c=22 imm=2  ; line 2154
12893 LOAD_CONST           R25 constant[2649]  ; line 2154
12894 LOAD_CONST           R26 constant[2650]  ; line 2154
12895 MOVE                 R27 <- R2  ; line 2154
12896 MOVE                 R28 <- R26  ; line 2154
12897 HOST_CALL            a=29 b=11 c=27 imm=2  ; line 2154
12898 MOVE                 R30 <- R24  ; line 2154
12899 MOVE                 R31 <- R25  ; line 2154
12900 MOVE                 R32 <- R29  ; line 2154
12901 HOST_CALL            a=33 b=183 c=30 imm=3  ; line 2154
12902 LOAD_CONST           R34 constant[2651]  ; line 2154
12903 LOAD_CONST           R35 constant[2652]  ; line 2154
12904 MOVE                 R36 <- R1  ; line 2154
12905 MOVE                 R37 <- R35  ; line 2154
12906 HOST_CALL            a=38 b=11 c=36 imm=2  ; line 2154
12907 LOAD_CONST           R39 constant[2653]  ; line 2154
12908 LOAD_CONST           R40 constant[2654]  ; line 2154
12909 MOVE                 R41 <- R2  ; line 2154
12910 MOVE                 R42 <- R40  ; line 2154
12911 HOST_CALL            a=43 b=11 c=41 imm=2  ; line 2154
12912 MOVE                 R44 <- R38  ; line 2154
12913 MOVE                 R45 <- R39  ; line 2154
12914 MOVE                 R46 <- R43  ; line 2154
12915 HOST_CALL            a=47 b=183 c=44 imm=3  ; line 2154
12916 MOVE                 R48 <- R20  ; line 2154
12917 MOVE                 R49 <- R33  ; line 2154
12918 MOVE                 R50 <- R34  ; line 2154
12919 MOVE                 R51 <- R47  ; line 2154
12920 HOST_CALL            a=52 b=6 c=48 imm=4  ; line 2154
12921 MOVE                 R53 <- R52  ; line 2154
12922 LOAD_CONST           R54 constant[2655]  ; line 2156
12923 COMPARE              a=0 b=54 c=55 imm=0  ; line 2156
12924 JUMP_IF_FALSE        R55 -> 12931  ; line 2156
12925 MOVE                 R54 <- R0  ; line 2156
12926 MOVE                 R55 <- R53  ; line 2156
12927 MOVE                 R56 <- R2  ; line 2156
12928 CALL                 a=57 b=103 c=54 imm=3  ; line 2156
12929 RETURN               R57  ; line 2156
12930 JUMP                 -> 12931  ; line 2156
12931 LOAD_CONST           R54 constant[2656]  ; line 2157
12932 COMPARE              a=0 b=54 c=55 imm=0  ; line 2157
12933 JUMP_IF_FALSE        R55 -> 12940  ; line 2157
12934 MOVE                 R54 <- R0  ; line 2157
12935 MOVE                 R55 <- R53  ; line 2157
12936 MOVE                 R56 <- R2  ; line 2157
12937 CALL                 a=57 b=103 c=54 imm=3  ; line 2157
12938 RETURN               R57  ; line 2157
12939 JUMP                 -> 12940  ; line 2157
12940 LOAD_CONST           R54 constant[2657]  ; line 2158
12941 COMPARE              a=0 b=54 c=55 imm=0  ; line 2158
12942 JUMP_IF_FALSE        R55 -> 12948  ; line 2158
12943 MOVE                 R54 <- R53  ; line 2158
12944 MOVE                 R55 <- R2  ; line 2158
12945 CALL                 a=56 b=105 c=54 imm=2  ; line 2158
12946 RETURN               R56  ; line 2158
12947 JUMP                 -> 12948  ; line 2158
12948 LOAD_CONST           R54 constant[2658]  ; line 2159
12949 COMPARE              a=0 b=54 c=55 imm=0  ; line 2159
12950 JUMP_IF_FALSE        R55 -> 12956  ; line 2159
12951 MOVE                 R54 <- R53  ; line 2159
12952 MOVE                 R55 <- R2  ; line 2159
12953 CALL                 a=56 b=111 c=54 imm=2  ; line 2159
12954 RETURN               R56  ; line 2159
12955 JUMP                 -> 12956  ; line 2159
12956 MOVE                 R54 <- R0  ; line 2160
12957 MOVE                 R55 <- R53  ; line 2160
12958 MOVE                 R56 <- R2  ; line 2160
12959 CALL                 a=57 b=153 c=54 imm=3  ; line 2160
12960 MOVE                 R58 <- R57  ; line 2160
12961 LOAD_CONST           R59 constant[2659]  ; line 2161
12962 MOVE                 R60 <- R58  ; line 2161
12963 MOVE                 R61 <- R59  ; line 2161
12964 HOST_CALL            a=62 b=11 c=60 imm=2  ; line 2161
12965 UNARY                a=62 b=63 c=4294967295 imm=1  ; line 2161
12966 JUMP_IF_FALSE        R63 -> 12969  ; line 2161
12967 RETURN               R58  ; line 2161
12968 JUMP                 -> 12969  ; line 2161
12969 LOAD_CONST           R59 constant[2660]  ; line 2162
12970 MOVE                 R60 <- R2  ; line 2162
12971 MOVE                 R61 <- R59  ; line 2162
12972 HOST_CALL            a=62 b=11 c=60 imm=2  ; line 2162
12973 MOVE                 R63 <- R58  ; line 2162
12974 MOVE                 R64 <- R62  ; line 2162
12975 CALL                 a=65 b=154 c=63 imm=2  ; line 2162
12976 RETURN               R65  ; line 2162
12977 LOAD_CONST           R66 constant[2661]  ; line 2162
12978 RETURN               R66  ; line 2162
12979 MOVE                 R3 <- R1  ; line 2168
12980 HOST_CALL            a=4 b=139 c=3 imm=1  ; line 2168
12981 MOVE                 R5 <- R4  ; line 2168
12982 MOVE                 R6 <- R5  ; line 2169
12983 HOST_CALL            a=7 b=26 c=6 imm=1  ; line 2169
12984 LOAD_CONST           R8 constant[2662]  ; line 2169
12985 COMPARE              a=7 b=8 c=9 imm=0  ; line 2169
12986 JUMP_IF_FALSE        R9 -> 12996  ; line 2169
12987 LOAD_CONST           R6 constant[2663]  ; line 2169
12988 LOAD_CONST           R7 constant[2664]  ; line 2169
12989 LOAD_CONST           R8 constant[2665]  ; line 2169
12990 MOVE                 R9 <- R6  ; line 2169
12991 MOVE                 R10 <- R7  ; line 2169
12992 MOVE                 R11 <- R8  ; line 2169
12993 CALL                 a=12 b=86 c=9 imm=3  ; line 2169
12994 RETURN               R12  ; line 2169
12995 JUMP                 -> 12996  ; line 2169
12996 LOAD_CONST           R6 constant[2666]  ; line 2170
12997 MOVE                 R7 <- R5  ; line 2170
12998 MOVE                 R8 <- R6  ; line 2170
12999 HOST_CALL            a=9 b=11 c=7 imm=2  ; line 2170
13000 MOVE                 R10 <- R9  ; line 2170
13001 MOVE                 R11 <- R10  ; line 2171
13002 HOST_CALL            a=12 b=86 c=11 imm=1  ; line 2171
13003 LOAD_CONST           R13 constant[2667]  ; line 2171
13004 COMPARE              a=12 b=13 c=14 imm=1  ; line 2171
13005 JUMP_IF_FALSE        R14 -> 13015  ; line 2171
13006 LOAD_CONST           R11 constant[2668]  ; line 2171
13007 LOAD_CONST           R12 constant[2669]  ; line 2171
13008 LOAD_CONST           R13 constant[2670]  ; line 2171
13009 MOVE                 R14 <- R11  ; line 2171
13010 MOVE                 R15 <- R12  ; line 2171
13011 MOVE                 R16 <- R13  ; line 2171
13012 CALL                 a=17 b=86 c=14 imm=3  ; line 2171
13013 RETURN               R17  ; line 2171
13014 JUMP                 -> 13015  ; line 2171
13015 LOAD_CONST           R11 constant[2671]  ; line 2172
13016 MOVE                 R12 <- R10  ; line 2172
13017 MOVE                 R13 <- R11  ; line 2172
13018 HOST_CALL            a=14 b=7 c=12 imm=2  ; line 2172
13019 UNARY                a=14 b=15 c=4294967295 imm=1  ; line 2172
13020 JUMP_IF_FALSE        R15 -> 13030  ; line 2172
13021 LOAD_CONST           R11 constant[2672]  ; line 2172
13022 LOAD_CONST           R12 constant[2673]  ; line 2172
13023 LOAD_CONST           R13 constant[2674]  ; line 2172
13024 MOVE                 R14 <- R11  ; line 2172
13025 MOVE                 R15 <- R12  ; line 2172
13026 MOVE                 R16 <- R13  ; line 2172
13027 CALL                 a=17 b=86 c=14 imm=3  ; line 2172
13028 RETURN               R17  ; line 2172
13029 JUMP                 -> 13030  ; line 2172
13030 LOAD_CONST           R11 constant[2675]  ; line 2173
13031 MOVE                 R12 <- R10  ; line 2173
13032 MOVE                 R13 <- R11  ; line 2173
13033 HOST_CALL            a=14 b=7 c=12 imm=2  ; line 2173
13034 UNARY                a=14 b=15 c=4294967295 imm=1  ; line 2173
13035 JUMP_IF_FALSE        R15 -> 13045  ; line 2173
13036 LOAD_CONST           R11 constant[2676]  ; line 2173
13037 LOAD_CONST           R12 constant[2677]  ; line 2173
13038 LOAD_CONST           R13 constant[2678]  ; line 2173
13039 MOVE                 R14 <- R11  ; line 2173
13040 MOVE                 R15 <- R12  ; line 2173
13041 MOVE                 R16 <- R13  ; line 2173
13042 CALL                 a=17 b=86 c=14 imm=3  ; line 2173
13043 RETURN               R17  ; line 2173
13044 JUMP                 -> 13045  ; line 2173
13045 LOAD_CONST           R11 constant[2679]  ; line 2174
13046 MOVE                 R12 <- R11  ; line 2174
13047 HOST_CALL            a=13 b=22 c=12 imm=1  ; line 2174
13048 MOVE                 R14 <- R13  ; line 2174
13049 LOAD_CONST           R15 constant[2680]  ; line 2175
13050 MOVE                 R16 <- R15  ; line 2175
13051 HOST_CALL            a=17 b=22 c=16 imm=1  ; line 2175
13052 MOVE                 R18 <- R17  ; line 2175
13053 LOAD_CONST           R19 constant[2681]  ; line 2176
13054 MOVE                 R20 <- R19  ; line 2176
13055 MOVE                 R21 <- R5  ; line 2177
13056 HOST_CALL            a=22 b=26 c=21 imm=1  ; line 2177
13057 COMPARE              a=20 b=22 c=23 imm=2  ; line 2177
13058 JUMP_IF_FALSE        R23 -> 13083  ; line 2177
13059 MOVE                 R21 <- R5  ; line 2178
13060 MOVE                 R22 <- R20  ; line 2178
13061 HOST_CALL            a=23 b=11 c=21 imm=2  ; line 2178
13062 LOAD_CONST           R24 constant[2682]  ; line 2178
13063 MOVE                 R25 <- R23  ; line 2178
13064 MOVE                 R26 <- R24  ; line 2178
13065 HOST_CALL            a=27 b=11 c=25 imm=2  ; line 2178
13066 MOVE                 R28 <- R14  ; line 2178
13067 MOVE                 R29 <- R27  ; line 2178
13068 HOST_CALL            a=30 b=23 c=28 imm=2  ; line 2178
13069 MOVE                 R21 <- R5  ; line 2179
13070 MOVE                 R22 <- R20  ; line 2179
13071 HOST_CALL            a=23 b=11 c=21 imm=2  ; line 2179
13072 LOAD_CONST           R24 constant[2683]  ; line 2179
13073 MOVE                 R25 <- R23  ; line 2179
13074 MOVE                 R26 <- R24  ; line 2179
13075 HOST_CALL            a=27 b=11 c=25 imm=2  ; line 2179
13076 MOVE                 R28 <- R18  ; line 2179
13077 MOVE                 R29 <- R27  ; line 2179
13078 HOST_CALL            a=30 b=23 c=28 imm=2  ; line 2179
13079 LOAD_CONST           R21 constant[2684]  ; line 2180
13080 BINARY               a=20 b=21 c=22 imm=0  ; line 2180
13081 MOVE                 R20 <- R22  ; line 2180
13082 JUMP                 -> 13055  ; line 2180
13083 LOAD_CONST           R21 constant[2685]  ; line 2182
13084 MOVE                 R22 <- R14  ; line 2182
13085 HOST_CALL            a=23 b=72 c=22 imm=1  ; line 2182
13086 LOAD_CONST           R24 constant[2686]  ; line 2182
13087 MOVE                 R25 <- R18  ; line 2182
13088 HOST_CALL            a=26 b=72 c=25 imm=1  ; line 2182
13089 MOVE                 R27 <- R21  ; line 2182
13090 MOVE                 R28 <- R23  ; line 2182
13091 MOVE                 R29 <- R24  ; line 2182
13092 MOVE                 R30 <- R26  ; line 2182
13093 HOST_CALL            a=31 b=6 c=27 imm=4  ; line 2182
13094 MOVE                 R32 <- R0  ; line 2182
13095 MOVE                 R33 <- R31  ; line 2182
13096 MOVE                 R34 <- R2  ; line 2182
13097 CALL                 a=35 b=155 c=32 imm=3  ; line 2182
13098 RETURN               R35  ; line 2182
13099 LOAD_CONST           R36 constant[2687]  ; line 2182
13100 RETURN               R36  ; line 2182
13101 MOVE                 R3 <- R0  ; line 2186
13102 HOST_CALL            a=4 b=86 c=3 imm=1  ; line 2186
13103 LOAD_CONST           R5 constant[2688]  ; line 2186
13104 COMPARE              a=4 b=5 c=6 imm=1  ; line 2186
13105 JUMP_IF_FALSE        R6 -> 13115  ; line 2186
13106 LOAD_CONST           R3 constant[2689]  ; line 2186
13107 LOAD_CONST           R4 constant[2690]  ; line 2186
13108 LOAD_CONST           R5 constant[2691]  ; line 2186
13109 MOVE                 R6 <- R3  ; line 2186
13110 MOVE                 R7 <- R4  ; line 2186
13111 MOVE                 R8 <- R5  ; line 2186
13112 CALL                 a=9 b=86 c=6 imm=3  ; line 2186
13113 RETURN               R9  ; line 2186
13114 JUMP                 -> 13115  ; line 2186
13115 MOVE                 R3 <- R1  ; line 2187
13116 CALL                 a=4 b=94 c=3 imm=1  ; line 2187
13117 MOVE                 R5 <- R4  ; line 2187
13118 LOAD_CONST           R6 constant[2692]  ; line 2188
13119 COMPARE              a=5 b=6 c=7 imm=0  ; line 2188
13120 JUMP_IF_FALSE        R7 -> 13130  ; line 2188
13121 LOAD_CONST           R6 constant[2693]  ; line 2188
13122 LOAD_CONST           R7 constant[2694]  ; line 2188
13123 LOAD_CONST           R8 constant[2695]  ; line 2188
13124 MOVE                 R9 <- R6  ; line 2188
13125 MOVE                 R10 <- R7  ; line 2188
13126 MOVE                 R11 <- R8  ; line 2188
13127 CALL                 a=12 b=86 c=9 imm=3  ; line 2188
13128 RETURN               R12  ; line 2188
13129 JUMP                 -> 13130  ; line 2188
13130 LOAD_CONST           R6 constant[2696]  ; line 2189
13131 MOVE                 R7 <- R0  ; line 2189
13132 MOVE                 R8 <- R6  ; line 2189
13133 HOST_CALL            a=9 b=11 c=7 imm=2  ; line 2189
13134 LOAD_CONST           R10 constant[2697]  ; line 2189
13135 COMPARE              a=9 b=10 c=11 imm=0  ; line 2189
13136 JUMP_IF_FALSE        R11 -> 13192  ; line 2189
13137 LOAD_CONST           R6 constant[2698]  ; line 2190
13138 MOVE                 R7 <- R0  ; line 2190
13139 MOVE                 R8 <- R6  ; line 2190
13140 HOST_CALL            a=9 b=11 c=7 imm=2  ; line 2190
13141 LOAD_CONST           R10 constant[2699]  ; line 2190
13142 MOVE                 R11 <- R9  ; line 2190
13143 MOVE                 R12 <- R10  ; line 2190
13144 HOST_CALL            a=13 b=11 c=11 imm=2  ; line 2190
13145 LOAD_CONST           R14 constant[2700]  ; line 2190
13146 MOVE                 R15 <- R0  ; line 2190
13147 MOVE                 R16 <- R14  ; line 2190
13148 HOST_CALL            a=17 b=11 c=15 imm=2  ; line 2190
13149 LOAD_CONST           R18 constant[2701]  ; line 2190
13150 MOVE                 R19 <- R17  ; line 2190
13151 MOVE                 R20 <- R18  ; line 2190
13152 HOST_CALL            a=21 b=11 c=19 imm=2  ; line 2190
13153 MOVE                 R22 <- R1  ; line 2190
13154 MOVE                 R23 <- R13  ; line 2190
13155 MOVE                 R24 <- R21  ; line 2190
13156 CALL                 a=25 b=98 c=22 imm=3  ; line 2190
13157 MOVE                 R26 <- R25  ; line 2190
13158 LOAD_CONST           R27 constant[2702]  ; line 2191
13159 MOVE                 R28 <- R0  ; line 2191
13160 MOVE                 R29 <- R27  ; line 2191
13161 HOST_CALL            a=30 b=11 c=28 imm=2  ; line 2191
13162 LOAD_CONST           R31 constant[2703]  ; line 2191
13163 MOVE                 R32 <- R30  ; line 2191
13164 MOVE                 R33 <- R31  ; line 2191
13165 HOST_CALL            a=34 b=11 c=32 imm=2  ; line 2191
13166 MOVE                 R35 <- R34  ; line 2191
13167 LOAD_CONST           R36 constant[2704]  ; line 2192
13168 MOVE                 R37 <- R26  ; line 2192
13169 HOST_CALL            a=38 b=72 c=37 imm=1  ; line 2192
13170 LOAD_CONST           R39 constant[2705]  ; line 2192
13171 MOVE                 R40 <- R5  ; line 2192
13172 MOVE                 R41 <- R39  ; line 2192
13173 HOST_CALL            a=42 b=11 c=40 imm=2  ; line 2192
13174 MOVE                 R43 <- R42  ; line 2192
13175 MOVE                 R44 <- R35  ; line 2192
13176 CALL                 a=45 b=99 c=43 imm=2  ; line 2192
13177 LOAD_CONST           R46 constant[2706]  ; line 2192
13178 LOAD_CONST           R47 constant[2707]  ; line 2192
13179 MOVE                 R48 <- R47  ; line 2192
13180 ARRAY_NEW            a=49 b=48 c=1 imm=4294967295  ; line 2192
13181 MOVE                 R50 <- R0  ; line 2192
13182 MOVE                 R51 <- R38  ; line 2192
13183 MOVE                 R52 <- R45  ; line 2192
13184 MOVE                 R53 <- R46  ; line 2192
13185 MOVE                 R54 <- R49  ; line 2192
13186 CALL                 a=55 b=100 c=50 imm=5  ; line 2192
13187 MOVE                 R56 <- R36  ; line 2192
13188 MOVE                 R57 <- R55  ; line 2192
13189 ARRAY_NEW            a=58 b=56 c=2 imm=4294967295  ; line 2192
13190 RETURN               R58  ; line 2192
13191 JUMP                 -> 13192  ; line 2192
13192 LOAD_CONST           R36 constant[2708]  ; line 2195
13193 MOVE                 R37 <- R0  ; line 2195
13194 MOVE                 R38 <- R36  ; line 2195
13195 HOST_CALL            a=39 b=11 c=37 imm=2  ; line 2195
13196 LOAD_CONST           R40 constant[2709]  ; line 2195
13197 COMPARE              a=39 b=40 c=41 imm=0  ; line 2195
13198 JUMP_IF_FALSE        R41 -> 13254  ; line 2195
13199 LOAD_CONST           R36 constant[2710]  ; line 2196
13200 MOVE                 R37 <- R0  ; line 2196
13201 MOVE                 R38 <- R36  ; line 2196
13202 HOST_CALL            a=39 b=11 c=37 imm=2  ; line 2196
13203 LOAD_CONST           R40 constant[2711]  ; line 2196
13204 MOVE                 R41 <- R39  ; line 2196
13205 MOVE                 R42 <- R40  ; line 2196
13206 HOST_CALL            a=43 b=11 c=41 imm=2  ; line 2196
13207 LOAD_CONST           R44 constant[2712]  ; line 2196
13208 MOVE                 R45 <- R0  ; line 2196
13209 MOVE                 R46 <- R44  ; line 2196
13210 HOST_CALL            a=47 b=11 c=45 imm=2  ; line 2196
13211 LOAD_CONST           R48 constant[2713]  ; line 2196
13212 MOVE                 R49 <- R47  ; line 2196
13213 MOVE                 R50 <- R48  ; line 2196
13214 HOST_CALL            a=51 b=11 c=49 imm=2  ; line 2196
13215 MOVE                 R52 <- R1  ; line 2196
13216 MOVE                 R53 <- R43  ; line 2196
13217 MOVE                 R54 <- R51  ; line 2196
13218 CALL                 a=55 b=98 c=52 imm=3  ; line 2196
13219 MOVE                 R56 <- R55  ; line 2196
13220 LOAD_CONST           R57 constant[2714]  ; line 2197
13221 MOVE                 R58 <- R0  ; line 2197
13222 MOVE                 R59 <- R57  ; line 2197
13223 HOST_CALL            a=60 b=11 c=58 imm=2  ; line 2197
13224 LOAD_CONST           R61 constant[2715]  ; line 2197
13225 MOVE                 R62 <- R60  ; line 2197
13226 MOVE                 R63 <- R61  ; line 2197
13227 HOST_CALL            a=64 b=11 c=62 imm=2  ; line 2197
13228 MOVE                 R65 <- R64  ; line 2197
13229 LOAD_CONST           R66 constant[2716]  ; line 2198
13230 MOVE                 R67 <- R56  ; line 2198
13231 HOST_CALL            a=68 b=72 c=67 imm=1  ; line 2198
13232 LOAD_CONST           R69 constant[2717]  ; line 2198
13233 MOVE                 R70 <- R5  ; line 2198
13234 MOVE                 R71 <- R69  ; line 2198
13235 HOST_CALL            a=72 b=11 c=70 imm=2  ; line 2198
13236 MOVE                 R73 <- R72  ; line 2198
13237 MOVE                 R74 <- R65  ; line 2198
13238 CALL                 a=75 b=99 c=73 imm=2  ; line 2198
13239 LOAD_CONST           R76 constant[2718]  ; line 2198
13240 LOAD_CONST           R77 constant[2719]  ; line 2198
13241 MOVE                 R78 <- R77  ; line 2198
13242 ARRAY_NEW            a=79 b=78 c=1 imm=4294967295  ; line 2198
13243 MOVE                 R80 <- R0  ; line 2198
13244 MOVE                 R81 <- R68  ; line 2198
13245 MOVE                 R82 <- R75  ; line 2198
13246 MOVE                 R83 <- R76  ; line 2198
13247 MOVE                 R84 <- R79  ; line 2198
13248 CALL                 a=85 b=100 c=80 imm=5  ; line 2198
13249 MOVE                 R86 <- R66  ; line 2198
13250 MOVE                 R87 <- R85  ; line 2198
13251 ARRAY_NEW            a=88 b=86 c=2 imm=4294967295  ; line 2198
13252 RETURN               R88  ; line 2198
13253 JUMP                 -> 13254  ; line 2198
13254 LOAD_CONST           R66 constant[2720]  ; line 2201
13255 MOVE                 R67 <- R0  ; line 2201
13256 MOVE                 R68 <- R66  ; line 2201
13257 HOST_CALL            a=69 b=11 c=67 imm=2  ; line 2201
13258 LOAD_CONST           R70 constant[2721]  ; line 2201
13259 COMPARE              a=69 b=70 c=71 imm=0  ; line 2201
13260 JUMP_IF_FALSE        R71 -> 13337  ; line 2201
13261 LOAD_CONST           R66 constant[2722]  ; line 2202
13262 MOVE                 R67 <- R0  ; line 2202
13263 MOVE                 R68 <- R66  ; line 2202
13264 HOST_CALL            a=69 b=11 c=67 imm=2  ; line 2202
13265 LOAD_CONST           R70 constant[2723]  ; line 2202
13266 MOVE                 R71 <- R69  ; line 2202
13267 MOVE                 R72 <- R70  ; line 2202
13268 HOST_CALL            a=73 b=11 c=71 imm=2  ; line 2202
13269 LOAD_CONST           R74 constant[2724]  ; line 2202
13270 MOVE                 R75 <- R0  ; line 2202
13271 MOVE                 R76 <- R74  ; line 2202
13272 HOST_CALL            a=77 b=11 c=75 imm=2  ; line 2202
13273 LOAD_CONST           R78 constant[2725]  ; line 2202
13274 MOVE                 R79 <- R77  ; line 2202
13275 MOVE                 R80 <- R78  ; line 2202
13276 HOST_CALL            a=81 b=11 c=79 imm=2  ; line 2202
13277 MOVE                 R82 <- R1  ; line 2202
13278 MOVE                 R83 <- R73  ; line 2202
13279 MOVE                 R84 <- R81  ; line 2202
13280 CALL                 a=85 b=98 c=82 imm=3  ; line 2202
13281 MOVE                 R86 <- R85  ; line 2202
13282 LOAD_CONST           R87 constant[2726]  ; line 2203
13283 MOVE                 R88 <- R87  ; line 2203
13284 HOST_CALL            a=89 b=22 c=88 imm=1  ; line 2203
13285 MOVE                 R90 <- R89  ; line 2203
13286 LOAD_CONST           R91 constant[2727]  ; line 2204
13287 MOVE                 R92 <- R91  ; line 2204
13288 HOST_CALL            a=93 b=22 c=92 imm=1  ; line 2204
13289 MOVE                 R94 <- R93  ; line 2204
13290 LOAD_CONST           R95 constant[2728]  ; line 2205
13291 MOVE                 R96 <- R95  ; line 2205
13292 LOAD_CONST           R97 constant[2729]  ; line 2206
13293 MOVE                 R98 <- R5  ; line 2206
13294 MOVE                 R99 <- R97  ; line 2206
13295 HOST_CALL            a=100 b=11 c=98 imm=2  ; line 2206
13296 COMPARE              a=96 b=100 c=101 imm=2  ; line 2206
13297 JUMP_IF_FALSE        R101 -> 13317  ; line 2206
13298 MOVE                 R97 <- R86  ; line 2207
13299 MOVE                 R98 <- R96  ; line 2207
13300 HOST_CALL            a=99 b=11 c=97 imm=2  ; line 2207
13301 MOVE                 R100 <- R99  ; line 2207
13302 CALL                 a=101 b=92 c=100 imm=1  ; line 2207
13303 MOVE                 R102 <- R101  ; line 2207
13304 MOVE                 R103 <- R90  ; line 2208
13305 MOVE                 R104 <- R102  ; line 2208
13306 HOST_CALL            a=105 b=23 c=103 imm=2  ; line 2208
13307 LOAD_CONST           R103 constant[2730]  ; line 2209
13308 BINARY               a=103 b=102 c=104 imm=1  ; line 2209
13309 BINARY               a=102 b=104 c=105 imm=2  ; line 2209
13310 MOVE                 R106 <- R94  ; line 2209
13311 MOVE                 R107 <- R105  ; line 2209
13312 HOST_CALL            a=108 b=23 c=106 imm=2  ; line 2209
13313 LOAD_CONST           R103 constant[2731]  ; line 2210
13314 BINARY               a=96 b=103 c=104 imm=0  ; line 2210
13315 MOVE                 R96 <- R104  ; line 2210
13316 JUMP                 -> 13292  ; line 2210
13317 LOAD_CONST           R103 constant[2732]  ; line 2212
13318 MOVE                 R104 <- R90  ; line 2212
13319 HOST_CALL            a=105 b=72 c=104 imm=1  ; line 2212
13320 MOVE                 R106 <- R94  ; line 2212
13321 HOST_CALL            a=107 b=72 c=106 imm=1  ; line 2212
13322 LOAD_CONST           R108 constant[2733]  ; line 2212
13323 LOAD_CONST           R109 constant[2734]  ; line 2212
13324 MOVE                 R110 <- R109  ; line 2212
13325 ARRAY_NEW            a=111 b=110 c=1 imm=4294967295  ; line 2212
13326 MOVE                 R112 <- R0  ; line 2212
13327 MOVE                 R113 <- R105  ; line 2212
13328 MOVE                 R114 <- R107  ; line 2212
13329 MOVE                 R115 <- R108  ; line 2212
13330 MOVE                 R116 <- R111  ; line 2212
13331 CALL                 a=117 b=100 c=112 imm=5  ; line 2212
13332 MOVE                 R118 <- R103  ; line 2212
13333 MOVE                 R119 <- R117  ; line 2212
13334 ARRAY_NEW            a=120 b=118 c=2 imm=4294967295  ; line 2212
13335 RETURN               R120  ; line 2212
13336 JUMP                 -> 13337  ; line 2212
13337 LOAD_CONST           R103 constant[2735]  ; line 2215
13338 MOVE                 R104 <- R0  ; line 2215
13339 MOVE                 R105 <- R103  ; line 2215
13340 HOST_CALL            a=106 b=11 c=104 imm=2  ; line 2215
13341 LOAD_CONST           R107 constant[2736]  ; line 2215
13342 COMPARE              a=106 b=107 c=108 imm=0  ; line 2215
13343 JUMP_IF_FALSE        R108 -> 13372  ; line 2215
13344 MOVE                 R103 <- R0  ; line 2216
13345 MOVE                 R104 <- R1  ; line 2216
13346 CALL                 a=105 b=107 c=103 imm=2  ; line 2216
13347 MOVE                 R106 <- R105  ; line 2216
13348 LOAD_CONST           R107 constant[2737]  ; line 2217
13349 LOAD_CONST           R108 constant[2738]  ; line 2217
13350 MOVE                 R109 <- R106  ; line 2217
13351 MOVE                 R110 <- R108  ; line 2217
13352 HOST_CALL            a=111 b=11 c=109 imm=2  ; line 2217
13353 LOAD_CONST           R112 constant[2739]  ; line 2217
13354 MOVE                 R113 <- R106  ; line 2217
13355 MOVE                 R114 <- R112  ; line 2217
13356 HOST_CALL            a=115 b=11 c=113 imm=2  ; line 2217
13357 LOAD_CONST           R116 constant[2740]  ; line 2217
13358 LOAD_CONST           R117 constant[2741]  ; line 2217
13359 MOVE                 R118 <- R117  ; line 2217
13360 ARRAY_NEW            a=119 b=118 c=1 imm=4294967295  ; line 2217
13361 MOVE                 R120 <- R0  ; line 2217
13362 MOVE                 R121 <- R111  ; line 2217
13363 MOVE                 R122 <- R115  ; line 2217
13364 MOVE                 R123 <- R116  ; line 2217
13365 MOVE                 R124 <- R119  ; line 2217
13366 CALL                 a=125 b=100 c=120 imm=5  ; line 2217
13367 MOVE                 R126 <- R107  ; line 2217
13368 MOVE                 R127 <- R125  ; line 2217
13369 ARRAY_NEW            a=128 b=126 c=2 imm=4294967295  ; line 2217
13370 RETURN               R128  ; line 2217
13371 JUMP                 -> 13372  ; line 2217
13372 LOAD_CONST           R107 constant[2742]  ; line 2220
13373 MOVE                 R108 <- R0  ; line 2220
13374 MOVE                 R109 <- R107  ; line 2220
13375 HOST_CALL            a=110 b=11 c=108 imm=2  ; line 2220
13376 LOAD_CONST           R111 constant[2743]  ; line 2220
13377 COMPARE              a=110 b=111 c=112 imm=0  ; line 2220
13378 JUMP_IF_FALSE        R112 -> 13456  ; line 2220
13379 MOVE                 R107 <- R0  ; line 2221
13380 MOVE                 R108 <- R1  ; line 2221
13381 CALL                 a=109 b=112 c=107 imm=2  ; line 2221
13382 MOVE                 R110 <- R109  ; line 2221
13383 LOAD_CONST           R111 constant[2744]  ; line 2222
13384 MOVE                 R112 <- R5  ; line 2222
13385 MOVE                 R113 <- R111  ; line 2222
13386 HOST_CALL            a=114 b=11 c=112 imm=2  ; line 2222
13387 LOAD_CONST           R115 constant[2745]  ; line 2222
13388 MOVE                 R116 <- R0  ; line 2222
13389 MOVE                 R117 <- R115  ; line 2222
13390 HOST_CALL            a=118 b=11 c=116 imm=2  ; line 2222
13391 LOAD_CONST           R119 constant[2746]  ; line 2222
13392 MOVE                 R120 <- R118  ; line 2222
13393 MOVE                 R121 <- R119  ; line 2222
13394 HOST_CALL            a=122 b=11 c=120 imm=2  ; line 2222
13395 MOVE                 R123 <- R114  ; line 2222
13396 MOVE                 R124 <- R122  ; line 2222
13397 CALL                 a=125 b=99 c=123 imm=2  ; line 2222
13398 MOVE                 R126 <- R125  ; line 2222
13399 LOAD_CONST           R127 constant[2747]  ; line 2223
13400 MOVE                 R128 <- R0  ; line 2223
13401 MOVE                 R129 <- R127  ; line 2223
13402 HOST_CALL            a=130 b=11 c=128 imm=2  ; line 2223
13403 LOAD_CONST           R131 constant[2748]  ; line 2223
13404 COMPARE              a=130 b=131 c=132 imm=0  ; line 2223
13405 JUMP_IF_FALSE        R132 -> 13438  ; line 2223
13406 LOAD_CONST           R127 constant[2749]  ; line 2224
13407 MOVE                 R128 <- R127  ; line 2224
13408 HOST_CALL            a=129 b=22 c=128 imm=1  ; line 2224
13409 MOVE                 R130 <- R129  ; line 2224
13410 LOAD_CONST           R131 constant[2750]  ; line 2225
13411 MOVE                 R132 <- R131  ; line 2225
13412 LOAD_CONST           R133 constant[2751]  ; line 2226
13413 MOVE                 R134 <- R5  ; line 2226
13414 MOVE                 R135 <- R133  ; line 2226
13415 HOST_CALL            a=136 b=11 c=134 imm=2  ; line 2226
13416 COMPARE              a=132 b=136 c=137 imm=2  ; line 2226
13417 JUMP_IF_FALSE        R137 -> 13434  ; line 2226
13418 MOVE                 R133 <- R110  ; line 2227
13419 MOVE                 R134 <- R132  ; line 2227
13420 HOST_CALL            a=135 b=11 c=133 imm=2  ; line 2227
13421 LOAD_CONST           R136 constant[2752]  ; line 2227
13422 MOVE                 R137 <- R110  ; line 2227
13423 MOVE                 R138 <- R132  ; line 2227
13424 HOST_CALL            a=139 b=11 c=137 imm=2  ; line 2227
13425 BINARY               a=136 b=139 c=140 imm=1  ; line 2227
13426 BINARY               a=135 b=140 c=141 imm=2  ; line 2227
13427 MOVE                 R142 <- R130  ; line 2227
13428 MOVE                 R143 <- R141  ; line 2227
13429 HOST_CALL            a=144 b=23 c=142 imm=2  ; line 2227
13430 LOAD_CONST           R133 constant[2753]  ; line 2228
13431 BINARY               a=132 b=133 c=134 imm=0  ; line 2228
13432 MOVE                 R132 <- R134  ; line 2228
13433 JUMP                 -> 13412  ; line 2228
13434 MOVE                 R133 <- R130  ; line 2230
13435 HOST_CALL            a=134 b=72 c=133 imm=1  ; line 2230
13436 MOVE                 R126 <- R134  ; line 2230
13437 JUMP                 -> 13438  ; line 2230
13438 LOAD_CONST           R133 constant[2754]  ; line 2232
13439 MOVE                 R134 <- R110  ; line 2232
13440 HOST_CALL            a=135 b=72 c=134 imm=1  ; line 2232
13441 LOAD_CONST           R136 constant[2755]  ; line 2232
13442 LOAD_CONST           R137 constant[2756]  ; line 2232
13443 MOVE                 R138 <- R137  ; line 2232
13444 ARRAY_NEW            a=139 b=138 c=1 imm=4294967295  ; line 2232
13445 MOVE                 R140 <- R0  ; line 2232
13446 MOVE                 R141 <- R135  ; line 2232
13447 MOVE                 R142 <- R126  ; line 2232
13448 MOVE                 R143 <- R136  ; line 2232
13449 MOVE                 R144 <- R139  ; line 2232
13450 CALL                 a=145 b=100 c=140 imm=5  ; line 2232
13451 MOVE                 R146 <- R133  ; line 2232
13452 MOVE                 R147 <- R145  ; line 2232
13453 ARRAY_NEW            a=148 b=146 c=2 imm=4294967295  ; line 2232
13454 RETURN               R148  ; line 2232
13455 JUMP                 -> 13456  ; line 2232
13456 LOAD_CONST           R133 constant[2757]  ; line 2235
13457 MOVE                 R134 <- R0  ; line 2235
13458 MOVE                 R135 <- R133  ; line 2235
13459 HOST_CALL            a=136 b=11 c=134 imm=2  ; line 2235
13460 LOAD_CONST           R137 constant[2758]  ; line 2235
13461 COMPARE              a=136 b=137 c=138 imm=0  ; line 2235
13462 JUMP_IF_FALSE        R138 -> 13500  ; line 2235
13463 MOVE                 R133 <- R0  ; line 2236
13464 MOVE                 R134 <- R1  ; line 2236
13465 CALL                 a=135 b=148 c=133 imm=2  ; line 2236
13466 MOVE                 R136 <- R135  ; line 2236
13467 LOAD_CONST           R137 constant[2759]  ; line 2237
13468 MOVE                 R138 <- R136  ; line 2237
13469 HOST_CALL            a=139 b=72 c=138 imm=1  ; line 2237
13470 LOAD_CONST           R140 constant[2760]  ; line 2237
13471 MOVE                 R141 <- R5  ; line 2237
13472 MOVE                 R142 <- R140  ; line 2237
13473 HOST_CALL            a=143 b=11 c=141 imm=2  ; line 2237
13474 LOAD_CONST           R144 constant[2761]  ; line 2237
13475 MOVE                 R145 <- R0  ; line 2237
13476 MOVE                 R146 <- R144  ; line 2237
13477 HOST_CALL            a=147 b=11 c=145 imm=2  ; line 2237
13478 LOAD_CONST           R148 constant[2762]  ; line 2237
13479 MOVE                 R149 <- R147  ; line 2237
13480 MOVE                 R150 <- R148  ; line 2237
13481 HOST_CALL            a=151 b=11 c=149 imm=2  ; line 2237
13482 MOVE                 R152 <- R143  ; line 2237
13483 MOVE                 R153 <- R151  ; line 2237
13484 CALL                 a=154 b=99 c=152 imm=2  ; line 2237
13485 LOAD_CONST           R155 constant[2763]  ; line 2237
13486 LOAD_CONST           R156 constant[2764]  ; line 2237
13487 MOVE                 R157 <- R156  ; line 2237
13488 ARRAY_NEW            a=158 b=157 c=1 imm=4294967295  ; line 2237
13489 MOVE                 R159 <- R0  ; line 2237
13490 MOVE                 R160 <- R139  ; line 2237
13491 MOVE                 R161 <- R154  ; line 2237
13492 MOVE                 R162 <- R155  ; line 2237
13493 MOVE                 R163 <- R158  ; line 2237
13494 CALL                 a=164 b=100 c=159 imm=5  ; line 2237
13495 MOVE                 R165 <- R137  ; line 2237
13496 MOVE                 R166 <- R164  ; line 2237
13497 ARRAY_NEW            a=167 b=165 c=2 imm=4294967295  ; line 2237
13498 RETURN               R167  ; line 2237
13499 JUMP                 -> 13500  ; line 2237
13500 LOAD_CONST           R137 constant[2765]  ; line 2241
13501 MOVE                 R138 <- R0  ; line 2241
13502 MOVE                 R139 <- R137  ; line 2241
13503 HOST_CALL            a=140 b=11 c=138 imm=2  ; line 2241
13504 LOAD_CONST           R141 constant[2766]  ; line 2241
13505 COMPARE              a=140 b=141 c=142 imm=0  ; line 2241
13506 JUMP_IF_FALSE        R142 -> 13559  ; line 2241
13507 MOVE                 R137 <- R0  ; line 2242
13508 MOVE                 R138 <- R1  ; line 2242
13509 CALL                 a=139 b=148 c=137 imm=2  ; line 2242
13510 MOVE                 R140 <- R139  ; line 2242
13511 LOAD_CONST           R141 constant[2767]  ; line 2243
13512 MOVE                 R142 <- R141  ; line 2243
13513 HOST_CALL            a=143 b=22 c=142 imm=1  ; line 2243
13514 MOVE                 R144 <- R143  ; line 2243
13515 LOAD_CONST           R145 constant[2768]  ; line 2244
13516 MOVE                 R146 <- R145  ; line 2244
13517 LOAD_CONST           R147 constant[2769]  ; line 2245
13518 MOVE                 R148 <- R5  ; line 2245
13519 MOVE                 R149 <- R147  ; line 2245
13520 HOST_CALL            a=150 b=11 c=148 imm=2  ; line 2245
13521 COMPARE              a=146 b=150 c=151 imm=2  ; line 2245
13522 JUMP_IF_FALSE        R151 -> 13539  ; line 2245
13523 MOVE                 R147 <- R140  ; line 2246
13524 MOVE                 R148 <- R146  ; line 2246
13525 HOST_CALL            a=149 b=11 c=147 imm=2  ; line 2246
13526 LOAD_CONST           R150 constant[2770]  ; line 2246
13527 MOVE                 R151 <- R140  ; line 2246
13528 MOVE                 R152 <- R146  ; line 2246
13529 HOST_CALL            a=153 b=11 c=151 imm=2  ; line 2246
13530 BINARY               a=150 b=153 c=154 imm=1  ; line 2246
13531 BINARY               a=149 b=154 c=155 imm=2  ; line 2246
13532 MOVE                 R156 <- R144  ; line 2246
13533 MOVE                 R157 <- R155  ; line 2246
13534 HOST_CALL            a=158 b=23 c=156 imm=2  ; line 2246
13535 LOAD_CONST           R147 constant[2771]  ; line 2247
13536 BINARY               a=146 b=147 c=148 imm=0  ; line 2247
13537 MOVE                 R146 <- R148  ; line 2247
13538 JUMP                 -> 13517  ; line 2247
13539 LOAD_CONST           R147 constant[2772]  ; line 2249
13540 MOVE                 R148 <- R140  ; line 2249
13541 HOST_CALL            a=149 b=72 c=148 imm=1  ; line 2249
13542 MOVE                 R150 <- R144  ; line 2249
13543 HOST_CALL            a=151 b=72 c=150 imm=1  ; line 2249
13544 LOAD_CONST           R152 constant[2773]  ; line 2249
13545 LOAD_CONST           R153 constant[2774]  ; line 2249
13546 MOVE                 R154 <- R153  ; line 2249
13547 ARRAY_NEW            a=155 b=154 c=1 imm=4294967295  ; line 2249
13548 MOVE                 R156 <- R0  ; line 2249
13549 MOVE                 R157 <- R149  ; line 2249
13550 MOVE                 R158 <- R151  ; line 2249
13551 MOVE                 R159 <- R152  ; line 2249
13552 MOVE                 R160 <- R155  ; line 2249
13553 CALL                 a=161 b=100 c=156 imm=5  ; line 2249
13554 MOVE                 R162 <- R147  ; line 2249
13555 MOVE                 R163 <- R161  ; line 2249
13556 ARRAY_NEW            a=164 b=162 c=2 imm=4294967295  ; line 2249
13557 RETURN               R164  ; line 2249
13558 JUMP                 -> 13559  ; line 2249
13559 LOAD_CONST           R147 constant[2775]  ; line 2252
13560 LOAD_CONST           R148 constant[2776]  ; line 2252
13561 LOAD_CONST           R149 constant[2777]  ; line 2252
13562 MOVE                 R150 <- R147  ; line 2252
13563 MOVE                 R151 <- R148  ; line 2252
13564 MOVE                 R152 <- R149  ; line 2252
13565 CALL                 a=153 b=86 c=150 imm=3  ; line 2252
13566 RETURN               R153  ; line 2252
13567 LOAD_CONST           R154 constant[2778]  ; line 2252
13568 RETURN               R154  ; line 2252
13569 MOVE                 R3 <- R0  ; line 2256
13570 MOVE                 R4 <- R1  ; line 2256
13571 MOVE                 R5 <- R2  ; line 2256
13572 CALL                 a=6 b=157 c=3 imm=3  ; line 2256
13573 MOVE                 R7 <- R6  ; line 2256
13574 LOAD_CONST           R8 constant[2779]  ; line 2257
13575 MOVE                 R9 <- R7  ; line 2257
13576 MOVE                 R10 <- R8  ; line 2257
13577 HOST_CALL            a=11 b=11 c=9 imm=2  ; line 2257
13578 UNARY                a=11 b=12 c=4294967295 imm=1  ; line 2257
13579 JUMP_IF_FALSE        R12 -> 13582  ; line 2257
13580 RETURN               R7  ; line 2257
13581 JUMP                 -> 13582  ; line 2257
13582 LOAD_CONST           R8 constant[2780]  ; line 2258
13583 MOVE                 R9 <- R7  ; line 2258
13584 MOVE                 R10 <- R8  ; line 2258
13585 HOST_CALL            a=11 b=11 c=9 imm=2  ; line 2258
13586 MOVE                 R12 <- R11  ; line 2258
13587 LOAD_CONST           R13 constant[2781]  ; line 2259
13588 MOVE                 R14 <- R0  ; line 2259
13589 MOVE                 R15 <- R13  ; line 2259
13590 HOST_CALL            a=16 b=11 c=14 imm=2  ; line 2259
13591 LOAD_CONST           R17 constant[2782]  ; line 2259
13592 COMPARE              a=16 b=17 c=18 imm=0  ; line 2259
13593 JUMP_IF_FALSE        R18 -> 13700  ; line 2259
13594 LOAD_CONST           R13 constant[2783]  ; line 2260
13595 MOVE                 R14 <- R2  ; line 2260
13596 MOVE                 R15 <- R13  ; line 2260
13597 HOST_CALL            a=16 b=7 c=14 imm=2  ; line 2260
13598 UNARY                a=16 b=17 c=4294967295 imm=1  ; line 2260
13599 JUMP_IF_FALSE        R17 -> 13609  ; line 2260
13600 LOAD_CONST           R13 constant[2784]  ; line 2261
13601 LOAD_CONST           R14 constant[2785]  ; line 2261
13602 LOAD_CONST           R15 constant[2786]  ; line 2261
13603 MOVE                 R16 <- R13  ; line 2261
13604 MOVE                 R17 <- R14  ; line 2261
13605 MOVE                 R18 <- R15  ; line 2261
13606 CALL                 a=19 b=86 c=16 imm=3  ; line 2261
13607 RETURN               R19  ; line 2261
13608 JUMP                 -> 13609  ; line 2261
13609 LOAD_CONST           R13 constant[2787]  ; line 2263
13610 MOVE                 R14 <- R12  ; line 2263
13611 MOVE                 R15 <- R13  ; line 2263
13612 HOST_CALL            a=16 b=11 c=14 imm=2  ; line 2263
13613 MOVE                 R17 <- R16  ; line 2263
13614 LOAD_CONST           R18 constant[2788]  ; line 2264
13615 MOVE                 R19 <- R12  ; line 2264
13616 MOVE                 R20 <- R18  ; line 2264
13617 HOST_CALL            a=21 b=11 c=19 imm=2  ; line 2264
13618 MOVE                 R22 <- R21  ; line 2264
13619 LOAD_CONST           R23 constant[2789]  ; line 2265
13620 MOVE                 R24 <- R0  ; line 2265
13621 MOVE                 R25 <- R23  ; line 2265
13622 HOST_CALL            a=26 b=11 c=24 imm=2  ; line 2265
13623 LOAD_CONST           R27 constant[2790]  ; line 2265
13624 COMPARE              a=26 b=27 c=28 imm=0  ; line 2265
13625 JUMP_IF_FALSE        R28 -> 13637  ; line 2265
13626 LOAD_CONST           R23 constant[2791]  ; line 2266
13627 MOVE                 R24 <- R17  ; line 2266
13628 MOVE                 R25 <- R23  ; line 2266
13629 HOST_CALL            a=26 b=166 c=24 imm=2  ; line 2266
13630 MOVE                 R17 <- R26  ; line 2266
13631 LOAD_CONST           R23 constant[2792]  ; line 2267
13632 MOVE                 R24 <- R22  ; line 2267
13633 MOVE                 R25 <- R23  ; line 2267
13634 HOST_CALL            a=26 b=166 c=24 imm=2  ; line 2267
13635 MOVE                 R22 <- R26  ; line 2267
13636 JUMP                 -> 13637  ; line 2267
13637 LOAD_CONST           R23 constant[2793]  ; line 2269
13638 MOVE                 R24 <- R0  ; line 2269
13639 MOVE                 R25 <- R23  ; line 2269
13640 HOST_CALL            a=26 b=11 c=24 imm=2  ; line 2269
13641 LOAD_CONST           R27 constant[2794]  ; line 2269
13642 COMPARE              a=26 b=27 c=28 imm=0  ; line 2269
13643 JUMP_IF_FALSE        R28 -> 13655  ; line 2269
13644 LOAD_CONST           R23 constant[2795]  ; line 2270
13645 MOVE                 R24 <- R17  ; line 2270
13646 MOVE                 R25 <- R23  ; line 2270
13647 HOST_CALL            a=26 b=166 c=24 imm=2  ; line 2270
13648 MOVE                 R17 <- R26  ; line 2270
13649 LOAD_CONST           R23 constant[2796]  ; line 2271
13650 MOVE                 R24 <- R22  ; line 2271
13651 MOVE                 R25 <- R23  ; line 2271
13652 HOST_CALL            a=26 b=166 c=24 imm=2  ; line 2271
13653 MOVE                 R22 <- R26  ; line 2271
13654 JUMP                 -> 13655  ; line 2271
13655 LOAD_CONST           R23 constant[2797]  ; line 2273
13656 MOVE                 R24 <- R0  ; line 2273
13657 MOVE                 R25 <- R23  ; line 2273
13658 HOST_CALL            a=26 b=11 c=24 imm=2  ; line 2273
13659 LOAD_CONST           R27 constant[2798]  ; line 2273
13660 COMPARE              a=26 b=27 c=28 imm=0  ; line 2273
13661 JUMP_IF_FALSE        R28 -> 13673  ; line 2273
13662 LOAD_CONST           R23 constant[2799]  ; line 2274
13663 MOVE                 R24 <- R17  ; line 2274
13664 MOVE                 R25 <- R23  ; line 2274
13665 HOST_CALL            a=26 b=166 c=24 imm=2  ; line 2274
13666 MOVE                 R17 <- R26  ; line 2274
13667 LOAD_CONST           R23 constant[2800]  ; line 2275
13668 MOVE                 R24 <- R22  ; line 2275
13669 MOVE                 R25 <- R23  ; line 2275
13670 HOST_CALL            a=26 b=166 c=24 imm=2  ; line 2275
13671 MOVE                 R22 <- R26  ; line 2275
13672 JUMP                 -> 13673  ; line 2275
13673 LOAD_CONST           R23 constant[2801]  ; line 2277
13674 LOAD_CONST           R24 constant[2802]  ; line 2277
13675 LOAD_CONST           R25 constant[2803]  ; line 2277
13676 MOVE                 R26 <- R2  ; line 2277
13677 MOVE                 R27 <- R25  ; line 2277
13678 HOST_CALL            a=28 b=11 c=26 imm=2  ; line 2277
13679 MOVE                 R29 <- R17  ; line 2277
13680 MOVE                 R30 <- R24  ; line 2277
13681 MOVE                 R31 <- R28  ; line 2277
13682 HOST_CALL            a=32 b=183 c=29 imm=3  ; line 2277
13683 LOAD_CONST           R33 constant[2804]  ; line 2277
13684 LOAD_CONST           R34 constant[2805]  ; line 2277
13685 MOVE                 R35 <- R2  ; line 2277
13686 MOVE                 R36 <- R34  ; line 2277
13687 HOST_CALL            a=37 b=11 c=35 imm=2  ; line 2277
13688 MOVE                 R38 <- R22  ; line 2277
13689 MOVE                 R39 <- R33  ; line 2277
13690 MOVE                 R40 <- R37  ; line 2277
13691 HOST_CALL            a=41 b=183 c=38 imm=3  ; line 2277
13692 MOVE                 R42 <- R32  ; line 2277
13693 MOVE                 R43 <- R41  ; line 2277
13694 ARRAY_NEW            a=44 b=42 c=2 imm=4294967295  ; line 2277
13695 MOVE                 R45 <- R23  ; line 2277
13696 MOVE                 R46 <- R44  ; line 2277
13697 ARRAY_NEW            a=47 b=45 c=2 imm=4294967295  ; line 2277
13698 RETURN               R47  ; line 2277
13699 JUMP                 -> 13700  ; line 2277
13700 LOAD_CONST           R23 constant[2806]  ; line 2280
13701 LOAD_CONST           R24 constant[2807]  ; line 2280
13702 MOVE                 R25 <- R12  ; line 2280
13703 MOVE                 R26 <- R24  ; line 2280
13704 HOST_CALL            a=27 b=11 c=25 imm=2  ; line 2280
13705 LOAD_CONST           R28 constant[2808]  ; line 2280
13706 MOVE                 R29 <- R12  ; line 2280
13707 MOVE                 R30 <- R28  ; line 2280
13708 HOST_CALL            a=31 b=11 c=29 imm=2  ; line 2280
13709 MOVE                 R32 <- R27  ; line 2280
13710 MOVE                 R33 <- R31  ; line 2280
13711 ARRAY_NEW            a=34 b=32 c=2 imm=4294967295  ; line 2280
13712 MOVE                 R35 <- R23  ; line 2280
13713 MOVE                 R36 <- R34  ; line 2280
13714 ARRAY_NEW            a=37 b=35 c=2 imm=4294967295  ; line 2280
13715 RETURN               R37  ; line 2280
13716 LOAD_CONST           R38 constant[2809]  ; line 2280
13717 RETURN               R38  ; line 2280
13718 LOAD_CONST           R3 constant[2810]  ; line 2284
13719 MOVE                 R4 <- R0  ; line 2284
13720 MOVE                 R5 <- R3  ; line 2284
13721 HOST_CALL            a=6 b=11 c=4 imm=2  ; line 2284
13722 LOAD_CONST           R7 constant[2811]  ; line 2284
13723 COMPARE              a=6 b=7 c=8 imm=1  ; line 2284
13724 JUMP_IF_FALSE        R8 -> 13734  ; line 2284
13725 LOAD_CONST           R3 constant[2812]  ; line 2284
13726 LOAD_CONST           R4 constant[2813]  ; line 2284
13727 LOAD_CONST           R5 constant[2814]  ; line 2284
13728 MOVE                 R6 <- R3  ; line 2284
13729 MOVE                 R7 <- R4  ; line 2284
13730 MOVE                 R8 <- R5  ; line 2284
13731 CALL                 a=9 b=86 c=6 imm=3  ; line 2284
13732 RETURN               R9  ; line 2284
13733 JUMP                 -> 13734  ; line 2284
13734 LOAD_CONST           R3 constant[2815]  ; line 2285
13735 MOVE                 R4 <- R0  ; line 2285
13736 MOVE                 R5 <- R3  ; line 2285
13737 HOST_CALL            a=6 b=11 c=4 imm=2  ; line 2285
13738 LOAD_CONST           R7 constant[2816]  ; line 2285
13739 MOVE                 R8 <- R6  ; line 2285
13740 MOVE                 R9 <- R7  ; line 2285
13741 HOST_CALL            a=10 b=11 c=8 imm=2  ; line 2285
13742 JUMP_IF_FALSE        R10 -> 13792  ; line 2285
13743 LOAD_CONST           R3 constant[2817]  ; line 2286
13744 MOVE                 R4 <- R0  ; line 2286
13745 MOVE                 R5 <- R3  ; line 2286
13746 HOST_CALL            a=6 b=11 c=4 imm=2  ; line 2286
13747 MOVE                 R7 <- R1  ; line 2286
13748 MOVE                 R8 <- R6  ; line 2286
13749 CALL                 a=9 b=126 c=7 imm=2  ; line 2286
13750 MOVE                 R10 <- R9  ; line 2286
13751 LOAD_CONST           R11 constant[2818]  ; line 2287
13752 MOVE                 R12 <- R10  ; line 2287
13753 MOVE                 R13 <- R11  ; line 2287
13754 HOST_CALL            a=14 b=11 c=12 imm=2  ; line 2287
13755 UNARY                a=14 b=15 c=4294967295 imm=1  ; line 2287
13756 JUMP_IF_FALSE        R15 -> 13759  ; line 2287
13757 RETURN               R10  ; line 2287
13758 JUMP                 -> 13759  ; line 2287
13759 LOAD_CONST           R11 constant[2819]  ; line 2288
13760 MOVE                 R12 <- R10  ; line 2288
13761 MOVE                 R13 <- R11  ; line 2288
13762 HOST_CALL            a=14 b=11 c=12 imm=2  ; line 2288
13763 MOVE                 R15 <- R14  ; line 2288
13764 LOAD_CONST           R16 constant[2820]  ; line 2289
13765 LOAD_CONST           R17 constant[2821]  ; line 2289
13766 MOVE                 R18 <- R15  ; line 2289
13767 MOVE                 R19 <- R17  ; line 2289
13768 HOST_CALL            a=20 b=11 c=18 imm=2  ; line 2289
13769 MOVE                 R21 <- R20  ; line 2289
13770 HOST_CALL            a=22 b=72 c=21 imm=1  ; line 2289
13771 LOAD_CONST           R23 constant[2822]  ; line 2289
13772 MOVE                 R24 <- R15  ; line 2289
13773 MOVE                 R25 <- R23  ; line 2289
13774 HOST_CALL            a=26 b=11 c=24 imm=2  ; line 2289
13775 MOVE                 R27 <- R26  ; line 2289
13776 HOST_CALL            a=28 b=72 c=27 imm=1  ; line 2289
13777 LOAD_CONST           R29 constant[2823]  ; line 2289
13778 LOAD_CONST           R30 constant[2824]  ; line 2289
13779 MOVE                 R31 <- R30  ; line 2289
13780 ARRAY_NEW            a=32 b=31 c=1 imm=4294967295  ; line 2289
13781 MOVE                 R33 <- R0  ; line 2289
13782 MOVE                 R34 <- R22  ; line 2289
13783 MOVE                 R35 <- R28  ; line 2289
13784 MOVE                 R36 <- R29  ; line 2289
13785 MOVE                 R37 <- R32  ; line 2289
13786 CALL                 a=38 b=100 c=33 imm=5  ; line 2289
13787 MOVE                 R39 <- R16  ; line 2289
13788 MOVE                 R40 <- R38  ; line 2289
13789 ARRAY_NEW            a=41 b=39 c=2 imm=4294967295  ; line 2289
13790 RETURN               R41  ; line 2289
13791 JUMP                 -> 13792  ; line 2289
13792 LOAD_CONST           R16 constant[2825]  ; line 2292
13793 MOVE                 R17 <- R0  ; line 2292
13794 MOVE                 R18 <- R16  ; line 2292
13795 HOST_CALL            a=19 b=11 c=17 imm=2  ; line 2292
13796 MOVE                 R20 <- R1  ; line 2292
13797 MOVE                 R21 <- R19  ; line 2292
13798 CALL                 a=22 b=127 c=20 imm=2  ; line 2292
13799 MOVE                 R23 <- R22  ; line 2292
13800 LOAD_CONST           R24 constant[2826]  ; line 2293
13801 LOAD_CONST           R25 constant[2827]  ; line 2293
13802 MOVE                 R26 <- R23  ; line 2293
13803 MOVE                 R27 <- R25  ; line 2293
13804 HOST_CALL            a=28 b=11 c=26 imm=2  ; line 2293
13805 MOVE                 R29 <- R28  ; line 2293
13806 HOST_CALL            a=30 b=72 c=29 imm=1  ; line 2293
13807 LOAD_CONST           R31 constant[2828]  ; line 2293
13808 MOVE                 R32 <- R23  ; line 2293
13809 MOVE                 R33 <- R31  ; line 2293
13810 HOST_CALL            a=34 b=11 c=32 imm=2  ; line 2293
13811 MOVE                 R35 <- R34  ; line 2293
13812 HOST_CALL            a=36 b=72 c=35 imm=1  ; line 2293
13813 LOAD_CONST           R37 constant[2829]  ; line 2293
13814 LOAD_CONST           R38 constant[2830]  ; line 2293
13815 MOVE                 R39 <- R38  ; line 2293
13816 ARRAY_NEW            a=40 b=39 c=1 imm=4294967295  ; line 2293
13817 MOVE                 R41 <- R0  ; line 2293
13818 MOVE                 R42 <- R30  ; line 2293
13819 MOVE                 R43 <- R36  ; line 2293
13820 MOVE                 R44 <- R37  ; line 2293
13821 MOVE                 R45 <- R40  ; line 2293
13822 CALL                 a=46 b=100 c=41 imm=5  ; line 2293
13823 MOVE                 R47 <- R24  ; line 2293
13824 MOVE                 R48 <- R46  ; line 2293
13825 ARRAY_NEW            a=49 b=47 c=2 imm=4294967295  ; line 2293
13826 RETURN               R49  ; line 2293
13827 LOAD_CONST           R50 constant[2831]  ; line 2293
13828 RETURN               R50  ; line 2293
13829 LOAD_CONST           R3 constant[2832]  ; line 2298
13830 MOVE                 R4 <- R0  ; line 2298
13831 MOVE                 R5 <- R3  ; line 2298
13832 HOST_CALL            a=6 b=11 c=4 imm=2  ; line 2298
13833 LOAD_CONST           R7 constant[2833]  ; line 2298
13834 COMPARE              a=6 b=7 c=8 imm=1  ; line 2298
13835 JUMP_IF_FALSE        R8 -> 13845  ; line 2298
13836 LOAD_CONST           R3 constant[2834]  ; line 2298
13837 LOAD_CONST           R4 constant[2835]  ; line 2298
13838 LOAD_CONST           R5 constant[2836]  ; line 2298
13839 MOVE                 R6 <- R3  ; line 2298
13840 MOVE                 R7 <- R4  ; line 2298
13841 MOVE                 R8 <- R5  ; line 2298
13842 CALL                 a=9 b=86 c=6 imm=3  ; line 2298
13843 RETURN               R9  ; line 2298
13844 JUMP                 -> 13845  ; line 2298
13845 LOAD_CONST           R3 constant[2837]  ; line 2299
13846 MOVE                 R4 <- R0  ; line 2299
13847 MOVE                 R5 <- R3  ; line 2299
13848 HOST_CALL            a=6 b=11 c=4 imm=2  ; line 2299
13849 LOAD_CONST           R7 constant[2838]  ; line 2299
13850 MOVE                 R8 <- R6  ; line 2299
13851 MOVE                 R9 <- R7  ; line 2299
13852 HOST_CALL            a=10 b=11 c=8 imm=2  ; line 2299
13853 JUMP_IF_FALSE        R10 -> 13895  ; line 2299
13854 MOVE                 R3 <- R0  ; line 2300
13855 MOVE                 R4 <- R1  ; line 2300
13856 CALL                 a=5 b=132 c=3 imm=2  ; line 2300
13857 MOVE                 R6 <- R5  ; line 2300
13858 LOAD_CONST           R7 constant[2839]  ; line 2301
13859 MOVE                 R8 <- R6  ; line 2301
13860 MOVE                 R9 <- R7  ; line 2301
13861 HOST_CALL            a=10 b=11 c=8 imm=2  ; line 2301
13862 UNARY                a=10 b=11 c=4294967295 imm=1  ; line 2301
13863 JUMP_IF_FALSE        R11 -> 13866  ; line 2301
13864 RETURN               R6  ; line 2301
13865 JUMP                 -> 13866  ; line 2301
13866 LOAD_CONST           R7 constant[2840]  ; line 2302
13867 MOVE                 R8 <- R6  ; line 2302
13868 MOVE                 R9 <- R7  ; line 2302
13869 HOST_CALL            a=10 b=11 c=8 imm=2  ; line 2302
13870 MOVE                 R11 <- R10  ; line 2302
13871 LOAD_CONST           R12 constant[2841]  ; line 2303
13872 LOAD_CONST           R13 constant[2842]  ; line 2303
13873 MOVE                 R14 <- R11  ; line 2303
13874 MOVE                 R15 <- R13  ; line 2303
13875 HOST_CALL            a=16 b=11 c=14 imm=2  ; line 2303
13876 LOAD_CONST           R17 constant[2843]  ; line 2303
13877 MOVE                 R18 <- R11  ; line 2303
13878 MOVE                 R19 <- R17  ; line 2303
13879 HOST_CALL            a=20 b=11 c=18 imm=2  ; line 2303
13880 LOAD_CONST           R21 constant[2844]  ; line 2303
13881 LOAD_CONST           R22 constant[2845]  ; line 2303
13882 MOVE                 R23 <- R22  ; line 2303
13883 ARRAY_NEW            a=24 b=23 c=1 imm=4294967295  ; line 2303
13884 MOVE                 R25 <- R0  ; line 2303
13885 MOVE                 R26 <- R16  ; line 2303
13886 MOVE                 R27 <- R20  ; line 2303
13887 MOVE                 R28 <- R21  ; line 2303
13888 MOVE                 R29 <- R24  ; line 2303
13889 CALL                 a=30 b=100 c=25 imm=5  ; line 2303
13890 MOVE                 R31 <- R12  ; line 2303
13891 MOVE                 R32 <- R30  ; line 2303
13892 ARRAY_NEW            a=33 b=31 c=2 imm=4294967295  ; line 2303
13893 RETURN               R33  ; line 2303
13894 JUMP                 -> 13895  ; line 2303
13895 MOVE                 R12 <- R0  ; line 2306
13896 MOVE                 R13 <- R1  ; line 2306
13897 CALL                 a=14 b=131 c=12 imm=2  ; line 2306
13898 MOVE                 R15 <- R14  ; line 2306
13899 LOAD_CONST           R16 constant[2846]  ; line 2307
13900 LOAD_CONST           R17 constant[2847]  ; line 2307
13901 MOVE                 R18 <- R15  ; line 2307
13902 MOVE                 R19 <- R17  ; line 2307
13903 HOST_CALL            a=20 b=11 c=18 imm=2  ; line 2307
13904 LOAD_CONST           R21 constant[2848]  ; line 2307
13905 MOVE                 R22 <- R15  ; line 2307
13906 MOVE                 R23 <- R21  ; line 2307
13907 HOST_CALL            a=24 b=11 c=22 imm=2  ; line 2307
13908 LOAD_CONST           R25 constant[2849]  ; line 2307
13909 LOAD_CONST           R26 constant[2850]  ; line 2307
13910 MOVE                 R27 <- R26  ; line 2307
13911 ARRAY_NEW            a=28 b=27 c=1 imm=4294967295  ; line 2307
13912 MOVE                 R29 <- R0  ; line 2307
13913 MOVE                 R30 <- R20  ; line 2307
13914 MOVE                 R31 <- R24  ; line 2307
13915 MOVE                 R32 <- R25  ; line 2307
13916 MOVE                 R33 <- R28  ; line 2307
13917 CALL                 a=34 b=100 c=29 imm=5  ; line 2307
13918 MOVE                 R35 <- R16  ; line 2307
13919 MOVE                 R36 <- R34  ; line 2307
13920 ARRAY_NEW            a=37 b=35 c=2 imm=4294967295  ; line 2307
13921 RETURN               R37  ; line 2307
13922 LOAD_CONST           R38 constant[2851]  ; line 2307
13923 RETURN               R38  ; line 2307
13924 LOAD_CONST           R3 constant[2852]  ; line 2312
13925 MOVE                 R4 <- R0  ; line 2312
13926 MOVE                 R5 <- R3  ; line 2312
13927 HOST_CALL            a=6 b=11 c=4 imm=2  ; line 2312
13928 LOAD_CONST           R7 constant[2853]  ; line 2312
13929 COMPARE              a=6 b=7 c=8 imm=1  ; line 2312
13930 JUMP_IF_FALSE        R8 -> 13948  ; line 2312
13931 LOAD_CONST           R3 constant[2854]  ; line 2313
13932 MOVE                 R4 <- R0  ; line 2313
13933 MOVE                 R5 <- R3  ; line 2313
13934 HOST_CALL            a=6 b=11 c=4 imm=2  ; line 2313
13935 LOAD_CONST           R7 constant[2855]  ; line 2313
13936 COMPARE              a=6 b=7 c=8 imm=1  ; line 2313
13937 JUMP_IF_FALSE        R8 -> 13947  ; line 2313
13938 LOAD_CONST           R3 constant[2856]  ; line 2313
13939 LOAD_CONST           R4 constant[2857]  ; line 2313
13940 LOAD_CONST           R5 constant[2858]  ; line 2313
13941 MOVE                 R6 <- R3  ; line 2313
13942 MOVE                 R7 <- R4  ; line 2313
13943 MOVE                 R8 <- R5  ; line 2313
13944 CALL                 a=9 b=86 c=6 imm=3  ; line 2313
13945 RETURN               R9  ; line 2313
13946 JUMP                 -> 13947  ; line 2313
13947 JUMP                 -> 13948  ; line 2313
13948 MOVE                 R3 <- R0  ; line 2315
13949 MOVE                 R4 <- R1  ; line 2315
13950 CALL                 a=5 b=143 c=3 imm=2  ; line 2315
13951 MOVE                 R6 <- R5  ; line 2315
13952 LOAD_CONST           R7 constant[2859]  ; line 2316
13953 LOAD_CONST           R8 constant[2860]  ; line 2316
13954 MOVE                 R9 <- R6  ; line 2316
13955 MOVE                 R10 <- R8  ; line 2316
13956 HOST_CALL            a=11 b=11 c=9 imm=2  ; line 2316
13957 LOAD_CONST           R12 constant[2861]  ; line 2316
13958 MOVE                 R13 <- R6  ; line 2316
13959 MOVE                 R14 <- R12  ; line 2316
13960 HOST_CALL            a=15 b=11 c=13 imm=2  ; line 2316
13961 LOAD_CONST           R16 constant[2862]  ; line 2316
13962 LOAD_CONST           R17 constant[2863]  ; line 2316
13963 MOVE                 R18 <- R17  ; line 2316
13964 ARRAY_NEW            a=19 b=18 c=1 imm=4294967295  ; line 2316
13965 MOVE                 R20 <- R0  ; line 2316
13966 MOVE                 R21 <- R11  ; line 2316
13967 MOVE                 R22 <- R15  ; line 2316
13968 MOVE                 R23 <- R16  ; line 2316
13969 MOVE                 R24 <- R19  ; line 2316
13970 CALL                 a=25 b=100 c=20 imm=5  ; line 2316
13971 MOVE                 R26 <- R7  ; line 2316
13972 MOVE                 R27 <- R25  ; line 2316
13973 ARRAY_NEW            a=28 b=26 c=2 imm=4294967295  ; line 2316
13974 RETURN               R28  ; line 2316
13975 LOAD_CONST           R29 constant[2864]  ; line 2316
13976 RETURN               R29  ; line 2316
13977 LOAD_CONST           R3 constant[2865]  ; line 2321
13978 MOVE                 R4 <- R0  ; line 2321
13979 MOVE                 R5 <- R3  ; line 2321
13980 HOST_CALL            a=6 b=11 c=4 imm=2  ; line 2321
13981 LOAD_CONST           R7 constant[2866]  ; line 2321
13982 COMPARE              a=6 b=7 c=8 imm=1  ; line 2321
13983 JUMP_IF_FALSE        R8 -> 13993  ; line 2321
13984 LOAD_CONST           R3 constant[2867]  ; line 2321
13985 LOAD_CONST           R4 constant[2868]  ; line 2321
13986 LOAD_CONST           R5 constant[2869]  ; line 2321
13987 MOVE                 R6 <- R3  ; line 2321
13988 MOVE                 R7 <- R4  ; line 2321
13989 MOVE                 R8 <- R5  ; line 2321
13990 CALL                 a=9 b=86 c=6 imm=3  ; line 2321
13991 RETURN               R9  ; line 2321
13992 JUMP                 -> 13993  ; line 2321
13993 LOAD_CONST           R3 constant[2870]  ; line 2322
13994 LOAD_CONST           R4 constant[2871]  ; line 2322
13995 MOVE                 R5 <- R2  ; line 2322
13996 MOVE                 R6 <- R3  ; line 2322
13997 MOVE                 R7 <- R4  ; line 2322
13998 CALL                 a=8 b=87 c=5 imm=3  ; line 2322
13999 MOVE                 R9 <- R8  ; line 2322
14000 LOAD_CONST           R10 constant[2872]  ; line 2323
14001 COMPARE              a=9 b=10 c=11 imm=2  ; line 2323
14002 JUMP_IF_FALSE        R11 -> 14012  ; line 2323
14003 LOAD_CONST           R10 constant[2873]  ; line 2323
14004 LOAD_CONST           R11 constant[2874]  ; line 2323
14005 LOAD_CONST           R12 constant[2875]  ; line 2323
14006 MOVE                 R13 <- R10  ; line 2323
14007 MOVE                 R14 <- R11  ; line 2323
14008 MOVE                 R15 <- R12  ; line 2323
14009 CALL                 a=16 b=86 c=13 imm=3  ; line 2323
14010 RETURN               R16  ; line 2323
14011 JUMP                 -> 14012  ; line 2323
14012 LOAD_CONST           R10 constant[2876]  ; line 2324
14013 MOVE                 R11 <- R10  ; line 2324
14014 HOST_CALL            a=12 b=22 c=11 imm=1  ; line 2324
14015 MOVE                 R13 <- R12  ; line 2324
14016 LOAD_CONST           R14 constant[2877]  ; line 2325
14017 MOVE                 R15 <- R14  ; line 2325
14018 HOST_CALL            a=16 b=22 c=15 imm=1  ; line 2325
14019 MOVE                 R17 <- R16  ; line 2325
14020 LOAD_CONST           R18 constant[2878]  ; line 2326
14021 MOVE                 R19 <- R18  ; line 2326
14022 COMPARE              a=19 b=9 c=20 imm=2  ; line 2327
14023 JUMP_IF_FALSE        R20 -> 14164  ; line 2327
14024 LOAD_CONST           R20 constant[2879]  ; line 2328
14025 MOVE                 R21 <- R0  ; line 2328
14026 MOVE                 R22 <- R20  ; line 2328
14027 HOST_CALL            a=23 b=11 c=21 imm=2  ; line 2328
14028 LOAD_CONST           R24 constant[2880]  ; line 2328
14029 MOVE                 R25 <- R23  ; line 2328
14030 MOVE                 R26 <- R24  ; line 2328
14031 HOST_CALL            a=27 b=11 c=25 imm=2  ; line 2328
14032 LOAD_CONST           R28 constant[2881]  ; line 2328
14033 MOVE                 R29 <- R0  ; line 2328
14034 MOVE                 R30 <- R28  ; line 2328
14035 HOST_CALL            a=31 b=11 c=29 imm=2  ; line 2328
14036 LOAD_CONST           R32 constant[2882]  ; line 2328
14037 MOVE                 R33 <- R31  ; line 2328
14038 MOVE                 R34 <- R32  ; line 2328
14039 HOST_CALL            a=35 b=11 c=33 imm=2  ; line 2328
14040 BINARY               a=27 b=35 c=36 imm=2  ; line 2328
14041 LOAD_CONST           R37 constant[2883]  ; line 2328
14042 LOAD_CONST           R38 constant[2884]  ; line 2328
14043 MOVE                 R39 <- R0  ; line 2328
14044 MOVE                 R40 <- R38  ; line 2328
14045 HOST_CALL            a=41 b=11 c=39 imm=2  ; line 2328
14046 LOAD_CONST           R42 constant[2885]  ; line 2328
14047 MOVE                 R43 <- R41  ; line 2328
14048 MOVE                 R44 <- R42  ; line 2328
14049 HOST_CALL            a=45 b=11 c=43 imm=2  ; line 2328
14050 BINARY               a=37 b=45 c=46 imm=1  ; line 2328
14051 LOAD_CONST           R47 constant[2886]  ; line 2328
14052 MOVE                 R48 <- R0  ; line 2328
14053 MOVE                 R49 <- R47  ; line 2328
14054 HOST_CALL            a=50 b=11 c=48 imm=2  ; line 2328
14055 LOAD_CONST           R51 constant[2887]  ; line 2328
14056 MOVE                 R52 <- R50  ; line 2328
14057 MOVE                 R53 <- R51  ; line 2328
14058 HOST_CALL            a=54 b=11 c=52 imm=2  ; line 2328
14059 BINARY               a=46 b=54 c=55 imm=2  ; line 2328
14060 BINARY               a=36 b=55 c=56 imm=1  ; line 2328
14061 MOVE                 R57 <- R56  ; line 2328
14062 LOAD_CONST           R58 constant[2888]  ; line 2330
14063 MOVE                 R59 <- R0  ; line 2330
14064 MOVE                 R60 <- R58  ; line 2330
14065 HOST_CALL            a=61 b=11 c=59 imm=2  ; line 2330
14066 LOAD_CONST           R62 constant[2889]  ; line 2330
14067 MOVE                 R63 <- R61  ; line 2330
14068 MOVE                 R64 <- R62  ; line 2330
14069 HOST_CALL            a=65 b=11 c=63 imm=2  ; line 2330
14070 MOVE                 R66 <- R65  ; line 2330
14071 LOAD_CONST           R67 constant[2890]  ; line 2331
14072 MOVE                 R68 <- R0  ; line 2331
14073 MOVE                 R69 <- R67  ; line 2331
14074 HOST_CALL            a=70 b=11 c=68 imm=2  ; line 2331
14075 LOAD_CONST           R71 constant[2891]  ; line 2331
14076 MOVE                 R72 <- R70  ; line 2331
14077 MOVE                 R73 <- R71  ; line 2331
14078 HOST_CALL            a=74 b=11 c=72 imm=2  ; line 2331
14079 LOAD_CONST           R75 constant[2892]  ; line 2331
14080 COMPARE              a=74 b=75 c=76 imm=1  ; line 2331
14081 JUMP_IF_FALSE        R76 -> 14097  ; line 2331
14082 LOAD_CONST           R67 constant[2893]  ; line 2332
14083 MOVE                 R68 <- R0  ; line 2332
14084 MOVE                 R69 <- R67  ; line 2332
14085 HOST_CALL            a=70 b=11 c=68 imm=2  ; line 2332
14086 LOAD_CONST           R71 constant[2894]  ; line 2332
14087 MOVE                 R72 <- R70  ; line 2332
14088 MOVE                 R73 <- R71  ; line 2332
14089 HOST_CALL            a=74 b=11 c=72 imm=2  ; line 2332
14090 UNARY                a=19 b=75 c=4294967295 imm=0  ; line 2332
14091 MOVE                 R76 <- R75  ; line 2332
14092 CALL                 a=77 b=91 c=76 imm=1  ; line 2332
14093 BINARY               a=74 b=77 c=78 imm=2  ; line 2332
14094 BINARY               a=66 b=78 c=79 imm=0  ; line 2332
14095 MOVE                 R66 <- R79  ; line 2332
14096 JUMP                 -> 14097  ; line 2332
14097 BINARY               a=66 b=57 c=67 imm=2  ; line 2334
14098 MOVE                 R68 <- R13  ; line 2334
14099 MOVE                 R69 <- R67  ; line 2334
14100 HOST_CALL            a=70 b=23 c=68 imm=2  ; line 2334
14101 LOAD_CONST           R67 constant[2895]  ; line 2335
14102 MOVE                 R68 <- R0  ; line 2335
14103 MOVE                 R69 <- R67  ; line 2335
14104 HOST_CALL            a=70 b=11 c=68 imm=2  ; line 2335
14105 LOAD_CONST           R71 constant[2896]  ; line 2335
14106 MOVE                 R72 <- R70  ; line 2335
14107 MOVE                 R73 <- R71  ; line 2335
14108 HOST_CALL            a=74 b=11 c=72 imm=2  ; line 2335
14109 LOAD_CONST           R75 constant[2897]  ; line 2335
14110 MOVE                 R76 <- R0  ; line 2335
14111 MOVE                 R77 <- R75  ; line 2335
14112 HOST_CALL            a=78 b=11 c=76 imm=2  ; line 2335
14113 LOAD_CONST           R79 constant[2898]  ; line 2335
14114 MOVE                 R80 <- R78  ; line 2335
14115 MOVE                 R81 <- R79  ; line 2335
14116 HOST_CALL            a=82 b=11 c=80 imm=2  ; line 2335
14117 BINARY               a=74 b=82 c=83 imm=2  ; line 2335
14118 LOAD_CONST           R84 constant[2899]  ; line 2335
14119 MOVE                 R85 <- R0  ; line 2335
14120 MOVE                 R86 <- R84  ; line 2335
14121 HOST_CALL            a=87 b=11 c=85 imm=2  ; line 2335
14122 LOAD_CONST           R88 constant[2900]  ; line 2335
14123 MOVE                 R89 <- R87  ; line 2335
14124 MOVE                 R90 <- R88  ; line 2335
14125 HOST_CALL            a=91 b=11 c=89 imm=2  ; line 2335
14126 BINARY               a=83 b=91 c=92 imm=2  ; line 2335
14127 LOAD_CONST           R93 constant[2901]  ; line 2335
14128 LOAD_CONST           R94 constant[2902]  ; line 2335
14129 MOVE                 R95 <- R0  ; line 2335
14130 MOVE                 R96 <- R94  ; line 2335
14131 HOST_CALL            a=97 b=11 c=95 imm=2  ; line 2335
14132 LOAD_CONST           R98 constant[2903]  ; line 2335
14133 MOVE                 R99 <- R97  ; line 2335
14134 MOVE                 R100 <- R98  ; line 2335
14135 HOST_CALL            a=101 b=11 c=99 imm=2  ; line 2335
14136 BINARY               a=93 b=101 c=102 imm=1  ; line 2335
14137 LOAD_CONST           R103 constant[2904]  ; line 2335
14138 MOVE                 R104 <- R0  ; line 2335
14139 MOVE                 R105 <- R103  ; line 2335
14140 HOST_CALL            a=106 b=11 c=104 imm=2  ; line 2335
14141 LOAD_CONST           R107 constant[2905]  ; line 2335
14142 MOVE                 R108 <- R106  ; line 2335
14143 MOVE                 R109 <- R107  ; line 2335
14144 HOST_CALL            a=110 b=11 c=108 imm=2  ; line 2335
14145 BINARY               a=102 b=110 c=111 imm=2  ; line 2335
14146 LOAD_CONST           R112 constant[2906]  ; line 2335
14147 MOVE                 R113 <- R0  ; line 2335
14148 MOVE                 R114 <- R112  ; line 2335
14149 HOST_CALL            a=115 b=11 c=113 imm=2  ; line 2335
14150 LOAD_CONST           R116 constant[2907]  ; line 2335
14151 MOVE                 R117 <- R115  ; line 2335
14152 MOVE                 R118 <- R116  ; line 2335
14153 HOST_CALL            a=119 b=11 c=117 imm=2  ; line 2335
14154 BINARY               a=111 b=119 c=120 imm=2  ; line 2335
14155 BINARY               a=92 b=120 c=121 imm=0  ; line 2335
14156 BINARY               a=66 b=121 c=122 imm=2  ; line 2335
14157 MOVE                 R123 <- R17  ; line 2335
14158 MOVE                 R124 <- R122  ; line 2335
14159 HOST_CALL            a=125 b=23 c=123 imm=2  ; line 2335
14160 LOAD_CONST           R67 constant[2908]  ; line 2337
14161 BINARY               a=19 b=67 c=68 imm=0  ; line 2337
14162 MOVE                 R19 <- R68  ; line 2337
14163 JUMP                 -> 14022  ; line 2337
14164 LOAD_CONST           R67 constant[2909]  ; line 2339
14165 MOVE                 R68 <- R13  ; line 2339
14166 HOST_CALL            a=69 b=72 c=68 imm=1  ; line 2339
14167 MOVE                 R70 <- R17  ; line 2339
14168 HOST_CALL            a=71 b=72 c=70 imm=1  ; line 2339
14169 LOAD_CONST           R72 constant[2910]  ; line 2339
14170 LOAD_CONST           R73 constant[2911]  ; line 2339
14171 MOVE                 R74 <- R73  ; line 2339
14172 ARRAY_NEW            a=75 b=74 c=1 imm=4294967295  ; line 2339
14173 MOVE                 R76 <- R0  ; line 2339
14174 MOVE                 R77 <- R69  ; line 2339
14175 MOVE                 R78 <- R71  ; line 2339
14176 MOVE                 R79 <- R72  ; line 2339
14177 MOVE                 R80 <- R75  ; line 2339
14178 CALL                 a=81 b=100 c=76 imm=5  ; line 2339
14179 MOVE                 R82 <- R67  ; line 2339
14180 MOVE                 R83 <- R81  ; line 2339
14181 ARRAY_NEW            a=84 b=82 c=2 imm=4294967295  ; line 2339
14182 RETURN               R84  ; line 2339
14183 LOAD_CONST           R85 constant[2912]  ; line 2339
14184 RETURN               R85  ; line 2339
14185 MOVE                 R2 <- R0  ; line 6
14186 MOVE                 R3 <- R1  ; line 6
14187 HOST_CALL            a=4 b=25 c=2 imm=2  ; line 6
14188 RETURN               R4  ; line 6
14189 LOAD_CONST           R5 constant[2913]  ; line 6
14190 RETURN               R5  ; line 6
14191 MOVE                 R2 <- R0  ; line 10
14192 HOST_CALL            a=3 b=17 c=2 imm=1  ; line 10
14193 MOVE                 R4 <- R1  ; line 10
14194 HOST_CALL            a=5 b=17 c=4 imm=1  ; line 10
14195 COMPARE              a=3 b=5 c=6 imm=2  ; line 10
14196 JUMP_IF_FALSE        R6 -> 14200  ; line 10
14197 LOAD_CONST           R2 constant[2914]  ; line 10
14198 RETURN               R2  ; line 10
14199 JUMP                 -> 14200  ; line 10
14200 LOAD_CONST           R2 constant[2915]  ; line 11
14201 MOVE                 R3 <- R1  ; line 11
14202 HOST_CALL            a=4 b=17 c=3 imm=1  ; line 11
14203 MOVE                 R5 <- R0  ; line 11
14204 MOVE                 R6 <- R2  ; line 11
14205 MOVE                 R7 <- R4  ; line 11
14206 HOST_CALL            a=8 b=19 c=5 imm=3  ; line 11
14207 COMPARE              a=8 b=1 c=9 imm=0  ; line 11
14208 RETURN               R9  ; line 11
14209 LOAD_CONST           R10 constant[2916]  ; line 11
14210 RETURN               R10  ; line 11
14211 MOVE                 R2 <- R0  ; line 15
14212 HOST_CALL            a=3 b=17 c=2 imm=1  ; line 15
14213 MOVE                 R4 <- R3  ; line 15
14214 MOVE                 R5 <- R1  ; line 16
14215 HOST_CALL            a=6 b=17 c=5 imm=1  ; line 16
14216 MOVE                 R7 <- R6  ; line 16
14217 COMPARE              a=4 b=7 c=8 imm=2  ; line 17
14218 JUMP_IF_FALSE        R8 -> 14222  ; line 17
14219 LOAD_CONST           R8 constant[2917]  ; line 17
14220 RETURN               R8  ; line 17
14221 JUMP                 -> 14222  ; line 17
14222 BINARY               a=4 b=7 c=8 imm=1  ; line 18
14223 MOVE                 R9 <- R0  ; line 18
14224 MOVE                 R10 <- R8  ; line 18
14225 MOVE                 R11 <- R4  ; line 18
14226 HOST_CALL            a=12 b=19 c=9 imm=3  ; line 18
14227 COMPARE              a=12 b=1 c=13 imm=0  ; line 18
14228 RETURN               R13  ; line 18
14229 LOAD_CONST           R14 constant[2918]  ; line 18
14230 RETURN               R14  ; line 18
14231 MOVE                 R2 <- R0  ; line 22
14232 HOST_CALL            a=3 b=17 c=2 imm=1  ; line 22
14233 MOVE                 R4 <- R3  ; line 22
14234 MOVE                 R5 <- R1  ; line 23
14235 HOST_CALL            a=6 b=17 c=5 imm=1  ; line 23
14236 MOVE                 R7 <- R6  ; line 23
14237 LOAD_CONST           R8 constant[2919]  ; line 24
14238 COMPARE              a=7 b=8 c=9 imm=0  ; line 24
14239 JUMP_IF_FALSE        R9 -> 14243  ; line 24
14240 LOAD_CONST           R8 constant[2920]  ; line 24
14241 RETURN               R8  ; line 24
14242 JUMP                 -> 14243  ; line 24
14243 COMPARE              a=4 b=7 c=8 imm=2  ; line 25
14244 JUMP_IF_FALSE        R8 -> 14248  ; line 25
14245 LOAD_CONST           R8 constant[2921]  ; line 25
14246 RETURN               R8  ; line 25
14247 JUMP                 -> 14248  ; line 25
14248 LOAD_CONST           R8 constant[2922]  ; line 26
14249 MOVE                 R9 <- R8  ; line 26
14250 BINARY               a=4 b=7 c=10 imm=1  ; line 27
14251 COMPARE              a=9 b=10 c=11 imm=3  ; line 27
14252 JUMP_IF_FALSE        R11 -> 14267  ; line 27
14253 BINARY               a=9 b=7 c=10 imm=0  ; line 28
14254 MOVE                 R11 <- R0  ; line 28
14255 MOVE                 R12 <- R9  ; line 28
14256 MOVE                 R13 <- R10  ; line 28
14257 HOST_CALL            a=14 b=19 c=11 imm=3  ; line 28
14258 COMPARE              a=14 b=1 c=15 imm=0  ; line 28
14259 JUMP_IF_FALSE        R15 -> 14263  ; line 28
14260 LOAD_CONST           R10 constant[2923]  ; line 28
14261 RETURN               R10  ; line 28
14262 JUMP                 -> 14263  ; line 28
14263 LOAD_CONST           R10 constant[2924]  ; line 29
14264 BINARY               a=9 b=10 c=11 imm=0  ; line 29
14265 MOVE                 R9 <- R11  ; line 29
14266 JUMP                 -> 14250  ; line 29
14267 LOAD_CONST           R10 constant[2925]  ; line 31
14268 RETURN               R10  ; line 31
14269 LOAD_CONST           R11 constant[2926]  ; line 31
14270 RETURN               R11  ; line 31
14271 MOVE                 R3 <- R0  ; line 35
14272 MOVE                 R4 <- R1  ; line 35
14273 MOVE                 R5 <- R2  ; line 35
14274 HOST_CALL            a=6 b=19 c=3 imm=3  ; line 35
14275 RETURN               R6  ; line 35
14276 LOAD_CONST           R7 constant[2927]  ; line 35
14277 RETURN               R7  ; line 35
14278 MOVE                 R2 <- R1  ; line 39
14279 HOST_CALL            a=3 b=17 c=2 imm=1  ; line 39
14280 LOAD_CONST           R4 constant[2928]  ; line 39
14281 COMPARE              a=3 b=4 c=5 imm=4  ; line 39
14282 LOAD_CONST           R6 constant[2929]  ; line 39
14283 MOVE                 R7 <- R5  ; line 39
14284 MOVE                 R8 <- R6  ; line 39
14285 HOST_CALL            a=9 b=5 c=7 imm=2  ; line 39
14286 LOAD_CONST           R2 constant[2930]  ; line 40
14287 MOVE                 R3 <- R2  ; line 40
14288 HOST_CALL            a=4 b=22 c=3 imm=1  ; line 40
14289 MOVE                 R5 <- R4  ; line 40
14290 MOVE                 R6 <- R0  ; line 41
14291 HOST_CALL            a=7 b=17 c=6 imm=1  ; line 41
14292 MOVE                 R8 <- R7  ; line 41
14293 MOVE                 R9 <- R1  ; line 42
14294 HOST_CALL            a=10 b=17 c=9 imm=1  ; line 42
14295 MOVE                 R11 <- R10  ; line 42
14296 LOAD_CONST           R12 constant[2931]  ; line 43
14297 MOVE                 R13 <- R12  ; line 43
14298 LOAD_CONST           R14 constant[2932]  ; line 44
14299 MOVE                 R15 <- R14  ; line 44
14300 BINARY               a=8 b=11 c=16 imm=1  ; line 45
14301 COMPARE              a=15 b=16 c=17 imm=3  ; line 45
14302 JUMP_IF_FALSE        R17 -> 14325  ; line 45
14303 BINARY               a=15 b=11 c=16 imm=0  ; line 46
14304 MOVE                 R17 <- R0  ; line 46
14305 MOVE                 R18 <- R15  ; line 46
14306 MOVE                 R19 <- R16  ; line 46
14307 HOST_CALL            a=20 b=19 c=17 imm=3  ; line 46
14308 COMPARE              a=20 b=1 c=21 imm=0  ; line 46
14309 JUMP_IF_FALSE        R21 -> 14321  ; line 46
14310 MOVE                 R16 <- R0  ; line 47
14311 MOVE                 R17 <- R13  ; line 47
14312 MOVE                 R18 <- R15  ; line 47
14313 HOST_CALL            a=19 b=19 c=16 imm=3  ; line 47
14314 MOVE                 R20 <- R5  ; line 47
14315 MOVE                 R21 <- R19  ; line 47
14316 HOST_CALL            a=22 b=23 c=20 imm=2  ; line 47
14317 BINARY               a=15 b=11 c=16 imm=0  ; line 48
14318 MOVE                 R13 <- R16  ; line 48
14319 MOVE                 R15 <- R13  ; line 49
14320 JUMP                 -> 14324  ; line 49
14321 LOAD_CONST           R16 constant[2933]  ; line 51
14322 BINARY               a=15 b=16 c=17 imm=0  ; line 51
14323 MOVE                 R15 <- R17  ; line 51
14324 JUMP                 -> 14300  ; line 51
14325 MOVE                 R16 <- R0  ; line 54
14326 MOVE                 R17 <- R13  ; line 54
14327 MOVE                 R18 <- R8  ; line 54
14328 HOST_CALL            a=19 b=19 c=16 imm=3  ; line 54
14329 MOVE                 R20 <- R5  ; line 54
14330 MOVE                 R21 <- R19  ; line 54
14331 HOST_CALL            a=22 b=23 c=20 imm=2  ; line 54
14332 RETURN               R5  ; line 55
14333 LOAD_CONST           R16 constant[2934]  ; line 55
14334 RETURN               R16  ; line 55
14335 LOAD_CONST           R1 constant[2935]  ; line 59
14336 COMPARE              a=0 b=1 c=2 imm=0  ; line 59
14337 JUMP_IF_FALSE        R2 -> 14341  ; line 59
14338 LOAD_CONST           R1 constant[2936]  ; line 59
14339 RETURN               R1  ; line 59
14340 JUMP                 -> 14341  ; line 59
14341 LOAD_CONST           R1 constant[2937]  ; line 60
14342 COMPARE              a=0 b=1 c=2 imm=0  ; line 60
14343 JUMP_IF_FALSE        R2 -> 14347  ; line 60
14344 LOAD_CONST           R1 constant[2938]  ; line 60
14345 RETURN               R1  ; line 60
14346 JUMP                 -> 14347  ; line 60
14347 LOAD_CONST           R1 constant[2939]  ; line 61
14348 COMPARE              a=0 b=1 c=2 imm=0  ; line 61
14349 JUMP_IF_FALSE        R2 -> 14353  ; line 61
14350 LOAD_CONST           R1 constant[2940]  ; line 61
14351 RETURN               R1  ; line 61
14352 JUMP                 -> 14353  ; line 61
14353 LOAD_CONST           R1 constant[2941]  ; line 62
14354 COMPARE              a=0 b=1 c=2 imm=0  ; line 62
14355 JUMP_IF_FALSE        R2 -> 14359  ; line 62
14356 LOAD_CONST           R1 constant[2942]  ; line 62
14357 RETURN               R1  ; line 62
14358 JUMP                 -> 14359  ; line 62
14359 LOAD_CONST           R1 constant[2943]  ; line 63
14360 RETURN               R1  ; line 63
14361 LOAD_CONST           R2 constant[2944]  ; line 63
14362 RETURN               R2  ; line 63
14363 MOVE                 R1 <- R0  ; line 67
14364 HOST_CALL            a=2 b=17 c=1 imm=1  ; line 67
14365 MOVE                 R3 <- R2  ; line 67
14366 LOAD_CONST           R4 constant[2945]  ; line 68
14367 MOVE                 R5 <- R4  ; line 68
14368 MOVE                 R6 <- R3  ; line 69
14369 LOAD_CONST           R7 constant[2946]  ; line 70
14370 MOVE                 R8 <- R7  ; line 70
14371 JUMP_IF_FALSE        R8 -> 14390  ; line 71
14372 COMPARE              a=5 b=6 c=9 imm=2  ; line 72
14373 JUMP_IF_FALSE        R9 -> 14387  ; line 72
14374 MOVE                 R9 <- R0  ; line 73
14375 MOVE                 R10 <- R5  ; line 73
14376 HOST_CALL            a=11 b=18 c=9 imm=2  ; line 73
14377 MOVE                 R12 <- R11  ; line 73
14378 CALL                 a=13 b=169 c=12 imm=1  ; line 73
14379 JUMP_IF_FALSE        R13 -> 14384  ; line 73
14380 LOAD_CONST           R9 constant[2947]  ; line 73
14381 BINARY               a=5 b=9 c=10 imm=0  ; line 73
14382 MOVE                 R5 <- R10  ; line 73
14383 JUMP                 -> 14386  ; line 73
14384 LOAD_CONST           R9 constant[2948]  ; line 74
14385 MOVE                 R8 <- R9  ; line 74
14386 JUMP                 -> 14389  ; line 74
14387 LOAD_CONST           R9 constant[2949]  ; line 75
14388 MOVE                 R8 <- R9  ; line 75
14389 JUMP                 -> 14371  ; line 75
14390 LOAD_CONST           R9 constant[2950]  ; line 77
14391 MOVE                 R8 <- R9  ; line 77
14392 JUMP_IF_FALSE        R8 -> 14413  ; line 78
14393 COMPARE              a=6 b=5 c=9 imm=4  ; line 79
14394 JUMP_IF_FALSE        R9 -> 14410  ; line 79
14395 LOAD_CONST           R9 constant[2951]  ; line 80
14396 BINARY               a=6 b=9 c=10 imm=1  ; line 80
14397 MOVE                 R11 <- R0  ; line 80
14398 MOVE                 R12 <- R10  ; line 80
14399 HOST_CALL            a=13 b=18 c=11 imm=2  ; line 80
14400 MOVE                 R14 <- R13  ; line 80
14401 CALL                 a=15 b=169 c=14 imm=1  ; line 80
14402 JUMP_IF_FALSE        R15 -> 14407  ; line 80
14403 LOAD_CONST           R9 constant[2952]  ; line 80
14404 BINARY               a=6 b=9 c=10 imm=1  ; line 80
14405 MOVE                 R6 <- R10  ; line 80
14406 JUMP                 -> 14409  ; line 80
14407 LOAD_CONST           R9 constant[2953]  ; line 81
14408 MOVE                 R8 <- R9  ; line 81
14409 JUMP                 -> 14412  ; line 81
14410 LOAD_CONST           R9 constant[2954]  ; line 82
14411 MOVE                 R8 <- R9  ; line 82
14412 JUMP                 -> 14392  ; line 82
14413 MOVE                 R9 <- R0  ; line 84
14414 MOVE                 R10 <- R5  ; line 84
14415 MOVE                 R11 <- R6  ; line 84
14416 HOST_CALL            a=12 b=19 c=9 imm=3  ; line 84
14417 RETURN               R12  ; line 84
14418 LOAD_CONST           R13 constant[2955]  ; line 84
14419 RETURN               R13  ; line 84
14420 MOVE                 R3 <- R1  ; line 88
14421 HOST_CALL            a=4 b=17 c=3 imm=1  ; line 88
14422 LOAD_CONST           R5 constant[2956]  ; line 88
14423 COMPARE              a=4 b=5 c=6 imm=4  ; line 88
14424 LOAD_CONST           R7 constant[2957]  ; line 88
14425 MOVE                 R8 <- R6  ; line 88
14426 MOVE                 R9 <- R7  ; line 88
14427 HOST_CALL            a=10 b=5 c=8 imm=2  ; line 88
14428 LOAD_CONST           R3 constant[2958]  ; line 89
14429 MOVE                 R4 <- R3  ; line 89
14430 MOVE                 R5 <- R0  ; line 90
14431 HOST_CALL            a=6 b=17 c=5 imm=1  ; line 90
14432 MOVE                 R7 <- R6  ; line 90
14433 MOVE                 R8 <- R1  ; line 91
14434 HOST_CALL            a=9 b=17 c=8 imm=1  ; line 91
14435 MOVE                 R10 <- R9  ; line 91
14436 LOAD_CONST           R11 constant[2959]  ; line 92
14437 MOVE                 R12 <- R11  ; line 92
14438 LOAD_CONST           R13 constant[2960]  ; line 93
14439 MOVE                 R14 <- R13  ; line 93
14440 BINARY               a=7 b=10 c=15 imm=1  ; line 94
14441 COMPARE              a=14 b=15 c=16 imm=3  ; line 94
14442 JUMP_IF_FALSE        R16 -> 14470  ; line 94
14443 BINARY               a=14 b=10 c=15 imm=0  ; line 95
14444 MOVE                 R16 <- R0  ; line 95
14445 MOVE                 R17 <- R14  ; line 95
14446 MOVE                 R18 <- R15  ; line 95
14447 HOST_CALL            a=19 b=19 c=16 imm=3  ; line 95
14448 COMPARE              a=19 b=1 c=20 imm=0  ; line 95
14449 JUMP_IF_FALSE        R20 -> 14466  ; line 95
14450 MOVE                 R15 <- R0  ; line 96
14451 MOVE                 R16 <- R12  ; line 96
14452 MOVE                 R17 <- R14  ; line 96
14453 HOST_CALL            a=18 b=19 c=15 imm=3  ; line 96
14454 MOVE                 R19 <- R4  ; line 96
14455 MOVE                 R20 <- R18  ; line 96
14456 HOST_CALL            a=21 b=20 c=19 imm=2  ; line 96
14457 MOVE                 R4 <- R21  ; line 96
14458 MOVE                 R15 <- R4  ; line 97
14459 MOVE                 R16 <- R2  ; line 97
14460 HOST_CALL            a=17 b=20 c=15 imm=2  ; line 97
14461 MOVE                 R4 <- R17  ; line 97
14462 BINARY               a=14 b=10 c=15 imm=0  ; line 98
14463 MOVE                 R12 <- R15  ; line 98
14464 MOVE                 R14 <- R12  ; line 99
14465 JUMP                 -> 14469  ; line 99
14466 LOAD_CONST           R15 constant[2961]  ; line 101
14467 BINARY               a=14 b=15 c=16 imm=0  ; line 101
14468 MOVE                 R14 <- R16  ; line 101
14469 JUMP                 -> 14440  ; line 101
14470 MOVE                 R15 <- R0  ; line 104
14471 MOVE                 R16 <- R12  ; line 104
14472 MOVE                 R17 <- R7  ; line 104
14473 HOST_CALL            a=18 b=19 c=15 imm=3  ; line 104
14474 MOVE                 R19 <- R4  ; line 104
14475 MOVE                 R20 <- R18  ; line 104
14476 HOST_CALL            a=21 b=20 c=19 imm=2  ; line 104
14477 MOVE                 R4 <- R21  ; line 104
14478 RETURN               R4  ; line 105
14479 LOAD_CONST           R15 constant[2962]  ; line 105
14480 RETURN               R15  ; line 105
14481 HOST_CALL            a=0 b=0 c=0 imm=0  ; line 4
14482 MOVE                 R1 <- R0  ; line 4
14483 MOVE                 R2 <- R1  ; line 5
14484 HOST_CALL            a=3 b=26 c=2 imm=1  ; line 5
14485 LOAD_CONST           R4 constant[2963]  ; line 5
14486 COMPARE              a=3 b=4 c=5 imm=0  ; line 5
14487 LOAD_CONST           R6 constant[2964]  ; line 5
14488 MOVE                 R7 <- R5  ; line 5
14489 MOVE                 R8 <- R6  ; line 5
14490 HOST_CALL            a=9 b=5 c=7 imm=2  ; line 5
14491 LOAD_CONST           R2 constant[2965]  ; line 6
14492 MOVE                 R3 <- R1  ; line 6
14493 MOVE                 R4 <- R2  ; line 6
14494 HOST_CALL            a=5 b=11 c=3 imm=2  ; line 6
14495 MOVE                 R6 <- R5  ; line 6
14496 LOAD_CONST           R7 constant[2966]  ; line 82
14497 LOAD_CONST           R8 constant[2967]  ; line 82
14498 LOAD_CONST           R9 constant[2968]  ; line 82
14499 LOAD_CONST           R10 constant[2969]  ; line 82
14500 LOAD_CONST           R11 constant[2970]  ; line 82
14501 MOVE                 R12 <- R7  ; line 82
14502 MOVE                 R13 <- R8  ; line 82
14503 MOVE                 R14 <- R9  ; line 82
14504 MOVE                 R15 <- R10  ; line 82
14505 MOVE                 R16 <- R11  ; line 82
14506 ARRAY_NEW            a=17 b=12 c=5 imm=4294967295  ; line 82
14507 MOVE                 R18 <- R17  ; line 82
14508 LOAD_CONST           R19 constant[2971]  ; line 83
14509 MOVE                 R20 <- R19  ; line 83
14510 HOST_CALL            a=21 b=22 c=20 imm=1  ; line 83
14511 MOVE                 R22 <- R21  ; line 83
14512 LOAD_CONST           R23 constant[2972]  ; line 83
14513 MOVE                 R24 <- R23  ; line 83
14514 HOST_CALL            a=25 b=22 c=24 imm=1  ; line 83
14515 MOVE                 R26 <- R25  ; line 83
14516 LOAD_CONST           R27 constant[2973]  ; line 83
14517 MOVE                 R28 <- R27  ; line 83
14518 HOST_CALL            a=29 b=22 c=28 imm=1  ; line 83
14519 MOVE                 R30 <- R29  ; line 83
14520 LOAD_CONST           R31 constant[2974]  ; line 83
14521 MOVE                 R32 <- R31  ; line 83
14522 MOVE                 R33 <- R18  ; line 84
14523 HOST_CALL            a=34 b=26 c=33 imm=1  ; line 84
14524 COMPARE              a=32 b=34 c=35 imm=2  ; line 84
14525 JUMP_IF_FALSE        R35 -> 14783  ; line 84
14526 MOVE                 R33 <- R18  ; line 85
14527 MOVE                 R34 <- R32  ; line 85
14528 HOST_CALL            a=35 b=11 c=33 imm=2  ; line 85
14529 MOVE                 R36 <- R35  ; line 85
14530 MOVE                 R37 <- R6  ; line 86
14531 MOVE                 R38 <- R36  ; line 86
14532 CALL                 a=39 b=0 c=37 imm=2  ; line 86
14533 MOVE                 R40 <- R39  ; line 86
14534 HOST_CALL            a=41 b=50 c=40 imm=1  ; line 86
14535 JUMP_IF_FALSE        R41 -> 14779  ; line 86
14536 MOVE                 R37 <- R6  ; line 87
14537 MOVE                 R38 <- R36  ; line 87
14538 CALL                 a=39 b=29 c=37 imm=2  ; line 87
14539 MOVE                 R40 <- R39  ; line 87
14540 CALL                 a=41 b=63 c=40 imm=1  ; line 87
14541 MOVE                 R42 <- R41  ; line 87
14542 LOAD_CONST           R43 constant[2975]  ; line 88
14543 MOVE                 R44 <- R6  ; line 88
14544 MOVE                 R45 <- R36  ; line 88
14545 MOVE                 R46 <- R43  ; line 88
14546 CALL                 a=47 b=32 c=44 imm=3  ; line 88
14547 MOVE                 R48 <- R47  ; line 88
14548 CALL                 a=49 b=63 c=48 imm=1  ; line 88
14549 MOVE                 R50 <- R49  ; line 88
14550 MOVE                 R51 <- R42  ; line 89
14551 CALL                 a=52 b=68 c=51 imm=1  ; line 89
14552 MOVE                 R53 <- R52  ; line 89
14553 MOVE                 R54 <- R50  ; line 89
14554 CALL                 a=55 b=68 c=54 imm=1  ; line 89
14555 MOVE                 R56 <- R55  ; line 89
14556 MOVE                 R57 <- R6  ; line 90
14557 MOVE                 R58 <- R36  ; line 90
14558 CALL                 a=59 b=6 c=57 imm=2  ; line 90
14559 MOVE                 R60 <- R59  ; line 90
14560 MOVE                 R61 <- R6  ; line 91
14561 MOVE                 R62 <- R36  ; line 91
14562 CALL                 a=63 b=29 c=61 imm=2  ; line 91
14563 MOVE                 R64 <- R63  ; line 91
14564 CALL                 a=65 b=5 c=64 imm=1  ; line 91
14565 MOVE                 R66 <- R65  ; line 91
14566 MOVE                 R67 <- R6  ; line 92
14567 MOVE                 R68 <- R36  ; line 92
14568 CALL                 a=69 b=30 c=67 imm=2  ; line 92
14569 MOVE                 R70 <- R69  ; line 92
14570 CALL                 a=71 b=5 c=70 imm=1  ; line 92
14571 MOVE                 R72 <- R6  ; line 92
14572 MOVE                 R73 <- R36  ; line 92
14573 CALL                 a=74 b=7 c=72 imm=2  ; line 92
14574 BINARY               a=71 b=74 c=75 imm=0  ; line 92
14575 MOVE                 R76 <- R6  ; line 92
14576 MOVE                 R77 <- R36  ; line 92
14577 CALL                 a=78 b=8 c=76 imm=2  ; line 92
14578 BINARY               a=75 b=78 c=79 imm=0  ; line 92
14579 MOVE                 R80 <- R79  ; line 92
14580 LOAD_CONST           R81 constant[2976]  ; line 93
14581 LOAD_CONST           R82 constant[2977]  ; line 93
14582 LOAD_CONST           R83 constant[2978]  ; line 93
14583 MOVE                 R84 <- R6  ; line 93
14584 MOVE                 R85 <- R36  ; line 93
14585 MOVE                 R86 <- R81  ; line 93
14586 MOVE                 R87 <- R82  ; line 93
14587 MOVE                 R88 <- R83  ; line 93
14588 MOVE                 R89 <- R53  ; line 93
14589 MOVE                 R90 <- R53  ; line 93
14590 MOVE                 R91 <- R66  ; line 93
14591 CALL                 a=92 b=10 c=84 imm=8  ; line 93
14592 MOVE                 R93 <- R92  ; line 93
14593 LOAD_CONST           R94 constant[2979]  ; line 94
14594 LOAD_CONST           R95 constant[2980]  ; line 94
14595 LOAD_CONST           R96 constant[2981]  ; line 94
14596 BINARY               a=60 b=56 c=97 imm=0  ; line 94
14597 BINARY               a=56 b=36 c=98 imm=2  ; line 94
14598 BINARY               a=60 b=98 c=99 imm=0  ; line 94
14599 MOVE                 R100 <- R6  ; line 94
14600 MOVE                 R101 <- R36  ; line 94
14601 MOVE                 R102 <- R94  ; line 94
14602 MOVE                 R103 <- R95  ; line 94
14603 MOVE                 R104 <- R96  ; line 94
14604 MOVE                 R105 <- R97  ; line 94
14605 MOVE                 R106 <- R99  ; line 94
14606 MOVE                 R107 <- R80  ; line 94
14607 CALL                 a=108 b=10 c=100 imm=8  ; line 94
14608 MOVE                 R109 <- R108  ; line 94
14609 LOAD_CONST           R110 constant[2982]  ; line 96
14610 LOAD_CONST           R111 constant[2983]  ; line 96
14611 LOAD_CONST           R112 constant[2984]  ; line 96
14612 BINARY               a=60 b=56 c=113 imm=0  ; line 96
14613 BINARY               a=56 b=36 c=114 imm=2  ; line 96
14614 BINARY               a=60 b=114 c=115 imm=0  ; line 96
14615 MOVE                 R116 <- R6  ; line 96
14616 MOVE                 R117 <- R36  ; line 96
14617 MOVE                 R118 <- R110  ; line 96
14618 MOVE                 R119 <- R111  ; line 96
14619 MOVE                 R120 <- R112  ; line 96
14620 MOVE                 R121 <- R113  ; line 96
14621 MOVE                 R122 <- R115  ; line 96
14622 MOVE                 R123 <- R80  ; line 96
14623 CALL                 a=124 b=10 c=116 imm=8  ; line 96
14624 MOVE                 R125 <- R124  ; line 96
14625 LOAD_CONST           R126 constant[2985]  ; line 98
14626 LOAD_CONST           R127 constant[2986]  ; line 98
14627 LOAD_CONST           R128 constant[2987]  ; line 98
14628 BINARY               a=60 b=56 c=129 imm=0  ; line 98
14629 BINARY               a=56 b=36 c=130 imm=2  ; line 98
14630 BINARY               a=60 b=130 c=131 imm=0  ; line 98
14631 MOVE                 R132 <- R6  ; line 98
14632 MOVE                 R133 <- R36  ; line 98
14633 MOVE                 R134 <- R126  ; line 98
14634 MOVE                 R135 <- R127  ; line 98
14635 MOVE                 R136 <- R128  ; line 98
14636 MOVE                 R137 <- R129  ; line 98
14637 MOVE                 R138 <- R131  ; line 98
14638 MOVE                 R139 <- R80  ; line 98
14639 CALL                 a=140 b=10 c=132 imm=8  ; line 98
14640 MOVE                 R141 <- R140  ; line 98
14641 MOVE                 R142 <- R30  ; line 100
14642 MOVE                 R143 <- R125  ; line 100
14643 HOST_CALL            a=144 b=23 c=142 imm=2  ; line 100
14644 MOVE                 R142 <- R30  ; line 100
14645 MOVE                 R143 <- R141  ; line 100
14646 HOST_CALL            a=144 b=23 c=142 imm=2  ; line 100
14647 MOVE                 R142 <- R30  ; line 100
14648 MOVE                 R143 <- R109  ; line 100
14649 HOST_CALL            a=144 b=23 c=142 imm=2  ; line 100
14650 LOAD_CONST           R142 constant[2988]  ; line 101
14651 LOAD_CONST           R143 constant[2989]  ; line 101
14652 MOVE                 R144 <- R109  ; line 101
14653 MOVE                 R145 <- R143  ; line 101
14654 HOST_CALL            a=146 b=11 c=144 imm=2  ; line 101
14655 LOAD_CONST           R147 constant[2990]  ; line 101
14656 MOVE                 R148 <- R93  ; line 101
14657 MOVE                 R149 <- R147  ; line 101
14658 HOST_CALL            a=150 b=11 c=148 imm=2  ; line 101
14659 BINARY               a=146 b=150 c=151 imm=3  ; line 101
14660 MOVE                 R152 <- R109  ; line 101
14661 MOVE                 R153 <- R142  ; line 101
14662 MOVE                 R154 <- R151  ; line 101
14663 HOST_CALL            a=155 b=12 c=152 imm=3  ; line 101
14664 LOAD_CONST           R142 constant[2991]  ; line 102
14665 LOAD_CONST           R143 constant[2992]  ; line 102
14666 MOVE                 R144 <- R109  ; line 102
14667 MOVE                 R145 <- R143  ; line 102
14668 HOST_CALL            a=146 b=11 c=144 imm=2  ; line 102
14669 LOAD_CONST           R147 constant[2993]  ; line 102
14670 MOVE                 R148 <- R109  ; line 102
14671 MOVE                 R149 <- R147  ; line 102
14672 HOST_CALL            a=150 b=11 c=148 imm=2  ; line 102
14673 BINARY               a=146 b=150 c=151 imm=3  ; line 102
14674 MOVE                 R152 <- R109  ; line 102
14675 MOVE                 R153 <- R142  ; line 102
14676 MOVE                 R154 <- R151  ; line 102
14677 HOST_CALL            a=155 b=12 c=152 imm=3  ; line 102
14678 LOAD_CONST           R142 constant[2994]  ; line 103
14679 LOAD_CONST           R143 constant[2995]  ; line 103
14680 MOVE                 R144 <- R109  ; line 103
14681 MOVE                 R145 <- R143  ; line 103
14682 HOST_CALL            a=146 b=11 c=144 imm=2  ; line 103
14683 LOAD_CONST           R147 constant[2996]  ; line 103
14684 MOVE                 R148 <- R93  ; line 103
14685 MOVE                 R149 <- R147  ; line 103
14686 HOST_CALL            a=150 b=11 c=148 imm=2  ; line 103
14687 BINARY               a=146 b=150 c=151 imm=3  ; line 103
14688 MOVE                 R152 <- R109  ; line 103
14689 MOVE                 R153 <- R142  ; line 103
14690 MOVE                 R154 <- R151  ; line 103
14691 HOST_CALL            a=155 b=12 c=152 imm=3  ; line 103
14692 LOAD_CONST           R142 constant[2997]  ; line 104
14693 LOAD_CONST           R143 constant[2998]  ; line 104
14694 MOVE                 R144 <- R93  ; line 104
14695 MOVE                 R145 <- R143  ; line 104
14696 HOST_CALL            a=146 b=11 c=144 imm=2  ; line 104
14697 LOAD_CONST           R147 constant[2999]  ; line 104
14698 MOVE                 R148 <- R109  ; line 104
14699 MOVE                 R149 <- R147  ; line 104
14700 HOST_CALL            a=150 b=11 c=148 imm=2  ; line 104
14701 BINARY               a=146 b=150 c=151 imm=3  ; line 104
14702 MOVE                 R152 <- R109  ; line 104
14703 MOVE                 R153 <- R142  ; line 104
14704 MOVE                 R154 <- R151  ; line 104
14705 HOST_CALL            a=155 b=12 c=152 imm=3  ; line 104
14706 LOAD_CONST           R142 constant[3000]  ; line 105
14707 LOAD_CONST           R143 constant[3001]  ; line 105
14708 MOVE                 R144 <- R142  ; line 105
14709 MOVE                 R145 <- R93  ; line 105
14710 MOVE                 R146 <- R143  ; line 105
14711 MOVE                 R147 <- R109  ; line 105
14712 HOST_CALL            a=148 b=6 c=144 imm=4  ; line 105
14713 MOVE                 R149 <- R22  ; line 105
14714 MOVE                 R150 <- R148  ; line 105
14715 HOST_CALL            a=151 b=23 c=149 imm=2  ; line 105
14716 LOAD_CONST           R142 constant[3002]  ; line 106
14717 COMPARE              a=36 b=142 c=143 imm=0  ; line 106
14718 JUMP_IF_FALSE        R143 -> 14778  ; line 106
14719 MOVE                 R142 <- R26  ; line 107
14720 MOVE                 R143 <- R93  ; line 107
14721 HOST_CALL            a=144 b=23 c=142 imm=2  ; line 107
14722 MOVE                 R142 <- R26  ; line 107
14723 MOVE                 R143 <- R109  ; line 107
14724 HOST_CALL            a=144 b=23 c=142 imm=2  ; line 107
14725 LOAD_CONST           R142 constant[3003]  ; line 108
14726 LOAD_CONST           R143 constant[3004]  ; line 108
14727 LOAD_CONST           R144 constant[3005]  ; line 108
14728 BINARY               a=56 b=36 c=145 imm=2  ; line 108
14729 BINARY               a=60 b=145 c=146 imm=0  ; line 108
14730 MOVE                 R147 <- R6  ; line 108
14731 MOVE                 R148 <- R36  ; line 108
14732 MOVE                 R149 <- R142  ; line 108
14733 MOVE                 R150 <- R143  ; line 108
14734 MOVE                 R151 <- R144  ; line 108
14735 MOVE                 R152 <- R56  ; line 108
14736 MOVE                 R153 <- R146  ; line 108
14737 MOVE                 R154 <- R80  ; line 108
14738 CALL                 a=155 b=10 c=147 imm=8  ; line 108
14739 MOVE                 R156 <- R26  ; line 108
14740 MOVE                 R157 <- R155  ; line 108
14741 HOST_CALL            a=158 b=23 c=156 imm=2  ; line 108
14742 LOAD_CONST           R142 constant[3006]  ; line 110
14743 LOAD_CONST           R143 constant[3007]  ; line 110
14744 LOAD_CONST           R144 constant[3008]  ; line 110
14745 BINARY               a=56 b=36 c=145 imm=2  ; line 110
14746 BINARY               a=60 b=145 c=146 imm=0  ; line 110
14747 MOVE                 R147 <- R6  ; line 110
14748 MOVE                 R148 <- R36  ; line 110
14749 MOVE                 R149 <- R142  ; line 110
14750 MOVE                 R150 <- R143  ; line 110
14751 MOVE                 R151 <- R144  ; line 110
14752 MOVE                 R152 <- R56  ; line 110
14753 MOVE                 R153 <- R146  ; line 110
14754 MOVE                 R154 <- R80  ; line 110
14755 CALL                 a=155 b=10 c=147 imm=8  ; line 110
14756 MOVE                 R156 <- R26  ; line 110
14757 MOVE                 R157 <- R155  ; line 110
14758 HOST_CALL            a=158 b=23 c=156 imm=2  ; line 110
14759 LOAD_CONST           R142 constant[3009]  ; line 112
14760 LOAD_CONST           R143 constant[3010]  ; line 112
14761 LOAD_CONST           R144 constant[3011]  ; line 112
14762 BINARY               a=56 b=36 c=145 imm=2  ; line 112
14763 BINARY               a=56 b=36 c=146 imm=2  ; line 112
14764 BINARY               a=60 b=146 c=147 imm=0  ; line 112
14765 MOVE                 R148 <- R6  ; line 112
14766 MOVE                 R149 <- R36  ; line 112
14767 MOVE                 R150 <- R142  ; line 112
14768 MOVE                 R151 <- R143  ; line 112
14769 MOVE                 R152 <- R144  ; line 112
14770 MOVE                 R153 <- R145  ; line 112
14771 MOVE                 R154 <- R147  ; line 112
14772 MOVE                 R155 <- R80  ; line 112
14773 CALL                 a=156 b=10 c=148 imm=8  ; line 112
14774 MOVE                 R157 <- R26  ; line 112
14775 MOVE                 R158 <- R156  ; line 112
14776 HOST_CALL            a=159 b=23 c=157 imm=2  ; line 112
14777 JUMP                 -> 14778  ; line 112
14778 JUMP                 -> 14779  ; line 112
14779 LOAD_CONST           R142 constant[3012]  ; line 116
14780 BINARY               a=32 b=142 c=143 imm=0  ; line 116
14781 MOVE                 R32 <- R143  ; line 116
14782 JUMP                 -> 14522  ; line 116
14783 LOAD_CONST           R142 constant[3013]  ; line 119
14784 MOVE                 R143 <- R142  ; line 119
14785 MOVE                 R144 <- R22  ; line 120
14786 HOST_CALL            a=145 b=26 c=144 imm=1  ; line 120
14787 LOAD_CONST           R146 constant[3014]  ; line 120
14788 COMPARE              a=145 b=146 c=147 imm=4  ; line 120
14789 JUMP_IF_FALSE        R147 -> 14861  ; line 120
14790 MOVE                 R144 <- R22  ; line 121
14791 HOST_CALL            a=145 b=26 c=144 imm=1  ; line 121
14792 LOAD_CONST           R146 constant[3015]  ; line 121
14793 BINARY               a=145 b=146 c=147 imm=1  ; line 121
14794 MOVE                 R148 <- R22  ; line 121
14795 MOVE                 R149 <- R147  ; line 121
14796 HOST_CALL            a=150 b=11 c=148 imm=2  ; line 121
14797 LOAD_CONST           R151 constant[3016]  ; line 121
14798 MOVE                 R152 <- R150  ; line 121
14799 MOVE                 R153 <- R151  ; line 121
14800 HOST_CALL            a=154 b=11 c=152 imm=2  ; line 121
14801 MOVE                 R155 <- R154  ; line 121
14802 LOAD_CONST           R156 constant[3017]  ; line 122
14803 MOVE                 R157 <- R156  ; line 122
14804 LOAD_CONST           R158 constant[3018]  ; line 123
14805 MOVE                 R159 <- R155  ; line 123
14806 MOVE                 R160 <- R158  ; line 123
14807 HOST_CALL            a=161 b=11 c=159 imm=2  ; line 123
14808 LOAD_CONST           R162 constant[3019]  ; line 123
14809 COMPARE              a=161 b=162 c=163 imm=5  ; line 123
14810 JUMP_IF_FALSE        R163 -> 14854  ; line 123
14811 LOAD_CONST           R158 constant[3020]  ; line 124
14812 MOVE                 R159 <- R155  ; line 124
14813 MOVE                 R160 <- R158  ; line 124
14814 HOST_CALL            a=161 b=11 c=159 imm=2  ; line 124
14815 MOVE                 R162 <- R22  ; line 124
14816 HOST_CALL            a=163 b=26 c=162 imm=1  ; line 124
14817 LOAD_CONST           R164 constant[3021]  ; line 124
14818 BINARY               a=163 b=164 c=165 imm=1  ; line 124
14819 MOVE                 R166 <- R22  ; line 124
14820 MOVE                 R167 <- R165  ; line 124
14821 HOST_CALL            a=168 b=11 c=166 imm=2  ; line 124
14822 LOAD_CONST           R169 constant[3022]  ; line 124
14823 MOVE                 R170 <- R168  ; line 124
14824 MOVE                 R171 <- R169  ; line 124
14825 HOST_CALL            a=172 b=11 c=170 imm=2  ; line 124
14826 LOAD_CONST           R173 constant[3023]  ; line 124
14827 MOVE                 R174 <- R172  ; line 124
14828 MOVE                 R175 <- R173  ; line 124
14829 HOST_CALL            a=176 b=11 c=174 imm=2  ; line 124
14830 LOAD_CONST           R177 constant[3024]  ; line 124
14831 BINARY               a=176 b=177 c=178 imm=1  ; line 124
14832 COMPARE              a=161 b=178 c=179 imm=5  ; line 124
14833 JUMP_IF_FALSE        R179 -> 14853  ; line 124
14834 LOAD_CONST           R158 constant[3025]  ; line 125
14835 MOVE                 R159 <- R155  ; line 125
14836 MOVE                 R160 <- R158  ; line 125
14837 HOST_CALL            a=161 b=11 c=159 imm=2  ; line 125
14838 LOAD_CONST           R162 constant[3026]  ; line 125
14839 COMPARE              a=161 b=162 c=163 imm=2  ; line 125
14840 JUMP_IF_FALSE        R163 -> 14852  ; line 125
14841 LOAD_CONST           R158 constant[3027]  ; line 126
14842 MOVE                 R159 <- R155  ; line 126
14843 MOVE                 R160 <- R158  ; line 126
14844 HOST_CALL            a=161 b=11 c=159 imm=2  ; line 126
14845 LOAD_CONST           R162 constant[3028]  ; line 126
14846 COMPARE              a=161 b=162 c=163 imm=4  ; line 126
14847 JUMP_IF_FALSE        R163 -> 14851  ; line 126
14848 LOAD_CONST           R158 constant[3029]  ; line 126
14849 MOVE                 R157 <- R158  ; line 126
14850 JUMP                 -> 14851  ; line 126
14851 JUMP                 -> 14852  ; line 126
14852 JUMP                 -> 14853  ; line 126
14853 JUMP                 -> 14854  ; line 126
14854 JUMP_IF_FALSE        R157 -> 14858  ; line 130
14855 LOAD_CONST           R158 constant[3030]  ; line 130
14856 MOVE                 R143 <- R158  ; line 130
14857 JUMP                 -> 14860  ; line 130
14858 LOAD_CONST           R158 constant[3031]  ; line 131
14859 MOVE                 R143 <- R158  ; line 131
14860 JUMP                 -> 14861  ; line 131
14861 LOAD_CONST           R158 constant[3032]  ; line 133
14862 MOVE                 R159 <- R158  ; line 133
14863 LOAD_CONST           R160 constant[3033]  ; line 134
14864 MOVE                 R161 <- R160  ; line 134
14865 MOVE                 R162 <- R26  ; line 134
14866 HOST_CALL            a=163 b=26 c=162 imm=1  ; line 134
14867 COMPARE              a=161 b=163 c=164 imm=2  ; line 134
14868 JUMP_IF_FALSE        R164 -> 14882  ; line 134
14869 MOVE                 R162 <- R26  ; line 134
14870 MOVE                 R163 <- R161  ; line 134
14871 HOST_CALL            a=164 b=11 c=162 imm=2  ; line 134
14872 MOVE                 R165 <- R164  ; line 134
14873 CALL                 a=166 b=11 c=165 imm=1  ; line 134
14874 MOVE                 R167 <- R159  ; line 134
14875 MOVE                 R168 <- R166  ; line 134
14876 HOST_CALL            a=169 b=20 c=167 imm=2  ; line 134
14877 MOVE                 R159 <- R169  ; line 134
14878 LOAD_CONST           R162 constant[3034]  ; line 134
14879 BINARY               a=161 b=162 c=163 imm=0  ; line 134
14880 MOVE                 R161 <- R163  ; line 134
14881 JUMP                 -> 14865  ; line 134
14882 LOAD_CONST           R162 constant[3035]  ; line 135
14883 MOVE                 R163 <- R159  ; line 135
14884 MOVE                 R164 <- R162  ; line 135
14885 HOST_CALL            a=165 b=20 c=163 imm=2  ; line 135
14886 MOVE                 R159 <- R165  ; line 135
14887 LOAD_CONST           R162 constant[3036]  ; line 136
14888 MOVE                 R161 <- R162  ; line 136
14889 MOVE                 R162 <- R22  ; line 137
14890 HOST_CALL            a=163 b=26 c=162 imm=1  ; line 137
14891 COMPARE              a=161 b=163 c=164 imm=2  ; line 137
14892 JUMP_IF_FALSE        R164 -> 15021  ; line 137
14893 MOVE                 R162 <- R22  ; line 138
14894 MOVE                 R163 <- R161  ; line 138
14895 HOST_CALL            a=164 b=11 c=162 imm=2  ; line 138
14896 LOAD_CONST           R165 constant[3037]  ; line 138
14897 MOVE                 R166 <- R164  ; line 138
14898 MOVE                 R167 <- R165  ; line 138
14899 HOST_CALL            a=168 b=11 c=166 imm=2  ; line 138
14900 MOVE                 R169 <- R168  ; line 138
14901 LOAD_CONST           R170 constant[3038]  ; line 139
14902 LOAD_CONST           R171 constant[3039]  ; line 139
14903 MOVE                 R172 <- R169  ; line 139
14904 MOVE                 R173 <- R171  ; line 139
14905 HOST_CALL            a=174 b=11 c=172 imm=2  ; line 139
14906 MOVE                 R175 <- R174  ; line 139
14907 HOST_CALL            a=176 b=21 c=175 imm=1  ; line 139
14908 MOVE                 R177 <- R170  ; line 139
14909 MOVE                 R178 <- R176  ; line 139
14910 HOST_CALL            a=179 b=20 c=177 imm=2  ; line 139
14911 MOVE                 R180 <- R179  ; line 139
14912 LOAD_CONST           R181 constant[3040]  ; line 140
14913 LOAD_CONST           R182 constant[3041]  ; line 140
14914 MOVE                 R183 <- R169  ; line 140
14915 MOVE                 R184 <- R182  ; line 140
14916 HOST_CALL            a=185 b=11 c=183 imm=2  ; line 140
14917 MOVE                 R186 <- R185  ; line 140
14918 HOST_CALL            a=187 b=21 c=186 imm=1  ; line 140
14919 MOVE                 R188 <- R181  ; line 140
14920 MOVE                 R189 <- R187  ; line 140
14921 HOST_CALL            a=190 b=20 c=188 imm=2  ; line 140
14922 MOVE                 R191 <- R180  ; line 140
14923 MOVE                 R192 <- R190  ; line 140
14924 HOST_CALL            a=193 b=20 c=191 imm=2  ; line 140
14925 MOVE                 R180 <- R193  ; line 140
14926 LOAD_CONST           R181 constant[3042]  ; line 141
14927 LOAD_CONST           R182 constant[3043]  ; line 141
14928 MOVE                 R183 <- R169  ; line 141
14929 MOVE                 R184 <- R182  ; line 141
14930 HOST_CALL            a=185 b=11 c=183 imm=2  ; line 141
14931 MOVE                 R186 <- R185  ; line 141
14932 HOST_CALL            a=187 b=21 c=186 imm=1  ; line 141
14933 MOVE                 R188 <- R181  ; line 141
14934 MOVE                 R189 <- R187  ; line 141
14935 HOST_CALL            a=190 b=20 c=188 imm=2  ; line 141
14936 MOVE                 R191 <- R180  ; line 141
14937 MOVE                 R192 <- R190  ; line 141
14938 HOST_CALL            a=193 b=20 c=191 imm=2  ; line 141
14939 MOVE                 R180 <- R193  ; line 141
14940 LOAD_CONST           R181 constant[3044]  ; line 142
14941 LOAD_CONST           R182 constant[3045]  ; line 142
14942 MOVE                 R183 <- R169  ; line 142
14943 MOVE                 R184 <- R182  ; line 142
14944 HOST_CALL            a=185 b=11 c=183 imm=2  ; line 142
14945 MOVE                 R186 <- R185  ; line 142
14946 HOST_CALL            a=187 b=21 c=186 imm=1  ; line 142
14947 MOVE                 R188 <- R181  ; line 142
14948 MOVE                 R189 <- R187  ; line 142
14949 HOST_CALL            a=190 b=20 c=188 imm=2  ; line 142
14950 MOVE                 R191 <- R180  ; line 142
14951 MOVE                 R192 <- R190  ; line 142
14952 HOST_CALL            a=193 b=20 c=191 imm=2  ; line 142
14953 MOVE                 R180 <- R193  ; line 142
14954 LOAD_CONST           R181 constant[3046]  ; line 143
14955 LOAD_CONST           R182 constant[3047]  ; line 143
14956 MOVE                 R183 <- R169  ; line 143
14957 MOVE                 R184 <- R182  ; line 143
14958 HOST_CALL            a=185 b=11 c=183 imm=2  ; line 143
14959 MOVE                 R186 <- R185  ; line 143
14960 HOST_CALL            a=187 b=21 c=186 imm=1  ; line 143
14961 MOVE                 R188 <- R181  ; line 143
14962 MOVE                 R189 <- R187  ; line 143
14963 HOST_CALL            a=190 b=20 c=188 imm=2  ; line 143
14964 MOVE                 R191 <- R180  ; line 143
14965 MOVE                 R192 <- R190  ; line 143
14966 HOST_CALL            a=193 b=20 c=191 imm=2  ; line 143
14967 MOVE                 R180 <- R193  ; line 143
14968 LOAD_CONST           R181 constant[3048]  ; line 144
14969 LOAD_CONST           R182 constant[3049]  ; line 144
14970 MOVE                 R183 <- R169  ; line 144
14971 MOVE                 R184 <- R182  ; line 144
14972 HOST_CALL            a=185 b=11 c=183 imm=2  ; line 144
14973 MOVE                 R186 <- R185  ; line 144
14974 HOST_CALL            a=187 b=21 c=186 imm=1  ; line 144
14975 MOVE                 R188 <- R181  ; line 144
14976 MOVE                 R189 <- R187  ; line 144
14977 HOST_CALL            a=190 b=20 c=188 imm=2  ; line 144
14978 MOVE                 R191 <- R180  ; line 144
14979 MOVE                 R192 <- R190  ; line 144
14980 HOST_CALL            a=193 b=20 c=191 imm=2  ; line 144
14981 MOVE                 R180 <- R193  ; line 144
14982 LOAD_CONST           R181 constant[3050]  ; line 145
14983 LOAD_CONST           R182 constant[3051]  ; line 145
14984 MOVE                 R183 <- R169  ; line 145
14985 MOVE                 R184 <- R182  ; line 145
14986 HOST_CALL            a=185 b=11 c=183 imm=2  ; line 145
14987 MOVE                 R186 <- R185  ; line 145
14988 HOST_CALL            a=187 b=21 c=186 imm=1  ; line 145
14989 MOVE                 R188 <- R181  ; line 145
14990 MOVE                 R189 <- R187  ; line 145
14991 HOST_CALL            a=190 b=20 c=188 imm=2  ; line 145
14992 MOVE                 R191 <- R180  ; line 145
14993 MOVE                 R192 <- R190  ; line 145
14994 HOST_CALL            a=193 b=20 c=191 imm=2  ; line 145
14995 MOVE                 R180 <- R193  ; line 145
14996 LOAD_CONST           R181 constant[3052]  ; line 146
14997 LOAD_CONST           R182 constant[3053]  ; line 146
14998 MOVE                 R183 <- R169  ; line 146
14999 MOVE                 R184 <- R182  ; line 146
15000 HOST_CALL            a=185 b=11 c=183 imm=2  ; line 146
15001 MOVE                 R186 <- R185  ; line 146
15002 HOST_CALL            a=187 b=21 c=186 imm=1  ; line 146
15003 LOAD_CONST           R188 constant[3054]  ; line 146
15004 MOVE                 R189 <- R187  ; line 146
15005 MOVE                 R190 <- R188  ; line 146
15006 HOST_CALL            a=191 b=20 c=189 imm=2  ; line 146
15007 MOVE                 R192 <- R181  ; line 146
15008 MOVE                 R193 <- R191  ; line 146
15009 HOST_CALL            a=194 b=20 c=192 imm=2  ; line 146
15010 MOVE                 R195 <- R180  ; line 146
15011 MOVE                 R196 <- R194  ; line 146
15012 HOST_CALL            a=197 b=20 c=195 imm=2  ; line 146
15013 MOVE                 R198 <- R159  ; line 146
15014 MOVE                 R199 <- R197  ; line 146
15015 HOST_CALL            a=200 b=20 c=198 imm=2  ; line 146
15016 MOVE                 R159 <- R200  ; line 146
15017 LOAD_CONST           R181 constant[3055]  ; line 147
15018 BINARY               a=161 b=181 c=182 imm=0  ; line 147
15019 MOVE                 R161 <- R182  ; line 147
15020 JUMP                 -> 14889  ; line 147
15021 LOAD_CONST           R181 constant[3056]  ; line 149
15022 MOVE                 R182 <- R159  ; line 149
15023 MOVE                 R183 <- R181  ; line 149
15024 HOST_CALL            a=184 b=20 c=182 imm=2  ; line 149
15025 MOVE                 R159 <- R184  ; line 149
15026 LOAD_CONST           R181 constant[3057]  ; line 150
15027 MOVE                 R161 <- R181  ; line 150
15028 MOVE                 R181 <- R30  ; line 151
15029 HOST_CALL            a=182 b=26 c=181 imm=1  ; line 151
15030 COMPARE              a=161 b=182 c=183 imm=2  ; line 151
15031 JUMP_IF_FALSE        R183 -> 15155  ; line 151
15032 MOVE                 R181 <- R30  ; line 152
15033 MOVE                 R182 <- R161  ; line 152
15034 HOST_CALL            a=183 b=11 c=181 imm=2  ; line 152
15035 MOVE                 R184 <- R183  ; line 152
15036 LOAD_CONST           R185 constant[3058]  ; line 153
15037 LOAD_CONST           R186 constant[3059]  ; line 153
15038 MOVE                 R187 <- R184  ; line 153
15039 MOVE                 R188 <- R186  ; line 153
15040 HOST_CALL            a=189 b=11 c=187 imm=2  ; line 153
15041 MOVE                 R190 <- R185  ; line 153
15042 MOVE                 R191 <- R189  ; line 153
15043 HOST_CALL            a=192 b=20 c=190 imm=2  ; line 153
15044 MOVE                 R193 <- R192  ; line 153
15045 LOAD_CONST           R194 constant[3060]  ; line 154
15046 LOAD_CONST           R195 constant[3061]  ; line 154
15047 MOVE                 R196 <- R184  ; line 154
15048 MOVE                 R197 <- R195  ; line 154
15049 HOST_CALL            a=198 b=11 c=196 imm=2  ; line 154
15050 MOVE                 R199 <- R198  ; line 154
15051 HOST_CALL            a=200 b=21 c=199 imm=1  ; line 154
15052 MOVE                 R201 <- R194  ; line 154
15053 MOVE                 R202 <- R200  ; line 154
15054 HOST_CALL            a=203 b=20 c=201 imm=2  ; line 154
15055 MOVE                 R204 <- R193  ; line 154
15056 MOVE                 R205 <- R203  ; line 154
15057 HOST_CALL            a=206 b=20 c=204 imm=2  ; line 154
15058 MOVE                 R193 <- R206  ; line 154
15059 LOAD_CONST           R194 constant[3062]  ; line 155
15060 LOAD_CONST           R195 constant[3063]  ; line 155
15061 MOVE                 R196 <- R184  ; line 155
15062 MOVE                 R197 <- R195  ; line 155
15063 HOST_CALL            a=198 b=11 c=196 imm=2  ; line 155
15064 MOVE                 R199 <- R198  ; line 155
15065 HOST_CALL            a=200 b=21 c=199 imm=1  ; line 155
15066 MOVE                 R201 <- R194  ; line 155
15067 MOVE                 R202 <- R200  ; line 155
15068 HOST_CALL            a=203 b=20 c=201 imm=2  ; line 155
15069 MOVE                 R204 <- R193  ; line 155
15070 MOVE                 R205 <- R203  ; line 155
15071 HOST_CALL            a=206 b=20 c=204 imm=2  ; line 155
15072 MOVE                 R193 <- R206  ; line 155
15073 LOAD_CONST           R194 constant[3064]  ; line 156
15074 LOAD_CONST           R195 constant[3065]  ; line 156
15075 MOVE                 R196 <- R184  ; line 156
15076 MOVE                 R197 <- R195  ; line 156
15077 HOST_CALL            a=198 b=11 c=196 imm=2  ; line 156
15078 MOVE                 R199 <- R198  ; line 156
15079 HOST_CALL            a=200 b=21 c=199 imm=1  ; line 156
15080 MOVE                 R201 <- R194  ; line 156
15081 MOVE                 R202 <- R200  ; line 156
15082 HOST_CALL            a=203 b=20 c=201 imm=2  ; line 156
15083 MOVE                 R204 <- R193  ; line 156
15084 MOVE                 R205 <- R203  ; line 156
15085 HOST_CALL            a=206 b=20 c=204 imm=2  ; line 156
15086 MOVE                 R193 <- R206  ; line 156
15087 LOAD_CONST           R194 constant[3066]  ; line 157
15088 LOAD_CONST           R195 constant[3067]  ; line 157
15089 MOVE                 R196 <- R184  ; line 157
15090 MOVE                 R197 <- R195  ; line 157
15091 HOST_CALL            a=198 b=11 c=196 imm=2  ; line 157
15092 MOVE                 R199 <- R198  ; line 157
15093 HOST_CALL            a=200 b=21 c=199 imm=1  ; line 157
15094 MOVE                 R201 <- R194  ; line 157
15095 MOVE                 R202 <- R200  ; line 157
15096 HOST_CALL            a=203 b=20 c=201 imm=2  ; line 157
15097 MOVE                 R204 <- R193  ; line 157
15098 MOVE                 R205 <- R203  ; line 157
15099 HOST_CALL            a=206 b=20 c=204 imm=2  ; line 157
15100 MOVE                 R193 <- R206  ; line 157
15101 LOAD_CONST           R194 constant[3068]  ; line 158
15102 LOAD_CONST           R195 constant[3069]  ; line 158
15103 MOVE                 R196 <- R184  ; line 158
15104 MOVE                 R197 <- R195  ; line 158
15105 HOST_CALL            a=198 b=11 c=196 imm=2  ; line 158
15106 MOVE                 R199 <- R198  ; line 158
15107 HOST_CALL            a=200 b=21 c=199 imm=1  ; line 158
15108 MOVE                 R201 <- R194  ; line 158
15109 MOVE                 R202 <- R200  ; line 158
15110 HOST_CALL            a=203 b=20 c=201 imm=2  ; line 158
15111 MOVE                 R204 <- R193  ; line 158
15112 MOVE                 R205 <- R203  ; line 158
15113 HOST_CALL            a=206 b=20 c=204 imm=2  ; line 158
15114 MOVE                 R193 <- R206  ; line 158
15115 LOAD_CONST           R194 constant[3070]  ; line 159
15116 LOAD_CONST           R195 constant[3071]  ; line 159
15117 MOVE                 R196 <- R184  ; line 159
15118 MOVE                 R197 <- R195  ; line 159
15119 HOST_CALL            a=198 b=11 c=196 imm=2  ; line 159
15120 MOVE                 R199 <- R198  ; line 159
15121 HOST_CALL            a=200 b=21 c=199 imm=1  ; line 159
15122 MOVE                 R201 <- R194  ; line 159
15123 MOVE                 R202 <- R200  ; line 159
15124 HOST_CALL            a=203 b=20 c=201 imm=2  ; line 159
15125 MOVE                 R204 <- R193  ; line 159
15126 MOVE                 R205 <- R203  ; line 159
15127 HOST_CALL            a=206 b=20 c=204 imm=2  ; line 159
15128 MOVE                 R193 <- R206  ; line 159
15129 LOAD_CONST           R194 constant[3072]  ; line 160
15130 LOAD_CONST           R195 constant[3073]  ; line 160
15131 MOVE                 R196 <- R184  ; line 160
15132 MOVE                 R197 <- R195  ; line 160
15133 HOST_CALL            a=198 b=11 c=196 imm=2  ; line 160
15134 MOVE                 R199 <- R198  ; line 160
15135 HOST_CALL            a=200 b=21 c=199 imm=1  ; line 160
15136 LOAD_CONST           R201 constant[3074]  ; line 160
15137 MOVE                 R202 <- R200  ; line 160
15138 MOVE                 R203 <- R201  ; line 160
15139 HOST_CALL            a=204 b=20 c=202 imm=2  ; line 160
15140 MOVE                 R205 <- R194  ; line 160
15141 MOVE                 R206 <- R204  ; line 160
15142 HOST_CALL            a=207 b=20 c=205 imm=2  ; line 160
15143 MOVE                 R208 <- R193  ; line 160
15144 MOVE                 R209 <- R207  ; line 160
15145 HOST_CALL            a=210 b=20 c=208 imm=2  ; line 160
15146 MOVE                 R193 <- R210  ; line 160
15147 MOVE                 R194 <- R159  ; line 161
15148 MOVE                 R195 <- R193  ; line 161
15149 HOST_CALL            a=196 b=20 c=194 imm=2  ; line 161
15150 MOVE                 R159 <- R196  ; line 161
15151 LOAD_CONST           R194 constant[3075]  ; line 162
15152 BINARY               a=161 b=194 c=195 imm=0  ; line 162
15153 MOVE                 R161 <- R195  ; line 162
15154 JUMP                 -> 15028  ; line 162
15155 MOVE                 R194 <- R26  ; line 164
15156 HOST_CALL            a=195 b=26 c=194 imm=1  ; line 164
15157 LOAD_CONST           R196 constant[3076]  ; line 164
15158 COMPARE              a=195 b=196 c=197 imm=5  ; line 164
15159 JUMP_IF_FALSE        R197 -> 15187  ; line 164
15160 LOAD_CONST           R194 constant[3077]  ; line 165
15161 MOVE                 R195 <- R26  ; line 165
15162 MOVE                 R196 <- R194  ; line 165
15163 HOST_CALL            a=197 b=11 c=195 imm=2  ; line 165
15164 MOVE                 R198 <- R197  ; line 165
15165 LOAD_CONST           R199 constant[3078]  ; line 165
15166 MOVE                 R200 <- R26  ; line 165
15167 MOVE                 R201 <- R199  ; line 165
15168 HOST_CALL            a=202 b=11 c=200 imm=2  ; line 165
15169 MOVE                 R203 <- R202  ; line 165
15170 LOAD_CONST           R204 constant[3079]  ; line 166
15171 MOVE                 R205 <- R203  ; line 166
15172 MOVE                 R206 <- R204  ; line 166
15173 HOST_CALL            a=207 b=11 c=205 imm=2  ; line 166
15174 LOAD_CONST           R208 constant[3080]  ; line 166
15175 MOVE                 R209 <- R198  ; line 166
15176 MOVE                 R210 <- R208  ; line 166
15177 HOST_CALL            a=211 b=11 c=209 imm=2  ; line 166
15178 COMPARE              a=207 b=211 c=212 imm=2  ; line 166
15179 JUMP_IF_FALSE        R212 -> 15186  ; line 166
15180 LOAD_CONST           R204 constant[3081]  ; line 167
15181 MOVE                 R205 <- R159  ; line 167
15182 MOVE                 R206 <- R204  ; line 167
15183 HOST_CALL            a=207 b=20 c=205 imm=2  ; line 167
15184 MOVE                 R159 <- R207  ; line 167
15185 JUMP                 -> 15186  ; line 167
15186 JUMP                 -> 15187  ; line 167
15187 LOAD_CONST           R204 constant[3082]  ; line 170
15188 MOVE                 R205 <- R204  ; line 170
15189 MOVE                 R206 <- R143  ; line 170
15190 HOST_CALL            a=207 b=20 c=205 imm=2  ; line 170
15191 MOVE                 R208 <- R159  ; line 170
15192 MOVE                 R209 <- R207  ; line 170
15193 HOST_CALL            a=210 b=20 c=208 imm=2  ; line 170
15194 MOVE                 R159 <- R210  ; line 170
15195 LOAD_CONST           R204 constant[3083]  ; line 170
15196 MOVE                 R205 <- R159  ; line 170
15197 MOVE                 R206 <- R204  ; line 170
15198 HOST_CALL            a=207 b=20 c=205 imm=2  ; line 170
15199 MOVE                 R159 <- R207  ; line 170
15200 LOAD_CONST           R204 constant[3084]  ; line 171
15201 MOVE                 R205 <- R6  ; line 171
15202 MOVE                 R206 <- R204  ; line 171
15203 CALL                 a=207 b=24 c=205 imm=2  ; line 171
15204 LOAD_CONST           R208 constant[3085]  ; line 171
15205 LOAD_CONST           R209 constant[3086]  ; line 171
15206 LOAD_CONST           R210 constant[3087]  ; line 171
15207 LOAD_CONST           R211 constant[3088]  ; line 171
15208 MOVE                 R212 <- R208  ; line 171
15209 MOVE                 R213 <- R143  ; line 171
15210 MOVE                 R214 <- R209  ; line 171
15211 MOVE                 R215 <- R26  ; line 171
15212 MOVE                 R216 <- R210  ; line 171
15213 MOVE                 R217 <- R30  ; line 171
15214 MOVE                 R218 <- R211  ; line 171
15215 MOVE                 R219 <- R22  ; line 171
15216 HOST_CALL            a=220 b=6 c=212 imm=8  ; line 171
15217 MOVE                 R221 <- R207  ; line 171
15218 MOVE                 R222 <- R220  ; line 171
15219 CALL                 a=223 b=55 c=221 imm=2  ; line 171
15220 LOAD_CONST           R204 constant[3089]  ; line 172
15221 MOVE                 R205 <- R6  ; line 172
15222 MOVE                 R206 <- R204  ; line 172
15223 CALL                 a=207 b=24 c=205 imm=2  ; line 172
15224 MOVE                 R208 <- R207  ; line 172
15225 MOVE                 R209 <- R159  ; line 172
15226 HOST_CALL            a=210 b=51 c=208 imm=2  ; line 172
15227 PRINT                R159  ; line 172
15228 HALT                   ; line 172
verified
