LABC v2 entry=0 constants=3010 functions=163 instructions=14695
0000 JUMP                 -> 14171  ; line 2
0001 LOAD_CONST           R1 constant[0]  ; line 13
0002 MOVE                 R2 <- R1  ; line 13
0003 HOST_CALL            a=3 b=22 c=2 imm=1  ; line 13
0004 MOVE                 R4 <- R3  ; line 13
0005 LOAD_CONST           R5 constant[1]  ; line 13
0006 MOVE                 R6 <- R5  ; line 13
0007 COMPARE              a=6 b=0 c=7 imm=2  ; line 14
0008 JUMP_IF_FALSE        R7 -> 19  ; line 14
0009 LOAD_CONST           R7 constant[2]  ; line 14
0010 MOVE                 R8 <- R7  ; line 14
0011 HOST_CALL            a=9 b=22 c=8 imm=1  ; line 14
0012 MOVE                 R10 <- R4  ; line 14
0013 MOVE                 R11 <- R9  ; line 14
0014 HOST_CALL            a=12 b=23 c=10 imm=2  ; line 14
0015 LOAD_CONST           R7 constant[3]  ; line 14
0016 BINARY               a=6 b=7 c=8 imm=0  ; line 14
0017 MOVE                 R6 <- R8  ; line 14
0018 JUMP                 -> 7  ; line 14
0019 RETURN               R4  ; line 15
0020 LOAD_CONST           R7 constant[4]  ; line 15
0021 RETURN               R7  ; line 15
0022 LOAD_CONST           R1 constant[5]  ; line 19
0023 MOVE                 R2 <- R1  ; line 19
0024 HOST_CALL            a=3 b=22 c=2 imm=1  ; line 19
0025 MOVE                 R4 <- R3  ; line 19
0026 LOAD_CONST           R5 constant[6]  ; line 19
0027 MOVE                 R6 <- R5  ; line 19
0028 COMPARE              a=6 b=0 c=7 imm=2  ; line 20
0029 JUMP_IF_FALSE        R7 -> 53  ; line 20
0030 LOAD_CONST           R7 constant[7]  ; line 21
0031 MOVE                 R8 <- R7  ; line 21
0032 HOST_CALL            a=9 b=22 c=8 imm=1  ; line 21
0033 MOVE                 R10 <- R9  ; line 21
0034 LOAD_CONST           R11 constant[8]  ; line 21
0035 MOVE                 R12 <- R11  ; line 21
0036 COMPARE              a=12 b=0 c=13 imm=2  ; line 22
0037 JUMP_IF_FALSE        R13 -> 46  ; line 22
0038 LOAD_CONST           R13 constant[9]  ; line 22
0039 MOVE                 R14 <- R10  ; line 22
0040 MOVE                 R15 <- R13  ; line 22
0041 HOST_CALL            a=16 b=23 c=14 imm=2  ; line 22
0042 LOAD_CONST           R13 constant[10]  ; line 22
0043 BINARY               a=12 b=13 c=14 imm=0  ; line 22
0044 MOVE                 R12 <- R14  ; line 22
0045 JUMP                 -> 36  ; line 22
0046 MOVE                 R13 <- R4  ; line 23
0047 MOVE                 R14 <- R10  ; line 23
0048 HOST_CALL            a=15 b=23 c=13 imm=2  ; line 23
0049 LOAD_CONST           R13 constant[11]  ; line 23
0050 BINARY               a=6 b=13 c=14 imm=0  ; line 23
0051 MOVE                 R6 <- R14  ; line 23
0052 JUMP                 -> 28  ; line 23
0053 RETURN               R4  ; line 25
0054 LOAD_CONST           R13 constant[12]  ; line 25
0055 RETURN               R13  ; line 25
0056 LOAD_CONST           R0 constant[13]  ; line 5
0057 RETURN               R0  ; line 5
0058 LOAD_CONST           R1 constant[14]  ; line 5
0059 RETURN               R1  ; line 5
0060 LOAD_CONST           R0 constant[15]  ; line 6
0061 RETURN               R0  ; line 6
0062 LOAD_CONST           R1 constant[16]  ; line 6
0063 RETURN               R1  ; line 6
0064 LOAD_CONST           R0 constant[17]  ; line 7
0065 RETURN               R0  ; line 7
0066 LOAD_CONST           R1 constant[18]  ; line 7
0067 RETURN               R1  ; line 7
0068 LOAD_CONST           R0 constant[19]  ; line 8
0069 RETURN               R0  ; line 8
0070 LOAD_CONST           R1 constant[20]  ; line 8
0071 RETURN               R1  ; line 8
0072 LOAD_CONST           R0 constant[21]  ; line 9
0073 RETURN               R0  ; line 9
0074 LOAD_CONST           R1 constant[22]  ; line 9
0075 RETURN               R1  ; line 9
0076 LOAD_CONST           R0 constant[23]  ; line 10
0077 RETURN               R0  ; line 10
0078 LOAD_CONST           R1 constant[24]  ; line 10
0079 RETURN               R1  ; line 10
0080 LOAD_CONST           R0 constant[25]  ; line 11
0081 RETURN               R0  ; line 11
0082 LOAD_CONST           R1 constant[26]  ; line 11
0083 RETURN               R1  ; line 11
0084 LOAD_CONST           R0 constant[27]  ; line 12
0085 RETURN               R0  ; line 12
0086 LOAD_CONST           R1 constant[28]  ; line 12
0087 RETURN               R1  ; line 12
0088 LOAD_CONST           R0 constant[29]  ; line 13
0089 RETURN               R0  ; line 13
0090 LOAD_CONST           R1 constant[30]  ; line 13
0091 RETURN               R1  ; line 13
0092 LOAD_CONST           R0 constant[31]  ; line 14
0093 RETURN               R0  ; line 14
0094 LOAD_CONST           R1 constant[32]  ; line 14
0095 RETURN               R1  ; line 14
0096 CALL                 a=1 b=4 c=1 imm=0  ; line 16
0097 RETURN               R1  ; line 16
0098 LOAD_CONST           R2 constant[33]  ; line 16
0099 RETURN               R2  ; line 16
0100 LOAD_CONST           R0 constant[34]  ; line 18
0101 RETURN               R0  ; line 18
0102 LOAD_CONST           R1 constant[35]  ; line 18
0103 RETURN               R1  ; line 18
0104 LOAD_CONST           R1 constant[36]  ; line 20
0105 COMPARE              a=0 b=1 c=2 imm=0  ; line 20
0106 JUMP_IF_FALSE        R2 -> 110  ; line 20
0107 LOAD_CONST           R1 constant[37]  ; line 20
0108 RETURN               R1  ; line 20
0109 JUMP                 -> 110  ; line 20
0110 LOAD_CONST           R1 constant[38]  ; line 21
0111 COMPARE              a=0 b=1 c=2 imm=0  ; line 21
0112 JUMP_IF_FALSE        R2 -> 116  ; line 21
0113 LOAD_CONST           R1 constant[39]  ; line 21
0114 RETURN               R1  ; line 21
0115 JUMP                 -> 116  ; line 21
0116 LOAD_CONST           R1 constant[40]  ; line 22
0117 COMPARE              a=0 b=1 c=2 imm=0  ; line 22
0118 JUMP_IF_FALSE        R2 -> 122  ; line 22
0119 LOAD_CONST           R1 constant[41]  ; line 22
0120 RETURN               R1  ; line 22
0121 JUMP                 -> 122  ; line 22
0122 LOAD_CONST           R1 constant[42]  ; line 23
0123 COMPARE              a=0 b=1 c=2 imm=0  ; line 23
0124 JUMP_IF_FALSE        R2 -> 128  ; line 23
0125 LOAD_CONST           R1 constant[43]  ; line 23
0126 RETURN               R1  ; line 23
0127 JUMP                 -> 128  ; line 23
0128 LOAD_CONST           R1 constant[44]  ; line 24
0129 COMPARE              a=0 b=1 c=2 imm=0  ; line 24
0130 JUMP_IF_FALSE        R2 -> 134  ; line 24
0131 LOAD_CONST           R1 constant[45]  ; line 24
0132 RETURN               R1  ; line 24
0133 JUMP                 -> 134  ; line 24
0134 LOAD_CONST           R1 constant[46]  ; line 25
0135 LOAD_CONST           R2 constant[47]  ; line 25
0136 MOVE                 R3 <- R1  ; line 25
0137 MOVE                 R4 <- R2  ; line 25
0138 HOST_CALL            a=5 b=5 c=3 imm=2  ; line 25
0139 LOAD_CONST           R1 constant[48]  ; line 25
0140 RETURN               R1  ; line 25
0141 LOAD_CONST           R2 constant[49]  ; line 25
0142 RETURN               R2  ; line 25
0143 CALL                 a=1 b=13 c=1 imm=0  ; line 27
0144 MOVE                 R2 <- R1  ; line 27
0145 CALL                 a=3 b=16 c=2 imm=1  ; line 27
0146 MOVE                 R4 <- R0  ; line 27
0147 MOVE                 R5 <- R3  ; line 27
0148 CALL                 a=6 b=84 c=4 imm=2  ; line 27
0149 RETURN               R6  ; line 27
0150 LOAD_CONST           R7 constant[50]  ; line 27
0151 RETURN               R7  ; line 27
0152 LOAD_CONST           R1 constant[51]  ; line 30
0153 LOAD_CONST           R2 constant[52]  ; line 30
0154 LOAD_CONST           R3 constant[53]  ; line 30
0155 LOAD_CONST           R4 constant[54]  ; line 30
0156 LOAD_CONST           R5 constant[55]  ; line 30
0157 LOAD_CONST           R6 constant[56]  ; line 30
0158 LOAD_CONST           R7 constant[57]  ; line 30
0159 LOAD_CONST           R8 constant[58]  ; line 30
0160 LOAD_CONST           R9 constant[59]  ; line 30
0161 LOAD_CONST           R10 constant[60]  ; line 30
0162 LOAD_CONST           R11 constant[61]  ; line 30
0163 MOVE                 R12 <- R1  ; line 30
0164 MOVE                 R13 <- R2  ; line 30
0165 MOVE                 R14 <- R3  ; line 30
0166 MOVE                 R15 <- R4  ; line 30
0167 MOVE                 R16 <- R5  ; line 30
0168 MOVE                 R17 <- R6  ; line 30
0169 MOVE                 R18 <- R7  ; line 30
0170 MOVE                 R19 <- R8  ; line 30
0171 MOVE                 R20 <- R9  ; line 30
0172 MOVE                 R21 <- R10  ; line 30
0173 MOVE                 R22 <- R11  ; line 30
0174 ARRAY_NEW            a=23 b=12 c=11 imm=4294967295  ; line 30
0175 MOVE                 R24 <- R23  ; line 30
0176 MOVE                 R25 <- R24  ; line 31
0177 MOVE                 R26 <- R0  ; line 31
0178 HOST_CALL            a=27 b=11 c=25 imm=2  ; line 31
0179 RETURN               R27  ; line 31
0180 LOAD_CONST           R28 constant[62]  ; line 31
0181 RETURN               R28  ; line 31
0182 LOAD_CONST           R2 constant[63]  ; line 34
0183 MOVE                 R3 <- R0  ; line 34
0184 MOVE                 R4 <- R2  ; line 34
0185 HOST_CALL            a=5 b=20 c=3 imm=2  ; line 34
0186 MOVE                 R6 <- R5  ; line 34
0187 MOVE                 R7 <- R1  ; line 34
0188 HOST_CALL            a=8 b=20 c=6 imm=2  ; line 34
0189 RETURN               R8  ; line 34
0190 LOAD_CONST           R9 constant[64]  ; line 34
0191 RETURN               R9  ; line 34
0192 MOVE                 R1 <- R0  ; line 35
0193 HOST_CALL            a=2 b=21 c=1 imm=1  ; line 35
0194 RETURN               R2  ; line 35
0195 LOAD_CONST           R3 constant[65]  ; line 35
0196 RETURN               R3  ; line 35
0197 LOAD_CONST           R2 constant[66]  ; line 36
0198 MOVE                 R3 <- R0  ; line 36
0199 MOVE                 R4 <- R2  ; line 36
0200 CALL                 a=5 b=17 c=3 imm=2  ; line 36
0201 MOVE                 R6 <- R1  ; line 36
0202 CALL                 a=7 b=18 c=6 imm=1  ; line 36
0203 MOVE                 R8 <- R5  ; line 36
0204 MOVE                 R9 <- R7  ; line 36
0205 CALL                 a=10 b=17 c=8 imm=2  ; line 36
0206 RETURN               R10  ; line 36
0207 LOAD_CONST           R11 constant[67]  ; line 36
0208 RETURN               R11  ; line 36
0209 LOAD_CONST           R3 constant[68]  ; line 37
0210 MOVE                 R4 <- R0  ; line 37
0211 MOVE                 R5 <- R3  ; line 37
0212 CALL                 a=6 b=17 c=4 imm=2  ; line 37
0213 MOVE                 R7 <- R1  ; line 37
0214 CALL                 a=8 b=18 c=7 imm=1  ; line 37
0215 MOVE                 R9 <- R6  ; line 37
0216 MOVE                 R10 <- R8  ; line 37
0217 CALL                 a=11 b=17 c=9 imm=2  ; line 37
0218 MOVE                 R12 <- R11  ; line 37
0219 MOVE                 R13 <- R2  ; line 37
0220 CALL                 a=14 b=17 c=12 imm=2  ; line 37
0221 RETURN               R14  ; line 37
0222 LOAD_CONST           R15 constant[69]  ; line 37
0223 RETURN               R15  ; line 37
0224 LOAD_CONST           R2 constant[70]  ; line 38
0225 MOVE                 R3 <- R0  ; line 38
0226 MOVE                 R4 <- R2  ; line 38
0227 CALL                 a=5 b=17 c=3 imm=2  ; line 38
0228 MOVE                 R6 <- R1  ; line 38
0229 CALL                 a=7 b=18 c=6 imm=1  ; line 38
0230 MOVE                 R8 <- R5  ; line 38
0231 MOVE                 R9 <- R7  ; line 38
0232 CALL                 a=10 b=17 c=8 imm=2  ; line 38
0233 RETURN               R10  ; line 38
0234 LOAD_CONST           R11 constant[71]  ; line 38
0235 RETURN               R11  ; line 38
0236 MOVE                 R2 <- R0  ; line 39
0237 MOVE                 R3 <- R1  ; line 39
0238 CALL                 a=4 b=19 c=2 imm=2  ; line 39
0239 LOAD_CONST           R5 constant[72]  ; line 39
0240 MOVE                 R6 <- R4  ; line 39
0241 MOVE                 R7 <- R5  ; line 39
0242 CALL                 a=8 b=17 c=6 imm=2  ; line 39
0243 RETURN               R8  ; line 39
0244 LOAD_CONST           R9 constant[73]  ; line 39
0245 RETURN               R9  ; line 39
0246 MOVE                 R2 <- R0  ; line 40
0247 MOVE                 R3 <- R1  ; line 40
0248 CALL                 a=4 b=19 c=2 imm=2  ; line 40
0249 LOAD_CONST           R5 constant[74]  ; line 40
0250 MOVE                 R6 <- R4  ; line 40
0251 MOVE                 R7 <- R5  ; line 40
0252 CALL                 a=8 b=17 c=6 imm=2  ; line 40
0253 RETURN               R8  ; line 40
0254 LOAD_CONST           R9 constant[75]  ; line 40
0255 RETURN               R9  ; line 40
0256 MOVE                 R2 <- R0  ; line 41
0257 MOVE                 R3 <- R1  ; line 41
0258 CALL                 a=4 b=19 c=2 imm=2  ; line 41
0259 LOAD_CONST           R5 constant[76]  ; line 41
0260 MOVE                 R6 <- R4  ; line 41
0261 MOVE                 R7 <- R5  ; line 41
0262 CALL                 a=8 b=17 c=6 imm=2  ; line 41
0263 RETURN               R8  ; line 41
0264 LOAD_CONST           R9 constant[77]  ; line 41
0265 RETURN               R9  ; line 41
0266 MOVE                 R3 <- R0  ; line 42
0267 MOVE                 R4 <- R1  ; line 42
0268 CALL                 a=5 b=19 c=3 imm=2  ; line 42
0269 LOAD_CONST           R6 constant[78]  ; line 42
0270 MOVE                 R7 <- R2  ; line 42
0271 HOST_CALL            a=8 b=21 c=7 imm=1  ; line 42
0272 LOAD_CONST           R9 constant[79]  ; line 42
0273 MOVE                 R10 <- R8  ; line 42
0274 MOVE                 R11 <- R9  ; line 42
0275 HOST_CALL            a=12 b=20 c=10 imm=2  ; line 42
0276 MOVE                 R13 <- R6  ; line 42
0277 MOVE                 R14 <- R12  ; line 42
0278 HOST_CALL            a=15 b=20 c=13 imm=2  ; line 42
0279 MOVE                 R16 <- R5  ; line 42
0280 MOVE                 R17 <- R15  ; line 42
0281 CALL                 a=18 b=17 c=16 imm=2  ; line 42
0282 RETURN               R18  ; line 42
0283 LOAD_CONST           R19 constant[80]  ; line 42
0284 RETURN               R19  ; line 42
0285 MOVE                 R3 <- R0  ; line 43
0286 MOVE                 R4 <- R1  ; line 43
0287 CALL                 a=5 b=19 c=3 imm=2  ; line 43
0288 LOAD_CONST           R6 constant[81]  ; line 43
0289 MOVE                 R7 <- R2  ; line 43
0290 HOST_CALL            a=8 b=21 c=7 imm=1  ; line 43
0291 LOAD_CONST           R9 constant[82]  ; line 43
0292 MOVE                 R10 <- R8  ; line 43
0293 MOVE                 R11 <- R9  ; line 43
0294 HOST_CALL            a=12 b=20 c=10 imm=2  ; line 43
0295 MOVE                 R13 <- R6  ; line 43
0296 MOVE                 R14 <- R12  ; line 43
0297 HOST_CALL            a=15 b=20 c=13 imm=2  ; line 43
0298 MOVE                 R16 <- R5  ; line 43
0299 MOVE                 R17 <- R15  ; line 43
0300 CALL                 a=18 b=17 c=16 imm=2  ; line 43
0301 RETURN               R18  ; line 43
0302 LOAD_CONST           R19 constant[83]  ; line 43
0303 RETURN               R19  ; line 43
0304 LOAD_CONST           R2 constant[84]  ; line 46
0305 BINARY               a=0 b=2 c=3 imm=0  ; line 46
0306 MOVE                 R4 <- R3  ; line 46
0307 LOAD_CONST           R5 constant[85]  ; line 47
0308 BINARY               a=1 b=5 c=6 imm=0  ; line 47
0309 MOVE                 R7 <- R6  ; line 47
0310 CALL                 a=8 b=10 c=8 imm=0  ; line 48
0311 BINARY               a=4 b=4 c=9 imm=2  ; line 48
0312 LOAD_CONST           R10 constant[86]  ; line 48
0313 BINARY               a=9 b=10 c=11 imm=2  ; line 48
0314 BINARY               a=8 b=11 c=12 imm=0  ; line 48
0315 LOAD_CONST           R13 constant[87]  ; line 48
0316 BINARY               a=4 b=13 c=14 imm=2  ; line 48
0317 BINARY               a=12 b=14 c=15 imm=0  ; line 48
0318 LOAD_CONST           R16 constant[88]  ; line 48
0319 BINARY               a=7 b=16 c=17 imm=2  ; line 48
0320 BINARY               a=15 b=17 c=18 imm=0  ; line 48
0321 BINARY               a=4 b=7 c=19 imm=2  ; line 48
0322 LOAD_CONST           R20 constant[89]  ; line 48
0323 BINARY               a=19 b=20 c=21 imm=2  ; line 48
0324 BINARY               a=18 b=21 c=22 imm=0  ; line 48
0325 MOVE                 R23 <- R22  ; line 48
0326 LOAD_CONST           R24 constant[90]  ; line 49
0327 MOVE                 R25 <- R23  ; line 49
0328 MOVE                 R26 <- R24  ; line 49
0329 CALL                 a=27 b=85 c=25 imm=2  ; line 49
0330 MOVE                 R23 <- R27  ; line 49
0331 LOAD_CONST           R24 constant[91]  ; line 50
0332 BINARY               a=23 b=24 c=25 imm=3  ; line 50
0333 LOAD_CONST           R26 constant[92]  ; line 50
0334 BINARY               a=25 b=26 c=27 imm=2  ; line 50
0335 LOAD_CONST           R28 constant[93]  ; line 50
0336 BINARY               a=27 b=28 c=29 imm=1  ; line 50
0337 RETURN               R29  ; line 50
0338 LOAD_CONST           R30 constant[94]  ; line 50
0339 RETURN               R30  ; line 50
0340 MOVE                 R2 <- R1  ; line 54
0341 CALL                 a=3 b=16 c=2 imm=1  ; line 54
0342 MOVE                 R4 <- R0  ; line 54
0343 MOVE                 R5 <- R3  ; line 54
0344 CALL                 a=6 b=84 c=4 imm=2  ; line 54
0345 LOAD_CONST           R7 constant[95]  ; line 54
0346 MOVE                 R8 <- R6  ; line 54
0347 MOVE                 R9 <- R7  ; line 54
0348 CALL                 a=10 b=85 c=8 imm=2  ; line 54
0349 MOVE                 R11 <- R10  ; line 54
0350 LOAD_CONST           R12 constant[96]  ; line 55
0351 COMPARE              a=11 b=12 c=13 imm=0  ; line 55
0352 JUMP_IF_FALSE        R13 -> 357  ; line 55
0353 LOAD_CONST           R12 constant[97]  ; line 55
0354 UNARY                a=12 b=13 c=4294967295 imm=0  ; line 55
0355 RETURN               R13  ; line 55
0356 JUMP                 -> 357  ; line 55
0357 LOAD_CONST           R12 constant[98]  ; line 56
0358 RETURN               R12  ; line 56
0359 LOAD_CONST           R13 constant[99]  ; line 56
0360 RETURN               R13  ; line 56
0361 MOVE                 R2 <- R0  ; line 60
0362 MOVE                 R3 <- R1  ; line 60
0363 CALL                 a=4 b=85 c=2 imm=2  ; line 60
0364 MOVE                 R5 <- R4  ; line 60
0365 LOAD_CONST           R6 constant[100]  ; line 61
0366 MOVE                 R7 <- R6  ; line 61
0367 HOST_CALL            a=8 b=22 c=7 imm=1  ; line 61
0368 MOVE                 R9 <- R8  ; line 61
0369 LOAD_CONST           R10 constant[101]  ; line 62
0370 MOVE                 R11 <- R10  ; line 62
0371 CALL                 a=12 b=4 c=12 imm=0  ; line 63
0372 COMPARE              a=11 b=12 c=13 imm=2  ; line 63
0373 JUMP_IF_FALSE        R13 -> 384  ; line 63
0374 MOVE                 R12 <- R5  ; line 63
0375 MOVE                 R13 <- R11  ; line 63
0376 CALL                 a=14 b=28 c=12 imm=2  ; line 63
0377 MOVE                 R15 <- R9  ; line 63
0378 MOVE                 R16 <- R14  ; line 63
0379 HOST_CALL            a=17 b=23 c=15 imm=2  ; line 63
0380 LOAD_CONST           R12 constant[102]  ; line 63
0381 BINARY               a=11 b=12 c=13 imm=0  ; line 63
0382 MOVE                 R11 <- R13  ; line 63
0383 JUMP                 -> 371  ; line 63
0384 LOAD_CONST           R12 constant[103]  ; line 64
0385 MOVE                 R13 <- R12  ; line 64
0386 HOST_CALL            a=14 b=22 c=13 imm=1  ; line 64
0387 MOVE                 R15 <- R14  ; line 64
0388 MOVE                 R16 <- R0  ; line 65
0389 MOVE                 R17 <- R1  ; line 65
0390 CALL                 a=18 b=84 c=16 imm=2  ; line 65
0391 MOVE                 R19 <- R18  ; line 65
0392 LOAD_CONST           R20 constant[104]  ; line 66
0393 BINARY               a=19 b=20 c=21 imm=2  ; line 66
0394 BINARY               a=21 b=5 c=22 imm=0  ; line 66
0395 MOVE                 R23 <- R22  ; line 66
0396 LOAD_CONST           R24 constant[105]  ; line 67
0397 MOVE                 R25 <- R24  ; line 67
0398 CALL                 a=26 b=5 c=26 imm=0  ; line 68
0399 COMPARE              a=25 b=26 c=27 imm=2  ; line 68
0400 JUMP_IF_FALSE        R27 -> 415  ; line 68
0401 MOVE                 R26 <- R23  ; line 69
0402 MOVE                 R27 <- R25  ; line 69
0403 CALL                 a=28 b=27 c=26 imm=2  ; line 69
0404 MOVE                 R29 <- R28  ; line 69
0405 MOVE                 R30 <- R15  ; line 70
0406 MOVE                 R31 <- R29  ; line 70
0407 HOST_CALL            a=32 b=23 c=30 imm=2  ; line 70
0408 MOVE                 R30 <- R9  ; line 70
0409 MOVE                 R31 <- R29  ; line 70
0410 HOST_CALL            a=32 b=23 c=30 imm=2  ; line 70
0411 LOAD_CONST           R30 constant[106]  ; line 70
0412 BINARY               a=25 b=30 c=31 imm=0  ; line 70
0413 MOVE                 R25 <- R31  ; line 70
0414 JUMP                 -> 398  ; line 70
0415 LOAD_CONST           R30 constant[107]  ; line 72
0416 UNARY                a=30 b=31 c=4294967295 imm=0  ; line 72
0417 LOAD_CONST           R32 constant[108]  ; line 72
0418 BINARY               a=32 b=5 c=33 imm=2  ; line 72
0419 LOAD_CONST           R34 constant[109]  ; line 72
0420 BINARY               a=1 b=34 c=35 imm=1  ; line 72
0421 BINARY               a=33 b=35 c=36 imm=3  ; line 72
0422 BINARY               a=31 b=36 c=37 imm=0  ; line 72
0423 MOVE                 R38 <- R37  ; line 72
0424 LOAD_CONST           R39 constant[110]  ; line 73
0425 MOVE                 R40 <- R15  ; line 73
0426 MOVE                 R41 <- R39  ; line 73
0427 HOST_CALL            a=42 b=11 c=40 imm=2  ; line 73
0428 BINARY               a=42 b=38 c=43 imm=1  ; line 73
0429 MOVE                 R44 <- R43  ; line 73
0430 LOAD_CONST           R45 constant[111]  ; line 74
0431 MOVE                 R46 <- R45  ; line 74
0432 LOAD_CONST           R47 constant[112]  ; line 75
0433 COMPARE              a=44 b=47 c=48 imm=5  ; line 75
0434 JUMP_IF_FALSE        R48 -> 438  ; line 75
0435 LOAD_CONST           R47 constant[113]  ; line 75
0436 MOVE                 R46 <- R47  ; line 75
0437 JUMP                 -> 438  ; line 75
0438 LOAD_CONST           R47 constant[114]  ; line 76
0439 LOAD_CONST           R48 constant[115]  ; line 76
0440 LOAD_CONST           R49 constant[116]  ; line 76
0441 MOVE                 R50 <- R47  ; line 76
0442 MOVE                 R51 <- R9  ; line 76
0443 MOVE                 R52 <- R48  ; line 76
0444 MOVE                 R53 <- R46  ; line 76
0445 MOVE                 R54 <- R49  ; line 76
0446 MOVE                 R55 <- R5  ; line 76
0447 HOST_CALL            a=56 b=6 c=50 imm=6  ; line 76
0448 RETURN               R56  ; line 76
0449 LOAD_CONST           R57 constant[117]  ; line 76
0450 RETURN               R57  ; line 76
0451 LOAD_CONST           R1 constant[118]  ; line 79
0452 MOVE                 R2 <- R0  ; line 79
0453 MOVE                 R3 <- R1  ; line 79
0454 CALL                 a=4 b=29 c=2 imm=2  ; line 79
0455 RETURN               R4  ; line 79
0456 LOAD_CONST           R5 constant[119]  ; line 79
0457 RETURN               R5  ; line 79
0458 LOAD_CONST           R1 constant[120]  ; line 80
0459 MOVE                 R2 <- R0  ; line 80
0460 MOVE                 R3 <- R1  ; line 80
0461 CALL                 a=4 b=29 c=2 imm=2  ; line 80
0462 RETURN               R4  ; line 80
0463 LOAD_CONST           R5 constant[121]  ; line 80
0464 RETURN               R5  ; line 80
0465 LOAD_CONST           R1 constant[122]  ; line 81
0466 MOVE                 R2 <- R0  ; line 81
0467 MOVE                 R3 <- R1  ; line 81
0468 CALL                 a=4 b=29 c=2 imm=2  ; line 81
0469 RETURN               R4  ; line 81
0470 LOAD_CONST           R5 constant[123]  ; line 81
0471 RETURN               R5  ; line 81
0472 LOAD_CONST           R1 constant[124]  ; line 82
0473 MOVE                 R2 <- R0  ; line 82
0474 MOVE                 R3 <- R1  ; line 82
0475 CALL                 a=4 b=29 c=2 imm=2  ; line 82
0476 RETURN               R4  ; line 82
0477 LOAD_CONST           R5 constant[125]  ; line 82
0478 RETURN               R5  ; line 82
0479 LOAD_CONST           R1 constant[126]  ; line 83
0480 MOVE                 R2 <- R0  ; line 83
0481 MOVE                 R3 <- R1  ; line 83
0482 CALL                 a=4 b=29 c=2 imm=2  ; line 83
0483 RETURN               R4  ; line 83
0484 LOAD_CONST           R5 constant[127]  ; line 83
0485 RETURN               R5  ; line 83
0486 LOAD_CONST           R1 constant[128]  ; line 86
0487 COMPARE              a=0 b=1 c=2 imm=0  ; line 86
0488 JUMP_IF_FALSE        R2 -> 493  ; line 86
0489 CALL                 a=1 b=2 c=1 imm=0  ; line 86
0490 LAZY                 R2 <- lazy(function[30], bound=R1)  ; line 86
0491 RETURN               R2  ; line 86
0492 JUMP                 -> 493  ; line 86
0493 LOAD_CONST           R1 constant[129]  ; line 87
0494 COMPARE              a=0 b=1 c=2 imm=0  ; line 87
0495 JUMP_IF_FALSE        R2 -> 500  ; line 87
0496 CALL                 a=1 b=2 c=1 imm=0  ; line 87
0497 LAZY                 R2 <- lazy(function[31], bound=R1)  ; line 87
0498 RETURN               R2  ; line 87
0499 JUMP                 -> 500  ; line 87
0500 LOAD_CONST           R1 constant[130]  ; line 88
0501 COMPARE              a=0 b=1 c=2 imm=0  ; line 88
0502 JUMP_IF_FALSE        R2 -> 507  ; line 88
0503 CALL                 a=1 b=2 c=1 imm=0  ; line 88
0504 LAZY                 R2 <- lazy(function[32], bound=R1)  ; line 88
0505 RETURN               R2  ; line 88
0506 JUMP                 -> 507  ; line 88
0507 LOAD_CONST           R1 constant[131]  ; line 89
0508 COMPARE              a=0 b=1 c=2 imm=0  ; line 89
0509 JUMP_IF_FALSE        R2 -> 514  ; line 89
0510 CALL                 a=1 b=2 c=1 imm=0  ; line 89
0511 LAZY                 R2 <- lazy(function[33], bound=R1)  ; line 89
0512 RETURN               R2  ; line 89
0513 JUMP                 -> 514  ; line 89
0514 LOAD_CONST           R1 constant[132]  ; line 90
0515 COMPARE              a=0 b=1 c=2 imm=0  ; line 90
0516 JUMP_IF_FALSE        R2 -> 521  ; line 90
0517 CALL                 a=1 b=2 c=1 imm=0  ; line 90
0518 LAZY                 R2 <- lazy(function[34], bound=R1)  ; line 90
0519 RETURN               R2  ; line 90
0520 JUMP                 -> 521  ; line 90
0521 LOAD_CONST           R1 constant[133]  ; line 91
0522 LOAD_CONST           R2 constant[134]  ; line 91
0523 MOVE                 R3 <- R1  ; line 91
0524 MOVE                 R4 <- R2  ; line 91
0525 HOST_CALL            a=5 b=5 c=3 imm=2  ; line 91
0526 LOAD_CONST           R1 constant[135]  ; line 91
0527 RETURN               R1  ; line 91
0528 LOAD_CONST           R2 constant[136]  ; line 91
0529 RETURN               R2  ; line 91
0530 CALL                 a=1 b=6 c=1 imm=0  ; line 94
0531 BINARY               a=1 b=0 c=2 imm=2  ; line 94
0532 RETURN               R2  ; line 94
0533 LOAD_CONST           R3 constant[137]  ; line 94
0534 RETURN               R3  ; line 94
0535 MOVE                 R1 <- R0  ; line 95
0536 CALL                 a=2 b=36 c=1 imm=1  ; line 95
0537 RETURN               R2  ; line 95
0538 LOAD_CONST           R3 constant[138]  ; line 95
0539 RETURN               R3  ; line 95
0540 CALL                 a=1 b=7 c=1 imm=0  ; line 96
0541 BINARY               a=1 b=0 c=2 imm=2  ; line 96
0542 RETURN               R2  ; line 96
0543 LOAD_CONST           R3 constant[139]  ; line 96
0544 RETURN               R3  ; line 96
0545 MOVE                 R1 <- R0  ; line 97
0546 CALL                 a=2 b=36 c=1 imm=1  ; line 97
0547 MOVE                 R3 <- R0  ; line 97
0548 CALL                 a=4 b=38 c=3 imm=1  ; line 97
0549 BINARY               a=2 b=4 c=5 imm=0  ; line 97
0550 RETURN               R5  ; line 97
0551 LOAD_CONST           R6 constant[140]  ; line 97
0552 RETURN               R6  ; line 97
0553 MOVE                 R3 <- R0  ; line 100
0554 CALL                 a=4 b=35 c=3 imm=1  ; line 100
0555 MOVE                 R5 <- R4  ; line 100
0556 LOAD_CONST           R6 constant[141]  ; line 101
0557 MOVE                 R7 <- R6  ; line 101
0558 HOST_CALL            a=8 b=22 c=7 imm=1  ; line 101
0559 MOVE                 R9 <- R8  ; line 101
0560 LOAD_CONST           R10 constant[142]  ; line 101
0561 MOVE                 R11 <- R10  ; line 101
0562 HOST_CALL            a=12 b=22 c=11 imm=1  ; line 101
0563 MOVE                 R13 <- R12  ; line 101
0564 LOAD_CONST           R14 constant[143]  ; line 101
0565 MOVE                 R15 <- R14  ; line 101
0566 HOST_CALL            a=16 b=22 c=15 imm=1  ; line 101
0567 MOVE                 R17 <- R16  ; line 101
0568 LOAD_CONST           R18 constant[144]  ; line 102
0569 MOVE                 R19 <- R18  ; line 102
0570 COMPARE              a=19 b=2 c=20 imm=2  ; line 103
0571 JUMP_IF_FALSE        R20 -> 600  ; line 103
0572 BINARY               a=1 b=19 c=20 imm=0  ; line 104
0573 FORCE                R21 <- force(R5, index=R20)  ; line 104
0574 MOVE                 R22 <- R21  ; line 104
0575 LOAD_CONST           R23 constant[145]  ; line 105
0576 MOVE                 R24 <- R22  ; line 105
0577 MOVE                 R25 <- R23  ; line 105
0578 HOST_CALL            a=26 b=11 c=24 imm=2  ; line 105
0579 MOVE                 R27 <- R9  ; line 105
0580 MOVE                 R28 <- R26  ; line 105
0581 HOST_CALL            a=29 b=23 c=27 imm=2  ; line 105
0582 LOAD_CONST           R23 constant[146]  ; line 105
0583 MOVE                 R24 <- R22  ; line 105
0584 MOVE                 R25 <- R23  ; line 105
0585 HOST_CALL            a=26 b=11 c=24 imm=2  ; line 105
0586 MOVE                 R27 <- R13  ; line 105
0587 MOVE                 R28 <- R26  ; line 105
0588 HOST_CALL            a=29 b=23 c=27 imm=2  ; line 105
0589 LOAD_CONST           R23 constant[147]  ; line 105
0590 MOVE                 R24 <- R22  ; line 105
0591 MOVE                 R25 <- R23  ; line 105
0592 HOST_CALL            a=26 b=11 c=24 imm=2  ; line 105
0593 MOVE                 R27 <- R17  ; line 105
0594 MOVE                 R28 <- R26  ; line 105
0595 HOST_CALL            a=29 b=23 c=27 imm=2  ; line 105
0596 LOAD_CONST           R23 constant[148]  ; line 106
0597 BINARY               a=19 b=23 c=24 imm=0  ; line 106
0598 MOVE                 R19 <- R24  ; line 106
0599 JUMP                 -> 570  ; line 106
0600 LOAD_CONST           R23 constant[149]  ; line 108
0601 MOVE                 R24 <- R9  ; line 108
0602 HOST_CALL            a=25 b=72 c=24 imm=1  ; line 108
0603 LOAD_CONST           R26 constant[150]  ; line 108
0604 MOVE                 R27 <- R13  ; line 108
0605 HOST_CALL            a=28 b=72 c=27 imm=1  ; line 108
0606 LOAD_CONST           R29 constant[151]  ; line 108
0607 MOVE                 R30 <- R23  ; line 108
0608 MOVE                 R31 <- R25  ; line 108
0609 MOVE                 R32 <- R26  ; line 108
0610 MOVE                 R33 <- R28  ; line 108
0611 MOVE                 R34 <- R29  ; line 108
0612 MOVE                 R35 <- R17  ; line 108
0613 HOST_CALL            a=36 b=6 c=30 imm=6  ; line 108
0614 RETURN               R36  ; line 108
0615 LOAD_CONST           R37 constant[152]  ; line 108
0616 RETURN               R37  ; line 108
0617 LOAD_CONST           R1 constant[153]  ; line 111
0618 MOVE                 R2 <- R0  ; line 111
0619 CALL                 a=3 b=36 c=2 imm=1  ; line 111
0620 MOVE                 R4 <- R0  ; line 111
0621 MOVE                 R5 <- R1  ; line 111
0622 MOVE                 R6 <- R3  ; line 111
0623 CALL                 a=7 b=40 c=4 imm=3  ; line 111
0624 RETURN               R7  ; line 111
0625 LOAD_CONST           R8 constant[154]  ; line 111
0626 RETURN               R8  ; line 111
0627 MOVE                 R1 <- R0  ; line 112
0628 CALL                 a=2 b=37 c=1 imm=1  ; line 112
0629 MOVE                 R3 <- R0  ; line 112
0630 CALL                 a=4 b=38 c=3 imm=1  ; line 112
0631 MOVE                 R5 <- R0  ; line 112
0632 MOVE                 R6 <- R2  ; line 112
0633 MOVE                 R7 <- R4  ; line 112
0634 CALL                 a=8 b=40 c=5 imm=3  ; line 112
0635 RETURN               R8  ; line 112
0636 LOAD_CONST           R9 constant[155]  ; line 112
0637 RETURN               R9  ; line 112
0638 MOVE                 R3 <- R0  ; line 113
0639 CALL                 a=4 b=39 c=3 imm=1  ; line 113
0640 BINARY               a=4 b=1 c=5 imm=0  ; line 113
0641 MOVE                 R6 <- R0  ; line 113
0642 MOVE                 R7 <- R5  ; line 113
0643 MOVE                 R8 <- R2  ; line 113
0644 CALL                 a=9 b=40 c=6 imm=3  ; line 113
0645 RETURN               R9  ; line 113
0646 LOAD_CONST           R10 constant[156]  ; line 113
0647 RETURN               R10  ; line 113
0648 LOAD_CONST           R2 constant[157]  ; line 116
0649 MOVE                 R3 <- R2  ; line 116
0650 HOST_CALL            a=4 b=22 c=3 imm=1  ; line 116
0651 MOVE                 R5 <- R4  ; line 116
0652 LOAD_CONST           R6 constant[158]  ; line 116
0653 MOVE                 R7 <- R6  ; line 116
0654 MOVE                 R8 <- R0  ; line 117
0655 HOST_CALL            a=9 b=61 c=8 imm=1  ; line 117
0656 LOAD_CONST           R10 constant[159]  ; line 117
0657 MOVE                 R11 <- R9  ; line 117
0658 MOVE                 R12 <- R10  ; line 117
0659 HOST_CALL            a=13 b=11 c=11 imm=2  ; line 117
0660 COMPARE              a=7 b=13 c=14 imm=2  ; line 117
0661 JUMP_IF_FALSE        R14 -> 675  ; line 117
0662 MOVE                 R8 <- R1  ; line 117
0663 MOVE                 R9 <- R7  ; line 117
0664 ARRAY_NEW            a=10 b=8 c=2 imm=4294967295  ; line 117
0665 MOVE                 R11 <- R0  ; line 117
0666 MOVE                 R12 <- R10  ; line 117
0667 HOST_CALL            a=13 b=11 c=11 imm=2  ; line 117
0668 MOVE                 R14 <- R5  ; line 117
0669 MOVE                 R15 <- R13  ; line 117
0670 HOST_CALL            a=16 b=23 c=14 imm=2  ; line 117
0671 LOAD_CONST           R8 constant[160]  ; line 117
0672 BINARY               a=7 b=8 c=9 imm=0  ; line 117
0673 MOVE                 R7 <- R9  ; line 117
0674 JUMP                 -> 654  ; line 117
0675 RETURN               R5  ; line 118
0676 LOAD_CONST           R8 constant[161]  ; line 118
0677 RETURN               R8  ; line 118
0678 LOAD_CONST           R2 constant[162]  ; line 122
0679 MOVE                 R3 <- R2  ; line 122
0680 HOST_CALL            a=4 b=22 c=3 imm=1  ; line 122
0681 MOVE                 R5 <- R4  ; line 122
0682 LOAD_CONST           R6 constant[163]  ; line 122
0683 MOVE                 R7 <- R6  ; line 122
0684 CALL                 a=8 b=5 c=8 imm=0  ; line 123
0685 COMPARE              a=7 b=8 c=9 imm=2  ; line 123
0686 JUMP_IF_FALSE        R9 -> 702  ; line 123
0687 CALL                 a=8 b=4 c=8 imm=0  ; line 123
0688 BINARY               a=8 b=7 c=9 imm=0  ; line 123
0689 MOVE                 R10 <- R1  ; line 123
0690 MOVE                 R11 <- R9  ; line 123
0691 ARRAY_NEW            a=12 b=10 c=2 imm=4294967295  ; line 123
0692 MOVE                 R13 <- R0  ; line 123
0693 MOVE                 R14 <- R12  ; line 123
0694 HOST_CALL            a=15 b=11 c=13 imm=2  ; line 123
0695 MOVE                 R16 <- R5  ; line 123
0696 MOVE                 R17 <- R15  ; line 123
0697 HOST_CALL            a=18 b=23 c=16 imm=2  ; line 123
0698 LOAD_CONST           R8 constant[164]  ; line 123
0699 BINARY               a=7 b=8 c=9 imm=0  ; line 123
0700 MOVE                 R7 <- R9  ; line 123
0701 JUMP                 -> 684  ; line 123
0702 RETURN               R5  ; line 124
0703 LOAD_CONST           R8 constant[165]  ; line 124
0704 RETURN               R8  ; line 124
0705 LOAD_CONST           R1 constant[166]  ; line 128
0706 MOVE                 R2 <- R1  ; line 128
0707 HOST_CALL            a=3 b=22 c=2 imm=1  ; line 128
0708 MOVE                 R4 <- R3  ; line 128
0709 LOAD_CONST           R5 constant[167]  ; line 128
0710 MOVE                 R6 <- R5  ; line 128
0711 LOAD_CONST           R7 constant[168]  ; line 129
0712 MOVE                 R8 <- R0  ; line 129
0713 MOVE                 R9 <- R7  ; line 129
0714 HOST_CALL            a=10 b=11 c=8 imm=2  ; line 129
0715 MOVE                 R11 <- R10  ; line 129
0716 HOST_CALL            a=12 b=61 c=11 imm=1  ; line 129
0717 LOAD_CONST           R13 constant[169]  ; line 129
0718 MOVE                 R14 <- R12  ; line 129
0719 MOVE                 R15 <- R13  ; line 129
0720 HOST_CALL            a=16 b=11 c=14 imm=2  ; line 129
0721 COMPARE              a=6 b=16 c=17 imm=2  ; line 129
0722 JUMP_IF_FALSE        R17 -> 737  ; line 129
0723 LOAD_CONST           R7 constant[170]  ; line 129
0724 MOVE                 R8 <- R0  ; line 129
0725 MOVE                 R9 <- R7  ; line 129
0726 HOST_CALL            a=10 b=11 c=8 imm=2  ; line 129
0727 MOVE                 R11 <- R10  ; line 129
0728 MOVE                 R12 <- R6  ; line 129
0729 CALL                 a=13 b=45 c=11 imm=2  ; line 129
0730 MOVE                 R14 <- R4  ; line 129
0731 MOVE                 R15 <- R13  ; line 129
0732 HOST_CALL            a=16 b=23 c=14 imm=2  ; line 129
0733 LOAD_CONST           R7 constant[171]  ; line 129
0734 BINARY               a=6 b=7 c=8 imm=0  ; line 129
0735 MOVE                 R6 <- R8  ; line 129
0736 JUMP                 -> 711  ; line 129
0737 LOAD_CONST           R7 constant[172]  ; line 130
0738 MOVE                 R8 <- R4  ; line 130
0739 HOST_CALL            a=9 b=72 c=8 imm=1  ; line 130
0740 LOAD_CONST           R10 constant[173]  ; line 130
0741 LOAD_CONST           R11 constant[174]  ; line 130
0742 MOVE                 R12 <- R0  ; line 130
0743 MOVE                 R13 <- R11  ; line 130
0744 HOST_CALL            a=14 b=11 c=12 imm=2  ; line 130
0745 LOAD_CONST           R15 constant[175]  ; line 130
0746 LOAD_CONST           R16 constant[176]  ; line 130
0747 MOVE                 R17 <- R0  ; line 130
0748 MOVE                 R18 <- R16  ; line 130
0749 HOST_CALL            a=19 b=11 c=17 imm=2  ; line 130
0750 MOVE                 R20 <- R7  ; line 130
0751 MOVE                 R21 <- R9  ; line 130
0752 MOVE                 R22 <- R10  ; line 130
0753 MOVE                 R23 <- R14  ; line 130
0754 MOVE                 R24 <- R15  ; line 130
0755 MOVE                 R25 <- R19  ; line 130
0756 HOST_CALL            a=26 b=6 c=20 imm=6  ; line 130
0757 RETURN               R26  ; line 130
0758 LOAD_CONST           R27 constant[177]  ; line 130
0759 RETURN               R27  ; line 130
0760 MOVE                 R2 <- R0  ; line 134
0761 CALL                 a=3 b=35 c=2 imm=1  ; line 134
0762 MOVE                 R4 <- R3  ; line 134
0763 LOAD_CONST           R5 constant[178]  ; line 134
0764 MOVE                 R6 <- R5  ; line 134
0765 HOST_CALL            a=7 b=22 c=6 imm=1  ; line 134
0766 MOVE                 R8 <- R7  ; line 134
0767 LOAD_CONST           R9 constant[179]  ; line 134
0768 MOVE                 R10 <- R9  ; line 134
0769 HOST_CALL            a=11 b=22 c=10 imm=1  ; line 134
0770 MOVE                 R12 <- R11  ; line 134
0771 LOAD_CONST           R13 constant[180]  ; line 135
0772 MOVE                 R14 <- R13  ; line 135
0773 CALL                 a=15 b=6 c=15 imm=0  ; line 136
0774 COMPARE              a=14 b=15 c=16 imm=2  ; line 136
0775 JUMP_IF_FALSE        R16 -> 819  ; line 136
0776 BINARY               a=14 b=0 c=15 imm=2  ; line 137
0777 BINARY               a=15 b=1 c=16 imm=0  ; line 137
0778 FORCE                R17 <- force(R4, index=R16)  ; line 137
0779 MOVE                 R18 <- R17  ; line 137
0780 LOAD_CONST           R19 constant[181]  ; line 138
0781 MOVE                 R20 <- R19  ; line 138
0782 HOST_CALL            a=21 b=22 c=20 imm=1  ; line 138
0783 MOVE                 R22 <- R21  ; line 138
0784 LOAD_CONST           R23 constant[182]  ; line 138
0785 MOVE                 R24 <- R23  ; line 138
0786 CALL                 a=25 b=5 c=25 imm=0  ; line 139
0787 COMPARE              a=24 b=25 c=26 imm=2  ; line 139
0788 JUMP_IF_FALSE        R26 -> 805  ; line 139
0789 LOAD_CONST           R25 constant[183]  ; line 139
0790 MOVE                 R26 <- R18  ; line 139
0791 MOVE                 R27 <- R25  ; line 139
0792 HOST_CALL            a=28 b=11 c=26 imm=2  ; line 139
0793 CALL                 a=29 b=4 c=29 imm=0  ; line 139
0794 BINARY               a=29 b=24 c=30 imm=0  ; line 139
0795 MOVE                 R31 <- R28  ; line 139
0796 MOVE                 R32 <- R30  ; line 139
0797 HOST_CALL            a=33 b=11 c=31 imm=2  ; line 139
0798 MOVE                 R34 <- R22  ; line 139
0799 MOVE                 R35 <- R33  ; line 139
0800 HOST_CALL            a=36 b=23 c=34 imm=2  ; line 139
0801 LOAD_CONST           R25 constant[184]  ; line 139
0802 BINARY               a=24 b=25 c=26 imm=0  ; line 139
0803 MOVE                 R24 <- R26  ; line 139
0804 JUMP                 -> 786  ; line 139
0805 MOVE                 R25 <- R8  ; line 140
0806 MOVE                 R26 <- R22  ; line 140
0807 HOST_CALL            a=27 b=23 c=25 imm=2  ; line 140
0808 LOAD_CONST           R25 constant[185]  ; line 140
0809 MOVE                 R26 <- R18  ; line 140
0810 MOVE                 R27 <- R25  ; line 140
0811 HOST_CALL            a=28 b=11 c=26 imm=2  ; line 140
0812 MOVE                 R29 <- R12  ; line 140
0813 MOVE                 R30 <- R28  ; line 140
0814 HOST_CALL            a=31 b=23 c=29 imm=2  ; line 140
0815 LOAD_CONST           R25 constant[186]  ; line 140
0816 BINARY               a=14 b=25 c=26 imm=0  ; line 140
0817 MOVE                 R14 <- R26  ; line 140
0818 JUMP                 -> 773  ; line 140
0819 LOAD_CONST           R25 constant[187]  ; line 142
0820 MOVE                 R26 <- R8  ; line 142
0821 HOST_CALL            a=27 b=72 c=26 imm=1  ; line 142
0822 LOAD_CONST           R28 constant[188]  ; line 142
0823 MOVE                 R29 <- R12  ; line 142
0824 HOST_CALL            a=30 b=72 c=29 imm=1  ; line 142
0825 MOVE                 R31 <- R25  ; line 142
0826 MOVE                 R32 <- R27  ; line 142
0827 MOVE                 R33 <- R28  ; line 142
0828 MOVE                 R34 <- R30  ; line 142
0829 HOST_CALL            a=35 b=6 c=31 imm=4  ; line 142
0830 RETURN               R35  ; line 142
0831 LOAD_CONST           R36 constant[189]  ; line 142
0832 RETURN               R36  ; line 142
0833 LOAD_CONST           R2 constant[190]  ; line 146
0834 MOVE                 R3 <- R2  ; line 146
0835 HOST_CALL            a=4 b=22 c=3 imm=1  ; line 146
0836 MOVE                 R5 <- R4  ; line 146
0837 LOAD_CONST           R6 constant[191]  ; line 146
0838 MOVE                 R7 <- R6  ; line 146
0839 LOAD_CONST           R8 constant[192]  ; line 147
0840 MOVE                 R9 <- R0  ; line 147
0841 MOVE                 R10 <- R8  ; line 147
0842 HOST_CALL            a=11 b=11 c=9 imm=2  ; line 147
0843 MOVE                 R12 <- R11  ; line 147
0844 HOST_CALL            a=13 b=26 c=12 imm=1  ; line 147
0845 COMPARE              a=7 b=13 c=14 imm=2  ; line 147
0846 JUMP_IF_FALSE        R14 -> 872  ; line 147
0847 LOAD_CONST           R8 constant[193]  ; line 148
0848 MOVE                 R9 <- R8  ; line 148
0849 LOAD_CONST           R10 constant[194]  ; line 148
0850 MOVE                 R11 <- R0  ; line 148
0851 MOVE                 R12 <- R10  ; line 148
0852 HOST_CALL            a=13 b=11 c=11 imm=2  ; line 148
0853 MOVE                 R14 <- R13  ; line 148
0854 MOVE                 R15 <- R7  ; line 148
0855 HOST_CALL            a=16 b=11 c=14 imm=2  ; line 148
0856 MOVE                 R17 <- R16  ; line 148
0857 MOVE                 R18 <- R1  ; line 148
0858 CALL                 a=19 b=28 c=17 imm=2  ; line 148
0859 LOAD_CONST           R20 constant[195]  ; line 148
0860 COMPARE              a=19 b=20 c=21 imm=4  ; line 148
0861 JUMP_IF_FALSE        R21 -> 865  ; line 148
0862 LOAD_CONST           R10 constant[196]  ; line 148
0863 MOVE                 R9 <- R10  ; line 148
0864 JUMP                 -> 865  ; line 148
0865 MOVE                 R10 <- R5  ; line 149
0866 MOVE                 R11 <- R9  ; line 149
0867 HOST_CALL            a=12 b=23 c=10 imm=2  ; line 149
0868 LOAD_CONST           R10 constant[197]  ; line 149
0869 BINARY               a=7 b=10 c=11 imm=0  ; line 149
0870 MOVE                 R7 <- R11  ; line 149
0871 JUMP                 -> 839  ; line 149
0872 LOAD_CONST           R10 constant[198]  ; line 151
0873 LOAD_CONST           R11 constant[199]  ; line 151
0874 MOVE                 R12 <- R0  ; line 151
0875 MOVE                 R13 <- R11  ; line 151
0876 HOST_CALL            a=14 b=11 c=12 imm=2  ; line 151
0877 LOAD_CONST           R15 constant[200]  ; line 151
0878 MOVE                 R16 <- R5  ; line 151
0879 HOST_CALL            a=17 b=72 c=16 imm=1  ; line 151
0880 MOVE                 R18 <- R10  ; line 151
0881 MOVE                 R19 <- R14  ; line 151
0882 MOVE                 R20 <- R15  ; line 151
0883 MOVE                 R21 <- R17  ; line 151
0884 HOST_CALL            a=22 b=6 c=18 imm=4  ; line 151
0885 RETURN               R22  ; line 151
0886 LOAD_CONST           R23 constant[201]  ; line 151
0887 RETURN               R23  ; line 151
0888 LOAD_CONST           R3 constant[202]  ; line 155
0889 MOVE                 R4 <- R3  ; line 155
0890 HOST_CALL            a=5 b=22 c=4 imm=1  ; line 155
0891 MOVE                 R6 <- R5  ; line 155
0892 LOAD_CONST           R7 constant[203]  ; line 155
0893 MOVE                 R8 <- R7  ; line 155
0894 HOST_CALL            a=9 b=22 c=8 imm=1  ; line 155
0895 MOVE                 R10 <- R9  ; line 155
0896 LOAD_CONST           R11 constant[204]  ; line 155
0897 MOVE                 R12 <- R11  ; line 155
0898 LOAD_CONST           R13 constant[205]  ; line 156
0899 MOVE                 R14 <- R0  ; line 156
0900 MOVE                 R15 <- R13  ; line 156
0901 HOST_CALL            a=16 b=11 c=14 imm=2  ; line 156
0902 MOVE                 R17 <- R16  ; line 156
0903 HOST_CALL            a=18 b=26 c=17 imm=1  ; line 156
0904 COMPARE              a=12 b=18 c=19 imm=2  ; line 156
0905 JUMP_IF_FALSE        R19 -> 957  ; line 156
0906 LOAD_CONST           R13 constant[206]  ; line 157
0907 MOVE                 R14 <- R0  ; line 157
0908 MOVE                 R15 <- R13  ; line 157
0909 HOST_CALL            a=16 b=11 c=14 imm=2  ; line 157
0910 MOVE                 R17 <- R16  ; line 157
0911 MOVE                 R18 <- R12  ; line 157
0912 HOST_CALL            a=19 b=11 c=17 imm=2  ; line 157
0913 CALL                 a=20 b=13 c=20 imm=0  ; line 157
0914 MOVE                 R21 <- R20  ; line 157
0915 CALL                 a=22 b=16 c=21 imm=1  ; line 157
0916 MOVE                 R23 <- R19  ; line 157
0917 MOVE                 R24 <- R22  ; line 157
0918 CALL                 a=25 b=84 c=23 imm=2  ; line 157
0919 COMPARE              a=25 b=1 c=26 imm=0  ; line 157
0920 JUMP_IF_FALSE        R26 -> 953  ; line 157
0921 LOAD_CONST           R13 constant[207]  ; line 158
0922 MOVE                 R14 <- R0  ; line 158
0923 MOVE                 R15 <- R13  ; line 158
0924 HOST_CALL            a=16 b=11 c=14 imm=2  ; line 158
0925 MOVE                 R17 <- R16  ; line 158
0926 MOVE                 R18 <- R12  ; line 158
0927 CALL                 a=19 b=44 c=17 imm=2  ; line 158
0928 MOVE                 R20 <- R6  ; line 158
0929 MOVE                 R21 <- R19  ; line 158
0930 HOST_CALL            a=22 b=23 c=20 imm=2  ; line 158
0931 LOAD_CONST           R13 constant[208]  ; line 159
0932 MOVE                 R14 <- R13  ; line 159
0933 LOAD_CONST           R15 constant[209]  ; line 159
0934 MOVE                 R16 <- R0  ; line 159
0935 MOVE                 R17 <- R15  ; line 159
0936 HOST_CALL            a=18 b=11 c=16 imm=2  ; line 159
0937 MOVE                 R19 <- R18  ; line 159
0938 MOVE                 R20 <- R12  ; line 159
0939 HOST_CALL            a=21 b=11 c=19 imm=2  ; line 159
0940 MOVE                 R22 <- R21  ; line 159
0941 MOVE                 R23 <- R2  ; line 159
0942 CALL                 a=24 b=28 c=22 imm=2  ; line 159
0943 LOAD_CONST           R25 constant[210]  ; line 159
0944 COMPARE              a=24 b=25 c=26 imm=4  ; line 159
0945 JUMP_IF_FALSE        R26 -> 949  ; line 159
0946 LOAD_CONST           R15 constant[211]  ; line 159
0947 MOVE                 R14 <- R15  ; line 159
0948 JUMP                 -> 949  ; line 159
0949 MOVE                 R15 <- R10  ; line 160
0950 MOVE                 R16 <- R14  ; line 160
0951 HOST_CALL            a=17 b=23 c=15 imm=2  ; line 160
0952 JUMP                 -> 953  ; line 160
0953 LOAD_CONST           R15 constant[212]  ; line 162
0954 BINARY               a=12 b=15 c=16 imm=0  ; line 162
0955 MOVE                 R12 <- R16  ; line 162
0956 JUMP                 -> 898  ; line 162
0957 LOAD_CONST           R15 constant[213]  ; line 164
0958 MOVE                 R16 <- R6  ; line 164
0959 HOST_CALL            a=17 b=72 c=16 imm=1  ; line 164
0960 LOAD_CONST           R18 constant[214]  ; line 164
0961 MOVE                 R19 <- R10  ; line 164
0962 HOST_CALL            a=20 b=72 c=19 imm=1  ; line 164
0963 MOVE                 R21 <- R15  ; line 164
0964 MOVE                 R22 <- R17  ; line 164
0965 MOVE                 R23 <- R18  ; line 164
0966 MOVE                 R24 <- R20  ; line 164
0967 HOST_CALL            a=25 b=6 c=21 imm=4  ; line 164
0968 RETURN               R25  ; line 164
0969 LOAD_CONST           R26 constant[215]  ; line 164
0970 RETURN               R26  ; line 164
0971 MOVE                 R2 <- R1  ; line 167
0972 CALL                 a=3 b=78 c=2 imm=1  ; line 167
0973 MOVE                 R4 <- R0  ; line 167
0974 MOVE                 R5 <- R3  ; line 167
0975 HOST_CALL            a=6 b=51 c=4 imm=2  ; line 167
0976 LOAD_CONST           R2 constant[216]  ; line 167
0977 RETURN               R2  ; line 167
0978 LOAD_CONST           R3 constant[217]  ; line 167
0979 RETURN               R3  ; line 167
0980 MOVE                 R1 <- R0  ; line 168
0981 HOST_CALL            a=2 b=1 c=1 imm=1  ; line 168
0982 MOVE                 R3 <- R2  ; line 168
0983 CALL                 a=4 b=77 c=3 imm=1  ; line 168
0984 MOVE                 R5 <- R4  ; line 168
0985 LOAD_CONST           R6 constant[218]  ; line 168
0986 MOVE                 R7 <- R5  ; line 168
0987 MOVE                 R8 <- R6  ; line 168
0988 HOST_CALL            a=9 b=11 c=7 imm=2  ; line 168
0989 LOAD_CONST           R10 constant[219]  ; line 168
0990 MOVE                 R11 <- R10  ; line 168
0991 MOVE                 R12 <- R0  ; line 168
0992 HOST_CALL            a=13 b=20 c=11 imm=2  ; line 168
0993 MOVE                 R14 <- R9  ; line 168
0994 MOVE                 R15 <- R13  ; line 168
0995 HOST_CALL            a=16 b=5 c=14 imm=2  ; line 168
0996 LOAD_CONST           R6 constant[220]  ; line 168
0997 MOVE                 R7 <- R5  ; line 168
0998 MOVE                 R8 <- R6  ; line 168
0999 HOST_CALL            a=9 b=11 c=7 imm=2  ; line 168
1000 RETURN               R9  ; line 168
1001 LOAD_CONST           R10 constant[221]  ; line 168
1002 RETURN               R10  ; line 168
1003 LOAD_CONST           R1 constant[222]  ; line 171
1004 MOVE                 R2 <- R1  ; line 171
1005 HOST_CALL            a=3 b=22 c=2 imm=1  ; line 171
1006 MOVE                 R4 <- R3  ; line 171
1007 LOAD_CONST           R5 constant[223]  ; line 171
1008 MOVE                 R6 <- R5  ; line 171
1009 MOVE                 R7 <- R0  ; line 172
1010 HOST_CALL            a=8 b=61 c=7 imm=1  ; line 172
1011 LOAD_CONST           R9 constant[224]  ; line 172
1012 MOVE                 R10 <- R8  ; line 172
1013 MOVE                 R11 <- R9  ; line 172
1014 HOST_CALL            a=12 b=11 c=10 imm=2  ; line 172
1015 COMPARE              a=6 b=12 c=13 imm=2  ; line 172
1016 JUMP_IF_FALSE        R13 -> 1027  ; line 172
1017 MOVE                 R7 <- R0  ; line 172
1018 MOVE                 R8 <- R6  ; line 172
1019 HOST_CALL            a=9 b=11 c=7 imm=2  ; line 172
1020 MOVE                 R10 <- R4  ; line 172
1021 MOVE                 R11 <- R9  ; line 172
1022 HOST_CALL            a=12 b=23 c=10 imm=2  ; line 172
1023 LOAD_CONST           R7 constant[225]  ; line 172
1024 BINARY               a=6 b=7 c=8 imm=0  ; line 172
1025 MOVE                 R6 <- R8  ; line 172
1026 JUMP                 -> 1009  ; line 172
1027 RETURN               R4  ; line 173
1028 LOAD_CONST           R7 constant[226]  ; line 173
1029 RETURN               R7  ; line 173
1030 LOAD_CONST           R1 constant[227]  ; line 177
1031 MOVE                 R2 <- R1  ; line 177
1032 HOST_CALL            a=3 b=22 c=2 imm=1  ; line 177
1033 MOVE                 R4 <- R3  ; line 177
1034 LOAD_CONST           R5 constant[228]  ; line 177
1035 MOVE                 R6 <- R5  ; line 177
1036 MOVE                 R7 <- R0  ; line 178
1037 HOST_CALL            a=8 b=61 c=7 imm=1  ; line 178
1038 LOAD_CONST           R9 constant[229]  ; line 178
1039 MOVE                 R10 <- R8  ; line 178
1040 MOVE                 R11 <- R9  ; line 178
1041 HOST_CALL            a=12 b=11 c=10 imm=2  ; line 178
1042 COMPARE              a=6 b=12 c=13 imm=2  ; line 178
1043 JUMP_IF_FALSE        R13 -> 1054  ; line 178
1044 MOVE                 R7 <- R0  ; line 178
1045 MOVE                 R8 <- R6  ; line 178
1046 CALL                 a=9 b=44 c=7 imm=2  ; line 178
1047 MOVE                 R10 <- R4  ; line 178
1048 MOVE                 R11 <- R9  ; line 178
1049 HOST_CALL            a=12 b=23 c=10 imm=2  ; line 178
1050 LOAD_CONST           R7 constant[230]  ; line 178
1051 BINARY               a=6 b=7 c=8 imm=0  ; line 178
1052 MOVE                 R6 <- R8  ; line 178
1053 JUMP                 -> 1036  ; line 178
1054 RETURN               R4  ; line 179
1055 LOAD_CONST           R7 constant[231]  ; line 179
1056 RETURN               R7  ; line 179
1057 LOAD_CONST           R3 constant[232]  ; line 183
1058 MOVE                 R4 <- R0  ; line 183
1059 MOVE                 R5 <- R3  ; line 183
1060 HOST_CALL            a=6 b=11 c=4 imm=2  ; line 183
1061 MOVE                 R7 <- R6  ; line 183
1062 LOAD_CONST           R8 constant[233]  ; line 184
1063 LOAD_CONST           R9 constant[234]  ; line 184
1064 LOAD_CONST           R10 constant[235]  ; line 184
1065 LOAD_CONST           R11 constant[236]  ; line 184
1066 LOAD_CONST           R12 constant[237]  ; line 184
1067 LOAD_CONST           R13 constant[238]  ; line 184
1068 MOVE                 R14 <- R7  ; line 184
1069 MOVE                 R15 <- R13  ; line 184
1070 HOST_CALL            a=16 b=11 c=14 imm=2  ; line 184
1071 LOAD_CONST           R17 constant[239]  ; line 184
1072 LOAD_CONST           R18 constant[240]  ; line 184
1073 MOVE                 R19 <- R7  ; line 184
1074 MOVE                 R20 <- R18  ; line 184
1075 HOST_CALL            a=21 b=11 c=19 imm=2  ; line 184
1076 LOAD_CONST           R22 constant[241]  ; line 184
1077 LOAD_CONST           R23 constant[242]  ; line 184
1078 MOVE                 R24 <- R7  ; line 184
1079 MOVE                 R25 <- R23  ; line 184
1080 HOST_CALL            a=26 b=11 c=24 imm=2  ; line 184
1081 LOAD_CONST           R27 constant[243]  ; line 184
1082 LOAD_CONST           R28 constant[244]  ; line 184
1083 MOVE                 R29 <- R7  ; line 184
1084 MOVE                 R30 <- R28  ; line 184
1085 HOST_CALL            a=31 b=11 c=29 imm=2  ; line 184
1086 LOAD_CONST           R32 constant[245]  ; line 184
1087 MOVE                 R33 <- R31  ; line 184
1088 MOVE                 R34 <- R32  ; line 184
1089 HOST_CALL            a=35 b=11 c=33 imm=2  ; line 184
1090 LOAD_CONST           R36 constant[246]  ; line 184
1091 LOAD_CONST           R37 constant[247]  ; line 184
1092 LOAD_CONST           R38 constant[248]  ; line 184
1093 MOVE                 R39 <- R7  ; line 184
1094 MOVE                 R40 <- R38  ; line 184
1095 HOST_CALL            a=41 b=11 c=39 imm=2  ; line 184
1096 LOAD_CONST           R42 constant[249]  ; line 184
1097 MOVE                 R43 <- R41  ; line 184
1098 MOVE                 R44 <- R42  ; line 184
1099 HOST_CALL            a=45 b=11 c=43 imm=2  ; line 184
1100 MOVE                 R46 <- R45  ; line 184
1101 CALL                 a=47 b=53 c=46 imm=1  ; line 184
1102 LOAD_CONST           R48 constant[250]  ; line 184
1103 LOAD_CONST           R49 constant[251]  ; line 184
1104 MOVE                 R50 <- R7  ; line 184
1105 MOVE                 R51 <- R49  ; line 184
1106 HOST_CALL            a=52 b=11 c=50 imm=2  ; line 184
1107 LOAD_CONST           R53 constant[252]  ; line 184
1108 MOVE                 R54 <- R52  ; line 184
1109 MOVE                 R55 <- R53  ; line 184
1110 HOST_CALL            a=56 b=11 c=54 imm=2  ; line 184
1111 MOVE                 R57 <- R56  ; line 184
1112 CALL                 a=58 b=52 c=57 imm=1  ; line 184
1113 LOAD_CONST           R59 constant[253]  ; line 184
1114 LOAD_CONST           R60 constant[254]  ; line 184
1115 MOVE                 R61 <- R7  ; line 184
1116 MOVE                 R62 <- R60  ; line 184
1117 HOST_CALL            a=63 b=11 c=61 imm=2  ; line 184
1118 LOAD_CONST           R64 constant[255]  ; line 184
1119 MOVE                 R65 <- R63  ; line 184
1120 MOVE                 R66 <- R64  ; line 184
1121 HOST_CALL            a=67 b=11 c=65 imm=2  ; line 184
1122 MOVE                 R68 <- R67  ; line 184
1123 CALL                 a=69 b=52 c=68 imm=1  ; line 184
1124 LOAD_CONST           R70 constant[256]  ; line 184
1125 LOAD_CONST           R71 constant[257]  ; line 184
1126 MOVE                 R72 <- R7  ; line 184
1127 MOVE                 R73 <- R71  ; line 184
1128 HOST_CALL            a=74 b=11 c=72 imm=2  ; line 184
1129 LOAD_CONST           R75 constant[258]  ; line 184
1130 MOVE                 R76 <- R74  ; line 184
1131 MOVE                 R77 <- R75  ; line 184
1132 HOST_CALL            a=78 b=11 c=76 imm=2  ; line 184
1133 MOVE                 R79 <- R37  ; line 184
1134 MOVE                 R80 <- R47  ; line 184
1135 MOVE                 R81 <- R48  ; line 184
1136 MOVE                 R82 <- R58  ; line 184
1137 MOVE                 R83 <- R59  ; line 184
1138 MOVE                 R84 <- R69  ; line 184
1139 MOVE                 R85 <- R70  ; line 184
1140 MOVE                 R86 <- R78  ; line 184
1141 HOST_CALL            a=87 b=6 c=79 imm=8  ; line 184
1142 LOAD_CONST           R88 constant[259]  ; line 184
1143 LOAD_CONST           R89 constant[260]  ; line 184
1144 MOVE                 R90 <- R7  ; line 184
1145 MOVE                 R91 <- R89  ; line 184
1146 HOST_CALL            a=92 b=11 c=90 imm=2  ; line 184
1147 LOAD_CONST           R93 constant[261]  ; line 184
1148 MOVE                 R94 <- R92  ; line 184
1149 MOVE                 R95 <- R93  ; line 184
1150 HOST_CALL            a=96 b=11 c=94 imm=2  ; line 184
1151 LOAD_CONST           R97 constant[262]  ; line 184
1152 LOAD_CONST           R98 constant[263]  ; line 184
1153 MOVE                 R99 <- R7  ; line 184
1154 MOVE                 R100 <- R98  ; line 184
1155 HOST_CALL            a=101 b=11 c=99 imm=2  ; line 184
1156 MOVE                 R102 <- R8  ; line 184
1157 MOVE                 R103 <- R9  ; line 184
1158 MOVE                 R104 <- R10  ; line 184
1159 MOVE                 R105 <- R1  ; line 184
1160 MOVE                 R106 <- R11  ; line 184
1161 MOVE                 R107 <- R2  ; line 184
1162 MOVE                 R108 <- R12  ; line 184
1163 MOVE                 R109 <- R16  ; line 184
1164 MOVE                 R110 <- R17  ; line 184
1165 MOVE                 R111 <- R21  ; line 184
1166 MOVE                 R112 <- R22  ; line 184
1167 MOVE                 R113 <- R26  ; line 184
1168 MOVE                 R114 <- R27  ; line 184
1169 MOVE                 R115 <- R35  ; line 184
1170 MOVE                 R116 <- R36  ; line 184
1171 MOVE                 R117 <- R87  ; line 184
1172 MOVE                 R118 <- R88  ; line 184
1173 MOVE                 R119 <- R96  ; line 184
1174 MOVE                 R120 <- R97  ; line 184
1175 MOVE                 R121 <- R101  ; line 184
1176 HOST_CALL            a=122 b=6 c=102 imm=20  ; line 184
1177 RETURN               R122  ; line 184
1178 LOAD_CONST           R123 constant[264]  ; line 184
1179 RETURN               R123  ; line 184
1180 LOAD_CONST           R3 constant[265]  ; line 191
1181 MOVE                 R4 <- R0  ; line 191
1182 MOVE                 R5 <- R3  ; line 191
1183 HOST_CALL            a=6 b=11 c=4 imm=2  ; line 191
1184 MOVE                 R7 <- R6  ; line 191
1185 LOAD_CONST           R8 constant[266]  ; line 192
1186 LOAD_CONST           R9 constant[267]  ; line 192
1187 LOAD_CONST           R10 constant[268]  ; line 192
1188 LOAD_CONST           R11 constant[269]  ; line 192
1189 LOAD_CONST           R12 constant[270]  ; line 192
1190 LOAD_CONST           R13 constant[271]  ; line 192
1191 MOVE                 R14 <- R7  ; line 192
1192 MOVE                 R15 <- R13  ; line 192
1193 HOST_CALL            a=16 b=11 c=14 imm=2  ; line 192
1194 LOAD_CONST           R17 constant[272]  ; line 192
1195 LOAD_CONST           R18 constant[273]  ; line 192
1196 MOVE                 R19 <- R7  ; line 192
1197 MOVE                 R20 <- R18  ; line 192
1198 HOST_CALL            a=21 b=11 c=19 imm=2  ; line 192
1199 LOAD_CONST           R22 constant[274]  ; line 192
1200 LOAD_CONST           R23 constant[275]  ; line 192
1201 MOVE                 R24 <- R7  ; line 192
1202 MOVE                 R25 <- R23  ; line 192
1203 HOST_CALL            a=26 b=11 c=24 imm=2  ; line 192
1204 LOAD_CONST           R27 constant[276]  ; line 192
1205 LOAD_CONST           R28 constant[277]  ; line 192
1206 LOAD_CONST           R29 constant[278]  ; line 192
1207 MOVE                 R30 <- R7  ; line 192
1208 MOVE                 R31 <- R29  ; line 192
1209 HOST_CALL            a=32 b=11 c=30 imm=2  ; line 192
1210 LOAD_CONST           R33 constant[279]  ; line 192
1211 MOVE                 R34 <- R32  ; line 192
1212 MOVE                 R35 <- R33  ; line 192
1213 HOST_CALL            a=36 b=11 c=34 imm=2  ; line 192
1214 MOVE                 R37 <- R36  ; line 192
1215 CALL                 a=38 b=52 c=37 imm=1  ; line 192
1216 LOAD_CONST           R39 constant[280]  ; line 192
1217 LOAD_CONST           R40 constant[281]  ; line 192
1218 MOVE                 R41 <- R7  ; line 192
1219 MOVE                 R42 <- R40  ; line 192
1220 HOST_CALL            a=43 b=11 c=41 imm=2  ; line 192
1221 LOAD_CONST           R44 constant[282]  ; line 192
1222 MOVE                 R45 <- R43  ; line 192
1223 MOVE                 R46 <- R44  ; line 192
1224 HOST_CALL            a=47 b=11 c=45 imm=2  ; line 192
1225 MOVE                 R48 <- R28  ; line 192
1226 MOVE                 R49 <- R38  ; line 192
1227 MOVE                 R50 <- R39  ; line 192
1228 MOVE                 R51 <- R47  ; line 192
1229 HOST_CALL            a=52 b=6 c=48 imm=4  ; line 192
1230 LOAD_CONST           R53 constant[283]  ; line 192
1231 LOAD_CONST           R54 constant[284]  ; line 192
1232 MOVE                 R55 <- R7  ; line 192
1233 MOVE                 R56 <- R54  ; line 192
1234 HOST_CALL            a=57 b=11 c=55 imm=2  ; line 192
1235 MOVE                 R58 <- R8  ; line 192
1236 MOVE                 R59 <- R9  ; line 192
1237 MOVE                 R60 <- R10  ; line 192
1238 MOVE                 R61 <- R1  ; line 192
1239 MOVE                 R62 <- R11  ; line 192
1240 MOVE                 R63 <- R2  ; line 192
1241 MOVE                 R64 <- R12  ; line 192
1242 MOVE                 R65 <- R16  ; line 192
1243 MOVE                 R66 <- R17  ; line 192
1244 MOVE                 R67 <- R21  ; line 192
1245 MOVE                 R68 <- R22  ; line 192
1246 MOVE                 R69 <- R26  ; line 192
1247 MOVE                 R70 <- R27  ; line 192
1248 MOVE                 R71 <- R52  ; line 192
1249 MOVE                 R72 <- R53  ; line 192
1250 MOVE                 R73 <- R57  ; line 192
1251 HOST_CALL            a=74 b=6 c=58 imm=16  ; line 192
1252 RETURN               R74  ; line 192
1253 LOAD_CONST           R75 constant[285]  ; line 192
1254 RETURN               R75  ; line 192
1255 LOAD_CONST           R3 constant[286]  ; line 197
1256 MOVE                 R4 <- R3  ; line 197
1257 HOST_CALL            a=5 b=22 c=4 imm=1  ; line 197
1258 MOVE                 R6 <- R5  ; line 197
1259 LOAD_CONST           R7 constant[287]  ; line 197
1260 MOVE                 R8 <- R7  ; line 197
1261 HOST_CALL            a=9 b=22 c=8 imm=1  ; line 197
1262 MOVE                 R10 <- R9  ; line 197
1263 LOAD_CONST           R11 constant[288]  ; line 197
1264 MOVE                 R12 <- R11  ; line 197
1265 MOVE                 R13 <- R0  ; line 198
1266 HOST_CALL            a=14 b=26 c=13 imm=1  ; line 198
1267 COMPARE              a=12 b=14 c=15 imm=2  ; line 198
1268 JUMP_IF_FALSE        R15 -> 1303  ; line 198
1269 MOVE                 R13 <- R0  ; line 199
1270 MOVE                 R14 <- R12  ; line 199
1271 HOST_CALL            a=15 b=11 c=13 imm=2  ; line 199
1272 LOAD_CONST           R16 constant[289]  ; line 199
1273 MOVE                 R17 <- R15  ; line 199
1274 MOVE                 R18 <- R16  ; line 199
1275 HOST_CALL            a=19 b=11 c=17 imm=2  ; line 199
1276 LOAD_CONST           R20 constant[290]  ; line 199
1277 MOVE                 R21 <- R19  ; line 199
1278 MOVE                 R22 <- R20  ; line 199
1279 HOST_CALL            a=23 b=11 c=21 imm=2  ; line 199
1280 MOVE                 R24 <- R23  ; line 199
1281 CALL                 a=25 b=52 c=24 imm=1  ; line 199
1282 MOVE                 R26 <- R6  ; line 199
1283 MOVE                 R27 <- R25  ; line 199
1284 HOST_CALL            a=28 b=23 c=26 imm=2  ; line 199
1285 MOVE                 R13 <- R0  ; line 200
1286 MOVE                 R14 <- R12  ; line 200
1287 HOST_CALL            a=15 b=11 c=13 imm=2  ; line 200
1288 LOAD_CONST           R16 constant[291]  ; line 200
1289 MOVE                 R17 <- R15  ; line 200
1290 MOVE                 R18 <- R16  ; line 200
1291 HOST_CALL            a=19 b=11 c=17 imm=2  ; line 200
1292 LOAD_CONST           R20 constant[292]  ; line 200
1293 MOVE                 R21 <- R19  ; line 200
1294 MOVE                 R22 <- R20  ; line 200
1295 HOST_CALL            a=23 b=11 c=21 imm=2  ; line 200
1296 MOVE                 R24 <- R10  ; line 200
1297 MOVE                 R25 <- R23  ; line 200
1298 HOST_CALL            a=26 b=23 c=24 imm=2  ; line 200
1299 LOAD_CONST           R13 constant[293]  ; line 200
1300 BINARY               a=12 b=13 c=14 imm=0  ; line 200
1301 MOVE                 R12 <- R14  ; line 200
1302 JUMP                 -> 1265  ; line 200
1303 LOAD_CONST           R13 constant[294]  ; line 202
1304 LOAD_CONST           R14 constant[295]  ; line 202
1305 LOAD_CONST           R15 constant[296]  ; line 202
1306 LOAD_CONST           R16 constant[297]  ; line 202
1307 LOAD_CONST           R17 constant[298]  ; line 202
1308 LOAD_CONST           R18 constant[299]  ; line 202
1309 LOAD_CONST           R19 constant[300]  ; line 202
1310 LOAD_CONST           R20 constant[301]  ; line 202
1311 LOAD_CONST           R21 constant[302]  ; line 202
1312 LOAD_CONST           R22 constant[303]  ; line 202
1313 LOAD_CONST           R23 constant[304]  ; line 202
1314 MOVE                 R24 <- R22  ; line 202
1315 MOVE                 R25 <- R6  ; line 202
1316 MOVE                 R26 <- R23  ; line 202
1317 MOVE                 R27 <- R10  ; line 202
1318 HOST_CALL            a=28 b=6 c=24 imm=4  ; line 202
1319 MOVE                 R29 <- R13  ; line 202
1320 MOVE                 R30 <- R14  ; line 202
1321 MOVE                 R31 <- R15  ; line 202
1322 MOVE                 R32 <- R1  ; line 202
1323 MOVE                 R33 <- R16  ; line 202
1324 MOVE                 R34 <- R2  ; line 202
1325 MOVE                 R35 <- R17  ; line 202
1326 MOVE                 R36 <- R18  ; line 202
1327 MOVE                 R37 <- R19  ; line 202
1328 MOVE                 R38 <- R20  ; line 202
1329 MOVE                 R39 <- R21  ; line 202
1330 MOVE                 R40 <- R28  ; line 202
1331 HOST_CALL            a=41 b=6 c=29 imm=12  ; line 202
1332 RETURN               R41  ; line 202
1333 LOAD_CONST           R42 constant[305]  ; line 202
1334 RETURN               R42  ; line 202
1335 LOAD_CONST           R1 constant[306]  ; line 207
1336 MOVE                 R2 <- R0  ; line 207
1337 MOVE                 R3 <- R1  ; line 207
1338 HOST_CALL            a=4 b=11 c=2 imm=2  ; line 207
1339 LOAD_CONST           R5 constant[307]  ; line 207
1340 COMPARE              a=4 b=5 c=6 imm=0  ; line 207
1341 JUMP_IF_FALSE        R6 -> 1461  ; line 207
1342 LOAD_CONST           R1 constant[308]  ; line 208
1343 LOAD_CONST           R2 constant[309]  ; line 208
1344 LOAD_CONST           R3 constant[310]  ; line 208
1345 LOAD_CONST           R4 constant[311]  ; line 208
1346 MOVE                 R5 <- R0  ; line 208
1347 MOVE                 R6 <- R4  ; line 208
1348 HOST_CALL            a=7 b=11 c=5 imm=2  ; line 208
1349 LOAD_CONST           R8 constant[312]  ; line 208
1350 LOAD_CONST           R9 constant[313]  ; line 208
1351 MOVE                 R10 <- R0  ; line 208
1352 MOVE                 R11 <- R9  ; line 208
1353 HOST_CALL            a=12 b=11 c=10 imm=2  ; line 208
1354 LOAD_CONST           R13 constant[314]  ; line 208
1355 LOAD_CONST           R14 constant[315]  ; line 208
1356 LOAD_CONST           R15 constant[316]  ; line 208
1357 MOVE                 R16 <- R0  ; line 208
1358 MOVE                 R17 <- R15  ; line 208
1359 HOST_CALL            a=18 b=11 c=16 imm=2  ; line 208
1360 LOAD_CONST           R19 constant[317]  ; line 208
1361 MOVE                 R20 <- R18  ; line 208
1362 MOVE                 R21 <- R19  ; line 208
1363 HOST_CALL            a=22 b=11 c=20 imm=2  ; line 208
1364 MOVE                 R23 <- R22  ; line 208
1365 HOST_CALL            a=24 b=72 c=23 imm=1  ; line 208
1366 LOAD_CONST           R25 constant[318]  ; line 208
1367 LOAD_CONST           R26 constant[319]  ; line 208
1368 MOVE                 R27 <- R0  ; line 208
1369 MOVE                 R28 <- R26  ; line 208
1370 HOST_CALL            a=29 b=11 c=27 imm=2  ; line 208
1371 LOAD_CONST           R30 constant[320]  ; line 208
1372 MOVE                 R31 <- R29  ; line 208
1373 MOVE                 R32 <- R30  ; line 208
1374 HOST_CALL            a=33 b=11 c=31 imm=2  ; line 208
1375 MOVE                 R34 <- R33  ; line 208
1376 HOST_CALL            a=35 b=72 c=34 imm=1  ; line 208
1377 LOAD_CONST           R36 constant[321]  ; line 208
1378 LOAD_CONST           R37 constant[322]  ; line 208
1379 MOVE                 R38 <- R0  ; line 208
1380 MOVE                 R39 <- R37  ; line 208
1381 HOST_CALL            a=40 b=11 c=38 imm=2  ; line 208
1382 LOAD_CONST           R41 constant[323]  ; line 208
1383 MOVE                 R42 <- R40  ; line 208
1384 MOVE                 R43 <- R41  ; line 208
1385 HOST_CALL            a=44 b=11 c=42 imm=2  ; line 208
1386 MOVE                 R45 <- R44  ; line 208
1387 HOST_CALL            a=46 b=72 c=45 imm=1  ; line 208
1388 LOAD_CONST           R47 constant[324]  ; line 208
1389 LOAD_CONST           R48 constant[325]  ; line 208
1390 MOVE                 R49 <- R0  ; line 208
1391 MOVE                 R50 <- R48  ; line 208
1392 HOST_CALL            a=51 b=11 c=49 imm=2  ; line 208
1393 LOAD_CONST           R52 constant[326]  ; line 208
1394 MOVE                 R53 <- R51  ; line 208
1395 MOVE                 R54 <- R52  ; line 208
1396 HOST_CALL            a=55 b=11 c=53 imm=2  ; line 208
1397 LOAD_CONST           R56 constant[327]  ; line 208
1398 LOAD_CONST           R57 constant[328]  ; line 208
1399 MOVE                 R58 <- R0  ; line 208
1400 MOVE                 R59 <- R57  ; line 208
1401 HOST_CALL            a=60 b=11 c=58 imm=2  ; line 208
1402 MOVE                 R61 <- R14  ; line 208
1403 MOVE                 R62 <- R24  ; line 208
1404 MOVE                 R63 <- R25  ; line 208
1405 MOVE                 R64 <- R35  ; line 208
1406 MOVE                 R65 <- R36  ; line 208
1407 MOVE                 R66 <- R46  ; line 208
1408 MOVE                 R67 <- R47  ; line 208
1409 MOVE                 R68 <- R55  ; line 208
1410 MOVE                 R69 <- R56  ; line 208
1411 MOVE                 R70 <- R60  ; line 208
1412 HOST_CALL            a=71 b=6 c=61 imm=10  ; line 208
1413 LOAD_CONST           R72 constant[329]  ; line 208
1414 LOAD_CONST           R73 constant[330]  ; line 208
1415 LOAD_CONST           R74 constant[331]  ; line 208
1416 MOVE                 R75 <- R0  ; line 208
1417 MOVE                 R76 <- R74  ; line 208
1418 HOST_CALL            a=77 b=11 c=75 imm=2  ; line 208
1419 MOVE                 R78 <- R73  ; line 208
1420 MOVE                 R79 <- R77  ; line 208
1421 HOST_CALL            a=80 b=6 c=78 imm=2  ; line 208
1422 LOAD_CONST           R81 constant[332]  ; line 208
1423 ARRAY_NEW            a=82 b=82 c=0 imm=4294967295  ; line 208
1424 LOAD_CONST           R83 constant[333]  ; line 208
1425 LOAD_CONST           R84 constant[334]  ; line 208
1426 MOVE                 R85 <- R0  ; line 208
1427 MOVE                 R86 <- R84  ; line 208
1428 HOST_CALL            a=87 b=11 c=85 imm=2  ; line 208
1429 LOAD_CONST           R88 constant[335]  ; line 208
1430 LOAD_CONST           R89 constant[336]  ; line 208
1431 LOAD_CONST           R90 constant[337]  ; line 208
1432 LOAD_CONST           R91 constant[338]  ; line 208
1433 LOAD_CONST           R92 constant[339]  ; line 208
1434 LOAD_CONST           R93 constant[340]  ; line 208
1435 MOVE                 R94 <- R0  ; line 208
1436 MOVE                 R95 <- R93  ; line 208
1437 HOST_CALL            a=96 b=11 c=94 imm=2  ; line 208
1438 MOVE                 R97 <- R1  ; line 208
1439 MOVE                 R98 <- R2  ; line 208
1440 MOVE                 R99 <- R3  ; line 208
1441 MOVE                 R100 <- R7  ; line 208
1442 MOVE                 R101 <- R8  ; line 208
1443 MOVE                 R102 <- R12  ; line 208
1444 MOVE                 R103 <- R13  ; line 208
1445 MOVE                 R104 <- R71  ; line 208
1446 MOVE                 R105 <- R72  ; line 208
1447 MOVE                 R106 <- R80  ; line 208
1448 MOVE                 R107 <- R81  ; line 208
1449 MOVE                 R108 <- R82  ; line 208
1450 MOVE                 R109 <- R83  ; line 208
1451 MOVE                 R110 <- R87  ; line 208
1452 MOVE                 R111 <- R88  ; line 208
1453 MOVE                 R112 <- R89  ; line 208
1454 MOVE                 R113 <- R90  ; line 208
1455 MOVE                 R114 <- R91  ; line 208
1456 MOVE                 R115 <- R92  ; line 208
1457 MOVE                 R116 <- R96  ; line 208
1458 HOST_CALL            a=117 b=6 c=97 imm=20  ; line 208
1459 RETURN               R117  ; line 208
1460 JUMP                 -> 1461  ; line 208
1461 LOAD_CONST           R1 constant[341]  ; line 214
1462 LOAD_CONST           R2 constant[342]  ; line 214
1463 LOAD_CONST           R3 constant[343]  ; line 214
1464 LOAD_CONST           R4 constant[344]  ; line 214
1465 MOVE                 R5 <- R0  ; line 214
1466 MOVE                 R6 <- R4  ; line 214
1467 HOST_CALL            a=7 b=11 c=5 imm=2  ; line 214
1468 LOAD_CONST           R8 constant[345]  ; line 214
1469 LOAD_CONST           R9 constant[346]  ; line 214
1470 MOVE                 R10 <- R0  ; line 214
1471 MOVE                 R11 <- R9  ; line 214
1472 HOST_CALL            a=12 b=11 c=10 imm=2  ; line 214
1473 LOAD_CONST           R13 constant[347]  ; line 214
1474 LOAD_CONST           R14 constant[348]  ; line 214
1475 LOAD_CONST           R15 constant[349]  ; line 214
1476 MOVE                 R16 <- R0  ; line 214
1477 MOVE                 R17 <- R15  ; line 214
1478 HOST_CALL            a=18 b=11 c=16 imm=2  ; line 214
1479 LOAD_CONST           R19 constant[350]  ; line 214
1480 MOVE                 R20 <- R18  ; line 214
1481 MOVE                 R21 <- R19  ; line 214
1482 HOST_CALL            a=22 b=11 c=20 imm=2  ; line 214
1483 MOVE                 R23 <- R22  ; line 214
1484 HOST_CALL            a=24 b=72 c=23 imm=1  ; line 214
1485 LOAD_CONST           R25 constant[351]  ; line 214
1486 LOAD_CONST           R26 constant[352]  ; line 214
1487 MOVE                 R27 <- R0  ; line 214
1488 MOVE                 R28 <- R26  ; line 214
1489 HOST_CALL            a=29 b=11 c=27 imm=2  ; line 214
1490 LOAD_CONST           R30 constant[353]  ; line 214
1491 MOVE                 R31 <- R29  ; line 214
1492 MOVE                 R32 <- R30  ; line 214
1493 HOST_CALL            a=33 b=11 c=31 imm=2  ; line 214
1494 MOVE                 R34 <- R14  ; line 214
1495 MOVE                 R35 <- R24  ; line 214
1496 MOVE                 R36 <- R25  ; line 214
1497 MOVE                 R37 <- R33  ; line 214
1498 HOST_CALL            a=38 b=6 c=34 imm=4  ; line 214
1499 LOAD_CONST           R39 constant[354]  ; line 214
1500 LOAD_CONST           R40 constant[355]  ; line 214
1501 LOAD_CONST           R41 constant[356]  ; line 214
1502 MOVE                 R42 <- R40  ; line 214
1503 MOVE                 R43 <- R41  ; line 214
1504 HOST_CALL            a=44 b=6 c=42 imm=2  ; line 214
1505 LOAD_CONST           R45 constant[357]  ; line 214
1506 LOAD_CONST           R46 constant[358]  ; line 214
1507 LOAD_CONST           R47 constant[359]  ; line 214
1508 MOVE                 R48 <- R46  ; line 214
1509 MOVE                 R49 <- R47  ; line 214
1510 ARRAY_NEW            a=50 b=48 c=2 imm=4294967295  ; line 214
1511 LOAD_CONST           R51 constant[360]  ; line 214
1512 LOAD_CONST           R52 constant[361]  ; line 214
1513 MOVE                 R53 <- R0  ; line 214
1514 MOVE                 R54 <- R52  ; line 214
1515 HOST_CALL            a=55 b=11 c=53 imm=2  ; line 214
1516 LOAD_CONST           R56 constant[362]  ; line 214
1517 LOAD_CONST           R57 constant[363]  ; line 214
1518 LOAD_CONST           R58 constant[364]  ; line 214
1519 LOAD_CONST           R59 constant[365]  ; line 214
1520 LOAD_CONST           R60 constant[366]  ; line 214
1521 LOAD_CONST           R61 constant[367]  ; line 214
1522 MOVE                 R62 <- R0  ; line 214
1523 MOVE                 R63 <- R61  ; line 214
1524 HOST_CALL            a=64 b=11 c=62 imm=2  ; line 214
1525 MOVE                 R65 <- R1  ; line 214
1526 MOVE                 R66 <- R2  ; line 214
1527 MOVE                 R67 <- R3  ; line 214
1528 MOVE                 R68 <- R7  ; line 214
1529 MOVE                 R69 <- R8  ; line 214
1530 MOVE                 R70 <- R12  ; line 214
1531 MOVE                 R71 <- R13  ; line 214
1532 MOVE                 R72 <- R38  ; line 214
1533 MOVE                 R73 <- R39  ; line 214
1534 MOVE                 R74 <- R44  ; line 214
1535 MOVE                 R75 <- R45  ; line 214
1536 MOVE                 R76 <- R50  ; line 214
1537 MOVE                 R77 <- R51  ; line 214
1538 MOVE                 R78 <- R55  ; line 214
1539 MOVE                 R79 <- R56  ; line 214
1540 MOVE                 R80 <- R57  ; line 214
1541 MOVE                 R81 <- R58  ; line 214
1542 MOVE                 R82 <- R59  ; line 214
1543 MOVE                 R83 <- R60  ; line 214
1544 MOVE                 R84 <- R64  ; line 214
1545 HOST_CALL            a=85 b=6 c=65 imm=20  ; line 214
1546 RETURN               R85  ; line 214
1547 LOAD_CONST           R86 constant[368]  ; line 214
1548 RETURN               R86  ; line 214
1549 MOVE                 R2 <- R0  ; line 220
1550 MOVE                 R3 <- R1  ; line 220
1551 CALL                 a=4 b=50 c=2 imm=2  ; line 220
1552 MOVE                 R2 <- R1  ; line 220
1553 CALL                 a=3 b=78 c=2 imm=1  ; line 220
1554 MOVE                 R4 <- R3  ; line 220
1555 HOST_CALL            a=5 b=17 c=4 imm=1  ; line 220
1556 RETURN               R5  ; line 220
1557 LOAD_CONST           R6 constant[369]  ; line 220
1558 RETURN               R6  ; line 220
1559 MOVE                 R1 <- R0  ; line 221
1560 CALL                 a=2 b=51 c=1 imm=1  ; line 221
1561 MOVE                 R3 <- R2  ; line 221
1562 CALL                 a=4 b=57 c=3 imm=1  ; line 221
1563 RETURN               R4  ; line 221
1564 LOAD_CONST           R5 constant[370]  ; line 221
1565 RETURN               R5  ; line 221
1566 MOVE                 R1 <- R0  ; line 223
1567 CALL                 a=2 b=51 c=1 imm=1  ; line 223
1568 MOVE                 R3 <- R2  ; line 223
1569 LOAD_CONST           R4 constant[371]  ; line 224
1570 MOVE                 R5 <- R3  ; line 224
1571 MOVE                 R6 <- R4  ; line 224
1572 HOST_CALL            a=7 b=11 c=5 imm=2  ; line 224
1573 LOAD_CONST           R8 constant[372]  ; line 224
1574 COMPARE              a=7 b=8 c=9 imm=0  ; line 224
1575 LOAD_CONST           R10 constant[373]  ; line 224
1576 MOVE                 R11 <- R9  ; line 224
1577 MOVE                 R12 <- R10  ; line 224
1578 HOST_CALL            a=13 b=5 c=11 imm=2  ; line 224
1579 LOAD_CONST           R4 constant[374]  ; line 225
1580 LOAD_CONST           R5 constant[375]  ; line 225
1581 MOVE                 R6 <- R3  ; line 225
1582 MOVE                 R7 <- R5  ; line 225
1583 HOST_CALL            a=8 b=11 c=6 imm=2  ; line 225
1584 LOAD_CONST           R9 constant[376]  ; line 225
1585 MOVE                 R10 <- R8  ; line 225
1586 MOVE                 R11 <- R9  ; line 225
1587 HOST_CALL            a=12 b=11 c=10 imm=2  ; line 225
1588 MOVE                 R13 <- R12  ; line 225
1589 HOST_CALL            a=14 b=72 c=13 imm=1  ; line 225
1590 LOAD_CONST           R15 constant[377]  ; line 225
1591 LOAD_CONST           R16 constant[378]  ; line 225
1592 MOVE                 R17 <- R3  ; line 225
1593 MOVE                 R18 <- R16  ; line 225
1594 HOST_CALL            a=19 b=11 c=17 imm=2  ; line 225
1595 LOAD_CONST           R20 constant[379]  ; line 225
1596 MOVE                 R21 <- R19  ; line 225
1597 MOVE                 R22 <- R20  ; line 225
1598 HOST_CALL            a=23 b=11 c=21 imm=2  ; line 225
1599 MOVE                 R24 <- R23  ; line 225
1600 HOST_CALL            a=25 b=72 c=24 imm=1  ; line 225
1601 MOVE                 R26 <- R4  ; line 225
1602 MOVE                 R27 <- R14  ; line 225
1603 MOVE                 R28 <- R15  ; line 225
1604 MOVE                 R29 <- R25  ; line 225
1605 HOST_CALL            a=30 b=6 c=26 imm=4  ; line 225
1606 RETURN               R30  ; line 225
1607 LOAD_CONST           R31 constant[380]  ; line 225
1608 RETURN               R31  ; line 225
1609 LOAD_CONST           R2 constant[381]  ; line 229
1610 LOAD_CONST           R3 constant[382]  ; line 229
1611 LOAD_CONST           R4 constant[383]  ; line 229
1612 LOAD_CONST           R5 constant[384]  ; line 229
1613 LOAD_CONST           R6 constant[385]  ; line 229
1614 LOAD_CONST           R7 constant[386]  ; line 229
1615 LOAD_CONST           R8 constant[387]  ; line 229
1616 MOVE                 R9 <- R3  ; line 229
1617 MOVE                 R10 <- R4  ; line 229
1618 MOVE                 R11 <- R5  ; line 229
1619 MOVE                 R12 <- R6  ; line 229
1620 MOVE                 R13 <- R7  ; line 229
1621 MOVE                 R14 <- R8  ; line 229
1622 HOST_CALL            a=15 b=6 c=9 imm=6  ; line 229
1623 MOVE                 R16 <- R2  ; line 229
1624 MOVE                 R17 <- R0  ; line 229
1625 MOVE                 R18 <- R15  ; line 229
1626 CALL                 a=19 b=155 c=16 imm=3  ; line 229
1627 MOVE                 R20 <- R19  ; line 229
1628 LOAD_CONST           R21 constant[388]  ; line 230
1629 MOVE                 R22 <- R20  ; line 230
1630 MOVE                 R23 <- R21  ; line 230
1631 HOST_CALL            a=24 b=11 c=22 imm=2  ; line 230
1632 LOAD_CONST           R25 constant[389]  ; line 230
1633 MOVE                 R26 <- R24  ; line 230
1634 MOVE                 R27 <- R25  ; line 230
1635 HOST_CALL            a=28 b=5 c=26 imm=2  ; line 230
1636 LOAD_CONST           R21 constant[390]  ; line 230
1637 MOVE                 R22 <- R20  ; line 230
1638 MOVE                 R23 <- R21  ; line 230
1639 HOST_CALL            a=24 b=11 c=22 imm=2  ; line 230
1640 RETURN               R24  ; line 230
1641 LOAD_CONST           R25 constant[391]  ; line 230
1642 RETURN               R25  ; line 230
1643 LOAD_CONST           R1 constant[392]  ; line 234
1644 LOAD_CONST           R2 constant[393]  ; line 234
1645 LOAD_CONST           R3 constant[394]  ; line 234
1646 LOAD_CONST           R4 constant[395]  ; line 234
1647 LOAD_CONST           R5 constant[396]  ; line 234
1648 LOAD_CONST           R6 constant[397]  ; line 234
1649 LOAD_CONST           R7 constant[398]  ; line 234
1650 MOVE                 R8 <- R2  ; line 234
1651 MOVE                 R9 <- R3  ; line 234
1652 MOVE                 R10 <- R4  ; line 234
1653 MOVE                 R11 <- R5  ; line 234
1654 MOVE                 R12 <- R6  ; line 234
1655 MOVE                 R13 <- R7  ; line 234
1656 HOST_CALL            a=14 b=6 c=8 imm=6  ; line 234
1657 MOVE                 R15 <- R1  ; line 234
1658 MOVE                 R16 <- R0  ; line 234
1659 MOVE                 R17 <- R14  ; line 234
1660 CALL                 a=18 b=155 c=15 imm=3  ; line 234
1661 MOVE                 R19 <- R18  ; line 234
1662 LOAD_CONST           R20 constant[399]  ; line 235
1663 MOVE                 R21 <- R19  ; line 235
1664 MOVE                 R22 <- R20  ; line 235
1665 HOST_CALL            a=23 b=11 c=21 imm=2  ; line 235
1666 LOAD_CONST           R24 constant[400]  ; line 235
1667 MOVE                 R25 <- R23  ; line 235
1668 MOVE                 R26 <- R24  ; line 235
1669 HOST_CALL            a=27 b=5 c=25 imm=2  ; line 235
1670 LOAD_CONST           R20 constant[401]  ; line 235
1671 MOVE                 R21 <- R19  ; line 235
1672 MOVE                 R22 <- R20  ; line 235
1673 HOST_CALL            a=23 b=11 c=21 imm=2  ; line 235
1674 RETURN               R23  ; line 235
1675 LOAD_CONST           R24 constant[402]  ; line 235
1676 RETURN               R24  ; line 235
1677 LOAD_CONST           R2 constant[403]  ; line 239
1678 MOVE                 R3 <- R2  ; line 239
1679 LOAD_CONST           R4 constant[404]  ; line 239
1680 COMPARE              a=1 b=4 c=5 imm=5  ; line 239
1681 JUMP_IF_FALSE        R5 -> 1685  ; line 239
1682 LOAD_CONST           R4 constant[405]  ; line 239
1683 MOVE                 R3 <- R4  ; line 239
1684 JUMP                 -> 1685  ; line 239
1685 LOAD_CONST           R4 constant[406]  ; line 240
1686 LOAD_CONST           R5 constant[407]  ; line 240
1687 LOAD_CONST           R6 constant[408]  ; line 240
1688 LOAD_CONST           R7 constant[409]  ; line 240
1689 LOAD_CONST           R8 constant[410]  ; line 240
1690 LOAD_CONST           R9 constant[411]  ; line 240
1691 MOVE                 R10 <- R5  ; line 240
1692 MOVE                 R11 <- R6  ; line 240
1693 MOVE                 R12 <- R7  ; line 240
1694 MOVE                 R13 <- R3  ; line 240
1695 MOVE                 R14 <- R8  ; line 240
1696 MOVE                 R15 <- R9  ; line 240
1697 HOST_CALL            a=16 b=6 c=10 imm=6  ; line 240
1698 MOVE                 R17 <- R4  ; line 240
1699 MOVE                 R18 <- R0  ; line 240
1700 MOVE                 R19 <- R16  ; line 240
1701 CALL                 a=20 b=155 c=17 imm=3  ; line 240
1702 MOVE                 R21 <- R20  ; line 240
1703 LOAD_CONST           R22 constant[412]  ; line 241
1704 MOVE                 R23 <- R21  ; line 241
1705 MOVE                 R24 <- R22  ; line 241
1706 HOST_CALL            a=25 b=11 c=23 imm=2  ; line 241
1707 LOAD_CONST           R26 constant[413]  ; line 241
1708 MOVE                 R27 <- R25  ; line 241
1709 MOVE                 R28 <- R26  ; line 241
1710 HOST_CALL            a=29 b=5 c=27 imm=2  ; line 241
1711 LOAD_CONST           R22 constant[414]  ; line 241
1712 MOVE                 R23 <- R21  ; line 241
1713 MOVE                 R24 <- R22  ; line 241
1714 HOST_CALL            a=25 b=11 c=23 imm=2  ; line 241
1715 RETURN               R25  ; line 241
1716 LOAD_CONST           R26 constant[415]  ; line 241
1717 RETURN               R26  ; line 241
1718 HOST_CALL            a=2 b=6 c=2 imm=0  ; line 244
1719 MOVE                 R3 <- R0  ; line 244
1720 MOVE                 R4 <- R1  ; line 244
1721 MOVE                 R5 <- R2  ; line 244
1722 CALL                 a=6 b=157 c=3 imm=3  ; line 244
1723 MOVE                 R7 <- R6  ; line 244
1724 LOAD_CONST           R8 constant[416]  ; line 244
1725 MOVE                 R9 <- R7  ; line 244
1726 MOVE                 R10 <- R8  ; line 244
1727 HOST_CALL            a=11 b=11 c=9 imm=2  ; line 244
1728 LOAD_CONST           R12 constant[417]  ; line 244
1729 MOVE                 R13 <- R11  ; line 244
1730 MOVE                 R14 <- R12  ; line 244
1731 HOST_CALL            a=15 b=5 c=13 imm=2  ; line 244
1732 LOAD_CONST           R8 constant[418]  ; line 244
1733 MOVE                 R9 <- R7  ; line 244
1734 MOVE                 R10 <- R8  ; line 244
1735 HOST_CALL            a=11 b=11 c=9 imm=2  ; line 244
1736 LOAD_CONST           R12 constant[419]  ; line 244
1737 MOVE                 R13 <- R11  ; line 244
1738 MOVE                 R14 <- R12  ; line 244
1739 HOST_CALL            a=15 b=11 c=13 imm=2  ; line 244
1740 RETURN               R15  ; line 244
1741 LOAD_CONST           R16 constant[420]  ; line 244
1742 RETURN               R16  ; line 244
1743 LOAD_CONST           R1 constant[421]  ; line 247
1744 MOVE                 R2 <- R0  ; line 247
1745 MOVE                 R3 <- R1  ; line 247
1746 HOST_CALL            a=4 b=11 c=2 imm=2  ; line 247
1747 LOAD_CONST           R5 constant[422]  ; line 247
1748 COMPARE              a=4 b=5 c=6 imm=0  ; line 247
1749 JUMP_IF_FALSE        R6 -> 1813  ; line 247
1750 LOAD_CONST           R1 constant[423]  ; line 248
1751 MOVE                 R2 <- R0  ; line 248
1752 MOVE                 R3 <- R1  ; line 248
1753 HOST_CALL            a=4 b=11 c=2 imm=2  ; line 248
1754 LOAD_CONST           R5 constant[424]  ; line 248
1755 MOVE                 R6 <- R4  ; line 248
1756 MOVE                 R7 <- R5  ; line 248
1757 HOST_CALL            a=8 b=11 c=6 imm=2  ; line 248
1758 MOVE                 R9 <- R8  ; line 248
1759 HOST_CALL            a=10 b=61 c=9 imm=1  ; line 248
1760 LOAD_CONST           R11 constant[425]  ; line 248
1761 MOVE                 R12 <- R10  ; line 248
1762 MOVE                 R13 <- R11  ; line 248
1763 HOST_CALL            a=14 b=11 c=12 imm=2  ; line 248
1764 LOAD_CONST           R15 constant[426]  ; line 248
1765 MOVE                 R16 <- R0  ; line 248
1766 MOVE                 R17 <- R15  ; line 248
1767 HOST_CALL            a=18 b=11 c=16 imm=2  ; line 248
1768 LOAD_CONST           R19 constant[427]  ; line 248
1769 MOVE                 R20 <- R18  ; line 248
1770 MOVE                 R21 <- R19  ; line 248
1771 HOST_CALL            a=22 b=11 c=20 imm=2  ; line 248
1772 MOVE                 R23 <- R22  ; line 248
1773 HOST_CALL            a=24 b=61 c=23 imm=1  ; line 248
1774 LOAD_CONST           R25 constant[428]  ; line 248
1775 MOVE                 R26 <- R24  ; line 248
1776 MOVE                 R27 <- R25  ; line 248
1777 HOST_CALL            a=28 b=11 c=26 imm=2  ; line 248
1778 BINARY               a=14 b=28 c=29 imm=2  ; line 248
1779 LOAD_CONST           R30 constant[429]  ; line 248
1780 MOVE                 R31 <- R0  ; line 248
1781 MOVE                 R32 <- R30  ; line 248
1782 HOST_CALL            a=33 b=11 c=31 imm=2  ; line 248
1783 LOAD_CONST           R34 constant[430]  ; line 248
1784 MOVE                 R35 <- R33  ; line 248
1785 MOVE                 R36 <- R34  ; line 248
1786 HOST_CALL            a=37 b=11 c=35 imm=2  ; line 248
1787 MOVE                 R38 <- R37  ; line 248
1788 HOST_CALL            a=39 b=61 c=38 imm=1  ; line 248
1789 LOAD_CONST           R40 constant[431]  ; line 248
1790 MOVE                 R41 <- R39  ; line 248
1791 MOVE                 R42 <- R40  ; line 248
1792 HOST_CALL            a=43 b=11 c=41 imm=2  ; line 248
1793 BINARY               a=29 b=43 c=44 imm=0  ; line 248
1794 LOAD_CONST           R45 constant[432]  ; line 248
1795 MOVE                 R46 <- R0  ; line 248
1796 MOVE                 R47 <- R45  ; line 248
1797 HOST_CALL            a=48 b=11 c=46 imm=2  ; line 248
1798 LOAD_CONST           R49 constant[433]  ; line 248
1799 MOVE                 R50 <- R48  ; line 248
1800 MOVE                 R51 <- R49  ; line 248
1801 HOST_CALL            a=52 b=11 c=50 imm=2  ; line 248
1802 MOVE                 R53 <- R52  ; line 248
1803 HOST_CALL            a=54 b=61 c=53 imm=1  ; line 248
1804 LOAD_CONST           R55 constant[434]  ; line 248
1805 MOVE                 R56 <- R54  ; line 248
1806 MOVE                 R57 <- R55  ; line 248
1807 HOST_CALL            a=58 b=11 c=56 imm=2  ; line 248
1808 BINARY               a=44 b=58 c=59 imm=0  ; line 248
1809 LOAD_CONST           R60 constant[435]  ; line 248
1810 BINARY               a=59 b=60 c=61 imm=0  ; line 248
1811 RETURN               R61  ; line 248
1812 JUMP                 -> 1813  ; line 248
1813 LOAD_CONST           R1 constant[436]  ; line 250
1814 MOVE                 R2 <- R0  ; line 250
1815 MOVE                 R3 <- R1  ; line 250
1816 HOST_CALL            a=4 b=11 c=2 imm=2  ; line 250
1817 LOAD_CONST           R5 constant[437]  ; line 250
1818 MOVE                 R6 <- R4  ; line 250
1819 MOVE                 R7 <- R5  ; line 250
1820 HOST_CALL            a=8 b=11 c=6 imm=2  ; line 250
1821 MOVE                 R9 <- R8  ; line 250
1822 HOST_CALL            a=10 b=61 c=9 imm=1  ; line 250
1823 LOAD_CONST           R11 constant[438]  ; line 250
1824 MOVE                 R12 <- R10  ; line 250
1825 MOVE                 R13 <- R11  ; line 250
1826 HOST_CALL            a=14 b=11 c=12 imm=2  ; line 250
1827 LOAD_CONST           R15 constant[439]  ; line 250
1828 BINARY               a=14 b=15 c=16 imm=0  ; line 250
1829 RETURN               R16  ; line 250
1830 LOAD_CONST           R17 constant[440]  ; line 250
1831 RETURN               R17  ; line 250
1832 LOAD_CONST           R2 constant[441]  ; line 254
1833 MOVE                 R3 <- R2  ; line 254
1834 MOVE                 R4 <- R1  ; line 255
1835 CALL                 a=5 b=14 c=4 imm=1  ; line 255
1836 LOAD_CONST           R6 constant[442]  ; line 255
1837 COMPARE              a=5 b=6 c=7 imm=4  ; line 255
1838 JUMP_IF_FALSE        R7 -> 1846  ; line 255
1839 MOVE                 R4 <- R0  ; line 255
1840 MOVE                 R5 <- R1  ; line 255
1841 CALL                 a=6 b=24 c=4 imm=2  ; line 255
1842 MOVE                 R7 <- R6  ; line 255
1843 CALL                 a=8 b=60 c=7 imm=1  ; line 255
1844 MOVE                 R3 <- R8  ; line 255
1845 JUMP                 -> 1846  ; line 255
1846 LOAD_CONST           R4 constant[443]  ; line 256
1847 LOAD_CONST           R5 constant[444]  ; line 256
1848 LOAD_CONST           R6 constant[445]  ; line 256
1849 MOVE                 R7 <- R4  ; line 256
1850 MOVE                 R8 <- R3  ; line 256
1851 MOVE                 R9 <- R5  ; line 256
1852 MOVE                 R10 <- R0  ; line 256
1853 MOVE                 R11 <- R6  ; line 256
1854 MOVE                 R12 <- R1  ; line 256
1855 HOST_CALL            a=13 b=6 c=7 imm=6  ; line 256
1856 RETURN               R13  ; line 256
1857 LOAD_CONST           R14 constant[446]  ; line 256
1858 RETURN               R14  ; line 256
1859 LOAD_CONST           R3 constant[447]  ; line 260
1860 MOVE                 R4 <- R0  ; line 260
1861 MOVE                 R5 <- R3  ; line 260
1862 HOST_CALL            a=6 b=11 c=4 imm=2  ; line 260
1863 MOVE                 R7 <- R6  ; line 260
1864 HOST_CALL            a=8 b=168 c=7 imm=1  ; line 260
1865 MOVE                 R9 <- R1  ; line 260
1866 MOVE                 R10 <- R8  ; line 260
1867 HOST_CALL            a=11 b=67 c=9 imm=2  ; line 260
1868 LOAD_CONST           R12 constant[448]  ; line 260
1869 MOVE                 R13 <- R0  ; line 260
1870 MOVE                 R14 <- R12  ; line 260
1871 HOST_CALL            a=15 b=11 c=13 imm=2  ; line 260
1872 BINARY               a=11 b=15 c=16 imm=0  ; line 260
1873 MOVE                 R17 <- R16  ; line 260
1874 LOAD_CONST           R18 constant[449]  ; line 261
1875 MOVE                 R19 <- R18  ; line 261
1876 HOST_CALL            a=20 b=22 c=19 imm=1  ; line 261
1877 MOVE                 R21 <- R20  ; line 261
1878 LOAD_CONST           R22 constant[450]  ; line 261
1879 MOVE                 R23 <- R22  ; line 261
1880 MOVE                 R24 <- R1  ; line 262
1881 HOST_CALL            a=25 b=61 c=24 imm=1  ; line 262
1882 LOAD_CONST           R26 constant[451]  ; line 262
1883 MOVE                 R27 <- R25  ; line 262
1884 MOVE                 R28 <- R26  ; line 262
1885 HOST_CALL            a=29 b=11 c=27 imm=2  ; line 262
1886 COMPARE              a=23 b=29 c=30 imm=2  ; line 262
1887 JUMP_IF_FALSE        R30 -> 1926  ; line 262
1888 LOAD_CONST           R24 constant[452]  ; line 263
1889 MOVE                 R25 <- R24  ; line 263
1890 LOAD_CONST           R26 constant[453]  ; line 263
1891 MOVE                 R27 <- R26  ; line 263
1892 MOVE                 R28 <- R17  ; line 264
1893 HOST_CALL            a=29 b=61 c=28 imm=1  ; line 264
1894 LOAD_CONST           R30 constant[454]  ; line 264
1895 MOVE                 R31 <- R29  ; line 264
1896 MOVE                 R32 <- R30  ; line 264
1897 HOST_CALL            a=33 b=11 c=31 imm=2  ; line 264
1898 COMPARE              a=27 b=33 c=34 imm=2  ; line 264
1899 JUMP_IF_FALSE        R34 -> 1919  ; line 264
1900 MOVE                 R28 <- R23  ; line 265
1901 MOVE                 R29 <- R27  ; line 265
1902 ARRAY_NEW            a=30 b=28 c=2 imm=4294967295  ; line 265
1903 MOVE                 R31 <- R17  ; line 265
1904 MOVE                 R32 <- R30  ; line 265
1905 HOST_CALL            a=33 b=11 c=31 imm=2  ; line 265
1906 LOAD_CONST           R34 constant[455]  ; line 265
1907 COMPARE              a=33 b=34 c=35 imm=5  ; line 265
1908 JUMP_IF_FALSE        R35 -> 1915  ; line 265
1909 BINARY               a=27 b=2 c=28 imm=0  ; line 265
1910 MOVE                 R29 <- R28  ; line 265
1911 CALL                 a=30 b=16 c=29 imm=1  ; line 265
1912 BINARY               a=25 b=30 c=31 imm=0  ; line 265
1913 MOVE                 R25 <- R31  ; line 265
1914 JUMP                 -> 1915  ; line 265
1915 LOAD_CONST           R28 constant[456]  ; line 266
1916 BINARY               a=27 b=28 c=29 imm=0  ; line 266
1917 MOVE                 R27 <- R29  ; line 266
1918 JUMP                 -> 1892  ; line 266
1919 MOVE                 R28 <- R21  ; line 268
1920 MOVE                 R29 <- R25  ; line 268
1921 HOST_CALL            a=30 b=23 c=28 imm=2  ; line 268
1922 LOAD_CONST           R28 constant[457]  ; line 268
1923 BINARY               a=23 b=28 c=29 imm=0  ; line 268
1924 MOVE                 R23 <- R29  ; line 268
1925 JUMP                 -> 1880  ; line 268
1926 RETURN               R21  ; line 270
1927 LOAD_CONST           R28 constant[458]  ; line 270
1928 RETURN               R28  ; line 270
1929 MOVE                 R4 <- R1  ; line 274
1930 MOVE                 R5 <- R2  ; line 274
1931 CALL                 a=6 b=74 c=4 imm=2  ; line 274
1932 MOVE                 R7 <- R6  ; line 274
1933 LOAD_CONST           R8 constant[459]  ; line 275
1934 MOVE                 R9 <- R7  ; line 275
1935 MOVE                 R10 <- R8  ; line 275
1936 HOST_CALL            a=11 b=11 c=9 imm=2  ; line 275
1937 JUMP_IF_FALSE        R11 -> 1966  ; line 275
1938 LOAD_CONST           R8 constant[460]  ; line 275
1939 LOAD_CONST           R9 constant[461]  ; line 275
1940 MOVE                 R10 <- R1  ; line 275
1941 MOVE                 R11 <- R9  ; line 275
1942 HOST_CALL            a=12 b=11 c=10 imm=2  ; line 275
1943 LOAD_CONST           R13 constant[462]  ; line 275
1944 BINARY               a=12 b=13 c=14 imm=0  ; line 275
1945 MOVE                 R15 <- R1  ; line 275
1946 MOVE                 R16 <- R8  ; line 275
1947 MOVE                 R17 <- R14  ; line 275
1948 HOST_CALL            a=18 b=9 c=15 imm=3  ; line 275
1949 LOAD_CONST           R8 constant[463]  ; line 275
1950 MOVE                 R9 <- R7  ; line 275
1951 MOVE                 R10 <- R8  ; line 275
1952 HOST_CALL            a=11 b=11 c=9 imm=2  ; line 275
1953 MOVE                 R12 <- R1  ; line 275
1954 MOVE                 R13 <- R11  ; line 275
1955 CALL                 a=14 b=75 c=12 imm=2  ; line 275
1956 LOAD_CONST           R8 constant[464]  ; line 275
1957 MOVE                 R9 <- R7  ; line 275
1958 MOVE                 R10 <- R8  ; line 275
1959 HOST_CALL            a=11 b=11 c=9 imm=2  ; line 275
1960 LOAD_CONST           R12 constant[465]  ; line 275
1961 MOVE                 R13 <- R11  ; line 275
1962 MOVE                 R14 <- R12  ; line 275
1963 ARRAY_NEW            a=15 b=13 c=2 imm=4294967295  ; line 275
1964 RETURN               R15  ; line 275
1965 JUMP                 -> 1966  ; line 275
1966 LOAD_CONST           R8 constant[466]  ; line 276
1967 MOVE                 R9 <- R0  ; line 276
1968 MOVE                 R10 <- R8  ; line 276
1969 HOST_CALL            a=11 b=11 c=9 imm=2  ; line 276
1970 LOAD_CONST           R12 constant[467]  ; line 276
1971 MOVE                 R13 <- R0  ; line 276
1972 MOVE                 R14 <- R12  ; line 276
1973 HOST_CALL            a=15 b=11 c=13 imm=2  ; line 276
1974 MOVE                 R16 <- R11  ; line 276
1975 MOVE                 R17 <- R15  ; line 276
1976 MOVE                 R18 <- R2  ; line 276
1977 CALL                 a=19 b=25 c=16 imm=3  ; line 276
1978 MOVE                 R20 <- R19  ; line 276
1979 CALL                 a=21 b=60 c=20 imm=1  ; line 276
1980 MOVE                 R22 <- R21  ; line 276
1981 LOAD_CONST           R23 constant[468]  ; line 277
1982 LOAD_CONST           R24 constant[469]  ; line 277
1983 MOVE                 R25 <- R1  ; line 277
1984 MOVE                 R26 <- R24  ; line 277
1985 HOST_CALL            a=27 b=11 c=25 imm=2  ; line 277
1986 LOAD_CONST           R28 constant[470]  ; line 277
1987 BINARY               a=27 b=28 c=29 imm=0  ; line 277
1988 MOVE                 R30 <- R1  ; line 277
1989 MOVE                 R31 <- R23  ; line 277
1990 MOVE                 R32 <- R29  ; line 277
1991 HOST_CALL            a=33 b=9 c=30 imm=3  ; line 277
1992 LOAD_CONST           R23 constant[471]  ; line 277
1993 LOAD_CONST           R24 constant[472]  ; line 277
1994 MOVE                 R25 <- R1  ; line 277
1995 MOVE                 R26 <- R24  ; line 277
1996 HOST_CALL            a=27 b=11 c=25 imm=2  ; line 277
1997 LOAD_CONST           R28 constant[473]  ; line 277
1998 BINARY               a=27 b=28 c=29 imm=0  ; line 277
1999 MOVE                 R30 <- R1  ; line 277
2000 MOVE                 R31 <- R23  ; line 277
2001 MOVE                 R32 <- R29  ; line 277
2002 HOST_CALL            a=33 b=9 c=30 imm=3  ; line 277
2003 LOAD_CONST           R23 constant[474]  ; line 278
2004 COMPARE              a=3 b=23 c=24 imm=4  ; line 278
2005 JUMP_IF_FALSE        R24 -> 2062  ; line 278
2006 MOVE                 R23 <- R2  ; line 279
2007 ARRAY_NEW            a=24 b=23 c=1 imm=4294967295  ; line 279
2008 MOVE                 R25 <- R24  ; line 279
2009 MOVE                 R26 <- R22  ; line 279
2010 ARRAY_NEW            a=27 b=26 c=1 imm=4294967295  ; line 279
2011 MOVE                 R28 <- R27  ; line 279
2012 LOAD_CONST           R29 constant[475]  ; line 279
2013 MOVE                 R30 <- R29  ; line 279
2014 LOAD_CONST           R31 constant[476]  ; line 280
2015 MOVE                 R32 <- R1  ; line 280
2016 MOVE                 R33 <- R31  ; line 280
2017 HOST_CALL            a=34 b=11 c=32 imm=2  ; line 280
2018 MOVE                 R35 <- R34  ; line 280
2019 HOST_CALL            a=36 b=26 c=35 imm=1  ; line 280
2020 COMPARE              a=30 b=36 c=37 imm=2  ; line 280
2021 JUMP_IF_FALSE        R37 -> 2051  ; line 280
2022 LOAD_CONST           R31 constant[477]  ; line 281
2023 BINARY               a=3 b=31 c=32 imm=1  ; line 281
2024 COMPARE              a=30 b=32 c=33 imm=2  ; line 281
2025 JUMP_IF_FALSE        R33 -> 2047  ; line 281
2026 LOAD_CONST           R31 constant[478]  ; line 281
2027 MOVE                 R32 <- R1  ; line 281
2028 MOVE                 R33 <- R31  ; line 281
2029 HOST_CALL            a=34 b=11 c=32 imm=2  ; line 281
2030 MOVE                 R35 <- R34  ; line 281
2031 MOVE                 R36 <- R30  ; line 281
2032 HOST_CALL            a=37 b=11 c=35 imm=2  ; line 281
2033 MOVE                 R38 <- R25  ; line 281
2034 MOVE                 R39 <- R37  ; line 281
2035 HOST_CALL            a=40 b=23 c=38 imm=2  ; line 281
2036 LOAD_CONST           R31 constant[479]  ; line 281
2037 MOVE                 R32 <- R1  ; line 281
2038 MOVE                 R33 <- R31  ; line 281
2039 HOST_CALL            a=34 b=11 c=32 imm=2  ; line 281
2040 MOVE                 R35 <- R34  ; line 281
2041 MOVE                 R36 <- R30  ; line 281
2042 HOST_CALL            a=37 b=11 c=35 imm=2  ; line 281
2043 MOVE                 R38 <- R28  ; line 281
2044 MOVE                 R39 <- R37  ; line 281
2045 HOST_CALL            a=40 b=23 c=38 imm=2  ; line 281
2046 JUMP                 -> 2047  ; line 281
2047 LOAD_CONST           R31 constant[480]  ; line 282
2048 BINARY               a=30 b=31 c=32 imm=0  ; line 282
2049 MOVE                 R30 <- R32  ; line 282
2050 JUMP                 -> 2014  ; line 282
2051 LOAD_CONST           R31 constant[481]  ; line 284
2052 MOVE                 R32 <- R1  ; line 284
2053 MOVE                 R33 <- R31  ; line 284
2054 MOVE                 R34 <- R25  ; line 284
2055 HOST_CALL            a=35 b=9 c=32 imm=3  ; line 284
2056 LOAD_CONST           R31 constant[482]  ; line 284
2057 MOVE                 R32 <- R1  ; line 284
2058 MOVE                 R33 <- R31  ; line 284
2059 MOVE                 R34 <- R28  ; line 284
2060 HOST_CALL            a=35 b=9 c=32 imm=3  ; line 284
2061 JUMP                 -> 2062  ; line 284
2062 LOAD_CONST           R31 constant[483]  ; line 286
2063 MOVE                 R32 <- R22  ; line 286
2064 MOVE                 R33 <- R31  ; line 286
2065 ARRAY_NEW            a=34 b=32 c=2 imm=4294967295  ; line 286
2066 RETURN               R34  ; line 286
2067 LOAD_CONST           R35 constant[484]  ; line 286
2068 RETURN               R35  ; line 286
2069 LOAD_CONST           R4 constant[485]  ; line 290
2070 MOVE                 R5 <- R4  ; line 290
2071 LOAD_CONST           R6 constant[486]  ; line 291
2072 MOVE                 R7 <- R0  ; line 291
2073 MOVE                 R8 <- R6  ; line 291
2074 HOST_CALL            a=9 b=11 c=7 imm=2  ; line 291
2075 MOVE                 R10 <- R9  ; line 291
2076 CALL                 a=11 b=14 c=10 imm=1  ; line 291
2077 LOAD_CONST           R12 constant[487]  ; line 291
2078 COMPARE              a=11 b=12 c=13 imm=4  ; line 291
2079 JUMP_IF_FALSE        R13 -> 2099  ; line 291
2080 LOAD_CONST           R6 constant[488]  ; line 291
2081 MOVE                 R7 <- R0  ; line 291
2082 MOVE                 R8 <- R6  ; line 291
2083 HOST_CALL            a=9 b=11 c=7 imm=2  ; line 291
2084 CALL                 a=10 b=13 c=10 imm=0  ; line 291
2085 MOVE                 R11 <- R9  ; line 291
2086 MOVE                 R12 <- R3  ; line 291
2087 MOVE                 R13 <- R10  ; line 291
2088 CALL                 a=14 b=67 c=11 imm=3  ; line 291
2089 LOAD_CONST           R15 constant[489]  ; line 291
2090 MOVE                 R16 <- R14  ; line 291
2091 MOVE                 R17 <- R15  ; line 291
2092 HOST_CALL            a=18 b=11 c=16 imm=2  ; line 291
2093 CALL                 a=19 b=13 c=19 imm=0  ; line 291
2094 MOVE                 R20 <- R19  ; line 291
2095 CALL                 a=21 b=16 c=20 imm=1  ; line 291
2096 BINARY               a=18 b=21 c=22 imm=3  ; line 291
2097 MOVE                 R5 <- R22  ; line 291
2098 JUMP                 -> 2099  ; line 291
2099 MOVE                 R6 <- R0  ; line 292
2100 MOVE                 R7 <- R1  ; line 292
2101 MOVE                 R8 <- R5  ; line 292
2102 MOVE                 R9 <- R2  ; line 292
2103 CALL                 a=10 b=68 c=6 imm=4  ; line 292
2104 LOAD_CONST           R11 constant[490]  ; line 292
2105 MOVE                 R12 <- R10  ; line 292
2106 MOVE                 R13 <- R11  ; line 292
2107 HOST_CALL            a=14 b=11 c=12 imm=2  ; line 292
2108 LOAD_CONST           R15 constant[491]  ; line 292
2109 MOVE                 R16 <- R14  ; line 292
2110 MOVE                 R17 <- R3  ; line 292
2111 MOVE                 R18 <- R15  ; line 292
2112 CALL                 a=19 b=67 c=16 imm=3  ; line 292
2113 LOAD_CONST           R20 constant[492]  ; line 292
2114 MOVE                 R21 <- R19  ; line 292
2115 MOVE                 R22 <- R20  ; line 292
2116 HOST_CALL            a=23 b=11 c=21 imm=2  ; line 292
2117 MOVE                 R24 <- R23  ; line 292
2118 CALL                 a=25 b=13 c=25 imm=0  ; line 293
2119 MOVE                 R26 <- R25  ; line 293
2120 CALL                 a=27 b=16 c=26 imm=1  ; line 293
2121 BINARY               a=5 b=27 c=28 imm=2  ; line 293
2122 BINARY               a=28 b=24 c=29 imm=0  ; line 293
2123 MOVE                 R30 <- R29  ; line 293
2124 LOAD_CONST           R31 constant[493]  ; line 294
2125 MOVE                 R32 <- R0  ; line 294
2126 MOVE                 R33 <- R31  ; line 294
2127 HOST_CALL            a=34 b=11 c=32 imm=2  ; line 294
2128 COMPARE              a=30 b=34 c=35 imm=2  ; line 294
2129 LOAD_CONST           R36 constant[494]  ; line 294
2130 MOVE                 R37 <- R35  ; line 294
2131 MOVE                 R38 <- R36  ; line 294
2132 HOST_CALL            a=39 b=5 c=37 imm=2  ; line 294
2133 RETURN               R30  ; line 294
2134 LOAD_CONST           R31 constant[495]  ; line 294
2135 RETURN               R31  ; line 294
2136 CALL                 a=2 b=73 c=2 imm=0  ; line 298
2137 MOVE                 R3 <- R2  ; line 298
2138 LOAD_CONST           R4 constant[496]  ; line 298
2139 MOVE                 R5 <- R4  ; line 298
2140 HOST_CALL            a=6 b=22 c=5 imm=1  ; line 298
2141 MOVE                 R7 <- R6  ; line 298
2142 LOAD_CONST           R8 constant[497]  ; line 298
2143 MOVE                 R9 <- R8  ; line 298
2144 MOVE                 R10 <- R1  ; line 299
2145 HOST_CALL            a=11 b=61 c=10 imm=1  ; line 299
2146 LOAD_CONST           R12 constant[498]  ; line 299
2147 MOVE                 R13 <- R11  ; line 299
2148 MOVE                 R14 <- R12  ; line 299
2149 HOST_CALL            a=15 b=11 c=13 imm=2  ; line 299
2150 COMPARE              a=9 b=15 c=16 imm=2  ; line 299
2151 JUMP_IF_FALSE        R16 -> 2172  ; line 299
2152 LOAD_CONST           R10 constant[499]  ; line 300
2153 MOVE                 R11 <- R1  ; line 300
2154 MOVE                 R12 <- R9  ; line 300
2155 CALL                 a=13 b=44 c=11 imm=2  ; line 300
2156 MOVE                 R14 <- R13  ; line 300
2157 ARRAY_NEW            a=15 b=14 c=1 imm=4294967295  ; line 300
2158 MOVE                 R16 <- R15  ; line 300
2159 HOST_CALL            a=17 b=72 c=16 imm=1  ; line 300
2160 MOVE                 R18 <- R0  ; line 300
2161 MOVE                 R19 <- R3  ; line 300
2162 MOVE                 R20 <- R10  ; line 300
2163 MOVE                 R21 <- R17  ; line 300
2164 CALL                 a=22 b=69 c=18 imm=4  ; line 300
2165 MOVE                 R23 <- R7  ; line 300
2166 MOVE                 R24 <- R22  ; line 300
2167 HOST_CALL            a=25 b=23 c=23 imm=2  ; line 300
2168 LOAD_CONST           R10 constant[500]  ; line 301
2169 BINARY               a=9 b=10 c=11 imm=0  ; line 301
2170 MOVE                 R9 <- R11  ; line 301
2171 JUMP                 -> 2144  ; line 301
2172 RETURN               R7  ; line 303
2173 LOAD_CONST           R10 constant[501]  ; line 303
2174 RETURN               R10  ; line 303
2175 LOAD_CONST           R2 constant[502]  ; line 306
2176 MOVE                 R3 <- R0  ; line 306
2177 MOVE                 R4 <- R2  ; line 306
2178 CALL                 a=5 b=84 c=3 imm=2  ; line 306
2179 LOAD_CONST           R6 constant[503]  ; line 306
2180 BINARY               a=5 b=6 c=7 imm=2  ; line 306
2181 LOAD_CONST           R8 constant[504]  ; line 306
2182 BINARY               a=7 b=8 c=9 imm=0  ; line 306
2183 MOVE                 R10 <- R9  ; line 306
2184 MOVE                 R11 <- R1  ; line 306
2185 CALL                 a=12 b=85 c=10 imm=2  ; line 306
2186 RETURN               R12  ; line 306
2187 LOAD_CONST           R13 constant[505]  ; line 306
2188 RETURN               R13  ; line 306
2189 BINARY               a=0 b=1 c=2 imm=1  ; line 307
2190 MOVE                 R3 <- R2  ; line 307
2191 BINARY               a=3 b=3 c=4 imm=2  ; line 307
2192 RETURN               R4  ; line 307
2193 LOAD_CONST           R5 constant[506]  ; line 307
2194 RETURN               R5  ; line 307
2195 LOAD_CONST           R0 constant[507]  ; line 309
2196 LOAD_CONST           R1 constant[508]  ; line 309
2197 MOVE                 R2 <- R1  ; line 309
2198 HOST_CALL            a=3 b=22 c=2 imm=1  ; line 309
2199 LOAD_CONST           R4 constant[509]  ; line 309
2200 LOAD_CONST           R5 constant[510]  ; line 309
2201 MOVE                 R6 <- R5  ; line 309
2202 HOST_CALL            a=7 b=22 c=6 imm=1  ; line 309
2203 LOAD_CONST           R8 constant[511]  ; line 309
2204 LOAD_CONST           R9 constant[512]  ; line 309
2205 LOAD_CONST           R10 constant[513]  ; line 309
2206 LOAD_CONST           R11 constant[514]  ; line 309
2207 LOAD_CONST           R12 constant[515]  ; line 309
2208 LOAD_CONST           R13 constant[516]  ; line 309
2209 MOVE                 R14 <- R0  ; line 309
2210 MOVE                 R15 <- R3  ; line 309
2211 MOVE                 R16 <- R4  ; line 309
2212 MOVE                 R17 <- R7  ; line 309
2213 MOVE                 R18 <- R8  ; line 309
2214 MOVE                 R19 <- R9  ; line 309
2215 MOVE                 R20 <- R10  ; line 309
2216 MOVE                 R21 <- R11  ; line 309
2217 MOVE                 R22 <- R12  ; line 309
2218 MOVE                 R23 <- R13  ; line 309
2219 HOST_CALL            a=24 b=6 c=14 imm=10  ; line 309
2220 RETURN               R24  ; line 309
2221 LOAD_CONST           R25 constant[517]  ; line 309
2222 RETURN               R25  ; line 309
2223 LOAD_CONST           R2 constant[518]  ; line 312
2224 MOVE                 R3 <- R2  ; line 312
2225 LOAD_CONST           R4 constant[519]  ; line 313
2226 MOVE                 R5 <- R0  ; line 313
2227 MOVE                 R6 <- R4  ; line 313
2228 HOST_CALL            a=7 b=11 c=5 imm=2  ; line 313
2229 MOVE                 R8 <- R7  ; line 313
2230 HOST_CALL            a=9 b=26 c=8 imm=1  ; line 313
2231 COMPARE              a=3 b=9 c=10 imm=2  ; line 313
2232 JUMP_IF_FALSE        R10 -> 2260  ; line 313
2233 LOAD_CONST           R4 constant[520]  ; line 314
2234 MOVE                 R5 <- R0  ; line 314
2235 MOVE                 R6 <- R4  ; line 314
2236 HOST_CALL            a=7 b=11 c=5 imm=2  ; line 314
2237 MOVE                 R8 <- R7  ; line 314
2238 MOVE                 R9 <- R3  ; line 314
2239 HOST_CALL            a=10 b=11 c=8 imm=2  ; line 314
2240 COMPARE              a=10 b=1 c=11 imm=0  ; line 314
2241 JUMP_IF_FALSE        R11 -> 2256  ; line 314
2242 LOAD_CONST           R4 constant[521]  ; line 314
2243 LOAD_CONST           R5 constant[522]  ; line 314
2244 MOVE                 R6 <- R0  ; line 314
2245 MOVE                 R7 <- R5  ; line 314
2246 HOST_CALL            a=8 b=11 c=6 imm=2  ; line 314
2247 MOVE                 R9 <- R8  ; line 314
2248 MOVE                 R10 <- R3  ; line 314
2249 HOST_CALL            a=11 b=11 c=9 imm=2  ; line 314
2250 MOVE                 R12 <- R4  ; line 314
2251 MOVE                 R13 <- R11  ; line 314
2252 MOVE                 R14 <- R3  ; line 314
2253 ARRAY_NEW            a=15 b=12 c=3 imm=4294967295  ; line 314
2254 RETURN               R15  ; line 314
2255 JUMP                 -> 2256  ; line 314
2256 LOAD_CONST           R4 constant[523]  ; line 315
2257 BINARY               a=3 b=4 c=5 imm=0  ; line 315
2258 MOVE                 R3 <- R5  ; line 315
2259 JUMP                 -> 2225  ; line 315
2260 LOAD_CONST           R4 constant[524]  ; line 317
2261 LOAD_CONST           R5 constant[525]  ; line 317
2262 LOAD_CONST           R6 constant[526]  ; line 317
2263 UNARY                a=6 b=7 c=4294967295 imm=0  ; line 317
2264 MOVE                 R8 <- R4  ; line 317
2265 MOVE                 R9 <- R5  ; line 317
2266 MOVE                 R10 <- R7  ; line 317
2267 ARRAY_NEW            a=11 b=8 c=3 imm=4294967295  ; line 317
2268 RETURN               R11  ; line 317
2269 LOAD_CONST           R12 constant[527]  ; line 317
2270 RETURN               R12  ; line 317
2271 LOAD_CONST           R2 constant[528]  ; line 321
2272 MOVE                 R3 <- R2  ; line 321
2273 HOST_CALL            a=4 b=22 c=3 imm=1  ; line 321
2274 MOVE                 R5 <- R4  ; line 321
2275 LOAD_CONST           R6 constant[529]  ; line 321
2276 MOVE                 R7 <- R6  ; line 321
2277 HOST_CALL            a=8 b=22 c=7 imm=1  ; line 321
2278 MOVE                 R9 <- R8  ; line 321
2279 LOAD_CONST           R10 constant[530]  ; line 322
2280 MOVE                 R11 <- R0  ; line 322
2281 MOVE                 R12 <- R10  ; line 322
2282 HOST_CALL            a=13 b=11 c=11 imm=2  ; line 322
2283 MOVE                 R14 <- R13  ; line 322
2284 MOVE                 R15 <- R1  ; line 322
2285 HOST_CALL            a=16 b=11 c=14 imm=2  ; line 322
2286 MOVE                 R17 <- R5  ; line 322
2287 MOVE                 R18 <- R16  ; line 322
2288 HOST_CALL            a=19 b=23 c=17 imm=2  ; line 322
2289 LOAD_CONST           R10 constant[531]  ; line 322
2290 MOVE                 R11 <- R0  ; line 322
2291 MOVE                 R12 <- R10  ; line 322
2292 HOST_CALL            a=13 b=11 c=11 imm=2  ; line 322
2293 MOVE                 R14 <- R13  ; line 322
2294 MOVE                 R15 <- R1  ; line 322
2295 HOST_CALL            a=16 b=11 c=14 imm=2  ; line 322
2296 MOVE                 R17 <- R9  ; line 322
2297 MOVE                 R18 <- R16  ; line 322
2298 HOST_CALL            a=19 b=23 c=17 imm=2  ; line 322
2299 LOAD_CONST           R10 constant[532]  ; line 323
2300 MOVE                 R11 <- R10  ; line 323
2301 LOAD_CONST           R12 constant[533]  ; line 324
2302 MOVE                 R13 <- R0  ; line 324
2303 MOVE                 R14 <- R12  ; line 324
2304 HOST_CALL            a=15 b=11 c=13 imm=2  ; line 324
2305 MOVE                 R16 <- R15  ; line 324
2306 HOST_CALL            a=17 b=26 c=16 imm=1  ; line 324
2307 COMPARE              a=11 b=17 c=18 imm=2  ; line 324
2308 JUMP_IF_FALSE        R18 -> 2336  ; line 324
2309 COMPARE              a=11 b=1 c=12 imm=1  ; line 325
2310 JUMP_IF_FALSE        R12 -> 2332  ; line 325
2311 LOAD_CONST           R12 constant[534]  ; line 325
2312 MOVE                 R13 <- R0  ; line 325
2313 MOVE                 R14 <- R12  ; line 325
2314 HOST_CALL            a=15 b=11 c=13 imm=2  ; line 325
2315 MOVE                 R16 <- R15  ; line 325
2316 MOVE                 R17 <- R11  ; line 325
2317 HOST_CALL            a=18 b=11 c=16 imm=2  ; line 325
2318 MOVE                 R19 <- R5  ; line 325
2319 MOVE                 R20 <- R18  ; line 325
2320 HOST_CALL            a=21 b=23 c=19 imm=2  ; line 325
2321 LOAD_CONST           R12 constant[535]  ; line 325
2322 MOVE                 R13 <- R0  ; line 325
2323 MOVE                 R14 <- R12  ; line 325
2324 HOST_CALL            a=15 b=11 c=13 imm=2  ; line 325
2325 MOVE                 R16 <- R15  ; line 325
2326 MOVE                 R17 <- R11  ; line 325
2327 HOST_CALL            a=18 b=11 c=16 imm=2  ; line 325
2328 MOVE                 R19 <- R9  ; line 325
2329 MOVE                 R20 <- R18  ; line 325
2330 HOST_CALL            a=21 b=23 c=19 imm=2  ; line 325
2331 JUMP                 -> 2332  ; line 325
2332 LOAD_CONST           R12 constant[536]  ; line 326
2333 BINARY               a=11 b=12 c=13 imm=0  ; line 326
2334 MOVE                 R11 <- R13  ; line 326
2335 JUMP                 -> 2301  ; line 326
2336 LOAD_CONST           R12 constant[537]  ; line 328
2337 MOVE                 R13 <- R0  ; line 328
2338 MOVE                 R14 <- R12  ; line 328
2339 MOVE                 R15 <- R5  ; line 328
2340 HOST_CALL            a=16 b=9 c=13 imm=3  ; line 328
2341 LOAD_CONST           R12 constant[538]  ; line 328
2342 MOVE                 R13 <- R0  ; line 328
2343 MOVE                 R14 <- R12  ; line 328
2344 MOVE                 R15 <- R9  ; line 328
2345 HOST_CALL            a=16 b=9 c=13 imm=3  ; line 328
2346 LOAD_CONST           R12 constant[539]  ; line 328
2347 RETURN               R12  ; line 328
2348 LOAD_CONST           R13 constant[540]  ; line 328
2349 RETURN               R13  ; line 328
2350 MOVE                 R5 <- R2  ; line 332
2351 MOVE                 R6 <- R3  ; line 332
2352 CALL                 a=7 b=74 c=5 imm=2  ; line 332
2353 MOVE                 R8 <- R7  ; line 332
2354 LOAD_CONST           R9 constant[541]  ; line 333
2355 MOVE                 R10 <- R8  ; line 333
2356 MOVE                 R11 <- R9  ; line 333
2357 HOST_CALL            a=12 b=11 c=10 imm=2  ; line 333
2358 JUMP_IF_FALSE        R12 -> 2387  ; line 333
2359 LOAD_CONST           R9 constant[542]  ; line 333
2360 LOAD_CONST           R10 constant[543]  ; line 333
2361 MOVE                 R11 <- R2  ; line 333
2362 MOVE                 R12 <- R10  ; line 333
2363 HOST_CALL            a=13 b=11 c=11 imm=2  ; line 333
2364 LOAD_CONST           R14 constant[544]  ; line 333
2365 BINARY               a=13 b=14 c=15 imm=0  ; line 333
2366 MOVE                 R16 <- R2  ; line 333
2367 MOVE                 R17 <- R9  ; line 333
2368 MOVE                 R18 <- R15  ; line 333
2369 HOST_CALL            a=19 b=9 c=16 imm=3  ; line 333
2370 LOAD_CONST           R9 constant[545]  ; line 333
2371 MOVE                 R10 <- R8  ; line 333
2372 MOVE                 R11 <- R9  ; line 333
2373 HOST_CALL            a=12 b=11 c=10 imm=2  ; line 333
2374 MOVE                 R13 <- R2  ; line 333
2375 MOVE                 R14 <- R12  ; line 333
2376 CALL                 a=15 b=75 c=13 imm=2  ; line 333
2377 LOAD_CONST           R9 constant[546]  ; line 333
2378 MOVE                 R10 <- R8  ; line 333
2379 MOVE                 R11 <- R9  ; line 333
2380 HOST_CALL            a=12 b=11 c=10 imm=2  ; line 333
2381 LOAD_CONST           R13 constant[547]  ; line 333
2382 MOVE                 R14 <- R12  ; line 333
2383 MOVE                 R15 <- R13  ; line 333
2384 ARRAY_NEW            a=16 b=14 c=2 imm=4294967295  ; line 333
2385 RETURN               R16  ; line 333
2386 JUMP                 -> 2387  ; line 333
2387 MOVE                 R9 <- R0  ; line 334
2388 MOVE                 R10 <- R1  ; line 334
2389 MOVE                 R11 <- R3  ; line 334
2390 CALL                 a=12 b=26 c=9 imm=3  ; line 334
2391 MOVE                 R13 <- R12  ; line 334
2392 CALL                 a=14 b=59 c=13 imm=1  ; line 334
2393 MOVE                 R15 <- R14  ; line 334
2394 LOAD_CONST           R16 constant[548]  ; line 335
2395 LOAD_CONST           R17 constant[549]  ; line 335
2396 MOVE                 R18 <- R2  ; line 335
2397 MOVE                 R19 <- R17  ; line 335
2398 HOST_CALL            a=20 b=11 c=18 imm=2  ; line 335
2399 LOAD_CONST           R21 constant[550]  ; line 335
2400 BINARY               a=20 b=21 c=22 imm=0  ; line 335
2401 MOVE                 R23 <- R2  ; line 335
2402 MOVE                 R24 <- R16  ; line 335
2403 MOVE                 R25 <- R22  ; line 335
2404 HOST_CALL            a=26 b=9 c=23 imm=3  ; line 335
2405 LOAD_CONST           R16 constant[551]  ; line 335
2406 LOAD_CONST           R17 constant[552]  ; line 335
2407 MOVE                 R18 <- R2  ; line 335
2408 MOVE                 R19 <- R17  ; line 335
2409 HOST_CALL            a=20 b=11 c=18 imm=2  ; line 335
2410 LOAD_CONST           R21 constant[553]  ; line 335
2411 BINARY               a=20 b=21 c=22 imm=0  ; line 335
2412 MOVE                 R23 <- R2  ; line 335
2413 MOVE                 R24 <- R16  ; line 335
2414 MOVE                 R25 <- R22  ; line 335
2415 HOST_CALL            a=26 b=9 c=23 imm=3  ; line 335
2416 LOAD_CONST           R16 constant[554]  ; line 336
2417 COMPARE              a=4 b=16 c=17 imm=4  ; line 336
2418 JUMP_IF_FALSE        R17 -> 2475  ; line 336
2419 MOVE                 R16 <- R3  ; line 337
2420 ARRAY_NEW            a=17 b=16 c=1 imm=4294967295  ; line 337
2421 MOVE                 R18 <- R17  ; line 337
2422 MOVE                 R19 <- R15  ; line 337
2423 ARRAY_NEW            a=20 b=19 c=1 imm=4294967295  ; line 337
2424 MOVE                 R21 <- R20  ; line 337
2425 LOAD_CONST           R22 constant[555]  ; line 337
2426 MOVE                 R23 <- R22  ; line 337
2427 LOAD_CONST           R24 constant[556]  ; line 338
2428 MOVE                 R25 <- R2  ; line 338
2429 MOVE                 R26 <- R24  ; line 338
2430 HOST_CALL            a=27 b=11 c=25 imm=2  ; line 338
2431 MOVE                 R28 <- R27  ; line 338
2432 HOST_CALL            a=29 b=26 c=28 imm=1  ; line 338
2433 COMPARE              a=23 b=29 c=30 imm=2  ; line 338
2434 JUMP_IF_FALSE        R30 -> 2464  ; line 338
2435 LOAD_CONST           R24 constant[557]  ; line 339
2436 BINARY               a=4 b=24 c=25 imm=1  ; line 339
2437 COMPARE              a=23 b=25 c=26 imm=2  ; line 339
2438 JUMP_IF_FALSE        R26 -> 2460  ; line 339
2439 LOAD_CONST           R24 constant[558]  ; line 339
2440 MOVE                 R25 <- R2  ; line 339
2441 MOVE                 R26 <- R24  ; line 339
2442 HOST_CALL            a=27 b=11 c=25 imm=2  ; line 339
2443 MOVE                 R28 <- R27  ; line 339
2444 MOVE                 R29 <- R23  ; line 339
2445 HOST_CALL            a=30 b=11 c=28 imm=2  ; line 339
2446 MOVE                 R31 <- R18  ; line 339
2447 MOVE                 R32 <- R30  ; line 339
2448 HOST_CALL            a=33 b=23 c=31 imm=2  ; line 339
2449 LOAD_CONST           R24 constant[559]  ; line 339
2450 MOVE                 R25 <- R2  ; line 339
2451 MOVE                 R26 <- R24  ; line 339
2452 HOST_CALL            a=27 b=11 c=25 imm=2  ; line 339
2453 MOVE                 R28 <- R27  ; line 339
2454 MOVE                 R29 <- R23  ; line 339
2455 HOST_CALL            a=30 b=11 c=28 imm=2  ; line 339
2456 MOVE                 R31 <- R21  ; line 339
2457 MOVE                 R32 <- R30  ; line 339
2458 HOST_CALL            a=33 b=23 c=31 imm=2  ; line 339
2459 JUMP                 -> 2460  ; line 339
2460 LOAD_CONST           R24 constant[560]  ; line 340
2461 BINARY               a=23 b=24 c=25 imm=0  ; line 340
2462 MOVE                 R23 <- R25  ; line 340
2463 JUMP                 -> 2427  ; line 340
2464 LOAD_CONST           R24 constant[561]  ; line 342
2465 MOVE                 R25 <- R2  ; line 342
2466 MOVE                 R26 <- R24  ; line 342
2467 MOVE                 R27 <- R18  ; line 342
2468 HOST_CALL            a=28 b=9 c=25 imm=3  ; line 342
2469 LOAD_CONST           R24 constant[562]  ; line 342
2470 MOVE                 R25 <- R2  ; line 342
2471 MOVE                 R26 <- R24  ; line 342
2472 MOVE                 R27 <- R21  ; line 342
2473 HOST_CALL            a=28 b=9 c=25 imm=3  ; line 342
2474 JUMP                 -> 2475  ; line 342
2475 LOAD_CONST           R24 constant[563]  ; line 344
2476 MOVE                 R25 <- R15  ; line 344
2477 MOVE                 R26 <- R24  ; line 344
2478 ARRAY_NEW            a=27 b=25 c=2 imm=4294967295  ; line 344
2479 RETURN               R27  ; line 344
2480 LOAD_CONST           R28 constant[564]  ; line 344
2481 RETURN               R28  ; line 344
2482 MOVE                 R1 <- R0  ; line 9
2483 HOST_CALL            a=2 b=13 c=1 imm=1  ; line 9
2484 RETURN               R2  ; line 9
2485 LOAD_CONST           R3 constant[565]  ; line 9
2486 RETURN               R3  ; line 9
2487 MOVE                 R1 <- R0  ; line 13
2488 HOST_CALL            a=2 b=14 c=1 imm=1  ; line 13
2489 RETURN               R2  ; line 13
2490 LOAD_CONST           R3 constant[566]  ; line 13
2491 RETURN               R3  ; line 13
2492 LOAD_CONST           R1 constant[567]  ; line 6
2493 COMPARE              a=0 b=1 c=2 imm=2  ; line 6
2494 JUMP_IF_FALSE        R2 -> 2498  ; line 6
2495 UNARY                a=0 b=1 c=4294967295 imm=0  ; line 6
2496 RETURN               R1  ; line 6
2497 JUMP                 -> 2498  ; line 6
2498 RETURN               R0  ; line 7
2499 LOAD_CONST           R1 constant[568]  ; line 7
2500 RETURN               R1  ; line 7
2501 COMPARE              a=0 b=1 c=2 imm=2  ; line 11
2502 JUMP_IF_FALSE        R2 -> 2505  ; line 11
2503 RETURN               R0  ; line 11
2504 JUMP                 -> 2505  ; line 11
2505 RETURN               R1  ; line 12
2506 LOAD_CONST           R2 constant[569]  ; line 12
2507 RETURN               R2  ; line 12
2508 COMPARE              a=0 b=1 c=2 imm=4  ; line 16
2509 JUMP_IF_FALSE        R2 -> 2512  ; line 16
2510 RETURN               R0  ; line 16
2511 JUMP                 -> 2512  ; line 16
2512 RETURN               R1  ; line 17
2513 LOAD_CONST           R2 constant[570]  ; line 17
2514 RETURN               R2  ; line 17
2515 COMPARE              a=0 b=1 c=3 imm=2  ; line 21
2516 JUMP_IF_FALSE        R3 -> 2519  ; line 21
2517 RETURN               R1  ; line 21
2518 JUMP                 -> 2519  ; line 21
2519 COMPARE              a=0 b=2 c=3 imm=4  ; line 22
2520 JUMP_IF_FALSE        R3 -> 2523  ; line 22
2521 RETURN               R2  ; line 22
2522 JUMP                 -> 2523  ; line 22
2523 RETURN               R0  ; line 23
2524 LOAD_CONST           R3 constant[571]  ; line 23
2525 RETURN               R3  ; line 23
2526 UNARY                a=0 b=1 c=4294967295 imm=0  ; line 29
2527 MOVE                 R2 <- R1  ; line 29
2528 HOST_CALL            a=3 b=84 c=2 imm=1  ; line 29
2529 UNARY                a=3 b=4 c=4294967295 imm=0  ; line 29
2530 RETURN               R4  ; line 29
2531 LOAD_CONST           R5 constant[572]  ; line 29
2532 RETURN               R5  ; line 29
2533 BINARY               a=0 b=1 c=2 imm=3  ; line 36
2534 MOVE                 R3 <- R2  ; line 36
2535 HOST_CALL            a=4 b=84 c=3 imm=1  ; line 36
2536 RETURN               R4  ; line 36
2537 LOAD_CONST           R5 constant[573]  ; line 36
2538 RETURN               R5  ; line 36
2539 MOVE                 R2 <- R0  ; line 42
2540 MOVE                 R3 <- R1  ; line 42
2541 CALL                 a=4 b=84 c=2 imm=2  ; line 42
2542 BINARY               a=1 b=4 c=5 imm=2  ; line 42
2543 BINARY               a=0 b=5 c=6 imm=1  ; line 42
2544 RETURN               R6  ; line 42
2545 LOAD_CONST           R7 constant[574]  ; line 42
2546 RETURN               R7  ; line 42
2547 LOAD_CONST           R3 constant[575]  ; line 8
2548 LOAD_CONST           R4 constant[576]  ; line 8
2549 LOAD_CONST           R5 constant[577]  ; line 8
2550 LOAD_CONST           R6 constant[578]  ; line 8
2551 MOVE                 R7 <- R4  ; line 8
2552 MOVE                 R8 <- R0  ; line 8
2553 MOVE                 R9 <- R5  ; line 8
2554 MOVE                 R10 <- R1  ; line 8
2555 MOVE                 R11 <- R6  ; line 8
2556 MOVE                 R12 <- R2  ; line 8
2557 HOST_CALL            a=13 b=6 c=7 imm=6  ; line 8
2558 MOVE                 R14 <- R3  ; line 8
2559 MOVE                 R15 <- R13  ; line 8
2560 ARRAY_NEW            a=16 b=14 c=2 imm=4294967295  ; line 8
2561 RETURN               R16  ; line 8
2562 LOAD_CONST           R17 constant[579]  ; line 8
2563 RETURN               R17  ; line 8
2564 MOVE                 R3 <- R0  ; line 12
2565 MOVE                 R4 <- R1  ; line 12
2566 HOST_CALL            a=5 b=7 c=3 imm=2  ; line 12
2567 JUMP_IF_FALSE        R5 -> 2573  ; line 12
2568 MOVE                 R3 <- R0  ; line 12
2569 MOVE                 R4 <- R1  ; line 12
2570 HOST_CALL            a=5 b=11 c=3 imm=2  ; line 12
2571 RETURN               R5  ; line 12
2572 JUMP                 -> 2573  ; line 12
2573 RETURN               R2  ; line 13
2574 LOAD_CONST           R3 constant[580]  ; line 13
2575 RETURN               R3  ; line 13
2576 MOVE                 R1 <- R0  ; line 17
2577 HOST_CALL            a=2 b=86 c=1 imm=1  ; line 17
2578 LOAD_CONST           R3 constant[581]  ; line 17
2579 COMPARE              a=2 b=3 c=4 imm=1  ; line 17
2580 JUMP_IF_FALSE        R4 -> 2584  ; line 17
2581 LOAD_CONST           R1 constant[582]  ; line 17
2582 RETURN               R1  ; line 17
2583 JUMP                 -> 2584  ; line 17
2584 BINARY               a=0 b=0 c=1 imm=1  ; line 18
2585 LOAD_CONST           R2 constant[583]  ; line 18
2586 COMPARE              a=1 b=2 c=3 imm=0  ; line 18
2587 RETURN               R3  ; line 18
2588 LOAD_CONST           R4 constant[584]  ; line 18
2589 RETURN               R4  ; line 18
2590 LOAD_CONST           R1 constant[585]  ; line 22
2591 COMPARE              a=0 b=1 c=2 imm=2  ; line 22
2592 JUMP_IF_FALSE        R2 -> 2596  ; line 22
2593 UNARY                a=0 b=1 c=4294967295 imm=0  ; line 22
2594 RETURN               R1  ; line 22
2595 JUMP                 -> 2596  ; line 22
2596 RETURN               R0  ; line 23
2597 LOAD_CONST           R1 constant[586]  ; line 23
2598 RETURN               R1  ; line 23
2599 BINARY               a=0 b=1 c=2 imm=3  ; line 27
2600 MOVE                 R3 <- R2  ; line 27
2601 HOST_CALL            a=4 b=84 c=3 imm=1  ; line 27
2602 BINARY               a=1 b=4 c=5 imm=2  ; line 27
2603 BINARY               a=0 b=5 c=6 imm=1  ; line 27
2604 RETURN               R6  ; line 27
2605 LOAD_CONST           R7 constant[587]  ; line 27
2606 RETURN               R7  ; line 27
2607 LOAD_CONST           R1 constant[588]  ; line 32
2608 COMPARE              a=0 b=1 c=2 imm=4  ; line 32
2609 JUMP_IF_FALSE        R2 -> 2613  ; line 32
2610 LOAD_CONST           R1 constant[589]  ; line 32
2611 MOVE                 R0 <- R1  ; line 32
2612 JUMP                 -> 2613  ; line 32
2613 LOAD_CONST           R1 constant[590]  ; line 33
2614 UNARY                a=1 b=2 c=4294967295 imm=0  ; line 33
2615 COMPARE              a=0 b=2 c=3 imm=2  ; line 33
2616 JUMP_IF_FALSE        R3 -> 2621  ; line 33
2617 LOAD_CONST           R1 constant[591]  ; line 33
2618 UNARY                a=1 b=2 c=4294967295 imm=0  ; line 33
2619 MOVE                 R0 <- R2  ; line 33
2620 JUMP                 -> 2621  ; line 33
2621 LOAD_CONST           R1 constant[592]  ; line 34
2622 COMPARE              a=0 b=1 c=2 imm=2  ; line 34
2623 MOVE                 R3 <- R2  ; line 34
2624 JUMP_IF_FALSE        R3 -> 2628  ; line 35
2625 UNARY                a=0 b=4 c=4294967295 imm=0  ; line 35
2626 MOVE                 R0 <- R4  ; line 35
2627 JUMP                 -> 2628  ; line 35
2628 LOAD_CONST           R4 constant[593]  ; line 36
2629 MOVE                 R5 <- R4  ; line 36
2630 LOAD_CONST           R6 constant[594]  ; line 37
2631 COMPARE              a=0 b=6 c=7 imm=4  ; line 37
2632 JUMP_IF_FALSE        R7 -> 2640  ; line 37
2633 LOAD_CONST           R6 constant[595]  ; line 38
2634 BINARY               a=0 b=6 c=7 imm=3  ; line 38
2635 MOVE                 R0 <- R7  ; line 38
2636 LOAD_CONST           R6 constant[596]  ; line 39
2637 BINARY               a=5 b=6 c=7 imm=0  ; line 39
2638 MOVE                 R5 <- R7  ; line 39
2639 JUMP                 -> 2630  ; line 39
2640 LOAD_CONST           R6 constant[597]  ; line 41
2641 MOVE                 R7 <- R6  ; line 41
2642 LOAD_CONST           R8 constant[598]  ; line 42
2643 MOVE                 R9 <- R8  ; line 42
2644 LOAD_CONST           R10 constant[599]  ; line 43
2645 MOVE                 R11 <- R10  ; line 43
2646 LOAD_CONST           R12 constant[600]  ; line 44
2647 COMPARE              a=11 b=12 c=13 imm=3  ; line 44
2648 JUMP_IF_FALSE        R13 -> 2658  ; line 44
2649 BINARY               a=7 b=0 c=12 imm=2  ; line 45
2650 BINARY               a=12 b=11 c=13 imm=3  ; line 45
2651 MOVE                 R7 <- R13  ; line 45
2652 BINARY               a=9 b=7 c=12 imm=0  ; line 46
2653 MOVE                 R9 <- R12  ; line 46
2654 LOAD_CONST           R12 constant[601]  ; line 47
2655 BINARY               a=11 b=12 c=13 imm=0  ; line 47
2656 MOVE                 R11 <- R13  ; line 47
2657 JUMP                 -> 2646  ; line 47
2658 LOAD_CONST           R12 constant[602]  ; line 49
2659 MOVE                 R11 <- R12  ; line 49
2660 COMPARE              a=11 b=5 c=12 imm=2  ; line 50
2661 JUMP_IF_FALSE        R12 -> 2668  ; line 50
2662 BINARY               a=9 b=9 c=12 imm=2  ; line 51
2663 MOVE                 R9 <- R12  ; line 51
2664 LOAD_CONST           R12 constant[603]  ; line 52
2665 BINARY               a=11 b=12 c=13 imm=0  ; line 52
2666 MOVE                 R11 <- R13  ; line 52
2667 JUMP                 -> 2660  ; line 52
2668 JUMP_IF_FALSE        R3 -> 2673  ; line 54
2669 LOAD_CONST           R12 constant[604]  ; line 54
2670 BINARY               a=12 b=9 c=13 imm=3  ; line 54
2671 RETURN               R13  ; line 54
2672 JUMP                 -> 2673  ; line 54
2673 RETURN               R9  ; line 55
2674 LOAD_CONST           R12 constant[605]  ; line 55
2675 RETURN               R12  ; line 55
2676 LOAD_CONST           R1 constant[606]  ; line 59
2677 COMPARE              a=0 b=1 c=2 imm=5  ; line 59
2678 JUMP_IF_FALSE        R2 -> 2688  ; line 59
2679 LOAD_CONST           R1 constant[607]  ; line 59
2680 LOAD_CONST           R2 constant[608]  ; line 59
2681 UNARY                a=0 b=3 c=4294967295 imm=0  ; line 59
2682 MOVE                 R4 <- R3  ; line 59
2683 CALL                 a=5 b=91 c=4 imm=1  ; line 59
2684 BINARY               a=2 b=5 c=6 imm=0  ; line 59
2685 BINARY               a=1 b=6 c=7 imm=3  ; line 59
2686 RETURN               R7  ; line 59
2687 JUMP                 -> 2688  ; line 59
2688 MOVE                 R1 <- R0  ; line 60
2689 CALL                 a=2 b=91 c=1 imm=1  ; line 60
2690 MOVE                 R3 <- R2  ; line 60
2691 LOAD_CONST           R4 constant[609]  ; line 61
2692 BINARY               a=4 b=3 c=5 imm=0  ; line 61
2693 BINARY               a=3 b=5 c=6 imm=3  ; line 61
2694 RETURN               R6  ; line 61
2695 LOAD_CONST           R7 constant[610]  ; line 61
2696 RETURN               R7  ; line 61
2697 LOAD_CONST           R1 constant[611]  ; line 65
2698 COMPARE              a=0 b=1 c=2 imm=3  ; line 65
2699 JUMP_IF_FALSE        R2 -> 2703  ; line 65
2700 LOAD_CONST           R1 constant[612]  ; line 65
2701 RETURN               R1  ; line 65
2702 JUMP                 -> 2703  ; line 65
2703 MOVE                 R1 <- R0  ; line 66
2704 LOAD_CONST           R2 constant[613]  ; line 67
2705 COMPARE              a=1 b=2 c=3 imm=2  ; line 67
2706 JUMP_IF_FALSE        R3 -> 2710  ; line 67
2707 LOAD_CONST           R2 constant[614]  ; line 67
2708 MOVE                 R1 <- R2  ; line 67
2709 JUMP                 -> 2710  ; line 67
2710 LOAD_CONST           R2 constant[615]  ; line 68
2711 MOVE                 R3 <- R2  ; line 68
2712 LOAD_CONST           R4 constant[616]  ; line 69
2713 COMPARE              a=3 b=4 c=5 imm=2  ; line 69
2714 JUMP_IF_FALSE        R5 -> 2724  ; line 69
2715 LOAD_CONST           R4 constant[617]  ; line 70
2716 BINARY               a=0 b=1 c=5 imm=3  ; line 70
2717 BINARY               a=1 b=5 c=6 imm=0  ; line 70
2718 BINARY               a=4 b=6 c=7 imm=2  ; line 70
2719 MOVE                 R1 <- R7  ; line 70
2720 LOAD_CONST           R4 constant[618]  ; line 71
2721 BINARY               a=3 b=4 c=5 imm=0  ; line 71
2722 MOVE                 R3 <- R5  ; line 71
2723 JUMP                 -> 2712  ; line 71
2724 RETURN               R1  ; line 73
2725 LOAD_CONST           R4 constant[619]  ; line 73
2726 RETURN               R4  ; line 73
2727 MOVE                 R1 <- R0  ; line 77
2728 HOST_CALL            a=2 b=86 c=1 imm=1  ; line 77
2729 LOAD_CONST           R3 constant[620]  ; line 77
2730 COMPARE              a=2 b=3 c=4 imm=1  ; line 77
2731 JUMP_IF_FALSE        R4 -> 2735  ; line 77
2732 LOAD_CONST           R1 constant[621]  ; line 77
2733 RETURN               R1  ; line 77
2734 JUMP                 -> 2735  ; line 77
2735 MOVE                 R1 <- R0  ; line 78
2736 HOST_CALL            a=2 b=61 c=1 imm=1  ; line 78
2737 MOVE                 R3 <- R2  ; line 78
2738 MOVE                 R4 <- R3  ; line 79
2739 HOST_CALL            a=5 b=26 c=4 imm=1  ; line 79
2740 LOAD_CONST           R6 constant[622]  ; line 79
2741 COMPARE              a=5 b=6 c=7 imm=1  ; line 79
2742 JUMP_IF_FALSE        R7 -> 2746  ; line 79
2743 LOAD_CONST           R4 constant[623]  ; line 79
2744 RETURN               R4  ; line 79
2745 JUMP                 -> 2746  ; line 79
2746 RETURN               R3  ; line 80
2747 LOAD_CONST           R4 constant[624]  ; line 80
2748 RETURN               R4  ; line 80
2749 MOVE                 R1 <- R0  ; line 84
2750 HOST_CALL            a=2 b=86 c=1 imm=1  ; line 84
2751 LOAD_CONST           R3 constant[625]  ; line 84
2752 COMPARE              a=2 b=3 c=4 imm=1  ; line 84
2753 JUMP_IF_FALSE        R4 -> 2758  ; line 84
2754 LOAD_CONST           R1 constant[626]  ; line 84
2755 UNARY                a=1 b=2 c=4294967295 imm=0  ; line 84
2756 RETURN               R2  ; line 84
2757 JUMP                 -> 2758  ; line 84
2758 MOVE                 R1 <- R0  ; line 85
2759 HOST_CALL            a=2 b=61 c=1 imm=1  ; line 85
2760 MOVE                 R3 <- R2  ; line 85
2761 MOVE                 R4 <- R3  ; line 86
2762 HOST_CALL            a=5 b=26 c=4 imm=1  ; line 86
2763 LOAD_CONST           R6 constant[627]  ; line 86
2764 COMPARE              a=5 b=6 c=7 imm=1  ; line 86
2765 JUMP_IF_FALSE        R7 -> 2770  ; line 86
2766 LOAD_CONST           R4 constant[628]  ; line 86
2767 UNARY                a=4 b=5 c=4294967295 imm=0  ; line 86
2768 RETURN               R5  ; line 86
2769 JUMP                 -> 2770  ; line 86
2770 LOAD_CONST           R4 constant[629]  ; line 87
2771 MOVE                 R5 <- R3  ; line 87
2772 MOVE                 R6 <- R4  ; line 87
2773 HOST_CALL            a=7 b=11 c=5 imm=2  ; line 87
2774 RETURN               R7  ; line 87
2775 LOAD_CONST           R8 constant[630]  ; line 87
2776 RETURN               R8  ; line 87
2777 LOAD_CONST           R1 constant[631]  ; line 91
2778 MOVE                 R2 <- R1  ; line 91
2779 HOST_CALL            a=3 b=22 c=2 imm=1  ; line 91
2780 MOVE                 R4 <- R3  ; line 91
2781 LOAD_CONST           R5 constant[632]  ; line 92
2782 MOVE                 R6 <- R5  ; line 92
2783 COMPARE              a=6 b=0 c=7 imm=2  ; line 93
2784 JUMP_IF_FALSE        R7 -> 2793  ; line 93
2785 LOAD_CONST           R7 constant[633]  ; line 94
2786 MOVE                 R8 <- R4  ; line 94
2787 MOVE                 R9 <- R7  ; line 94
2788 HOST_CALL            a=10 b=23 c=8 imm=2  ; line 94
2789 LOAD_CONST           R7 constant[634]  ; line 95
2790 BINARY               a=6 b=7 c=8 imm=0  ; line 95
2791 MOVE                 R6 <- R8  ; line 95
2792 JUMP                 -> 2783  ; line 95
2793 RETURN               R4  ; line 97
2794 LOAD_CONST           R7 constant[635]  ; line 97
2795 RETURN               R7  ; line 97
2796 MOVE                 R1 <- R0  ; line 101
2797 HOST_CALL            a=2 b=86 c=1 imm=1  ; line 101
2798 LOAD_CONST           R3 constant[636]  ; line 101
2799 COMPARE              a=2 b=3 c=4 imm=1  ; line 101
2800 JUMP_IF_FALSE        R4 -> 2804  ; line 101
2801 LOAD_CONST           R1 constant[637]  ; line 101
2802 RETURN               R1  ; line 101
2803 JUMP                 -> 2804  ; line 101
2804 LOAD_CONST           R1 constant[638]  ; line 102
2805 MOVE                 R2 <- R0  ; line 102
2806 MOVE                 R3 <- R1  ; line 102
2807 HOST_CALL            a=4 b=7 c=2 imm=2  ; line 102
2808 UNARY                a=4 b=5 c=4294967295 imm=1  ; line 102
2809 JUMP_IF_FALSE        R5 -> 2813  ; line 102
2810 LOAD_CONST           R1 constant[639]  ; line 102
2811 RETURN               R1  ; line 102
2812 JUMP                 -> 2813  ; line 102
2813 LOAD_CONST           R1 constant[640]  ; line 103
2814 MOVE                 R2 <- R0  ; line 103
2815 MOVE                 R3 <- R1  ; line 103
2816 HOST_CALL            a=4 b=7 c=2 imm=2  ; line 103
2817 UNARY                a=4 b=5 c=4294967295 imm=1  ; line 103
2818 JUMP_IF_FALSE        R5 -> 2822  ; line 103
2819 LOAD_CONST           R1 constant[641]  ; line 103
2820 RETURN               R1  ; line 103
2821 JUMP                 -> 2822  ; line 103
2822 LOAD_CONST           R1 constant[642]  ; line 104
2823 MOVE                 R2 <- R0  ; line 104
2824 MOVE                 R3 <- R1  ; line 104
2825 HOST_CALL            a=4 b=11 c=2 imm=2  ; line 104
2826 MOVE                 R5 <- R4  ; line 104
2827 CALL                 a=6 b=94 c=5 imm=1  ; line 104
2828 MOVE                 R7 <- R6  ; line 104
2829 LOAD_CONST           R8 constant[643]  ; line 105
2830 COMPARE              a=7 b=8 c=9 imm=0  ; line 105
2831 JUMP_IF_FALSE        R9 -> 2835  ; line 105
2832 LOAD_CONST           R8 constant[644]  ; line 105
2833 RETURN               R8  ; line 105
2834 JUMP                 -> 2835  ; line 105
2835 LOAD_CONST           R8 constant[645]  ; line 106
2836 MOVE                 R9 <- R0  ; line 106
2837 MOVE                 R10 <- R8  ; line 106
2838 HOST_CALL            a=11 b=11 c=9 imm=2  ; line 106
2839 MOVE                 R12 <- R11  ; line 106
2840 CALL                 a=13 b=95 c=12 imm=1  ; line 106
2841 MOVE                 R14 <- R13  ; line 106
2842 LOAD_CONST           R15 constant[646]  ; line 107
2843 COMPARE              a=14 b=15 c=16 imm=2  ; line 107
2844 JUMP_IF_FALSE        R16 -> 2848  ; line 107
2845 LOAD_CONST           R15 constant[647]  ; line 107
2846 RETURN               R15  ; line 107
2847 JUMP                 -> 2848  ; line 107
2848 LOAD_CONST           R15 constant[648]  ; line 108
2849 MOVE                 R16 <- R7  ; line 108
2850 MOVE                 R17 <- R15  ; line 108
2851 HOST_CALL            a=18 b=11 c=16 imm=2  ; line 108
2852 COMPARE              a=18 b=14 c=19 imm=1  ; line 108
2853 JUMP_IF_FALSE        R19 -> 2857  ; line 108
2854 LOAD_CONST           R15 constant[649]  ; line 108
2855 RETURN               R15  ; line 108
2856 JUMP                 -> 2857  ; line 108
2857 LOAD_CONST           R15 constant[650]  ; line 109
2858 COMPARE              a=14 b=15 c=16 imm=0  ; line 109
2859 JUMP_IF_FALSE        R16 -> 2863  ; line 109
2860 LOAD_CONST           R15 constant[651]  ; line 109
2861 RETURN               R15  ; line 109
2862 JUMP                 -> 2863  ; line 109
2863 LOAD_CONST           R15 constant[652]  ; line 110
2864 MOVE                 R16 <- R7  ; line 110
2865 MOVE                 R17 <- R15  ; line 110
2866 HOST_CALL            a=18 b=11 c=16 imm=2  ; line 110
2867 LOAD_CONST           R19 constant[653]  ; line 110
2868 COMPARE              a=18 b=19 c=20 imm=0  ; line 110
2869 JUMP_IF_FALSE        R20 -> 2873  ; line 110
2870 LOAD_CONST           R15 constant[654]  ; line 110
2871 RETURN               R15  ; line 110
2872 JUMP                 -> 2873  ; line 110
2873 LOAD_CONST           R15 constant[655]  ; line 111
2874 RETURN               R15  ; line 111
2875 LOAD_CONST           R16 constant[656]  ; line 111
2876 RETURN               R16  ; line 111
2877 MOVE                 R3 <- R0  ; line 115
2878 HOST_CALL            a=4 b=61 c=3 imm=1  ; line 115
2879 MOVE                 R5 <- R4  ; line 115
2880 LOAD_CONST           R6 constant[657]  ; line 116
2881 MOVE                 R7 <- R6  ; line 116
2882 HOST_CALL            a=8 b=22 c=7 imm=1  ; line 116
2883 MOVE                 R9 <- R8  ; line 116
2884 LOAD_CONST           R10 constant[658]  ; line 117
2885 MOVE                 R11 <- R10  ; line 117
2886 LOAD_CONST           R12 constant[659]  ; line 118
2887 MOVE                 R13 <- R5  ; line 118
2888 MOVE                 R14 <- R12  ; line 118
2889 HOST_CALL            a=15 b=11 c=13 imm=2  ; line 118
2890 COMPARE              a=11 b=15 c=16 imm=2  ; line 118
2891 JUMP_IF_FALSE        R16 -> 2924  ; line 118
2892 MOVE                 R12 <- R2  ; line 119
2893 LOAD_CONST           R13 constant[660]  ; line 120
2894 MOVE                 R14 <- R13  ; line 120
2895 LOAD_CONST           R15 constant[661]  ; line 121
2896 MOVE                 R16 <- R5  ; line 121
2897 MOVE                 R17 <- R15  ; line 121
2898 HOST_CALL            a=18 b=11 c=16 imm=2  ; line 121
2899 COMPARE              a=14 b=18 c=19 imm=2  ; line 121
2900 JUMP_IF_FALSE        R19 -> 2917  ; line 121
2901 MOVE                 R15 <- R1  ; line 122
2902 MOVE                 R16 <- R14  ; line 122
2903 HOST_CALL            a=17 b=11 c=15 imm=2  ; line 122
2904 MOVE                 R18 <- R11  ; line 122
2905 MOVE                 R19 <- R14  ; line 122
2906 ARRAY_NEW            a=20 b=18 c=2 imm=4294967295  ; line 122
2907 MOVE                 R21 <- R0  ; line 122
2908 MOVE                 R22 <- R20  ; line 122
2909 HOST_CALL            a=23 b=11 c=21 imm=2  ; line 122
2910 BINARY               a=17 b=23 c=24 imm=2  ; line 122
2911 BINARY               a=12 b=24 c=25 imm=0  ; line 122
2912 MOVE                 R12 <- R25  ; line 122
2913 LOAD_CONST           R15 constant[662]  ; line 123
2914 BINARY               a=14 b=15 c=16 imm=0  ; line 123
2915 MOVE                 R14 <- R16  ; line 123
2916 JUMP                 -> 2895  ; line 123
2917 MOVE                 R15 <- R9  ; line 125
2918 MOVE                 R16 <- R12  ; line 125
2919 HOST_CALL            a=17 b=23 c=15 imm=2  ; line 125
2920 LOAD_CONST           R15 constant[663]  ; line 126
2921 BINARY               a=11 b=15 c=16 imm=0  ; line 126
2922 MOVE                 R11 <- R16  ; line 126
2923 JUMP                 -> 2886  ; line 126
2924 RETURN               R9  ; line 128
2925 LOAD_CONST           R15 constant[664]  ; line 128
2926 RETURN               R15  ; line 128
2927 LOAD_CONST           R2 constant[665]  ; line 132
2928 MOVE                 R3 <- R2  ; line 132
2929 HOST_CALL            a=4 b=22 c=3 imm=1  ; line 132
2930 MOVE                 R5 <- R4  ; line 132
2931 LOAD_CONST           R6 constant[666]  ; line 133
2932 MOVE                 R7 <- R6  ; line 133
2933 COMPARE              a=7 b=0 c=8 imm=2  ; line 134
2934 JUMP_IF_FALSE        R8 -> 2942  ; line 134
2935 MOVE                 R8 <- R5  ; line 135
2936 MOVE                 R9 <- R1  ; line 135
2937 HOST_CALL            a=10 b=23 c=8 imm=2  ; line 135
2938 LOAD_CONST           R8 constant[667]  ; line 136
2939 BINARY               a=7 b=8 c=9 imm=0  ; line 136
2940 MOVE                 R7 <- R9  ; line 136
2941 JUMP                 -> 2933  ; line 136
2942 MOVE                 R8 <- R5  ; line 138
2943 HOST_CALL            a=9 b=72 c=8 imm=1  ; line 138
2944 RETURN               R9  ; line 138
2945 LOAD_CONST           R10 constant[668]  ; line 138
2946 RETURN               R10  ; line 138
2947 LOAD_CONST           R5 constant[669]  ; line 142
2948 LOAD_CONST           R6 constant[670]  ; line 142
2949 LOAD_CONST           R7 constant[671]  ; line 142
2950 LOAD_CONST           R8 constant[672]  ; line 142
2951 LOAD_CONST           R9 constant[673]  ; line 142
2952 LOAD_CONST           R10 constant[674]  ; line 142
2953 LOAD_CONST           R11 constant[675]  ; line 142
2954 LOAD_CONST           R12 constant[676]  ; line 142
2955 MOVE                 R13 <- R0  ; line 142
2956 MOVE                 R14 <- R12  ; line 142
2957 HOST_CALL            a=15 b=11 c=13 imm=2  ; line 142
2958 LOAD_CONST           R16 constant[677]  ; line 142
2959 LOAD_CONST           R17 constant[678]  ; line 142
2960 MOVE                 R18 <- R0  ; line 142
2961 MOVE                 R19 <- R17  ; line 142
2962 HOST_CALL            a=20 b=11 c=18 imm=2  ; line 142
2963 LOAD_CONST           R21 constant[679]  ; line 142
2964 LOAD_CONST           R22 constant[680]  ; line 142
2965 MOVE                 R23 <- R0  ; line 142
2966 MOVE                 R24 <- R22  ; line 142
2967 HOST_CALL            a=25 b=11 c=23 imm=2  ; line 142
2968 LOAD_CONST           R26 constant[681]  ; line 142
2969 LOAD_CONST           R27 constant[682]  ; line 142
2970 MOVE                 R28 <- R0  ; line 142
2971 MOVE                 R29 <- R27  ; line 142
2972 HOST_CALL            a=30 b=11 c=28 imm=2  ; line 142
2973 MOVE                 R31 <- R5  ; line 142
2974 MOVE                 R32 <- R6  ; line 142
2975 MOVE                 R33 <- R7  ; line 142
2976 MOVE                 R34 <- R1  ; line 142
2977 MOVE                 R35 <- R8  ; line 142
2978 MOVE                 R36 <- R2  ; line 142
2979 MOVE                 R37 <- R9  ; line 142
2980 MOVE                 R38 <- R3  ; line 142
2981 MOVE                 R39 <- R10  ; line 142
2982 MOVE                 R40 <- R4  ; line 142
2983 MOVE                 R41 <- R11  ; line 142
2984 MOVE                 R42 <- R15  ; line 142
2985 MOVE                 R43 <- R16  ; line 142
2986 MOVE                 R44 <- R20  ; line 142
2987 MOVE                 R45 <- R21  ; line 142
2988 MOVE                 R46 <- R25  ; line 142
2989 MOVE                 R47 <- R26  ; line 142
2990 MOVE                 R48 <- R30  ; line 142
2991 HOST_CALL            a=49 b=6 c=31 imm=18  ; line 142
2992 RETURN               R49  ; line 142
2993 LOAD_CONST           R50 constant[683]  ; line 142
2994 RETURN               R50  ; line 142
2995 LOAD_CONST           R6 constant[684]  ; line 156
2996 LOAD_CONST           R7 constant[685]  ; line 156
2997 LOAD_CONST           R8 constant[686]  ; line 156
2998 LOAD_CONST           R9 constant[687]  ; line 156
2999 LOAD_CONST           R10 constant[688]  ; line 156
3000 LOAD_CONST           R11 constant[689]  ; line 156
3001 LOAD_CONST           R12 constant[690]  ; line 156
3002 LOAD_CONST           R13 constant[691]  ; line 156
3003 LOAD_CONST           R14 constant[692]  ; line 156
3004 MOVE                 R15 <- R7  ; line 156
3005 MOVE                 R16 <- R8  ; line 156
3006 MOVE                 R17 <- R9  ; line 156
3007 MOVE                 R18 <- R0  ; line 156
3008 MOVE                 R19 <- R10  ; line 156
3009 MOVE                 R20 <- R1  ; line 156
3010 MOVE                 R21 <- R11  ; line 156
3011 MOVE                 R22 <- R2  ; line 156
3012 MOVE                 R23 <- R12  ; line 156
3013 MOVE                 R24 <- R3  ; line 156
3014 MOVE                 R25 <- R13  ; line 156
3015 MOVE                 R26 <- R4  ; line 156
3016 MOVE                 R27 <- R14  ; line 156
3017 MOVE                 R28 <- R5  ; line 156
3018 HOST_CALL            a=29 b=6 c=15 imm=14  ; line 156
3019 MOVE                 R30 <- R6  ; line 156
3020 MOVE                 R31 <- R29  ; line 156
3021 ARRAY_NEW            a=32 b=30 c=2 imm=4294967295  ; line 156
3022 RETURN               R32  ; line 156
3023 LOAD_CONST           R33 constant[693]  ; line 156
3024 RETURN               R33  ; line 156
3025 MOVE                 R3 <- R1  ; line 168
3026 CALL                 a=4 b=97 c=3 imm=1  ; line 168
3027 MOVE                 R5 <- R4  ; line 168
3028 LOAD_CONST           R6 constant[694]  ; line 169
3029 COMPARE              a=5 b=6 c=7 imm=1  ; line 169
3030 JUMP_IF_FALSE        R7 -> 3039  ; line 169
3031 LOAD_CONST           R6 constant[695]  ; line 169
3032 LOAD_CONST           R7 constant[696]  ; line 169
3033 MOVE                 R8 <- R6  ; line 169
3034 MOVE                 R9 <- R5  ; line 169
3035 MOVE                 R10 <- R7  ; line 169
3036 CALL                 a=11 b=86 c=8 imm=3  ; line 169
3037 RETURN               R11  ; line 169
3038 JUMP                 -> 3039  ; line 169
3039 LOAD_CONST           R6 constant[697]  ; line 170
3040 MOVE                 R7 <- R1  ; line 170
3041 MOVE                 R8 <- R6  ; line 170
3042 HOST_CALL            a=9 b=11 c=7 imm=2  ; line 170
3043 MOVE                 R10 <- R9  ; line 170
3044 LOAD_CONST           R11 constant[698]  ; line 171
3045 MOVE                 R12 <- R1  ; line 171
3046 MOVE                 R13 <- R11  ; line 171
3047 HOST_CALL            a=14 b=11 c=12 imm=2  ; line 171
3048 MOVE                 R15 <- R14  ; line 171
3049 MOVE                 R16 <- R10  ; line 172
3050 HOST_CALL            a=17 b=61 c=16 imm=1  ; line 172
3051 MOVE                 R18 <- R17  ; line 172
3052 LOAD_CONST           R19 constant[699]  ; line 173
3053 MOVE                 R20 <- R18  ; line 173
3054 MOVE                 R21 <- R19  ; line 173
3055 HOST_CALL            a=22 b=11 c=20 imm=2  ; line 173
3056 MOVE                 R23 <- R22  ; line 173
3057 LOAD_CONST           R24 constant[700]  ; line 174
3058 MOVE                 R25 <- R18  ; line 174
3059 MOVE                 R26 <- R24  ; line 174
3060 HOST_CALL            a=27 b=11 c=25 imm=2  ; line 174
3061 MOVE                 R28 <- R27  ; line 174
3062 LOAD_CONST           R29 constant[701]  ; line 175
3063 LOAD_CONST           R30 constant[702]  ; line 175
3064 MOVE                 R31 <- R2  ; line 175
3065 MOVE                 R32 <- R29  ; line 175
3066 MOVE                 R33 <- R30  ; line 175
3067 CALL                 a=34 b=87 c=31 imm=3  ; line 175
3068 MOVE                 R35 <- R34  ; line 175
3069 LOAD_CONST           R36 constant[703]  ; line 176
3070 LOAD_CONST           R37 constant[704]  ; line 176
3071 MOVE                 R38 <- R2  ; line 176
3072 MOVE                 R39 <- R36  ; line 176
3073 MOVE                 R40 <- R37  ; line 176
3074 CALL                 a=41 b=87 c=38 imm=3  ; line 176
3075 MOVE                 R42 <- R41  ; line 176
3076 LOAD_CONST           R43 constant[705]  ; line 177
3077 LOAD_CONST           R44 constant[706]  ; line 177
3078 MOVE                 R45 <- R2  ; line 177
3079 MOVE                 R46 <- R43  ; line 177
3080 MOVE                 R47 <- R44  ; line 177
3081 CALL                 a=48 b=87 c=45 imm=3  ; line 177
3082 MOVE                 R49 <- R48  ; line 177
3083 LOAD_CONST           R50 constant[707]  ; line 178
3084 LOAD_CONST           R51 constant[708]  ; line 178
3085 MOVE                 R52 <- R2  ; line 178
3086 MOVE                 R53 <- R50  ; line 178
3087 MOVE                 R54 <- R51  ; line 178
3088 CALL                 a=55 b=87 c=52 imm=3  ; line 178
3089 MOVE                 R56 <- R55  ; line 178
3090 LOAD_CONST           R57 constant[709]  ; line 179
3091 COMPARE              a=0 b=57 c=58 imm=0  ; line 179
3092 JUMP_IF_FALSE        R58 -> 3103  ; line 179
3093 LOAD_CONST           R57 constant[710]  ; line 180
3094 MOVE                 R58 <- R2  ; line 180
3095 MOVE                 R59 <- R57  ; line 180
3096 HOST_CALL            a=60 b=7 c=58 imm=2  ; line 180
3097 UNARY                a=60 b=61 c=4294967295 imm=1  ; line 180
3098 JUMP_IF_FALSE        R61 -> 3102  ; line 180
3099 LOAD_CONST           R57 constant[711]  ; line 180
3100 MOVE                 R49 <- R57  ; line 180
3101 JUMP                 -> 3102  ; line 180
3102 JUMP                 -> 3103  ; line 180
3103 MOVE                 R57 <- R35  ; line 182
3104 CALL                 a=58 b=88 c=57 imm=1  ; line 182
3105 UNARY                a=58 b=59 c=4294967295 imm=1  ; line 182
3106 JUMP_IF_FALSE        R59 -> 3116  ; line 182
3107 LOAD_CONST           R57 constant[712]  ; line 182
3108 LOAD_CONST           R58 constant[713]  ; line 182
3109 LOAD_CONST           R59 constant[714]  ; line 182
3110 MOVE                 R60 <- R57  ; line 182
3111 MOVE                 R61 <- R58  ; line 182
3112 MOVE                 R62 <- R59  ; line 182
3113 CALL                 a=63 b=86 c=60 imm=3  ; line 182
3114 RETURN               R63  ; line 182
3115 JUMP                 -> 3116  ; line 182
3116 LOAD_CONST           R57 constant[715]  ; line 183
3117 COMPARE              a=35 b=57 c=58 imm=3  ; line 183
3118 JUMP_IF_FALSE        R58 -> 3128  ; line 183
3119 LOAD_CONST           R57 constant[716]  ; line 183
3120 LOAD_CONST           R58 constant[717]  ; line 183
3121 LOAD_CONST           R59 constant[718]  ; line 183
3122 MOVE                 R60 <- R57  ; line 183
3123 MOVE                 R61 <- R58  ; line 183
3124 MOVE                 R62 <- R59  ; line 183
3125 CALL                 a=63 b=86 c=60 imm=3  ; line 183
3126 RETURN               R63  ; line 183
3127 JUMP                 -> 3128  ; line 183
3128 MOVE                 R57 <- R42  ; line 184
3129 CALL                 a=58 b=88 c=57 imm=1  ; line 184
3130 UNARY                a=58 b=59 c=4294967295 imm=1  ; line 184
3131 JUMP_IF_FALSE        R59 -> 3141  ; line 184
3132 LOAD_CONST           R57 constant[719]  ; line 184
3133 LOAD_CONST           R58 constant[720]  ; line 184
3134 LOAD_CONST           R59 constant[721]  ; line 184
3135 MOVE                 R60 <- R57  ; line 184
3136 MOVE                 R61 <- R58  ; line 184
3137 MOVE                 R62 <- R59  ; line 184
3138 CALL                 a=63 b=86 c=60 imm=3  ; line 184
3139 RETURN               R63  ; line 184
3140 JUMP                 -> 3141  ; line 184
3141 LOAD_CONST           R57 constant[722]  ; line 185
3142 COMPARE              a=42 b=57 c=58 imm=2  ; line 185
3143 JUMP_IF_FALSE        R58 -> 3153  ; line 185
3144 LOAD_CONST           R57 constant[723]  ; line 185
3145 LOAD_CONST           R58 constant[724]  ; line 185
3146 LOAD_CONST           R59 constant[725]  ; line 185
3147 MOVE                 R60 <- R57  ; line 185
3148 MOVE                 R61 <- R58  ; line 185
3149 MOVE                 R62 <- R59  ; line 185
3150 CALL                 a=63 b=86 c=60 imm=3  ; line 185
3151 RETURN               R63  ; line 185
3152 JUMP                 -> 3153  ; line 185
3153 LOAD_CONST           R57 constant[726]  ; line 186
3154 COMPARE              a=49 b=57 c=58 imm=2  ; line 186
3155 JUMP_IF_FALSE        R58 -> 3165  ; line 186
3156 LOAD_CONST           R57 constant[727]  ; line 186
3157 LOAD_CONST           R58 constant[728]  ; line 186
3158 LOAD_CONST           R59 constant[729]  ; line 186
3159 MOVE                 R60 <- R57  ; line 186
3160 MOVE                 R61 <- R58  ; line 186
3161 MOVE                 R62 <- R59  ; line 186
3162 CALL                 a=63 b=86 c=60 imm=3  ; line 186
3163 RETURN               R63  ; line 186
3164 JUMP                 -> 3165  ; line 186
3165 MOVE                 R57 <- R28  ; line 188
3166 CALL                 a=58 b=96 c=57 imm=1  ; line 188
3167 MOVE                 R59 <- R58  ; line 188
3168 LOAD_CONST           R60 constant[730]  ; line 189
3169 MOVE                 R61 <- R60  ; line 189
3170 LOAD_CONST           R62 constant[731]  ; line 190
3171 MOVE                 R63 <- R62  ; line 190
3172 COMPARE              a=63 b=42 c=64 imm=2  ; line 191
3173 JUMP_IF_FALSE        R64 -> 3275  ; line 191
3174 MOVE                 R64 <- R28  ; line 192
3175 CALL                 a=65 b=96 c=64 imm=1  ; line 192
3176 MOVE                 R66 <- R65  ; line 192
3177 LOAD_CONST           R67 constant[732]  ; line 193
3178 MOVE                 R68 <- R67  ; line 193
3179 LOAD_CONST           R69 constant[733]  ; line 194
3180 MOVE                 R70 <- R69  ; line 194
3181 COMPARE              a=70 b=23 c=71 imm=2  ; line 195
3182 JUMP_IF_FALSE        R71 -> 3238  ; line 195
3183 MOVE                 R71 <- R61  ; line 196
3184 LOAD_CONST           R72 constant[734]  ; line 197
3185 MOVE                 R73 <- R72  ; line 197
3186 COMPARE              a=73 b=28 c=74 imm=2  ; line 198
3187 JUMP_IF_FALSE        R74 -> 3204  ; line 198
3188 MOVE                 R74 <- R59  ; line 199
3189 MOVE                 R75 <- R73  ; line 199
3190 HOST_CALL            a=76 b=11 c=74 imm=2  ; line 199
3191 MOVE                 R77 <- R70  ; line 199
3192 MOVE                 R78 <- R73  ; line 199
3193 ARRAY_NEW            a=79 b=77 c=2 imm=4294967295  ; line 199
3194 MOVE                 R80 <- R10  ; line 199
3195 MOVE                 R81 <- R79  ; line 199
3196 HOST_CALL            a=82 b=11 c=80 imm=2  ; line 199
3197 BINARY               a=76 b=82 c=83 imm=2  ; line 199
3198 BINARY               a=71 b=83 c=84 imm=0  ; line 199
3199 MOVE                 R71 <- R84  ; line 199
3200 LOAD_CONST           R74 constant[735]  ; line 200
3201 BINARY               a=73 b=74 c=75 imm=0  ; line 200
3202 MOVE                 R73 <- R75  ; line 200
3203 JUMP                 -> 3186  ; line 200
3204 MOVE                 R74 <- R15  ; line 202
3205 MOVE                 R75 <- R70  ; line 202
3206 HOST_CALL            a=76 b=11 c=74 imm=2  ; line 202
3207 BINARY               a=71 b=76 c=77 imm=1  ; line 202
3208 MOVE                 R78 <- R77  ; line 202
3209 LOAD_CONST           R79 constant[736]  ; line 203
3210 MOVE                 R73 <- R79  ; line 203
3211 COMPARE              a=73 b=28 c=79 imm=2  ; line 204
3212 JUMP_IF_FALSE        R79 -> 3232  ; line 204
3213 MOVE                 R79 <- R66  ; line 205
3214 MOVE                 R80 <- R73  ; line 205
3215 HOST_CALL            a=81 b=11 c=79 imm=2  ; line 205
3216 MOVE                 R82 <- R70  ; line 205
3217 MOVE                 R83 <- R73  ; line 205
3218 ARRAY_NEW            a=84 b=82 c=2 imm=4294967295  ; line 205
3219 MOVE                 R85 <- R10  ; line 205
3220 MOVE                 R86 <- R84  ; line 205
3221 HOST_CALL            a=87 b=11 c=85 imm=2  ; line 205
3222 BINARY               a=78 b=87 c=88 imm=2  ; line 205
3223 BINARY               a=81 b=88 c=89 imm=0  ; line 205
3224 MOVE                 R90 <- R66  ; line 205
3225 MOVE                 R91 <- R73  ; line 205
3226 MOVE                 R92 <- R89  ; line 205
3227 HOST_CALL            a=93 b=12 c=90 imm=3  ; line 205
3228 LOAD_CONST           R79 constant[737]  ; line 206
3229 BINARY               a=73 b=79 c=80 imm=0  ; line 206
3230 MOVE                 R73 <- R80  ; line 206
3231 JUMP                 -> 3211  ; line 206
3232 BINARY               a=68 b=78 c=79 imm=0  ; line 208
3233 MOVE                 R68 <- R79  ; line 208
3234 LOAD_CONST           R79 constant[738]  ; line 209
3235 BINARY               a=70 b=79 c=80 imm=0  ; line 209
3236 MOVE                 R70 <- R80  ; line 209
3237 JUMP                 -> 3181  ; line 209
3238 LOAD_CONST           R79 constant[739]  ; line 211
3239 MOVE                 R80 <- R79  ; line 211
3240 COMPARE              a=80 b=28 c=81 imm=2  ; line 212
3241 JUMP_IF_FALSE        R81 -> 3265  ; line 212
3242 MOVE                 R81 <- R66  ; line 213
3243 MOVE                 R82 <- R80  ; line 213
3244 HOST_CALL            a=83 b=11 c=81 imm=2  ; line 213
3245 BINARY               a=83 b=23 c=84 imm=3  ; line 213
3246 MOVE                 R85 <- R59  ; line 213
3247 MOVE                 R86 <- R80  ; line 213
3248 HOST_CALL            a=87 b=11 c=85 imm=2  ; line 213
3249 BINARY               a=49 b=87 c=88 imm=2  ; line 213
3250 BINARY               a=84 b=88 c=89 imm=0  ; line 213
3251 MOVE                 R90 <- R89  ; line 213
3252 MOVE                 R91 <- R59  ; line 214
3253 MOVE                 R92 <- R80  ; line 214
3254 HOST_CALL            a=93 b=11 c=91 imm=2  ; line 214
3255 BINARY               a=35 b=90 c=94 imm=2  ; line 214
3256 BINARY               a=93 b=94 c=95 imm=1  ; line 214
3257 MOVE                 R96 <- R59  ; line 214
3258 MOVE                 R97 <- R80  ; line 214
3259 MOVE                 R98 <- R95  ; line 214
3260 HOST_CALL            a=99 b=12 c=96 imm=3  ; line 214
3261 LOAD_CONST           R91 constant[740]  ; line 215
3262 BINARY               a=80 b=91 c=92 imm=0  ; line 215
3263 MOVE                 R80 <- R92  ; line 215
3264 JUMP                 -> 3240  ; line 215
3265 JUMP_IF_FALSE        R56 -> 3271  ; line 217
3266 BINARY               a=35 b=68 c=91 imm=2  ; line 218
3267 BINARY               a=91 b=23 c=92 imm=3  ; line 218
3268 BINARY               a=61 b=92 c=93 imm=1  ; line 218
3269 MOVE                 R61 <- R93  ; line 218
3270 JUMP                 -> 3271  ; line 218
3271 LOAD_CONST           R91 constant[741]  ; line 220
3272 BINARY               a=63 b=91 c=92 imm=0  ; line 220
3273 MOVE                 R63 <- R92  ; line 220
3274 JUMP                 -> 3172  ; line 220
3275 MOVE                 R91 <- R10  ; line 223
3276 MOVE                 R92 <- R59  ; line 223
3277 MOVE                 R93 <- R61  ; line 223
3278 CALL                 a=94 b=98 c=91 imm=3  ; line 223
3279 MOVE                 R95 <- R94  ; line 223
3280 LOAD_CONST           R96 constant[742]  ; line 224
3281 MOVE                 R97 <- R96  ; line 224
3282 LOAD_CONST           R98 constant[743]  ; line 225
3283 MOVE                 R99 <- R98  ; line 225
3284 COMPARE              a=99 b=23 c=100 imm=2  ; line 226
3285 JUMP_IF_FALSE        R100 -> 3301  ; line 226
3286 MOVE                 R100 <- R95  ; line 227
3287 MOVE                 R101 <- R99  ; line 227
3288 HOST_CALL            a=102 b=11 c=100 imm=2  ; line 227
3289 MOVE                 R103 <- R15  ; line 227
3290 MOVE                 R104 <- R99  ; line 227
3291 HOST_CALL            a=105 b=11 c=103 imm=2  ; line 227
3292 BINARY               a=102 b=105 c=106 imm=1  ; line 227
3293 MOVE                 R107 <- R106  ; line 227
3294 BINARY               a=107 b=107 c=108 imm=2  ; line 228
3295 BINARY               a=97 b=108 c=109 imm=0  ; line 228
3296 MOVE                 R97 <- R109  ; line 228
3297 LOAD_CONST           R108 constant[744]  ; line 229
3298 BINARY               a=99 b=108 c=109 imm=0  ; line 229
3299 MOVE                 R99 <- R109  ; line 229
3300 JUMP                 -> 3284  ; line 229
3301 BINARY               a=97 b=23 c=108 imm=3  ; line 231
3302 MOVE                 R109 <- R108  ; line 231
3303 MOVE                 R110 <- R95  ; line 232
3304 HOST_CALL            a=111 b=72 c=110 imm=1  ; line 232
3305 MOVE                 R112 <- R111  ; line 232
3306 MOVE                 R113 <- R23  ; line 233
3307 MOVE                 R114 <- R109  ; line 233
3308 CALL                 a=115 b=99 c=113 imm=2  ; line 233
3309 MOVE                 R116 <- R115  ; line 233
3310 LOAD_CONST           R117 constant[745]  ; line 234
3311 LOAD_CONST           R118 constant[746]  ; line 234
3312 LOAD_CONST           R119 constant[747]  ; line 234
3313 LOAD_CONST           R120 constant[748]  ; line 234
3314 LOAD_CONST           R121 constant[749]  ; line 234
3315 LOAD_CONST           R122 constant[750]  ; line 234
3316 LOAD_CONST           R123 constant[751]  ; line 234
3317 MOVE                 R124 <- R59  ; line 234
3318 HOST_CALL            a=125 b=72 c=124 imm=1  ; line 234
3319 LOAD_CONST           R126 constant[752]  ; line 234
3320 MOVE                 R127 <- R123  ; line 234
3321 MOVE                 R128 <- R125  ; line 234
3322 MOVE                 R129 <- R126  ; line 234
3323 MOVE                 R130 <- R61  ; line 234
3324 HOST_CALL            a=131 b=6 c=127 imm=4  ; line 234
3325 LOAD_CONST           R132 constant[753]  ; line 234
3326 LOAD_CONST           R133 constant[754]  ; line 234
3327 MOVE                 R134 <- R133  ; line 234
3328 MOVE                 R135 <- R109  ; line 234
3329 HOST_CALL            a=136 b=6 c=134 imm=2  ; line 234
3330 LOAD_CONST           R137 constant[755]  ; line 234
3331 ARRAY_NEW            a=138 b=138 c=0 imm=4294967295  ; line 234
3332 LOAD_CONST           R139 constant[756]  ; line 234
3333 LOAD_CONST           R140 constant[757]  ; line 234
3334 LOAD_CONST           R141 constant[758]  ; line 234
3335 LOAD_CONST           R142 constant[759]  ; line 234
3336 MOVE                 R143 <- R140  ; line 234
3337 MOVE                 R144 <- R42  ; line 234
3338 MOVE                 R145 <- R141  ; line 234
3339 MOVE                 R146 <- R35  ; line 234
3340 MOVE                 R147 <- R142  ; line 234
3341 MOVE                 R148 <- R49  ; line 234
3342 HOST_CALL            a=149 b=6 c=143 imm=6  ; line 234
3343 LOAD_CONST           R150 constant[760]  ; line 234
3344 LOAD_CONST           R151 constant[761]  ; line 234
3345 LOAD_CONST           R152 constant[762]  ; line 234
3346 MOVE                 R153 <- R10  ; line 234
3347 HOST_CALL            a=154 b=60 c=153 imm=1  ; line 234
3348 LOAD_CONST           R155 constant[763]  ; line 234
3349 LOAD_CONST           R156 constant[764]  ; line 234
3350 MOVE                 R157 <- R117  ; line 234
3351 MOVE                 R158 <- R118  ; line 234
3352 MOVE                 R159 <- R119  ; line 234
3353 MOVE                 R160 <- R0  ; line 234
3354 MOVE                 R161 <- R120  ; line 234
3355 MOVE                 R162 <- R121  ; line 234
3356 MOVE                 R163 <- R122  ; line 234
3357 MOVE                 R164 <- R131  ; line 234
3358 MOVE                 R165 <- R132  ; line 234
3359 MOVE                 R166 <- R136  ; line 234
3360 MOVE                 R167 <- R137  ; line 234
3361 MOVE                 R168 <- R138  ; line 234
3362 MOVE                 R169 <- R139  ; line 234
3363 MOVE                 R170 <- R149  ; line 234
3364 MOVE                 R171 <- R150  ; line 234
3365 MOVE                 R172 <- R151  ; line 234
3366 MOVE                 R173 <- R152  ; line 234
3367 MOVE                 R174 <- R154  ; line 234
3368 MOVE                 R175 <- R155  ; line 234
3369 MOVE                 R176 <- R156  ; line 234
3370 HOST_CALL            a=177 b=6 c=157 imm=20  ; line 234
3371 MOVE                 R178 <- R177  ; line 234
3372 LOAD_CONST           R179 constant[765]  ; line 246
3373 LOAD_CONST           R180 constant[766]  ; line 246
3374 MOVE                 R181 <- R179  ; line 246
3375 MOVE                 R182 <- R109  ; line 246
3376 MOVE                 R183 <- R180  ; line 246
3377 MOVE                 R184 <- R23  ; line 246
3378 HOST_CALL            a=185 b=6 c=181 imm=4  ; line 246
3379 LOAD_CONST           R186 constant[767]  ; line 246
3380 LOAD_CONST           R187 constant[768]  ; line 246
3381 LOAD_CONST           R188 constant[769]  ; line 246
3382 MOVE                 R189 <- R187  ; line 246
3383 MOVE                 R190 <- R188  ; line 246
3384 ARRAY_NEW            a=191 b=189 c=2 imm=4294967295  ; line 246
3385 MOVE                 R192 <- R178  ; line 246
3386 MOVE                 R193 <- R112  ; line 246
3387 MOVE                 R194 <- R116  ; line 246
3388 MOVE                 R195 <- R185  ; line 246
3389 MOVE                 R196 <- R186  ; line 246
3390 MOVE                 R197 <- R191  ; line 246
3391 CALL                 a=198 b=101 c=192 imm=6  ; line 246
3392 RETURN               R198  ; line 246
3393 LOAD_CONST           R199 constant[770]  ; line 246
3394 RETURN               R199  ; line 246
3395 MOVE                 R3 <- R1  ; line 252
3396 CALL                 a=4 b=97 c=3 imm=1  ; line 252
3397 MOVE                 R5 <- R4  ; line 252
3398 LOAD_CONST           R6 constant[771]  ; line 253
3399 COMPARE              a=5 b=6 c=7 imm=1  ; line 253
3400 JUMP_IF_FALSE        R7 -> 3409  ; line 253
3401 LOAD_CONST           R6 constant[772]  ; line 253
3402 LOAD_CONST           R7 constant[773]  ; line 253
3403 MOVE                 R8 <- R6  ; line 253
3404 MOVE                 R9 <- R5  ; line 253
3405 MOVE                 R10 <- R7  ; line 253
3406 CALL                 a=11 b=86 c=8 imm=3  ; line 253
3407 RETURN               R11  ; line 253
3408 JUMP                 -> 3409  ; line 253
3409 LOAD_CONST           R6 constant[774]  ; line 254
3410 MOVE                 R7 <- R1  ; line 254
3411 MOVE                 R8 <- R6  ; line 254
3412 HOST_CALL            a=9 b=11 c=7 imm=2  ; line 254
3413 MOVE                 R10 <- R9  ; line 254
3414 LOAD_CONST           R11 constant[775]  ; line 255
3415 MOVE                 R12 <- R1  ; line 255
3416 MOVE                 R13 <- R11  ; line 255
3417 HOST_CALL            a=14 b=11 c=12 imm=2  ; line 255
3418 MOVE                 R15 <- R14  ; line 255
3419 MOVE                 R16 <- R10  ; line 256
3420 HOST_CALL            a=17 b=61 c=16 imm=1  ; line 256
3421 LOAD_CONST           R18 constant[776]  ; line 256
3422 MOVE                 R19 <- R17  ; line 256
3423 MOVE                 R20 <- R18  ; line 256
3424 HOST_CALL            a=21 b=11 c=19 imm=2  ; line 256
3425 MOVE                 R22 <- R21  ; line 256
3426 MOVE                 R23 <- R10  ; line 257
3427 HOST_CALL            a=24 b=61 c=23 imm=1  ; line 257
3428 LOAD_CONST           R25 constant[777]  ; line 257
3429 MOVE                 R26 <- R24  ; line 257
3430 MOVE                 R27 <- R25  ; line 257
3431 HOST_CALL            a=28 b=11 c=26 imm=2  ; line 257
3432 MOVE                 R29 <- R28  ; line 257
3433 LOAD_CONST           R30 constant[778]  ; line 258
3434 LOAD_CONST           R31 constant[779]  ; line 258
3435 MOVE                 R32 <- R2  ; line 258
3436 MOVE                 R33 <- R30  ; line 258
3437 MOVE                 R34 <- R31  ; line 258
3438 CALL                 a=35 b=87 c=32 imm=3  ; line 258
3439 MOVE                 R36 <- R35  ; line 258
3440 LOAD_CONST           R37 constant[780]  ; line 259
3441 LOAD_CONST           R38 constant[781]  ; line 259
3442 MOVE                 R39 <- R2  ; line 259
3443 MOVE                 R40 <- R37  ; line 259
3444 MOVE                 R41 <- R38  ; line 259
3445 CALL                 a=42 b=87 c=39 imm=3  ; line 259
3446 MOVE                 R43 <- R42  ; line 259
3447 LOAD_CONST           R44 constant[782]  ; line 260
3448 LOAD_CONST           R45 constant[783]  ; line 260
3449 MOVE                 R46 <- R2  ; line 260
3450 MOVE                 R47 <- R44  ; line 260
3451 MOVE                 R48 <- R45  ; line 260
3452 CALL                 a=49 b=87 c=46 imm=3  ; line 260
3453 MOVE                 R50 <- R49  ; line 260
3454 LOAD_CONST           R51 constant[784]  ; line 261
3455 COMPARE              a=0 b=51 c=52 imm=0  ; line 261
3456 JUMP_IF_FALSE        R52 -> 3467  ; line 261
3457 LOAD_CONST           R51 constant[785]  ; line 262
3458 MOVE                 R52 <- R2  ; line 262
3459 MOVE                 R53 <- R51  ; line 262
3460 HOST_CALL            a=54 b=7 c=52 imm=2  ; line 262
3461 UNARY                a=54 b=55 c=4294967295 imm=1  ; line 262
3462 JUMP_IF_FALSE        R55 -> 3466  ; line 262
3463 LOAD_CONST           R51 constant[786]  ; line 262
3464 MOVE                 R50 <- R51  ; line 262
3465 JUMP                 -> 3466  ; line 262
3466 JUMP                 -> 3467  ; line 262
3467 LOAD_CONST           R51 constant[787]  ; line 264
3468 COMPARE              a=36 b=51 c=52 imm=3  ; line 264
3469 JUMP_IF_FALSE        R52 -> 3479  ; line 264
3470 LOAD_CONST           R51 constant[788]  ; line 264
3471 LOAD_CONST           R52 constant[789]  ; line 264
3472 LOAD_CONST           R53 constant[790]  ; line 264
3473 MOVE                 R54 <- R51  ; line 264
3474 MOVE                 R55 <- R52  ; line 264
3475 MOVE                 R56 <- R53  ; line 264
3476 CALL                 a=57 b=86 c=54 imm=3  ; line 264
3477 RETURN               R57  ; line 264
3478 JUMP                 -> 3479  ; line 264
3479 LOAD_CONST           R51 constant[791]  ; line 265
3480 COMPARE              a=43 b=51 c=52 imm=2  ; line 265
3481 JUMP_IF_FALSE        R52 -> 3491  ; line 265
3482 LOAD_CONST           R51 constant[792]  ; line 265
3483 LOAD_CONST           R52 constant[793]  ; line 265
3484 LOAD_CONST           R53 constant[794]  ; line 265
3485 MOVE                 R54 <- R51  ; line 265
3486 MOVE                 R55 <- R52  ; line 265
3487 MOVE                 R56 <- R53  ; line 265
3488 CALL                 a=57 b=86 c=54 imm=3  ; line 265
3489 RETURN               R57  ; line 265
3490 JUMP                 -> 3491  ; line 265
3491 LOAD_CONST           R51 constant[795]  ; line 266
3492 COMPARE              a=50 b=51 c=52 imm=2  ; line 266
3493 JUMP_IF_FALSE        R52 -> 3503  ; line 266
3494 LOAD_CONST           R51 constant[796]  ; line 266
3495 LOAD_CONST           R52 constant[797]  ; line 266
3496 LOAD_CONST           R53 constant[798]  ; line 266
3497 MOVE                 R54 <- R51  ; line 266
3498 MOVE                 R55 <- R52  ; line 266
3499 MOVE                 R56 <- R53  ; line 266
3500 CALL                 a=57 b=86 c=54 imm=3  ; line 266
3501 RETURN               R57  ; line 266
3502 JUMP                 -> 3503  ; line 266
3503 LOAD_CONST           R51 constant[799]  ; line 267
3504 MOVE                 R52 <- R2  ; line 267
3505 MOVE                 R53 <- R51  ; line 267
3506 HOST_CALL            a=54 b=11 c=52 imm=2  ; line 267
3507 MOVE                 R55 <- R54  ; line 267
3508 MOVE                 R56 <- R29  ; line 268
3509 CALL                 a=57 b=96 c=56 imm=1  ; line 268
3510 MOVE                 R58 <- R57  ; line 268
3511 HOST_CALL            a=59 b=72 c=58 imm=1  ; line 268
3512 MOVE                 R60 <- R10  ; line 268
3513 HOST_CALL            a=61 b=60 c=60 imm=1  ; line 268
3514 MOVE                 R62 <- R59  ; line 268
3515 MOVE                 R63 <- R61  ; line 268
3516 MOVE                 R64 <- R55  ; line 268
3517 CALL                 a=65 b=152 c=62 imm=3  ; line 268
3518 MOVE                 R66 <- R65  ; line 268
3519 MOVE                 R67 <- R10  ; line 269
3520 HOST_CALL            a=68 b=184 c=67 imm=1  ; line 269
3521 MOVE                 R69 <- R68  ; line 269
3522 HOST_CALL            a=70 b=168 c=69 imm=1  ; line 269
3523 MOVE                 R71 <- R10  ; line 269
3524 HOST_CALL            a=72 b=60 c=71 imm=1  ; line 269
3525 MOVE                 R73 <- R70  ; line 269
3526 MOVE                 R74 <- R72  ; line 269
3527 MOVE                 R75 <- R55  ; line 269
3528 CALL                 a=76 b=152 c=73 imm=3  ; line 269
3529 MOVE                 R77 <- R76  ; line 269
3530 LOAD_CONST           R78 constant[800]  ; line 270
3531 MOVE                 R79 <- R78  ; line 270
3532 LOAD_CONST           R80 constant[801]  ; line 271
3533 MOVE                 R81 <- R80  ; line 271
3534 COMPARE              a=81 b=43 c=82 imm=2  ; line 272
3535 JUMP_IF_FALSE        R82 -> 3561  ; line 272
3536 MOVE                 R82 <- R10  ; line 273
3537 MOVE                 R83 <- R66  ; line 273
3538 HOST_CALL            a=84 b=67 c=82 imm=2  ; line 273
3539 BINARY               a=84 b=79 c=85 imm=0  ; line 273
3540 BINARY               a=85 b=15 c=86 imm=1  ; line 273
3541 MOVE                 R87 <- R86  ; line 273
3542 MOVE                 R88 <- R77  ; line 274
3543 MOVE                 R89 <- R87  ; line 274
3544 HOST_CALL            a=90 b=67 c=88 imm=2  ; line 274
3545 BINARY               a=90 b=22 c=91 imm=3  ; line 274
3546 BINARY               a=66 b=50 c=92 imm=2  ; line 274
3547 BINARY               a=91 b=92 c=93 imm=0  ; line 274
3548 MOVE                 R94 <- R93  ; line 274
3549 BINARY               a=94 b=36 c=95 imm=2  ; line 275
3550 BINARY               a=66 b=95 c=96 imm=1  ; line 275
3551 MOVE                 R66 <- R96  ; line 275
3552 MOVE                 R95 <- R87  ; line 276
3553 HOST_CALL            a=96 b=69 c=95 imm=1  ; line 276
3554 BINARY               a=36 b=96 c=97 imm=2  ; line 276
3555 BINARY               a=79 b=97 c=98 imm=1  ; line 276
3556 MOVE                 R79 <- R98  ; line 276
3557 LOAD_CONST           R95 constant[802]  ; line 277
3558 BINARY               a=81 b=95 c=96 imm=0  ; line 277
3559 MOVE                 R81 <- R96  ; line 277
3560 JUMP                 -> 3534  ; line 277
3561 MOVE                 R95 <- R10  ; line 279
3562 MOVE                 R96 <- R66  ; line 279
3563 HOST_CALL            a=97 b=67 c=95 imm=2  ; line 279
3564 BINARY               a=97 b=79 c=98 imm=0  ; line 279
3565 MOVE                 R99 <- R98  ; line 279
3566 HOST_CALL            a=100 b=184 c=99 imm=1  ; line 279
3567 MOVE                 R101 <- R100  ; line 279
3568 MOVE                 R102 <- R15  ; line 280
3569 HOST_CALL            a=103 b=184 c=102 imm=1  ; line 280
3570 BINARY               a=101 b=103 c=104 imm=1  ; line 280
3571 MOVE                 R105 <- R15  ; line 280
3572 HOST_CALL            a=106 b=184 c=105 imm=1  ; line 280
3573 BINARY               a=101 b=106 c=107 imm=1  ; line 280
3574 BINARY               a=104 b=107 c=108 imm=2  ; line 280
3575 MOVE                 R109 <- R108  ; line 280
3576 HOST_CALL            a=110 b=69 c=109 imm=1  ; line 280
3577 MOVE                 R111 <- R110  ; line 280
3578 LOAD_CONST           R112 constant[803]  ; line 281
3579 LOAD_CONST           R113 constant[804]  ; line 281
3580 LOAD_CONST           R114 constant[805]  ; line 281
3581 LOAD_CONST           R115 constant[806]  ; line 281
3582 LOAD_CONST           R116 constant[807]  ; line 281
3583 LOAD_CONST           R117 constant[808]  ; line 281
3584 LOAD_CONST           R118 constant[809]  ; line 281
3585 LOAD_CONST           R119 constant[810]  ; line 281
3586 MOVE                 R120 <- R118  ; line 281
3587 MOVE                 R121 <- R66  ; line 281
3588 MOVE                 R122 <- R119  ; line 281
3589 MOVE                 R123 <- R79  ; line 281
3590 HOST_CALL            a=124 b=6 c=120 imm=4  ; line 281
3591 LOAD_CONST           R125 constant[811]  ; line 281
3592 LOAD_CONST           R126 constant[812]  ; line 281
3593 MOVE                 R127 <- R126  ; line 281
3594 MOVE                 R128 <- R111  ; line 281
3595 HOST_CALL            a=129 b=6 c=127 imm=2  ; line 281
3596 LOAD_CONST           R130 constant[813]  ; line 281
3597 ARRAY_NEW            a=131 b=131 c=0 imm=4294967295  ; line 281
3598 LOAD_CONST           R132 constant[814]  ; line 281
3599 LOAD_CONST           R133 constant[815]  ; line 281
3600 LOAD_CONST           R134 constant[816]  ; line 281
3601 LOAD_CONST           R135 constant[817]  ; line 281
3602 MOVE                 R136 <- R133  ; line 281
3603 MOVE                 R137 <- R43  ; line 281
3604 MOVE                 R138 <- R134  ; line 281
3605 MOVE                 R139 <- R36  ; line 281
3606 MOVE                 R140 <- R135  ; line 281
3607 MOVE                 R141 <- R50  ; line 281
3608 HOST_CALL            a=142 b=6 c=136 imm=6  ; line 281
3609 LOAD_CONST           R143 constant[818]  ; line 281
3610 LOAD_CONST           R144 constant[819]  ; line 281
3611 LOAD_CONST           R145 constant[820]  ; line 281
3612 MOVE                 R146 <- R10  ; line 281
3613 HOST_CALL            a=147 b=60 c=146 imm=1  ; line 281
3614 LOAD_CONST           R148 constant[821]  ; line 281
3615 LOAD_CONST           R149 constant[822]  ; line 281
3616 MOVE                 R150 <- R112  ; line 281
3617 MOVE                 R151 <- R113  ; line 281
3618 MOVE                 R152 <- R114  ; line 281
3619 MOVE                 R153 <- R0  ; line 281
3620 MOVE                 R154 <- R115  ; line 281
3621 MOVE                 R155 <- R116  ; line 281
3622 MOVE                 R156 <- R117  ; line 281
3623 MOVE                 R157 <- R124  ; line 281
3624 MOVE                 R158 <- R125  ; line 281
3625 MOVE                 R159 <- R129  ; line 281
3626 MOVE                 R160 <- R130  ; line 281
3627 MOVE                 R161 <- R131  ; line 281
3628 MOVE                 R162 <- R132  ; line 281
3629 MOVE                 R163 <- R142  ; line 281
3630 MOVE                 R164 <- R143  ; line 281
3631 MOVE                 R165 <- R144  ; line 281
3632 MOVE                 R166 <- R145  ; line 281
3633 MOVE                 R167 <- R147  ; line 281
3634 MOVE                 R168 <- R148  ; line 281
3635 MOVE                 R169 <- R149  ; line 281
3636 HOST_CALL            a=170 b=6 c=150 imm=20  ; line 281
3637 MOVE                 R171 <- R170  ; line 281
3638 MOVE                 R172 <- R22  ; line 288
3639 MOVE                 R173 <- R111  ; line 288
3640 CALL                 a=174 b=99 c=172 imm=2  ; line 288
3641 LOAD_CONST           R175 constant[823]  ; line 288
3642 LOAD_CONST           R176 constant[824]  ; line 288
3643 MOVE                 R177 <- R175  ; line 288
3644 MOVE                 R178 <- R111  ; line 288
3645 MOVE                 R179 <- R176  ; line 288
3646 MOVE                 R180 <- R22  ; line 288
3647 HOST_CALL            a=181 b=6 c=177 imm=4  ; line 288
3648 LOAD_CONST           R182 constant[825]  ; line 288
3649 LOAD_CONST           R183 constant[826]  ; line 288
3650 LOAD_CONST           R184 constant[827]  ; line 288
3651 MOVE                 R185 <- R183  ; line 288
3652 MOVE                 R186 <- R184  ; line 288
3653 ARRAY_NEW            a=187 b=185 c=2 imm=4294967295  ; line 288
3654 MOVE                 R188 <- R171  ; line 288
3655 MOVE                 R189 <- R101  ; line 288
3656 MOVE                 R190 <- R174  ; line 288
3657 MOVE                 R191 <- R181  ; line 288
3658 MOVE                 R192 <- R182  ; line 288
3659 MOVE                 R193 <- R187  ; line 288
3660 CALL                 a=194 b=101 c=188 imm=6  ; line 288
3661 RETURN               R194  ; line 288
3662 LOAD_CONST           R195 constant[828]  ; line 288
3663 RETURN               R195  ; line 288
3664 MOVE                 R2 <- R0  ; line 294
3665 CALL                 a=3 b=97 c=2 imm=1  ; line 294
3666 MOVE                 R4 <- R3  ; line 294
3667 LOAD_CONST           R5 constant[829]  ; line 295
3668 COMPARE              a=4 b=5 c=6 imm=1  ; line 295
3669 JUMP_IF_FALSE        R6 -> 3678  ; line 295
3670 LOAD_CONST           R5 constant[830]  ; line 295
3671 LOAD_CONST           R6 constant[831]  ; line 295
3672 MOVE                 R7 <- R5  ; line 295
3673 MOVE                 R8 <- R4  ; line 295
3674 MOVE                 R9 <- R6  ; line 295
3675 CALL                 a=10 b=86 c=7 imm=3  ; line 295
3676 RETURN               R10  ; line 295
3677 JUMP                 -> 3678  ; line 295
3678 LOAD_CONST           R5 constant[832]  ; line 296
3679 MOVE                 R6 <- R0  ; line 296
3680 MOVE                 R7 <- R5  ; line 296
3681 HOST_CALL            a=8 b=11 c=6 imm=2  ; line 296
3682 MOVE                 R9 <- R8  ; line 296
3683 LOAD_CONST           R10 constant[833]  ; line 297
3684 MOVE                 R11 <- R0  ; line 297
3685 MOVE                 R12 <- R10  ; line 297
3686 HOST_CALL            a=13 b=11 c=11 imm=2  ; line 297
3687 MOVE                 R14 <- R13  ; line 297
3688 MOVE                 R15 <- R9  ; line 298
3689 HOST_CALL            a=16 b=61 c=15 imm=1  ; line 298
3690 MOVE                 R17 <- R16  ; line 298
3691 LOAD_CONST           R18 constant[834]  ; line 299
3692 MOVE                 R19 <- R17  ; line 299
3693 MOVE                 R20 <- R18  ; line 299
3694 HOST_CALL            a=21 b=11 c=19 imm=2  ; line 299
3695 MOVE                 R22 <- R21  ; line 299
3696 LOAD_CONST           R23 constant[835]  ; line 300
3697 MOVE                 R24 <- R17  ; line 300
3698 MOVE                 R25 <- R23  ; line 300
3699 HOST_CALL            a=26 b=11 c=24 imm=2  ; line 300
3700 MOVE                 R27 <- R26  ; line 300
3701 LOAD_CONST           R28 constant[836]  ; line 301
3702 LOAD_CONST           R29 constant[837]  ; line 301
3703 MOVE                 R30 <- R1  ; line 301
3704 MOVE                 R31 <- R28  ; line 301
3705 MOVE                 R32 <- R29  ; line 301
3706 CALL                 a=33 b=87 c=30 imm=3  ; line 301
3707 MOVE                 R34 <- R33  ; line 301
3708 LOAD_CONST           R35 constant[838]  ; line 302
3709 LOAD_CONST           R36 constant[839]  ; line 302
3710 MOVE                 R37 <- R1  ; line 302
3711 MOVE                 R38 <- R35  ; line 302
3712 MOVE                 R39 <- R36  ; line 302
3713 CALL                 a=40 b=87 c=37 imm=3  ; line 302
3714 MOVE                 R41 <- R40  ; line 302
3715 LOAD_CONST           R42 constant[840]  ; line 303
3716 LOAD_CONST           R43 constant[841]  ; line 303
3717 MOVE                 R44 <- R1  ; line 303
3718 MOVE                 R45 <- R42  ; line 303
3719 MOVE                 R46 <- R43  ; line 303
3720 CALL                 a=47 b=87 c=44 imm=3  ; line 303
3721 MOVE                 R48 <- R47  ; line 303
3722 LOAD_CONST           R49 constant[842]  ; line 304
3723 COMPARE              a=34 b=49 c=50 imm=3  ; line 304
3724 JUMP_IF_FALSE        R50 -> 3734  ; line 304
3725 LOAD_CONST           R49 constant[843]  ; line 304
3726 LOAD_CONST           R50 constant[844]  ; line 304
3727 LOAD_CONST           R51 constant[845]  ; line 304
3728 MOVE                 R52 <- R49  ; line 304
3729 MOVE                 R53 <- R50  ; line 304
3730 MOVE                 R54 <- R51  ; line 304
3731 CALL                 a=55 b=86 c=52 imm=3  ; line 304
3732 RETURN               R55  ; line 304
3733 JUMP                 -> 3734  ; line 304
3734 LOAD_CONST           R49 constant[846]  ; line 305
3735 COMPARE              a=41 b=49 c=50 imm=2  ; line 305
3736 JUMP_IF_FALSE        R50 -> 3746  ; line 305
3737 LOAD_CONST           R49 constant[847]  ; line 305
3738 LOAD_CONST           R50 constant[848]  ; line 305
3739 LOAD_CONST           R51 constant[849]  ; line 305
3740 MOVE                 R52 <- R49  ; line 305
3741 MOVE                 R53 <- R50  ; line 305
3742 MOVE                 R54 <- R51  ; line 305
3743 CALL                 a=55 b=86 c=52 imm=3  ; line 305
3744 RETURN               R55  ; line 305
3745 JUMP                 -> 3746  ; line 305
3746 LOAD_CONST           R49 constant[850]  ; line 306
3747 COMPARE              a=48 b=49 c=50 imm=2  ; line 306
3748 JUMP_IF_FALSE        R50 -> 3758  ; line 306
3749 LOAD_CONST           R49 constant[851]  ; line 306
3750 LOAD_CONST           R50 constant[852]  ; line 306
3751 LOAD_CONST           R51 constant[853]  ; line 306
3752 MOVE                 R52 <- R49  ; line 306
3753 MOVE                 R53 <- R50  ; line 306
3754 MOVE                 R54 <- R51  ; line 306
3755 CALL                 a=55 b=86 c=52 imm=3  ; line 306
3756 RETURN               R55  ; line 306
3757 JUMP                 -> 3758  ; line 306
3758 LOAD_CONST           R49 constant[854]  ; line 307
3759 MOVE                 R50 <- R49  ; line 307
3760 COMPARE              a=50 b=22 c=51 imm=2  ; line 308
3761 JUMP_IF_FALSE        R51 -> 3788  ; line 308
3762 MOVE                 R51 <- R14  ; line 309
3763 MOVE                 R52 <- R50  ; line 309
3764 HOST_CALL            a=53 b=11 c=51 imm=2  ; line 309
3765 LOAD_CONST           R54 constant[855]  ; line 309
3766 COMPARE              a=53 b=54 c=55 imm=1  ; line 309
3767 JUMP_IF_FALSE        R55 -> 3784  ; line 309
3768 MOVE                 R51 <- R14  ; line 310
3769 MOVE                 R52 <- R50  ; line 310
3770 HOST_CALL            a=53 b=11 c=51 imm=2  ; line 310
3771 LOAD_CONST           R54 constant[856]  ; line 310
3772 COMPARE              a=53 b=54 c=55 imm=1  ; line 310
3773 JUMP_IF_FALSE        R55 -> 3783  ; line 310
3774 LOAD_CONST           R51 constant[857]  ; line 310
3775 LOAD_CONST           R52 constant[858]  ; line 310
3776 LOAD_CONST           R53 constant[859]  ; line 310
3777 MOVE                 R54 <- R51  ; line 310
3778 MOVE                 R55 <- R52  ; line 310
3779 MOVE                 R56 <- R53  ; line 310
3780 CALL                 a=57 b=86 c=54 imm=3  ; line 310
3781 RETURN               R57  ; line 310
3782 JUMP                 -> 3783  ; line 310
3783 JUMP                 -> 3784  ; line 310
3784 LOAD_CONST           R51 constant[860]  ; line 312
3785 BINARY               a=50 b=51 c=52 imm=0  ; line 312
3786 MOVE                 R50 <- R52  ; line 312
3787 JUMP                 -> 3760  ; line 312
3788 MOVE                 R51 <- R27  ; line 315
3789 CALL                 a=52 b=96 c=51 imm=1  ; line 315
3790 MOVE                 R53 <- R52  ; line 315
3791 LOAD_CONST           R54 constant[861]  ; line 316
3792 MOVE                 R55 <- R54  ; line 316
3793 LOAD_CONST           R56 constant[862]  ; line 317
3794 MOVE                 R57 <- R56  ; line 317
3795 COMPARE              a=57 b=41 c=58 imm=2  ; line 318
3796 JUMP_IF_FALSE        R58 -> 3897  ; line 318
3797 MOVE                 R58 <- R27  ; line 319
3798 CALL                 a=59 b=96 c=58 imm=1  ; line 319
3799 MOVE                 R60 <- R59  ; line 319
3800 LOAD_CONST           R61 constant[863]  ; line 320
3801 MOVE                 R62 <- R61  ; line 320
3802 LOAD_CONST           R63 constant[864]  ; line 321
3803 MOVE                 R50 <- R63  ; line 321
3804 COMPARE              a=50 b=22 c=63 imm=2  ; line 322
3805 JUMP_IF_FALSE        R63 -> 3863  ; line 322
3806 MOVE                 R63 <- R55  ; line 323
3807 LOAD_CONST           R64 constant[865]  ; line 324
3808 MOVE                 R65 <- R64  ; line 324
3809 COMPARE              a=65 b=27 c=66 imm=2  ; line 325
3810 JUMP_IF_FALSE        R66 -> 3827  ; line 325
3811 MOVE                 R66 <- R53  ; line 326
3812 MOVE                 R67 <- R65  ; line 326
3813 HOST_CALL            a=68 b=11 c=66 imm=2  ; line 326
3814 MOVE                 R69 <- R50  ; line 326
3815 MOVE                 R70 <- R65  ; line 326
3816 ARRAY_NEW            a=71 b=69 c=2 imm=4294967295  ; line 326
3817 MOVE                 R72 <- R9  ; line 326
3818 MOVE                 R73 <- R71  ; line 326
3819 HOST_CALL            a=74 b=11 c=72 imm=2  ; line 326
3820 BINARY               a=68 b=74 c=75 imm=2  ; line 326
3821 BINARY               a=63 b=75 c=76 imm=0  ; line 326
3822 MOVE                 R63 <- R76  ; line 326
3823 LOAD_CONST           R66 constant[866]  ; line 327
3824 BINARY               a=65 b=66 c=67 imm=0  ; line 327
3825 MOVE                 R65 <- R67  ; line 327
3826 JUMP                 -> 3809  ; line 327
3827 MOVE                 R66 <- R63  ; line 329
3828 CALL                 a=67 b=92 c=66 imm=1  ; line 329
3829 MOVE                 R68 <- R14  ; line 329
3830 MOVE                 R69 <- R50  ; line 329
3831 HOST_CALL            a=70 b=11 c=68 imm=2  ; line 329
3832 BINARY               a=67 b=70 c=71 imm=1  ; line 329
3833 MOVE                 R72 <- R71  ; line 329
3834 LOAD_CONST           R73 constant[867]  ; line 330
3835 MOVE                 R65 <- R73  ; line 330
3836 COMPARE              a=65 b=27 c=73 imm=2  ; line 331
3837 JUMP_IF_FALSE        R73 -> 3857  ; line 331
3838 MOVE                 R73 <- R60  ; line 332
3839 MOVE                 R74 <- R65  ; line 332
3840 HOST_CALL            a=75 b=11 c=73 imm=2  ; line 332
3841 MOVE                 R76 <- R50  ; line 332
3842 MOVE                 R77 <- R65  ; line 332
3843 ARRAY_NEW            a=78 b=76 c=2 imm=4294967295  ; line 332
3844 MOVE                 R79 <- R9  ; line 332
3845 MOVE                 R80 <- R78  ; line 332
3846 HOST_CALL            a=81 b=11 c=79 imm=2  ; line 332
3847 BINARY               a=72 b=81 c=82 imm=2  ; line 332
3848 BINARY               a=75 b=82 c=83 imm=0  ; line 332
3849 MOVE                 R84 <- R60  ; line 332
3850 MOVE                 R85 <- R65  ; line 332
3851 MOVE                 R86 <- R83  ; line 332
3852 HOST_CALL            a=87 b=12 c=84 imm=3  ; line 332
3853 LOAD_CONST           R73 constant[868]  ; line 333
3854 BINARY               a=65 b=73 c=74 imm=0  ; line 333
3855 MOVE                 R65 <- R74  ; line 333
3856 JUMP                 -> 3836  ; line 333
3857 BINARY               a=62 b=72 c=73 imm=0  ; line 335
3858 MOVE                 R62 <- R73  ; line 335
3859 LOAD_CONST           R73 constant[869]  ; line 336
3860 BINARY               a=50 b=73 c=74 imm=0  ; line 336
3861 MOVE                 R50 <- R74  ; line 336
3862 JUMP                 -> 3804  ; line 336
3863 LOAD_CONST           R73 constant[870]  ; line 338
3864 MOVE                 R74 <- R73  ; line 338
3865 COMPARE              a=74 b=27 c=75 imm=2  ; line 339
3866 JUMP_IF_FALSE        R75 -> 3889  ; line 339
3867 MOVE                 R75 <- R53  ; line 340
3868 MOVE                 R76 <- R74  ; line 340
3869 HOST_CALL            a=77 b=11 c=75 imm=2  ; line 340
3870 MOVE                 R78 <- R60  ; line 340
3871 MOVE                 R79 <- R74  ; line 340
3872 HOST_CALL            a=80 b=11 c=78 imm=2  ; line 340
3873 BINARY               a=80 b=22 c=81 imm=3  ; line 340
3874 MOVE                 R82 <- R53  ; line 340
3875 MOVE                 R83 <- R74  ; line 340
3876 HOST_CALL            a=84 b=11 c=82 imm=2  ; line 340
3877 BINARY               a=48 b=84 c=85 imm=2  ; line 340
3878 BINARY               a=81 b=85 c=86 imm=0  ; line 340
3879 BINARY               a=34 b=86 c=87 imm=2  ; line 340
3880 BINARY               a=77 b=87 c=88 imm=1  ; line 340
3881 MOVE                 R89 <- R53  ; line 340
3882 MOVE                 R90 <- R74  ; line 340
3883 MOVE                 R91 <- R88  ; line 340
3884 HOST_CALL            a=92 b=12 c=89 imm=3  ; line 340
3885 LOAD_CONST           R75 constant[871]  ; line 342
3886 BINARY               a=74 b=75 c=76 imm=0  ; line 342
3887 MOVE                 R74 <- R76  ; line 342
3888 JUMP                 -> 3865  ; line 342
3889 BINARY               a=34 b=62 c=75 imm=2  ; line 344
3890 BINARY               a=75 b=22 c=76 imm=3  ; line 344
3891 BINARY               a=55 b=76 c=77 imm=1  ; line 344
3892 MOVE                 R55 <- R77  ; line 344
3893 LOAD_CONST           R75 constant[872]  ; line 345
3894 BINARY               a=57 b=75 c=76 imm=0  ; line 345
3895 MOVE                 R57 <- R76  ; line 345
3896 JUMP                 -> 3795  ; line 345
3897 MOVE                 R75 <- R9  ; line 348
3898 MOVE                 R76 <- R53  ; line 348
3899 MOVE                 R77 <- R55  ; line 348
3900 CALL                 a=78 b=98 c=75 imm=3  ; line 348
3901 MOVE                 R79 <- R78  ; line 348
3902 LOAD_CONST           R80 constant[873]  ; line 349
3903 MOVE                 R81 <- R80  ; line 349
3904 HOST_CALL            a=82 b=22 c=81 imm=1  ; line 349
3905 MOVE                 R83 <- R82  ; line 349
3906 LOAD_CONST           R84 constant[874]  ; line 350
3907 MOVE                 R85 <- R84  ; line 350
3908 HOST_CALL            a=86 b=22 c=85 imm=1  ; line 350
3909 MOVE                 R87 <- R86  ; line 350
3910 LOAD_CONST           R88 constant[875]  ; line 351
3911 MOVE                 R89 <- R88  ; line 351
3912 LOAD_CONST           R90 constant[876]  ; line 352
3913 MOVE                 R50 <- R90  ; line 352
3914 COMPARE              a=50 b=22 c=90 imm=2  ; line 353
3915 JUMP_IF_FALSE        R90 -> 3952  ; line 353
3916 MOVE                 R90 <- R79  ; line 354
3917 MOVE                 R91 <- R50  ; line 354
3918 HOST_CALL            a=92 b=11 c=90 imm=2  ; line 354
3919 MOVE                 R93 <- R92  ; line 354
3920 CALL                 a=94 b=92 c=93 imm=1  ; line 354
3921 MOVE                 R95 <- R94  ; line 354
3922 MOVE                 R96 <- R83  ; line 355
3923 MOVE                 R97 <- R95  ; line 355
3924 HOST_CALL            a=98 b=23 c=96 imm=2  ; line 355
3925 LOAD_CONST           R96 constant[877]  ; line 356
3926 BINARY               a=96 b=95 c=97 imm=1  ; line 356
3927 BINARY               a=95 b=97 c=98 imm=2  ; line 356
3928 MOVE                 R99 <- R87  ; line 356
3929 MOVE                 R100 <- R98  ; line 356
3930 HOST_CALL            a=101 b=23 c=99 imm=2  ; line 356
3931 LOAD_CONST           R96 constant[878]  ; line 357
3932 MOVE                 R97 <- R96  ; line 357
3933 LOAD_CONST           R98 constant[879]  ; line 358
3934 COMPARE              a=95 b=98 c=99 imm=5  ; line 358
3935 JUMP_IF_FALSE        R99 -> 3939  ; line 358
3936 LOAD_CONST           R98 constant[880]  ; line 358
3937 MOVE                 R97 <- R98  ; line 358
3938 JUMP                 -> 3939  ; line 358
3939 MOVE                 R98 <- R14  ; line 359
3940 MOVE                 R99 <- R50  ; line 359
3941 HOST_CALL            a=100 b=11 c=98 imm=2  ; line 359
3942 COMPARE              a=97 b=100 c=101 imm=1  ; line 359
3943 JUMP_IF_FALSE        R101 -> 3948  ; line 359
3944 LOAD_CONST           R98 constant[881]  ; line 359
3945 BINARY               a=89 b=98 c=99 imm=0  ; line 359
3946 MOVE                 R89 <- R99  ; line 359
3947 JUMP                 -> 3948  ; line 359
3948 LOAD_CONST           R98 constant[882]  ; line 360
3949 BINARY               a=50 b=98 c=99 imm=0  ; line 360
3950 MOVE                 R50 <- R99  ; line 360
3951 JUMP                 -> 3914  ; line 360
3952 MOVE                 R98 <- R83  ; line 362
3953 HOST_CALL            a=99 b=72 c=98 imm=1  ; line 362
3954 MOVE                 R100 <- R99  ; line 362
3955 MOVE                 R101 <- R87  ; line 363
3956 HOST_CALL            a=102 b=72 c=101 imm=1  ; line 363
3957 MOVE                 R103 <- R102  ; line 363
3958 LOAD_CONST           R104 constant[883]  ; line 364
3959 LOAD_CONST           R105 constant[884]  ; line 364
3960 LOAD_CONST           R106 constant[885]  ; line 364
3961 LOAD_CONST           R107 constant[886]  ; line 364
3962 LOAD_CONST           R108 constant[887]  ; line 364
3963 LOAD_CONST           R109 constant[888]  ; line 364
3964 LOAD_CONST           R110 constant[889]  ; line 364
3965 LOAD_CONST           R111 constant[890]  ; line 364
3966 MOVE                 R112 <- R53  ; line 364
3967 HOST_CALL            a=113 b=72 c=112 imm=1  ; line 364
3968 LOAD_CONST           R114 constant[891]  ; line 364
3969 MOVE                 R115 <- R111  ; line 364
3970 MOVE                 R116 <- R113  ; line 364
3971 MOVE                 R117 <- R114  ; line 364
3972 MOVE                 R118 <- R55  ; line 364
3973 HOST_CALL            a=119 b=6 c=115 imm=4  ; line 364
3974 LOAD_CONST           R120 constant[892]  ; line 364
3975 LOAD_CONST           R121 constant[893]  ; line 364
3976 LOAD_CONST           R122 constant[894]  ; line 364
3977 MOVE                 R123 <- R121  ; line 364
3978 MOVE                 R124 <- R122  ; line 364
3979 HOST_CALL            a=125 b=6 c=123 imm=2  ; line 364
3980 LOAD_CONST           R126 constant[895]  ; line 364
3981 LOAD_CONST           R127 constant[896]  ; line 364
3982 LOAD_CONST           R128 constant[897]  ; line 364
3983 MOVE                 R129 <- R127  ; line 364
3984 MOVE                 R130 <- R128  ; line 364
3985 ARRAY_NEW            a=131 b=129 c=2 imm=4294967295  ; line 364
3986 LOAD_CONST           R132 constant[898]  ; line 364
3987 LOAD_CONST           R133 constant[899]  ; line 364
3988 LOAD_CONST           R134 constant[900]  ; line 364
3989 LOAD_CONST           R135 constant[901]  ; line 364
3990 MOVE                 R136 <- R133  ; line 364
3991 MOVE                 R137 <- R41  ; line 364
3992 MOVE                 R138 <- R134  ; line 364
3993 MOVE                 R139 <- R34  ; line 364
3994 MOVE                 R140 <- R135  ; line 364
3995 MOVE                 R141 <- R48  ; line 364
3996 HOST_CALL            a=142 b=6 c=136 imm=6  ; line 364
3997 LOAD_CONST           R143 constant[902]  ; line 364
3998 LOAD_CONST           R144 constant[903]  ; line 364
3999 LOAD_CONST           R145 constant[904]  ; line 364
4000 MOVE                 R146 <- R9  ; line 364
4001 HOST_CALL            a=147 b=60 c=146 imm=1  ; line 364
4002 LOAD_CONST           R148 constant[905]  ; line 364
4003 LOAD_CONST           R149 constant[906]  ; line 364
4004 MOVE                 R150 <- R104  ; line 364
4005 MOVE                 R151 <- R105  ; line 364
4006 MOVE                 R152 <- R106  ; line 364
4007 MOVE                 R153 <- R107  ; line 364
4008 MOVE                 R154 <- R108  ; line 364
4009 MOVE                 R155 <- R109  ; line 364
4010 MOVE                 R156 <- R110  ; line 364
4011 MOVE                 R157 <- R119  ; line 364
4012 MOVE                 R158 <- R120  ; line 364
4013 MOVE                 R159 <- R125  ; line 364
4014 MOVE                 R160 <- R126  ; line 364
4015 MOVE                 R161 <- R131  ; line 364
4016 MOVE                 R162 <- R132  ; line 364
4017 MOVE                 R163 <- R142  ; line 364
4018 MOVE                 R164 <- R143  ; line 364
4019 MOVE                 R165 <- R144  ; line 364
4020 MOVE                 R166 <- R145  ; line 364
4021 MOVE                 R167 <- R147  ; line 364
4022 MOVE                 R168 <- R148  ; line 364
4023 MOVE                 R169 <- R149  ; line 364
4024 HOST_CALL            a=170 b=6 c=150 imm=20  ; line 364
4025 MOVE                 R171 <- R170  ; line 364
4026 LOAD_CONST           R172 constant[907]  ; line 376
4027 BINARY               a=89 b=22 c=173 imm=3  ; line 376
4028 LOAD_CONST           R174 constant[908]  ; line 376
4029 MOVE                 R175 <- R172  ; line 376
4030 MOVE                 R176 <- R173  ; line 376
4031 MOVE                 R177 <- R174  ; line 376
4032 MOVE                 R178 <- R22  ; line 376
4033 HOST_CALL            a=179 b=6 c=175 imm=4  ; line 376
4034 LOAD_CONST           R180 constant[909]  ; line 376
4035 LOAD_CONST           R181 constant[910]  ; line 376
4036 LOAD_CONST           R182 constant[911]  ; line 376
4037 MOVE                 R183 <- R181  ; line 376
4038 MOVE                 R184 <- R182  ; line 376
4039 ARRAY_NEW            a=185 b=183 c=2 imm=4294967295  ; line 376
4040 MOVE                 R186 <- R171  ; line 376
4041 MOVE                 R187 <- R100  ; line 376
4042 MOVE                 R188 <- R103  ; line 376
4043 MOVE                 R189 <- R179  ; line 376
4044 MOVE                 R190 <- R180  ; line 376
4045 MOVE                 R191 <- R185  ; line 376
4046 CALL                 a=192 b=101 c=186 imm=6  ; line 376
4047 RETURN               R192  ; line 376
4048 LOAD_CONST           R193 constant[912]  ; line 376
4049 RETURN               R193  ; line 376
4050 MOVE                 R2 <- R0  ; line 382
4051 CALL                 a=3 b=97 c=2 imm=1  ; line 382
4052 MOVE                 R4 <- R3  ; line 382
4053 LOAD_CONST           R5 constant[913]  ; line 383
4054 COMPARE              a=4 b=5 c=6 imm=1  ; line 383
4055 JUMP_IF_FALSE        R6 -> 4064  ; line 383
4056 LOAD_CONST           R5 constant[914]  ; line 383
4057 LOAD_CONST           R6 constant[915]  ; line 383
4058 MOVE                 R7 <- R5  ; line 383
4059 MOVE                 R8 <- R4  ; line 383
4060 MOVE                 R9 <- R6  ; line 383
4061 CALL                 a=10 b=86 c=7 imm=3  ; line 383
4062 RETURN               R10  ; line 383
4063 JUMP                 -> 4064  ; line 383
4064 LOAD_CONST           R5 constant[916]  ; line 384
4065 MOVE                 R6 <- R0  ; line 384
4066 MOVE                 R7 <- R5  ; line 384
4067 HOST_CALL            a=8 b=11 c=6 imm=2  ; line 384
4068 MOVE                 R9 <- R8  ; line 384
4069 LOAD_CONST           R10 constant[917]  ; line 385
4070 MOVE                 R11 <- R0  ; line 385
4071 MOVE                 R12 <- R10  ; line 385
4072 HOST_CALL            a=13 b=11 c=11 imm=2  ; line 385
4073 MOVE                 R14 <- R13  ; line 385
4074 MOVE                 R15 <- R9  ; line 386
4075 HOST_CALL            a=16 b=61 c=15 imm=1  ; line 386
4076 LOAD_CONST           R17 constant[918]  ; line 386
4077 MOVE                 R18 <- R16  ; line 386
4078 MOVE                 R19 <- R17  ; line 386
4079 HOST_CALL            a=20 b=11 c=18 imm=2  ; line 386
4080 MOVE                 R21 <- R20  ; line 386
4081 MOVE                 R22 <- R9  ; line 387
4082 HOST_CALL            a=23 b=61 c=22 imm=1  ; line 387
4083 LOAD_CONST           R24 constant[919]  ; line 387
4084 MOVE                 R25 <- R23  ; line 387
4085 MOVE                 R26 <- R24  ; line 387
4086 HOST_CALL            a=27 b=11 c=25 imm=2  ; line 387
4087 MOVE                 R28 <- R27  ; line 387
4088 LOAD_CONST           R29 constant[920]  ; line 388
4089 LOAD_CONST           R30 constant[921]  ; line 388
4090 MOVE                 R31 <- R1  ; line 388
4091 MOVE                 R32 <- R29  ; line 388
4092 MOVE                 R33 <- R30  ; line 388
4093 CALL                 a=34 b=87 c=31 imm=3  ; line 388
4094 MOVE                 R35 <- R34  ; line 388
4095 LOAD_CONST           R36 constant[922]  ; line 389
4096 LOAD_CONST           R37 constant[923]  ; line 389
4097 MOVE                 R38 <- R1  ; line 389
4098 MOVE                 R39 <- R36  ; line 389
4099 MOVE                 R40 <- R37  ; line 389
4100 CALL                 a=41 b=87 c=38 imm=3  ; line 389
4101 MOVE                 R42 <- R41  ; line 389
4102 LOAD_CONST           R43 constant[924]  ; line 390
4103 LOAD_CONST           R44 constant[925]  ; line 390
4104 MOVE                 R45 <- R1  ; line 390
4105 MOVE                 R46 <- R43  ; line 390
4106 MOVE                 R47 <- R44  ; line 390
4107 CALL                 a=48 b=87 c=45 imm=3  ; line 390
4108 MOVE                 R49 <- R48  ; line 390
4109 LOAD_CONST           R50 constant[926]  ; line 391
4110 MOVE                 R51 <- R50  ; line 391
4111 COMPARE              a=51 b=21 c=52 imm=2  ; line 392
4112 JUMP_IF_FALSE        R52 -> 4139  ; line 392
4113 MOVE                 R52 <- R14  ; line 393
4114 MOVE                 R53 <- R51  ; line 393
4115 HOST_CALL            a=54 b=11 c=52 imm=2  ; line 393
4116 LOAD_CONST           R55 constant[927]  ; line 393
4117 COMPARE              a=54 b=55 c=56 imm=1  ; line 393
4118 JUMP_IF_FALSE        R56 -> 4135  ; line 393
4119 MOVE                 R52 <- R14  ; line 394
4120 MOVE                 R53 <- R51  ; line 394
4121 HOST_CALL            a=54 b=11 c=52 imm=2  ; line 394
4122 LOAD_CONST           R55 constant[928]  ; line 394
4123 COMPARE              a=54 b=55 c=56 imm=1  ; line 394
4124 JUMP_IF_FALSE        R56 -> 4134  ; line 394
4125 LOAD_CONST           R52 constant[929]  ; line 394
4126 LOAD_CONST           R53 constant[930]  ; line 394
4127 LOAD_CONST           R54 constant[931]  ; line 394
4128 MOVE                 R55 <- R52  ; line 394
4129 MOVE                 R56 <- R53  ; line 394
4130 MOVE                 R57 <- R54  ; line 394
4131 CALL                 a=58 b=86 c=55 imm=3  ; line 394
4132 RETURN               R58  ; line 394
4133 JUMP                 -> 4134  ; line 394
4134 JUMP                 -> 4135  ; line 394
4135 LOAD_CONST           R52 constant[932]  ; line 396
4136 BINARY               a=51 b=52 c=53 imm=0  ; line 396
4137 MOVE                 R51 <- R53  ; line 396
4138 JUMP                 -> 4111  ; line 396
4139 LOAD_CONST           R52 constant[933]  ; line 398
4140 MOVE                 R53 <- R1  ; line 398
4141 MOVE                 R54 <- R52  ; line 398
4142 HOST_CALL            a=55 b=11 c=53 imm=2  ; line 398
4143 MOVE                 R56 <- R55  ; line 398
4144 MOVE                 R57 <- R28  ; line 399
4145 CALL                 a=58 b=96 c=57 imm=1  ; line 399
4146 MOVE                 R59 <- R58  ; line 399
4147 HOST_CALL            a=60 b=72 c=59 imm=1  ; line 399
4148 MOVE                 R61 <- R9  ; line 399
4149 HOST_CALL            a=62 b=60 c=61 imm=1  ; line 399
4150 MOVE                 R63 <- R60  ; line 399
4151 MOVE                 R64 <- R62  ; line 399
4152 MOVE                 R65 <- R56  ; line 399
4153 CALL                 a=66 b=152 c=63 imm=3  ; line 399
4154 MOVE                 R67 <- R66  ; line 399
4155 MOVE                 R68 <- R9  ; line 400
4156 HOST_CALL            a=69 b=184 c=68 imm=1  ; line 400
4157 MOVE                 R70 <- R69  ; line 400
4158 HOST_CALL            a=71 b=168 c=70 imm=1  ; line 400
4159 MOVE                 R72 <- R9  ; line 400
4160 HOST_CALL            a=73 b=60 c=72 imm=1  ; line 400
4161 MOVE                 R74 <- R71  ; line 400
4162 MOVE                 R75 <- R73  ; line 400
4163 MOVE                 R76 <- R56  ; line 400
4164 CALL                 a=77 b=152 c=74 imm=3  ; line 400
4165 MOVE                 R78 <- R77  ; line 400
4166 LOAD_CONST           R79 constant[934]  ; line 401
4167 MOVE                 R80 <- R79  ; line 401
4168 LOAD_CONST           R81 constant[935]  ; line 402
4169 MOVE                 R82 <- R81  ; line 402
4170 COMPARE              a=82 b=42 c=83 imm=2  ; line 403
4171 JUMP_IF_FALSE        R83 -> 4205  ; line 403
4172 MOVE                 R83 <- R9  ; line 404
4173 MOVE                 R84 <- R67  ; line 404
4174 HOST_CALL            a=85 b=67 c=83 imm=2  ; line 404
4175 BINARY               a=85 b=80 c=86 imm=0  ; line 404
4176 MOVE                 R87 <- R86  ; line 404
4177 MOVE                 R88 <- R87  ; line 405
4178 HOST_CALL            a=89 b=169 c=88 imm=1  ; line 405
4179 MOVE                 R90 <- R89  ; line 405
4180 LOAD_CONST           R91 constant[936]  ; line 406
4181 BINARY               a=90 b=91 c=92 imm=0  ; line 406
4182 BINARY               a=90 b=92 c=93 imm=3  ; line 406
4183 MOVE                 R94 <- R93  ; line 406
4184 BINARY               a=94 b=14 c=95 imm=1  ; line 407
4185 MOVE                 R96 <- R95  ; line 407
4186 MOVE                 R97 <- R78  ; line 408
4187 MOVE                 R98 <- R96  ; line 408
4188 HOST_CALL            a=99 b=67 c=97 imm=2  ; line 408
4189 BINARY               a=99 b=21 c=100 imm=3  ; line 408
4190 BINARY               a=67 b=49 c=101 imm=2  ; line 408
4191 BINARY               a=100 b=101 c=102 imm=0  ; line 408
4192 MOVE                 R103 <- R102  ; line 408
4193 BINARY               a=103 b=35 c=104 imm=2  ; line 409
4194 BINARY               a=67 b=104 c=105 imm=1  ; line 409
4195 MOVE                 R67 <- R105  ; line 409
4196 MOVE                 R104 <- R96  ; line 410
4197 HOST_CALL            a=105 b=69 c=104 imm=1  ; line 410
4198 BINARY               a=35 b=105 c=106 imm=2  ; line 410
4199 BINARY               a=80 b=106 c=107 imm=1  ; line 410
4200 MOVE                 R80 <- R107  ; line 410
4201 LOAD_CONST           R104 constant[937]  ; line 411
4202 BINARY               a=82 b=104 c=105 imm=0  ; line 411
4203 MOVE                 R82 <- R105  ; line 411
4204 JUMP                 -> 4170  ; line 411
4205 MOVE                 R104 <- R9  ; line 413
4206 MOVE                 R105 <- R67  ; line 413
4207 HOST_CALL            a=106 b=67 c=104 imm=2  ; line 413
4208 BINARY               a=106 b=80 c=107 imm=0  ; line 413
4209 MOVE                 R108 <- R107  ; line 413
4210 MOVE                 R109 <- R108  ; line 414
4211 HOST_CALL            a=110 b=169 c=109 imm=1  ; line 414
4212 MOVE                 R111 <- R110  ; line 414
4213 LOAD_CONST           R112 constant[938]  ; line 415
4214 BINARY               a=111 b=112 c=113 imm=0  ; line 415
4215 BINARY               a=111 b=113 c=114 imm=3  ; line 415
4216 MOVE                 R115 <- R114  ; line 415
4217 LOAD_CONST           R116 constant[939]  ; line 416
4218 UNARY                a=116 b=117 c=4294967295 imm=0  ; line 416
4219 BINARY               a=115 b=117 c=118 imm=2  ; line 416
4220 LOAD_CONST           R119 constant[940]  ; line 416
4221 BINARY               a=118 b=119 c=120 imm=0  ; line 416
4222 BINARY               a=115 b=120 c=121 imm=2  ; line 416
4223 MOVE                 R122 <- R121  ; line 416
4224 MOVE                 R123 <- R115  ; line 417
4225 HOST_CALL            a=124 b=184 c=123 imm=1  ; line 417
4226 MOVE                 R125 <- R124  ; line 417
4227 MOVE                 R126 <- R122  ; line 418
4228 HOST_CALL            a=127 b=184 c=126 imm=1  ; line 418
4229 MOVE                 R128 <- R127  ; line 418
4230 LOAD_CONST           R129 constant[941]  ; line 419
4231 LOAD_CONST           R130 constant[942]  ; line 419
4232 LOAD_CONST           R131 constant[943]  ; line 419
4233 LOAD_CONST           R132 constant[944]  ; line 419
4234 LOAD_CONST           R133 constant[945]  ; line 419
4235 LOAD_CONST           R134 constant[946]  ; line 419
4236 LOAD_CONST           R135 constant[947]  ; line 419
4237 LOAD_CONST           R136 constant[948]  ; line 419
4238 LOAD_CONST           R137 constant[949]  ; line 419
4239 MOVE                 R138 <- R136  ; line 419
4240 MOVE                 R139 <- R67  ; line 419
4241 MOVE                 R140 <- R137  ; line 419
4242 MOVE                 R141 <- R80  ; line 419
4243 HOST_CALL            a=142 b=6 c=138 imm=4  ; line 419
4244 LOAD_CONST           R143 constant[950]  ; line 419
4245 LOAD_CONST           R144 constant[951]  ; line 419
4246 LOAD_CONST           R145 constant[952]  ; line 419
4247 MOVE                 R146 <- R144  ; line 419
4248 MOVE                 R147 <- R145  ; line 419
4249 HOST_CALL            a=148 b=6 c=146 imm=2  ; line 419
4250 LOAD_CONST           R149 constant[953]  ; line 419
4251 LOAD_CONST           R150 constant[954]  ; line 419
4252 LOAD_CONST           R151 constant[955]  ; line 419
4253 MOVE                 R152 <- R150  ; line 419
4254 MOVE                 R153 <- R151  ; line 419
4255 ARRAY_NEW            a=154 b=152 c=2 imm=4294967295  ; line 419
4256 LOAD_CONST           R155 constant[956]  ; line 419
4257 LOAD_CONST           R156 constant[957]  ; line 419
4258 LOAD_CONST           R157 constant[958]  ; line 419
4259 LOAD_CONST           R158 constant[959]  ; line 419
4260 MOVE                 R159 <- R156  ; line 419
4261 MOVE                 R160 <- R42  ; line 419
4262 MOVE                 R161 <- R157  ; line 419
4263 MOVE                 R162 <- R35  ; line 419
4264 MOVE                 R163 <- R158  ; line 419
4265 MOVE                 R164 <- R49  ; line 419
4266 HOST_CALL            a=165 b=6 c=159 imm=6  ; line 419
4267 LOAD_CONST           R166 constant[960]  ; line 419
4268 LOAD_CONST           R167 constant[961]  ; line 419
4269 LOAD_CONST           R168 constant[962]  ; line 419
4270 MOVE                 R169 <- R9  ; line 419
4271 HOST_CALL            a=170 b=60 c=169 imm=1  ; line 419
4272 LOAD_CONST           R171 constant[963]  ; line 419
4273 LOAD_CONST           R172 constant[964]  ; line 419
4274 MOVE                 R173 <- R129  ; line 419
4275 MOVE                 R174 <- R130  ; line 419
4276 MOVE                 R175 <- R131  ; line 419
4277 MOVE                 R176 <- R132  ; line 419
4278 MOVE                 R177 <- R133  ; line 419
4279 MOVE                 R178 <- R134  ; line 419
4280 MOVE                 R179 <- R135  ; line 419
4281 MOVE                 R180 <- R142  ; line 419
4282 MOVE                 R181 <- R143  ; line 419
4283 MOVE                 R182 <- R148  ; line 419
4284 MOVE                 R183 <- R149  ; line 419
4285 MOVE                 R184 <- R154  ; line 419
4286 MOVE                 R185 <- R155  ; line 419
4287 MOVE                 R186 <- R165  ; line 419
4288 MOVE                 R187 <- R166  ; line 419
4289 MOVE                 R188 <- R167  ; line 419
4290 MOVE                 R189 <- R168  ; line 419
4291 MOVE                 R190 <- R170  ; line 419
4292 MOVE                 R191 <- R171  ; line 419
4293 MOVE                 R192 <- R172  ; line 419
4294 HOST_CALL            a=193 b=6 c=173 imm=20  ; line 419
4295 MOVE                 R194 <- R193  ; line 419
4296 LOAD_CONST           R195 constant[965]  ; line 426
4297 MOVE                 R196 <- R195  ; line 426
4298 MOVE                 R197 <- R21  ; line 426
4299 HOST_CALL            a=198 b=6 c=196 imm=2  ; line 426
4300 LOAD_CONST           R199 constant[966]  ; line 426
4301 LOAD_CONST           R200 constant[967]  ; line 426
4302 LOAD_CONST           R201 constant[968]  ; line 426
4303 MOVE                 R202 <- R200  ; line 426
4304 MOVE                 R203 <- R201  ; line 426
4305 ARRAY_NEW            a=204 b=202 c=2 imm=4294967295  ; line 426
4306 MOVE                 R205 <- R194  ; line 426
4307 MOVE                 R206 <- R125  ; line 426
4308 MOVE                 R207 <- R128  ; line 426
4309 MOVE                 R208 <- R198  ; line 426
4310 MOVE                 R209 <- R199  ; line 426
4311 MOVE                 R210 <- R204  ; line 426
4312 CALL                 a=211 b=101 c=205 imm=6  ; line 426
4313 RETURN               R211  ; line 426
4314 LOAD_CONST           R212 constant[969]  ; line 426
4315 RETURN               R212  ; line 426
4316 MOVE                 R2 <- R0  ; line 431
4317 CALL                 a=3 b=97 c=2 imm=1  ; line 431
4318 MOVE                 R4 <- R3  ; line 431
4319 LOAD_CONST           R5 constant[970]  ; line 432
4320 COMPARE              a=4 b=5 c=6 imm=1  ; line 432
4321 JUMP_IF_FALSE        R6 -> 4330  ; line 432
4322 LOAD_CONST           R5 constant[971]  ; line 432
4323 LOAD_CONST           R6 constant[972]  ; line 432
4324 MOVE                 R7 <- R5  ; line 432
4325 MOVE                 R8 <- R4  ; line 432
4326 MOVE                 R9 <- R6  ; line 432
4327 CALL                 a=10 b=86 c=7 imm=3  ; line 432
4328 RETURN               R10  ; line 432
4329 JUMP                 -> 4330  ; line 432
4330 LOAD_CONST           R5 constant[973]  ; line 433
4331 LOAD_CONST           R6 constant[974]  ; line 433
4332 MOVE                 R7 <- R1  ; line 433
4333 MOVE                 R8 <- R5  ; line 433
4334 MOVE                 R9 <- R6  ; line 433
4335 CALL                 a=10 b=87 c=7 imm=3  ; line 433
4336 MOVE                 R11 <- R10  ; line 433
4337 LOAD_CONST           R12 constant[975]  ; line 434
4338 COMPARE              a=11 b=12 c=13 imm=2  ; line 434
4339 JUMP_IF_FALSE        R13 -> 4349  ; line 434
4340 LOAD_CONST           R12 constant[976]  ; line 434
4341 LOAD_CONST           R13 constant[977]  ; line 434
4342 LOAD_CONST           R14 constant[978]  ; line 434
4343 MOVE                 R15 <- R12  ; line 434
4344 MOVE                 R16 <- R13  ; line 434
4345 MOVE                 R17 <- R14  ; line 434
4346 CALL                 a=18 b=86 c=15 imm=3  ; line 434
4347 RETURN               R18  ; line 434
4348 JUMP                 -> 4349  ; line 434
4349 LOAD_CONST           R12 constant[979]  ; line 435
4350 MOVE                 R13 <- R0  ; line 435
4351 MOVE                 R14 <- R12  ; line 435
4352 HOST_CALL            a=15 b=11 c=13 imm=2  ; line 435
4353 MOVE                 R16 <- R15  ; line 435
4354 LOAD_CONST           R17 constant[980]  ; line 436
4355 MOVE                 R18 <- R0  ; line 436
4356 MOVE                 R19 <- R17  ; line 436
4357 HOST_CALL            a=20 b=11 c=18 imm=2  ; line 436
4358 MOVE                 R21 <- R20  ; line 436
4359 MOVE                 R22 <- R16  ; line 437
4360 HOST_CALL            a=23 b=61 c=22 imm=1  ; line 437
4361 LOAD_CONST           R24 constant[981]  ; line 437
4362 MOVE                 R25 <- R23  ; line 437
4363 MOVE                 R26 <- R24  ; line 437
4364 HOST_CALL            a=27 b=11 c=25 imm=2  ; line 437
4365 MOVE                 R28 <- R27  ; line 437
4366 MOVE                 R29 <- R16  ; line 438
4367 HOST_CALL            a=30 b=61 c=29 imm=1  ; line 438
4368 LOAD_CONST           R31 constant[982]  ; line 438
4369 MOVE                 R32 <- R30  ; line 438
4370 MOVE                 R33 <- R31  ; line 438
4371 HOST_CALL            a=34 b=11 c=32 imm=2  ; line 438
4372 MOVE                 R35 <- R34  ; line 438
4373 LOAD_CONST           R36 constant[983]  ; line 439
4374 MOVE                 R37 <- R36  ; line 439
4375 HOST_CALL            a=38 b=22 c=37 imm=1  ; line 439
4376 MOVE                 R39 <- R38  ; line 439
4377 LOAD_CONST           R40 constant[984]  ; line 440
4378 MOVE                 R41 <- R40  ; line 440
4379 COMPARE              a=41 b=11 c=42 imm=2  ; line 441
4380 JUMP_IF_FALSE        R42 -> 4512  ; line 441
4381 LOAD_CONST           R42 constant[985]  ; line 442
4382 MOVE                 R43 <- R42  ; line 442
4383 HOST_CALL            a=44 b=22 c=43 imm=1  ; line 442
4384 MOVE                 R45 <- R44  ; line 442
4385 LOAD_CONST           R46 constant[986]  ; line 443
4386 MOVE                 R47 <- R46  ; line 443
4387 COMPARE              a=47 b=28 c=48 imm=2  ; line 444
4388 JUMP_IF_FALSE        R48 -> 4435  ; line 444
4389 MOVE                 R48 <- R21  ; line 445
4390 MOVE                 R49 <- R47  ; line 445
4391 HOST_CALL            a=50 b=11 c=48 imm=2  ; line 445
4392 LOAD_CONST           R51 constant[987]  ; line 445
4393 COMPARE              a=50 b=51 c=52 imm=2  ; line 445
4394 JUMP_IF_FALSE        R52 -> 4404  ; line 445
4395 LOAD_CONST           R48 constant[988]  ; line 445
4396 LOAD_CONST           R49 constant[989]  ; line 445
4397 LOAD_CONST           R50 constant[990]  ; line 445
4398 MOVE                 R51 <- R48  ; line 445
4399 MOVE                 R52 <- R49  ; line 445
4400 MOVE                 R53 <- R50  ; line 445
4401 CALL                 a=54 b=86 c=51 imm=3  ; line 445
4402 RETURN               R54  ; line 445
4403 JUMP                 -> 4404  ; line 445
4404 MOVE                 R48 <- R21  ; line 446
4405 MOVE                 R49 <- R47  ; line 446
4406 HOST_CALL            a=50 b=11 c=48 imm=2  ; line 446
4407 COMPARE              a=50 b=11 c=51 imm=5  ; line 446
4408 JUMP_IF_FALSE        R51 -> 4418  ; line 446
4409 LOAD_CONST           R48 constant[991]  ; line 446
4410 LOAD_CONST           R49 constant[992]  ; line 446
4411 LOAD_CONST           R50 constant[993]  ; line 446
4412 MOVE                 R51 <- R48  ; line 446
4413 MOVE                 R52 <- R49  ; line 446
4414 MOVE                 R53 <- R50  ; line 446
4415 CALL                 a=54 b=86 c=51 imm=3  ; line 446
4416 RETURN               R54  ; line 446
4417 JUMP                 -> 4418  ; line 446
4418 LOAD_CONST           R48 constant[994]  ; line 447
4419 MOVE                 R49 <- R48  ; line 447
4420 MOVE                 R50 <- R21  ; line 448
4421 MOVE                 R51 <- R47  ; line 448
4422 HOST_CALL            a=52 b=11 c=50 imm=2  ; line 448
4423 COMPARE              a=52 b=41 c=53 imm=0  ; line 448
4424 JUMP_IF_FALSE        R53 -> 4428  ; line 448
4425 LOAD_CONST           R50 constant[995]  ; line 448
4426 MOVE                 R49 <- R50  ; line 448
4427 JUMP                 -> 4428  ; line 448
4428 MOVE                 R50 <- R45  ; line 449
4429 MOVE                 R51 <- R49  ; line 449
4430 HOST_CALL            a=52 b=23 c=50 imm=2  ; line 449
4431 LOAD_CONST           R50 constant[996]  ; line 450
4432 BINARY               a=47 b=50 c=51 imm=0  ; line 450
4433 MOVE                 R47 <- R51  ; line 450
4434 JUMP                 -> 4387  ; line 450
4435 MOVE                 R50 <- R45  ; line 452
4436 HOST_CALL            a=51 b=72 c=50 imm=1  ; line 452
4437 MOVE                 R52 <- R51  ; line 452
4438 MOVE                 R53 <- R16  ; line 453
4439 HOST_CALL            a=54 b=182 c=53 imm=1  ; line 453
4440 LOAD_CONST           R55 constant[997]  ; line 453
4441 COMPARE              a=54 b=55 c=56 imm=0  ; line 453
4442 JUMP_IF_FALSE        R56 -> 4455  ; line 453
4443 MOVE                 R53 <- R16  ; line 454
4444 HOST_CALL            a=54 b=60 c=53 imm=1  ; line 454
4445 LOAD_CONST           R55 constant[998]  ; line 454
4446 MOVE                 R56 <- R1  ; line 454
4447 MOVE                 R57 <- R55  ; line 454
4448 HOST_CALL            a=58 b=11 c=56 imm=2  ; line 454
4449 MOVE                 R59 <- R52  ; line 454
4450 MOVE                 R60 <- R54  ; line 454
4451 MOVE                 R61 <- R58  ; line 454
4452 CALL                 a=62 b=152 c=59 imm=3  ; line 454
4453 MOVE                 R52 <- R62  ; line 454
4454 JUMP                 -> 4455  ; line 454
4455 LOAD_CONST           R53 constant[999]  ; line 456
4456 MOVE                 R54 <- R53  ; line 456
4457 MOVE                 R55 <- R16  ; line 457
4458 HOST_CALL            a=56 b=182 c=55 imm=1  ; line 457
4459 LOAD_CONST           R57 constant[1000]  ; line 457
4460 COMPARE              a=56 b=57 c=58 imm=0  ; line 457
4461 JUMP_IF_FALSE        R58 -> 4474  ; line 457
4462 LOAD_CONST           R55 constant[1001]  ; line 458
4463 LOAD_CONST           R56 constant[1002]  ; line 458
4464 MOVE                 R57 <- R55  ; line 458
4465 MOVE                 R58 <- R16  ; line 458
4466 MOVE                 R59 <- R56  ; line 458
4467 MOVE                 R60 <- R52  ; line 458
4468 HOST_CALL            a=61 b=6 c=57 imm=4  ; line 458
4469 MOVE                 R62 <- R61  ; line 458
4470 MOVE                 R63 <- R1  ; line 458
4471 CALL                 a=64 b=105 c=62 imm=2  ; line 458
4472 MOVE                 R54 <- R64  ; line 458
4473 JUMP                 -> 4485  ; line 458
4474 LOAD_CONST           R55 constant[1003]  ; line 460
4475 LOAD_CONST           R56 constant[1004]  ; line 460
4476 MOVE                 R57 <- R55  ; line 460
4477 MOVE                 R58 <- R16  ; line 460
4478 MOVE                 R59 <- R56  ; line 460
4479 MOVE                 R60 <- R52  ; line 460
4480 HOST_CALL            a=61 b=6 c=57 imm=4  ; line 460
4481 MOVE                 R62 <- R61  ; line 460
4482 MOVE                 R63 <- R1  ; line 460
4483 CALL                 a=64 b=104 c=62 imm=2  ; line 460
4484 MOVE                 R54 <- R64  ; line 460
4485 LOAD_CONST           R55 constant[1005]  ; line 462
4486 MOVE                 R56 <- R54  ; line 462
4487 MOVE                 R57 <- R55  ; line 462
4488 HOST_CALL            a=58 b=11 c=56 imm=2  ; line 462
4489 UNARY                a=58 b=59 c=4294967295 imm=1  ; line 462
4490 JUMP_IF_FALSE        R59 -> 4493  ; line 462
4491 RETURN               R54  ; line 462
4492 JUMP                 -> 4493  ; line 462
4493 LOAD_CONST           R55 constant[1006]  ; line 463
4494 MOVE                 R56 <- R54  ; line 463
4495 MOVE                 R57 <- R55  ; line 463
4496 HOST_CALL            a=58 b=11 c=56 imm=2  ; line 463
4497 LOAD_CONST           R59 constant[1007]  ; line 463
4498 MOVE                 R60 <- R58  ; line 463
4499 MOVE                 R61 <- R59  ; line 463
4500 HOST_CALL            a=62 b=11 c=60 imm=2  ; line 463
4501 LOAD_CONST           R63 constant[1008]  ; line 463
4502 MOVE                 R64 <- R62  ; line 463
4503 MOVE                 R65 <- R63  ; line 463
4504 HOST_CALL            a=66 b=11 c=64 imm=2  ; line 463
4505 MOVE                 R67 <- R39  ; line 463
4506 MOVE                 R68 <- R66  ; line 463
4507 HOST_CALL            a=69 b=23 c=67 imm=2  ; line 463
4508 LOAD_CONST           R55 constant[1009]  ; line 464
4509 BINARY               a=41 b=55 c=56 imm=0  ; line 464
4510 MOVE                 R41 <- R56  ; line 464
4511 JUMP                 -> 4379  ; line 464
4512 LOAD_CONST           R55 constant[1010]  ; line 467
4513 MOVE                 R56 <- R55  ; line 467
4514 HOST_CALL            a=57 b=22 c=56 imm=1  ; line 467
4515 MOVE                 R58 <- R57  ; line 467
4516 LOAD_CONST           R59 constant[1011]  ; line 468
4517 MOVE                 R60 <- R59  ; line 468
4518 HOST_CALL            a=61 b=22 c=60 imm=1  ; line 468
4519 MOVE                 R62 <- R61  ; line 468
4520 LOAD_CONST           R63 constant[1012]  ; line 469
4521 MOVE                 R41 <- R63  ; line 469
4522 COMPARE              a=41 b=11 c=63 imm=2  ; line 470
4523 JUMP_IF_FALSE        R63 -> 4567  ; line 470
4524 MOVE                 R63 <- R39  ; line 471
4525 MOVE                 R64 <- R41  ; line 471
4526 HOST_CALL            a=65 b=11 c=63 imm=2  ; line 471
4527 LOAD_CONST           R66 constant[1013]  ; line 471
4528 MOVE                 R67 <- R65  ; line 471
4529 MOVE                 R68 <- R66  ; line 471
4530 HOST_CALL            a=69 b=11 c=67 imm=2  ; line 471
4531 MOVE                 R70 <- R69  ; line 471
4532 LOAD_CONST           R71 constant[1014]  ; line 472
4533 MOVE                 R72 <- R71  ; line 472
4534 HOST_CALL            a=73 b=22 c=72 imm=1  ; line 472
4535 MOVE                 R74 <- R73  ; line 472
4536 LOAD_CONST           R75 constant[1015]  ; line 473
4537 MOVE                 R76 <- R75  ; line 473
4538 COMPARE              a=76 b=35 c=77 imm=2  ; line 474
4539 JUMP_IF_FALSE        R77 -> 4550  ; line 474
4540 MOVE                 R77 <- R70  ; line 475
4541 MOVE                 R78 <- R76  ; line 475
4542 HOST_CALL            a=79 b=11 c=77 imm=2  ; line 475
4543 MOVE                 R80 <- R74  ; line 475
4544 MOVE                 R81 <- R79  ; line 475
4545 HOST_CALL            a=82 b=23 c=80 imm=2  ; line 475
4546 LOAD_CONST           R77 constant[1016]  ; line 476
4547 BINARY               a=76 b=77 c=78 imm=0  ; line 476
4548 MOVE                 R76 <- R78  ; line 476
4549 JUMP                 -> 4538  ; line 476
4550 MOVE                 R77 <- R58  ; line 478
4551 MOVE                 R78 <- R74  ; line 478
4552 HOST_CALL            a=79 b=23 c=77 imm=2  ; line 478
4553 MOVE                 R77 <- R39  ; line 479
4554 MOVE                 R78 <- R41  ; line 479
4555 HOST_CALL            a=79 b=11 c=77 imm=2  ; line 479
4556 LOAD_CONST           R80 constant[1017]  ; line 479
4557 MOVE                 R81 <- R79  ; line 479
4558 MOVE                 R82 <- R80  ; line 479
4559 HOST_CALL            a=83 b=11 c=81 imm=2  ; line 479
4560 MOVE                 R84 <- R62  ; line 479
4561 MOVE                 R85 <- R83  ; line 479
4562 HOST_CALL            a=86 b=23 c=84 imm=2  ; line 479
4563 LOAD_CONST           R77 constant[1018]  ; line 480
4564 BINARY               a=41 b=77 c=78 imm=0  ; line 480
4565 MOVE                 R41 <- R78  ; line 480
4566 JUMP                 -> 4522  ; line 480
4567 LOAD_CONST           R77 constant[1019]  ; line 482
4568 LOAD_CONST           R78 constant[1020]  ; line 482
4569 LOAD_CONST           R79 constant[1021]  ; line 482
4570 LOAD_CONST           R80 constant[1022]  ; line 482
4571 LOAD_CONST           R81 constant[1023]  ; line 482
4572 LOAD_CONST           R82 constant[1024]  ; line 482
4573 LOAD_CONST           R83 constant[1025]  ; line 482
4574 LOAD_CONST           R84 constant[1026]  ; line 482
4575 MOVE                 R85 <- R58  ; line 482
4576 HOST_CALL            a=86 b=72 c=85 imm=1  ; line 482
4577 LOAD_CONST           R87 constant[1027]  ; line 482
4578 MOVE                 R88 <- R62  ; line 482
4579 HOST_CALL            a=89 b=72 c=88 imm=1  ; line 482
4580 MOVE                 R90 <- R84  ; line 482
4581 MOVE                 R91 <- R86  ; line 482
4582 MOVE                 R92 <- R87  ; line 482
4583 MOVE                 R93 <- R89  ; line 482
4584 HOST_CALL            a=94 b=6 c=90 imm=4  ; line 482
4585 LOAD_CONST           R95 constant[1028]  ; line 482
4586 LOAD_CONST           R96 constant[1029]  ; line 482
4587 LOAD_CONST           R97 constant[1030]  ; line 482
4588 MOVE                 R98 <- R96  ; line 482
4589 MOVE                 R99 <- R97  ; line 482
4590 HOST_CALL            a=100 b=6 c=98 imm=2  ; line 482
4591 LOAD_CONST           R101 constant[1031]  ; line 482
4592 LOAD_CONST           R102 constant[1032]  ; line 482
4593 LOAD_CONST           R103 constant[1033]  ; line 482
4594 LOAD_CONST           R104 constant[1034]  ; line 482
4595 LOAD_CONST           R105 constant[1035]  ; line 482
4596 MOVE                 R106 <- R1  ; line 482
4597 MOVE                 R107 <- R104  ; line 482
4598 MOVE                 R108 <- R105  ; line 482
4599 CALL                 a=109 b=87 c=106 imm=3  ; line 482
4600 LOAD_CONST           R110 constant[1036]  ; line 482
4601 LOAD_CONST           R111 constant[1037]  ; line 482
4602 LOAD_CONST           R112 constant[1038]  ; line 482
4603 MOVE                 R113 <- R1  ; line 482
4604 MOVE                 R114 <- R111  ; line 482
4605 MOVE                 R115 <- R112  ; line 482
4606 CALL                 a=116 b=87 c=113 imm=3  ; line 482
4607 MOVE                 R117 <- R103  ; line 482
4608 MOVE                 R118 <- R109  ; line 482
4609 MOVE                 R119 <- R110  ; line 482
4610 MOVE                 R120 <- R116  ; line 482
4611 HOST_CALL            a=121 b=6 c=117 imm=4  ; line 482
4612 LOAD_CONST           R122 constant[1039]  ; line 482
4613 LOAD_CONST           R123 constant[1040]  ; line 482
4614 LOAD_CONST           R124 constant[1041]  ; line 482
4615 MOVE                 R125 <- R16  ; line 482
4616 HOST_CALL            a=126 b=60 c=125 imm=1  ; line 482
4617 LOAD_CONST           R127 constant[1042]  ; line 482
4618 LOAD_CONST           R128 constant[1043]  ; line 482
4619 MOVE                 R129 <- R77  ; line 482
4620 MOVE                 R130 <- R78  ; line 482
4621 MOVE                 R131 <- R79  ; line 482
4622 MOVE                 R132 <- R80  ; line 482
4623 MOVE                 R133 <- R81  ; line 482
4624 MOVE                 R134 <- R82  ; line 482
4625 MOVE                 R135 <- R83  ; line 482
4626 MOVE                 R136 <- R94  ; line 482
4627 MOVE                 R137 <- R95  ; line 482
4628 MOVE                 R138 <- R100  ; line 482
4629 MOVE                 R139 <- R101  ; line 482
4630 MOVE                 R140 <- R11  ; line 482
4631 MOVE                 R141 <- R102  ; line 482
4632 MOVE                 R142 <- R121  ; line 482
4633 MOVE                 R143 <- R122  ; line 482
4634 MOVE                 R144 <- R123  ; line 482
4635 MOVE                 R145 <- R124  ; line 482
4636 MOVE                 R146 <- R126  ; line 482
4637 MOVE                 R147 <- R127  ; line 482
4638 MOVE                 R148 <- R128  ; line 482
4639 HOST_CALL            a=149 b=6 c=129 imm=20  ; line 482
4640 MOVE                 R150 <- R149  ; line 482
4641 MOVE                 R151 <- R150  ; line 494
4642 MOVE                 R152 <- R16  ; line 494
4643 CALL                 a=153 b=107 c=151 imm=2  ; line 494
4644 MOVE                 R154 <- R153  ; line 494
4645 LOAD_CONST           R155 constant[1044]  ; line 495
4646 MOVE                 R156 <- R154  ; line 495
4647 MOVE                 R157 <- R155  ; line 495
4648 HOST_CALL            a=158 b=11 c=156 imm=2  ; line 495
4649 LOAD_CONST           R159 constant[1045]  ; line 495
4650 MOVE                 R160 <- R154  ; line 495
4651 MOVE                 R161 <- R159  ; line 495
4652 HOST_CALL            a=162 b=11 c=160 imm=2  ; line 495
4653 LOAD_CONST           R163 constant[1046]  ; line 495
4654 MOVE                 R164 <- R163  ; line 495
4655 MOVE                 R165 <- R28  ; line 495
4656 HOST_CALL            a=166 b=6 c=164 imm=2  ; line 495
4657 LOAD_CONST           R167 constant[1047]  ; line 495
4658 LOAD_CONST           R168 constant[1048]  ; line 495
4659 LOAD_CONST           R169 constant[1049]  ; line 495
4660 MOVE                 R170 <- R168  ; line 495
4661 MOVE                 R171 <- R169  ; line 495
4662 ARRAY_NEW            a=172 b=170 c=2 imm=4294967295  ; line 495
4663 MOVE                 R173 <- R150  ; line 495
4664 MOVE                 R174 <- R158  ; line 495
4665 MOVE                 R175 <- R162  ; line 495
4666 MOVE                 R176 <- R166  ; line 495
4667 MOVE                 R177 <- R167  ; line 495
4668 MOVE                 R178 <- R172  ; line 495
4669 CALL                 a=179 b=101 c=173 imm=6  ; line 495
4670 RETURN               R179  ; line 495
4671 LOAD_CONST           R180 constant[1050]  ; line 495
4672 RETURN               R180  ; line 495
4673 MOVE                 R2 <- R1  ; line 501
4674 HOST_CALL            a=3 b=61 c=2 imm=1  ; line 501
4675 MOVE                 R4 <- R3  ; line 501
4676 LOAD_CONST           R5 constant[1051]  ; line 502
4677 MOVE                 R6 <- R4  ; line 502
4678 MOVE                 R7 <- R5  ; line 502
4679 HOST_CALL            a=8 b=11 c=6 imm=2  ; line 502
4680 MOVE                 R9 <- R8  ; line 502
4681 LOAD_CONST           R10 constant[1052]  ; line 503
4682 MOVE                 R11 <- R4  ; line 503
4683 MOVE                 R12 <- R10  ; line 503
4684 HOST_CALL            a=13 b=11 c=11 imm=2  ; line 503
4685 MOVE                 R14 <- R13  ; line 503
4686 LOAD_CONST           R15 constant[1053]  ; line 504
4687 MOVE                 R16 <- R0  ; line 504
4688 MOVE                 R17 <- R15  ; line 504
4689 HOST_CALL            a=18 b=11 c=16 imm=2  ; line 504
4690 MOVE                 R19 <- R18  ; line 504
4691 LOAD_CONST           R20 constant[1054]  ; line 505
4692 MOVE                 R21 <- R20  ; line 505
4693 HOST_CALL            a=22 b=22 c=21 imm=1  ; line 505
4694 MOVE                 R23 <- R22  ; line 505
4695 LOAD_CONST           R24 constant[1055]  ; line 506
4696 MOVE                 R25 <- R24  ; line 506
4697 HOST_CALL            a=26 b=22 c=25 imm=1  ; line 506
4698 MOVE                 R27 <- R26  ; line 506
4699 LOAD_CONST           R28 constant[1056]  ; line 507
4700 MOVE                 R29 <- R28  ; line 507
4701 COMPARE              a=29 b=9 c=30 imm=2  ; line 508
4702 JUMP_IF_FALSE        R30 -> 4808  ; line 508
4703 LOAD_CONST           R30 constant[1057]  ; line 509
4704 MOVE                 R31 <- R30  ; line 509
4705 HOST_CALL            a=32 b=22 c=31 imm=1  ; line 509
4706 MOVE                 R33 <- R32  ; line 509
4707 LOAD_CONST           R34 constant[1058]  ; line 510
4708 MOVE                 R35 <- R34  ; line 510
4709 LOAD_CONST           R36 constant[1059]  ; line 511
4710 MOVE                 R37 <- R36  ; line 511
4711 COMPARE              a=37 b=19 c=38 imm=2  ; line 512
4712 JUMP_IF_FALSE        R38 -> 4768  ; line 512
4713 LOAD_CONST           R38 constant[1060]  ; line 513
4714 MOVE                 R39 <- R0  ; line 513
4715 MOVE                 R40 <- R38  ; line 513
4716 HOST_CALL            a=41 b=11 c=39 imm=2  ; line 513
4717 LOAD_CONST           R42 constant[1061]  ; line 513
4718 MOVE                 R43 <- R41  ; line 513
4719 MOVE                 R44 <- R42  ; line 513
4720 HOST_CALL            a=45 b=11 c=43 imm=2  ; line 513
4721 MOVE                 R46 <- R45  ; line 513
4722 MOVE                 R47 <- R37  ; line 513
4723 HOST_CALL            a=48 b=11 c=46 imm=2  ; line 513
4724 MOVE                 R49 <- R48  ; line 513
4725 LOAD_CONST           R50 constant[1062]  ; line 514
4726 MOVE                 R51 <- R50  ; line 514
4727 COMPARE              a=51 b=14 c=52 imm=2  ; line 515
4728 JUMP_IF_FALSE        R52 -> 4756  ; line 515
4729 LOAD_CONST           R52 constant[1063]  ; line 516
4730 MOVE                 R53 <- R0  ; line 516
4731 MOVE                 R54 <- R52  ; line 516
4732 HOST_CALL            a=55 b=11 c=53 imm=2  ; line 516
4733 LOAD_CONST           R56 constant[1064]  ; line 516
4734 MOVE                 R57 <- R55  ; line 516
4735 MOVE                 R58 <- R56  ; line 516
4736 HOST_CALL            a=59 b=11 c=57 imm=2  ; line 516
4737 MOVE                 R60 <- R37  ; line 516
4738 MOVE                 R61 <- R51  ; line 516
4739 ARRAY_NEW            a=62 b=60 c=2 imm=4294967295  ; line 516
4740 MOVE                 R63 <- R59  ; line 516
4741 MOVE                 R64 <- R62  ; line 516
4742 HOST_CALL            a=65 b=11 c=63 imm=2  ; line 516
4743 MOVE                 R66 <- R29  ; line 516
4744 MOVE                 R67 <- R51  ; line 516
4745 ARRAY_NEW            a=68 b=66 c=2 imm=4294967295  ; line 516
4746 MOVE                 R69 <- R1  ; line 516
4747 MOVE                 R70 <- R68  ; line 516
4748 HOST_CALL            a=71 b=11 c=69 imm=2  ; line 516
4749 BINARY               a=65 b=71 c=72 imm=2  ; line 516
4750 BINARY               a=49 b=72 c=73 imm=0  ; line 516
4751 MOVE                 R49 <- R73  ; line 516
4752 LOAD_CONST           R52 constant[1065]  ; line 517
4753 BINARY               a=51 b=52 c=53 imm=0  ; line 517
4754 MOVE                 R51 <- R53  ; line 517
4755 JUMP                 -> 4727  ; line 517
4756 MOVE                 R52 <- R49  ; line 519
4757 CALL                 a=53 b=92 c=52 imm=1  ; line 519
4758 MOVE                 R54 <- R53  ; line 519
4759 MOVE                 R55 <- R33  ; line 520
4760 MOVE                 R56 <- R54  ; line 520
4761 HOST_CALL            a=57 b=23 c=55 imm=2  ; line 520
4762 BINARY               a=35 b=54 c=55 imm=0  ; line 521
4763 MOVE                 R35 <- R55  ; line 521
4764 LOAD_CONST           R55 constant[1066]  ; line 522
4765 BINARY               a=37 b=55 c=56 imm=0  ; line 522
4766 MOVE                 R37 <- R56  ; line 522
4767 JUMP                 -> 4711  ; line 522
4768 LOAD_CONST           R55 constant[1067]  ; line 524
4769 MOVE                 R56 <- R55  ; line 524
4770 HOST_CALL            a=57 b=22 c=56 imm=1  ; line 524
4771 MOVE                 R58 <- R57  ; line 524
4772 LOAD_CONST           R59 constant[1068]  ; line 525
4773 MOVE                 R60 <- R59  ; line 525
4774 HOST_CALL            a=61 b=22 c=60 imm=1  ; line 525
4775 MOVE                 R62 <- R61  ; line 525
4776 LOAD_CONST           R63 constant[1069]  ; line 526
4777 MOVE                 R37 <- R63  ; line 526
4778 COMPARE              a=37 b=19 c=63 imm=2  ; line 527
4779 JUMP_IF_FALSE        R63 -> 4798  ; line 527
4780 MOVE                 R63 <- R33  ; line 528
4781 MOVE                 R64 <- R37  ; line 528
4782 HOST_CALL            a=65 b=11 c=63 imm=2  ; line 528
4783 BINARY               a=65 b=35 c=66 imm=3  ; line 528
4784 MOVE                 R67 <- R66  ; line 528
4785 MOVE                 R68 <- R58  ; line 529
4786 MOVE                 R69 <- R67  ; line 529
4787 HOST_CALL            a=70 b=23 c=68 imm=2  ; line 529
4788 LOAD_CONST           R68 constant[1070]  ; line 530
4789 BINARY               a=68 b=67 c=69 imm=1  ; line 530
4790 BINARY               a=67 b=69 c=70 imm=2  ; line 530
4791 MOVE                 R71 <- R62  ; line 530
4792 MOVE                 R72 <- R70  ; line 530
4793 HOST_CALL            a=73 b=23 c=71 imm=2  ; line 530
4794 LOAD_CONST           R68 constant[1071]  ; line 531
4795 BINARY               a=37 b=68 c=69 imm=0  ; line 531
4796 MOVE                 R37 <- R69  ; line 531
4797 JUMP                 -> 4778  ; line 531
4798 MOVE                 R68 <- R23  ; line 533
4799 MOVE                 R69 <- R58  ; line 533
4800 HOST_CALL            a=70 b=23 c=68 imm=2  ; line 533
4801 MOVE                 R68 <- R27  ; line 534
4802 MOVE                 R69 <- R62  ; line 534
4803 HOST_CALL            a=70 b=23 c=68 imm=2  ; line 534
4804 LOAD_CONST           R68 constant[1072]  ; line 535
4805 BINARY               a=29 b=68 c=69 imm=0  ; line 535
4806 MOVE                 R29 <- R69  ; line 535
4807 JUMP                 -> 4701  ; line 535
4808 LOAD_CONST           R68 constant[1073]  ; line 537
4809 MOVE                 R69 <- R23  ; line 537
4810 HOST_CALL            a=70 b=72 c=69 imm=1  ; line 537
4811 LOAD_CONST           R71 constant[1074]  ; line 537
4812 MOVE                 R72 <- R27  ; line 537
4813 HOST_CALL            a=73 b=72 c=72 imm=1  ; line 537
4814 MOVE                 R74 <- R68  ; line 537
4815 MOVE                 R75 <- R70  ; line 537
4816 MOVE                 R76 <- R71  ; line 537
4817 MOVE                 R77 <- R73  ; line 537
4818 HOST_CALL            a=78 b=6 c=74 imm=4  ; line 537
4819 RETURN               R78  ; line 537
4820 LOAD_CONST           R79 constant[1075]  ; line 537
4821 RETURN               R79  ; line 537
4822 MOVE                 R2 <- R0  ; line 541
4823 CALL                 a=3 b=97 c=2 imm=1  ; line 541
4824 MOVE                 R4 <- R3  ; line 541
4825 LOAD_CONST           R5 constant[1076]  ; line 542
4826 COMPARE              a=4 b=5 c=6 imm=1  ; line 542
4827 JUMP_IF_FALSE        R6 -> 4836  ; line 542
4828 LOAD_CONST           R5 constant[1077]  ; line 542
4829 LOAD_CONST           R6 constant[1078]  ; line 542
4830 MOVE                 R7 <- R5  ; line 542
4831 MOVE                 R8 <- R4  ; line 542
4832 MOVE                 R9 <- R6  ; line 542
4833 CALL                 a=10 b=86 c=7 imm=3  ; line 542
4834 RETURN               R10  ; line 542
4835 JUMP                 -> 4836  ; line 542
4836 LOAD_CONST           R5 constant[1079]  ; line 543
4837 MOVE                 R6 <- R0  ; line 543
4838 MOVE                 R7 <- R5  ; line 543
4839 HOST_CALL            a=8 b=11 c=6 imm=2  ; line 543
4840 MOVE                 R9 <- R8  ; line 543
4841 LOAD_CONST           R10 constant[1080]  ; line 544
4842 MOVE                 R11 <- R0  ; line 544
4843 MOVE                 R12 <- R10  ; line 544
4844 HOST_CALL            a=13 b=11 c=11 imm=2  ; line 544
4845 MOVE                 R14 <- R13  ; line 544
4846 MOVE                 R15 <- R9  ; line 545
4847 HOST_CALL            a=16 b=61 c=15 imm=1  ; line 545
4848 LOAD_CONST           R17 constant[1081]  ; line 545
4849 MOVE                 R18 <- R16  ; line 545
4850 MOVE                 R19 <- R17  ; line 545
4851 HOST_CALL            a=20 b=11 c=18 imm=2  ; line 545
4852 MOVE                 R21 <- R20  ; line 545
4853 MOVE                 R22 <- R9  ; line 546
4854 HOST_CALL            a=23 b=61 c=22 imm=1  ; line 546
4855 LOAD_CONST           R24 constant[1082]  ; line 546
4856 MOVE                 R25 <- R23  ; line 546
4857 MOVE                 R26 <- R24  ; line 546
4858 HOST_CALL            a=27 b=11 c=25 imm=2  ; line 546
4859 MOVE                 R28 <- R27  ; line 546
4860 LOAD_CONST           R29 constant[1083]  ; line 547
4861 LOAD_CONST           R30 constant[1084]  ; line 547
4862 MOVE                 R31 <- R1  ; line 547
4863 MOVE                 R32 <- R29  ; line 547
4864 MOVE                 R33 <- R30  ; line 547
4865 CALL                 a=34 b=87 c=31 imm=3  ; line 547
4866 MOVE                 R35 <- R34  ; line 547
4867 LOAD_CONST           R36 constant[1085]  ; line 548
4868 LOAD_CONST           R37 constant[1086]  ; line 548
4869 MOVE                 R38 <- R1  ; line 548
4870 MOVE                 R39 <- R36  ; line 548
4871 MOVE                 R40 <- R37  ; line 548
4872 CALL                 a=41 b=87 c=38 imm=3  ; line 548
4873 MOVE                 R42 <- R41  ; line 548
4874 LOAD_CONST           R43 constant[1087]  ; line 549
4875 LOAD_CONST           R44 constant[1088]  ; line 549
4876 MOVE                 R45 <- R1  ; line 549
4877 MOVE                 R46 <- R43  ; line 549
4878 MOVE                 R47 <- R44  ; line 549
4879 CALL                 a=48 b=87 c=45 imm=3  ; line 549
4880 MOVE                 R49 <- R48  ; line 549
4881 LOAD_CONST           R50 constant[1089]  ; line 550
4882 LOAD_CONST           R51 constant[1090]  ; line 550
4883 MOVE                 R52 <- R1  ; line 550
4884 MOVE                 R53 <- R50  ; line 550
4885 MOVE                 R54 <- R51  ; line 550
4886 CALL                 a=55 b=87 c=52 imm=3  ; line 550
4887 MOVE                 R56 <- R55  ; line 550
4888 LOAD_CONST           R57 constant[1091]  ; line 551
4889 COMPARE              a=35 b=57 c=58 imm=2  ; line 551
4890 JUMP_IF_FALSE        R58 -> 4900  ; line 551
4891 LOAD_CONST           R57 constant[1092]  ; line 551
4892 LOAD_CONST           R58 constant[1093]  ; line 551
4893 LOAD_CONST           R59 constant[1094]  ; line 551
4894 MOVE                 R60 <- R57  ; line 551
4895 MOVE                 R61 <- R58  ; line 551
4896 MOVE                 R62 <- R59  ; line 551
4897 CALL                 a=63 b=86 c=60 imm=3  ; line 551
4898 RETURN               R63  ; line 551
4899 JUMP                 -> 4900  ; line 551
4900 LOAD_CONST           R57 constant[1095]  ; line 552
4901 COMPARE              a=42 b=57 c=58 imm=2  ; line 552
4902 JUMP_IF_FALSE        R58 -> 4912  ; line 552
4903 LOAD_CONST           R57 constant[1096]  ; line 552
4904 LOAD_CONST           R58 constant[1097]  ; line 552
4905 LOAD_CONST           R59 constant[1098]  ; line 552
4906 MOVE                 R60 <- R57  ; line 552
4907 MOVE                 R61 <- R58  ; line 552
4908 MOVE                 R62 <- R59  ; line 552
4909 CALL                 a=63 b=86 c=60 imm=3  ; line 552
4910 RETURN               R63  ; line 552
4911 JUMP                 -> 4912  ; line 552
4912 LOAD_CONST           R57 constant[1099]  ; line 553
4913 COMPARE              a=49 b=57 c=58 imm=3  ; line 553
4914 JUMP_IF_FALSE        R58 -> 4924  ; line 553
4915 LOAD_CONST           R57 constant[1100]  ; line 553
4916 LOAD_CONST           R58 constant[1101]  ; line 553
4917 LOAD_CONST           R59 constant[1102]  ; line 553
4918 MOVE                 R60 <- R57  ; line 553
4919 MOVE                 R61 <- R58  ; line 553
4920 MOVE                 R62 <- R59  ; line 553
4921 CALL                 a=63 b=86 c=60 imm=3  ; line 553
4922 RETURN               R63  ; line 553
4923 JUMP                 -> 4924  ; line 553
4924 LOAD_CONST           R57 constant[1103]  ; line 554
4925 COMPARE              a=56 b=57 c=58 imm=1  ; line 554
4926 JUMP_IF_FALSE        R58 -> 4940  ; line 554
4927 LOAD_CONST           R57 constant[1104]  ; line 555
4928 COMPARE              a=56 b=57 c=58 imm=1  ; line 555
4929 JUMP_IF_FALSE        R58 -> 4939  ; line 555
4930 LOAD_CONST           R57 constant[1105]  ; line 555
4931 LOAD_CONST           R58 constant[1106]  ; line 555
4932 LOAD_CONST           R59 constant[1107]  ; line 555
4933 MOVE                 R60 <- R57  ; line 555
4934 MOVE                 R61 <- R58  ; line 555
4935 MOVE                 R62 <- R59  ; line 555
4936 CALL                 a=63 b=86 c=60 imm=3  ; line 555
4937 RETURN               R63  ; line 555
4938 JUMP                 -> 4939  ; line 555
4939 JUMP                 -> 4940  ; line 555
4940 LOAD_CONST           R57 constant[1108]  ; line 557
4941 COMPARE              a=56 b=57 c=58 imm=0  ; line 557
4942 JUMP_IF_FALSE        R58 -> 4974  ; line 557
4943 LOAD_CONST           R57 constant[1109]  ; line 558
4944 MOVE                 R58 <- R57  ; line 558
4945 COMPARE              a=58 b=21 c=59 imm=2  ; line 559
4946 JUMP_IF_FALSE        R59 -> 4973  ; line 559
4947 MOVE                 R59 <- R14  ; line 560
4948 MOVE                 R60 <- R58  ; line 560
4949 HOST_CALL            a=61 b=11 c=59 imm=2  ; line 560
4950 LOAD_CONST           R62 constant[1110]  ; line 560
4951 COMPARE              a=61 b=62 c=63 imm=1  ; line 560
4952 JUMP_IF_FALSE        R63 -> 4969  ; line 560
4953 MOVE                 R59 <- R14  ; line 561
4954 MOVE                 R60 <- R58  ; line 561
4955 HOST_CALL            a=61 b=11 c=59 imm=2  ; line 561
4956 LOAD_CONST           R62 constant[1111]  ; line 561
4957 COMPARE              a=61 b=62 c=63 imm=1  ; line 561
4958 JUMP_IF_FALSE        R63 -> 4968  ; line 561
4959 LOAD_CONST           R59 constant[1112]  ; line 561
4960 LOAD_CONST           R60 constant[1113]  ; line 561
4961 LOAD_CONST           R61 constant[1114]  ; line 561
4962 MOVE                 R62 <- R59  ; line 561
4963 MOVE                 R63 <- R60  ; line 561
4964 MOVE                 R64 <- R61  ; line 561
4965 CALL                 a=65 b=86 c=62 imm=3  ; line 561
4966 RETURN               R65  ; line 561
4967 JUMP                 -> 4968  ; line 561
4968 JUMP                 -> 4969  ; line 561
4969 LOAD_CONST           R59 constant[1115]  ; line 563
4970 BINARY               a=58 b=59 c=60 imm=0  ; line 563
4971 MOVE                 R58 <- R60  ; line 563
4972 JUMP                 -> 4945  ; line 563
4973 JUMP                 -> 4974  ; line 563
4974 LOAD_CONST           R59 constant[1116]  ; line 566
4975 MOVE                 R60 <- R59  ; line 566
4976 HOST_CALL            a=61 b=22 c=60 imm=1  ; line 566
4977 MOVE                 R62 <- R61  ; line 566
4978 LOAD_CONST           R63 constant[1117]  ; line 567
4979 MOVE                 R64 <- R63  ; line 567
4980 COMPARE              a=64 b=28 c=65 imm=2  ; line 568
4981 JUMP_IF_FALSE        R65 -> 5017  ; line 568
4982 LOAD_CONST           R65 constant[1118]  ; line 569
4983 MOVE                 R66 <- R65  ; line 569
4984 HOST_CALL            a=67 b=22 c=66 imm=1  ; line 569
4985 MOVE                 R68 <- R67  ; line 569
4986 LOAD_CONST           R69 constant[1119]  ; line 570
4987 MOVE                 R70 <- R69  ; line 570
4988 COMPARE              a=70 b=35 c=71 imm=2  ; line 571
4989 JUMP_IF_FALSE        R71 -> 5010  ; line 571
4990 LOAD_CONST           R71 constant[1120]  ; line 572
4991 BINARY               a=64 b=71 c=72 imm=0  ; line 572
4992 LOAD_CONST           R73 constant[1121]  ; line 572
4993 BINARY               a=70 b=73 c=74 imm=0  ; line 572
4994 BINARY               a=72 b=74 c=75 imm=2  ; line 572
4995 LOAD_CONST           R76 constant[1122]  ; line 572
4996 MOVE                 R77 <- R75  ; line 572
4997 MOVE                 R78 <- R76  ; line 572
4998 CALL                 a=79 b=90 c=77 imm=2  ; line 572
4999 LOAD_CONST           R80 constant[1123]  ; line 572
5000 BINARY               a=79 b=80 c=81 imm=1  ; line 572
5001 LOAD_CONST           R82 constant[1124]  ; line 572
5002 BINARY               a=81 b=82 c=83 imm=2  ; line 572
5003 MOVE                 R84 <- R68  ; line 572
5004 MOVE                 R85 <- R83  ; line 572
5005 HOST_CALL            a=86 b=23 c=84 imm=2  ; line 572
5006 LOAD_CONST           R71 constant[1125]  ; line 573
5007 BINARY               a=70 b=71 c=72 imm=0  ; line 573
5008 MOVE                 R70 <- R72  ; line 573
5009 JUMP                 -> 4988  ; line 573
5010 MOVE                 R71 <- R62  ; line 575
5011 MOVE                 R72 <- R68  ; line 575
5012 HOST_CALL            a=73 b=23 c=71 imm=2  ; line 575
5013 LOAD_CONST           R71 constant[1126]  ; line 576
5014 BINARY               a=64 b=71 c=72 imm=0  ; line 576
5015 MOVE                 R64 <- R72  ; line 576
5016 JUMP                 -> 4980  ; line 576
5017 MOVE                 R71 <- R35  ; line 578
5018 CALL                 a=72 b=96 c=71 imm=1  ; line 578
5019 MOVE                 R73 <- R72  ; line 578
5020 LOAD_CONST           R74 constant[1127]  ; line 579
5021 MOVE                 R75 <- R74  ; line 579
5022 HOST_CALL            a=76 b=22 c=75 imm=1  ; line 579
5023 MOVE                 R77 <- R76  ; line 579
5024 LOAD_CONST           R78 constant[1128]  ; line 580
5025 MOVE                 R79 <- R78  ; line 580
5026 COMPARE              a=79 b=35 c=80 imm=2  ; line 581
5027 JUMP_IF_FALSE        R80 -> 5045  ; line 581
5028 LOAD_CONST           R80 constant[1129]  ; line 582
5029 BINARY               a=79 b=80 c=81 imm=0  ; line 582
5030 LOAD_CONST           R82 constant[1130]  ; line 582
5031 MOVE                 R83 <- R81  ; line 582
5032 MOVE                 R84 <- R82  ; line 582
5033 CALL                 a=85 b=90 c=83 imm=2  ; line 582
5034 LOAD_CONST           R86 constant[1131]  ; line 582
5035 BINARY               a=85 b=86 c=87 imm=1  ; line 582
5036 LOAD_CONST           R88 constant[1132]  ; line 582
5037 BINARY               a=87 b=88 c=89 imm=2  ; line 582
5038 MOVE                 R90 <- R77  ; line 582
5039 MOVE                 R91 <- R89  ; line 582
5040 HOST_CALL            a=92 b=23 c=90 imm=2  ; line 582
5041 LOAD_CONST           R80 constant[1133]  ; line 583
5042 BINARY               a=79 b=80 c=81 imm=0  ; line 583
5043 MOVE                 R79 <- R81  ; line 583
5044 JUMP                 -> 5026  ; line 583
5045 LOAD_CONST           R80 constant[1134]  ; line 585
5046 MOVE                 R81 <- R80  ; line 585
5047 LOAD_CONST           R82 constant[1135]  ; line 586
5048 MOVE                 R83 <- R82  ; line 586
5049 COMPARE              a=83 b=42 c=84 imm=2  ; line 587
5050 JUMP_IF_FALSE        R84 -> 5304  ; line 587
5051 LOAD_CONST           R84 constant[1136]  ; line 588
5052 MOVE                 R85 <- R84  ; line 588
5053 HOST_CALL            a=86 b=22 c=85 imm=1  ; line 588
5054 MOVE                 R87 <- R86  ; line 588
5055 LOAD_CONST           R88 constant[1137]  ; line 589
5056 MOVE                 R64 <- R88  ; line 589
5057 COMPARE              a=64 b=28 c=88 imm=2  ; line 590
5058 JUMP_IF_FALSE        R88 -> 5068  ; line 590
5059 MOVE                 R88 <- R35  ; line 591
5060 CALL                 a=89 b=96 c=88 imm=1  ; line 591
5061 MOVE                 R90 <- R87  ; line 591
5062 MOVE                 R91 <- R89  ; line 591
5063 HOST_CALL            a=92 b=23 c=90 imm=2  ; line 591
5064 LOAD_CONST           R88 constant[1138]  ; line 592
5065 BINARY               a=64 b=88 c=89 imm=0  ; line 592
5066 MOVE                 R64 <- R89  ; line 592
5067 JUMP                 -> 5057  ; line 592
5068 MOVE                 R88 <- R35  ; line 594
5069 CALL                 a=89 b=96 c=88 imm=1  ; line 594
5070 MOVE                 R90 <- R89  ; line 594
5071 MOVE                 R91 <- R35  ; line 595
5072 CALL                 a=92 b=96 c=91 imm=1  ; line 595
5073 MOVE                 R93 <- R92  ; line 595
5074 LOAD_CONST           R94 constant[1139]  ; line 596
5075 MOVE                 R95 <- R94  ; line 596
5076 LOAD_CONST           R96 constant[1140]  ; line 597
5077 MOVE                 R97 <- R96  ; line 597
5078 COMPARE              a=97 b=21 c=98 imm=2  ; line 598
5079 JUMP_IF_FALSE        R98 -> 5233  ; line 598
5080 LOAD_CONST           R98 constant[1141]  ; line 599
5081 MOVE                 R99 <- R98  ; line 599
5082 HOST_CALL            a=100 b=22 c=99 imm=1  ; line 599
5083 MOVE                 R101 <- R100  ; line 599
5084 LOAD_CONST           R102 constant[1142]  ; line 600
5085 MOVE                 R79 <- R102  ; line 600
5086 COMPARE              a=79 b=35 c=102 imm=2  ; line 601
5087 JUMP_IF_FALSE        R102 -> 5128  ; line 601
5088 MOVE                 R102 <- R73  ; line 602
5089 MOVE                 R103 <- R79  ; line 602
5090 HOST_CALL            a=104 b=11 c=102 imm=2  ; line 602
5091 MOVE                 R105 <- R104  ; line 602
5092 LOAD_CONST           R106 constant[1143]  ; line 603
5093 MOVE                 R64 <- R106  ; line 603
5094 COMPARE              a=64 b=28 c=106 imm=2  ; line 604
5095 JUMP_IF_FALSE        R106 -> 5115  ; line 604
5096 MOVE                 R106 <- R97  ; line 605
5097 MOVE                 R107 <- R64  ; line 605
5098 ARRAY_NEW            a=108 b=106 c=2 imm=4294967295  ; line 605
5099 MOVE                 R109 <- R9  ; line 605
5100 MOVE                 R110 <- R108  ; line 605
5101 HOST_CALL            a=111 b=11 c=109 imm=2  ; line 605
5102 MOVE                 R112 <- R62  ; line 605
5103 MOVE                 R113 <- R64  ; line 605
5104 HOST_CALL            a=114 b=11 c=112 imm=2  ; line 605
5105 MOVE                 R115 <- R114  ; line 605
5106 MOVE                 R116 <- R79  ; line 605
5107 HOST_CALL            a=117 b=11 c=115 imm=2  ; line 605
5108 BINARY               a=111 b=117 c=118 imm=2  ; line 605
5109 BINARY               a=105 b=118 c=119 imm=0  ; line 605
5110 MOVE                 R105 <- R119  ; line 605
5111 LOAD_CONST           R106 constant[1144]  ; line 606
5112 BINARY               a=64 b=106 c=107 imm=0  ; line 606
5113 MOVE                 R64 <- R107  ; line 606
5114 JUMP                 -> 5094  ; line 606
5115 LOAD_CONST           R106 constant[1145]  ; line 608
5116 COMPARE              a=105 b=106 c=107 imm=2  ; line 608
5117 JUMP_IF_FALSE        R107 -> 5121  ; line 608
5118 LOAD_CONST           R106 constant[1146]  ; line 608
5119 MOVE                 R105 <- R106  ; line 608
5120 JUMP                 -> 5121  ; line 608
5121 MOVE                 R106 <- R101  ; line 609
5122 MOVE                 R107 <- R105  ; line 609
5123 HOST_CALL            a=108 b=23 c=106 imm=2  ; line 609
5124 LOAD_CONST           R106 constant[1147]  ; line 610
5125 BINARY               a=79 b=106 c=107 imm=0  ; line 610
5126 MOVE                 R79 <- R107  ; line 610
5127 JUMP                 -> 5086  ; line 610
5128 MOVE                 R106 <- R81  ; line 612
5129 LOAD_CONST           R107 constant[1148]  ; line 613
5130 MOVE                 R79 <- R107  ; line 613
5131 COMPARE              a=79 b=35 c=107 imm=2  ; line 614
5132 JUMP_IF_FALSE        R107 -> 5146  ; line 614
5133 MOVE                 R107 <- R101  ; line 615
5134 MOVE                 R108 <- R79  ; line 615
5135 HOST_CALL            a=109 b=11 c=107 imm=2  ; line 615
5136 MOVE                 R110 <- R77  ; line 615
5137 MOVE                 R111 <- R79  ; line 615
5138 HOST_CALL            a=112 b=11 c=110 imm=2  ; line 615
5139 BINARY               a=109 b=112 c=113 imm=2  ; line 615
5140 BINARY               a=106 b=113 c=114 imm=0  ; line 615
5141 MOVE                 R106 <- R114  ; line 615
5142 LOAD_CONST           R107 constant[1149]  ; line 616
5143 BINARY               a=79 b=107 c=108 imm=0  ; line 616
5144 MOVE                 R79 <- R108  ; line 616
5145 JUMP                 -> 5131  ; line 616
5146 LOAD_CONST           R107 constant[1150]  ; line 618
5147 COMPARE              a=56 b=107 c=108 imm=0  ; line 618
5148 JUMP_IF_FALSE        R108 -> 5153  ; line 618
5149 MOVE                 R107 <- R106  ; line 618
5150 CALL                 a=108 b=92 c=107 imm=1  ; line 618
5151 MOVE                 R106 <- R108  ; line 618
5152 JUMP                 -> 5153  ; line 618
5153 MOVE                 R107 <- R14  ; line 619
5154 MOVE                 R108 <- R97  ; line 619
5155 HOST_CALL            a=109 b=11 c=107 imm=2  ; line 619
5156 BINARY               a=106 b=109 c=110 imm=1  ; line 619
5157 MOVE                 R111 <- R110  ; line 619
5158 BINARY               a=95 b=111 c=112 imm=0  ; line 620
5159 MOVE                 R95 <- R112  ; line 620
5160 LOAD_CONST           R112 constant[1151]  ; line 621
5161 MOVE                 R79 <- R112  ; line 621
5162 COMPARE              a=79 b=35 c=112 imm=2  ; line 622
5163 JUMP_IF_FALSE        R112 -> 5229  ; line 622
5164 MOVE                 R112 <- R93  ; line 623
5165 MOVE                 R113 <- R79  ; line 623
5166 HOST_CALL            a=114 b=11 c=112 imm=2  ; line 623
5167 MOVE                 R115 <- R101  ; line 623
5168 MOVE                 R116 <- R79  ; line 623
5169 HOST_CALL            a=117 b=11 c=115 imm=2  ; line 623
5170 BINARY               a=111 b=117 c=118 imm=2  ; line 623
5171 BINARY               a=114 b=118 c=119 imm=0  ; line 623
5172 MOVE                 R120 <- R93  ; line 623
5173 MOVE                 R121 <- R79  ; line 623
5174 MOVE                 R122 <- R119  ; line 623
5175 HOST_CALL            a=123 b=12 c=120 imm=3  ; line 623
5176 MOVE                 R112 <- R77  ; line 624
5177 MOVE                 R113 <- R79  ; line 624
5178 HOST_CALL            a=114 b=11 c=112 imm=2  ; line 624
5179 BINARY               a=111 b=114 c=115 imm=2  ; line 624
5180 MOVE                 R116 <- R115  ; line 624
5181 MOVE                 R117 <- R101  ; line 625
5182 MOVE                 R118 <- R79  ; line 625
5183 HOST_CALL            a=119 b=11 c=117 imm=2  ; line 625
5184 LOAD_CONST           R120 constant[1152]  ; line 625
5185 COMPARE              a=119 b=120 c=121 imm=0  ; line 625
5186 JUMP_IF_FALSE        R121 -> 5190  ; line 625
5187 LOAD_CONST           R117 constant[1153]  ; line 625
5188 MOVE                 R116 <- R117  ; line 625
5189 JUMP                 -> 5190  ; line 625
5190 MOVE                 R117 <- R90  ; line 626
5191 MOVE                 R118 <- R79  ; line 626
5192 HOST_CALL            a=119 b=11 c=117 imm=2  ; line 626
5193 BINARY               a=119 b=116 c=120 imm=0  ; line 626
5194 MOVE                 R121 <- R90  ; line 626
5195 MOVE                 R122 <- R79  ; line 626
5196 MOVE                 R123 <- R120  ; line 626
5197 HOST_CALL            a=124 b=12 c=121 imm=3  ; line 626
5198 LOAD_CONST           R117 constant[1154]  ; line 627
5199 MOVE                 R64 <- R117  ; line 627
5200 COMPARE              a=64 b=28 c=117 imm=2  ; line 628
5201 JUMP_IF_FALSE        R117 -> 5225  ; line 628
5202 MOVE                 R117 <- R87  ; line 629
5203 MOVE                 R118 <- R64  ; line 629
5204 HOST_CALL            a=119 b=11 c=117 imm=2  ; line 629
5205 MOVE                 R120 <- R119  ; line 629
5206 MOVE                 R121 <- R120  ; line 630
5207 MOVE                 R122 <- R79  ; line 630
5208 HOST_CALL            a=123 b=11 c=121 imm=2  ; line 630
5209 MOVE                 R124 <- R97  ; line 630
5210 MOVE                 R125 <- R64  ; line 630
5211 ARRAY_NEW            a=126 b=124 c=2 imm=4294967295  ; line 630
5212 MOVE                 R127 <- R9  ; line 630
5213 MOVE                 R128 <- R126  ; line 630
5214 HOST_CALL            a=129 b=11 c=127 imm=2  ; line 630
5215 BINARY               a=116 b=129 c=130 imm=2  ; line 630
5216 BINARY               a=123 b=130 c=131 imm=0  ; line 630
5217 MOVE                 R132 <- R120  ; line 630
5218 MOVE                 R133 <- R79  ; line 630
5219 MOVE                 R134 <- R131  ; line 630
5220 HOST_CALL            a=135 b=12 c=132 imm=3  ; line 630
5221 LOAD_CONST           R121 constant[1155]  ; line 631
5222 BINARY               a=64 b=121 c=122 imm=0  ; line 631
5223 MOVE                 R64 <- R122  ; line 631
5224 JUMP                 -> 5200  ; line 631
5225 LOAD_CONST           R121 constant[1156]  ; line 633
5226 BINARY               a=79 b=121 c=122 imm=0  ; line 633
5227 MOVE                 R79 <- R122  ; line 633
5228 JUMP                 -> 5162  ; line 633
5229 LOAD_CONST           R121 constant[1157]  ; line 635
5230 BINARY               a=97 b=121 c=122 imm=0  ; line 635
5231 MOVE                 R97 <- R122  ; line 635
5232 JUMP                 -> 5078  ; line 635
5233 LOAD_CONST           R121 constant[1158]  ; line 637
5234 MOVE                 R79 <- R121  ; line 637
5235 COMPARE              a=79 b=35 c=121 imm=2  ; line 638
5236 JUMP_IF_FALSE        R121 -> 5296  ; line 638
5237 MOVE                 R121 <- R77  ; line 639
5238 MOVE                 R122 <- R79  ; line 639
5239 HOST_CALL            a=123 b=11 c=121 imm=2  ; line 639
5240 MOVE                 R124 <- R93  ; line 639
5241 MOVE                 R125 <- R79  ; line 639
5242 HOST_CALL            a=126 b=11 c=124 imm=2  ; line 639
5243 BINARY               a=49 b=126 c=127 imm=2  ; line 639
5244 BINARY               a=127 b=21 c=128 imm=3  ; line 639
5245 BINARY               a=123 b=128 c=129 imm=1  ; line 639
5246 MOVE                 R130 <- R77  ; line 639
5247 MOVE                 R131 <- R79  ; line 639
5248 MOVE                 R132 <- R129  ; line 639
5249 HOST_CALL            a=133 b=12 c=130 imm=3  ; line 639
5250 MOVE                 R121 <- R73  ; line 640
5251 MOVE                 R122 <- R79  ; line 640
5252 HOST_CALL            a=123 b=11 c=121 imm=2  ; line 640
5253 MOVE                 R124 <- R90  ; line 640
5254 MOVE                 R125 <- R79  ; line 640
5255 HOST_CALL            a=126 b=11 c=124 imm=2  ; line 640
5256 BINARY               a=49 b=126 c=127 imm=2  ; line 640
5257 BINARY               a=127 b=21 c=128 imm=3  ; line 640
5258 BINARY               a=123 b=128 c=129 imm=1  ; line 640
5259 MOVE                 R130 <- R73  ; line 640
5260 MOVE                 R131 <- R79  ; line 640
5261 MOVE                 R132 <- R129  ; line 640
5262 HOST_CALL            a=133 b=12 c=130 imm=3  ; line 640
5263 LOAD_CONST           R121 constant[1159]  ; line 641
5264 MOVE                 R64 <- R121  ; line 641
5265 COMPARE              a=64 b=28 c=121 imm=2  ; line 642
5266 JUMP_IF_FALSE        R121 -> 5292  ; line 642
5267 MOVE                 R121 <- R62  ; line 643
5268 MOVE                 R122 <- R64  ; line 643
5269 HOST_CALL            a=123 b=11 c=121 imm=2  ; line 643
5270 MOVE                 R124 <- R123  ; line 643
5271 MOVE                 R125 <- R87  ; line 644
5272 MOVE                 R126 <- R64  ; line 644
5273 HOST_CALL            a=127 b=11 c=125 imm=2  ; line 644
5274 MOVE                 R128 <- R127  ; line 644
5275 MOVE                 R129 <- R124  ; line 645
5276 MOVE                 R130 <- R79  ; line 645
5277 HOST_CALL            a=131 b=11 c=129 imm=2  ; line 645
5278 MOVE                 R132 <- R128  ; line 645
5279 MOVE                 R133 <- R79  ; line 645
5280 HOST_CALL            a=134 b=11 c=132 imm=2  ; line 645
5281 BINARY               a=49 b=134 c=135 imm=2  ; line 645
5282 BINARY               a=135 b=21 c=136 imm=3  ; line 645
5283 BINARY               a=131 b=136 c=137 imm=1  ; line 645
5284 MOVE                 R138 <- R124  ; line 645
5285 MOVE                 R139 <- R79  ; line 645
5286 MOVE                 R140 <- R137  ; line 645
5287 HOST_CALL            a=141 b=12 c=138 imm=3  ; line 645
5288 LOAD_CONST           R129 constant[1160]  ; line 646
5289 BINARY               a=64 b=129 c=130 imm=0  ; line 646
5290 MOVE                 R64 <- R130  ; line 646
5291 JUMP                 -> 5265  ; line 646
5292 LOAD_CONST           R129 constant[1161]  ; line 648
5293 BINARY               a=79 b=129 c=130 imm=0  ; line 648
5294 MOVE                 R79 <- R130  ; line 648
5295 JUMP                 -> 5235  ; line 648
5296 BINARY               a=49 b=95 c=129 imm=2  ; line 650
5297 BINARY               a=129 b=21 c=130 imm=3  ; line 650
5298 BINARY               a=81 b=130 c=131 imm=1  ; line 650
5299 MOVE                 R81 <- R131  ; line 650
5300 LOAD_CONST           R129 constant[1162]  ; line 651
5301 BINARY               a=83 b=129 c=130 imm=0  ; line 651
5302 MOVE                 R83 <- R130  ; line 651
5303 JUMP                 -> 5049  ; line 651
5304 LOAD_CONST           R129 constant[1163]  ; line 653
5305 LOAD_CONST           R130 constant[1164]  ; line 653
5306 LOAD_CONST           R131 constant[1165]  ; line 653
5307 LOAD_CONST           R132 constant[1166]  ; line 653
5308 LOAD_CONST           R133 constant[1167]  ; line 653
5309 LOAD_CONST           R134 constant[1168]  ; line 653
5310 LOAD_CONST           R135 constant[1169]  ; line 653
5311 MOVE                 R136 <- R62  ; line 653
5312 HOST_CALL            a=137 b=72 c=136 imm=1  ; line 653
5313 LOAD_CONST           R138 constant[1170]  ; line 653
5314 MOVE                 R139 <- R73  ; line 653
5315 HOST_CALL            a=140 b=72 c=139 imm=1  ; line 653
5316 LOAD_CONST           R141 constant[1171]  ; line 653
5317 MOVE                 R142 <- R77  ; line 653
5318 HOST_CALL            a=143 b=72 c=142 imm=1  ; line 653
5319 LOAD_CONST           R144 constant[1172]  ; line 653
5320 LOAD_CONST           R145 constant[1173]  ; line 653
5321 MOVE                 R146 <- R135  ; line 653
5322 MOVE                 R147 <- R137  ; line 653
5323 MOVE                 R148 <- R138  ; line 653
5324 MOVE                 R149 <- R140  ; line 653
5325 MOVE                 R150 <- R141  ; line 653
5326 MOVE                 R151 <- R143  ; line 653
5327 MOVE                 R152 <- R144  ; line 653
5328 MOVE                 R153 <- R81  ; line 653
5329 MOVE                 R154 <- R145  ; line 653
5330 MOVE                 R155 <- R35  ; line 653
5331 HOST_CALL            a=156 b=6 c=146 imm=10  ; line 653
5332 LOAD_CONST           R157 constant[1174]  ; line 653
5333 LOAD_CONST           R158 constant[1175]  ; line 653
5334 LOAD_CONST           R159 constant[1176]  ; line 653
5335 MOVE                 R160 <- R158  ; line 653
5336 MOVE                 R161 <- R159  ; line 653
5337 HOST_CALL            a=162 b=6 c=160 imm=2  ; line 653
5338 LOAD_CONST           R163 constant[1177]  ; line 653
5339 ARRAY_NEW            a=164 b=164 c=0 imm=4294967295  ; line 653
5340 LOAD_CONST           R165 constant[1178]  ; line 653
5341 LOAD_CONST           R166 constant[1179]  ; line 653
5342 LOAD_CONST           R167 constant[1180]  ; line 653
5343 MOVE                 R168 <- R166  ; line 653
5344 MOVE                 R169 <- R42  ; line 653
5345 MOVE                 R170 <- R167  ; line 653
5346 MOVE                 R171 <- R49  ; line 653
5347 HOST_CALL            a=172 b=6 c=168 imm=4  ; line 653
5348 LOAD_CONST           R173 constant[1181]  ; line 653
5349 LOAD_CONST           R174 constant[1182]  ; line 653
5350 LOAD_CONST           R175 constant[1183]  ; line 653
5351 MOVE                 R176 <- R9  ; line 653
5352 HOST_CALL            a=177 b=60 c=176 imm=1  ; line 653
5353 LOAD_CONST           R178 constant[1184]  ; line 653
5354 LOAD_CONST           R179 constant[1185]  ; line 653
5355 MOVE                 R180 <- R129  ; line 653
5356 MOVE                 R181 <- R130  ; line 653
5357 MOVE                 R182 <- R131  ; line 653
5358 MOVE                 R183 <- R132  ; line 653
5359 MOVE                 R184 <- R133  ; line 653
5360 MOVE                 R185 <- R56  ; line 653
5361 MOVE                 R186 <- R134  ; line 653
5362 MOVE                 R187 <- R156  ; line 653
5363 MOVE                 R188 <- R157  ; line 653
5364 MOVE                 R189 <- R162  ; line 653
5365 MOVE                 R190 <- R163  ; line 653
5366 MOVE                 R191 <- R164  ; line 653
5367 MOVE                 R192 <- R165  ; line 653
5368 MOVE                 R193 <- R172  ; line 653
5369 MOVE                 R194 <- R173  ; line 653
5370 MOVE                 R195 <- R174  ; line 653
5371 MOVE                 R196 <- R175  ; line 653
5372 MOVE                 R197 <- R177  ; line 653
5373 MOVE                 R198 <- R178  ; line 653
5374 MOVE                 R199 <- R179  ; line 653
5375 HOST_CALL            a=200 b=6 c=180 imm=20  ; line 653
5376 MOVE                 R201 <- R200  ; line 653
5377 MOVE                 R202 <- R201  ; line 660
5378 MOVE                 R203 <- R9  ; line 660
5379 CALL                 a=204 b=112 c=202 imm=2  ; line 660
5380 MOVE                 R205 <- R204  ; line 660
5381 LOAD_CONST           R206 constant[1186]  ; line 661
5382 MOVE                 R207 <- R206  ; line 661
5383 LOAD_CONST           R208 constant[1187]  ; line 662
5384 MOVE                 R209 <- R208  ; line 662
5385 COMPARE              a=209 b=21 c=210 imm=2  ; line 663
5386 JUMP_IF_FALSE        R210 -> 5402  ; line 663
5387 MOVE                 R210 <- R205  ; line 664
5388 MOVE                 R211 <- R209  ; line 664
5389 HOST_CALL            a=212 b=11 c=210 imm=2  ; line 664
5390 MOVE                 R213 <- R14  ; line 664
5391 MOVE                 R214 <- R209  ; line 664
5392 HOST_CALL            a=215 b=11 c=213 imm=2  ; line 664
5393 BINARY               a=212 b=215 c=216 imm=1  ; line 664
5394 MOVE                 R217 <- R216  ; line 664
5395 BINARY               a=217 b=217 c=218 imm=2  ; line 665
5396 BINARY               a=207 b=218 c=219 imm=0  ; line 665
5397 MOVE                 R207 <- R219  ; line 665
5398 LOAD_CONST           R218 constant[1188]  ; line 666
5399 BINARY               a=209 b=218 c=219 imm=0  ; line 666
5400 MOVE                 R209 <- R219  ; line 666
5401 JUMP                 -> 5385  ; line 666
5402 BINARY               a=207 b=21 c=218 imm=3  ; line 668
5403 MOVE                 R207 <- R218  ; line 668
5404 LOAD_CONST           R218 constant[1189]  ; line 669
5405 LOAD_CONST           R219 constant[1190]  ; line 669
5406 MOVE                 R220 <- R219  ; line 669
5407 MOVE                 R221 <- R207  ; line 669
5408 HOST_CALL            a=222 b=6 c=220 imm=2  ; line 669
5409 MOVE                 R223 <- R201  ; line 669
5410 MOVE                 R224 <- R218  ; line 669
5411 MOVE                 R225 <- R222  ; line 669
5412 HOST_CALL            a=226 b=12 c=223 imm=3  ; line 669
5413 MOVE                 R218 <- R21  ; line 670
5414 MOVE                 R219 <- R207  ; line 670
5415 CALL                 a=220 b=99 c=218 imm=2  ; line 670
5416 MOVE                 R221 <- R220  ; line 670
5417 LOAD_CONST           R222 constant[1191]  ; line 671
5418 COMPARE              a=56 b=222 c=223 imm=0  ; line 671
5419 JUMP_IF_FALSE        R223 -> 5448  ; line 671
5420 LOAD_CONST           R222 constant[1192]  ; line 672
5421 MOVE                 R223 <- R222  ; line 672
5422 HOST_CALL            a=224 b=22 c=223 imm=1  ; line 672
5423 MOVE                 R225 <- R224  ; line 672
5424 LOAD_CONST           R226 constant[1193]  ; line 673
5425 MOVE                 R209 <- R226  ; line 673
5426 COMPARE              a=209 b=21 c=226 imm=2  ; line 674
5427 JUMP_IF_FALSE        R226 -> 5444  ; line 674
5428 MOVE                 R226 <- R205  ; line 675
5429 MOVE                 R227 <- R209  ; line 675
5430 HOST_CALL            a=228 b=11 c=226 imm=2  ; line 675
5431 LOAD_CONST           R229 constant[1194]  ; line 675
5432 MOVE                 R230 <- R205  ; line 675
5433 MOVE                 R231 <- R209  ; line 675
5434 HOST_CALL            a=232 b=11 c=230 imm=2  ; line 675
5435 BINARY               a=229 b=232 c=233 imm=1  ; line 675
5436 BINARY               a=228 b=233 c=234 imm=2  ; line 675
5437 MOVE                 R235 <- R225  ; line 675
5438 MOVE                 R236 <- R234  ; line 675
5439 HOST_CALL            a=237 b=23 c=235 imm=2  ; line 675
5440 LOAD_CONST           R226 constant[1195]  ; line 676
5441 BINARY               a=209 b=226 c=227 imm=0  ; line 676
5442 MOVE                 R209 <- R227  ; line 676
5443 JUMP                 -> 5426  ; line 676
5444 MOVE                 R226 <- R225  ; line 678
5445 HOST_CALL            a=227 b=72 c=226 imm=1  ; line 678
5446 MOVE                 R221 <- R227  ; line 678
5447 JUMP                 -> 5448  ; line 678
5448 MOVE                 R226 <- R205  ; line 680
5449 HOST_CALL            a=227 b=72 c=226 imm=1  ; line 680
5450 LOAD_CONST           R228 constant[1196]  ; line 680
5451 LOAD_CONST           R229 constant[1197]  ; line 680
5452 MOVE                 R230 <- R228  ; line 680
5453 MOVE                 R231 <- R207  ; line 680
5454 MOVE                 R232 <- R229  ; line 680
5455 MOVE                 R233 <- R21  ; line 680
5456 HOST_CALL            a=234 b=6 c=230 imm=4  ; line 680
5457 LOAD_CONST           R235 constant[1198]  ; line 680
5458 LOAD_CONST           R236 constant[1199]  ; line 680
5459 LOAD_CONST           R237 constant[1200]  ; line 680
5460 MOVE                 R238 <- R236  ; line 680
5461 MOVE                 R239 <- R237  ; line 680
5462 ARRAY_NEW            a=240 b=238 c=2 imm=4294967295  ; line 680
5463 MOVE                 R241 <- R201  ; line 680
5464 MOVE                 R242 <- R227  ; line 680
5465 MOVE                 R243 <- R221  ; line 680
5466 MOVE                 R244 <- R234  ; line 680
5467 MOVE                 R245 <- R235  ; line 680
5468 MOVE                 R246 <- R240  ; line 680
5469 CALL                 a=247 b=101 c=241 imm=6  ; line 680
5470 RETURN               R247  ; line 680
5471 LOAD_CONST           R248 constant[1201]  ; line 680
5472 RETURN               R248  ; line 680
5473 LOAD_CONST           R4 constant[1202]  ; line 686
5474 MOVE                 R5 <- R4  ; line 686
5475 HOST_CALL            a=6 b=22 c=5 imm=1  ; line 686
5476 MOVE                 R7 <- R6  ; line 686
5477 LOAD_CONST           R8 constant[1203]  ; line 687
5478 MOVE                 R9 <- R8  ; line 687
5479 COMPARE              a=9 b=0 c=10 imm=2  ; line 688
5480 JUMP_IF_FALSE        R10 -> 5516  ; line 688
5481 LOAD_CONST           R10 constant[1204]  ; line 689
5482 MOVE                 R11 <- R10  ; line 689
5483 HOST_CALL            a=12 b=22 c=11 imm=1  ; line 689
5484 MOVE                 R13 <- R12  ; line 689
5485 LOAD_CONST           R14 constant[1205]  ; line 690
5486 MOVE                 R15 <- R14  ; line 690
5487 COMPARE              a=15 b=1 c=16 imm=2  ; line 691
5488 JUMP_IF_FALSE        R16 -> 5509  ; line 691
5489 LOAD_CONST           R16 constant[1206]  ; line 692
5490 BINARY               a=9 b=16 c=17 imm=0  ; line 692
5491 LOAD_CONST           R18 constant[1207]  ; line 692
5492 BINARY               a=15 b=18 c=19 imm=0  ; line 692
5493 BINARY               a=17 b=19 c=20 imm=2  ; line 692
5494 LOAD_CONST           R21 constant[1208]  ; line 692
5495 MOVE                 R22 <- R20  ; line 692
5496 MOVE                 R23 <- R21  ; line 692
5497 CALL                 a=24 b=90 c=22 imm=2  ; line 692
5498 LOAD_CONST           R25 constant[1209]  ; line 692
5499 BINARY               a=24 b=25 c=26 imm=1  ; line 692
5500 LOAD_CONST           R27 constant[1210]  ; line 692
5501 BINARY               a=26 b=27 c=28 imm=2  ; line 692
5502 MOVE                 R29 <- R13  ; line 692
5503 MOVE                 R30 <- R28  ; line 692
5504 HOST_CALL            a=31 b=23 c=29 imm=2  ; line 692
5505 LOAD_CONST           R16 constant[1211]  ; line 693
5506 BINARY               a=15 b=16 c=17 imm=0  ; line 693
5507 MOVE                 R15 <- R17  ; line 693
5508 JUMP                 -> 5487  ; line 693
5509 MOVE                 R16 <- R7  ; line 695
5510 MOVE                 R17 <- R13  ; line 695
5511 HOST_CALL            a=18 b=23 c=16 imm=2  ; line 695
5512 LOAD_CONST           R16 constant[1212]  ; line 696
5513 BINARY               a=9 b=16 c=17 imm=0  ; line 696
5514 MOVE                 R9 <- R17  ; line 696
5515 JUMP                 -> 5479  ; line 696
5516 LOAD_CONST           R16 constant[1213]  ; line 698
5517 MOVE                 R17 <- R16  ; line 698
5518 HOST_CALL            a=18 b=22 c=17 imm=1  ; line 698
5519 MOVE                 R19 <- R18  ; line 698
5520 LOAD_CONST           R20 constant[1214]  ; line 699
5521 MOVE                 R21 <- R20  ; line 699
5522 COMPARE              a=21 b=1 c=22 imm=2  ; line 700
5523 JUMP_IF_FALSE        R22 -> 5541  ; line 700
5524 LOAD_CONST           R22 constant[1215]  ; line 701
5525 BINARY               a=21 b=22 c=23 imm=0  ; line 701
5526 LOAD_CONST           R24 constant[1216]  ; line 701
5527 MOVE                 R25 <- R23  ; line 701
5528 MOVE                 R26 <- R24  ; line 701
5529 CALL                 a=27 b=90 c=25 imm=2  ; line 701
5530 LOAD_CONST           R28 constant[1217]  ; line 701
5531 BINARY               a=27 b=28 c=29 imm=1  ; line 701
5532 LOAD_CONST           R30 constant[1218]  ; line 701
5533 BINARY               a=29 b=30 c=31 imm=2  ; line 701
5534 MOVE                 R32 <- R19  ; line 701
5535 MOVE                 R33 <- R31  ; line 701
5536 HOST_CALL            a=34 b=23 c=32 imm=2  ; line 701
5537 LOAD_CONST           R22 constant[1219]  ; line 702
5538 BINARY               a=21 b=22 c=23 imm=0  ; line 702
5539 MOVE                 R21 <- R23  ; line 702
5540 JUMP                 -> 5522  ; line 702
5541 LOAD_CONST           R22 constant[1220]  ; line 704
5542 MOVE                 R23 <- R7  ; line 704
5543 HOST_CALL            a=24 b=72 c=23 imm=1  ; line 704
5544 MOVE                 R25 <- R24  ; line 704
5545 MOVE                 R26 <- R2  ; line 704
5546 MOVE                 R27 <- R3  ; line 704
5547 CALL                 a=28 b=152 c=25 imm=3  ; line 704
5548 LOAD_CONST           R29 constant[1221]  ; line 704
5549 MOVE                 R30 <- R1  ; line 704
5550 CALL                 a=31 b=96 c=30 imm=1  ; line 704
5551 MOVE                 R32 <- R31  ; line 704
5552 HOST_CALL            a=33 b=72 c=32 imm=1  ; line 704
5553 MOVE                 R34 <- R33  ; line 704
5554 MOVE                 R35 <- R2  ; line 704
5555 MOVE                 R36 <- R3  ; line 704
5556 CALL                 a=37 b=152 c=34 imm=3  ; line 704
5557 LOAD_CONST           R38 constant[1222]  ; line 704
5558 MOVE                 R39 <- R19  ; line 704
5559 HOST_CALL            a=40 b=72 c=39 imm=1  ; line 704
5560 MOVE                 R41 <- R40  ; line 704
5561 MOVE                 R42 <- R2  ; line 704
5562 MOVE                 R43 <- R3  ; line 704
5563 CALL                 a=44 b=152 c=41 imm=3  ; line 704
5564 LOAD_CONST           R45 constant[1223]  ; line 704
5565 LOAD_CONST           R46 constant[1224]  ; line 704
5566 MOVE                 R47 <- R22  ; line 704
5567 MOVE                 R48 <- R28  ; line 704
5568 MOVE                 R49 <- R29  ; line 704
5569 MOVE                 R50 <- R37  ; line 704
5570 MOVE                 R51 <- R38  ; line 704
5571 MOVE                 R52 <- R44  ; line 704
5572 MOVE                 R53 <- R45  ; line 704
5573 MOVE                 R54 <- R46  ; line 704
5574 HOST_CALL            a=55 b=6 c=47 imm=8  ; line 704
5575 RETURN               R55  ; line 704
5576 LOAD_CONST           R56 constant[1225]  ; line 704
5577 RETURN               R56  ; line 704
5578 MOVE                 R8 <- R0  ; line 710
5579 HOST_CALL            a=9 b=61 c=8 imm=1  ; line 710
5580 LOAD_CONST           R10 constant[1226]  ; line 710
5581 MOVE                 R11 <- R9  ; line 710
5582 MOVE                 R12 <- R10  ; line 710
5583 HOST_CALL            a=13 b=11 c=11 imm=2  ; line 710
5584 MOVE                 R14 <- R13  ; line 710
5585 MOVE                 R15 <- R0  ; line 711
5586 HOST_CALL            a=16 b=184 c=15 imm=1  ; line 711
5587 MOVE                 R17 <- R16  ; line 711
5588 HOST_CALL            a=18 b=168 c=17 imm=1  ; line 711
5589 MOVE                 R19 <- R0  ; line 711
5590 HOST_CALL            a=20 b=60 c=19 imm=1  ; line 711
5591 MOVE                 R21 <- R18  ; line 711
5592 MOVE                 R22 <- R20  ; line 711
5593 MOVE                 R23 <- R7  ; line 711
5594 CALL                 a=24 b=152 c=21 imm=3  ; line 711
5595 MOVE                 R25 <- R24  ; line 711
5596 LOAD_CONST           R26 constant[1227]  ; line 712
5597 MOVE                 R27 <- R2  ; line 712
5598 MOVE                 R28 <- R26  ; line 712
5599 HOST_CALL            a=29 b=11 c=27 imm=2  ; line 712
5600 MOVE                 R30 <- R29  ; line 712
5601 LOAD_CONST           R31 constant[1228]  ; line 713
5602 MOVE                 R32 <- R2  ; line 713
5603 MOVE                 R33 <- R31  ; line 713
5604 HOST_CALL            a=34 b=11 c=32 imm=2  ; line 713
5605 MOVE                 R35 <- R34  ; line 713
5606 LOAD_CONST           R36 constant[1229]  ; line 714
5607 MOVE                 R37 <- R2  ; line 714
5608 MOVE                 R38 <- R36  ; line 714
5609 HOST_CALL            a=39 b=11 c=37 imm=2  ; line 714
5610 MOVE                 R40 <- R39  ; line 714
5611 LOAD_CONST           R41 constant[1230]  ; line 715
5612 MOVE                 R42 <- R2  ; line 715
5613 MOVE                 R43 <- R41  ; line 715
5614 HOST_CALL            a=44 b=11 c=42 imm=2  ; line 715
5615 MOVE                 R45 <- R44  ; line 715
5616 LOAD_CONST           R46 constant[1231]  ; line 716
5617 MOVE                 R47 <- R46  ; line 716
5618 COMPARE              a=47 b=4 c=48 imm=2  ; line 717
5619 JUMP_IF_FALSE        R48 -> 5711  ; line 717
5620 MOVE                 R48 <- R0  ; line 718
5621 MOVE                 R49 <- R30  ; line 718
5622 HOST_CALL            a=50 b=67 c=48 imm=2  ; line 718
5623 BINARY               a=50 b=35 c=51 imm=0  ; line 718
5624 MOVE                 R52 <- R51  ; line 718
5625 HOST_CALL            a=53 b=172 c=52 imm=1  ; line 718
5626 MOVE                 R54 <- R53  ; line 718
5627 MOVE                 R55 <- R54  ; line 719
5628 MOVE                 R56 <- R40  ; line 719
5629 HOST_CALL            a=57 b=67 c=55 imm=2  ; line 719
5630 BINARY               a=57 b=45 c=58 imm=0  ; line 719
5631 MOVE                 R59 <- R58  ; line 719
5632 LOAD_CONST           R60 constant[1232]  ; line 720
5633 COMPARE              a=6 b=60 c=61 imm=0  ; line 720
5634 JUMP_IF_FALSE        R61 -> 5643  ; line 720
5635 MOVE                 R60 <- R59  ; line 721
5636 HOST_CALL            a=61 b=169 c=60 imm=1  ; line 721
5637 MOVE                 R62 <- R61  ; line 721
5638 LOAD_CONST           R63 constant[1233]  ; line 722
5639 BINARY               a=62 b=63 c=64 imm=0  ; line 722
5640 BINARY               a=62 b=64 c=65 imm=3  ; line 722
5641 MOVE                 R59 <- R65  ; line 722
5642 JUMP                 -> 5643  ; line 722
5643 BINARY               a=59 b=1 c=63 imm=1  ; line 724
5644 MOVE                 R64 <- R63  ; line 724
5645 MOVE                 R65 <- R54  ; line 725
5646 HOST_CALL            a=66 b=168 c=65 imm=1  ; line 725
5647 MOVE                 R67 <- R66  ; line 725
5648 MOVE                 R68 <- R64  ; line 725
5649 HOST_CALL            a=69 b=67 c=67 imm=2  ; line 725
5650 BINARY               a=69 b=14 c=70 imm=3  ; line 725
5651 MOVE                 R71 <- R70  ; line 725
5652 LOAD_CONST           R72 constant[1234]  ; line 726
5653 MOVE                 R73 <- R14  ; line 726
5654 MOVE                 R74 <- R72  ; line 726
5655 ARRAY_NEW            a=75 b=73 c=2 imm=4294967295  ; line 726
5656 MOVE                 R76 <- R64  ; line 726
5657 MOVE                 R77 <- R75  ; line 726
5658 HOST_CALL            a=78 b=167 c=76 imm=2  ; line 726
5659 LOAD_CONST           R79 constant[1235]  ; line 726
5660 MOVE                 R80 <- R79  ; line 726
5661 MOVE                 R81 <- R3  ; line 726
5662 ARRAY_NEW            a=82 b=80 c=2 imm=4294967295  ; line 726
5663 MOVE                 R83 <- R40  ; line 726
5664 MOVE                 R84 <- R82  ; line 726
5665 HOST_CALL            a=85 b=167 c=83 imm=2  ; line 726
5666 BINARY               a=78 b=85 c=86 imm=2  ; line 726
5667 MOVE                 R87 <- R86  ; line 726
5668 LOAD_CONST           R88 constant[1236]  ; line 727
5669 BINARY               a=54 b=88 c=89 imm=2  ; line 727
5670 LOAD_CONST           R90 constant[1237]  ; line 727
5671 MOVE                 R91 <- R54  ; line 727
5672 MOVE                 R92 <- R89  ; line 727
5673 MOVE                 R93 <- R90  ; line 727
5674 HOST_CALL            a=94 b=176 c=91 imm=3  ; line 727
5675 MOVE                 R95 <- R94  ; line 727
5676 LOAD_CONST           R96 constant[1238]  ; line 728
5677 BINARY               a=87 b=96 c=97 imm=2  ; line 728
5678 MOVE                 R98 <- R95  ; line 728
5679 MOVE                 R99 <- R87  ; line 728
5680 MOVE                 R100 <- R97  ; line 728
5681 HOST_CALL            a=101 b=177 c=98 imm=3  ; line 728
5682 MOVE                 R87 <- R101  ; line 728
5683 MOVE                 R96 <- R25  ; line 729
5684 MOVE                 R97 <- R87  ; line 729
5685 HOST_CALL            a=98 b=67 c=96 imm=2  ; line 729
5686 BINARY               a=98 b=14 c=99 imm=3  ; line 729
5687 MOVE                 R100 <- R99  ; line 729
5688 LOAD_CONST           R101 constant[1239]  ; line 730
5689 MOVE                 R102 <- R87  ; line 730
5690 MOVE                 R103 <- R101  ; line 730
5691 HOST_CALL            a=104 b=69 c=102 imm=2  ; line 730
5692 MOVE                 R105 <- R104  ; line 730
5693 BINARY               a=71 b=5 c=106 imm=2  ; line 731
5694 BINARY               a=40 b=106 c=107 imm=1  ; line 731
5695 MOVE                 R40 <- R107  ; line 731
5696 BINARY               a=100 b=5 c=106 imm=2  ; line 732
5697 BINARY               a=30 b=106 c=107 imm=1  ; line 732
5698 MOVE                 R30 <- R107  ; line 732
5699 BINARY               a=105 b=5 c=106 imm=2  ; line 733
5700 BINARY               a=35 b=106 c=107 imm=1  ; line 733
5701 MOVE                 R35 <- R107  ; line 733
5702 MOVE                 R106 <- R64  ; line 734
5703 HOST_CALL            a=107 b=69 c=106 imm=1  ; line 734
5704 BINARY               a=5 b=107 c=108 imm=2  ; line 734
5705 BINARY               a=45 b=108 c=109 imm=1  ; line 734
5706 MOVE                 R45 <- R109  ; line 734
5707 LOAD_CONST           R106 constant[1240]  ; line 735
5708 BINARY               a=47 b=106 c=107 imm=0  ; line 735
5709 MOVE                 R47 <- R107  ; line 735
5710 JUMP                 -> 5618  ; line 735
5711 LOAD_CONST           R106 constant[1241]  ; line 737
5712 LOAD_CONST           R107 constant[1242]  ; line 737
5713 LOAD_CONST           R108 constant[1243]  ; line 737
5714 LOAD_CONST           R109 constant[1244]  ; line 737
5715 MOVE                 R110 <- R106  ; line 737
5716 MOVE                 R111 <- R30  ; line 737
5717 MOVE                 R112 <- R107  ; line 737
5718 MOVE                 R113 <- R35  ; line 737
5719 MOVE                 R114 <- R108  ; line 737
5720 MOVE                 R115 <- R40  ; line 737
5721 MOVE                 R116 <- R109  ; line 737
5722 MOVE                 R117 <- R45  ; line 737
5723 HOST_CALL            a=118 b=6 c=110 imm=8  ; line 737
5724 RETURN               R118  ; line 737
5725 LOAD_CONST           R119 constant[1245]  ; line 737
5726 RETURN               R119  ; line 737
5727 MOVE                 R2 <- R0  ; line 741
5728 CALL                 a=3 b=97 c=2 imm=1  ; line 741
5729 MOVE                 R4 <- R3  ; line 741
5730 LOAD_CONST           R5 constant[1246]  ; line 742
5731 COMPARE              a=4 b=5 c=6 imm=1  ; line 742
5732 JUMP_IF_FALSE        R6 -> 5741  ; line 742
5733 LOAD_CONST           R5 constant[1247]  ; line 742
5734 LOAD_CONST           R6 constant[1248]  ; line 742
5735 MOVE                 R7 <- R5  ; line 742
5736 MOVE                 R8 <- R4  ; line 742
5737 MOVE                 R9 <- R6  ; line 742
5738 CALL                 a=10 b=86 c=7 imm=3  ; line 742
5739 RETURN               R10  ; line 742
5740 JUMP                 -> 5741  ; line 742
5741 LOAD_CONST           R5 constant[1249]  ; line 743
5742 MOVE                 R6 <- R0  ; line 743
5743 MOVE                 R7 <- R5  ; line 743
5744 HOST_CALL            a=8 b=11 c=6 imm=2  ; line 743
5745 MOVE                 R9 <- R8  ; line 743
5746 LOAD_CONST           R10 constant[1250]  ; line 744
5747 MOVE                 R11 <- R0  ; line 744
5748 MOVE                 R12 <- R10  ; line 744
5749 HOST_CALL            a=13 b=11 c=11 imm=2  ; line 744
5750 MOVE                 R14 <- R13  ; line 744
5751 MOVE                 R15 <- R9  ; line 745
5752 HOST_CALL            a=16 b=61 c=15 imm=1  ; line 745
5753 LOAD_CONST           R17 constant[1251]  ; line 745
5754 MOVE                 R18 <- R16  ; line 745
5755 MOVE                 R19 <- R17  ; line 745
5756 HOST_CALL            a=20 b=11 c=18 imm=2  ; line 745
5757 MOVE                 R21 <- R20  ; line 745
5758 MOVE                 R22 <- R9  ; line 746
5759 HOST_CALL            a=23 b=61 c=22 imm=1  ; line 746
5760 LOAD_CONST           R24 constant[1252]  ; line 746
5761 MOVE                 R25 <- R23  ; line 746
5762 MOVE                 R26 <- R24  ; line 746
5763 HOST_CALL            a=27 b=11 c=25 imm=2  ; line 746
5764 MOVE                 R28 <- R27  ; line 746
5765 LOAD_CONST           R29 constant[1253]  ; line 747
5766 LOAD_CONST           R30 constant[1254]  ; line 747
5767 MOVE                 R31 <- R1  ; line 747
5768 MOVE                 R32 <- R29  ; line 747
5769 MOVE                 R33 <- R30  ; line 747
5770 CALL                 a=34 b=87 c=31 imm=3  ; line 747
5771 MOVE                 R35 <- R34  ; line 747
5772 LOAD_CONST           R36 constant[1255]  ; line 748
5773 LOAD_CONST           R37 constant[1256]  ; line 748
5774 MOVE                 R38 <- R1  ; line 748
5775 MOVE                 R39 <- R36  ; line 748
5776 MOVE                 R40 <- R37  ; line 748
5777 CALL                 a=41 b=87 c=38 imm=3  ; line 748
5778 MOVE                 R42 <- R41  ; line 748
5779 LOAD_CONST           R43 constant[1257]  ; line 749
5780 LOAD_CONST           R44 constant[1258]  ; line 749
5781 MOVE                 R45 <- R1  ; line 749
5782 MOVE                 R46 <- R43  ; line 749
5783 MOVE                 R47 <- R44  ; line 749
5784 CALL                 a=48 b=87 c=45 imm=3  ; line 749
5785 MOVE                 R49 <- R48  ; line 749
5786 LOAD_CONST           R50 constant[1259]  ; line 750
5787 LOAD_CONST           R51 constant[1260]  ; line 750
5788 MOVE                 R52 <- R1  ; line 750
5789 MOVE                 R53 <- R50  ; line 750
5790 MOVE                 R54 <- R51  ; line 750
5791 CALL                 a=55 b=87 c=52 imm=3  ; line 750
5792 MOVE                 R56 <- R55  ; line 750
5793 LOAD_CONST           R57 constant[1261]  ; line 751
5794 COMPARE              a=35 b=57 c=58 imm=2  ; line 751
5795 JUMP_IF_FALSE        R58 -> 5805  ; line 751
5796 LOAD_CONST           R57 constant[1262]  ; line 751
5797 LOAD_CONST           R58 constant[1263]  ; line 751
5798 LOAD_CONST           R59 constant[1264]  ; line 751
5799 MOVE                 R60 <- R57  ; line 751
5800 MOVE                 R61 <- R58  ; line 751
5801 MOVE                 R62 <- R59  ; line 751
5802 CALL                 a=63 b=86 c=60 imm=3  ; line 751
5803 RETURN               R63  ; line 751
5804 JUMP                 -> 5805  ; line 751
5805 LOAD_CONST           R57 constant[1265]  ; line 752
5806 COMPARE              a=42 b=57 c=58 imm=2  ; line 752
5807 JUMP_IF_FALSE        R58 -> 5817  ; line 752
5808 LOAD_CONST           R57 constant[1266]  ; line 752
5809 LOAD_CONST           R58 constant[1267]  ; line 752
5810 LOAD_CONST           R59 constant[1268]  ; line 752
5811 MOVE                 R60 <- R57  ; line 752
5812 MOVE                 R61 <- R58  ; line 752
5813 MOVE                 R62 <- R59  ; line 752
5814 CALL                 a=63 b=86 c=60 imm=3  ; line 752
5815 RETURN               R63  ; line 752
5816 JUMP                 -> 5817  ; line 752
5817 LOAD_CONST           R57 constant[1269]  ; line 753
5818 COMPARE              a=49 b=57 c=58 imm=3  ; line 753
5819 JUMP_IF_FALSE        R58 -> 5829  ; line 753
5820 LOAD_CONST           R57 constant[1270]  ; line 753
5821 LOAD_CONST           R58 constant[1271]  ; line 753
5822 LOAD_CONST           R59 constant[1272]  ; line 753
5823 MOVE                 R60 <- R57  ; line 753
5824 MOVE                 R61 <- R58  ; line 753
5825 MOVE                 R62 <- R59  ; line 753
5826 CALL                 a=63 b=86 c=60 imm=3  ; line 753
5827 RETURN               R63  ; line 753
5828 JUMP                 -> 5829  ; line 753
5829 LOAD_CONST           R57 constant[1273]  ; line 754
5830 COMPARE              a=56 b=57 c=58 imm=1  ; line 754
5831 JUMP_IF_FALSE        R58 -> 5845  ; line 754
5832 LOAD_CONST           R57 constant[1274]  ; line 755
5833 COMPARE              a=56 b=57 c=58 imm=1  ; line 755
5834 JUMP_IF_FALSE        R58 -> 5844  ; line 755
5835 LOAD_CONST           R57 constant[1275]  ; line 755
5836 LOAD_CONST           R58 constant[1276]  ; line 755
5837 LOAD_CONST           R59 constant[1277]  ; line 755
5838 MOVE                 R60 <- R57  ; line 755
5839 MOVE                 R61 <- R58  ; line 755
5840 MOVE                 R62 <- R59  ; line 755
5841 CALL                 a=63 b=86 c=60 imm=3  ; line 755
5842 RETURN               R63  ; line 755
5843 JUMP                 -> 5844  ; line 755
5844 JUMP                 -> 5845  ; line 755
5845 LOAD_CONST           R57 constant[1278]  ; line 757
5846 MOVE                 R58 <- R1  ; line 757
5847 MOVE                 R59 <- R57  ; line 757
5848 HOST_CALL            a=60 b=11 c=58 imm=2  ; line 757
5849 MOVE                 R61 <- R60  ; line 757
5850 MOVE                 R62 <- R9  ; line 758
5851 HOST_CALL            a=63 b=60 c=62 imm=1  ; line 758
5852 MOVE                 R64 <- R28  ; line 758
5853 MOVE                 R65 <- R35  ; line 758
5854 MOVE                 R66 <- R63  ; line 758
5855 MOVE                 R67 <- R61  ; line 758
5856 CALL                 a=68 b=109 c=64 imm=4  ; line 758
5857 MOVE                 R69 <- R68  ; line 758
5858 MOVE                 R70 <- R9  ; line 759
5859 MOVE                 R71 <- R14  ; line 759
5860 MOVE                 R72 <- R69  ; line 759
5861 MOVE                 R73 <- R35  ; line 759
5862 MOVE                 R74 <- R42  ; line 759
5863 MOVE                 R75 <- R49  ; line 759
5864 MOVE                 R76 <- R56  ; line 759
5865 MOVE                 R77 <- R61  ; line 759
5866 CALL                 a=78 b=110 c=70 imm=8  ; line 759
5867 MOVE                 R79 <- R78  ; line 759
5868 LOAD_CONST           R80 constant[1279]  ; line 760
5869 MOVE                 R81 <- R79  ; line 760
5870 MOVE                 R82 <- R80  ; line 760
5871 HOST_CALL            a=83 b=11 c=81 imm=2  ; line 760
5872 MOVE                 R84 <- R9  ; line 760
5873 MOVE                 R85 <- R83  ; line 760
5874 HOST_CALL            a=86 b=67 c=84 imm=2  ; line 760
5875 LOAD_CONST           R87 constant[1280]  ; line 760
5876 MOVE                 R88 <- R79  ; line 760
5877 MOVE                 R89 <- R87  ; line 760
5878 HOST_CALL            a=90 b=11 c=88 imm=2  ; line 760
5879 BINARY               a=86 b=90 c=91 imm=0  ; line 760
5880 MOVE                 R92 <- R91  ; line 760
5881 HOST_CALL            a=93 b=172 c=92 imm=1  ; line 760
5882 MOVE                 R94 <- R93  ; line 760
5883 LOAD_CONST           R95 constant[1281]  ; line 761
5884 MOVE                 R96 <- R79  ; line 761
5885 MOVE                 R97 <- R95  ; line 761
5886 HOST_CALL            a=98 b=11 c=96 imm=2  ; line 761
5887 MOVE                 R99 <- R94  ; line 761
5888 MOVE                 R100 <- R98  ; line 761
5889 HOST_CALL            a=101 b=67 c=99 imm=2  ; line 761
5890 LOAD_CONST           R102 constant[1282]  ; line 761
5891 MOVE                 R103 <- R79  ; line 761
5892 MOVE                 R104 <- R102  ; line 761
5893 HOST_CALL            a=105 b=11 c=103 imm=2  ; line 761
5894 BINARY               a=101 b=105 c=106 imm=0  ; line 761
5895 MOVE                 R107 <- R106  ; line 761
5896 LOAD_CONST           R108 constant[1283]  ; line 762
5897 COMPARE              a=56 b=108 c=109 imm=0  ; line 762
5898 JUMP_IF_FALSE        R109 -> 5907  ; line 762
5899 MOVE                 R108 <- R107  ; line 763
5900 HOST_CALL            a=109 b=169 c=108 imm=1  ; line 763
5901 MOVE                 R110 <- R109  ; line 763
5902 LOAD_CONST           R111 constant[1284]  ; line 764
5903 BINARY               a=110 b=111 c=112 imm=0  ; line 764
5904 BINARY               a=110 b=112 c=113 imm=3  ; line 764
5905 MOVE                 R107 <- R113  ; line 764
5906 JUMP                 -> 5907  ; line 764
5907 MOVE                 R111 <- R107  ; line 766
5908 HOST_CALL            a=112 b=184 c=111 imm=1  ; line 766
5909 MOVE                 R113 <- R112  ; line 766
5910 MOVE                 R114 <- R14  ; line 767
5911 HOST_CALL            a=115 b=184 c=114 imm=1  ; line 767
5912 BINARY               a=113 b=115 c=116 imm=1  ; line 767
5913 MOVE                 R117 <- R14  ; line 767
5914 HOST_CALL            a=118 b=184 c=117 imm=1  ; line 767
5915 BINARY               a=113 b=118 c=119 imm=1  ; line 767
5916 BINARY               a=116 b=119 c=120 imm=2  ; line 767
5917 MOVE                 R121 <- R120  ; line 767
5918 HOST_CALL            a=122 b=69 c=121 imm=1  ; line 767
5919 MOVE                 R123 <- R122  ; line 767
5920 MOVE                 R124 <- R21  ; line 768
5921 MOVE                 R125 <- R123  ; line 768
5922 CALL                 a=126 b=99 c=124 imm=2  ; line 768
5923 MOVE                 R127 <- R126  ; line 768
5924 LOAD_CONST           R128 constant[1285]  ; line 769
5925 COMPARE              a=56 b=128 c=129 imm=0  ; line 769
5926 JUMP_IF_FALSE        R129 -> 5937  ; line 769
5927 LOAD_CONST           R128 constant[1286]  ; line 770
5928 UNARY                a=128 b=129 c=4294967295 imm=0  ; line 770
5929 BINARY               a=107 b=129 c=130 imm=2  ; line 770
5930 LOAD_CONST           R131 constant[1287]  ; line 770
5931 BINARY               a=130 b=131 c=132 imm=0  ; line 770
5932 BINARY               a=107 b=132 c=133 imm=2  ; line 770
5933 MOVE                 R134 <- R133  ; line 770
5934 HOST_CALL            a=135 b=184 c=134 imm=1  ; line 770
5935 MOVE                 R127 <- R135  ; line 770
5936 JUMP                 -> 5937  ; line 770
5937 LOAD_CONST           R128 constant[1288]  ; line 772
5938 LOAD_CONST           R129 constant[1289]  ; line 772
5939 LOAD_CONST           R130 constant[1290]  ; line 772
5940 LOAD_CONST           R131 constant[1291]  ; line 772
5941 LOAD_CONST           R132 constant[1292]  ; line 772
5942 LOAD_CONST           R133 constant[1293]  ; line 772
5943 LOAD_CONST           R134 constant[1294]  ; line 772
5944 LOAD_CONST           R135 constant[1295]  ; line 772
5945 MOVE                 R136 <- R79  ; line 772
5946 MOVE                 R137 <- R135  ; line 772
5947 HOST_CALL            a=138 b=11 c=136 imm=2  ; line 772
5948 LOAD_CONST           R139 constant[1296]  ; line 772
5949 LOAD_CONST           R140 constant[1297]  ; line 772
5950 MOVE                 R141 <- R79  ; line 772
5951 MOVE                 R142 <- R140  ; line 772
5952 HOST_CALL            a=143 b=11 c=141 imm=2  ; line 772
5953 LOAD_CONST           R144 constant[1298]  ; line 772
5954 LOAD_CONST           R145 constant[1299]  ; line 772
5955 MOVE                 R146 <- R79  ; line 772
5956 MOVE                 R147 <- R145  ; line 772
5957 HOST_CALL            a=148 b=11 c=146 imm=2  ; line 772
5958 LOAD_CONST           R149 constant[1300]  ; line 772
5959 LOAD_CONST           R150 constant[1301]  ; line 772
5960 MOVE                 R151 <- R79  ; line 772
5961 MOVE                 R152 <- R150  ; line 772
5962 HOST_CALL            a=153 b=11 c=151 imm=2  ; line 772
5963 LOAD_CONST           R154 constant[1302]  ; line 772
5964 MOVE                 R155 <- R134  ; line 772
5965 MOVE                 R156 <- R138  ; line 772
5966 MOVE                 R157 <- R139  ; line 772
5967 MOVE                 R158 <- R143  ; line 772
5968 MOVE                 R159 <- R144  ; line 772
5969 MOVE                 R160 <- R148  ; line 772
5970 MOVE                 R161 <- R149  ; line 772
5971 MOVE                 R162 <- R153  ; line 772
5972 MOVE                 R163 <- R154  ; line 772
5973 MOVE                 R164 <- R35  ; line 772
5974 HOST_CALL            a=165 b=6 c=155 imm=10  ; line 772
5975 LOAD_CONST           R166 constant[1303]  ; line 772
5976 LOAD_CONST           R167 constant[1304]  ; line 772
5977 MOVE                 R168 <- R167  ; line 772
5978 MOVE                 R169 <- R123  ; line 772
5979 HOST_CALL            a=170 b=6 c=168 imm=2  ; line 772
5980 LOAD_CONST           R171 constant[1305]  ; line 772
5981 ARRAY_NEW            a=172 b=172 c=0 imm=4294967295  ; line 772
5982 LOAD_CONST           R173 constant[1306]  ; line 772
5983 LOAD_CONST           R174 constant[1307]  ; line 772
5984 LOAD_CONST           R175 constant[1308]  ; line 772
5985 MOVE                 R176 <- R174  ; line 772
5986 MOVE                 R177 <- R42  ; line 772
5987 MOVE                 R178 <- R175  ; line 772
5988 MOVE                 R179 <- R49  ; line 772
5989 HOST_CALL            a=180 b=6 c=176 imm=4  ; line 772
5990 LOAD_CONST           R181 constant[1309]  ; line 772
5991 LOAD_CONST           R182 constant[1310]  ; line 772
5992 LOAD_CONST           R183 constant[1311]  ; line 772
5993 MOVE                 R184 <- R9  ; line 772
5994 HOST_CALL            a=185 b=60 c=184 imm=1  ; line 772
5995 LOAD_CONST           R186 constant[1312]  ; line 772
5996 LOAD_CONST           R187 constant[1313]  ; line 772
5997 MOVE                 R188 <- R128  ; line 772
5998 MOVE                 R189 <- R129  ; line 772
5999 MOVE                 R190 <- R130  ; line 772
6000 MOVE                 R191 <- R131  ; line 772
6001 MOVE                 R192 <- R132  ; line 772
6002 MOVE                 R193 <- R56  ; line 772
6003 MOVE                 R194 <- R133  ; line 772
6004 MOVE                 R195 <- R165  ; line 772
6005 MOVE                 R196 <- R166  ; line 772
6006 MOVE                 R197 <- R170  ; line 772
6007 MOVE                 R198 <- R171  ; line 772
6008 MOVE                 R199 <- R172  ; line 772
6009 MOVE                 R200 <- R173  ; line 772
6010 MOVE                 R201 <- R180  ; line 772
6011 MOVE                 R202 <- R181  ; line 772
6012 MOVE                 R203 <- R182  ; line 772
6013 MOVE                 R204 <- R183  ; line 772
6014 MOVE                 R205 <- R185  ; line 772
6015 MOVE                 R206 <- R186  ; line 772
6016 MOVE                 R207 <- R187  ; line 772
6017 HOST_CALL            a=208 b=6 c=188 imm=20  ; line 772
6018 MOVE                 R209 <- R208  ; line 772
6019 LOAD_CONST           R210 constant[1314]  ; line 779
6020 LOAD_CONST           R211 constant[1315]  ; line 779
6021 MOVE                 R212 <- R210  ; line 779
6022 MOVE                 R213 <- R123  ; line 779
6023 MOVE                 R214 <- R211  ; line 779
6024 MOVE                 R215 <- R21  ; line 779
6025 HOST_CALL            a=216 b=6 c=212 imm=4  ; line 779
6026 LOAD_CONST           R217 constant[1316]  ; line 779
6027 LOAD_CONST           R218 constant[1317]  ; line 779
6028 MOVE                 R219 <- R218  ; line 779
6029 ARRAY_NEW            a=220 b=219 c=1 imm=4294967295  ; line 779
6030 MOVE                 R221 <- R209  ; line 779
6031 MOVE                 R222 <- R113  ; line 779
6032 MOVE                 R223 <- R127  ; line 779
6033 MOVE                 R224 <- R216  ; line 779
6034 MOVE                 R225 <- R217  ; line 779
6035 MOVE                 R226 <- R220  ; line 779
6036 CALL                 a=227 b=101 c=221 imm=6  ; line 779
6037 RETURN               R227  ; line 779
6038 LOAD_CONST           R228 constant[1318]  ; line 779
6039 RETURN               R228  ; line 779
6040 MOVE                 R2 <- R1  ; line 784
6041 HOST_CALL            a=3 b=61 c=2 imm=1  ; line 784
6042 LOAD_CONST           R4 constant[1319]  ; line 784
6043 MOVE                 R5 <- R3  ; line 784
6044 MOVE                 R6 <- R4  ; line 784
6045 HOST_CALL            a=7 b=11 c=5 imm=2  ; line 784
6046 MOVE                 R8 <- R7  ; line 784
6047 MOVE                 R9 <- R1  ; line 785
6048 HOST_CALL            a=10 b=61 c=9 imm=1  ; line 785
6049 LOAD_CONST           R11 constant[1320]  ; line 785
6050 MOVE                 R12 <- R10  ; line 785
6051 MOVE                 R13 <- R11  ; line 785
6052 HOST_CALL            a=14 b=11 c=12 imm=2  ; line 785
6053 MOVE                 R15 <- R14  ; line 785
6054 LOAD_CONST           R16 constant[1321]  ; line 786
6055 MOVE                 R17 <- R0  ; line 786
6056 MOVE                 R18 <- R16  ; line 786
6057 HOST_CALL            a=19 b=11 c=17 imm=2  ; line 786
6058 LOAD_CONST           R20 constant[1322]  ; line 786
6059 MOVE                 R21 <- R19  ; line 786
6060 MOVE                 R22 <- R20  ; line 786
6061 HOST_CALL            a=23 b=11 c=21 imm=2  ; line 786
6062 MOVE                 R24 <- R23  ; line 786
6063 LOAD_CONST           R25 constant[1323]  ; line 787
6064 MOVE                 R26 <- R25  ; line 787
6065 HOST_CALL            a=27 b=22 c=26 imm=1  ; line 787
6066 MOVE                 R28 <- R27  ; line 787
6067 LOAD_CONST           R29 constant[1324]  ; line 788
6068 MOVE                 R30 <- R29  ; line 788
6069 COMPARE              a=30 b=8 c=31 imm=2  ; line 789
6070 JUMP_IF_FALSE        R31 -> 6169  ; line 789
6071 LOAD_CONST           R31 constant[1325]  ; line 790
6072 MOVE                 R32 <- R0  ; line 790
6073 MOVE                 R33 <- R31  ; line 790
6074 HOST_CALL            a=34 b=11 c=32 imm=2  ; line 790
6075 LOAD_CONST           R35 constant[1326]  ; line 790
6076 MOVE                 R36 <- R34  ; line 790
6077 MOVE                 R37 <- R35  ; line 790
6078 HOST_CALL            a=38 b=11 c=36 imm=2  ; line 790
6079 MOVE                 R39 <- R38  ; line 790
6080 LOAD_CONST           R40 constant[1327]  ; line 791
6081 MOVE                 R41 <- R40  ; line 791
6082 COMPARE              a=41 b=24 c=42 imm=2  ; line 792
6083 JUMP_IF_FALSE        R42 -> 6151  ; line 792
6084 LOAD_CONST           R42 constant[1328]  ; line 793
6085 MOVE                 R43 <- R0  ; line 793
6086 MOVE                 R44 <- R42  ; line 793
6087 HOST_CALL            a=45 b=11 c=43 imm=2  ; line 793
6088 LOAD_CONST           R46 constant[1329]  ; line 793
6089 MOVE                 R47 <- R45  ; line 793
6090 MOVE                 R48 <- R46  ; line 793
6091 HOST_CALL            a=49 b=11 c=47 imm=2  ; line 793
6092 MOVE                 R50 <- R49  ; line 793
6093 MOVE                 R51 <- R41  ; line 793
6094 HOST_CALL            a=52 b=11 c=50 imm=2  ; line 793
6095 MOVE                 R53 <- R52  ; line 793
6096 LOAD_CONST           R54 constant[1330]  ; line 794
6097 MOVE                 R55 <- R54  ; line 794
6098 COMPARE              a=55 b=15 c=56 imm=2  ; line 795
6099 JUMP_IF_FALSE        R56 -> 6127  ; line 795
6100 MOVE                 R56 <- R30  ; line 796
6101 MOVE                 R57 <- R55  ; line 796
6102 ARRAY_NEW            a=58 b=56 c=2 imm=4294967295  ; line 796
6103 MOVE                 R59 <- R1  ; line 796
6104 MOVE                 R60 <- R58  ; line 796
6105 HOST_CALL            a=61 b=11 c=59 imm=2  ; line 796
6106 LOAD_CONST           R62 constant[1331]  ; line 796
6107 MOVE                 R63 <- R0  ; line 796
6108 MOVE                 R64 <- R62  ; line 796
6109 HOST_CALL            a=65 b=11 c=63 imm=2  ; line 796
6110 LOAD_CONST           R66 constant[1332]  ; line 796
6111 MOVE                 R67 <- R65  ; line 796
6112 MOVE                 R68 <- R66  ; line 796
6113 HOST_CALL            a=69 b=11 c=67 imm=2  ; line 796
6114 MOVE                 R70 <- R55  ; line 796
6115 MOVE                 R71 <- R41  ; line 796
6116 ARRAY_NEW            a=72 b=70 c=2 imm=4294967295  ; line 796
6117 MOVE                 R73 <- R69  ; line 796
6118 MOVE                 R74 <- R72  ; line 796
6119 HOST_CALL            a=75 b=11 c=73 imm=2  ; line 796
6120 BINARY               a=61 b=75 c=76 imm=2  ; line 796
6121 BINARY               a=53 b=76 c=77 imm=0  ; line 796
6122 MOVE                 R53 <- R77  ; line 796
6123 LOAD_CONST           R56 constant[1333]  ; line 797
6124 BINARY               a=55 b=56 c=57 imm=0  ; line 797
6125 MOVE                 R55 <- R57  ; line 797
6126 JUMP                 -> 6098  ; line 797
6127 LOAD_CONST           R56 constant[1334]  ; line 799
6128 COMPARE              a=53 b=56 c=57 imm=2  ; line 799
6129 JUMP_IF_FALSE        R57 -> 6133  ; line 799
6130 LOAD_CONST           R56 constant[1335]  ; line 799
6131 MOVE                 R53 <- R56  ; line 799
6132 JUMP                 -> 6133  ; line 799
6133 LOAD_CONST           R56 constant[1336]  ; line 800
6134 MOVE                 R57 <- R0  ; line 800
6135 MOVE                 R58 <- R56  ; line 800
6136 HOST_CALL            a=59 b=11 c=57 imm=2  ; line 800
6137 LOAD_CONST           R60 constant[1337]  ; line 800
6138 MOVE                 R61 <- R59  ; line 800
6139 MOVE                 R62 <- R60  ; line 800
6140 HOST_CALL            a=63 b=11 c=61 imm=2  ; line 800
6141 MOVE                 R64 <- R63  ; line 800
6142 MOVE                 R65 <- R41  ; line 800
6143 HOST_CALL            a=66 b=11 c=64 imm=2  ; line 800
6144 BINARY               a=53 b=66 c=67 imm=2  ; line 800
6145 BINARY               a=39 b=67 c=68 imm=0  ; line 800
6146 MOVE                 R39 <- R68  ; line 800
6147 LOAD_CONST           R56 constant[1338]  ; line 801
6148 BINARY               a=41 b=56 c=57 imm=0  ; line 801
6149 MOVE                 R41 <- R57  ; line 801
6150 JUMP                 -> 6082  ; line 801
6151 LOAD_CONST           R56 constant[1339]  ; line 803
6152 MOVE                 R57 <- R0  ; line 803
6153 MOVE                 R58 <- R56  ; line 803
6154 HOST_CALL            a=59 b=11 c=57 imm=2  ; line 803
6155 LOAD_CONST           R60 constant[1340]  ; line 803
6156 COMPARE              a=59 b=60 c=61 imm=0  ; line 803
6157 JUMP_IF_FALSE        R61 -> 6162  ; line 803
6158 MOVE                 R56 <- R39  ; line 803
6159 CALL                 a=57 b=92 c=56 imm=1  ; line 803
6160 MOVE                 R39 <- R57  ; line 803
6161 JUMP                 -> 6162  ; line 803
6162 MOVE                 R56 <- R28  ; line 804
6163 MOVE                 R57 <- R39  ; line 804
6164 HOST_CALL            a=58 b=23 c=56 imm=2  ; line 804
6165 LOAD_CONST           R56 constant[1341]  ; line 805
6166 BINARY               a=30 b=56 c=57 imm=0  ; line 805
6167 MOVE                 R30 <- R57  ; line 805
6168 JUMP                 -> 6069  ; line 805
6169 RETURN               R28  ; line 807
6170 LOAD_CONST           R56 constant[1342]  ; line 807
6171 RETURN               R56  ; line 807
6172 LOAD_CONST           R2 constant[1343]  ; line 811
6173 MOVE                 R3 <- R2  ; line 811
6174 HOST_CALL            a=4 b=22 c=3 imm=1  ; line 811
6175 MOVE                 R5 <- R4  ; line 811
6176 LOAD_CONST           R6 constant[1344]  ; line 812
6177 MOVE                 R7 <- R6  ; line 812
6178 COMPARE              a=7 b=0 c=8 imm=2  ; line 813
6179 JUMP_IF_FALSE        R8 -> 6189  ; line 813
6180 MOVE                 R8 <- R1  ; line 814
6181 CALL                 a=9 b=96 c=8 imm=1  ; line 814
6182 MOVE                 R10 <- R5  ; line 814
6183 MOVE                 R11 <- R9  ; line 814
6184 HOST_CALL            a=12 b=23 c=10 imm=2  ; line 814
6185 LOAD_CONST           R8 constant[1345]  ; line 815
6186 BINARY               a=7 b=8 c=9 imm=0  ; line 815
6187 MOVE                 R7 <- R9  ; line 815
6188 JUMP                 -> 6178  ; line 815
6189 RETURN               R5  ; line 817
6190 LOAD_CONST           R8 constant[1346]  ; line 817
6191 RETURN               R8  ; line 817
6192 MOVE                 R1 <- R0  ; line 821
6193 MOVE                 R2 <- R0  ; line 821
6194 CALL                 a=3 b=113 c=1 imm=2  ; line 821
6195 MOVE                 R4 <- R3  ; line 821
6196 LOAD_CONST           R5 constant[1347]  ; line 822
6197 MOVE                 R6 <- R5  ; line 822
6198 COMPARE              a=6 b=0 c=7 imm=2  ; line 823
6199 JUMP_IF_FALSE        R7 -> 6213  ; line 823
6200 MOVE                 R7 <- R4  ; line 824
6201 MOVE                 R8 <- R6  ; line 824
6202 HOST_CALL            a=9 b=11 c=7 imm=2  ; line 824
6203 MOVE                 R10 <- R9  ; line 824
6204 LOAD_CONST           R11 constant[1348]  ; line 825
6205 MOVE                 R12 <- R10  ; line 825
6206 MOVE                 R13 <- R6  ; line 825
6207 MOVE                 R14 <- R11  ; line 825
6208 HOST_CALL            a=15 b=12 c=12 imm=3  ; line 825
6209 LOAD_CONST           R11 constant[1349]  ; line 826
6210 BINARY               a=6 b=11 c=12 imm=0  ; line 826
6211 MOVE                 R6 <- R12  ; line 826
6212 JUMP                 -> 6198  ; line 826
6213 RETURN               R4  ; line 828
6214 LOAD_CONST           R11 constant[1350]  ; line 828
6215 RETURN               R11  ; line 828
6216 MOVE                 R1 <- R0  ; line 832
6217 HOST_CALL            a=2 b=61 c=1 imm=1  ; line 832
6218 MOVE                 R3 <- R2  ; line 832
6219 LOAD_CONST           R4 constant[1351]  ; line 833
6220 MOVE                 R5 <- R3  ; line 833
6221 MOVE                 R6 <- R4  ; line 833
6222 HOST_CALL            a=7 b=11 c=5 imm=2  ; line 833
6223 LOAD_CONST           R8 constant[1352]  ; line 833
6224 MOVE                 R9 <- R3  ; line 833
6225 MOVE                 R10 <- R8  ; line 833
6226 HOST_CALL            a=11 b=11 c=9 imm=2  ; line 833
6227 MOVE                 R12 <- R7  ; line 833
6228 MOVE                 R13 <- R11  ; line 833
6229 CALL                 a=14 b=113 c=12 imm=2  ; line 833
6230 MOVE                 R15 <- R14  ; line 833
6231 LOAD_CONST           R16 constant[1353]  ; line 834
6232 MOVE                 R17 <- R16  ; line 834
6233 LOAD_CONST           R18 constant[1354]  ; line 835
6234 MOVE                 R19 <- R3  ; line 835
6235 MOVE                 R20 <- R18  ; line 835
6236 HOST_CALL            a=21 b=11 c=19 imm=2  ; line 835
6237 COMPARE              a=17 b=21 c=22 imm=2  ; line 835
6238 JUMP_IF_FALSE        R22 -> 6269  ; line 835
6239 MOVE                 R18 <- R15  ; line 836
6240 MOVE                 R19 <- R17  ; line 836
6241 HOST_CALL            a=20 b=11 c=18 imm=2  ; line 836
6242 MOVE                 R21 <- R20  ; line 836
6243 LOAD_CONST           R22 constant[1355]  ; line 837
6244 MOVE                 R23 <- R22  ; line 837
6245 LOAD_CONST           R24 constant[1356]  ; line 838
6246 MOVE                 R25 <- R3  ; line 838
6247 MOVE                 R26 <- R24  ; line 838
6248 HOST_CALL            a=27 b=11 c=25 imm=2  ; line 838
6249 COMPARE              a=23 b=27 c=28 imm=2  ; line 838
6250 JUMP_IF_FALSE        R28 -> 6265  ; line 838
6251 MOVE                 R24 <- R17  ; line 839
6252 MOVE                 R25 <- R23  ; line 839
6253 ARRAY_NEW            a=26 b=24 c=2 imm=4294967295  ; line 839
6254 MOVE                 R27 <- R0  ; line 839
6255 MOVE                 R28 <- R26  ; line 839
6256 HOST_CALL            a=29 b=11 c=27 imm=2  ; line 839
6257 MOVE                 R30 <- R21  ; line 839
6258 MOVE                 R31 <- R23  ; line 839
6259 MOVE                 R32 <- R29  ; line 839
6260 HOST_CALL            a=33 b=12 c=30 imm=3  ; line 839
6261 LOAD_CONST           R24 constant[1357]  ; line 840
6262 BINARY               a=23 b=24 c=25 imm=0  ; line 840
6263 MOVE                 R23 <- R25  ; line 840
6264 JUMP                 -> 6245  ; line 840
6265 LOAD_CONST           R24 constant[1358]  ; line 842
6266 BINARY               a=17 b=24 c=25 imm=0  ; line 842
6267 MOVE                 R17 <- R25  ; line 842
6268 JUMP                 -> 6233  ; line 842
6269 RETURN               R15  ; line 844
6270 LOAD_CONST           R24 constant[1359]  ; line 844
6271 RETURN               R24  ; line 844
6272 MOVE                 R1 <- R0  ; line 848
6273 HOST_CALL            a=2 b=61 c=1 imm=1  ; line 848
6274 LOAD_CONST           R3 constant[1360]  ; line 848
6275 MOVE                 R4 <- R2  ; line 848
6276 MOVE                 R5 <- R3  ; line 848
6277 HOST_CALL            a=6 b=11 c=4 imm=2  ; line 848
6278 MOVE                 R7 <- R6  ; line 848
6279 MOVE                 R8 <- R7  ; line 849
6280 CALL                 a=9 b=96 c=8 imm=1  ; line 849
6281 MOVE                 R10 <- R9  ; line 849
6282 LOAD_CONST           R11 constant[1361]  ; line 850
6283 MOVE                 R12 <- R11  ; line 850
6284 COMPARE              a=12 b=7 c=13 imm=2  ; line 851
6285 JUMP_IF_FALSE        R13 -> 6297  ; line 851
6286 MOVE                 R13 <- R0  ; line 852
6287 MOVE                 R14 <- R12  ; line 852
6288 HOST_CALL            a=15 b=11 c=13 imm=2  ; line 852
6289 MOVE                 R16 <- R10  ; line 852
6290 MOVE                 R17 <- R12  ; line 852
6291 MOVE                 R18 <- R15  ; line 852
6292 HOST_CALL            a=19 b=12 c=16 imm=3  ; line 852
6293 LOAD_CONST           R13 constant[1362]  ; line 853
6294 BINARY               a=12 b=13 c=14 imm=0  ; line 853
6295 MOVE                 R12 <- R14  ; line 853
6296 JUMP                 -> 6284  ; line 853
6297 RETURN               R10  ; line 855
6298 LOAD_CONST           R13 constant[1363]  ; line 855
6299 RETURN               R13  ; line 855
6300 MOVE                 R1 <- R0  ; line 859
6301 HOST_CALL            a=2 b=26 c=1 imm=1  ; line 859
6302 MOVE                 R3 <- R2  ; line 859
6303 LOAD_CONST           R4 constant[1364]  ; line 860
6304 MOVE                 R5 <- R0  ; line 860
6305 MOVE                 R6 <- R4  ; line 860
6306 HOST_CALL            a=7 b=11 c=5 imm=2  ; line 860
6307 MOVE                 R8 <- R7  ; line 860
6308 HOST_CALL            a=9 b=26 c=8 imm=1  ; line 860
6309 MOVE                 R10 <- R9  ; line 860
6310 MOVE                 R11 <- R10  ; line 861
6311 MOVE                 R12 <- R3  ; line 861
6312 CALL                 a=13 b=113 c=11 imm=2  ; line 861
6313 MOVE                 R14 <- R13  ; line 861
6314 LOAD_CONST           R15 constant[1365]  ; line 862
6315 MOVE                 R16 <- R15  ; line 862
6316 COMPARE              a=16 b=3 c=17 imm=2  ; line 863
6317 JUMP_IF_FALSE        R17 -> 6344  ; line 863
6318 LOAD_CONST           R17 constant[1366]  ; line 864
6319 MOVE                 R18 <- R17  ; line 864
6320 COMPARE              a=18 b=10 c=19 imm=2  ; line 865
6321 JUMP_IF_FALSE        R19 -> 6340  ; line 865
6322 MOVE                 R19 <- R14  ; line 866
6323 MOVE                 R20 <- R18  ; line 866
6324 HOST_CALL            a=21 b=11 c=19 imm=2  ; line 866
6325 MOVE                 R22 <- R21  ; line 866
6326 MOVE                 R23 <- R0  ; line 867
6327 MOVE                 R24 <- R16  ; line 867
6328 HOST_CALL            a=25 b=11 c=23 imm=2  ; line 867
6329 MOVE                 R26 <- R25  ; line 867
6330 MOVE                 R27 <- R18  ; line 867
6331 HOST_CALL            a=28 b=11 c=26 imm=2  ; line 867
6332 MOVE                 R29 <- R22  ; line 867
6333 MOVE                 R30 <- R16  ; line 867
6334 MOVE                 R31 <- R28  ; line 867
6335 HOST_CALL            a=32 b=12 c=29 imm=3  ; line 867
6336 LOAD_CONST           R23 constant[1367]  ; line 868
6337 BINARY               a=18 b=23 c=24 imm=0  ; line 868
6338 MOVE                 R18 <- R24  ; line 868
6339 JUMP                 -> 6320  ; line 868
6340 LOAD_CONST           R23 constant[1368]  ; line 870
6341 BINARY               a=16 b=23 c=24 imm=0  ; line 870
6342 MOVE                 R16 <- R24  ; line 870
6343 JUMP                 -> 6316  ; line 870
6344 RETURN               R14  ; line 872
6345 LOAD_CONST           R23 constant[1369]  ; line 872
6346 RETURN               R23  ; line 872
6347 MOVE                 R2 <- R0  ; line 876
6348 HOST_CALL            a=3 b=26 c=2 imm=1  ; line 876
6349 MOVE                 R4 <- R3  ; line 876
6350 LOAD_CONST           R5 constant[1370]  ; line 877
6351 MOVE                 R6 <- R0  ; line 877
6352 MOVE                 R7 <- R5  ; line 877
6353 HOST_CALL            a=8 b=11 c=6 imm=2  ; line 877
6354 MOVE                 R9 <- R8  ; line 877
6355 HOST_CALL            a=10 b=26 c=9 imm=1  ; line 877
6356 MOVE                 R11 <- R10  ; line 877
6357 MOVE                 R12 <- R4  ; line 878
6358 MOVE                 R13 <- R11  ; line 878
6359 CALL                 a=14 b=113 c=12 imm=2  ; line 878
6360 MOVE                 R15 <- R14  ; line 878
6361 LOAD_CONST           R16 constant[1371]  ; line 879
6362 MOVE                 R17 <- R16  ; line 879
6363 COMPARE              a=17 b=4 c=18 imm=2  ; line 880
6364 JUMP_IF_FALSE        R18 -> 6398  ; line 880
6365 MOVE                 R18 <- R15  ; line 881
6366 MOVE                 R19 <- R17  ; line 881
6367 HOST_CALL            a=20 b=11 c=18 imm=2  ; line 881
6368 MOVE                 R21 <- R20  ; line 881
6369 LOAD_CONST           R22 constant[1372]  ; line 882
6370 MOVE                 R23 <- R22  ; line 882
6371 COMPARE              a=23 b=11 c=24 imm=2  ; line 883
6372 JUMP_IF_FALSE        R24 -> 6394  ; line 883
6373 MOVE                 R24 <- R0  ; line 884
6374 MOVE                 R25 <- R17  ; line 884
6375 HOST_CALL            a=26 b=11 c=24 imm=2  ; line 884
6376 MOVE                 R27 <- R26  ; line 884
6377 MOVE                 R28 <- R23  ; line 884
6378 HOST_CALL            a=29 b=11 c=27 imm=2  ; line 884
6379 MOVE                 R30 <- R1  ; line 884
6380 MOVE                 R31 <- R17  ; line 884
6381 HOST_CALL            a=32 b=11 c=30 imm=2  ; line 884
6382 MOVE                 R33 <- R32  ; line 884
6383 MOVE                 R34 <- R23  ; line 884
6384 HOST_CALL            a=35 b=11 c=33 imm=2  ; line 884
6385 BINARY               a=29 b=35 c=36 imm=0  ; line 884
6386 MOVE                 R37 <- R21  ; line 884
6387 MOVE                 R38 <- R23  ; line 884
6388 MOVE                 R39 <- R36  ; line 884
6389 HOST_CALL            a=40 b=12 c=37 imm=3  ; line 884
6390 LOAD_CONST           R24 constant[1373]  ; line 885
6391 BINARY               a=23 b=24 c=25 imm=0  ; line 885
6392 MOVE                 R23 <- R25  ; line 885
6393 JUMP                 -> 6371  ; line 885
6394 LOAD_CONST           R24 constant[1374]  ; line 887
6395 BINARY               a=17 b=24 c=25 imm=0  ; line 887
6396 MOVE                 R17 <- R25  ; line 887
6397 JUMP                 -> 6363  ; line 887
6398 RETURN               R15  ; line 889
6399 LOAD_CONST           R24 constant[1375]  ; line 889
6400 RETURN               R24  ; line 889
6401 MOVE                 R2 <- R0  ; line 893
6402 HOST_CALL            a=3 b=26 c=2 imm=1  ; line 893
6403 MOVE                 R4 <- R3  ; line 893
6404 LOAD_CONST           R5 constant[1376]  ; line 894
6405 MOVE                 R6 <- R0  ; line 894
6406 MOVE                 R7 <- R5  ; line 894
6407 HOST_CALL            a=8 b=11 c=6 imm=2  ; line 894
6408 MOVE                 R9 <- R8  ; line 894
6409 HOST_CALL            a=10 b=26 c=9 imm=1  ; line 894
6410 MOVE                 R11 <- R10  ; line 894
6411 MOVE                 R12 <- R4  ; line 895
6412 MOVE                 R13 <- R11  ; line 895
6413 CALL                 a=14 b=113 c=12 imm=2  ; line 895
6414 MOVE                 R15 <- R14  ; line 895
6415 LOAD_CONST           R16 constant[1377]  ; line 896
6416 MOVE                 R17 <- R16  ; line 896
6417 COMPARE              a=17 b=4 c=18 imm=2  ; line 897
6418 JUMP_IF_FALSE        R18 -> 6452  ; line 897
6419 MOVE                 R18 <- R15  ; line 898
6420 MOVE                 R19 <- R17  ; line 898
6421 HOST_CALL            a=20 b=11 c=18 imm=2  ; line 898
6422 MOVE                 R21 <- R20  ; line 898
6423 LOAD_CONST           R22 constant[1378]  ; line 899
6424 MOVE                 R23 <- R22  ; line 899
6425 COMPARE              a=23 b=11 c=24 imm=2  ; line 900
6426 JUMP_IF_FALSE        R24 -> 6448  ; line 900
6427 MOVE                 R24 <- R0  ; line 901
6428 MOVE                 R25 <- R17  ; line 901
6429 HOST_CALL            a=26 b=11 c=24 imm=2  ; line 901
6430 MOVE                 R27 <- R26  ; line 901
6431 MOVE                 R28 <- R23  ; line 901
6432 HOST_CALL            a=29 b=11 c=27 imm=2  ; line 901
6433 MOVE                 R30 <- R1  ; line 901
6434 MOVE                 R31 <- R17  ; line 901
6435 HOST_CALL            a=32 b=11 c=30 imm=2  ; line 901
6436 MOVE                 R33 <- R32  ; line 901
6437 MOVE                 R34 <- R23  ; line 901
6438 HOST_CALL            a=35 b=11 c=33 imm=2  ; line 901
6439 BINARY               a=29 b=35 c=36 imm=1  ; line 901
6440 MOVE                 R37 <- R21  ; line 901
6441 MOVE                 R38 <- R23  ; line 901
6442 MOVE                 R39 <- R36  ; line 901
6443 HOST_CALL            a=40 b=12 c=37 imm=3  ; line 901
6444 LOAD_CONST           R24 constant[1379]  ; line 902
6445 BINARY               a=23 b=24 c=25 imm=0  ; line 902
6446 MOVE                 R23 <- R25  ; line 902
6447 JUMP                 -> 6425  ; line 902
6448 LOAD_CONST           R24 constant[1380]  ; line 904
6449 BINARY               a=17 b=24 c=25 imm=0  ; line 904
6450 MOVE                 R17 <- R25  ; line 904
6451 JUMP                 -> 6417  ; line 904
6452 RETURN               R15  ; line 906
6453 LOAD_CONST           R24 constant[1381]  ; line 906
6454 RETURN               R24  ; line 906
6455 MOVE                 R2 <- R0  ; line 910
6456 HOST_CALL            a=3 b=26 c=2 imm=1  ; line 910
6457 MOVE                 R4 <- R3  ; line 910
6458 MOVE                 R5 <- R1  ; line 911
6459 HOST_CALL            a=6 b=26 c=5 imm=1  ; line 911
6460 MOVE                 R7 <- R6  ; line 911
6461 LOAD_CONST           R8 constant[1382]  ; line 912
6462 MOVE                 R9 <- R1  ; line 912
6463 MOVE                 R10 <- R8  ; line 912
6464 HOST_CALL            a=11 b=11 c=9 imm=2  ; line 912
6465 MOVE                 R12 <- R11  ; line 912
6466 HOST_CALL            a=13 b=26 c=12 imm=1  ; line 912
6467 MOVE                 R14 <- R13  ; line 912
6468 MOVE                 R15 <- R4  ; line 913
6469 MOVE                 R16 <- R14  ; line 913
6470 CALL                 a=17 b=113 c=15 imm=2  ; line 913
6471 MOVE                 R18 <- R17  ; line 913
6472 LOAD_CONST           R19 constant[1383]  ; line 914
6473 MOVE                 R20 <- R19  ; line 914
6474 COMPARE              a=20 b=4 c=21 imm=2  ; line 915
6475 JUMP_IF_FALSE        R21 -> 6521  ; line 915
6476 MOVE                 R21 <- R18  ; line 916
6477 MOVE                 R22 <- R20  ; line 916
6478 HOST_CALL            a=23 b=11 c=21 imm=2  ; line 916
6479 MOVE                 R24 <- R23  ; line 916
6480 LOAD_CONST           R25 constant[1384]  ; line 917
6481 MOVE                 R26 <- R25  ; line 917
6482 COMPARE              a=26 b=14 c=27 imm=2  ; line 918
6483 JUMP_IF_FALSE        R27 -> 6517  ; line 918
6484 LOAD_CONST           R27 constant[1385]  ; line 919
6485 MOVE                 R28 <- R27  ; line 919
6486 LOAD_CONST           R29 constant[1386]  ; line 920
6487 MOVE                 R30 <- R29  ; line 920
6488 COMPARE              a=30 b=7 c=31 imm=2  ; line 921
6489 JUMP_IF_FALSE        R31 -> 6509  ; line 921
6490 MOVE                 R31 <- R0  ; line 922
6491 MOVE                 R32 <- R20  ; line 922
6492 HOST_CALL            a=33 b=11 c=31 imm=2  ; line 922
6493 MOVE                 R34 <- R33  ; line 922
6494 MOVE                 R35 <- R30  ; line 922
6495 HOST_CALL            a=36 b=11 c=34 imm=2  ; line 922
6496 MOVE                 R37 <- R1  ; line 922
6497 MOVE                 R38 <- R30  ; line 922
6498 HOST_CALL            a=39 b=11 c=37 imm=2  ; line 922
6499 MOVE                 R40 <- R39  ; line 922
6500 MOVE                 R41 <- R26  ; line 922
6501 HOST_CALL            a=42 b=11 c=40 imm=2  ; line 922
6502 BINARY               a=36 b=42 c=43 imm=2  ; line 922
6503 BINARY               a=28 b=43 c=44 imm=0  ; line 922
6504 MOVE                 R28 <- R44  ; line 922
6505 LOAD_CONST           R31 constant[1387]  ; line 923
6506 BINARY               a=30 b=31 c=32 imm=0  ; line 923
6507 MOVE                 R30 <- R32  ; line 923
6508 JUMP                 -> 6488  ; line 923
6509 MOVE                 R31 <- R24  ; line 925
6510 MOVE                 R32 <- R26  ; line 925
6511 MOVE                 R33 <- R28  ; line 925
6512 HOST_CALL            a=34 b=12 c=31 imm=3  ; line 925
6513 LOAD_CONST           R31 constant[1388]  ; line 926
6514 BINARY               a=26 b=31 c=32 imm=0  ; line 926
6515 MOVE                 R26 <- R32  ; line 926
6516 JUMP                 -> 6482  ; line 926
6517 LOAD_CONST           R31 constant[1389]  ; line 928
6518 BINARY               a=20 b=31 c=32 imm=0  ; line 928
6519 MOVE                 R20 <- R32  ; line 928
6520 JUMP                 -> 6474  ; line 928
6521 RETURN               R18  ; line 930
6522 LOAD_CONST           R31 constant[1390]  ; line 930
6523 RETURN               R31  ; line 930
6524 MOVE                 R2 <- R0  ; line 934
6525 HOST_CALL            a=3 b=26 c=2 imm=1  ; line 934
6526 MOVE                 R4 <- R3  ; line 934
6527 MOVE                 R5 <- R1  ; line 935
6528 HOST_CALL            a=6 b=26 c=5 imm=1  ; line 935
6529 MOVE                 R7 <- R6  ; line 935
6530 MOVE                 R8 <- R4  ; line 936
6531 CALL                 a=9 b=96 c=8 imm=1  ; line 936
6532 MOVE                 R10 <- R9  ; line 936
6533 LOAD_CONST           R11 constant[1391]  ; line 937
6534 MOVE                 R12 <- R11  ; line 937
6535 COMPARE              a=12 b=4 c=13 imm=2  ; line 938
6536 JUMP_IF_FALSE        R13 -> 6567  ; line 938
6537 LOAD_CONST           R13 constant[1392]  ; line 939
6538 MOVE                 R14 <- R13  ; line 939
6539 LOAD_CONST           R15 constant[1393]  ; line 940
6540 MOVE                 R16 <- R15  ; line 940
6541 COMPARE              a=16 b=7 c=17 imm=2  ; line 941
6542 JUMP_IF_FALSE        R17 -> 6559  ; line 941
6543 MOVE                 R17 <- R0  ; line 942
6544 MOVE                 R18 <- R12  ; line 942
6545 HOST_CALL            a=19 b=11 c=17 imm=2  ; line 942
6546 MOVE                 R20 <- R19  ; line 942
6547 MOVE                 R21 <- R16  ; line 942
6548 HOST_CALL            a=22 b=11 c=20 imm=2  ; line 942
6549 MOVE                 R23 <- R1  ; line 942
6550 MOVE                 R24 <- R16  ; line 942
6551 HOST_CALL            a=25 b=11 c=23 imm=2  ; line 942
6552 BINARY               a=22 b=25 c=26 imm=2  ; line 942
6553 BINARY               a=14 b=26 c=27 imm=0  ; line 942
6554 MOVE                 R14 <- R27  ; line 942
6555 LOAD_CONST           R17 constant[1394]  ; line 943
6556 BINARY               a=16 b=17 c=18 imm=0  ; line 943
6557 MOVE                 R16 <- R18  ; line 943
6558 JUMP                 -> 6541  ; line 943
6559 MOVE                 R17 <- R10  ; line 945
6560 MOVE                 R18 <- R12  ; line 945
6561 MOVE                 R19 <- R14  ; line 945
6562 HOST_CALL            a=20 b=12 c=17 imm=3  ; line 945
6563 LOAD_CONST           R17 constant[1395]  ; line 946
6564 BINARY               a=12 b=17 c=18 imm=0  ; line 946
6565 MOVE                 R12 <- R18  ; line 946
6566 JUMP                 -> 6535  ; line 946
6567 RETURN               R10  ; line 948
6568 LOAD_CONST           R17 constant[1396]  ; line 948
6569 RETURN               R17  ; line 948
6570 MOVE                 R2 <- R0  ; line 952
6571 HOST_CALL            a=3 b=26 c=2 imm=1  ; line 952
6572 MOVE                 R4 <- R3  ; line 952
6573 CALL                 a=5 b=96 c=4 imm=1  ; line 952
6574 MOVE                 R6 <- R5  ; line 952
6575 LOAD_CONST           R7 constant[1397]  ; line 953
6576 MOVE                 R8 <- R7  ; line 953
6577 MOVE                 R9 <- R0  ; line 954
6578 HOST_CALL            a=10 b=26 c=9 imm=1  ; line 954
6579 COMPARE              a=8 b=10 c=11 imm=2  ; line 954
6580 JUMP_IF_FALSE        R11 -> 6596  ; line 954
6581 MOVE                 R9 <- R0  ; line 955
6582 MOVE                 R10 <- R8  ; line 955
6583 HOST_CALL            a=11 b=11 c=9 imm=2  ; line 955
6584 MOVE                 R12 <- R1  ; line 955
6585 MOVE                 R13 <- R8  ; line 955
6586 HOST_CALL            a=14 b=11 c=12 imm=2  ; line 955
6587 BINARY               a=11 b=14 c=15 imm=0  ; line 955
6588 MOVE                 R16 <- R6  ; line 955
6589 MOVE                 R17 <- R8  ; line 955
6590 MOVE                 R18 <- R15  ; line 955
6591 HOST_CALL            a=19 b=12 c=16 imm=3  ; line 955
6592 LOAD_CONST           R9 constant[1398]  ; line 956
6593 BINARY               a=8 b=9 c=10 imm=0  ; line 956
6594 MOVE                 R8 <- R10  ; line 956
6595 JUMP                 -> 6577  ; line 956
6596 RETURN               R6  ; line 958
6597 LOAD_CONST           R9 constant[1399]  ; line 958
6598 RETURN               R9  ; line 958
6599 MOVE                 R2 <- R0  ; line 962
6600 HOST_CALL            a=3 b=26 c=2 imm=1  ; line 962
6601 MOVE                 R4 <- R3  ; line 962
6602 CALL                 a=5 b=96 c=4 imm=1  ; line 962
6603 MOVE                 R6 <- R5  ; line 962
6604 LOAD_CONST           R7 constant[1400]  ; line 963
6605 MOVE                 R8 <- R7  ; line 963
6606 MOVE                 R9 <- R0  ; line 964
6607 HOST_CALL            a=10 b=26 c=9 imm=1  ; line 964
6608 COMPARE              a=8 b=10 c=11 imm=2  ; line 964
6609 JUMP_IF_FALSE        R11 -> 6625  ; line 964
6610 MOVE                 R9 <- R0  ; line 965
6611 MOVE                 R10 <- R8  ; line 965
6612 HOST_CALL            a=11 b=11 c=9 imm=2  ; line 965
6613 MOVE                 R12 <- R1  ; line 965
6614 MOVE                 R13 <- R8  ; line 965
6615 HOST_CALL            a=14 b=11 c=12 imm=2  ; line 965
6616 BINARY               a=11 b=14 c=15 imm=1  ; line 965
6617 MOVE                 R16 <- R6  ; line 965
6618 MOVE                 R17 <- R8  ; line 965
6619 MOVE                 R18 <- R15  ; line 965
6620 HOST_CALL            a=19 b=12 c=16 imm=3  ; line 965
6621 LOAD_CONST           R9 constant[1401]  ; line 966
6622 BINARY               a=8 b=9 c=10 imm=0  ; line 966
6623 MOVE                 R8 <- R10  ; line 966
6624 JUMP                 -> 6606  ; line 966
6625 RETURN               R6  ; line 968
6626 LOAD_CONST           R9 constant[1402]  ; line 968
6627 RETURN               R9  ; line 968
6628 MOVE                 R1 <- R0  ; line 972
6629 HOST_CALL            a=2 b=26 c=1 imm=1  ; line 972
6630 MOVE                 R3 <- R2  ; line 972
6631 MOVE                 R4 <- R3  ; line 973
6632 MOVE                 R5 <- R3  ; line 973
6633 CALL                 a=6 b=113 c=4 imm=2  ; line 973
6634 MOVE                 R7 <- R6  ; line 973
6635 MOVE                 R8 <- R3  ; line 974
6636 CALL                 a=9 b=114 c=8 imm=1  ; line 974
6637 MOVE                 R10 <- R9  ; line 974
6638 LOAD_CONST           R11 constant[1403]  ; line 975
6639 MOVE                 R12 <- R11  ; line 975
6640 COMPARE              a=12 b=3 c=13 imm=2  ; line 976
6641 JUMP_IF_FALSE        R13 -> 6668  ; line 976
6642 MOVE                 R13 <- R7  ; line 977
6643 MOVE                 R14 <- R12  ; line 977
6644 HOST_CALL            a=15 b=11 c=13 imm=2  ; line 977
6645 MOVE                 R16 <- R15  ; line 977
6646 LOAD_CONST           R17 constant[1404]  ; line 978
6647 MOVE                 R18 <- R17  ; line 978
6648 COMPARE              a=18 b=3 c=19 imm=2  ; line 979
6649 JUMP_IF_FALSE        R19 -> 6664  ; line 979
6650 MOVE                 R19 <- R0  ; line 980
6651 MOVE                 R20 <- R12  ; line 980
6652 HOST_CALL            a=21 b=11 c=19 imm=2  ; line 980
6653 MOVE                 R22 <- R21  ; line 980
6654 MOVE                 R23 <- R18  ; line 980
6655 HOST_CALL            a=24 b=11 c=22 imm=2  ; line 980
6656 MOVE                 R25 <- R16  ; line 980
6657 MOVE                 R26 <- R18  ; line 980
6658 MOVE                 R27 <- R24  ; line 980
6659 HOST_CALL            a=28 b=12 c=25 imm=3  ; line 980
6660 LOAD_CONST           R19 constant[1405]  ; line 981
6661 BINARY               a=18 b=19 c=20 imm=0  ; line 981
6662 MOVE                 R18 <- R20  ; line 981
6663 JUMP                 -> 6648  ; line 981
6664 LOAD_CONST           R19 constant[1406]  ; line 983
6665 BINARY               a=12 b=19 c=20 imm=0  ; line 983
6666 MOVE                 R12 <- R20  ; line 983
6667 JUMP                 -> 6640  ; line 983
6668 LOAD_CONST           R19 constant[1407]  ; line 985
6669 MOVE                 R20 <- R19  ; line 985
6670 COMPARE              a=20 b=3 c=21 imm=2  ; line 986
6671 JUMP_IF_FALSE        R21 -> 6863  ; line 986
6672 MOVE                 R21 <- R20  ; line 987
6673 LOAD_CONST           R22 constant[1408]  ; line 988
6674 BINARY               a=20 b=22 c=23 imm=0  ; line 988
6675 MOVE                 R24 <- R23  ; line 988
6676 COMPARE              a=24 b=3 c=25 imm=2  ; line 989
6677 JUMP_IF_FALSE        R25 -> 6702  ; line 989
6678 MOVE                 R25 <- R7  ; line 990
6679 MOVE                 R26 <- R24  ; line 990
6680 HOST_CALL            a=27 b=11 c=25 imm=2  ; line 990
6681 MOVE                 R28 <- R27  ; line 990
6682 MOVE                 R29 <- R20  ; line 990
6683 HOST_CALL            a=30 b=11 c=28 imm=2  ; line 990
6684 MOVE                 R31 <- R30  ; line 990
6685 CALL                 a=32 b=89 c=31 imm=1  ; line 990
6686 MOVE                 R33 <- R7  ; line 990
6687 MOVE                 R34 <- R21  ; line 990
6688 HOST_CALL            a=35 b=11 c=33 imm=2  ; line 990
6689 MOVE                 R36 <- R35  ; line 990
6690 MOVE                 R37 <- R20  ; line 990
6691 HOST_CALL            a=38 b=11 c=36 imm=2  ; line 990
6692 MOVE                 R39 <- R38  ; line 990
6693 CALL                 a=40 b=89 c=39 imm=1  ; line 990
6694 COMPARE              a=32 b=40 c=41 imm=4  ; line 990
6695 JUMP_IF_FALSE        R41 -> 6698  ; line 990
6696 MOVE                 R21 <- R24  ; line 991
6697 JUMP                 -> 6698  ; line 991
6698 LOAD_CONST           R25 constant[1409]  ; line 993
6699 BINARY               a=24 b=25 c=26 imm=0  ; line 993
6700 MOVE                 R24 <- R26  ; line 993
6701 JUMP                 -> 6676  ; line 993
6702 MOVE                 R25 <- R7  ; line 995
6703 MOVE                 R26 <- R21  ; line 995
6704 HOST_CALL            a=27 b=11 c=25 imm=2  ; line 995
6705 MOVE                 R28 <- R27  ; line 995
6706 MOVE                 R29 <- R20  ; line 995
6707 HOST_CALL            a=30 b=11 c=28 imm=2  ; line 995
6708 MOVE                 R31 <- R30  ; line 995
6709 CALL                 a=32 b=89 c=31 imm=1  ; line 995
6710 LOAD_CONST           R33 constant[1410]  ; line 995
6711 COMPARE              a=32 b=33 c=34 imm=2  ; line 995
6712 JUMP_IF_FALSE        R34 -> 6732  ; line 995
6713 LOAD_CONST           R25 constant[1411]  ; line 996
6714 LOAD_CONST           R26 constant[1412]  ; line 996
6715 LOAD_CONST           R27 constant[1413]  ; line 996
6716 LOAD_CONST           R28 constant[1414]  ; line 996
6717 LOAD_CONST           R29 constant[1415]  ; line 996
6718 LOAD_CONST           R30 constant[1416]  ; line 996
6719 LOAD_CONST           R31 constant[1417]  ; line 996
6720 MOVE                 R32 <- R26  ; line 996
6721 MOVE                 R33 <- R27  ; line 996
6722 MOVE                 R34 <- R28  ; line 996
6723 MOVE                 R35 <- R29  ; line 996
6724 MOVE                 R36 <- R30  ; line 996
6725 MOVE                 R37 <- R31  ; line 996
6726 HOST_CALL            a=38 b=6 c=32 imm=6  ; line 996
6727 MOVE                 R39 <- R25  ; line 996
6728 MOVE                 R40 <- R38  ; line 996
6729 ARRAY_NEW            a=41 b=39 c=2 imm=4294967295  ; line 996
6730 RETURN               R41  ; line 996
6731 JUMP                 -> 6732  ; line 996
6732 COMPARE              a=21 b=20 c=25 imm=1  ; line 998
6733 JUMP_IF_FALSE        R25 -> 6765  ; line 998
6734 MOVE                 R25 <- R7  ; line 999
6735 MOVE                 R26 <- R20  ; line 999
6736 HOST_CALL            a=27 b=11 c=25 imm=2  ; line 999
6737 MOVE                 R28 <- R27  ; line 999
6738 MOVE                 R29 <- R7  ; line 1000
6739 MOVE                 R30 <- R21  ; line 1000
6740 HOST_CALL            a=31 b=11 c=29 imm=2  ; line 1000
6741 MOVE                 R32 <- R7  ; line 1000
6742 MOVE                 R33 <- R20  ; line 1000
6743 MOVE                 R34 <- R31  ; line 1000
6744 HOST_CALL            a=35 b=12 c=32 imm=3  ; line 1000
6745 MOVE                 R29 <- R7  ; line 1001
6746 MOVE                 R30 <- R21  ; line 1001
6747 MOVE                 R31 <- R28  ; line 1001
6748 HOST_CALL            a=32 b=12 c=29 imm=3  ; line 1001
6749 MOVE                 R29 <- R10  ; line 1002
6750 MOVE                 R30 <- R20  ; line 1002
6751 HOST_CALL            a=31 b=11 c=29 imm=2  ; line 1002
6752 MOVE                 R32 <- R31  ; line 1002
6753 MOVE                 R33 <- R10  ; line 1003
6754 MOVE                 R34 <- R21  ; line 1003
6755 HOST_CALL            a=35 b=11 c=33 imm=2  ; line 1003
6756 MOVE                 R36 <- R10  ; line 1003
6757 MOVE                 R37 <- R20  ; line 1003
6758 MOVE                 R38 <- R35  ; line 1003
6759 HOST_CALL            a=39 b=12 c=36 imm=3  ; line 1003
6760 MOVE                 R33 <- R10  ; line 1004
6761 MOVE                 R34 <- R21  ; line 1004
6762 MOVE                 R35 <- R32  ; line 1004
6763 HOST_CALL            a=36 b=12 c=33 imm=3  ; line 1004
6764 JUMP                 -> 6765  ; line 1004
6765 MOVE                 R33 <- R7  ; line 1006
6766 MOVE                 R34 <- R20  ; line 1006
6767 HOST_CALL            a=35 b=11 c=33 imm=2  ; line 1006
6768 MOVE                 R36 <- R35  ; line 1006
6769 MOVE                 R37 <- R10  ; line 1007
6770 MOVE                 R38 <- R20  ; line 1007
6771 HOST_CALL            a=39 b=11 c=37 imm=2  ; line 1007
6772 MOVE                 R40 <- R39  ; line 1007
6773 MOVE                 R41 <- R36  ; line 1008
6774 MOVE                 R42 <- R20  ; line 1008
6775 HOST_CALL            a=43 b=11 c=41 imm=2  ; line 1008
6776 MOVE                 R44 <- R43  ; line 1008
6777 LOAD_CONST           R45 constant[1418]  ; line 1009
6778 MOVE                 R46 <- R45  ; line 1009
6779 COMPARE              a=46 b=3 c=47 imm=2  ; line 1010
6780 JUMP_IF_FALSE        R47 -> 6801  ; line 1010
6781 MOVE                 R47 <- R36  ; line 1011
6782 MOVE                 R48 <- R46  ; line 1011
6783 HOST_CALL            a=49 b=11 c=47 imm=2  ; line 1011
6784 BINARY               a=49 b=44 c=50 imm=3  ; line 1011
6785 MOVE                 R51 <- R36  ; line 1011
6786 MOVE                 R52 <- R46  ; line 1011
6787 MOVE                 R53 <- R50  ; line 1011
6788 HOST_CALL            a=54 b=12 c=51 imm=3  ; line 1011
6789 MOVE                 R47 <- R40  ; line 1012
6790 MOVE                 R48 <- R46  ; line 1012
6791 HOST_CALL            a=49 b=11 c=47 imm=2  ; line 1012
6792 BINARY               a=49 b=44 c=50 imm=3  ; line 1012
6793 MOVE                 R51 <- R40  ; line 1012
6794 MOVE                 R52 <- R46  ; line 1012
6795 MOVE                 R53 <- R50  ; line 1012
6796 HOST_CALL            a=54 b=12 c=51 imm=3  ; line 1012
6797 LOAD_CONST           R47 constant[1419]  ; line 1013
6798 BINARY               a=46 b=47 c=48 imm=0  ; line 1013
6799 MOVE                 R46 <- R48  ; line 1013
6800 JUMP                 -> 6779  ; line 1013
6801 LOAD_CONST           R47 constant[1420]  ; line 1015
6802 MOVE                 R12 <- R47  ; line 1015
6803 COMPARE              a=12 b=3 c=47 imm=2  ; line 1016
6804 JUMP_IF_FALSE        R47 -> 6859  ; line 1016
6805 COMPARE              a=12 b=20 c=47 imm=1  ; line 1017
6806 JUMP_IF_FALSE        R47 -> 6855  ; line 1017
6807 MOVE                 R47 <- R7  ; line 1018
6808 MOVE                 R48 <- R12  ; line 1018
6809 HOST_CALL            a=49 b=11 c=47 imm=2  ; line 1018
6810 MOVE                 R50 <- R49  ; line 1018
6811 MOVE                 R51 <- R20  ; line 1018
6812 HOST_CALL            a=52 b=11 c=50 imm=2  ; line 1018
6813 MOVE                 R53 <- R52  ; line 1018
6814 MOVE                 R54 <- R7  ; line 1019
6815 MOVE                 R55 <- R12  ; line 1019
6816 HOST_CALL            a=56 b=11 c=54 imm=2  ; line 1019
6817 MOVE                 R57 <- R56  ; line 1019
6818 MOVE                 R58 <- R10  ; line 1020
6819 MOVE                 R59 <- R12  ; line 1020
6820 HOST_CALL            a=60 b=11 c=58 imm=2  ; line 1020
6821 MOVE                 R61 <- R60  ; line 1020
6822 LOAD_CONST           R62 constant[1421]  ; line 1021
6823 MOVE                 R46 <- R62  ; line 1021
6824 COMPARE              a=46 b=3 c=62 imm=2  ; line 1022
6825 JUMP_IF_FALSE        R62 -> 6854  ; line 1022
6826 MOVE                 R62 <- R57  ; line 1023
6827 MOVE                 R63 <- R46  ; line 1023
6828 HOST_CALL            a=64 b=11 c=62 imm=2  ; line 1023
6829 MOVE                 R65 <- R36  ; line 1023
6830 MOVE                 R66 <- R46  ; line 1023
6831 HOST_CALL            a=67 b=11 c=65 imm=2  ; line 1023
6832 BINARY               a=53 b=67 c=68 imm=2  ; line 1023
6833 BINARY               a=64 b=68 c=69 imm=1  ; line 1023
6834 MOVE                 R70 <- R57  ; line 1023
6835 MOVE                 R71 <- R46  ; line 1023
6836 MOVE                 R72 <- R69  ; line 1023
6837 HOST_CALL            a=73 b=12 c=70 imm=3  ; line 1023
6838 MOVE                 R62 <- R61  ; line 1024
6839 MOVE                 R63 <- R46  ; line 1024
6840 HOST_CALL            a=64 b=11 c=62 imm=2  ; line 1024
6841 MOVE                 R65 <- R40  ; line 1024
6842 MOVE                 R66 <- R46  ; line 1024
6843 HOST_CALL            a=67 b=11 c=65 imm=2  ; line 1024
6844 BINARY               a=53 b=67 c=68 imm=2  ; line 1024
6845 BINARY               a=64 b=68 c=69 imm=1  ; line 1024
6846 MOVE                 R70 <- R61  ; line 1024
6847 MOVE                 R71 <- R46  ; line 1024
6848 MOVE                 R72 <- R69  ; line 1024
6849 HOST_CALL            a=73 b=12 c=70 imm=3  ; line 1024
6850 LOAD_CONST           R62 constant[1422]  ; line 1025
6851 BINARY               a=46 b=62 c=63 imm=0  ; line 1025
6852 MOVE                 R46 <- R63  ; line 1025
6853 JUMP                 -> 6824  ; line 1025
6854 JUMP                 -> 6855  ; line 1025
6855 LOAD_CONST           R62 constant[1423]  ; line 1028
6856 BINARY               a=12 b=62 c=63 imm=0  ; line 1028
6857 MOVE                 R12 <- R63  ; line 1028
6858 JUMP                 -> 6803  ; line 1028
6859 LOAD_CONST           R62 constant[1424]  ; line 1030
6860 BINARY               a=20 b=62 c=63 imm=0  ; line 1030
6861 MOVE                 R20 <- R63  ; line 1030
6862 JUMP                 -> 6670  ; line 1030
6863 LOAD_CONST           R62 constant[1425]  ; line 1032
6864 MOVE                 R63 <- R62  ; line 1032
6865 MOVE                 R64 <- R10  ; line 1032
6866 ARRAY_NEW            a=65 b=63 c=2 imm=4294967295  ; line 1032
6867 RETURN               R65  ; line 1032
6868 LOAD_CONST           R66 constant[1426]  ; line 1032
6869 RETURN               R66  ; line 1032
6870 MOVE                 R2 <- R0  ; line 1036
6871 HOST_CALL            a=3 b=61 c=2 imm=1  ; line 1036
6872 LOAD_CONST           R4 constant[1427]  ; line 1036
6873 MOVE                 R5 <- R3  ; line 1036
6874 MOVE                 R6 <- R4  ; line 1036
6875 HOST_CALL            a=7 b=11 c=5 imm=2  ; line 1036
6876 MOVE                 R8 <- R7  ; line 1036
6877 MOVE                 R9 <- R8  ; line 1037
6878 CALL                 a=10 b=96 c=9 imm=1  ; line 1037
6879 MOVE                 R11 <- R10  ; line 1037
6880 LOAD_CONST           R12 constant[1428]  ; line 1038
6881 MOVE                 R13 <- R12  ; line 1038
6882 COMPARE              a=13 b=8 c=14 imm=2  ; line 1039
6883 JUMP_IF_FALSE        R14 -> 6898  ; line 1039
6884 MOVE                 R14 <- R1  ; line 1040
6885 MOVE                 R15 <- R13  ; line 1040
6886 ARRAY_NEW            a=16 b=14 c=2 imm=4294967295  ; line 1040
6887 MOVE                 R17 <- R0  ; line 1040
6888 MOVE                 R18 <- R16  ; line 1040
6889 HOST_CALL            a=19 b=11 c=17 imm=2  ; line 1040
6890 MOVE                 R20 <- R11  ; line 1040
6891 MOVE                 R21 <- R13  ; line 1040
6892 MOVE                 R22 <- R19  ; line 1040
6893 HOST_CALL            a=23 b=12 c=20 imm=3  ; line 1040
6894 LOAD_CONST           R14 constant[1429]  ; line 1041
6895 BINARY               a=13 b=14 c=15 imm=0  ; line 1041
6896 MOVE                 R13 <- R15  ; line 1041
6897 JUMP                 -> 6882  ; line 1041
6898 RETURN               R11  ; line 1043
6899 LOAD_CONST           R14 constant[1430]  ; line 1043
6900 RETURN               R14  ; line 1043
6901 LOAD_CONST           R2 constant[1431]  ; line 1047
6902 MOVE                 R3 <- R1  ; line 1047
6903 MOVE                 R4 <- R2  ; line 1047
6904 HOST_CALL            a=5 b=11 c=3 imm=2  ; line 1047
6905 MOVE                 R6 <- R5  ; line 1047
6906 CALL                 a=7 b=115 c=6 imm=1  ; line 1047
6907 MOVE                 R8 <- R7  ; line 1047
6908 LOAD_CONST           R9 constant[1432]  ; line 1048
6909 MOVE                 R10 <- R1  ; line 1048
6910 MOVE                 R11 <- R9  ; line 1048
6911 HOST_CALL            a=12 b=11 c=10 imm=2  ; line 1048
6912 MOVE                 R13 <- R12  ; line 1048
6913 CALL                 a=14 b=115 c=13 imm=1  ; line 1048
6914 MOVE                 R15 <- R14  ; line 1048
6915 LOAD_CONST           R16 constant[1433]  ; line 1049
6916 MOVE                 R17 <- R1  ; line 1049
6917 MOVE                 R18 <- R16  ; line 1049
6918 HOST_CALL            a=19 b=11 c=17 imm=2  ; line 1049
6919 MOVE                 R20 <- R19  ; line 1049
6920 CALL                 a=21 b=115 c=20 imm=1  ; line 1049
6921 MOVE                 R22 <- R21  ; line 1049
6922 LOAD_CONST           R23 constant[1434]  ; line 1050
6923 MOVE                 R24 <- R1  ; line 1050
6924 MOVE                 R25 <- R23  ; line 1050
6925 HOST_CALL            a=26 b=11 c=24 imm=2  ; line 1050
6926 MOVE                 R27 <- R26  ; line 1050
6927 CALL                 a=28 b=115 c=27 imm=1  ; line 1050
6928 MOVE                 R29 <- R28  ; line 1050
6929 LOAD_CONST           R30 constant[1435]  ; line 1051
6930 MOVE                 R31 <- R1  ; line 1051
6931 MOVE                 R32 <- R30  ; line 1051
6932 HOST_CALL            a=33 b=11 c=31 imm=2  ; line 1051
6933 MOVE                 R34 <- R33  ; line 1051
6934 CALL                 a=35 b=116 c=34 imm=1  ; line 1051
6935 MOVE                 R36 <- R35  ; line 1051
6936 LOAD_CONST           R37 constant[1436]  ; line 1052
6937 MOVE                 R38 <- R1  ; line 1052
6938 MOVE                 R39 <- R37  ; line 1052
6939 HOST_CALL            a=40 b=11 c=38 imm=2  ; line 1052
6940 MOVE                 R41 <- R40  ; line 1052
6941 CALL                 a=42 b=115 c=41 imm=1  ; line 1052
6942 MOVE                 R43 <- R42  ; line 1052
6943 MOVE                 R44 <- R36  ; line 1053
6944 HOST_CALL            a=45 b=26 c=44 imm=1  ; line 1053
6945 MOVE                 R46 <- R45  ; line 1053
6946 CALL                 a=47 b=114 c=46 imm=1  ; line 1053
6947 MOVE                 R48 <- R47  ; line 1053
6948 LOAD_CONST           R49 constant[1437]  ; line 1054
6949 MOVE                 R50 <- R49  ; line 1054
6950 HOST_CALL            a=51 b=22 c=50 imm=1  ; line 1054
6951 MOVE                 R52 <- R51  ; line 1054
6952 LOAD_CONST           R53 constant[1438]  ; line 1055
6953 MOVE                 R54 <- R53  ; line 1055
6954 HOST_CALL            a=55 b=22 c=54 imm=1  ; line 1055
6955 MOVE                 R56 <- R55  ; line 1055
6956 LOAD_CONST           R57 constant[1439]  ; line 1056
6957 MOVE                 R58 <- R57  ; line 1056
6958 HOST_CALL            a=59 b=22 c=58 imm=1  ; line 1056
6959 MOVE                 R60 <- R59  ; line 1056
6960 LOAD_CONST           R61 constant[1440]  ; line 1057
6961 MOVE                 R62 <- R61  ; line 1057
6962 HOST_CALL            a=63 b=22 c=62 imm=1  ; line 1057
6963 MOVE                 R64 <- R63  ; line 1057
6964 LOAD_CONST           R65 constant[1441]  ; line 1058
6965 MOVE                 R66 <- R65  ; line 1058
6966 MOVE                 R67 <- R0  ; line 1059
6967 HOST_CALL            a=68 b=61 c=67 imm=1  ; line 1059
6968 LOAD_CONST           R69 constant[1442]  ; line 1059
6969 MOVE                 R70 <- R68  ; line 1059
6970 MOVE                 R71 <- R69  ; line 1059
6971 HOST_CALL            a=72 b=11 c=70 imm=2  ; line 1059
6972 COMPARE              a=66 b=72 c=73 imm=2  ; line 1059
6973 JUMP_IF_FALSE        R73 -> 7069  ; line 1059
6974 MOVE                 R67 <- R8  ; line 1060
6975 MOVE                 R68 <- R36  ; line 1060
6976 CALL                 a=69 b=121 c=67 imm=2  ; line 1060
6977 MOVE                 R70 <- R69  ; line 1060
6978 MOVE                 R71 <- R8  ; line 1061
6979 MOVE                 R72 <- R43  ; line 1061
6980 CALL                 a=73 b=120 c=71 imm=2  ; line 1061
6981 MOVE                 R74 <- R8  ; line 1061
6982 CALL                 a=75 b=117 c=74 imm=1  ; line 1061
6983 MOVE                 R76 <- R73  ; line 1061
6984 MOVE                 R77 <- R75  ; line 1061
6985 CALL                 a=78 b=120 c=76 imm=2  ; line 1061
6986 MOVE                 R79 <- R78  ; line 1061
6987 MOVE                 R80 <- R22  ; line 1061
6988 CALL                 a=81 b=118 c=79 imm=2  ; line 1061
6989 MOVE                 R82 <- R81  ; line 1061
6990 MOVE                 R83 <- R0  ; line 1062
6991 MOVE                 R84 <- R66  ; line 1062
6992 CALL                 a=85 b=125 c=83 imm=2  ; line 1062
6993 MOVE                 R86 <- R15  ; line 1062
6994 MOVE                 R87 <- R70  ; line 1062
6995 CALL                 a=88 b=121 c=86 imm=2  ; line 1062
6996 MOVE                 R89 <- R85  ; line 1062
6997 MOVE                 R90 <- R88  ; line 1062
6998 CALL                 a=91 b=123 c=89 imm=2  ; line 1062
6999 MOVE                 R92 <- R91  ; line 1062
7000 MOVE                 R93 <- R15  ; line 1063
7001 MOVE                 R94 <- R82  ; line 1063
7002 CALL                 a=95 b=120 c=93 imm=2  ; line 1063
7003 MOVE                 R96 <- R15  ; line 1063
7004 CALL                 a=97 b=117 c=96 imm=1  ; line 1063
7005 MOVE                 R98 <- R95  ; line 1063
7006 MOVE                 R99 <- R97  ; line 1063
7007 CALL                 a=100 b=120 c=98 imm=2  ; line 1063
7008 MOVE                 R101 <- R100  ; line 1063
7009 MOVE                 R102 <- R29  ; line 1063
7010 CALL                 a=103 b=118 c=101 imm=2  ; line 1063
7011 MOVE                 R104 <- R103  ; line 1063
7012 MOVE                 R105 <- R104  ; line 1064
7013 CALL                 a=106 b=124 c=105 imm=1  ; line 1064
7014 MOVE                 R107 <- R106  ; line 1064
7015 LOAD_CONST           R108 constant[1443]  ; line 1065
7016 MOVE                 R109 <- R107  ; line 1065
7017 MOVE                 R110 <- R108  ; line 1065
7018 HOST_CALL            a=111 b=11 c=109 imm=2  ; line 1065
7019 UNARY                a=111 b=112 c=4294967295 imm=1  ; line 1065
7020 JUMP_IF_FALSE        R112 -> 7023  ; line 1065
7021 RETURN               R107  ; line 1065
7022 JUMP                 -> 7023  ; line 1065
7023 MOVE                 R108 <- R15  ; line 1066
7024 CALL                 a=109 b=117 c=108 imm=1  ; line 1066
7025 MOVE                 R110 <- R82  ; line 1066
7026 MOVE                 R111 <- R109  ; line 1066
7027 CALL                 a=112 b=120 c=110 imm=2  ; line 1066
7028 LOAD_CONST           R113 constant[1444]  ; line 1066
7029 MOVE                 R114 <- R107  ; line 1066
7030 MOVE                 R115 <- R113  ; line 1066
7031 HOST_CALL            a=116 b=11 c=114 imm=2  ; line 1066
7032 MOVE                 R117 <- R112  ; line 1066
7033 MOVE                 R118 <- R116  ; line 1066
7034 CALL                 a=119 b=120 c=117 imm=2  ; line 1066
7035 MOVE                 R120 <- R119  ; line 1066
7036 MOVE                 R121 <- R120  ; line 1067
7037 MOVE                 R122 <- R92  ; line 1067
7038 CALL                 a=123 b=121 c=121 imm=2  ; line 1067
7039 MOVE                 R124 <- R70  ; line 1067
7040 MOVE                 R125 <- R123  ; line 1067
7041 CALL                 a=126 b=122 c=124 imm=2  ; line 1067
7042 MOVE                 R36 <- R126  ; line 1067
7043 MOVE                 R121 <- R120  ; line 1068
7044 MOVE                 R122 <- R15  ; line 1068
7045 CALL                 a=123 b=120 c=121 imm=2  ; line 1068
7046 MOVE                 R124 <- R48  ; line 1068
7047 MOVE                 R125 <- R123  ; line 1068
7048 CALL                 a=126 b=119 c=124 imm=2  ; line 1068
7049 MOVE                 R127 <- R126  ; line 1068
7050 MOVE                 R128 <- R82  ; line 1068
7051 CALL                 a=129 b=120 c=127 imm=2  ; line 1068
7052 MOVE                 R43 <- R129  ; line 1068
7053 MOVE                 R121 <- R60  ; line 1069
7054 MOVE                 R122 <- R70  ; line 1069
7055 HOST_CALL            a=123 b=23 c=121 imm=2  ; line 1069
7056 MOVE                 R121 <- R64  ; line 1070
7057 MOVE                 R122 <- R82  ; line 1070
7058 HOST_CALL            a=123 b=23 c=121 imm=2  ; line 1070
7059 MOVE                 R121 <- R52  ; line 1071
7060 MOVE                 R122 <- R36  ; line 1071
7061 HOST_CALL            a=123 b=23 c=121 imm=2  ; line 1071
7062 MOVE                 R121 <- R56  ; line 1072
7063 MOVE                 R122 <- R43  ; line 1072
7064 HOST_CALL            a=123 b=23 c=121 imm=2  ; line 1072
7065 LOAD_CONST           R121 constant[1445]  ; line 1073
7066 BINARY               a=66 b=121 c=122 imm=0  ; line 1073
7067 MOVE                 R66 <- R122  ; line 1073
7068 JUMP                 -> 6966  ; line 1073
7069 LOAD_CONST           R121 constant[1446]  ; line 1075
7070 LOAD_CONST           R122 constant[1447]  ; line 1075
7071 LOAD_CONST           R123 constant[1448]  ; line 1075
7072 LOAD_CONST           R124 constant[1449]  ; line 1075
7073 LOAD_CONST           R125 constant[1450]  ; line 1075
7074 MOVE                 R126 <- R122  ; line 1075
7075 MOVE                 R127 <- R52  ; line 1075
7076 MOVE                 R128 <- R123  ; line 1075
7077 MOVE                 R129 <- R56  ; line 1075
7078 MOVE                 R130 <- R124  ; line 1075
7079 MOVE                 R131 <- R60  ; line 1075
7080 MOVE                 R132 <- R125  ; line 1075
7081 MOVE                 R133 <- R64  ; line 1075
7082 HOST_CALL            a=134 b=6 c=126 imm=8  ; line 1075
7083 MOVE                 R135 <- R121  ; line 1075
7084 MOVE                 R136 <- R134  ; line 1075
7085 ARRAY_NEW            a=137 b=135 c=2 imm=4294967295  ; line 1075
7086 RETURN               R137  ; line 1075
7087 LOAD_CONST           R138 constant[1451]  ; line 1075
7088 RETURN               R138  ; line 1075
7089 MOVE                 R2 <- R0  ; line 1080
7090 CALL                 a=3 b=95 c=2 imm=1  ; line 1080
7091 MOVE                 R4 <- R3  ; line 1080
7092 LOAD_CONST           R5 constant[1452]  ; line 1081
7093 MOVE                 R6 <- R5  ; line 1081
7094 HOST_CALL            a=7 b=22 c=6 imm=1  ; line 1081
7095 MOVE                 R8 <- R7  ; line 1081
7096 LOAD_CONST           R9 constant[1453]  ; line 1082
7097 MOVE                 R10 <- R9  ; line 1082
7098 HOST_CALL            a=11 b=22 c=10 imm=1  ; line 1082
7099 MOVE                 R12 <- R11  ; line 1082
7100 LOAD_CONST           R13 constant[1454]  ; line 1083
7101 MOVE                 R14 <- R13  ; line 1083
7102 HOST_CALL            a=15 b=22 c=14 imm=1  ; line 1083
7103 MOVE                 R16 <- R15  ; line 1083
7104 LOAD_CONST           R17 constant[1455]  ; line 1084
7105 MOVE                 R18 <- R17  ; line 1084
7106 HOST_CALL            a=19 b=22 c=18 imm=1  ; line 1084
7107 MOVE                 R20 <- R19  ; line 1084
7108 LOAD_CONST           R21 constant[1456]  ; line 1085
7109 MOVE                 R22 <- R1  ; line 1085
7110 MOVE                 R23 <- R21  ; line 1085
7111 HOST_CALL            a=24 b=11 c=22 imm=2  ; line 1085
7112 MOVE                 R25 <- R24  ; line 1085
7113 LOAD_CONST           R26 constant[1457]  ; line 1086
7114 MOVE                 R27 <- R1  ; line 1086
7115 MOVE                 R28 <- R26  ; line 1086
7116 HOST_CALL            a=29 b=11 c=27 imm=2  ; line 1086
7117 MOVE                 R30 <- R29  ; line 1086
7118 LOAD_CONST           R31 constant[1458]  ; line 1087
7119 MOVE                 R32 <- R31  ; line 1087
7120 COMPARE              a=32 b=4 c=33 imm=2  ; line 1088
7121 JUMP_IF_FALSE        R33 -> 7204  ; line 1088
7122 LOAD_CONST           R33 constant[1459]  ; line 1089
7123 MOVE                 R34 <- R1  ; line 1089
7124 MOVE                 R35 <- R33  ; line 1089
7125 HOST_CALL            a=36 b=11 c=34 imm=2  ; line 1089
7126 BINARY               a=36 b=25 c=37 imm=2  ; line 1089
7127 MOVE                 R38 <- R37  ; line 1089
7128 LOAD_CONST           R39 constant[1460]  ; line 1090
7129 MOVE                 R40 <- R1  ; line 1090
7130 MOVE                 R41 <- R39  ; line 1090
7131 HOST_CALL            a=42 b=11 c=40 imm=2  ; line 1090
7132 BINARY               a=42 b=30 c=43 imm=2  ; line 1090
7133 LOAD_CONST           R44 constant[1461]  ; line 1090
7134 MOVE                 R45 <- R1  ; line 1090
7135 MOVE                 R46 <- R44  ; line 1090
7136 HOST_CALL            a=47 b=11 c=45 imm=2  ; line 1090
7137 BINARY               a=43 b=47 c=48 imm=2  ; line 1090
7138 LOAD_CONST           R49 constant[1462]  ; line 1090
7139 MOVE                 R50 <- R1  ; line 1090
7140 MOVE                 R51 <- R49  ; line 1090
7141 HOST_CALL            a=52 b=11 c=50 imm=2  ; line 1090
7142 BINARY               a=48 b=52 c=53 imm=0  ; line 1090
7143 MOVE                 R54 <- R53  ; line 1090
7144 LOAD_CONST           R55 constant[1463]  ; line 1091
7145 MOVE                 R56 <- R1  ; line 1091
7146 MOVE                 R57 <- R55  ; line 1091
7147 HOST_CALL            a=58 b=11 c=56 imm=2  ; line 1091
7148 BINARY               a=58 b=54 c=59 imm=2  ; line 1091
7149 LOAD_CONST           R60 constant[1464]  ; line 1091
7150 MOVE                 R61 <- R1  ; line 1091
7151 MOVE                 R62 <- R60  ; line 1091
7152 HOST_CALL            a=63 b=11 c=61 imm=2  ; line 1091
7153 BINARY               a=59 b=63 c=64 imm=2  ; line 1091
7154 LOAD_CONST           R65 constant[1465]  ; line 1091
7155 MOVE                 R66 <- R1  ; line 1091
7156 MOVE                 R67 <- R65  ; line 1091
7157 HOST_CALL            a=68 b=11 c=66 imm=2  ; line 1091
7158 BINARY               a=64 b=68 c=69 imm=0  ; line 1091
7159 MOVE                 R70 <- R69  ; line 1091
7160 LOAD_CONST           R71 constant[1466]  ; line 1092
7161 MOVE                 R72 <- R1  ; line 1092
7162 MOVE                 R73 <- R71  ; line 1092
7163 HOST_CALL            a=74 b=11 c=72 imm=2  ; line 1092
7164 BINARY               a=54 b=74 c=75 imm=2  ; line 1092
7165 BINARY               a=75 b=70 c=76 imm=3  ; line 1092
7166 MOVE                 R77 <- R76  ; line 1092
7167 MOVE                 R78 <- R0  ; line 1093
7168 MOVE                 R79 <- R32  ; line 1093
7169 HOST_CALL            a=80 b=11 c=78 imm=2  ; line 1093
7170 LOAD_CONST           R81 constant[1467]  ; line 1093
7171 MOVE                 R82 <- R1  ; line 1093
7172 MOVE                 R83 <- R81  ; line 1093
7173 HOST_CALL            a=84 b=11 c=82 imm=2  ; line 1093
7174 BINARY               a=84 b=38 c=85 imm=2  ; line 1093
7175 BINARY               a=80 b=85 c=86 imm=1  ; line 1093
7176 BINARY               a=77 b=86 c=87 imm=2  ; line 1093
7177 BINARY               a=38 b=87 c=88 imm=0  ; line 1093
7178 MOVE                 R25 <- R88  ; line 1093
7179 LOAD_CONST           R78 constant[1468]  ; line 1094
7180 LOAD_CONST           R79 constant[1469]  ; line 1094
7181 MOVE                 R80 <- R1  ; line 1094
7182 MOVE                 R81 <- R79  ; line 1094
7183 HOST_CALL            a=82 b=11 c=80 imm=2  ; line 1094
7184 BINARY               a=77 b=82 c=83 imm=2  ; line 1094
7185 BINARY               a=78 b=83 c=84 imm=1  ; line 1094
7186 BINARY               a=84 b=54 c=85 imm=2  ; line 1094
7187 MOVE                 R30 <- R85  ; line 1094
7188 MOVE                 R78 <- R16  ; line 1095
7189 MOVE                 R79 <- R38  ; line 1095
7190 HOST_CALL            a=80 b=23 c=78 imm=2  ; line 1095
7191 MOVE                 R78 <- R20  ; line 1096
7192 MOVE                 R79 <- R54  ; line 1096
7193 HOST_CALL            a=80 b=23 c=78 imm=2  ; line 1096
7194 MOVE                 R78 <- R8  ; line 1097
7195 MOVE                 R79 <- R25  ; line 1097
7196 HOST_CALL            a=80 b=23 c=78 imm=2  ; line 1097
7197 MOVE                 R78 <- R12  ; line 1098
7198 MOVE                 R79 <- R30  ; line 1098
7199 HOST_CALL            a=80 b=23 c=78 imm=2  ; line 1098
7200 LOAD_CONST           R78 constant[1470]  ; line 1099
7201 BINARY               a=32 b=78 c=79 imm=0  ; line 1099
7202 MOVE                 R32 <- R79  ; line 1099
7203 JUMP                 -> 7120  ; line 1099
7204 LOAD_CONST           R78 constant[1471]  ; line 1101
7205 LOAD_CONST           R79 constant[1472]  ; line 1101
7206 LOAD_CONST           R80 constant[1473]  ; line 1101
7207 LOAD_CONST           R81 constant[1474]  ; line 1101
7208 MOVE                 R82 <- R78  ; line 1101
7209 MOVE                 R83 <- R8  ; line 1101
7210 MOVE                 R84 <- R79  ; line 1101
7211 MOVE                 R85 <- R12  ; line 1101
7212 MOVE                 R86 <- R80  ; line 1101
7213 MOVE                 R87 <- R16  ; line 1101
7214 MOVE                 R88 <- R81  ; line 1101
7215 MOVE                 R89 <- R20  ; line 1101
7216 HOST_CALL            a=90 b=6 c=82 imm=8  ; line 1101
7217 RETURN               R90  ; line 1101
7218 LOAD_CONST           R91 constant[1475]  ; line 1101
7219 RETURN               R91  ; line 1101
7220 MOVE                 R2 <- R0  ; line 1106
7221 HOST_CALL            a=3 b=86 c=2 imm=1  ; line 1106
7222 LOAD_CONST           R4 constant[1476]  ; line 1106
7223 COMPARE              a=3 b=4 c=5 imm=1  ; line 1106
7224 JUMP_IF_FALSE        R5 -> 7234  ; line 1106
7225 LOAD_CONST           R2 constant[1477]  ; line 1106
7226 LOAD_CONST           R3 constant[1478]  ; line 1106
7227 LOAD_CONST           R4 constant[1479]  ; line 1106
7228 MOVE                 R5 <- R2  ; line 1106
7229 MOVE                 R6 <- R3  ; line 1106
7230 MOVE                 R7 <- R4  ; line 1106
7231 CALL                 a=8 b=86 c=5 imm=3  ; line 1106
7232 RETURN               R8  ; line 1106
7233 JUMP                 -> 7234  ; line 1106
7234 LOAD_CONST           R2 constant[1480]  ; line 1107
7235 MOVE                 R3 <- R0  ; line 1107
7236 MOVE                 R4 <- R2  ; line 1107
7237 HOST_CALL            a=5 b=7 c=3 imm=2  ; line 1107
7238 UNARY                a=5 b=6 c=4294967295 imm=1  ; line 1107
7239 JUMP_IF_FALSE        R6 -> 7249  ; line 1107
7240 LOAD_CONST           R2 constant[1481]  ; line 1107
7241 LOAD_CONST           R3 constant[1482]  ; line 1107
7242 LOAD_CONST           R4 constant[1483]  ; line 1107
7243 MOVE                 R5 <- R2  ; line 1107
7244 MOVE                 R6 <- R3  ; line 1107
7245 MOVE                 R7 <- R4  ; line 1107
7246 CALL                 a=8 b=86 c=5 imm=3  ; line 1107
7247 RETURN               R8  ; line 1107
7248 JUMP                 -> 7249  ; line 1107
7249 LOAD_CONST           R2 constant[1484]  ; line 1108
7250 MOVE                 R3 <- R0  ; line 1108
7251 MOVE                 R4 <- R2  ; line 1108
7252 HOST_CALL            a=5 b=11 c=3 imm=2  ; line 1108
7253 MOVE                 R6 <- R5  ; line 1108
7254 HOST_CALL            a=7 b=86 c=6 imm=1  ; line 1108
7255 LOAD_CONST           R8 constant[1485]  ; line 1108
7256 COMPARE              a=7 b=8 c=9 imm=1  ; line 1108
7257 JUMP_IF_FALSE        R9 -> 7267  ; line 1108
7258 LOAD_CONST           R2 constant[1486]  ; line 1108
7259 LOAD_CONST           R3 constant[1487]  ; line 1108
7260 LOAD_CONST           R4 constant[1488]  ; line 1108
7261 MOVE                 R5 <- R2  ; line 1108
7262 MOVE                 R6 <- R3  ; line 1108
7263 MOVE                 R7 <- R4  ; line 1108
7264 CALL                 a=8 b=86 c=5 imm=3  ; line 1108
7265 RETURN               R8  ; line 1108
7266 JUMP                 -> 7267  ; line 1108
7267 LOAD_CONST           R2 constant[1489]  ; line 1109
7268 MOVE                 R3 <- R0  ; line 1109
7269 MOVE                 R4 <- R2  ; line 1109
7270 HOST_CALL            a=5 b=11 c=3 imm=2  ; line 1109
7271 MOVE                 R6 <- R5  ; line 1109
7272 HOST_CALL            a=7 b=62 c=6 imm=1  ; line 1109
7273 LOAD_CONST           R8 constant[1490]  ; line 1109
7274 COMPARE              a=7 b=8 c=9 imm=0  ; line 1109
7275 JUMP_IF_FALSE        R9 -> 7281  ; line 1109
7276 MOVE                 R2 <- R0  ; line 1109
7277 MOVE                 R3 <- R1  ; line 1109
7278 CALL                 a=4 b=130 c=2 imm=2  ; line 1109
7279 RETURN               R4  ; line 1109
7280 JUMP                 -> 7281  ; line 1109
7281 LOAD_CONST           R2 constant[1491]  ; line 1110
7282 MOVE                 R3 <- R0  ; line 1110
7283 MOVE                 R4 <- R2  ; line 1110
7284 HOST_CALL            a=5 b=11 c=3 imm=2  ; line 1110
7285 MOVE                 R6 <- R5  ; line 1110
7286 CALL                 a=7 b=95 c=6 imm=1  ; line 1110
7287 LOAD_CONST           R8 constant[1492]  ; line 1110
7288 COMPARE              a=7 b=8 c=9 imm=2  ; line 1110
7289 JUMP_IF_FALSE        R9 -> 7299  ; line 1110
7290 LOAD_CONST           R2 constant[1493]  ; line 1110
7291 LOAD_CONST           R3 constant[1494]  ; line 1110
7292 LOAD_CONST           R4 constant[1495]  ; line 1110
7293 MOVE                 R5 <- R2  ; line 1110
7294 MOVE                 R6 <- R3  ; line 1110
7295 MOVE                 R7 <- R4  ; line 1110
7296 CALL                 a=8 b=86 c=5 imm=3  ; line 1110
7297 RETURN               R8  ; line 1110
7298 JUMP                 -> 7299  ; line 1110
7299 LOAD_CONST           R2 constant[1496]  ; line 1111
7300 LOAD_CONST           R3 constant[1497]  ; line 1111
7301 LOAD_CONST           R4 constant[1498]  ; line 1111
7302 MOVE                 R5 <- R1  ; line 1111
7303 MOVE                 R6 <- R3  ; line 1111
7304 MOVE                 R7 <- R4  ; line 1111
7305 CALL                 a=8 b=87 c=5 imm=3  ; line 1111
7306 LOAD_CONST           R9 constant[1499]  ; line 1111
7307 LOAD_CONST           R10 constant[1500]  ; line 1111
7308 LOAD_CONST           R11 constant[1501]  ; line 1111
7309 MOVE                 R12 <- R1  ; line 1111
7310 MOVE                 R13 <- R10  ; line 1111
7311 MOVE                 R14 <- R11  ; line 1111
7312 CALL                 a=15 b=87 c=12 imm=3  ; line 1111
7313 LOAD_CONST           R16 constant[1502]  ; line 1111
7314 LOAD_CONST           R17 constant[1503]  ; line 1111
7315 LOAD_CONST           R18 constant[1504]  ; line 1111
7316 MOVE                 R19 <- R1  ; line 1111
7317 MOVE                 R20 <- R17  ; line 1111
7318 MOVE                 R21 <- R18  ; line 1111
7319 CALL                 a=22 b=87 c=19 imm=3  ; line 1111
7320 LOAD_CONST           R23 constant[1505]  ; line 1111
7321 LOAD_CONST           R24 constant[1506]  ; line 1111
7322 LOAD_CONST           R25 constant[1507]  ; line 1111
7323 MOVE                 R26 <- R1  ; line 1111
7324 MOVE                 R27 <- R24  ; line 1111
7325 MOVE                 R28 <- R25  ; line 1111
7326 CALL                 a=29 b=87 c=26 imm=3  ; line 1111
7327 LOAD_CONST           R30 constant[1508]  ; line 1111
7328 LOAD_CONST           R31 constant[1509]  ; line 1111
7329 LOAD_CONST           R32 constant[1510]  ; line 1111
7330 MOVE                 R33 <- R0  ; line 1111
7331 MOVE                 R34 <- R32  ; line 1111
7332 HOST_CALL            a=35 b=11 c=33 imm=2  ; line 1111
7333 LOAD_CONST           R36 constant[1511]  ; line 1111
7334 MOVE                 R37 <- R35  ; line 1111
7335 MOVE                 R38 <- R36  ; line 1111
7336 HOST_CALL            a=39 b=11 c=37 imm=2  ; line 1111
7337 MOVE                 R40 <- R1  ; line 1111
7338 MOVE                 R41 <- R31  ; line 1111
7339 MOVE                 R42 <- R39  ; line 1111
7340 CALL                 a=43 b=87 c=40 imm=3  ; line 1111
7341 LOAD_CONST           R44 constant[1512]  ; line 1111
7342 LOAD_CONST           R45 constant[1513]  ; line 1111
7343 LOAD_CONST           R46 constant[1514]  ; line 1111
7344 MOVE                 R47 <- R1  ; line 1111
7345 MOVE                 R48 <- R45  ; line 1111
7346 MOVE                 R49 <- R46  ; line 1111
7347 CALL                 a=50 b=87 c=47 imm=3  ; line 1111
7348 LOAD_CONST           R51 constant[1515]  ; line 1111
7349 LOAD_CONST           R52 constant[1516]  ; line 1111
7350 MOVE                 R53 <- R2  ; line 1111
7351 MOVE                 R54 <- R8  ; line 1111
7352 MOVE                 R55 <- R9  ; line 1111
7353 MOVE                 R56 <- R15  ; line 1111
7354 MOVE                 R57 <- R16  ; line 1111
7355 MOVE                 R58 <- R22  ; line 1111
7356 MOVE                 R59 <- R23  ; line 1111
7357 MOVE                 R60 <- R29  ; line 1111
7358 MOVE                 R61 <- R30  ; line 1111
7359 MOVE                 R62 <- R43  ; line 1111
7360 MOVE                 R63 <- R44  ; line 1111
7361 MOVE                 R64 <- R50  ; line 1111
7362 MOVE                 R65 <- R51  ; line 1111
7363 MOVE                 R66 <- R52  ; line 1111
7364 HOST_CALL            a=67 b=6 c=53 imm=14  ; line 1111
7365 MOVE                 R68 <- R67  ; line 1111
7366 LOAD_CONST           R69 constant[1517]  ; line 1117
7367 MOVE                 R70 <- R68  ; line 1117
7368 MOVE                 R71 <- R69  ; line 1117
7369 HOST_CALL            a=72 b=11 c=70 imm=2  ; line 1117
7370 LOAD_CONST           R73 constant[1518]  ; line 1117
7371 COMPARE              a=72 b=73 c=74 imm=2  ; line 1117
7372 JUMP_IF_FALSE        R74 -> 7382  ; line 1117
7373 LOAD_CONST           R69 constant[1519]  ; line 1117
7374 LOAD_CONST           R70 constant[1520]  ; line 1117
7375 LOAD_CONST           R71 constant[1521]  ; line 1117
7376 MOVE                 R72 <- R69  ; line 1117
7377 MOVE                 R73 <- R70  ; line 1117
7378 MOVE                 R74 <- R71  ; line 1117
7379 CALL                 a=75 b=86 c=72 imm=3  ; line 1117
7380 RETURN               R75  ; line 1117
7381 JUMP                 -> 7382  ; line 1117
7382 LOAD_CONST           R69 constant[1522]  ; line 1118
7383 MOVE                 R70 <- R68  ; line 1118
7384 MOVE                 R71 <- R69  ; line 1118
7385 HOST_CALL            a=72 b=11 c=70 imm=2  ; line 1118
7386 LOAD_CONST           R73 constant[1523]  ; line 1118
7387 COMPARE              a=72 b=73 c=74 imm=3  ; line 1118
7388 JUMP_IF_FALSE        R74 -> 7398  ; line 1118
7389 LOAD_CONST           R69 constant[1524]  ; line 1118
7390 LOAD_CONST           R70 constant[1525]  ; line 1118
7391 LOAD_CONST           R71 constant[1526]  ; line 1118
7392 MOVE                 R72 <- R69  ; line 1118
7393 MOVE                 R73 <- R70  ; line 1118
7394 MOVE                 R74 <- R71  ; line 1118
7395 CALL                 a=75 b=86 c=72 imm=3  ; line 1118
7396 RETURN               R75  ; line 1118
7397 JUMP                 -> 7398  ; line 1118
7398 LOAD_CONST           R69 constant[1527]  ; line 1119
7399 MOVE                 R70 <- R68  ; line 1119
7400 MOVE                 R71 <- R69  ; line 1119
7401 HOST_CALL            a=72 b=11 c=70 imm=2  ; line 1119
7402 LOAD_CONST           R73 constant[1528]  ; line 1119
7403 COMPARE              a=72 b=73 c=74 imm=2  ; line 1119
7404 JUMP_IF_FALSE        R74 -> 7414  ; line 1119
7405 LOAD_CONST           R69 constant[1529]  ; line 1119
7406 LOAD_CONST           R70 constant[1530]  ; line 1119
7407 LOAD_CONST           R71 constant[1531]  ; line 1119
7408 MOVE                 R72 <- R69  ; line 1119
7409 MOVE                 R73 <- R70  ; line 1119
7410 MOVE                 R74 <- R71  ; line 1119
7411 CALL                 a=75 b=86 c=72 imm=3  ; line 1119
7412 RETURN               R75  ; line 1119
7413 JUMP                 -> 7414  ; line 1119
7414 LOAD_CONST           R69 constant[1532]  ; line 1120
7415 MOVE                 R70 <- R68  ; line 1120
7416 MOVE                 R71 <- R69  ; line 1120
7417 HOST_CALL            a=72 b=11 c=70 imm=2  ; line 1120
7418 MOVE                 R73 <- R72  ; line 1120
7419 CALL                 a=74 b=88 c=73 imm=1  ; line 1120
7420 UNARY                a=74 b=75 c=4294967295 imm=1  ; line 1120
7421 JUMP_IF_FALSE        R75 -> 7431  ; line 1120
7422 LOAD_CONST           R69 constant[1533]  ; line 1120
7423 LOAD_CONST           R70 constant[1534]  ; line 1120
7424 LOAD_CONST           R71 constant[1535]  ; line 1120
7425 MOVE                 R72 <- R69  ; line 1120
7426 MOVE                 R73 <- R70  ; line 1120
7427 MOVE                 R74 <- R71  ; line 1120
7428 CALL                 a=75 b=86 c=72 imm=3  ; line 1120
7429 RETURN               R75  ; line 1120
7430 JUMP                 -> 7431  ; line 1120
7431 LOAD_CONST           R69 constant[1536]  ; line 1121
7432 MOVE                 R70 <- R68  ; line 1121
7433 MOVE                 R71 <- R69  ; line 1121
7434 HOST_CALL            a=72 b=11 c=70 imm=2  ; line 1121
7435 MOVE                 R73 <- R72  ; line 1121
7436 CALL                 a=74 b=88 c=73 imm=1  ; line 1121
7437 UNARY                a=74 b=75 c=4294967295 imm=1  ; line 1121
7438 JUMP_IF_FALSE        R75 -> 7448  ; line 1121
7439 LOAD_CONST           R69 constant[1537]  ; line 1121
7440 LOAD_CONST           R70 constant[1538]  ; line 1121
7441 LOAD_CONST           R71 constant[1539]  ; line 1121
7442 MOVE                 R72 <- R69  ; line 1121
7443 MOVE                 R73 <- R70  ; line 1121
7444 MOVE                 R74 <- R71  ; line 1121
7445 CALL                 a=75 b=86 c=72 imm=3  ; line 1121
7446 RETURN               R75  ; line 1121
7447 JUMP                 -> 7448  ; line 1121
7448 LOAD_CONST           R69 constant[1540]  ; line 1122
7449 MOVE                 R70 <- R0  ; line 1122
7450 MOVE                 R71 <- R69  ; line 1122
7451 HOST_CALL            a=72 b=11 c=70 imm=2  ; line 1122
7452 MOVE                 R73 <- R72  ; line 1122
7453 MOVE                 R74 <- R68  ; line 1122
7454 CALL                 a=75 b=127 c=73 imm=2  ; line 1122
7455 MOVE                 R76 <- R75  ; line 1122
7456 LOAD_CONST           R77 constant[1541]  ; line 1123
7457 LOAD_CONST           R78 constant[1542]  ; line 1123
7458 LOAD_CONST           R79 constant[1543]  ; line 1123
7459 LOAD_CONST           R80 constant[1544]  ; line 1123
7460 LOAD_CONST           R81 constant[1545]  ; line 1123
7461 LOAD_CONST           R82 constant[1546]  ; line 1123
7462 LOAD_CONST           R83 constant[1547]  ; line 1123
7463 LOAD_CONST           R84 constant[1548]  ; line 1123
7464 LOAD_CONST           R85 constant[1549]  ; line 1123
7465 LOAD_CONST           R86 constant[1550]  ; line 1123
7466 MOVE                 R87 <- R85  ; line 1123
7467 MOVE                 R88 <- R86  ; line 1123
7468 HOST_CALL            a=89 b=6 c=87 imm=2  ; line 1123
7469 LOAD_CONST           R90 constant[1551]  ; line 1123
7470 ARRAY_NEW            a=91 b=91 c=0 imm=4294967295  ; line 1123
7471 LOAD_CONST           R92 constant[1552]  ; line 1123
7472 LOAD_CONST           R93 constant[1553]  ; line 1123
7473 LOAD_CONST           R94 constant[1554]  ; line 1123
7474 MOVE                 R95 <- R0  ; line 1123
7475 MOVE                 R96 <- R94  ; line 1123
7476 HOST_CALL            a=97 b=11 c=95 imm=2  ; line 1123
7477 MOVE                 R98 <- R97  ; line 1123
7478 CALL                 a=99 b=95 c=98 imm=1  ; line 1123
7479 MOVE                 R100 <- R93  ; line 1123
7480 MOVE                 R101 <- R99  ; line 1123
7481 HOST_CALL            a=102 b=6 c=100 imm=2  ; line 1123
7482 LOAD_CONST           R103 constant[1555]  ; line 1123
7483 LOAD_CONST           R104 constant[1556]  ; line 1123
7484 LOAD_CONST           R105 constant[1557]  ; line 1123
7485 LOAD_CONST           R106 constant[1558]  ; line 1123
7486 MOVE                 R107 <- R0  ; line 1123
7487 MOVE                 R108 <- R106  ; line 1123
7488 HOST_CALL            a=109 b=11 c=107 imm=2  ; line 1123
7489 MOVE                 R110 <- R109  ; line 1123
7490 HOST_CALL            a=111 b=60 c=110 imm=1  ; line 1123
7491 LOAD_CONST           R112 constant[1559]  ; line 1123
7492 LOAD_CONST           R113 constant[1560]  ; line 1123
7493 MOVE                 R114 <- R77  ; line 1123
7494 MOVE                 R115 <- R78  ; line 1123
7495 MOVE                 R116 <- R79  ; line 1123
7496 MOVE                 R117 <- R80  ; line 1123
7497 MOVE                 R118 <- R81  ; line 1123
7498 MOVE                 R119 <- R82  ; line 1123
7499 MOVE                 R120 <- R83  ; line 1123
7500 MOVE                 R121 <- R68  ; line 1123
7501 MOVE                 R122 <- R84  ; line 1123
7502 MOVE                 R123 <- R89  ; line 1123
7503 MOVE                 R124 <- R90  ; line 1123
7504 MOVE                 R125 <- R91  ; line 1123
7505 MOVE                 R126 <- R92  ; line 1123
7506 MOVE                 R127 <- R102  ; line 1123
7507 MOVE                 R128 <- R103  ; line 1123
7508 MOVE                 R129 <- R104  ; line 1123
7509 MOVE                 R130 <- R105  ; line 1123
7510 MOVE                 R131 <- R111  ; line 1123
7511 MOVE                 R132 <- R112  ; line 1123
7512 MOVE                 R133 <- R113  ; line 1123
7513 HOST_CALL            a=134 b=6 c=114 imm=20  ; line 1123
7514 MOVE                 R135 <- R134  ; line 1123
7515 LOAD_CONST           R136 constant[1561]  ; line 1126
7516 MOVE                 R137 <- R76  ; line 1126
7517 MOVE                 R138 <- R136  ; line 1126
7518 HOST_CALL            a=139 b=11 c=137 imm=2  ; line 1126
7519 MOVE                 R140 <- R139  ; line 1126
7520 HOST_CALL            a=141 b=72 c=140 imm=1  ; line 1126
7521 LOAD_CONST           R142 constant[1562]  ; line 1126
7522 MOVE                 R143 <- R76  ; line 1126
7523 MOVE                 R144 <- R142  ; line 1126
7524 HOST_CALL            a=145 b=11 c=143 imm=2  ; line 1126
7525 MOVE                 R146 <- R145  ; line 1126
7526 HOST_CALL            a=147 b=72 c=146 imm=1  ; line 1126
7527 LOAD_CONST           R148 constant[1563]  ; line 1126
7528 LOAD_CONST           R149 constant[1564]  ; line 1126
7529 MOVE                 R150 <- R68  ; line 1126
7530 MOVE                 R151 <- R149  ; line 1126
7531 HOST_CALL            a=152 b=11 c=150 imm=2  ; line 1126
7532 MOVE                 R153 <- R148  ; line 1126
7533 MOVE                 R154 <- R152  ; line 1126
7534 HOST_CALL            a=155 b=6 c=153 imm=2  ; line 1126
7535 LOAD_CONST           R156 constant[1565]  ; line 1126
7536 LOAD_CONST           R157 constant[1566]  ; line 1126
7537 LOAD_CONST           R158 constant[1567]  ; line 1126
7538 MOVE                 R159 <- R157  ; line 1126
7539 MOVE                 R160 <- R158  ; line 1126
7540 ARRAY_NEW            a=161 b=159 c=2 imm=4294967295  ; line 1126
7541 MOVE                 R162 <- R135  ; line 1126
7542 MOVE                 R163 <- R141  ; line 1126
7543 MOVE                 R164 <- R147  ; line 1126
7544 MOVE                 R165 <- R155  ; line 1126
7545 MOVE                 R166 <- R156  ; line 1126
7546 MOVE                 R167 <- R161  ; line 1126
7547 CALL                 a=168 b=101 c=162 imm=6  ; line 1126
7548 RETURN               R168  ; line 1126
7549 LOAD_CONST           R169 constant[1568]  ; line 1126
7550 RETURN               R169  ; line 1126
7551 MOVE                 R2 <- R0  ; line 1132
7552 MOVE                 R3 <- R1  ; line 1132
7553 HOST_CALL            a=4 b=7 c=2 imm=2  ; line 1132
7554 UNARY                a=4 b=5 c=4294967295 imm=1  ; line 1132
7555 JUMP_IF_FALSE        R5 -> 7559  ; line 1132
7556 LOAD_CONST           R2 constant[1569]  ; line 1132
7557 RETURN               R2  ; line 1132
7558 JUMP                 -> 7559  ; line 1132
7559 MOVE                 R2 <- R0  ; line 1133
7560 MOVE                 R3 <- R1  ; line 1133
7561 HOST_CALL            a=4 b=11 c=2 imm=2  ; line 1133
7562 MOVE                 R5 <- R4  ; line 1133
7563 HOST_CALL            a=6 b=86 c=5 imm=1  ; line 1133
7564 LOAD_CONST           R7 constant[1570]  ; line 1133
7565 COMPARE              a=6 b=7 c=8 imm=0  ; line 1133
7566 RETURN               R8  ; line 1133
7567 LOAD_CONST           R9 constant[1571]  ; line 1133
7568 RETURN               R9  ; line 1133
7569 LOAD_CONST           R2 constant[1572]  ; line 1137
7570 LOAD_CONST           R3 constant[1573]  ; line 1137
7571 LOAD_CONST           R4 constant[1574]  ; line 1137
7572 LOAD_CONST           R5 constant[1575]  ; line 1137
7573 LOAD_CONST           R6 constant[1576]  ; line 1137
7574 LOAD_CONST           R7 constant[1577]  ; line 1137
7575 MOVE                 R8 <- R2  ; line 1137
7576 MOVE                 R9 <- R3  ; line 1137
7577 MOVE                 R10 <- R4  ; line 1137
7578 MOVE                 R11 <- R5  ; line 1137
7579 MOVE                 R12 <- R6  ; line 1137
7580 MOVE                 R13 <- R7  ; line 1137
7581 ARRAY_NEW            a=14 b=8 c=6 imm=4294967295  ; line 1137
7582 MOVE                 R15 <- R14  ; line 1137
7583 LOAD_CONST           R16 constant[1578]  ; line 1138
7584 MOVE                 R17 <- R16  ; line 1138
7585 MOVE                 R18 <- R15  ; line 1139
7586 HOST_CALL            a=19 b=26 c=18 imm=1  ; line 1139
7587 COMPARE              a=17 b=19 c=20 imm=2  ; line 1139
7588 JUMP_IF_FALSE        R20 -> 7612  ; line 1139
7589 MOVE                 R18 <- R15  ; line 1140
7590 MOVE                 R19 <- R17  ; line 1140
7591 HOST_CALL            a=20 b=11 c=18 imm=2  ; line 1140
7592 MOVE                 R21 <- R1  ; line 1140
7593 MOVE                 R22 <- R20  ; line 1140
7594 CALL                 a=23 b=129 c=21 imm=2  ; line 1140
7595 UNARY                a=23 b=24 c=4294967295 imm=1  ; line 1140
7596 JUMP_IF_FALSE        R24 -> 7608  ; line 1140
7597 LOAD_CONST           R18 constant[1579]  ; line 1141
7598 LOAD_CONST           R19 constant[1580]  ; line 1141
7599 MOVE                 R20 <- R15  ; line 1141
7600 MOVE                 R21 <- R17  ; line 1141
7601 HOST_CALL            a=22 b=11 c=20 imm=2  ; line 1141
7602 MOVE                 R23 <- R18  ; line 1141
7603 MOVE                 R24 <- R19  ; line 1141
7604 MOVE                 R25 <- R22  ; line 1141
7605 CALL                 a=26 b=86 c=23 imm=3  ; line 1141
7606 RETURN               R26  ; line 1141
7607 JUMP                 -> 7608  ; line 1141
7608 LOAD_CONST           R18 constant[1581]  ; line 1143
7609 BINARY               a=17 b=18 c=19 imm=0  ; line 1143
7610 MOVE                 R17 <- R19  ; line 1143
7611 JUMP                 -> 7585  ; line 1143
7612 LOAD_CONST           R18 constant[1582]  ; line 1145
7613 MOVE                 R19 <- R0  ; line 1145
7614 MOVE                 R20 <- R18  ; line 1145
7615 HOST_CALL            a=21 b=11 c=19 imm=2  ; line 1145
7616 MOVE                 R22 <- R21  ; line 1145
7617 MOVE                 R23 <- R22  ; line 1146
7618 HOST_CALL            a=24 b=61 c=23 imm=1  ; line 1146
7619 MOVE                 R25 <- R24  ; line 1146
7620 LOAD_CONST           R26 constant[1583]  ; line 1147
7621 MOVE                 R27 <- R25  ; line 1147
7622 MOVE                 R28 <- R26  ; line 1147
7623 HOST_CALL            a=29 b=11 c=27 imm=2  ; line 1147
7624 LOAD_CONST           R30 constant[1584]  ; line 1147
7625 COMPARE              a=29 b=30 c=31 imm=2  ; line 1147
7626 JUMP_IF_FALSE        R31 -> 7636  ; line 1147
7627 LOAD_CONST           R26 constant[1585]  ; line 1147
7628 LOAD_CONST           R27 constant[1586]  ; line 1147
7629 LOAD_CONST           R28 constant[1587]  ; line 1147
7630 MOVE                 R29 <- R26  ; line 1147
7631 MOVE                 R30 <- R27  ; line 1147
7632 MOVE                 R31 <- R28  ; line 1147
7633 CALL                 a=32 b=86 c=29 imm=3  ; line 1147
7634 RETURN               R32  ; line 1147
7635 JUMP                 -> 7636  ; line 1147
7636 LOAD_CONST           R26 constant[1588]  ; line 1148
7637 MOVE                 R27 <- R1  ; line 1148
7638 MOVE                 R28 <- R26  ; line 1148
7639 HOST_CALL            a=29 b=11 c=27 imm=2  ; line 1148
7640 MOVE                 R30 <- R29  ; line 1148
7641 HOST_CALL            a=31 b=61 c=30 imm=1  ; line 1148
7642 LOAD_CONST           R32 constant[1589]  ; line 1148
7643 MOVE                 R33 <- R31  ; line 1148
7644 MOVE                 R34 <- R32  ; line 1148
7645 HOST_CALL            a=35 b=11 c=33 imm=2  ; line 1148
7646 MOVE                 R36 <- R35  ; line 1148
7647 LOAD_CONST           R37 constant[1590]  ; line 1149
7648 MOVE                 R38 <- R25  ; line 1149
7649 MOVE                 R39 <- R37  ; line 1149
7650 HOST_CALL            a=40 b=11 c=38 imm=2  ; line 1149
7651 MOVE                 R41 <- R40  ; line 1149
7652 LOAD_CONST           R42 constant[1591]  ; line 1150
7653 MOVE                 R43 <- R1  ; line 1150
7654 MOVE                 R44 <- R42  ; line 1150
7655 HOST_CALL            a=45 b=11 c=43 imm=2  ; line 1150
7656 MOVE                 R46 <- R45  ; line 1150
7657 HOST_CALL            a=47 b=62 c=46 imm=1  ; line 1150
7658 LOAD_CONST           R48 constant[1592]  ; line 1150
7659 COMPARE              a=47 b=48 c=49 imm=1  ; line 1150
7660 JUMP_IF_FALSE        R49 -> 7670  ; line 1150
7661 LOAD_CONST           R42 constant[1593]  ; line 1150
7662 LOAD_CONST           R43 constant[1594]  ; line 1150
7663 LOAD_CONST           R44 constant[1595]  ; line 1150
7664 MOVE                 R45 <- R42  ; line 1150
7665 MOVE                 R46 <- R43  ; line 1150
7666 MOVE                 R47 <- R44  ; line 1150
7667 CALL                 a=48 b=86 c=45 imm=3  ; line 1150
7668 RETURN               R48  ; line 1150
7669 JUMP                 -> 7670  ; line 1150
7670 LOAD_CONST           R42 constant[1596]  ; line 1151
7671 MOVE                 R43 <- R1  ; line 1151
7672 MOVE                 R44 <- R42  ; line 1151
7673 HOST_CALL            a=45 b=11 c=43 imm=2  ; line 1151
7674 MOVE                 R46 <- R45  ; line 1151
7675 HOST_CALL            a=47 b=61 c=46 imm=1  ; line 1151
7676 LOAD_CONST           R48 constant[1597]  ; line 1151
7677 MOVE                 R49 <- R47  ; line 1151
7678 MOVE                 R50 <- R48  ; line 1151
7679 HOST_CALL            a=51 b=11 c=49 imm=2  ; line 1151
7680 COMPARE              a=51 b=36 c=52 imm=1  ; line 1151
7681 JUMP_IF_FALSE        R52 -> 7691  ; line 1151
7682 LOAD_CONST           R42 constant[1598]  ; line 1151
7683 LOAD_CONST           R43 constant[1599]  ; line 1151
7684 LOAD_CONST           R44 constant[1600]  ; line 1151
7685 MOVE                 R45 <- R42  ; line 1151
7686 MOVE                 R46 <- R43  ; line 1151
7687 MOVE                 R47 <- R44  ; line 1151
7688 CALL                 a=48 b=86 c=45 imm=3  ; line 1151
7689 RETURN               R48  ; line 1151
7690 JUMP                 -> 7691  ; line 1151
7691 LOAD_CONST           R42 constant[1601]  ; line 1152
7692 MOVE                 R43 <- R1  ; line 1152
7693 MOVE                 R44 <- R42  ; line 1152
7694 HOST_CALL            a=45 b=11 c=43 imm=2  ; line 1152
7695 MOVE                 R46 <- R45  ; line 1152
7696 HOST_CALL            a=47 b=61 c=46 imm=1  ; line 1152
7697 LOAD_CONST           R48 constant[1602]  ; line 1152
7698 MOVE                 R49 <- R47  ; line 1152
7699 MOVE                 R50 <- R48  ; line 1152
7700 HOST_CALL            a=51 b=11 c=49 imm=2  ; line 1152
7701 COMPARE              a=51 b=36 c=52 imm=1  ; line 1152
7702 JUMP_IF_FALSE        R52 -> 7712  ; line 1152
7703 LOAD_CONST           R42 constant[1603]  ; line 1152
7704 LOAD_CONST           R43 constant[1604]  ; line 1152
7705 LOAD_CONST           R44 constant[1605]  ; line 1152
7706 MOVE                 R45 <- R42  ; line 1152
7707 MOVE                 R46 <- R43  ; line 1152
7708 MOVE                 R47 <- R44  ; line 1152
7709 CALL                 a=48 b=86 c=45 imm=3  ; line 1152
7710 RETURN               R48  ; line 1152
7711 JUMP                 -> 7712  ; line 1152
7712 LOAD_CONST           R42 constant[1606]  ; line 1153
7713 MOVE                 R43 <- R1  ; line 1153
7714 MOVE                 R44 <- R42  ; line 1153
7715 HOST_CALL            a=45 b=11 c=43 imm=2  ; line 1153
7716 MOVE                 R46 <- R45  ; line 1153
7717 HOST_CALL            a=47 b=61 c=46 imm=1  ; line 1153
7718 LOAD_CONST           R48 constant[1607]  ; line 1153
7719 MOVE                 R49 <- R47  ; line 1153
7720 MOVE                 R50 <- R48  ; line 1153
7721 HOST_CALL            a=51 b=11 c=49 imm=2  ; line 1153
7722 COMPARE              a=51 b=36 c=52 imm=1  ; line 1153
7723 JUMP_IF_FALSE        R52 -> 7733  ; line 1153
7724 LOAD_CONST           R42 constant[1608]  ; line 1153
7725 LOAD_CONST           R43 constant[1609]  ; line 1153
7726 LOAD_CONST           R44 constant[1610]  ; line 1153
7727 MOVE                 R45 <- R42  ; line 1153
7728 MOVE                 R46 <- R43  ; line 1153
7729 MOVE                 R47 <- R44  ; line 1153
7730 CALL                 a=48 b=86 c=45 imm=3  ; line 1153
7731 RETURN               R48  ; line 1153
7732 JUMP                 -> 7733  ; line 1153
7733 LOAD_CONST           R42 constant[1611]  ; line 1154
7734 MOVE                 R43 <- R1  ; line 1154
7735 MOVE                 R44 <- R42  ; line 1154
7736 HOST_CALL            a=45 b=11 c=43 imm=2  ; line 1154
7737 MOVE                 R46 <- R45  ; line 1154
7738 HOST_CALL            a=47 b=61 c=46 imm=1  ; line 1154
7739 LOAD_CONST           R48 constant[1612]  ; line 1154
7740 MOVE                 R49 <- R47  ; line 1154
7741 MOVE                 R50 <- R48  ; line 1154
7742 HOST_CALL            a=51 b=11 c=49 imm=2  ; line 1154
7743 COMPARE              a=51 b=36 c=52 imm=1  ; line 1154
7744 JUMP_IF_FALSE        R52 -> 7754  ; line 1154
7745 LOAD_CONST           R42 constant[1613]  ; line 1154
7746 LOAD_CONST           R43 constant[1614]  ; line 1154
7747 LOAD_CONST           R44 constant[1615]  ; line 1154
7748 MOVE                 R45 <- R42  ; line 1154
7749 MOVE                 R46 <- R43  ; line 1154
7750 MOVE                 R47 <- R44  ; line 1154
7751 CALL                 a=48 b=86 c=45 imm=3  ; line 1154
7752 RETURN               R48  ; line 1154
7753 JUMP                 -> 7754  ; line 1154
7754 LOAD_CONST           R42 constant[1616]  ; line 1155
7755 MOVE                 R43 <- R1  ; line 1155
7756 MOVE                 R44 <- R42  ; line 1155
7757 HOST_CALL            a=45 b=11 c=43 imm=2  ; line 1155
7758 MOVE                 R46 <- R45  ; line 1155
7759 HOST_CALL            a=47 b=61 c=46 imm=1  ; line 1155
7760 LOAD_CONST           R48 constant[1617]  ; line 1155
7761 MOVE                 R49 <- R47  ; line 1155
7762 MOVE                 R50 <- R48  ; line 1155
7763 HOST_CALL            a=51 b=11 c=49 imm=2  ; line 1155
7764 COMPARE              a=51 b=36 c=52 imm=1  ; line 1155
7765 JUMP_IF_FALSE        R52 -> 7775  ; line 1155
7766 LOAD_CONST           R42 constant[1618]  ; line 1155
7767 LOAD_CONST           R43 constant[1619]  ; line 1155
7768 LOAD_CONST           R44 constant[1620]  ; line 1155
7769 MOVE                 R45 <- R42  ; line 1155
7770 MOVE                 R46 <- R43  ; line 1155
7771 MOVE                 R47 <- R44  ; line 1155
7772 CALL                 a=48 b=86 c=45 imm=3  ; line 1155
7773 RETURN               R48  ; line 1155
7774 JUMP                 -> 7775  ; line 1155
7775 LOAD_CONST           R42 constant[1621]  ; line 1156
7776 MOVE                 R43 <- R1  ; line 1156
7777 MOVE                 R44 <- R42  ; line 1156
7778 HOST_CALL            a=45 b=11 c=43 imm=2  ; line 1156
7779 MOVE                 R46 <- R45  ; line 1156
7780 HOST_CALL            a=47 b=61 c=46 imm=1  ; line 1156
7781 LOAD_CONST           R48 constant[1622]  ; line 1156
7782 MOVE                 R49 <- R47  ; line 1156
7783 MOVE                 R50 <- R48  ; line 1156
7784 HOST_CALL            a=51 b=11 c=49 imm=2  ; line 1156
7785 COMPARE              a=51 b=36 c=52 imm=1  ; line 1156
7786 JUMP_IF_FALSE        R52 -> 7796  ; line 1156
7787 LOAD_CONST           R42 constant[1623]  ; line 1156
7788 LOAD_CONST           R43 constant[1624]  ; line 1156
7789 LOAD_CONST           R44 constant[1625]  ; line 1156
7790 MOVE                 R45 <- R42  ; line 1156
7791 MOVE                 R46 <- R43  ; line 1156
7792 MOVE                 R47 <- R44  ; line 1156
7793 CALL                 a=48 b=86 c=45 imm=3  ; line 1156
7794 RETURN               R48  ; line 1156
7795 JUMP                 -> 7796  ; line 1156
7796 LOAD_CONST           R42 constant[1626]  ; line 1157
7797 MOVE                 R43 <- R1  ; line 1157
7798 MOVE                 R44 <- R42  ; line 1157
7799 HOST_CALL            a=45 b=11 c=43 imm=2  ; line 1157
7800 MOVE                 R46 <- R45  ; line 1157
7801 HOST_CALL            a=47 b=61 c=46 imm=1  ; line 1157
7802 LOAD_CONST           R48 constant[1627]  ; line 1157
7803 MOVE                 R49 <- R47  ; line 1157
7804 MOVE                 R50 <- R48  ; line 1157
7805 HOST_CALL            a=51 b=11 c=49 imm=2  ; line 1157
7806 COMPARE              a=51 b=41 c=52 imm=1  ; line 1157
7807 JUMP_IF_FALSE        R52 -> 7817  ; line 1157
7808 LOAD_CONST           R42 constant[1628]  ; line 1157
7809 LOAD_CONST           R43 constant[1629]  ; line 1157
7810 LOAD_CONST           R44 constant[1630]  ; line 1157
7811 MOVE                 R45 <- R42  ; line 1157
7812 MOVE                 R46 <- R43  ; line 1157
7813 MOVE                 R47 <- R44  ; line 1157
7814 CALL                 a=48 b=86 c=45 imm=3  ; line 1157
7815 RETURN               R48  ; line 1157
7816 JUMP                 -> 7817  ; line 1157
7817 LOAD_CONST           R42 constant[1631]  ; line 1158
7818 MOVE                 R43 <- R1  ; line 1158
7819 MOVE                 R44 <- R42  ; line 1158
7820 HOST_CALL            a=45 b=11 c=43 imm=2  ; line 1158
7821 MOVE                 R46 <- R45  ; line 1158
7822 HOST_CALL            a=47 b=61 c=46 imm=1  ; line 1158
7823 LOAD_CONST           R48 constant[1632]  ; line 1158
7824 MOVE                 R49 <- R47  ; line 1158
7825 MOVE                 R50 <- R48  ; line 1158
7826 HOST_CALL            a=51 b=11 c=49 imm=2  ; line 1158
7827 COMPARE              a=51 b=36 c=52 imm=1  ; line 1158
7828 JUMP_IF_FALSE        R52 -> 7838  ; line 1158
7829 LOAD_CONST           R42 constant[1633]  ; line 1158
7830 LOAD_CONST           R43 constant[1634]  ; line 1158
7831 LOAD_CONST           R44 constant[1635]  ; line 1158
7832 MOVE                 R45 <- R42  ; line 1158
7833 MOVE                 R46 <- R43  ; line 1158
7834 MOVE                 R47 <- R44  ; line 1158
7835 CALL                 a=48 b=86 c=45 imm=3  ; line 1158
7836 RETURN               R48  ; line 1158
7837 JUMP                 -> 7838  ; line 1158
7838 LOAD_CONST           R42 constant[1636]  ; line 1159
7839 MOVE                 R43 <- R1  ; line 1159
7840 MOVE                 R44 <- R42  ; line 1159
7841 HOST_CALL            a=45 b=11 c=43 imm=2  ; line 1159
7842 MOVE                 R46 <- R45  ; line 1159
7843 HOST_CALL            a=47 b=61 c=46 imm=1  ; line 1159
7844 LOAD_CONST           R48 constant[1637]  ; line 1159
7845 MOVE                 R49 <- R47  ; line 1159
7846 MOVE                 R50 <- R48  ; line 1159
7847 HOST_CALL            a=51 b=11 c=49 imm=2  ; line 1159
7848 COMPARE              a=51 b=41 c=52 imm=1  ; line 1159
7849 JUMP_IF_FALSE        R52 -> 7859  ; line 1159
7850 LOAD_CONST           R42 constant[1638]  ; line 1159
7851 LOAD_CONST           R43 constant[1639]  ; line 1159
7852 LOAD_CONST           R44 constant[1640]  ; line 1159
7853 MOVE                 R45 <- R42  ; line 1159
7854 MOVE                 R46 <- R43  ; line 1159
7855 MOVE                 R47 <- R44  ; line 1159
7856 CALL                 a=48 b=86 c=45 imm=3  ; line 1159
7857 RETURN               R48  ; line 1159
7858 JUMP                 -> 7859  ; line 1159
7859 LOAD_CONST           R42 constant[1641]  ; line 1160
7860 MOVE                 R43 <- R1  ; line 1160
7861 MOVE                 R44 <- R42  ; line 1160
7862 HOST_CALL            a=45 b=11 c=43 imm=2  ; line 1160
7863 MOVE                 R46 <- R45  ; line 1160
7864 HOST_CALL            a=47 b=61 c=46 imm=1  ; line 1160
7865 LOAD_CONST           R48 constant[1642]  ; line 1160
7866 MOVE                 R49 <- R47  ; line 1160
7867 MOVE                 R50 <- R48  ; line 1160
7868 HOST_CALL            a=51 b=11 c=49 imm=2  ; line 1160
7869 COMPARE              a=51 b=41 c=52 imm=1  ; line 1160
7870 JUMP_IF_FALSE        R52 -> 7880  ; line 1160
7871 LOAD_CONST           R42 constant[1643]  ; line 1160
7872 LOAD_CONST           R43 constant[1644]  ; line 1160
7873 LOAD_CONST           R44 constant[1645]  ; line 1160
7874 MOVE                 R45 <- R42  ; line 1160
7875 MOVE                 R46 <- R43  ; line 1160
7876 MOVE                 R47 <- R44  ; line 1160
7877 CALL                 a=48 b=86 c=45 imm=3  ; line 1160
7878 RETURN               R48  ; line 1160
7879 JUMP                 -> 7880  ; line 1160
7880 LOAD_CONST           R42 constant[1646]  ; line 1161
7881 LOAD_CONST           R43 constant[1647]  ; line 1161
7882 MOVE                 R44 <- R1  ; line 1161
7883 MOVE                 R45 <- R43  ; line 1161
7884 HOST_CALL            a=46 b=11 c=44 imm=2  ; line 1161
7885 LOAD_CONST           R47 constant[1648]  ; line 1161
7886 LOAD_CONST           R48 constant[1649]  ; line 1161
7887 MOVE                 R49 <- R1  ; line 1161
7888 MOVE                 R50 <- R48  ; line 1161
7889 HOST_CALL            a=51 b=11 c=49 imm=2  ; line 1161
7890 LOAD_CONST           R52 constant[1650]  ; line 1161
7891 LOAD_CONST           R53 constant[1651]  ; line 1161
7892 MOVE                 R54 <- R1  ; line 1161
7893 MOVE                 R55 <- R53  ; line 1161
7894 HOST_CALL            a=56 b=11 c=54 imm=2  ; line 1161
7895 LOAD_CONST           R57 constant[1652]  ; line 1161
7896 LOAD_CONST           R58 constant[1653]  ; line 1161
7897 MOVE                 R59 <- R1  ; line 1161
7898 MOVE                 R60 <- R58  ; line 1161
7899 HOST_CALL            a=61 b=11 c=59 imm=2  ; line 1161
7900 LOAD_CONST           R62 constant[1654]  ; line 1161
7901 LOAD_CONST           R63 constant[1655]  ; line 1161
7902 MOVE                 R64 <- R1  ; line 1161
7903 MOVE                 R65 <- R63  ; line 1161
7904 HOST_CALL            a=66 b=11 c=64 imm=2  ; line 1161
7905 LOAD_CONST           R67 constant[1656]  ; line 1161
7906 LOAD_CONST           R68 constant[1657]  ; line 1161
7907 MOVE                 R69 <- R1  ; line 1161
7908 MOVE                 R70 <- R68  ; line 1161
7909 HOST_CALL            a=71 b=11 c=69 imm=2  ; line 1161
7910 LOAD_CONST           R72 constant[1658]  ; line 1161
7911 LOAD_CONST           R73 constant[1659]  ; line 1161
7912 MOVE                 R74 <- R42  ; line 1161
7913 MOVE                 R75 <- R46  ; line 1161
7914 MOVE                 R76 <- R47  ; line 1161
7915 MOVE                 R77 <- R51  ; line 1161
7916 MOVE                 R78 <- R52  ; line 1161
7917 MOVE                 R79 <- R56  ; line 1161
7918 MOVE                 R80 <- R57  ; line 1161
7919 MOVE                 R81 <- R61  ; line 1161
7920 MOVE                 R82 <- R62  ; line 1161
7921 MOVE                 R83 <- R66  ; line 1161
7922 MOVE                 R84 <- R67  ; line 1161
7923 MOVE                 R85 <- R71  ; line 1161
7924 MOVE                 R86 <- R72  ; line 1161
7925 MOVE                 R87 <- R73  ; line 1161
7926 HOST_CALL            a=88 b=6 c=74 imm=14  ; line 1161
7927 MOVE                 R89 <- R88  ; line 1161
7928 MOVE                 R90 <- R22  ; line 1163
7929 MOVE                 R91 <- R89  ; line 1163
7930 CALL                 a=92 b=126 c=90 imm=2  ; line 1163
7931 MOVE                 R93 <- R92  ; line 1163
7932 LOAD_CONST           R94 constant[1660]  ; line 1164
7933 MOVE                 R95 <- R93  ; line 1164
7934 MOVE                 R96 <- R94  ; line 1164
7935 HOST_CALL            a=97 b=11 c=95 imm=2  ; line 1164
7936 UNARY                a=97 b=98 c=4294967295 imm=1  ; line 1164
7937 JUMP_IF_FALSE        R98 -> 7940  ; line 1164
7938 RETURN               R93  ; line 1164
7939 JUMP                 -> 7940  ; line 1164
7940 LOAD_CONST           R94 constant[1661]  ; line 1165
7941 MOVE                 R95 <- R93  ; line 1165
7942 MOVE                 R96 <- R94  ; line 1165
7943 HOST_CALL            a=97 b=11 c=95 imm=2  ; line 1165
7944 MOVE                 R98 <- R97  ; line 1165
7945 LOAD_CONST           R99 constant[1662]  ; line 1166
7946 LOAD_CONST           R100 constant[1663]  ; line 1166
7947 LOAD_CONST           R101 constant[1664]  ; line 1166
7948 LOAD_CONST           R102 constant[1665]  ; line 1166
7949 LOAD_CONST           R103 constant[1666]  ; line 1166
7950 LOAD_CONST           R104 constant[1667]  ; line 1166
7951 LOAD_CONST           R105 constant[1668]  ; line 1166
7952 LOAD_CONST           R106 constant[1669]  ; line 1166
7953 LOAD_CONST           R107 constant[1670]  ; line 1166
7954 LOAD_CONST           R108 constant[1671]  ; line 1166
7955 MOVE                 R109 <- R107  ; line 1166
7956 MOVE                 R110 <- R108  ; line 1166
7957 HOST_CALL            a=111 b=6 c=109 imm=2  ; line 1166
7958 LOAD_CONST           R112 constant[1672]  ; line 1166
7959 ARRAY_NEW            a=113 b=113 c=0 imm=4294967295  ; line 1166
7960 LOAD_CONST           R114 constant[1673]  ; line 1166
7961 LOAD_CONST           R115 constant[1674]  ; line 1166
7962 LOAD_CONST           R116 constant[1675]  ; line 1166
7963 MOVE                 R117 <- R25  ; line 1166
7964 MOVE                 R118 <- R116  ; line 1166
7965 HOST_CALL            a=119 b=11 c=117 imm=2  ; line 1166
7966 LOAD_CONST           R120 constant[1676]  ; line 1166
7967 LOAD_CONST           R121 constant[1677]  ; line 1166
7968 MOVE                 R122 <- R115  ; line 1166
7969 MOVE                 R123 <- R119  ; line 1166
7970 MOVE                 R124 <- R120  ; line 1166
7971 MOVE                 R125 <- R36  ; line 1166
7972 MOVE                 R126 <- R121  ; line 1166
7973 MOVE                 R127 <- R41  ; line 1166
7974 HOST_CALL            a=128 b=6 c=122 imm=6  ; line 1166
7975 LOAD_CONST           R129 constant[1678]  ; line 1166
7976 LOAD_CONST           R130 constant[1679]  ; line 1166
7977 LOAD_CONST           R131 constant[1680]  ; line 1166
7978 MOVE                 R132 <- R22  ; line 1166
7979 HOST_CALL            a=133 b=60 c=132 imm=1  ; line 1166
7980 LOAD_CONST           R134 constant[1681]  ; line 1166
7981 LOAD_CONST           R135 constant[1682]  ; line 1166
7982 MOVE                 R136 <- R99  ; line 1166
7983 MOVE                 R137 <- R100  ; line 1166
7984 MOVE                 R138 <- R101  ; line 1166
7985 MOVE                 R139 <- R102  ; line 1166
7986 MOVE                 R140 <- R103  ; line 1166
7987 MOVE                 R141 <- R104  ; line 1166
7988 MOVE                 R142 <- R105  ; line 1166
7989 MOVE                 R143 <- R89  ; line 1166
7990 MOVE                 R144 <- R106  ; line 1166
7991 MOVE                 R145 <- R111  ; line 1166
7992 MOVE                 R146 <- R112  ; line 1166
7993 MOVE                 R147 <- R113  ; line 1166
7994 MOVE                 R148 <- R114  ; line 1166
7995 MOVE                 R149 <- R128  ; line 1166
7996 MOVE                 R150 <- R129  ; line 1166
7997 MOVE                 R151 <- R130  ; line 1166
7998 MOVE                 R152 <- R131  ; line 1166
7999 MOVE                 R153 <- R133  ; line 1166
8000 MOVE                 R154 <- R134  ; line 1166
8001 MOVE                 R155 <- R135  ; line 1166
8002 HOST_CALL            a=156 b=6 c=136 imm=20  ; line 1166
8003 MOVE                 R157 <- R156  ; line 1166
8004 LOAD_CONST           R158 constant[1683]  ; line 1170
8005 MOVE                 R159 <- R98  ; line 1170
8006 MOVE                 R160 <- R158  ; line 1170
8007 HOST_CALL            a=161 b=11 c=159 imm=2  ; line 1170
8008 MOVE                 R162 <- R161  ; line 1170
8009 HOST_CALL            a=163 b=72 c=162 imm=1  ; line 1170
8010 LOAD_CONST           R164 constant[1684]  ; line 1170
8011 MOVE                 R165 <- R98  ; line 1170
8012 MOVE                 R166 <- R164  ; line 1170
8013 HOST_CALL            a=167 b=11 c=165 imm=2  ; line 1170
8014 MOVE                 R168 <- R167  ; line 1170
8015 HOST_CALL            a=169 b=72 c=168 imm=1  ; line 1170
8016 LOAD_CONST           R170 constant[1685]  ; line 1170
8017 LOAD_CONST           R171 constant[1686]  ; line 1170
8018 MOVE                 R172 <- R25  ; line 1170
8019 MOVE                 R173 <- R171  ; line 1170
8020 HOST_CALL            a=174 b=11 c=172 imm=2  ; line 1170
8021 MOVE                 R175 <- R170  ; line 1170
8022 MOVE                 R176 <- R174  ; line 1170
8023 HOST_CALL            a=177 b=6 c=175 imm=2  ; line 1170
8024 LOAD_CONST           R178 constant[1687]  ; line 1170
8025 LOAD_CONST           R179 constant[1688]  ; line 1170
8026 LOAD_CONST           R180 constant[1689]  ; line 1170
8027 MOVE                 R181 <- R179  ; line 1170
8028 MOVE                 R182 <- R180  ; line 1170
8029 ARRAY_NEW            a=183 b=181 c=2 imm=4294967295  ; line 1170
8030 MOVE                 R184 <- R157  ; line 1170
8031 MOVE                 R185 <- R163  ; line 1170
8032 MOVE                 R186 <- R169  ; line 1170
8033 MOVE                 R187 <- R177  ; line 1170
8034 MOVE                 R188 <- R178  ; line 1170
8035 MOVE                 R189 <- R183  ; line 1170
8036 CALL                 a=190 b=101 c=184 imm=6  ; line 1170
8037 RETURN               R190  ; line 1170
8038 LOAD_CONST           R191 constant[1690]  ; line 1170
8039 RETURN               R191  ; line 1170
8040 LOAD_CONST           R2 constant[1691]  ; line 1176
8041 MOVE                 R3 <- R0  ; line 1176
8042 MOVE                 R4 <- R2  ; line 1176
8043 HOST_CALL            a=5 b=11 c=3 imm=2  ; line 1176
8044 MOVE                 R6 <- R1  ; line 1176
8045 MOVE                 R7 <- R5  ; line 1176
8046 CALL                 a=8 b=127 c=6 imm=2  ; line 1176
8047 MOVE                 R9 <- R8  ; line 1176
8048 LOAD_CONST           R10 constant[1692]  ; line 1177
8049 MOVE                 R11 <- R9  ; line 1177
8050 MOVE                 R12 <- R10  ; line 1177
8051 HOST_CALL            a=13 b=11 c=11 imm=2  ; line 1177
8052 MOVE                 R14 <- R13  ; line 1177
8053 LOAD_CONST           R15 constant[1693]  ; line 1178
8054 MOVE                 R16 <- R9  ; line 1178
8055 MOVE                 R17 <- R15  ; line 1178
8056 HOST_CALL            a=18 b=11 c=16 imm=2  ; line 1178
8057 MOVE                 R19 <- R18  ; line 1178
8058 MOVE                 R20 <- R14  ; line 1179
8059 HOST_CALL            a=21 b=26 c=20 imm=1  ; line 1179
8060 LOAD_CONST           R22 constant[1694]  ; line 1179
8061 BINARY               a=21 b=22 c=23 imm=1  ; line 1179
8062 MOVE                 R24 <- R23  ; line 1179
8063 LOAD_CONST           R25 constant[1695]  ; line 1180
8064 COMPARE              a=24 b=25 c=26 imm=5  ; line 1180
8065 JUMP_IF_FALSE        R26 -> 8140  ; line 1180
8066 LOAD_CONST           R25 constant[1696]  ; line 1181
8067 MOVE                 R26 <- R9  ; line 1181
8068 MOVE                 R27 <- R25  ; line 1181
8069 HOST_CALL            a=28 b=11 c=26 imm=2  ; line 1181
8070 LOAD_CONST           R29 constant[1697]  ; line 1181
8071 BINARY               a=24 b=29 c=30 imm=0  ; line 1181
8072 MOVE                 R31 <- R28  ; line 1181
8073 MOVE                 R32 <- R30  ; line 1181
8074 HOST_CALL            a=33 b=11 c=31 imm=2  ; line 1181
8075 MOVE                 R34 <- R33  ; line 1181
8076 LOAD_CONST           R35 constant[1698]  ; line 1182
8077 MOVE                 R36 <- R35  ; line 1182
8078 LOAD_CONST           R37 constant[1699]  ; line 1183
8079 COMPARE              a=34 b=37 c=38 imm=4  ; line 1183
8080 JUMP_IF_FALSE        R38 -> 8096  ; line 1183
8081 MOVE                 R37 <- R19  ; line 1184
8082 MOVE                 R38 <- R24  ; line 1184
8083 HOST_CALL            a=39 b=11 c=37 imm=2  ; line 1184
8084 LOAD_CONST           R40 constant[1700]  ; line 1184
8085 MOVE                 R41 <- R0  ; line 1184
8086 MOVE                 R42 <- R40  ; line 1184
8087 HOST_CALL            a=43 b=11 c=41 imm=2  ; line 1184
8088 LOAD_CONST           R44 constant[1701]  ; line 1184
8089 MOVE                 R45 <- R43  ; line 1184
8090 MOVE                 R46 <- R44  ; line 1184
8091 HOST_CALL            a=47 b=11 c=45 imm=2  ; line 1184
8092 BINARY               a=39 b=47 c=48 imm=2  ; line 1184
8093 BINARY               a=48 b=34 c=49 imm=3  ; line 1184
8094 MOVE                 R36 <- R49  ; line 1184
8095 JUMP                 -> 8096  ; line 1184
8096 MOVE                 R37 <- R14  ; line 1186
8097 MOVE                 R38 <- R24  ; line 1186
8098 HOST_CALL            a=39 b=11 c=37 imm=2  ; line 1186
8099 LOAD_CONST           R40 constant[1702]  ; line 1186
8100 BINARY               a=24 b=40 c=41 imm=0  ; line 1186
8101 MOVE                 R42 <- R14  ; line 1186
8102 MOVE                 R43 <- R41  ; line 1186
8103 HOST_CALL            a=44 b=11 c=42 imm=2  ; line 1186
8104 LOAD_CONST           R45 constant[1703]  ; line 1186
8105 MOVE                 R46 <- R9  ; line 1186
8106 MOVE                 R47 <- R45  ; line 1186
8107 HOST_CALL            a=48 b=11 c=46 imm=2  ; line 1186
8108 LOAD_CONST           R49 constant[1704]  ; line 1186
8109 BINARY               a=24 b=49 c=50 imm=0  ; line 1186
8110 MOVE                 R51 <- R48  ; line 1186
8111 MOVE                 R52 <- R50  ; line 1186
8112 HOST_CALL            a=53 b=11 c=51 imm=2  ; line 1186
8113 BINARY               a=44 b=53 c=54 imm=1  ; line 1186
8114 BINARY               a=36 b=54 c=55 imm=2  ; line 1186
8115 BINARY               a=39 b=55 c=56 imm=0  ; line 1186
8116 MOVE                 R57 <- R14  ; line 1186
8117 MOVE                 R58 <- R24  ; line 1186
8118 MOVE                 R59 <- R56  ; line 1186
8119 HOST_CALL            a=60 b=12 c=57 imm=3  ; line 1186
8120 MOVE                 R37 <- R19  ; line 1188
8121 MOVE                 R38 <- R24  ; line 1188
8122 HOST_CALL            a=39 b=11 c=37 imm=2  ; line 1188
8123 BINARY               a=36 b=36 c=40 imm=2  ; line 1188
8124 LOAD_CONST           R41 constant[1705]  ; line 1188
8125 BINARY               a=24 b=41 c=42 imm=0  ; line 1188
8126 MOVE                 R43 <- R19  ; line 1188
8127 MOVE                 R44 <- R42  ; line 1188
8128 HOST_CALL            a=45 b=11 c=43 imm=2  ; line 1188
8129 BINARY               a=45 b=34 c=46 imm=1  ; line 1188
8130 BINARY               a=40 b=46 c=47 imm=2  ; line 1188
8131 BINARY               a=39 b=47 c=48 imm=0  ; line 1188
8132 MOVE                 R49 <- R19  ; line 1188
8133 MOVE                 R50 <- R24  ; line 1188
8134 MOVE                 R51 <- R48  ; line 1188
8135 HOST_CALL            a=52 b=12 c=49 imm=3  ; line 1188
8136 LOAD_CONST           R37 constant[1706]  ; line 1190
8137 BINARY               a=24 b=37 c=38 imm=1  ; line 1190
8138 MOVE                 R24 <- R38  ; line 1190
8139 JUMP                 -> 8063  ; line 1190
8140 LOAD_CONST           R37 constant[1707]  ; line 1192
8141 MOVE                 R38 <- R14  ; line 1192
8142 HOST_CALL            a=39 b=72 c=38 imm=1  ; line 1192
8143 LOAD_CONST           R40 constant[1708]  ; line 1192
8144 MOVE                 R41 <- R19  ; line 1192
8145 HOST_CALL            a=42 b=72 c=41 imm=1  ; line 1192
8146 MOVE                 R43 <- R37  ; line 1192
8147 MOVE                 R44 <- R39  ; line 1192
8148 MOVE                 R45 <- R40  ; line 1192
8149 MOVE                 R46 <- R42  ; line 1192
8150 HOST_CALL            a=47 b=6 c=43 imm=4  ; line 1192
8151 RETURN               R47  ; line 1192
8152 LOAD_CONST           R48 constant[1709]  ; line 1192
8153 RETURN               R48  ; line 1192
8154 LOAD_CONST           R2 constant[1710]  ; line 1196
8155 MOVE                 R3 <- R0  ; line 1196
8156 MOVE                 R4 <- R2  ; line 1196
8157 HOST_CALL            a=5 b=11 c=3 imm=2  ; line 1196
8158 MOVE                 R6 <- R1  ; line 1196
8159 MOVE                 R7 <- R5  ; line 1196
8160 CALL                 a=8 b=126 c=6 imm=2  ; line 1196
8161 MOVE                 R9 <- R8  ; line 1196
8162 LOAD_CONST           R10 constant[1711]  ; line 1197
8163 MOVE                 R11 <- R9  ; line 1197
8164 MOVE                 R12 <- R10  ; line 1197
8165 HOST_CALL            a=13 b=11 c=11 imm=2  ; line 1197
8166 UNARY                a=13 b=14 c=4294967295 imm=1  ; line 1197
8167 JUMP_IF_FALSE        R14 -> 8170  ; line 1197
8168 RETURN               R9  ; line 1197
8169 JUMP                 -> 8170  ; line 1197
8170 LOAD_CONST           R10 constant[1712]  ; line 1198
8171 MOVE                 R11 <- R9  ; line 1198
8172 MOVE                 R12 <- R10  ; line 1198
8173 HOST_CALL            a=13 b=11 c=11 imm=2  ; line 1198
8174 MOVE                 R14 <- R13  ; line 1198
8175 LOAD_CONST           R15 constant[1713]  ; line 1199
8176 MOVE                 R16 <- R14  ; line 1199
8177 MOVE                 R17 <- R15  ; line 1199
8178 HOST_CALL            a=18 b=11 c=16 imm=2  ; line 1199
8179 MOVE                 R19 <- R18  ; line 1199
8180 LOAD_CONST           R20 constant[1714]  ; line 1200
8181 MOVE                 R21 <- R14  ; line 1200
8182 MOVE                 R22 <- R20  ; line 1200
8183 HOST_CALL            a=23 b=11 c=21 imm=2  ; line 1200
8184 MOVE                 R24 <- R23  ; line 1200
8185 LOAD_CONST           R25 constant[1715]  ; line 1201
8186 MOVE                 R26 <- R0  ; line 1201
8187 MOVE                 R27 <- R25  ; line 1201
8188 HOST_CALL            a=28 b=11 c=26 imm=2  ; line 1201
8189 LOAD_CONST           R29 constant[1716]  ; line 1201
8190 MOVE                 R30 <- R28  ; line 1201
8191 MOVE                 R31 <- R29  ; line 1201
8192 HOST_CALL            a=32 b=11 c=30 imm=2  ; line 1201
8193 MOVE                 R33 <- R32  ; line 1201
8194 CALL                 a=34 b=115 c=33 imm=1  ; line 1201
8195 MOVE                 R35 <- R34  ; line 1201
8196 MOVE                 R36 <- R19  ; line 1202
8197 HOST_CALL            a=37 b=26 c=36 imm=1  ; line 1202
8198 LOAD_CONST           R38 constant[1717]  ; line 1202
8199 BINARY               a=37 b=38 c=39 imm=1  ; line 1202
8200 MOVE                 R40 <- R39  ; line 1202
8201 LOAD_CONST           R41 constant[1718]  ; line 1203
8202 COMPARE              a=40 b=41 c=42 imm=5  ; line 1203
8203 JUMP_IF_FALSE        R42 -> 8309  ; line 1203
8204 LOAD_CONST           R41 constant[1719]  ; line 1204
8205 MOVE                 R42 <- R14  ; line 1204
8206 MOVE                 R43 <- R41  ; line 1204
8207 HOST_CALL            a=44 b=11 c=42 imm=2  ; line 1204
8208 LOAD_CONST           R45 constant[1720]  ; line 1204
8209 BINARY               a=40 b=45 c=46 imm=0  ; line 1204
8210 MOVE                 R47 <- R44  ; line 1204
8211 MOVE                 R48 <- R46  ; line 1204
8212 HOST_CALL            a=49 b=11 c=47 imm=2  ; line 1204
8213 MOVE                 R50 <- R49  ; line 1204
8214 CALL                 a=51 b=124 c=50 imm=1  ; line 1204
8215 MOVE                 R52 <- R51  ; line 1204
8216 LOAD_CONST           R53 constant[1721]  ; line 1205
8217 MOVE                 R54 <- R52  ; line 1205
8218 MOVE                 R55 <- R53  ; line 1205
8219 HOST_CALL            a=56 b=11 c=54 imm=2  ; line 1205
8220 UNARY                a=56 b=57 c=4294967295 imm=1  ; line 1205
8221 JUMP_IF_FALSE        R57 -> 8224  ; line 1205
8222 RETURN               R52  ; line 1205
8223 JUMP                 -> 8224  ; line 1205
8224 MOVE                 R53 <- R24  ; line 1206
8225 MOVE                 R54 <- R40  ; line 1206
8226 HOST_CALL            a=55 b=11 c=53 imm=2  ; line 1206
8227 MOVE                 R56 <- R35  ; line 1206
8228 CALL                 a=57 b=117 c=56 imm=1  ; line 1206
8229 MOVE                 R58 <- R55  ; line 1206
8230 MOVE                 R59 <- R57  ; line 1206
8231 CALL                 a=60 b=120 c=58 imm=2  ; line 1206
8232 LOAD_CONST           R61 constant[1722]  ; line 1206
8233 MOVE                 R62 <- R52  ; line 1206
8234 MOVE                 R63 <- R61  ; line 1206
8235 HOST_CALL            a=64 b=11 c=62 imm=2  ; line 1206
8236 MOVE                 R65 <- R60  ; line 1206
8237 MOVE                 R66 <- R64  ; line 1206
8238 CALL                 a=67 b=120 c=65 imm=2  ; line 1206
8239 MOVE                 R68 <- R67  ; line 1206
8240 MOVE                 R69 <- R19  ; line 1207
8241 MOVE                 R70 <- R40  ; line 1207
8242 HOST_CALL            a=71 b=11 c=69 imm=2  ; line 1207
8243 LOAD_CONST           R72 constant[1723]  ; line 1207
8244 BINARY               a=40 b=72 c=73 imm=0  ; line 1207
8245 MOVE                 R74 <- R19  ; line 1207
8246 MOVE                 R75 <- R73  ; line 1207
8247 HOST_CALL            a=76 b=11 c=74 imm=2  ; line 1207
8248 LOAD_CONST           R77 constant[1724]  ; line 1207
8249 MOVE                 R78 <- R14  ; line 1207
8250 MOVE                 R79 <- R77  ; line 1207
8251 HOST_CALL            a=80 b=11 c=78 imm=2  ; line 1207
8252 LOAD_CONST           R81 constant[1725]  ; line 1207
8253 BINARY               a=40 b=81 c=82 imm=0  ; line 1207
8254 MOVE                 R83 <- R80  ; line 1207
8255 MOVE                 R84 <- R82  ; line 1207
8256 HOST_CALL            a=85 b=11 c=83 imm=2  ; line 1207
8257 MOVE                 R86 <- R76  ; line 1207
8258 MOVE                 R87 <- R85  ; line 1207
8259 CALL                 a=88 b=123 c=86 imm=2  ; line 1207
8260 MOVE                 R89 <- R68  ; line 1207
8261 MOVE                 R90 <- R88  ; line 1207
8262 CALL                 a=91 b=121 c=89 imm=2  ; line 1207
8263 MOVE                 R92 <- R71  ; line 1207
8264 MOVE                 R93 <- R91  ; line 1207
8265 CALL                 a=94 b=122 c=92 imm=2  ; line 1207
8266 MOVE                 R95 <- R19  ; line 1207
8267 MOVE                 R96 <- R40  ; line 1207
8268 MOVE                 R97 <- R94  ; line 1207
8269 HOST_CALL            a=98 b=12 c=95 imm=3  ; line 1207
8270 MOVE                 R69 <- R24  ; line 1209
8271 MOVE                 R70 <- R40  ; line 1209
8272 HOST_CALL            a=71 b=11 c=69 imm=2  ; line 1209
8273 LOAD_CONST           R72 constant[1726]  ; line 1209
8274 BINARY               a=40 b=72 c=73 imm=0  ; line 1209
8275 MOVE                 R74 <- R24  ; line 1209
8276 MOVE                 R75 <- R73  ; line 1209
8277 HOST_CALL            a=76 b=11 c=74 imm=2  ; line 1209
8278 LOAD_CONST           R77 constant[1727]  ; line 1209
8279 MOVE                 R78 <- R14  ; line 1209
8280 MOVE                 R79 <- R77  ; line 1209
8281 HOST_CALL            a=80 b=11 c=78 imm=2  ; line 1209
8282 LOAD_CONST           R81 constant[1728]  ; line 1209
8283 BINARY               a=40 b=81 c=82 imm=0  ; line 1209
8284 MOVE                 R83 <- R80  ; line 1209
8285 MOVE                 R84 <- R82  ; line 1209
8286 HOST_CALL            a=85 b=11 c=83 imm=2  ; line 1209
8287 MOVE                 R86 <- R76  ; line 1209
8288 MOVE                 R87 <- R85  ; line 1209
8289 CALL                 a=88 b=119 c=86 imm=2  ; line 1209
8290 MOVE                 R89 <- R68  ; line 1209
8291 MOVE                 R90 <- R88  ; line 1209
8292 CALL                 a=91 b=120 c=89 imm=2  ; line 1209
8293 MOVE                 R92 <- R68  ; line 1209
8294 CALL                 a=93 b=117 c=92 imm=1  ; line 1209
8295 MOVE                 R94 <- R91  ; line 1209
8296 MOVE                 R95 <- R93  ; line 1209
8297 CALL                 a=96 b=120 c=94 imm=2  ; line 1209
8298 MOVE                 R97 <- R71  ; line 1209
8299 MOVE                 R98 <- R96  ; line 1209
8300 CALL                 a=99 b=118 c=97 imm=2  ; line 1209
8301 MOVE                 R100 <- R24  ; line 1209
8302 MOVE                 R101 <- R40  ; line 1209
8303 MOVE                 R102 <- R99  ; line 1209
8304 HOST_CALL            a=103 b=12 c=100 imm=3  ; line 1209
8305 LOAD_CONST           R69 constant[1729]  ; line 1212
8306 BINARY               a=40 b=69 c=70 imm=1  ; line 1212
8307 MOVE                 R40 <- R70  ; line 1212
8308 JUMP                 -> 8201  ; line 1212
8309 LOAD_CONST           R69 constant[1730]  ; line 1214
8310 LOAD_CONST           R70 constant[1731]  ; line 1214
8311 MOVE                 R71 <- R19  ; line 1214
8312 HOST_CALL            a=72 b=72 c=71 imm=1  ; line 1214
8313 LOAD_CONST           R73 constant[1732]  ; line 1214
8314 MOVE                 R74 <- R24  ; line 1214
8315 HOST_CALL            a=75 b=72 c=74 imm=1  ; line 1214
8316 MOVE                 R76 <- R70  ; line 1214
8317 MOVE                 R77 <- R72  ; line 1214
8318 MOVE                 R78 <- R73  ; line 1214
8319 MOVE                 R79 <- R75  ; line 1214
8320 HOST_CALL            a=80 b=6 c=76 imm=4  ; line 1214
8321 MOVE                 R81 <- R69  ; line 1214
8322 MOVE                 R82 <- R80  ; line 1214
8323 ARRAY_NEW            a=83 b=81 c=2 imm=4294967295  ; line 1214
8324 RETURN               R83  ; line 1214
8325 LOAD_CONST           R84 constant[1733]  ; line 1214
8326 RETURN               R84  ; line 1214
8327 MOVE                 R2 <- R0  ; line 1218
8328 HOST_CALL            a=3 b=86 c=2 imm=1  ; line 1218
8329 LOAD_CONST           R4 constant[1734]  ; line 1218
8330 COMPARE              a=3 b=4 c=5 imm=1  ; line 1218
8331 JUMP_IF_FALSE        R5 -> 8341  ; line 1218
8332 LOAD_CONST           R2 constant[1735]  ; line 1218
8333 LOAD_CONST           R3 constant[1736]  ; line 1218
8334 LOAD_CONST           R4 constant[1737]  ; line 1218
8335 MOVE                 R5 <- R2  ; line 1218
8336 MOVE                 R6 <- R3  ; line 1218
8337 MOVE                 R7 <- R4  ; line 1218
8338 CALL                 a=8 b=86 c=5 imm=3  ; line 1218
8339 RETURN               R8  ; line 1218
8340 JUMP                 -> 8341  ; line 1218
8341 LOAD_CONST           R2 constant[1738]  ; line 1219
8342 MOVE                 R3 <- R0  ; line 1219
8343 MOVE                 R4 <- R2  ; line 1219
8344 HOST_CALL            a=5 b=7 c=3 imm=2  ; line 1219
8345 UNARY                a=5 b=6 c=4294967295 imm=1  ; line 1219
8346 JUMP_IF_FALSE        R6 -> 8356  ; line 1219
8347 LOAD_CONST           R2 constant[1739]  ; line 1219
8348 LOAD_CONST           R3 constant[1740]  ; line 1219
8349 LOAD_CONST           R4 constant[1741]  ; line 1219
8350 MOVE                 R5 <- R2  ; line 1219
8351 MOVE                 R6 <- R3  ; line 1219
8352 MOVE                 R7 <- R4  ; line 1219
8353 CALL                 a=8 b=86 c=5 imm=3  ; line 1219
8354 RETURN               R8  ; line 1219
8355 JUMP                 -> 8356  ; line 1219
8356 LOAD_CONST           R2 constant[1742]  ; line 1220
8357 MOVE                 R3 <- R0  ; line 1220
8358 MOVE                 R4 <- R2  ; line 1220
8359 HOST_CALL            a=5 b=11 c=3 imm=2  ; line 1220
8360 MOVE                 R6 <- R5  ; line 1220
8361 MOVE                 R7 <- R6  ; line 1221
8362 CALL                 a=8 b=95 c=7 imm=1  ; line 1221
8363 MOVE                 R9 <- R8  ; line 1221
8364 LOAD_CONST           R10 constant[1743]  ; line 1222
8365 LOAD_CONST           R11 constant[1744]  ; line 1222
8366 MOVE                 R12 <- R1  ; line 1222
8367 MOVE                 R13 <- R10  ; line 1222
8368 MOVE                 R14 <- R11  ; line 1222
8369 CALL                 a=15 b=87 c=12 imm=3  ; line 1222
8370 MOVE                 R16 <- R15  ; line 1222
8371 LOAD_CONST           R17 constant[1745]  ; line 1223
8372 LOAD_CONST           R18 constant[1746]  ; line 1223
8373 MOVE                 R19 <- R1  ; line 1223
8374 MOVE                 R20 <- R17  ; line 1223
8375 MOVE                 R21 <- R18  ; line 1223
8376 CALL                 a=22 b=87 c=19 imm=3  ; line 1223
8377 MOVE                 R23 <- R22  ; line 1223
8378 LOAD_CONST           R24 constant[1747]  ; line 1224
8379 COMPARE              a=9 b=24 c=25 imm=2  ; line 1224
8380 JUMP_IF_FALSE        R25 -> 8390  ; line 1224
8381 LOAD_CONST           R24 constant[1748]  ; line 1224
8382 LOAD_CONST           R25 constant[1749]  ; line 1224
8383 LOAD_CONST           R26 constant[1750]  ; line 1224
8384 MOVE                 R27 <- R24  ; line 1224
8385 MOVE                 R28 <- R25  ; line 1224
8386 MOVE                 R29 <- R26  ; line 1224
8387 CALL                 a=30 b=86 c=27 imm=3  ; line 1224
8388 RETURN               R30  ; line 1224
8389 JUMP                 -> 8390  ; line 1224
8390 LOAD_CONST           R24 constant[1751]  ; line 1225
8391 COMPARE              a=16 b=24 c=25 imm=2  ; line 1225
8392 JUMP_IF_FALSE        R25 -> 8402  ; line 1225
8393 LOAD_CONST           R24 constant[1752]  ; line 1225
8394 LOAD_CONST           R25 constant[1753]  ; line 1225
8395 LOAD_CONST           R26 constant[1754]  ; line 1225
8396 MOVE                 R27 <- R24  ; line 1225
8397 MOVE                 R28 <- R25  ; line 1225
8398 MOVE                 R29 <- R26  ; line 1225
8399 CALL                 a=30 b=86 c=27 imm=3  ; line 1225
8400 RETURN               R30  ; line 1225
8401 JUMP                 -> 8402  ; line 1225
8402 LOAD_CONST           R24 constant[1755]  ; line 1226
8403 COMPARE              a=23 b=24 c=25 imm=2  ; line 1226
8404 JUMP_IF_FALSE        R25 -> 8414  ; line 1226
8405 LOAD_CONST           R24 constant[1756]  ; line 1226
8406 LOAD_CONST           R25 constant[1757]  ; line 1226
8407 LOAD_CONST           R26 constant[1758]  ; line 1226
8408 MOVE                 R27 <- R24  ; line 1226
8409 MOVE                 R28 <- R25  ; line 1226
8410 MOVE                 R29 <- R26  ; line 1226
8411 CALL                 a=30 b=86 c=27 imm=3  ; line 1226
8412 RETURN               R30  ; line 1226
8413 JUMP                 -> 8414  ; line 1226
8414 LOAD_CONST           R24 constant[1759]  ; line 1227
8415 MOVE                 R25 <- R24  ; line 1227
8416 COMPARE              a=25 b=9 c=26 imm=2  ; line 1228
8417 JUMP_IF_FALSE        R26 -> 8462  ; line 1228
8418 MOVE                 R26 <- R6  ; line 1229
8419 MOVE                 R27 <- R25  ; line 1229
8420 HOST_CALL            a=28 b=11 c=26 imm=2  ; line 1229
8421 MOVE                 R29 <- R28  ; line 1229
8422 LOAD_CONST           R30 constant[1760]  ; line 1230
8423 COMPARE              a=29 b=30 c=31 imm=2  ; line 1230
8424 JUMP_IF_FALSE        R31 -> 8434  ; line 1230
8425 LOAD_CONST           R30 constant[1761]  ; line 1230
8426 LOAD_CONST           R31 constant[1762]  ; line 1230
8427 LOAD_CONST           R32 constant[1763]  ; line 1230
8428 MOVE                 R33 <- R30  ; line 1230
8429 MOVE                 R34 <- R31  ; line 1230
8430 MOVE                 R35 <- R32  ; line 1230
8431 CALL                 a=36 b=86 c=33 imm=3  ; line 1230
8432 RETURN               R36  ; line 1230
8433 JUMP                 -> 8434  ; line 1230
8434 COMPARE              a=29 b=23 c=30 imm=5  ; line 1231
8435 JUMP_IF_FALSE        R30 -> 8445  ; line 1231
8436 LOAD_CONST           R30 constant[1764]  ; line 1231
8437 LOAD_CONST           R31 constant[1765]  ; line 1231
8438 LOAD_CONST           R32 constant[1766]  ; line 1231
8439 MOVE                 R33 <- R30  ; line 1231
8440 MOVE                 R34 <- R31  ; line 1231
8441 MOVE                 R35 <- R32  ; line 1231
8442 CALL                 a=36 b=86 c=33 imm=3  ; line 1231
8443 RETURN               R36  ; line 1231
8444 JUMP                 -> 8445  ; line 1231
8445 MOVE                 R30 <- R29  ; line 1232
8446 HOST_CALL            a=31 b=84 c=30 imm=1  ; line 1232
8447 COMPARE              a=31 b=29 c=32 imm=1  ; line 1232
8448 JUMP_IF_FALSE        R32 -> 8458  ; line 1232
8449 LOAD_CONST           R30 constant[1767]  ; line 1232
8450 LOAD_CONST           R31 constant[1768]  ; line 1232
8451 LOAD_CONST           R32 constant[1769]  ; line 1232
8452 MOVE                 R33 <- R30  ; line 1232
8453 MOVE                 R34 <- R31  ; line 1232
8454 MOVE                 R35 <- R32  ; line 1232
8455 CALL                 a=36 b=86 c=33 imm=3  ; line 1232
8456 RETURN               R36  ; line 1232
8457 JUMP                 -> 8458  ; line 1232
8458 LOAD_CONST           R30 constant[1770]  ; line 1233
8459 BINARY               a=25 b=30 c=31 imm=0  ; line 1233
8460 MOVE                 R25 <- R31  ; line 1233
8461 JUMP                 -> 8416  ; line 1233
8462 LOAD_CONST           R30 constant[1771]  ; line 1235
8463 MOVE                 R31 <- R30  ; line 1235
8464 HOST_CALL            a=32 b=22 c=31 imm=1  ; line 1235
8465 MOVE                 R33 <- R32  ; line 1235
8466 LOAD_CONST           R34 constant[1772]  ; line 1236
8467 MOVE                 R35 <- R34  ; line 1236
8468 HOST_CALL            a=36 b=22 c=35 imm=1  ; line 1236
8469 MOVE                 R37 <- R36  ; line 1236
8470 LOAD_CONST           R38 constant[1773]  ; line 1237
8471 MOVE                 R39 <- R38  ; line 1237
8472 COMPARE              a=39 b=16 c=40 imm=2  ; line 1238
8473 JUMP_IF_FALSE        R40 -> 8537  ; line 1238
8474 LOAD_CONST           R40 constant[1774]  ; line 1239
8475 MOVE                 R41 <- R40  ; line 1239
8476 HOST_CALL            a=42 b=22 c=41 imm=1  ; line 1239
8477 MOVE                 R43 <- R42  ; line 1239
8478 LOAD_CONST           R44 constant[1775]  ; line 1240
8479 MOVE                 R45 <- R44  ; line 1240
8480 HOST_CALL            a=46 b=22 c=45 imm=1  ; line 1240
8481 MOVE                 R47 <- R46  ; line 1240
8482 LOAD_CONST           R48 constant[1776]  ; line 1241
8483 MOVE                 R49 <- R48  ; line 1241
8484 COMPARE              a=49 b=16 c=50 imm=2  ; line 1242
8485 JUMP_IF_FALSE        R50 -> 8503  ; line 1242
8486 LOAD_CONST           R50 constant[1777]  ; line 1243
8487 LOAD_CONST           R51 constant[1778]  ; line 1243
8488 BINARY               a=16 b=51 c=52 imm=1  ; line 1243
8489 BINARY               a=50 b=52 c=53 imm=3  ; line 1243
8490 MOVE                 R54 <- R53  ; line 1243
8491 COMPARE              a=39 b=49 c=55 imm=0  ; line 1244
8492 JUMP_IF_FALSE        R55 -> 8496  ; line 1244
8493 LOAD_CONST           R55 constant[1779]  ; line 1244
8494 MOVE                 R54 <- R55  ; line 1244
8495 JUMP                 -> 8496  ; line 1244
8496 MOVE                 R55 <- R43  ; line 1245
8497 MOVE                 R56 <- R54  ; line 1245
8498 HOST_CALL            a=57 b=23 c=55 imm=2  ; line 1245
8499 LOAD_CONST           R55 constant[1780]  ; line 1246
8500 BINARY               a=49 b=55 c=56 imm=0  ; line 1246
8501 MOVE                 R49 <- R56  ; line 1246
8502 JUMP                 -> 8484  ; line 1246
8503 LOAD_CONST           R55 constant[1781]  ; line 1248
8504 MOVE                 R56 <- R55  ; line 1248
8505 COMPARE              a=56 b=23 c=57 imm=2  ; line 1249
8506 JUMP_IF_FALSE        R57 -> 8527  ; line 1249
8507 LOAD_CONST           R57 constant[1782]  ; line 1250
8508 LOAD_CONST           R58 constant[1783]  ; line 1250
8509 BINARY               a=23 b=58 c=59 imm=1  ; line 1250
8510 BINARY               a=57 b=59 c=60 imm=3  ; line 1250
8511 MOVE                 R61 <- R60  ; line 1250
8512 MOVE                 R62 <- R39  ; line 1251
8513 MOVE                 R63 <- R23  ; line 1251
8514 CALL                 a=64 b=90 c=62 imm=2  ; line 1251
8515 COMPARE              a=56 b=64 c=65 imm=0  ; line 1251
8516 JUMP_IF_FALSE        R65 -> 8520  ; line 1251
8517 LOAD_CONST           R62 constant[1784]  ; line 1251
8518 MOVE                 R61 <- R62  ; line 1251
8519 JUMP                 -> 8520  ; line 1251
8520 MOVE                 R62 <- R47  ; line 1252
8521 MOVE                 R63 <- R61  ; line 1252
8522 HOST_CALL            a=64 b=23 c=62 imm=2  ; line 1252
8523 LOAD_CONST           R62 constant[1785]  ; line 1253
8524 BINARY               a=56 b=62 c=63 imm=0  ; line 1253
8525 MOVE                 R56 <- R63  ; line 1253
8526 JUMP                 -> 8505  ; line 1253
8527 MOVE                 R62 <- R33  ; line 1255
8528 MOVE                 R63 <- R43  ; line 1255
8529 HOST_CALL            a=64 b=23 c=62 imm=2  ; line 1255
8530 MOVE                 R62 <- R37  ; line 1256
8531 MOVE                 R63 <- R47  ; line 1256
8532 HOST_CALL            a=64 b=23 c=62 imm=2  ; line 1256
8533 LOAD_CONST           R62 constant[1786]  ; line 1257
8534 BINARY               a=39 b=62 c=63 imm=0  ; line 1257
8535 MOVE                 R39 <- R63  ; line 1257
8536 JUMP                 -> 8472  ; line 1257
8537 LOAD_CONST           R62 constant[1787]  ; line 1259
8538 MOVE                 R63 <- R62  ; line 1259
8539 HOST_CALL            a=64 b=22 c=63 imm=1  ; line 1259
8540 MOVE                 R65 <- R64  ; line 1259
8541 LOAD_CONST           R66 constant[1788]  ; line 1260
8542 MOVE                 R39 <- R66  ; line 1260
8543 COMPARE              a=39 b=16 c=66 imm=2  ; line 1261
8544 JUMP_IF_FALSE        R66 -> 8554  ; line 1261
8545 LOAD_CONST           R66 constant[1789]  ; line 1261
8546 BINARY               a=66 b=16 c=67 imm=3  ; line 1261
8547 MOVE                 R68 <- R65  ; line 1261
8548 MOVE                 R69 <- R67  ; line 1261
8549 HOST_CALL            a=70 b=23 c=68 imm=2  ; line 1261
8550 LOAD_CONST           R66 constant[1790]  ; line 1261
8551 BINARY               a=39 b=66 c=67 imm=0  ; line 1261
8552 MOVE                 R39 <- R67  ; line 1261
8553 JUMP                 -> 8543  ; line 1261
8554 LOAD_CONST           R66 constant[1791]  ; line 1262
8555 LOAD_CONST           R67 constant[1792]  ; line 1262
8556 LOAD_CONST           R68 constant[1793]  ; line 1262
8557 LOAD_CONST           R69 constant[1794]  ; line 1262
8558 LOAD_CONST           R70 constant[1795]  ; line 1262
8559 LOAD_CONST           R71 constant[1796]  ; line 1262
8560 LOAD_CONST           R72 constant[1797]  ; line 1262
8561 LOAD_CONST           R73 constant[1798]  ; line 1262
8562 MOVE                 R74 <- R33  ; line 1262
8563 HOST_CALL            a=75 b=72 c=74 imm=1  ; line 1262
8564 LOAD_CONST           R76 constant[1799]  ; line 1262
8565 MOVE                 R77 <- R37  ; line 1262
8566 HOST_CALL            a=78 b=72 c=77 imm=1  ; line 1262
8567 LOAD_CONST           R79 constant[1800]  ; line 1262
8568 MOVE                 R80 <- R65  ; line 1262
8569 HOST_CALL            a=81 b=72 c=80 imm=1  ; line 1262
8570 LOAD_CONST           R82 constant[1801]  ; line 1262
8571 LOAD_CONST           R83 constant[1802]  ; line 1262
8572 MOVE                 R84 <- R73  ; line 1262
8573 MOVE                 R85 <- R75  ; line 1262
8574 MOVE                 R86 <- R76  ; line 1262
8575 MOVE                 R87 <- R78  ; line 1262
8576 MOVE                 R88 <- R79  ; line 1262
8577 MOVE                 R89 <- R81  ; line 1262
8578 MOVE                 R90 <- R82  ; line 1262
8579 MOVE                 R91 <- R16  ; line 1262
8580 MOVE                 R92 <- R83  ; line 1262
8581 MOVE                 R93 <- R23  ; line 1262
8582 HOST_CALL            a=94 b=6 c=84 imm=10  ; line 1262
8583 LOAD_CONST           R95 constant[1803]  ; line 1262
8584 LOAD_CONST           R96 constant[1804]  ; line 1262
8585 LOAD_CONST           R97 constant[1805]  ; line 1262
8586 MOVE                 R98 <- R96  ; line 1262
8587 MOVE                 R99 <- R97  ; line 1262
8588 HOST_CALL            a=100 b=6 c=98 imm=2  ; line 1262
8589 LOAD_CONST           R101 constant[1806]  ; line 1262
8590 LOAD_CONST           R102 constant[1807]  ; line 1262
8591 LOAD_CONST           R103 constant[1808]  ; line 1262
8592 LOAD_CONST           R104 constant[1809]  ; line 1262
8593 LOAD_CONST           R105 constant[1810]  ; line 1262
8594 LOAD_CONST           R106 constant[1811]  ; line 1262
8595 LOAD_CONST           R107 constant[1812]  ; line 1262
8596 MOVE                 R108 <- R1  ; line 1262
8597 MOVE                 R109 <- R106  ; line 1262
8598 MOVE                 R110 <- R107  ; line 1262
8599 CALL                 a=111 b=87 c=108 imm=3  ; line 1262
8600 MOVE                 R112 <- R103  ; line 1262
8601 MOVE                 R113 <- R104  ; line 1262
8602 MOVE                 R114 <- R105  ; line 1262
8603 MOVE                 R115 <- R111  ; line 1262
8604 HOST_CALL            a=116 b=6 c=112 imm=4  ; line 1262
8605 LOAD_CONST           R117 constant[1813]  ; line 1262
8606 LOAD_CONST           R118 constant[1814]  ; line 1262
8607 LOAD_CONST           R119 constant[1815]  ; line 1262
8608 LOAD_CONST           R120 constant[1816]  ; line 1262
8609 LOAD_CONST           R121 constant[1817]  ; line 1262
8610 LOAD_CONST           R122 constant[1818]  ; line 1262
8611 MOVE                 R123 <- R66  ; line 1262
8612 MOVE                 R124 <- R67  ; line 1262
8613 MOVE                 R125 <- R68  ; line 1262
8614 MOVE                 R126 <- R69  ; line 1262
8615 MOVE                 R127 <- R70  ; line 1262
8616 MOVE                 R128 <- R71  ; line 1262
8617 MOVE                 R129 <- R72  ; line 1262
8618 MOVE                 R130 <- R94  ; line 1262
8619 MOVE                 R131 <- R95  ; line 1262
8620 MOVE                 R132 <- R100  ; line 1262
8621 MOVE                 R133 <- R101  ; line 1262
8622 MOVE                 R134 <- R16  ; line 1262
8623 MOVE                 R135 <- R102  ; line 1262
8624 MOVE                 R136 <- R116  ; line 1262
8625 MOVE                 R137 <- R117  ; line 1262
8626 MOVE                 R138 <- R118  ; line 1262
8627 MOVE                 R139 <- R119  ; line 1262
8628 MOVE                 R140 <- R120  ; line 1262
8629 MOVE                 R141 <- R121  ; line 1262
8630 MOVE                 R142 <- R122  ; line 1262
8631 HOST_CALL            a=143 b=6 c=123 imm=20  ; line 1262
8632 MOVE                 R144 <- R143  ; line 1262
8633 LOAD_CONST           R145 constant[1819]  ; line 1266
8634 LOAD_CONST           R146 constant[1820]  ; line 1266
8635 MOVE                 R147 <- R1  ; line 1266
8636 MOVE                 R148 <- R145  ; line 1266
8637 MOVE                 R149 <- R146  ; line 1266
8638 CALL                 a=150 b=87 c=147 imm=3  ; line 1266
8639 MOVE                 R151 <- R144  ; line 1266
8640 MOVE                 R152 <- R6  ; line 1266
8641 MOVE                 R153 <- R150  ; line 1266
8642 CALL                 a=154 b=141 c=151 imm=3  ; line 1266
8643 MOVE                 R144 <- R154  ; line 1266
8644 MOVE                 R145 <- R144  ; line 1267
8645 MOVE                 R146 <- R6  ; line 1267
8646 CALL                 a=147 b=134 c=145 imm=2  ; line 1267
8647 MOVE                 R148 <- R147  ; line 1267
8648 LOAD_CONST           R149 constant[1821]  ; line 1268
8649 MOVE                 R150 <- R148  ; line 1268
8650 MOVE                 R151 <- R149  ; line 1268
8651 HOST_CALL            a=152 b=11 c=150 imm=2  ; line 1268
8652 LOAD_CONST           R153 constant[1822]  ; line 1268
8653 MOVE                 R154 <- R148  ; line 1268
8654 MOVE                 R155 <- R153  ; line 1268
8655 HOST_CALL            a=156 b=11 c=154 imm=2  ; line 1268
8656 LOAD_CONST           R157 constant[1823]  ; line 1268
8657 LOAD_CONST           R158 constant[1824]  ; line 1268
8658 LOAD_CONST           R159 constant[1825]  ; line 1268
8659 LOAD_CONST           R160 constant[1826]  ; line 1268
8660 MOVE                 R161 <- R1  ; line 1268
8661 MOVE                 R162 <- R159  ; line 1268
8662 MOVE                 R163 <- R160  ; line 1268
8663 CALL                 a=164 b=87 c=161 imm=3  ; line 1268
8664 MOVE                 R165 <- R157  ; line 1268
8665 MOVE                 R166 <- R9  ; line 1268
8666 MOVE                 R167 <- R158  ; line 1268
8667 MOVE                 R168 <- R164  ; line 1268
8668 HOST_CALL            a=169 b=6 c=165 imm=4  ; line 1268
8669 LOAD_CONST           R170 constant[1827]  ; line 1268
8670 LOAD_CONST           R171 constant[1828]  ; line 1268
8671 LOAD_CONST           R172 constant[1829]  ; line 1268
8672 MOVE                 R173 <- R171  ; line 1268
8673 MOVE                 R174 <- R172  ; line 1268
8674 ARRAY_NEW            a=175 b=173 c=2 imm=4294967295  ; line 1268
8675 MOVE                 R176 <- R144  ; line 1268
8676 MOVE                 R177 <- R152  ; line 1268
8677 MOVE                 R178 <- R156  ; line 1268
8678 MOVE                 R179 <- R169  ; line 1268
8679 MOVE                 R180 <- R170  ; line 1268
8680 MOVE                 R181 <- R175  ; line 1268
8681 CALL                 a=182 b=101 c=176 imm=6  ; line 1268
8682 RETURN               R182  ; line 1268
8683 LOAD_CONST           R183 constant[1830]  ; line 1268
8684 RETURN               R183  ; line 1268
8685 MOVE                 R2 <- R1  ; line 1274
8686 CALL                 a=3 b=95 c=2 imm=1  ; line 1274
8687 MOVE                 R4 <- R3  ; line 1274
8688 LOAD_CONST           R5 constant[1831]  ; line 1275
8689 MOVE                 R6 <- R0  ; line 1275
8690 MOVE                 R7 <- R5  ; line 1275
8691 HOST_CALL            a=8 b=11 c=6 imm=2  ; line 1275
8692 LOAD_CONST           R9 constant[1832]  ; line 1275
8693 MOVE                 R10 <- R8  ; line 1275
8694 MOVE                 R11 <- R9  ; line 1275
8695 HOST_CALL            a=12 b=11 c=10 imm=2  ; line 1275
8696 MOVE                 R13 <- R12  ; line 1275
8697 LOAD_CONST           R14 constant[1833]  ; line 1276
8698 MOVE                 R15 <- R14  ; line 1276
8699 HOST_CALL            a=16 b=22 c=15 imm=1  ; line 1276
8700 MOVE                 R17 <- R16  ; line 1276
8701 LOAD_CONST           R18 constant[1834]  ; line 1277
8702 MOVE                 R19 <- R18  ; line 1277
8703 HOST_CALL            a=20 b=22 c=19 imm=1  ; line 1277
8704 MOVE                 R21 <- R20  ; line 1277
8705 LOAD_CONST           R22 constant[1835]  ; line 1278
8706 MOVE                 R23 <- R22  ; line 1278
8707 HOST_CALL            a=24 b=22 c=23 imm=1  ; line 1278
8708 MOVE                 R25 <- R24  ; line 1278
8709 LOAD_CONST           R26 constant[1836]  ; line 1279
8710 MOVE                 R27 <- R26  ; line 1279
8711 COMPARE              a=27 b=13 c=28 imm=2  ; line 1280
8712 JUMP_IF_FALSE        R28 -> 8731  ; line 1280
8713 LOAD_CONST           R28 constant[1837]  ; line 1281
8714 MOVE                 R29 <- R0  ; line 1281
8715 MOVE                 R30 <- R28  ; line 1281
8716 HOST_CALL            a=31 b=11 c=29 imm=2  ; line 1281
8717 LOAD_CONST           R32 constant[1838]  ; line 1281
8718 MOVE                 R33 <- R31  ; line 1281
8719 MOVE                 R34 <- R32  ; line 1281
8720 HOST_CALL            a=35 b=11 c=33 imm=2  ; line 1281
8721 MOVE                 R36 <- R35  ; line 1281
8722 MOVE                 R37 <- R27  ; line 1281
8723 HOST_CALL            a=38 b=11 c=36 imm=2  ; line 1281
8724 MOVE                 R39 <- R25  ; line 1281
8725 MOVE                 R40 <- R38  ; line 1281
8726 HOST_CALL            a=41 b=23 c=39 imm=2  ; line 1281
8727 LOAD_CONST           R28 constant[1839]  ; line 1282
8728 BINARY               a=27 b=28 c=29 imm=0  ; line 1282
8729 MOVE                 R27 <- R29  ; line 1282
8730 JUMP                 -> 8711  ; line 1282
8731 LOAD_CONST           R28 constant[1840]  ; line 1284
8732 MOVE                 R29 <- R28  ; line 1284
8733 COMPARE              a=29 b=4 c=30 imm=2  ; line 1285
8734 JUMP_IF_FALSE        R30 -> 8848  ; line 1285
8735 MOVE                 R30 <- R13  ; line 1286
8736 CALL                 a=31 b=96 c=30 imm=1  ; line 1286
8737 MOVE                 R32 <- R31  ; line 1286
8738 LOAD_CONST           R33 constant[1841]  ; line 1287
8739 MOVE                 R34 <- R33  ; line 1287
8740 LOAD_CONST           R35 constant[1842]  ; line 1288
8741 MOVE                 R27 <- R35  ; line 1288
8742 COMPARE              a=27 b=13 c=35 imm=2  ; line 1289
8743 JUMP_IF_FALSE        R35 -> 8805  ; line 1289
8744 LOAD_CONST           R35 constant[1843]  ; line 1290
8745 MOVE                 R36 <- R35  ; line 1290
8746 LOAD_CONST           R37 constant[1844]  ; line 1291
8747 MOVE                 R38 <- R37  ; line 1291
8748 COMPARE              a=38 b=13 c=39 imm=2  ; line 1292
8749 JUMP_IF_FALSE        R39 -> 8774  ; line 1292
8750 MOVE                 R39 <- R25  ; line 1293
8751 MOVE                 R40 <- R38  ; line 1293
8752 HOST_CALL            a=41 b=11 c=39 imm=2  ; line 1293
8753 LOAD_CONST           R42 constant[1845]  ; line 1293
8754 MOVE                 R43 <- R0  ; line 1293
8755 MOVE                 R44 <- R42  ; line 1293
8756 HOST_CALL            a=45 b=11 c=43 imm=2  ; line 1293
8757 LOAD_CONST           R46 constant[1846]  ; line 1293
8758 MOVE                 R47 <- R45  ; line 1293
8759 MOVE                 R48 <- R46  ; line 1293
8760 HOST_CALL            a=49 b=11 c=47 imm=2  ; line 1293
8761 MOVE                 R50 <- R38  ; line 1293
8762 MOVE                 R51 <- R27  ; line 1293
8763 ARRAY_NEW            a=52 b=50 c=2 imm=4294967295  ; line 1293
8764 MOVE                 R53 <- R49  ; line 1293
8765 MOVE                 R54 <- R52  ; line 1293
8766 HOST_CALL            a=55 b=11 c=53 imm=2  ; line 1293
8767 BINARY               a=41 b=55 c=56 imm=2  ; line 1293
8768 BINARY               a=36 b=56 c=57 imm=0  ; line 1293
8769 MOVE                 R36 <- R57  ; line 1293
8770 LOAD_CONST           R39 constant[1847]  ; line 1294
8771 BINARY               a=38 b=39 c=40 imm=0  ; line 1294
8772 MOVE                 R38 <- R40  ; line 1294
8773 JUMP                 -> 8748  ; line 1294
8774 LOAD_CONST           R39 constant[1848]  ; line 1296
8775 MOVE                 R40 <- R0  ; line 1296
8776 MOVE                 R41 <- R39  ; line 1296
8777 HOST_CALL            a=42 b=11 c=40 imm=2  ; line 1296
8778 LOAD_CONST           R43 constant[1849]  ; line 1296
8779 MOVE                 R44 <- R42  ; line 1296
8780 MOVE                 R45 <- R43  ; line 1296
8781 HOST_CALL            a=46 b=11 c=44 imm=2  ; line 1296
8782 MOVE                 R47 <- R1  ; line 1296
8783 MOVE                 R48 <- R29  ; line 1296
8784 HOST_CALL            a=49 b=11 c=47 imm=2  ; line 1296
8785 MOVE                 R50 <- R27  ; line 1296
8786 MOVE                 R51 <- R49  ; line 1296
8787 ARRAY_NEW            a=52 b=50 c=2 imm=4294967295  ; line 1296
8788 MOVE                 R53 <- R46  ; line 1296
8789 MOVE                 R54 <- R52  ; line 1296
8790 HOST_CALL            a=55 b=11 c=53 imm=2  ; line 1296
8791 BINARY               a=36 b=55 c=56 imm=2  ; line 1296
8792 MOVE                 R57 <- R32  ; line 1296
8793 MOVE                 R58 <- R27  ; line 1296
8794 MOVE                 R59 <- R56  ; line 1296
8795 HOST_CALL            a=60 b=12 c=57 imm=3  ; line 1296
8796 MOVE                 R39 <- R32  ; line 1297
8797 MOVE                 R40 <- R27  ; line 1297
8798 HOST_CALL            a=41 b=11 c=39 imm=2  ; line 1297
8799 BINARY               a=34 b=41 c=42 imm=0  ; line 1297
8800 MOVE                 R34 <- R42  ; line 1297
8801 LOAD_CONST           R39 constant[1850]  ; line 1298
8802 BINARY               a=27 b=39 c=40 imm=0  ; line 1298
8803 MOVE                 R27 <- R40  ; line 1298
8804 JUMP                 -> 8742  ; line 1298
8805 LOAD_CONST           R39 constant[1851]  ; line 1300
8806 MOVE                 R40 <- R39  ; line 1300
8807 HOST_CALL            a=41 b=22 c=40 imm=1  ; line 1300
8808 MOVE                 R42 <- R41  ; line 1300
8809 LOAD_CONST           R43 constant[1852]  ; line 1301
8810 MOVE                 R27 <- R43  ; line 1301
8811 COMPARE              a=27 b=13 c=43 imm=2  ; line 1302
8812 JUMP_IF_FALSE        R43 -> 8837  ; line 1302
8813 MOVE                 R43 <- R32  ; line 1303
8814 MOVE                 R44 <- R27  ; line 1303
8815 HOST_CALL            a=45 b=11 c=43 imm=2  ; line 1303
8816 BINARY               a=45 b=34 c=46 imm=3  ; line 1303
8817 MOVE                 R47 <- R32  ; line 1303
8818 MOVE                 R48 <- R27  ; line 1303
8819 MOVE                 R49 <- R46  ; line 1303
8820 HOST_CALL            a=50 b=12 c=47 imm=3  ; line 1303
8821 MOVE                 R43 <- R32  ; line 1304
8822 MOVE                 R44 <- R27  ; line 1304
8823 HOST_CALL            a=45 b=11 c=43 imm=2  ; line 1304
8824 LOAD_CONST           R46 constant[1853]  ; line 1304
8825 MOVE                 R47 <- R32  ; line 1304
8826 MOVE                 R48 <- R27  ; line 1304
8827 HOST_CALL            a=49 b=11 c=47 imm=2  ; line 1304
8828 BINARY               a=46 b=49 c=50 imm=1  ; line 1304
8829 BINARY               a=45 b=50 c=51 imm=2  ; line 1304
8830 MOVE                 R52 <- R42  ; line 1304
8831 MOVE                 R53 <- R51  ; line 1304
8832 HOST_CALL            a=54 b=23 c=52 imm=2  ; line 1304
8833 LOAD_CONST           R43 constant[1854]  ; line 1305
8834 BINARY               a=27 b=43 c=44 imm=0  ; line 1305
8835 MOVE                 R27 <- R44  ; line 1305
8836 JUMP                 -> 8811  ; line 1305
8837 MOVE                 R43 <- R17  ; line 1307
8838 MOVE                 R44 <- R32  ; line 1307
8839 HOST_CALL            a=45 b=23 c=43 imm=2  ; line 1307
8840 MOVE                 R43 <- R21  ; line 1308
8841 MOVE                 R44 <- R42  ; line 1308
8842 HOST_CALL            a=45 b=23 c=43 imm=2  ; line 1308
8843 MOVE                 R25 <- R32  ; line 1309
8844 LOAD_CONST           R43 constant[1855]  ; line 1310
8845 BINARY               a=29 b=43 c=44 imm=0  ; line 1310
8846 MOVE                 R29 <- R44  ; line 1310
8847 JUMP                 -> 8733  ; line 1310
8848 LOAD_CONST           R43 constant[1856]  ; line 1312
8849 MOVE                 R44 <- R17  ; line 1312
8850 HOST_CALL            a=45 b=72 c=44 imm=1  ; line 1312
8851 LOAD_CONST           R46 constant[1857]  ; line 1312
8852 MOVE                 R47 <- R21  ; line 1312
8853 HOST_CALL            a=48 b=72 c=47 imm=1  ; line 1312
8854 MOVE                 R49 <- R43  ; line 1312
8855 MOVE                 R50 <- R45  ; line 1312
8856 MOVE                 R51 <- R46  ; line 1312
8857 MOVE                 R52 <- R48  ; line 1312
8858 HOST_CALL            a=53 b=6 c=49 imm=4  ; line 1312
8859 RETURN               R53  ; line 1312
8860 LOAD_CONST           R54 constant[1858]  ; line 1312
8861 RETURN               R54  ; line 1312
8862 MOVE                 R2 <- R0  ; line 1316
8863 HOST_CALL            a=3 b=86 c=2 imm=1  ; line 1316
8864 LOAD_CONST           R4 constant[1859]  ; line 1316
8865 COMPARE              a=3 b=4 c=5 imm=1  ; line 1316
8866 JUMP_IF_FALSE        R5 -> 8876  ; line 1316
8867 LOAD_CONST           R2 constant[1860]  ; line 1316
8868 LOAD_CONST           R3 constant[1861]  ; line 1316
8869 LOAD_CONST           R4 constant[1862]  ; line 1316
8870 MOVE                 R5 <- R2  ; line 1316
8871 MOVE                 R6 <- R3  ; line 1316
8872 MOVE                 R7 <- R4  ; line 1316
8873 CALL                 a=8 b=86 c=5 imm=3  ; line 1316
8874 RETURN               R8  ; line 1316
8875 JUMP                 -> 8876  ; line 1316
8876 LOAD_CONST           R2 constant[1863]  ; line 1317
8877 MOVE                 R3 <- R0  ; line 1317
8878 MOVE                 R4 <- R2  ; line 1317
8879 HOST_CALL            a=5 b=7 c=3 imm=2  ; line 1317
8880 UNARY                a=5 b=6 c=4294967295 imm=1  ; line 1317
8881 JUMP_IF_FALSE        R6 -> 8891  ; line 1317
8882 LOAD_CONST           R2 constant[1864]  ; line 1317
8883 LOAD_CONST           R3 constant[1865]  ; line 1317
8884 LOAD_CONST           R4 constant[1866]  ; line 1317
8885 MOVE                 R5 <- R2  ; line 1317
8886 MOVE                 R6 <- R3  ; line 1317
8887 MOVE                 R7 <- R4  ; line 1317
8888 CALL                 a=8 b=86 c=5 imm=3  ; line 1317
8889 RETURN               R8  ; line 1317
8890 JUMP                 -> 8891  ; line 1317
8891 LOAD_CONST           R2 constant[1867]  ; line 1318
8892 MOVE                 R3 <- R0  ; line 1318
8893 MOVE                 R4 <- R2  ; line 1318
8894 HOST_CALL            a=5 b=11 c=3 imm=2  ; line 1318
8895 MOVE                 R6 <- R5  ; line 1318
8896 MOVE                 R7 <- R6  ; line 1319
8897 CALL                 a=8 b=94 c=7 imm=1  ; line 1319
8898 MOVE                 R9 <- R8  ; line 1319
8899 LOAD_CONST           R10 constant[1868]  ; line 1320
8900 COMPARE              a=9 b=10 c=11 imm=0  ; line 1320
8901 JUMP_IF_FALSE        R11 -> 8911  ; line 1320
8902 LOAD_CONST           R10 constant[1869]  ; line 1320
8903 LOAD_CONST           R11 constant[1870]  ; line 1320
8904 LOAD_CONST           R12 constant[1871]  ; line 1320
8905 MOVE                 R13 <- R10  ; line 1320
8906 MOVE                 R14 <- R11  ; line 1320
8907 MOVE                 R15 <- R12  ; line 1320
8908 CALL                 a=16 b=86 c=13 imm=3  ; line 1320
8909 RETURN               R16  ; line 1320
8910 JUMP                 -> 8911  ; line 1320
8911 LOAD_CONST           R10 constant[1872]  ; line 1321
8912 MOVE                 R11 <- R9  ; line 1321
8913 MOVE                 R12 <- R10  ; line 1321
8914 HOST_CALL            a=13 b=11 c=11 imm=2  ; line 1321
8915 LOAD_CONST           R14 constant[1873]  ; line 1321
8916 COMPARE              a=13 b=14 c=15 imm=2  ; line 1321
8917 JUMP_IF_FALSE        R15 -> 8927  ; line 1321
8918 LOAD_CONST           R10 constant[1874]  ; line 1321
8919 LOAD_CONST           R11 constant[1875]  ; line 1321
8920 LOAD_CONST           R12 constant[1876]  ; line 1321
8921 MOVE                 R13 <- R10  ; line 1321
8922 MOVE                 R14 <- R11  ; line 1321
8923 MOVE                 R15 <- R12  ; line 1321
8924 CALL                 a=16 b=86 c=13 imm=3  ; line 1321
8925 RETURN               R16  ; line 1321
8926 JUMP                 -> 8927  ; line 1321
8927 LOAD_CONST           R10 constant[1877]  ; line 1322
8928 LOAD_CONST           R11 constant[1878]  ; line 1322
8929 MOVE                 R12 <- R1  ; line 1322
8930 MOVE                 R13 <- R10  ; line 1322
8931 MOVE                 R14 <- R11  ; line 1322
8932 CALL                 a=15 b=87 c=12 imm=3  ; line 1322
8933 MOVE                 R16 <- R15  ; line 1322
8934 LOAD_CONST           R17 constant[1879]  ; line 1323
8935 COMPARE              a=16 b=17 c=18 imm=2  ; line 1323
8936 JUMP_IF_FALSE        R18 -> 8946  ; line 1323
8937 LOAD_CONST           R17 constant[1880]  ; line 1323
8938 LOAD_CONST           R18 constant[1881]  ; line 1323
8939 LOAD_CONST           R19 constant[1882]  ; line 1323
8940 MOVE                 R20 <- R17  ; line 1323
8941 MOVE                 R21 <- R18  ; line 1323
8942 MOVE                 R22 <- R19  ; line 1323
8943 CALL                 a=23 b=86 c=20 imm=3  ; line 1323
8944 RETURN               R23  ; line 1323
8945 JUMP                 -> 8946  ; line 1323
8946 LOAD_CONST           R17 constant[1883]  ; line 1324
8947 MOVE                 R18 <- R9  ; line 1324
8948 MOVE                 R19 <- R17  ; line 1324
8949 HOST_CALL            a=20 b=11 c=18 imm=2  ; line 1324
8950 MOVE                 R21 <- R20  ; line 1324
8951 LOAD_CONST           R22 constant[1884]  ; line 1325
8952 MOVE                 R23 <- R22  ; line 1325
8953 HOST_CALL            a=24 b=22 c=23 imm=1  ; line 1325
8954 MOVE                 R25 <- R24  ; line 1325
8955 LOAD_CONST           R26 constant[1885]  ; line 1326
8956 MOVE                 R27 <- R26  ; line 1326
8957 HOST_CALL            a=28 b=22 c=27 imm=1  ; line 1326
8958 MOVE                 R29 <- R28  ; line 1326
8959 LOAD_CONST           R30 constant[1886]  ; line 1327
8960 MOVE                 R31 <- R30  ; line 1327
8961 HOST_CALL            a=32 b=22 c=31 imm=1  ; line 1327
8962 MOVE                 R33 <- R32  ; line 1327
8963 LOAD_CONST           R34 constant[1887]  ; line 1328
8964 MOVE                 R35 <- R34  ; line 1328
8965 COMPARE              a=35 b=21 c=36 imm=2  ; line 1329
8966 JUMP_IF_FALSE        R36 -> 9086  ; line 1329
8967 LOAD_CONST           R36 constant[1888]  ; line 1330
8968 MOVE                 R37 <- R36  ; line 1330
8969 MOVE                 R38 <- R35  ; line 1330
8970 ARRAY_NEW            a=39 b=37 c=2 imm=4294967295  ; line 1330
8971 MOVE                 R40 <- R6  ; line 1330
8972 MOVE                 R41 <- R39  ; line 1330
8973 HOST_CALL            a=42 b=11 c=40 imm=2  ; line 1330
8974 MOVE                 R43 <- R42  ; line 1330
8975 MOVE                 R44 <- R43  ; line 1331
8976 LOAD_CONST           R45 constant[1889]  ; line 1332
8977 MOVE                 R46 <- R45  ; line 1332
8978 LOAD_CONST           R47 constant[1890]  ; line 1333
8979 MOVE                 R48 <- R47  ; line 1333
8980 LOAD_CONST           R49 constant[1891]  ; line 1334
8981 MOVE                 R50 <- R9  ; line 1334
8982 MOVE                 R51 <- R49  ; line 1334
8983 HOST_CALL            a=52 b=11 c=50 imm=2  ; line 1334
8984 COMPARE              a=48 b=52 c=53 imm=2  ; line 1334
8985 JUMP_IF_FALSE        R53 -> 9030  ; line 1334
8986 MOVE                 R49 <- R48  ; line 1335
8987 MOVE                 R50 <- R35  ; line 1335
8988 ARRAY_NEW            a=51 b=49 c=2 imm=4294967295  ; line 1335
8989 MOVE                 R52 <- R6  ; line 1335
8990 MOVE                 R53 <- R51  ; line 1335
8991 HOST_CALL            a=54 b=11 c=52 imm=2  ; line 1335
8992 COMPARE              a=54 b=43 c=55 imm=2  ; line 1335
8993 JUMP_IF_FALSE        R55 -> 9002  ; line 1335
8994 MOVE                 R49 <- R48  ; line 1335
8995 MOVE                 R50 <- R35  ; line 1335
8996 ARRAY_NEW            a=51 b=49 c=2 imm=4294967295  ; line 1335
8997 MOVE                 R52 <- R6  ; line 1335
8998 MOVE                 R53 <- R51  ; line 1335
8999 HOST_CALL            a=54 b=11 c=52 imm=2  ; line 1335
9000 MOVE                 R43 <- R54  ; line 1335
9001 JUMP                 -> 9002  ; line 1335
9002 MOVE                 R49 <- R48  ; line 1336
9003 MOVE                 R50 <- R35  ; line 1336
9004 ARRAY_NEW            a=51 b=49 c=2 imm=4294967295  ; line 1336
9005 MOVE                 R52 <- R6  ; line 1336
9006 MOVE                 R53 <- R51  ; line 1336
9007 HOST_CALL            a=54 b=11 c=52 imm=2  ; line 1336
9008 COMPARE              a=54 b=44 c=55 imm=4  ; line 1336
9009 JUMP_IF_FALSE        R55 -> 9018  ; line 1336
9010 MOVE                 R49 <- R48  ; line 1336
9011 MOVE                 R50 <- R35  ; line 1336
9012 ARRAY_NEW            a=51 b=49 c=2 imm=4294967295  ; line 1336
9013 MOVE                 R52 <- R6  ; line 1336
9014 MOVE                 R53 <- R51  ; line 1336
9015 HOST_CALL            a=54 b=11 c=52 imm=2  ; line 1336
9016 MOVE                 R44 <- R54  ; line 1336
9017 JUMP                 -> 9018  ; line 1336
9018 MOVE                 R49 <- R48  ; line 1337
9019 MOVE                 R50 <- R35  ; line 1337
9020 ARRAY_NEW            a=51 b=49 c=2 imm=4294967295  ; line 1337
9021 MOVE                 R52 <- R6  ; line 1337
9022 MOVE                 R53 <- R51  ; line 1337
9023 HOST_CALL            a=54 b=11 c=52 imm=2  ; line 1337
9024 BINARY               a=46 b=54 c=55 imm=0  ; line 1337
9025 MOVE                 R46 <- R55  ; line 1337
9026 LOAD_CONST           R49 constant[1892]  ; line 1338
9027 BINARY               a=48 b=49 c=50 imm=0  ; line 1338
9028 MOVE                 R48 <- R50  ; line 1338
9029 JUMP                 -> 8980  ; line 1338
9030 LOAD_CONST           R49 constant[1893]  ; line 1340
9031 MOVE                 R50 <- R9  ; line 1340
9032 MOVE                 R51 <- R49  ; line 1340
9033 HOST_CALL            a=52 b=11 c=50 imm=2  ; line 1340
9034 BINARY               a=46 b=52 c=53 imm=3  ; line 1340
9035 MOVE                 R46 <- R53  ; line 1340
9036 LOAD_CONST           R49 constant[1894]  ; line 1341
9037 MOVE                 R50 <- R49  ; line 1341
9038 LOAD_CONST           R51 constant[1895]  ; line 1342
9039 MOVE                 R48 <- R51  ; line 1342
9040 LOAD_CONST           R51 constant[1896]  ; line 1343
9041 MOVE                 R52 <- R9  ; line 1343
9042 MOVE                 R53 <- R51  ; line 1343
9043 HOST_CALL            a=54 b=11 c=52 imm=2  ; line 1343
9044 COMPARE              a=48 b=54 c=55 imm=2  ; line 1343
9045 JUMP_IF_FALSE        R55 -> 9061  ; line 1343
9046 MOVE                 R51 <- R48  ; line 1344
9047 MOVE                 R52 <- R35  ; line 1344
9048 ARRAY_NEW            a=53 b=51 c=2 imm=4294967295  ; line 1344
9049 MOVE                 R54 <- R6  ; line 1344
9050 MOVE                 R55 <- R53  ; line 1344
9051 HOST_CALL            a=56 b=11 c=54 imm=2  ; line 1344
9052 BINARY               a=56 b=46 c=57 imm=1  ; line 1344
9053 MOVE                 R58 <- R57  ; line 1344
9054 BINARY               a=58 b=58 c=59 imm=2  ; line 1345
9055 BINARY               a=50 b=59 c=60 imm=0  ; line 1345
9056 MOVE                 R50 <- R60  ; line 1345
9057 LOAD_CONST           R59 constant[1897]  ; line 1346
9058 BINARY               a=48 b=59 c=60 imm=0  ; line 1346
9059 MOVE                 R48 <- R60  ; line 1346
9060 JUMP                 -> 9040  ; line 1346
9061 LOAD_CONST           R59 constant[1898]  ; line 1348
9062 MOVE                 R60 <- R9  ; line 1348
9063 MOVE                 R61 <- R59  ; line 1348
9064 HOST_CALL            a=62 b=11 c=60 imm=2  ; line 1348
9065 BINARY               a=50 b=62 c=63 imm=3  ; line 1348
9066 MOVE                 R50 <- R63  ; line 1348
9067 LOAD_CONST           R59 constant[1899]  ; line 1349
9068 COMPARE              a=50 b=59 c=60 imm=2  ; line 1349
9069 JUMP_IF_FALSE        R60 -> 9073  ; line 1349
9070 LOAD_CONST           R59 constant[1900]  ; line 1349
9071 MOVE                 R50 <- R59  ; line 1349
9072 JUMP                 -> 9073  ; line 1349
9073 MOVE                 R59 <- R25  ; line 1350
9074 MOVE                 R60 <- R43  ; line 1350
9075 HOST_CALL            a=61 b=23 c=59 imm=2  ; line 1350
9076 MOVE                 R59 <- R29  ; line 1351
9077 MOVE                 R60 <- R44  ; line 1351
9078 HOST_CALL            a=61 b=23 c=59 imm=2  ; line 1351
9079 MOVE                 R59 <- R33  ; line 1352
9080 MOVE                 R60 <- R50  ; line 1352
9081 HOST_CALL            a=61 b=23 c=59 imm=2  ; line 1352
9082 LOAD_CONST           R59 constant[1901]  ; line 1353
9083 BINARY               a=35 b=59 c=60 imm=0  ; line 1353
9084 MOVE                 R35 <- R60  ; line 1353
9085 JUMP                 -> 8965  ; line 1353
9086 LOAD_CONST           R59 constant[1902]  ; line 1355
9087 MOVE                 R60 <- R59  ; line 1355
9088 HOST_CALL            a=61 b=22 c=60 imm=1  ; line 1355
9089 MOVE                 R62 <- R61  ; line 1355
9090 LOAD_CONST           R63 constant[1903]  ; line 1356
9091 MOVE                 R64 <- R63  ; line 1356
9092 HOST_CALL            a=65 b=22 c=64 imm=1  ; line 1356
9093 MOVE                 R66 <- R65  ; line 1356
9094 LOAD_CONST           R67 constant[1904]  ; line 1357
9095 MOVE                 R68 <- R67  ; line 1357
9096 HOST_CALL            a=69 b=22 c=68 imm=1  ; line 1357
9097 MOVE                 R70 <- R69  ; line 1357
9098 LOAD_CONST           R71 constant[1905]  ; line 1358
9099 MOVE                 R72 <- R71  ; line 1358
9100 HOST_CALL            a=73 b=22 c=72 imm=1  ; line 1358
9101 MOVE                 R74 <- R73  ; line 1358
9102 LOAD_CONST           R75 constant[1906]  ; line 1359
9103 MOVE                 R76 <- R75  ; line 1359
9104 COMPARE              a=76 b=16 c=77 imm=2  ; line 1360
9105 JUMP_IF_FALSE        R77 -> 9189  ; line 1360
9106 LOAD_CONST           R77 constant[1907]  ; line 1361
9107 MOVE                 R78 <- R77  ; line 1361
9108 HOST_CALL            a=79 b=22 c=78 imm=1  ; line 1361
9109 MOVE                 R80 <- R79  ; line 1361
9110 LOAD_CONST           R81 constant[1908]  ; line 1362
9111 MOVE                 R82 <- R81  ; line 1362
9112 HOST_CALL            a=83 b=22 c=82 imm=1  ; line 1362
9113 MOVE                 R84 <- R83  ; line 1362
9114 LOAD_CONST           R85 constant[1909]  ; line 1363
9115 MOVE                 R35 <- R85  ; line 1363
9116 COMPARE              a=35 b=21 c=85 imm=2  ; line 1364
9117 JUMP_IF_FALSE        R85 -> 9146  ; line 1364
9118 MOVE                 R85 <- R25  ; line 1365
9119 MOVE                 R86 <- R35  ; line 1365
9120 HOST_CALL            a=87 b=11 c=85 imm=2  ; line 1365
9121 MOVE                 R88 <- R29  ; line 1365
9122 MOVE                 R89 <- R35  ; line 1365
9123 HOST_CALL            a=90 b=11 c=88 imm=2  ; line 1365
9124 MOVE                 R91 <- R25  ; line 1365
9125 MOVE                 R92 <- R35  ; line 1365
9126 HOST_CALL            a=93 b=11 c=91 imm=2  ; line 1365
9127 BINARY               a=90 b=93 c=94 imm=1  ; line 1365
9128 BINARY               a=94 b=76 c=95 imm=2  ; line 1365
9129 LOAD_CONST           R96 constant[1910]  ; line 1365
9130 BINARY               a=16 b=96 c=97 imm=1  ; line 1365
9131 BINARY               a=95 b=97 c=98 imm=3  ; line 1365
9132 BINARY               a=87 b=98 c=99 imm=0  ; line 1365
9133 MOVE                 R100 <- R80  ; line 1365
9134 MOVE                 R101 <- R99  ; line 1365
9135 HOST_CALL            a=102 b=23 c=100 imm=2  ; line 1365
9136 MOVE                 R85 <- R33  ; line 1366
9137 MOVE                 R86 <- R35  ; line 1366
9138 HOST_CALL            a=87 b=11 c=85 imm=2  ; line 1366
9139 MOVE                 R88 <- R84  ; line 1366
9140 MOVE                 R89 <- R87  ; line 1366
9141 HOST_CALL            a=90 b=23 c=88 imm=2  ; line 1366
9142 LOAD_CONST           R85 constant[1911]  ; line 1367
9143 BINARY               a=35 b=85 c=86 imm=0  ; line 1367
9144 MOVE                 R35 <- R86  ; line 1367
9145 JUMP                 -> 9116  ; line 1367
9146 LOAD_CONST           R85 constant[1912]  ; line 1369
9147 MOVE                 R86 <- R85  ; line 1369
9148 HOST_CALL            a=87 b=22 c=86 imm=1  ; line 1369
9149 MOVE                 R88 <- R87  ; line 1369
9150 LOAD_CONST           R89 constant[1913]  ; line 1370
9151 MOVE                 R90 <- R89  ; line 1370
9152 COMPARE              a=90 b=16 c=91 imm=2  ; line 1371
9153 JUMP_IF_FALSE        R91 -> 9171  ; line 1371
9154 LOAD_CONST           R91 constant[1914]  ; line 1372
9155 LOAD_CONST           R92 constant[1915]  ; line 1372
9156 BINARY               a=16 b=92 c=93 imm=1  ; line 1372
9157 BINARY               a=91 b=93 c=94 imm=3  ; line 1372
9158 MOVE                 R95 <- R94  ; line 1372
9159 COMPARE              a=90 b=76 c=96 imm=0  ; line 1373
9160 JUMP_IF_FALSE        R96 -> 9164  ; line 1373
9161 LOAD_CONST           R96 constant[1916]  ; line 1373
9162 MOVE                 R95 <- R96  ; line 1373
9163 JUMP                 -> 9164  ; line 1373
9164 MOVE                 R96 <- R88  ; line 1374
9165 MOVE                 R97 <- R95  ; line 1374
9166 HOST_CALL            a=98 b=23 c=96 imm=2  ; line 1374
9167 LOAD_CONST           R96 constant[1917]  ; line 1375
9168 BINARY               a=90 b=96 c=97 imm=0  ; line 1375
9169 MOVE                 R90 <- R97  ; line 1375
9170 JUMP                 -> 9152  ; line 1375
9171 MOVE                 R96 <- R62  ; line 1377
9172 MOVE                 R97 <- R80  ; line 1377
9173 HOST_CALL            a=98 b=23 c=96 imm=2  ; line 1377
9174 MOVE                 R96 <- R66  ; line 1378
9175 MOVE                 R97 <- R84  ; line 1378
9176 HOST_CALL            a=98 b=23 c=96 imm=2  ; line 1378
9177 MOVE                 R96 <- R70  ; line 1379
9178 MOVE                 R97 <- R88  ; line 1379
9179 HOST_CALL            a=98 b=23 c=96 imm=2  ; line 1379
9180 LOAD_CONST           R96 constant[1918]  ; line 1380
9181 BINARY               a=96 b=16 c=97 imm=3  ; line 1380
9182 MOVE                 R98 <- R74  ; line 1380
9183 MOVE                 R99 <- R97  ; line 1380
9184 HOST_CALL            a=100 b=23 c=98 imm=2  ; line 1380
9185 LOAD_CONST           R96 constant[1919]  ; line 1381
9186 BINARY               a=76 b=96 c=97 imm=0  ; line 1381
9187 MOVE                 R76 <- R97  ; line 1381
9188 JUMP                 -> 9104  ; line 1381
9189 LOAD_CONST           R96 constant[1920]  ; line 1383
9190 LOAD_CONST           R97 constant[1921]  ; line 1383
9191 LOAD_CONST           R98 constant[1922]  ; line 1383
9192 LOAD_CONST           R99 constant[1923]  ; line 1383
9193 LOAD_CONST           R100 constant[1924]  ; line 1383
9194 LOAD_CONST           R101 constant[1925]  ; line 1383
9195 LOAD_CONST           R102 constant[1926]  ; line 1383
9196 LOAD_CONST           R103 constant[1927]  ; line 1383
9197 MOVE                 R104 <- R70  ; line 1383
9198 HOST_CALL            a=105 b=72 c=104 imm=1  ; line 1383
9199 LOAD_CONST           R106 constant[1928]  ; line 1383
9200 MOVE                 R107 <- R62  ; line 1383
9201 HOST_CALL            a=108 b=72 c=107 imm=1  ; line 1383
9202 LOAD_CONST           R109 constant[1929]  ; line 1383
9203 MOVE                 R110 <- R66  ; line 1383
9204 HOST_CALL            a=111 b=72 c=110 imm=1  ; line 1383
9205 LOAD_CONST           R112 constant[1930]  ; line 1383
9206 MOVE                 R113 <- R74  ; line 1383
9207 HOST_CALL            a=114 b=72 c=113 imm=1  ; line 1383
9208 LOAD_CONST           R115 constant[1931]  ; line 1383
9209 LOAD_CONST           R116 constant[1932]  ; line 1383
9210 MOVE                 R117 <- R103  ; line 1383
9211 MOVE                 R118 <- R105  ; line 1383
9212 MOVE                 R119 <- R106  ; line 1383
9213 MOVE                 R120 <- R108  ; line 1383
9214 MOVE                 R121 <- R109  ; line 1383
9215 MOVE                 R122 <- R111  ; line 1383
9216 MOVE                 R123 <- R112  ; line 1383
9217 MOVE                 R124 <- R114  ; line 1383
9218 MOVE                 R125 <- R115  ; line 1383
9219 MOVE                 R126 <- R16  ; line 1383
9220 MOVE                 R127 <- R116  ; line 1383
9221 MOVE                 R128 <- R21  ; line 1383
9222 HOST_CALL            a=129 b=6 c=117 imm=12  ; line 1383
9223 LOAD_CONST           R130 constant[1933]  ; line 1383
9224 LOAD_CONST           R131 constant[1934]  ; line 1383
9225 LOAD_CONST           R132 constant[1935]  ; line 1383
9226 MOVE                 R133 <- R131  ; line 1383
9227 MOVE                 R134 <- R132  ; line 1383
9228 HOST_CALL            a=135 b=6 c=133 imm=2  ; line 1383
9229 LOAD_CONST           R136 constant[1936]  ; line 1383
9230 LOAD_CONST           R137 constant[1937]  ; line 1383
9231 LOAD_CONST           R138 constant[1938]  ; line 1383
9232 LOAD_CONST           R139 constant[1939]  ; line 1383
9233 LOAD_CONST           R140 constant[1940]  ; line 1383
9234 LOAD_CONST           R141 constant[1941]  ; line 1383
9235 LOAD_CONST           R142 constant[1942]  ; line 1383
9236 MOVE                 R143 <- R1  ; line 1383
9237 MOVE                 R144 <- R141  ; line 1383
9238 MOVE                 R145 <- R142  ; line 1383
9239 CALL                 a=146 b=87 c=143 imm=3  ; line 1383
9240 MOVE                 R147 <- R138  ; line 1383
9241 MOVE                 R148 <- R139  ; line 1383
9242 MOVE                 R149 <- R140  ; line 1383
9243 MOVE                 R150 <- R146  ; line 1383
9244 HOST_CALL            a=151 b=6 c=147 imm=4  ; line 1383
9245 LOAD_CONST           R152 constant[1943]  ; line 1383
9246 LOAD_CONST           R153 constant[1944]  ; line 1383
9247 LOAD_CONST           R154 constant[1945]  ; line 1383
9248 MOVE                 R155 <- R6  ; line 1383
9249 HOST_CALL            a=156 b=60 c=155 imm=1  ; line 1383
9250 LOAD_CONST           R157 constant[1946]  ; line 1383
9251 LOAD_CONST           R158 constant[1947]  ; line 1383
9252 MOVE                 R159 <- R96  ; line 1383
9253 MOVE                 R160 <- R97  ; line 1383
9254 MOVE                 R161 <- R98  ; line 1383
9255 MOVE                 R162 <- R99  ; line 1383
9256 MOVE                 R163 <- R100  ; line 1383
9257 MOVE                 R164 <- R101  ; line 1383
9258 MOVE                 R165 <- R102  ; line 1383
9259 MOVE                 R166 <- R129  ; line 1383
9260 MOVE                 R167 <- R130  ; line 1383
9261 MOVE                 R168 <- R135  ; line 1383
9262 MOVE                 R169 <- R136  ; line 1383
9263 MOVE                 R170 <- R16  ; line 1383
9264 MOVE                 R171 <- R137  ; line 1383
9265 MOVE                 R172 <- R151  ; line 1383
9266 MOVE                 R173 <- R152  ; line 1383
9267 MOVE                 R174 <- R153  ; line 1383
9268 MOVE                 R175 <- R154  ; line 1383
9269 MOVE                 R176 <- R156  ; line 1383
9270 MOVE                 R177 <- R157  ; line 1383
9271 MOVE                 R178 <- R158  ; line 1383
9272 HOST_CALL            a=179 b=6 c=159 imm=20  ; line 1383
9273 MOVE                 R180 <- R179  ; line 1383
9274 LOAD_CONST           R181 constant[1948]  ; line 1389
9275 LOAD_CONST           R182 constant[1949]  ; line 1389
9276 MOVE                 R183 <- R1  ; line 1389
9277 MOVE                 R184 <- R181  ; line 1389
9278 MOVE                 R185 <- R182  ; line 1389
9279 CALL                 a=186 b=87 c=183 imm=3  ; line 1389
9280 MOVE                 R187 <- R180  ; line 1389
9281 MOVE                 R188 <- R6  ; line 1389
9282 MOVE                 R189 <- R186  ; line 1389
9283 CALL                 a=190 b=142 c=187 imm=3  ; line 1389
9284 MOVE                 R180 <- R190  ; line 1389
9285 MOVE                 R181 <- R180  ; line 1390
9286 MOVE                 R182 <- R6  ; line 1390
9287 CALL                 a=183 b=137 c=181 imm=2  ; line 1390
9288 MOVE                 R184 <- R183  ; line 1390
9289 LOAD_CONST           R185 constant[1950]  ; line 1391
9290 MOVE                 R186 <- R184  ; line 1391
9291 MOVE                 R187 <- R185  ; line 1391
9292 HOST_CALL            a=188 b=11 c=186 imm=2  ; line 1391
9293 LOAD_CONST           R189 constant[1951]  ; line 1391
9294 MOVE                 R190 <- R184  ; line 1391
9295 MOVE                 R191 <- R189  ; line 1391
9296 HOST_CALL            a=192 b=11 c=190 imm=2  ; line 1391
9297 LOAD_CONST           R193 constant[1952]  ; line 1391
9298 LOAD_CONST           R194 constant[1953]  ; line 1391
9299 MOVE                 R195 <- R9  ; line 1391
9300 MOVE                 R196 <- R194  ; line 1391
9301 HOST_CALL            a=197 b=11 c=195 imm=2  ; line 1391
9302 LOAD_CONST           R198 constant[1954]  ; line 1391
9303 LOAD_CONST           R199 constant[1955]  ; line 1391
9304 LOAD_CONST           R200 constant[1956]  ; line 1391
9305 MOVE                 R201 <- R1  ; line 1391
9306 MOVE                 R202 <- R199  ; line 1391
9307 MOVE                 R203 <- R200  ; line 1391
9308 CALL                 a=204 b=87 c=201 imm=3  ; line 1391
9309 MOVE                 R205 <- R193  ; line 1391
9310 MOVE                 R206 <- R197  ; line 1391
9311 MOVE                 R207 <- R198  ; line 1391
9312 MOVE                 R208 <- R204  ; line 1391
9313 HOST_CALL            a=209 b=6 c=205 imm=4  ; line 1391
9314 LOAD_CONST           R210 constant[1957]  ; line 1391
9315 LOAD_CONST           R211 constant[1958]  ; line 1391
9316 LOAD_CONST           R212 constant[1959]  ; line 1391
9317 MOVE                 R213 <- R211  ; line 1391
9318 MOVE                 R214 <- R212  ; line 1391
9319 ARRAY_NEW            a=215 b=213 c=2 imm=4294967295  ; line 1391
9320 MOVE                 R216 <- R180  ; line 1391
9321 MOVE                 R217 <- R188  ; line 1391
9322 MOVE                 R218 <- R192  ; line 1391
9323 MOVE                 R219 <- R209  ; line 1391
9324 MOVE                 R220 <- R210  ; line 1391
9325 MOVE                 R221 <- R215  ; line 1391
9326 CALL                 a=222 b=101 c=216 imm=6  ; line 1391
9327 RETURN               R222  ; line 1391
9328 LOAD_CONST           R223 constant[1960]  ; line 1391
9329 RETURN               R223  ; line 1391
9330 LOAD_CONST           R4 constant[1961]  ; line 1397
9331 MOVE                 R5 <- R4  ; line 1397
9332 LOAD_CONST           R6 constant[1962]  ; line 1398
9333 MOVE                 R7 <- R6  ; line 1398
9334 LOAD_CONST           R8 constant[1963]  ; line 1399
9335 MOVE                 R9 <- R0  ; line 1399
9336 MOVE                 R10 <- R8  ; line 1399
9337 HOST_CALL            a=11 b=11 c=9 imm=2  ; line 1399
9338 LOAD_CONST           R12 constant[1964]  ; line 1399
9339 MOVE                 R13 <- R11  ; line 1399
9340 MOVE                 R14 <- R12  ; line 1399
9341 HOST_CALL            a=15 b=11 c=13 imm=2  ; line 1399
9342 COMPARE              a=7 b=15 c=16 imm=2  ; line 1399
9343 JUMP_IF_FALSE        R16 -> 9397  ; line 1399
9344 LOAD_CONST           R8 constant[1965]  ; line 1400
9345 MOVE                 R9 <- R0  ; line 1400
9346 MOVE                 R10 <- R8  ; line 1400
9347 HOST_CALL            a=11 b=11 c=9 imm=2  ; line 1400
9348 LOAD_CONST           R12 constant[1966]  ; line 1400
9349 MOVE                 R13 <- R11  ; line 1400
9350 MOVE                 R14 <- R12  ; line 1400
9351 HOST_CALL            a=15 b=11 c=13 imm=2  ; line 1400
9352 MOVE                 R16 <- R3  ; line 1400
9353 MOVE                 R17 <- R7  ; line 1400
9354 ARRAY_NEW            a=18 b=16 c=2 imm=4294967295  ; line 1400
9355 MOVE                 R19 <- R15  ; line 1400
9356 MOVE                 R20 <- R18  ; line 1400
9357 HOST_CALL            a=21 b=11 c=19 imm=2  ; line 1400
9358 MOVE                 R22 <- R21  ; line 1400
9359 MOVE                 R23 <- R2  ; line 1401
9360 MOVE                 R24 <- R7  ; line 1401
9361 ARRAY_NEW            a=25 b=23 c=2 imm=4294967295  ; line 1401
9362 MOVE                 R26 <- R1  ; line 1401
9363 MOVE                 R27 <- R25  ; line 1401
9364 HOST_CALL            a=28 b=11 c=26 imm=2  ; line 1401
9365 LOAD_CONST           R29 constant[1967]  ; line 1401
9366 MOVE                 R30 <- R0  ; line 1401
9367 MOVE                 R31 <- R29  ; line 1401
9368 HOST_CALL            a=32 b=11 c=30 imm=2  ; line 1401
9369 LOAD_CONST           R33 constant[1968]  ; line 1401
9370 MOVE                 R34 <- R32  ; line 1401
9371 MOVE                 R35 <- R33  ; line 1401
9372 HOST_CALL            a=36 b=11 c=34 imm=2  ; line 1401
9373 MOVE                 R37 <- R3  ; line 1401
9374 MOVE                 R38 <- R7  ; line 1401
9375 ARRAY_NEW            a=39 b=37 c=2 imm=4294967295  ; line 1401
9376 MOVE                 R40 <- R36  ; line 1401
9377 MOVE                 R41 <- R39  ; line 1401
9378 HOST_CALL            a=42 b=11 c=40 imm=2  ; line 1401
9379 BINARY               a=28 b=42 c=43 imm=1  ; line 1401
9380 MOVE                 R44 <- R43  ; line 1401
9381 LOAD_CONST           R45 constant[1969]  ; line 1402
9382 UNARY                a=45 b=46 c=4294967295 imm=0  ; line 1402
9383 BINARY               a=46 b=44 c=47 imm=2  ; line 1402
9384 BINARY               a=47 b=44 c=48 imm=2  ; line 1402
9385 BINARY               a=48 b=22 c=49 imm=3  ; line 1402
9386 MOVE                 R50 <- R49  ; line 1402
9387 CALL                 a=51 b=91 c=50 imm=1  ; line 1402
9388 BINARY               a=5 b=51 c=52 imm=2  ; line 1402
9389 MOVE                 R53 <- R22  ; line 1402
9390 CALL                 a=54 b=93 c=53 imm=1  ; line 1402
9391 BINARY               a=52 b=54 c=55 imm=3  ; line 1402
9392 MOVE                 R5 <- R55  ; line 1402
9393 LOAD_CONST           R45 constant[1970]  ; line 1403
9394 BINARY               a=7 b=45 c=46 imm=0  ; line 1403
9395 MOVE                 R7 <- R46  ; line 1403
9396 JUMP                 -> 9334  ; line 1403
9397 RETURN               R5  ; line 1405
9398 LOAD_CONST           R45 constant[1971]  ; line 1405
9399 RETURN               R45  ; line 1405
9400 MOVE                 R2 <- R1  ; line 1409
9401 HOST_CALL            a=3 b=61 c=2 imm=1  ; line 1409
9402 LOAD_CONST           R4 constant[1972]  ; line 1409
9403 MOVE                 R5 <- R3  ; line 1409
9404 MOVE                 R6 <- R4  ; line 1409
9405 HOST_CALL            a=7 b=11 c=5 imm=2  ; line 1409
9406 MOVE                 R8 <- R7  ; line 1409
9407 LOAD_CONST           R9 constant[1973]  ; line 1410
9408 MOVE                 R10 <- R0  ; line 1410
9409 MOVE                 R11 <- R9  ; line 1410
9410 HOST_CALL            a=12 b=11 c=10 imm=2  ; line 1410
9411 LOAD_CONST           R13 constant[1974]  ; line 1410
9412 MOVE                 R14 <- R12  ; line 1410
9413 MOVE                 R15 <- R13  ; line 1410
9414 HOST_CALL            a=16 b=11 c=14 imm=2  ; line 1410
9415 MOVE                 R17 <- R16  ; line 1410
9416 LOAD_CONST           R18 constant[1975]  ; line 1411
9417 MOVE                 R19 <- R18  ; line 1411
9418 HOST_CALL            a=20 b=22 c=19 imm=1  ; line 1411
9419 MOVE                 R21 <- R20  ; line 1411
9420 LOAD_CONST           R22 constant[1976]  ; line 1412
9421 MOVE                 R23 <- R22  ; line 1412
9422 HOST_CALL            a=24 b=22 c=23 imm=1  ; line 1412
9423 MOVE                 R25 <- R24  ; line 1412
9424 LOAD_CONST           R26 constant[1977]  ; line 1413
9425 MOVE                 R27 <- R26  ; line 1413
9426 HOST_CALL            a=28 b=22 c=27 imm=1  ; line 1413
9427 MOVE                 R29 <- R28  ; line 1413
9428 LOAD_CONST           R30 constant[1978]  ; line 1414
9429 MOVE                 R31 <- R30  ; line 1414
9430 COMPARE              a=31 b=17 c=32 imm=2  ; line 1415
9431 JUMP_IF_FALSE        R32 -> 9450  ; line 1415
9432 LOAD_CONST           R32 constant[1979]  ; line 1416
9433 MOVE                 R33 <- R0  ; line 1416
9434 MOVE                 R34 <- R32  ; line 1416
9435 HOST_CALL            a=35 b=11 c=33 imm=2  ; line 1416
9436 LOAD_CONST           R36 constant[1980]  ; line 1416
9437 MOVE                 R37 <- R35  ; line 1416
9438 MOVE                 R38 <- R36  ; line 1416
9439 HOST_CALL            a=39 b=11 c=37 imm=2  ; line 1416
9440 MOVE                 R40 <- R39  ; line 1416
9441 MOVE                 R41 <- R31  ; line 1416
9442 HOST_CALL            a=42 b=11 c=40 imm=2  ; line 1416
9443 MOVE                 R43 <- R29  ; line 1416
9444 MOVE                 R44 <- R42  ; line 1416
9445 HOST_CALL            a=45 b=23 c=43 imm=2  ; line 1416
9446 LOAD_CONST           R32 constant[1981]  ; line 1417
9447 BINARY               a=31 b=32 c=33 imm=0  ; line 1417
9448 MOVE                 R31 <- R33  ; line 1417
9449 JUMP                 -> 9430  ; line 1417
9450 LOAD_CONST           R32 constant[1982]  ; line 1419
9451 MOVE                 R33 <- R32  ; line 1419
9452 COMPARE              a=33 b=8 c=34 imm=2  ; line 1420
9453 JUMP_IF_FALSE        R34 -> 9561  ; line 1420
9454 MOVE                 R34 <- R17  ; line 1421
9455 CALL                 a=35 b=96 c=34 imm=1  ; line 1421
9456 MOVE                 R36 <- R35  ; line 1421
9457 LOAD_CONST           R37 constant[1983]  ; line 1422
9458 MOVE                 R38 <- R37  ; line 1422
9459 LOAD_CONST           R39 constant[1984]  ; line 1423
9460 MOVE                 R31 <- R39  ; line 1423
9461 COMPARE              a=31 b=17 c=39 imm=2  ; line 1424
9462 JUMP_IF_FALSE        R39 -> 9512  ; line 1424
9463 LOAD_CONST           R39 constant[1985]  ; line 1425
9464 MOVE                 R40 <- R39  ; line 1425
9465 LOAD_CONST           R41 constant[1986]  ; line 1426
9466 MOVE                 R42 <- R41  ; line 1426
9467 COMPARE              a=42 b=17 c=43 imm=2  ; line 1427
9468 JUMP_IF_FALSE        R43 -> 9493  ; line 1427
9469 MOVE                 R43 <- R29  ; line 1428
9470 MOVE                 R44 <- R42  ; line 1428
9471 HOST_CALL            a=45 b=11 c=43 imm=2  ; line 1428
9472 LOAD_CONST           R46 constant[1987]  ; line 1428
9473 MOVE                 R47 <- R0  ; line 1428
9474 MOVE                 R48 <- R46  ; line 1428
9475 HOST_CALL            a=49 b=11 c=47 imm=2  ; line 1428
9476 LOAD_CONST           R50 constant[1988]  ; line 1428
9477 MOVE                 R51 <- R49  ; line 1428
9478 MOVE                 R52 <- R50  ; line 1428
9479 HOST_CALL            a=53 b=11 c=51 imm=2  ; line 1428
9480 MOVE                 R54 <- R42  ; line 1428
9481 MOVE                 R55 <- R31  ; line 1428
9482 ARRAY_NEW            a=56 b=54 c=2 imm=4294967295  ; line 1428
9483 MOVE                 R57 <- R53  ; line 1428
9484 MOVE                 R58 <- R56  ; line 1428
9485 HOST_CALL            a=59 b=11 c=57 imm=2  ; line 1428
9486 BINARY               a=45 b=59 c=60 imm=2  ; line 1428
9487 BINARY               a=40 b=60 c=61 imm=0  ; line 1428
9488 MOVE                 R40 <- R61  ; line 1428
9489 LOAD_CONST           R43 constant[1989]  ; line 1429
9490 BINARY               a=42 b=43 c=44 imm=0  ; line 1429
9491 MOVE                 R42 <- R44  ; line 1429
9492 JUMP                 -> 9467  ; line 1429
9493 MOVE                 R43 <- R0  ; line 1431
9494 MOVE                 R44 <- R1  ; line 1431
9495 MOVE                 R45 <- R33  ; line 1431
9496 MOVE                 R46 <- R31  ; line 1431
9497 CALL                 a=47 b=136 c=43 imm=4  ; line 1431
9498 BINARY               a=40 b=47 c=48 imm=2  ; line 1431
9499 MOVE                 R49 <- R36  ; line 1431
9500 MOVE                 R50 <- R31  ; line 1431
9501 MOVE                 R51 <- R48  ; line 1431
9502 HOST_CALL            a=52 b=12 c=49 imm=3  ; line 1431
9503 MOVE                 R43 <- R36  ; line 1432
9504 MOVE                 R44 <- R31  ; line 1432
9505 HOST_CALL            a=45 b=11 c=43 imm=2  ; line 1432
9506 BINARY               a=38 b=45 c=46 imm=0  ; line 1432
9507 MOVE                 R38 <- R46  ; line 1432
9508 LOAD_CONST           R43 constant[1990]  ; line 1433
9509 BINARY               a=31 b=43 c=44 imm=0  ; line 1433
9510 MOVE                 R31 <- R44  ; line 1433
9511 JUMP                 -> 9461  ; line 1433
9512 LOAD_CONST           R43 constant[1991]  ; line 1435
9513 COMPARE              a=38 b=43 c=44 imm=3  ; line 1435
9514 JUMP_IF_FALSE        R44 -> 9518  ; line 1435
9515 LOAD_CONST           R43 constant[1992]  ; line 1435
9516 MOVE                 R38 <- R43  ; line 1435
9517 JUMP                 -> 9518  ; line 1435
9518 LOAD_CONST           R43 constant[1993]  ; line 1436
9519 MOVE                 R44 <- R43  ; line 1436
9520 HOST_CALL            a=45 b=22 c=44 imm=1  ; line 1436
9521 MOVE                 R46 <- R45  ; line 1436
9522 LOAD_CONST           R47 constant[1994]  ; line 1437
9523 MOVE                 R31 <- R47  ; line 1437
9524 COMPARE              a=31 b=17 c=47 imm=2  ; line 1438
9525 JUMP_IF_FALSE        R47 -> 9550  ; line 1438
9526 MOVE                 R47 <- R36  ; line 1439
9527 MOVE                 R48 <- R31  ; line 1439
9528 HOST_CALL            a=49 b=11 c=47 imm=2  ; line 1439
9529 BINARY               a=49 b=38 c=50 imm=3  ; line 1439
9530 MOVE                 R51 <- R36  ; line 1439
9531 MOVE                 R52 <- R31  ; line 1439
9532 MOVE                 R53 <- R50  ; line 1439
9533 HOST_CALL            a=54 b=12 c=51 imm=3  ; line 1439
9534 MOVE                 R47 <- R36  ; line 1440
9535 MOVE                 R48 <- R31  ; line 1440
9536 HOST_CALL            a=49 b=11 c=47 imm=2  ; line 1440
9537 LOAD_CONST           R50 constant[1995]  ; line 1440
9538 MOVE                 R51 <- R36  ; line 1440
9539 MOVE                 R52 <- R31  ; line 1440
9540 HOST_CALL            a=53 b=11 c=51 imm=2  ; line 1440
9541 BINARY               a=50 b=53 c=54 imm=1  ; line 1440
9542 BINARY               a=49 b=54 c=55 imm=2  ; line 1440
9543 MOVE                 R56 <- R46  ; line 1440
9544 MOVE                 R57 <- R55  ; line 1440
9545 HOST_CALL            a=58 b=23 c=56 imm=2  ; line 1440
9546 LOAD_CONST           R47 constant[1996]  ; line 1441
9547 BINARY               a=31 b=47 c=48 imm=0  ; line 1441
9548 MOVE                 R31 <- R48  ; line 1441
9549 JUMP                 -> 9524  ; line 1441
9550 MOVE                 R47 <- R21  ; line 1443
9551 MOVE                 R48 <- R36  ; line 1443
9552 HOST_CALL            a=49 b=23 c=47 imm=2  ; line 1443
9553 MOVE                 R47 <- R25  ; line 1444
9554 MOVE                 R48 <- R46  ; line 1444
9555 HOST_CALL            a=49 b=23 c=47 imm=2  ; line 1444
9556 MOVE                 R29 <- R36  ; line 1445
9557 LOAD_CONST           R47 constant[1997]  ; line 1446
9558 BINARY               a=33 b=47 c=48 imm=0  ; line 1446
9559 MOVE                 R33 <- R48  ; line 1446
9560 JUMP                 -> 9452  ; line 1446
9561 LOAD_CONST           R47 constant[1998]  ; line 1448
9562 MOVE                 R48 <- R21  ; line 1448
9563 HOST_CALL            a=49 b=72 c=48 imm=1  ; line 1448
9564 LOAD_CONST           R50 constant[1999]  ; line 1448
9565 MOVE                 R51 <- R25  ; line 1448
9566 HOST_CALL            a=52 b=72 c=51 imm=1  ; line 1448
9567 MOVE                 R53 <- R47  ; line 1448
9568 MOVE                 R54 <- R49  ; line 1448
9569 MOVE                 R55 <- R50  ; line 1448
9570 MOVE                 R56 <- R52  ; line 1448
9571 HOST_CALL            a=57 b=6 c=53 imm=4  ; line 1448
9572 RETURN               R57  ; line 1448
9573 LOAD_CONST           R58 constant[2000]  ; line 1448
9574 RETURN               R58  ; line 1448
9575 LOAD_CONST           R4 constant[2001]  ; line 1452
9576 MOVE                 R5 <- R0  ; line 1452
9577 MOVE                 R6 <- R4  ; line 1452
9578 HOST_CALL            a=7 b=11 c=5 imm=2  ; line 1452
9579 LOAD_CONST           R8 constant[2002]  ; line 1452
9580 COMPARE              a=7 b=8 c=9 imm=0  ; line 1452
9581 JUMP_IF_FALSE        R9 -> 9601  ; line 1452
9582 LOAD_CONST           R4 constant[2003]  ; line 1453
9583 MOVE                 R5 <- R0  ; line 1453
9584 MOVE                 R6 <- R4  ; line 1453
9585 HOST_CALL            a=7 b=11 c=5 imm=2  ; line 1453
9586 LOAD_CONST           R8 constant[2004]  ; line 1453
9587 MOVE                 R9 <- R7  ; line 1453
9588 MOVE                 R10 <- R8  ; line 1453
9589 HOST_CALL            a=11 b=11 c=9 imm=2  ; line 1453
9590 MOVE                 R12 <- R1  ; line 1453
9591 MOVE                 R13 <- R2  ; line 1453
9592 HOST_CALL            a=14 b=11 c=12 imm=2  ; line 1453
9593 MOVE                 R15 <- R3  ; line 1453
9594 MOVE                 R16 <- R14  ; line 1453
9595 ARRAY_NEW            a=17 b=15 c=2 imm=4294967295  ; line 1453
9596 MOVE                 R18 <- R11  ; line 1453
9597 MOVE                 R19 <- R17  ; line 1453
9598 HOST_CALL            a=20 b=11 c=18 imm=2  ; line 1453
9599 RETURN               R20  ; line 1453
9600 JUMP                 -> 9601  ; line 1453
9601 MOVE                 R4 <- R0  ; line 1455
9602 MOVE                 R5 <- R1  ; line 1455
9603 MOVE                 R6 <- R2  ; line 1455
9604 MOVE                 R7 <- R3  ; line 1455
9605 CALL                 a=8 b=136 c=4 imm=4  ; line 1455
9606 RETURN               R8  ; line 1455
9607 LOAD_CONST           R9 constant[2005]  ; line 1455
9608 RETURN               R9  ; line 1455
9609 MOVE                 R2 <- R1  ; line 1459
9610 HOST_CALL            a=3 b=61 c=2 imm=1  ; line 1459
9611 LOAD_CONST           R4 constant[2006]  ; line 1459
9612 MOVE                 R5 <- R3  ; line 1459
9613 MOVE                 R6 <- R4  ; line 1459
9614 HOST_CALL            a=7 b=11 c=5 imm=2  ; line 1459
9615 MOVE                 R8 <- R7  ; line 1459
9616 LOAD_CONST           R9 constant[2007]  ; line 1460
9617 MOVE                 R10 <- R0  ; line 1460
9618 MOVE                 R11 <- R9  ; line 1460
9619 HOST_CALL            a=12 b=11 c=10 imm=2  ; line 1460
9620 LOAD_CONST           R13 constant[2008]  ; line 1460
9621 MOVE                 R14 <- R12  ; line 1460
9622 MOVE                 R15 <- R13  ; line 1460
9623 HOST_CALL            a=16 b=11 c=14 imm=2  ; line 1460
9624 MOVE                 R17 <- R16  ; line 1460
9625 LOAD_CONST           R18 constant[2009]  ; line 1461
9626 MOVE                 R19 <- R18  ; line 1461
9627 HOST_CALL            a=20 b=22 c=19 imm=1  ; line 1461
9628 MOVE                 R21 <- R20  ; line 1461
9629 LOAD_CONST           R22 constant[2010]  ; line 1462
9630 MOVE                 R23 <- R22  ; line 1462
9631 HOST_CALL            a=24 b=22 c=23 imm=1  ; line 1462
9632 MOVE                 R25 <- R24  ; line 1462
9633 LOAD_CONST           R26 constant[2011]  ; line 1463
9634 MOVE                 R27 <- R26  ; line 1463
9635 COMPARE              a=27 b=8 c=28 imm=2  ; line 1464
9636 JUMP_IF_FALSE        R28 -> 9748  ; line 1464
9637 MOVE                 R28 <- R17  ; line 1465
9638 CALL                 a=29 b=96 c=28 imm=1  ; line 1465
9639 MOVE                 R30 <- R29  ; line 1465
9640 LOAD_CONST           R31 constant[2012]  ; line 1466
9641 MOVE                 R32 <- R31  ; line 1466
9642 LOAD_CONST           R33 constant[2013]  ; line 1467
9643 MOVE                 R34 <- R33  ; line 1467
9644 COMPARE              a=34 b=17 c=35 imm=2  ; line 1468
9645 JUMP_IF_FALSE        R35 -> 9716  ; line 1468
9646 LOAD_CONST           R35 constant[2014]  ; line 1469
9647 MOVE                 R36 <- R0  ; line 1469
9648 MOVE                 R37 <- R35  ; line 1469
9649 HOST_CALL            a=38 b=11 c=36 imm=2  ; line 1469
9650 LOAD_CONST           R39 constant[2015]  ; line 1469
9651 MOVE                 R40 <- R38  ; line 1469
9652 MOVE                 R41 <- R39  ; line 1469
9653 HOST_CALL            a=42 b=11 c=40 imm=2  ; line 1469
9654 MOVE                 R43 <- R42  ; line 1469
9655 MOVE                 R44 <- R34  ; line 1469
9656 HOST_CALL            a=45 b=11 c=43 imm=2  ; line 1469
9657 MOVE                 R46 <- R45  ; line 1469
9658 LOAD_CONST           R47 constant[2016]  ; line 1470
9659 COMPARE              a=27 b=47 c=48 imm=4  ; line 1470
9660 JUMP_IF_FALSE        R48 -> 9697  ; line 1470
9661 LOAD_CONST           R47 constant[2017]  ; line 1471
9662 MOVE                 R46 <- R47  ; line 1471
9663 LOAD_CONST           R47 constant[2018]  ; line 1472
9664 MOVE                 R48 <- R47  ; line 1472
9665 COMPARE              a=48 b=17 c=49 imm=2  ; line 1473
9666 JUMP_IF_FALSE        R49 -> 9696  ; line 1473
9667 LOAD_CONST           R49 constant[2019]  ; line 1474
9668 BINARY               a=27 b=49 c=50 imm=1  ; line 1474
9669 MOVE                 R51 <- R21  ; line 1474
9670 MOVE                 R52 <- R50  ; line 1474
9671 HOST_CALL            a=53 b=11 c=51 imm=2  ; line 1474
9672 MOVE                 R54 <- R53  ; line 1474
9673 MOVE                 R55 <- R48  ; line 1474
9674 HOST_CALL            a=56 b=11 c=54 imm=2  ; line 1474
9675 LOAD_CONST           R57 constant[2020]  ; line 1474
9676 MOVE                 R58 <- R0  ; line 1474
9677 MOVE                 R59 <- R57  ; line 1474
9678 HOST_CALL            a=60 b=11 c=58 imm=2  ; line 1474
9679 LOAD_CONST           R61 constant[2021]  ; line 1474
9680 MOVE                 R62 <- R60  ; line 1474
9681 MOVE                 R63 <- R61  ; line 1474
9682 HOST_CALL            a=64 b=11 c=62 imm=2  ; line 1474
9683 MOVE                 R65 <- R48  ; line 1474
9684 MOVE                 R66 <- R34  ; line 1474
9685 ARRAY_NEW            a=67 b=65 c=2 imm=4294967295  ; line 1474
9686 MOVE                 R68 <- R64  ; line 1474
9687 MOVE                 R69 <- R67  ; line 1474
9688 HOST_CALL            a=70 b=11 c=68 imm=2  ; line 1474
9689 BINARY               a=56 b=70 c=71 imm=2  ; line 1474
9690 BINARY               a=46 b=71 c=72 imm=0  ; line 1474
9691 MOVE                 R46 <- R72  ; line 1474
9692 LOAD_CONST           R49 constant[2022]  ; line 1475
9693 BINARY               a=48 b=49 c=50 imm=0  ; line 1475
9694 MOVE                 R48 <- R50  ; line 1475
9695 JUMP                 -> 9665  ; line 1475
9696 JUMP                 -> 9697  ; line 1475
9697 MOVE                 R49 <- R0  ; line 1478
9698 MOVE                 R50 <- R1  ; line 1478
9699 MOVE                 R51 <- R27  ; line 1478
9700 MOVE                 R52 <- R34  ; line 1478
9701 CALL                 a=53 b=138 c=49 imm=4  ; line 1478
9702 BINARY               a=46 b=53 c=54 imm=2  ; line 1478
9703 MOVE                 R55 <- R30  ; line 1478
9704 MOVE                 R56 <- R34  ; line 1478
9705 MOVE                 R57 <- R54  ; line 1478
9706 HOST_CALL            a=58 b=12 c=55 imm=3  ; line 1478
9707 MOVE                 R49 <- R30  ; line 1479
9708 MOVE                 R50 <- R34  ; line 1479
9709 HOST_CALL            a=51 b=11 c=49 imm=2  ; line 1479
9710 BINARY               a=32 b=51 c=52 imm=0  ; line 1479
9711 MOVE                 R32 <- R52  ; line 1479
9712 LOAD_CONST           R49 constant[2023]  ; line 1480
9713 BINARY               a=34 b=49 c=50 imm=0  ; line 1480
9714 MOVE                 R34 <- R50  ; line 1480
9715 JUMP                 -> 9644  ; line 1480
9716 LOAD_CONST           R49 constant[2024]  ; line 1482
9717 COMPARE              a=32 b=49 c=50 imm=2  ; line 1482
9718 JUMP_IF_FALSE        R50 -> 9722  ; line 1482
9719 LOAD_CONST           R49 constant[2025]  ; line 1482
9720 MOVE                 R32 <- R49  ; line 1482
9721 JUMP                 -> 9722  ; line 1482
9722 LOAD_CONST           R49 constant[2026]  ; line 1483
9723 MOVE                 R34 <- R49  ; line 1483
9724 COMPARE              a=34 b=17 c=49 imm=2  ; line 1484
9725 JUMP_IF_FALSE        R49 -> 9738  ; line 1484
9726 MOVE                 R49 <- R30  ; line 1485
9727 MOVE                 R50 <- R34  ; line 1485
9728 HOST_CALL            a=51 b=11 c=49 imm=2  ; line 1485
9729 BINARY               a=51 b=32 c=52 imm=3  ; line 1485
9730 MOVE                 R53 <- R30  ; line 1485
9731 MOVE                 R54 <- R34  ; line 1485
9732 MOVE                 R55 <- R52  ; line 1485
9733 HOST_CALL            a=56 b=12 c=53 imm=3  ; line 1485
9734 LOAD_CONST           R49 constant[2027]  ; line 1486
9735 BINARY               a=34 b=49 c=50 imm=0  ; line 1486
9736 MOVE                 R34 <- R50  ; line 1486
9737 JUMP                 -> 9724  ; line 1486
9738 MOVE                 R49 <- R21  ; line 1488
9739 MOVE                 R50 <- R30  ; line 1488
9740 HOST_CALL            a=51 b=23 c=49 imm=2  ; line 1488
9741 MOVE                 R49 <- R25  ; line 1489
9742 MOVE                 R50 <- R32  ; line 1489
9743 HOST_CALL            a=51 b=23 c=49 imm=2  ; line 1489
9744 LOAD_CONST           R49 constant[2028]  ; line 1490
9745 BINARY               a=27 b=49 c=50 imm=0  ; line 1490
9746 MOVE                 R27 <- R50  ; line 1490
9747 JUMP                 -> 9635  ; line 1490
9748 MOVE                 R49 <- R8  ; line 1493
9749 MOVE                 R50 <- R17  ; line 1493
9750 CALL                 a=51 b=113 c=49 imm=2  ; line 1493
9751 MOVE                 R52 <- R51  ; line 1493
9752 LOAD_CONST           R53 constant[2029]  ; line 1494
9753 BINARY               a=8 b=53 c=54 imm=1  ; line 1494
9754 MOVE                 R55 <- R52  ; line 1494
9755 MOVE                 R56 <- R54  ; line 1494
9756 HOST_CALL            a=57 b=11 c=55 imm=2  ; line 1494
9757 MOVE                 R58 <- R57  ; line 1494
9758 LOAD_CONST           R59 constant[2030]  ; line 1495
9759 MOVE                 R60 <- R59  ; line 1495
9760 COMPARE              a=60 b=17 c=61 imm=2  ; line 1496
9761 JUMP_IF_FALSE        R61 -> 9771  ; line 1496
9762 LOAD_CONST           R61 constant[2031]  ; line 1496
9763 MOVE                 R62 <- R58  ; line 1496
9764 MOVE                 R63 <- R60  ; line 1496
9765 MOVE                 R64 <- R61  ; line 1496
9766 HOST_CALL            a=65 b=12 c=62 imm=3  ; line 1496
9767 LOAD_CONST           R61 constant[2032]  ; line 1496
9768 BINARY               a=60 b=61 c=62 imm=0  ; line 1496
9769 MOVE                 R60 <- R62  ; line 1496
9770 JUMP                 -> 9760  ; line 1496
9771 LOAD_CONST           R61 constant[2033]  ; line 1497
9772 BINARY               a=8 b=61 c=62 imm=1  ; line 1497
9773 MOVE                 R27 <- R62  ; line 1497
9774 LOAD_CONST           R61 constant[2034]  ; line 1498
9775 COMPARE              a=27 b=61 c=62 imm=5  ; line 1498
9776 JUMP_IF_FALSE        R62 -> 9846  ; line 1498
9777 MOVE                 R61 <- R52  ; line 1499
9778 MOVE                 R62 <- R27  ; line 1499
9779 HOST_CALL            a=63 b=11 c=61 imm=2  ; line 1499
9780 MOVE                 R64 <- R63  ; line 1499
9781 LOAD_CONST           R65 constant[2035]  ; line 1500
9782 MOVE                 R60 <- R65  ; line 1500
9783 COMPARE              a=60 b=17 c=65 imm=2  ; line 1501
9784 JUMP_IF_FALSE        R65 -> 9842  ; line 1501
9785 LOAD_CONST           R65 constant[2036]  ; line 1502
9786 MOVE                 R66 <- R65  ; line 1502
9787 LOAD_CONST           R67 constant[2037]  ; line 1503
9788 MOVE                 R68 <- R67  ; line 1503
9789 COMPARE              a=68 b=17 c=69 imm=2  ; line 1504
9790 JUMP_IF_FALSE        R69 -> 9828  ; line 1504
9791 LOAD_CONST           R69 constant[2038]  ; line 1505
9792 MOVE                 R70 <- R0  ; line 1505
9793 MOVE                 R71 <- R69  ; line 1505
9794 HOST_CALL            a=72 b=11 c=70 imm=2  ; line 1505
9795 LOAD_CONST           R73 constant[2039]  ; line 1505
9796 MOVE                 R74 <- R72  ; line 1505
9797 MOVE                 R75 <- R73  ; line 1505
9798 HOST_CALL            a=76 b=11 c=74 imm=2  ; line 1505
9799 MOVE                 R77 <- R60  ; line 1505
9800 MOVE                 R78 <- R68  ; line 1505
9801 ARRAY_NEW            a=79 b=77 c=2 imm=4294967295  ; line 1505
9802 MOVE                 R80 <- R76  ; line 1505
9803 MOVE                 R81 <- R79  ; line 1505
9804 HOST_CALL            a=82 b=11 c=80 imm=2  ; line 1505
9805 LOAD_CONST           R83 constant[2040]  ; line 1505
9806 BINARY               a=27 b=83 c=84 imm=0  ; line 1505
9807 MOVE                 R85 <- R0  ; line 1505
9808 MOVE                 R86 <- R1  ; line 1505
9809 MOVE                 R87 <- R84  ; line 1505
9810 MOVE                 R88 <- R68  ; line 1505
9811 CALL                 a=89 b=138 c=85 imm=4  ; line 1505
9812 BINARY               a=82 b=89 c=90 imm=2  ; line 1505
9813 LOAD_CONST           R91 constant[2041]  ; line 1505
9814 BINARY               a=27 b=91 c=92 imm=0  ; line 1505
9815 MOVE                 R93 <- R52  ; line 1505
9816 MOVE                 R94 <- R92  ; line 1505
9817 HOST_CALL            a=95 b=11 c=93 imm=2  ; line 1505
9818 MOVE                 R96 <- R95  ; line 1505
9819 MOVE                 R97 <- R68  ; line 1505
9820 HOST_CALL            a=98 b=11 c=96 imm=2  ; line 1505
9821 BINARY               a=90 b=98 c=99 imm=2  ; line 1505
9822 BINARY               a=66 b=99 c=100 imm=0  ; line 1505
9823 MOVE                 R66 <- R100  ; line 1505
9824 LOAD_CONST           R69 constant[2042]  ; line 1507
9825 BINARY               a=68 b=69 c=70 imm=0  ; line 1507
9826 MOVE                 R68 <- R70  ; line 1507
9827 JUMP                 -> 9789  ; line 1507
9828 LOAD_CONST           R69 constant[2043]  ; line 1509
9829 BINARY               a=27 b=69 c=70 imm=0  ; line 1509
9830 MOVE                 R71 <- R25  ; line 1509
9831 MOVE                 R72 <- R70  ; line 1509
9832 HOST_CALL            a=73 b=11 c=71 imm=2  ; line 1509
9833 BINARY               a=66 b=73 c=74 imm=3  ; line 1509
9834 MOVE                 R75 <- R64  ; line 1509
9835 MOVE                 R76 <- R60  ; line 1509
9836 MOVE                 R77 <- R74  ; line 1509
9837 HOST_CALL            a=78 b=12 c=75 imm=3  ; line 1509
9838 LOAD_CONST           R69 constant[2044]  ; line 1510
9839 BINARY               a=60 b=69 c=70 imm=0  ; line 1510
9840 MOVE                 R60 <- R70  ; line 1510
9841 JUMP                 -> 9783  ; line 1510
9842 LOAD_CONST           R69 constant[2045]  ; line 1512
9843 BINARY               a=27 b=69 c=70 imm=1  ; line 1512
9844 MOVE                 R27 <- R70  ; line 1512
9845 JUMP                 -> 9774  ; line 1512
9846 MOVE                 R69 <- R8  ; line 1515
9847 MOVE                 R70 <- R17  ; line 1515
9848 CALL                 a=71 b=113 c=69 imm=2  ; line 1515
9849 MOVE                 R72 <- R71  ; line 1515
9850 LOAD_CONST           R73 constant[2046]  ; line 1516
9851 MOVE                 R27 <- R73  ; line 1516
9852 COMPARE              a=27 b=8 c=73 imm=2  ; line 1517
9853 JUMP_IF_FALSE        R73 -> 9916  ; line 1517
9854 MOVE                 R73 <- R72  ; line 1518
9855 MOVE                 R74 <- R27  ; line 1518
9856 HOST_CALL            a=75 b=11 c=73 imm=2  ; line 1518
9857 MOVE                 R76 <- R75  ; line 1518
9858 LOAD_CONST           R77 constant[2047]  ; line 1519
9859 MOVE                 R78 <- R77  ; line 1519
9860 LOAD_CONST           R79 constant[2048]  ; line 1520
9861 MOVE                 R60 <- R79  ; line 1520
9862 COMPARE              a=60 b=17 c=79 imm=2  ; line 1521
9863 JUMP_IF_FALSE        R79 -> 9890  ; line 1521
9864 MOVE                 R79 <- R21  ; line 1522
9865 MOVE                 R80 <- R27  ; line 1522
9866 HOST_CALL            a=81 b=11 c=79 imm=2  ; line 1522
9867 MOVE                 R82 <- R81  ; line 1522
9868 MOVE                 R83 <- R60  ; line 1522
9869 HOST_CALL            a=84 b=11 c=82 imm=2  ; line 1522
9870 MOVE                 R85 <- R52  ; line 1522
9871 MOVE                 R86 <- R27  ; line 1522
9872 HOST_CALL            a=87 b=11 c=85 imm=2  ; line 1522
9873 MOVE                 R88 <- R87  ; line 1522
9874 MOVE                 R89 <- R60  ; line 1522
9875 HOST_CALL            a=90 b=11 c=88 imm=2  ; line 1522
9876 BINARY               a=84 b=90 c=91 imm=2  ; line 1522
9877 MOVE                 R92 <- R76  ; line 1522
9878 MOVE                 R93 <- R60  ; line 1522
9879 MOVE                 R94 <- R91  ; line 1522
9880 HOST_CALL            a=95 b=12 c=92 imm=3  ; line 1522
9881 MOVE                 R79 <- R76  ; line 1523
9882 MOVE                 R80 <- R60  ; line 1523
9883 HOST_CALL            a=81 b=11 c=79 imm=2  ; line 1523
9884 BINARY               a=78 b=81 c=82 imm=0  ; line 1523
9885 MOVE                 R78 <- R82  ; line 1523
9886 LOAD_CONST           R79 constant[2049]  ; line 1524
9887 BINARY               a=60 b=79 c=80 imm=0  ; line 1524
9888 MOVE                 R60 <- R80  ; line 1524
9889 JUMP                 -> 9862  ; line 1524
9890 LOAD_CONST           R79 constant[2050]  ; line 1526
9891 COMPARE              a=78 b=79 c=80 imm=2  ; line 1526
9892 JUMP_IF_FALSE        R80 -> 9896  ; line 1526
9893 LOAD_CONST           R79 constant[2051]  ; line 1526
9894 MOVE                 R78 <- R79  ; line 1526
9895 JUMP                 -> 9896  ; line 1526
9896 LOAD_CONST           R79 constant[2052]  ; line 1527
9897 MOVE                 R60 <- R79  ; line 1527
9898 COMPARE              a=60 b=17 c=79 imm=2  ; line 1528
9899 JUMP_IF_FALSE        R79 -> 9912  ; line 1528
9900 MOVE                 R79 <- R76  ; line 1529
9901 MOVE                 R80 <- R60  ; line 1529
9902 HOST_CALL            a=81 b=11 c=79 imm=2  ; line 1529
9903 BINARY               a=81 b=78 c=82 imm=3  ; line 1529
9904 MOVE                 R83 <- R76  ; line 1529
9905 MOVE                 R84 <- R60  ; line 1529
9906 MOVE                 R85 <- R82  ; line 1529
9907 HOST_CALL            a=86 b=12 c=83 imm=3  ; line 1529
9908 LOAD_CONST           R79 constant[2053]  ; line 1530
9909 BINARY               a=60 b=79 c=80 imm=0  ; line 1530
9910 MOVE                 R60 <- R80  ; line 1530
9911 JUMP                 -> 9898  ; line 1530
9912 LOAD_CONST           R79 constant[2054]  ; line 1532
9913 BINARY               a=27 b=79 c=80 imm=0  ; line 1532
9914 MOVE                 R27 <- R80  ; line 1532
9915 JUMP                 -> 9852  ; line 1532
9916 LOAD_CONST           R79 constant[2055]  ; line 1535
9917 MOVE                 R80 <- R79  ; line 1535
9918 HOST_CALL            a=81 b=22 c=80 imm=1  ; line 1535
9919 MOVE                 R82 <- R81  ; line 1535
9920 LOAD_CONST           R83 constant[2056]  ; line 1536
9921 MOVE                 R27 <- R83  ; line 1536
9922 LOAD_CONST           R83 constant[2057]  ; line 1537
9923 BINARY               a=8 b=83 c=84 imm=1  ; line 1537
9924 COMPARE              a=27 b=84 c=85 imm=2  ; line 1537
9925 JUMP_IF_FALSE        R85 -> 10038  ; line 1537
9926 MOVE                 R83 <- R17  ; line 1538
9927 MOVE                 R84 <- R17  ; line 1538
9928 CALL                 a=85 b=113 c=83 imm=2  ; line 1538
9929 MOVE                 R86 <- R85  ; line 1538
9930 LOAD_CONST           R87 constant[2058]  ; line 1539
9931 MOVE                 R88 <- R87  ; line 1539
9932 LOAD_CONST           R89 constant[2059]  ; line 1540
9933 MOVE                 R60 <- R89  ; line 1540
9934 COMPARE              a=60 b=17 c=89 imm=2  ; line 1541
9935 JUMP_IF_FALSE        R89 -> 9997  ; line 1541
9936 MOVE                 R89 <- R86  ; line 1542
9937 MOVE                 R90 <- R60  ; line 1542
9938 HOST_CALL            a=91 b=11 c=89 imm=2  ; line 1542
9939 MOVE                 R92 <- R91  ; line 1542
9940 LOAD_CONST           R93 constant[2060]  ; line 1543
9941 MOVE                 R94 <- R93  ; line 1543
9942 COMPARE              a=94 b=17 c=95 imm=2  ; line 1544
9943 JUMP_IF_FALSE        R95 -> 9993  ; line 1544
9944 MOVE                 R95 <- R21  ; line 1545
9945 MOVE                 R96 <- R27  ; line 1545
9946 HOST_CALL            a=97 b=11 c=95 imm=2  ; line 1545
9947 MOVE                 R98 <- R97  ; line 1545
9948 MOVE                 R99 <- R60  ; line 1545
9949 HOST_CALL            a=100 b=11 c=98 imm=2  ; line 1545
9950 LOAD_CONST           R101 constant[2061]  ; line 1545
9951 MOVE                 R102 <- R0  ; line 1545
9952 MOVE                 R103 <- R101  ; line 1545
9953 HOST_CALL            a=104 b=11 c=102 imm=2  ; line 1545
9954 LOAD_CONST           R105 constant[2062]  ; line 1545
9955 MOVE                 R106 <- R104  ; line 1545
9956 MOVE                 R107 <- R105  ; line 1545
9957 HOST_CALL            a=108 b=11 c=106 imm=2  ; line 1545
9958 MOVE                 R109 <- R60  ; line 1545
9959 MOVE                 R110 <- R94  ; line 1545
9960 ARRAY_NEW            a=111 b=109 c=2 imm=4294967295  ; line 1545
9961 MOVE                 R112 <- R108  ; line 1545
9962 MOVE                 R113 <- R111  ; line 1545
9963 HOST_CALL            a=114 b=11 c=112 imm=2  ; line 1545
9964 BINARY               a=100 b=114 c=115 imm=2  ; line 1545
9965 LOAD_CONST           R116 constant[2063]  ; line 1545
9966 BINARY               a=27 b=116 c=117 imm=0  ; line 1545
9967 MOVE                 R118 <- R0  ; line 1545
9968 MOVE                 R119 <- R1  ; line 1545
9969 MOVE                 R120 <- R117  ; line 1545
9970 MOVE                 R121 <- R94  ; line 1545
9971 CALL                 a=122 b=138 c=118 imm=4  ; line 1545
9972 BINARY               a=115 b=122 c=123 imm=2  ; line 1545
9973 LOAD_CONST           R124 constant[2064]  ; line 1545
9974 BINARY               a=27 b=124 c=125 imm=0  ; line 1545
9975 MOVE                 R126 <- R52  ; line 1545
9976 MOVE                 R127 <- R125  ; line 1545
9977 HOST_CALL            a=128 b=11 c=126 imm=2  ; line 1545
9978 MOVE                 R129 <- R128  ; line 1545
9979 MOVE                 R130 <- R94  ; line 1545
9980 HOST_CALL            a=131 b=11 c=129 imm=2  ; line 1545
9981 BINARY               a=123 b=131 c=132 imm=2  ; line 1545
9982 MOVE                 R133 <- R132  ; line 1545
9983 MOVE                 R134 <- R92  ; line 1547
9984 MOVE                 R135 <- R94  ; line 1547
9985 MOVE                 R136 <- R133  ; line 1547
9986 HOST_CALL            a=137 b=12 c=134 imm=3  ; line 1547
9987 BINARY               a=88 b=133 c=134 imm=0  ; line 1548
9988 MOVE                 R88 <- R134  ; line 1548
9989 LOAD_CONST           R134 constant[2065]  ; line 1549
9990 BINARY               a=94 b=134 c=135 imm=0  ; line 1549
9991 MOVE                 R94 <- R135  ; line 1549
9992 JUMP                 -> 9942  ; line 1549
9993 LOAD_CONST           R134 constant[2066]  ; line 1551
9994 BINARY               a=60 b=134 c=135 imm=0  ; line 1551
9995 MOVE                 R60 <- R135  ; line 1551
9996 JUMP                 -> 9934  ; line 1551
9997 LOAD_CONST           R134 constant[2067]  ; line 1553
9998 COMPARE              a=88 b=134 c=135 imm=2  ; line 1553
9999 JUMP_IF_FALSE        R135 -> 10003  ; line 1553
10000 LOAD_CONST           R134 constant[2068]  ; line 1553
10001 MOVE                 R88 <- R134  ; line 1553
10002 JUMP                 -> 10003  ; line 1553
10003 LOAD_CONST           R134 constant[2069]  ; line 1554
10004 MOVE                 R60 <- R134  ; line 1554
10005 COMPARE              a=60 b=17 c=134 imm=2  ; line 1555
10006 JUMP_IF_FALSE        R134 -> 10031  ; line 1555
10007 MOVE                 R134 <- R86  ; line 1556
10008 MOVE                 R135 <- R60  ; line 1556
10009 HOST_CALL            a=136 b=11 c=134 imm=2  ; line 1556
10010 MOVE                 R137 <- R136  ; line 1556
10011 LOAD_CONST           R138 constant[2070]  ; line 1557
10012 MOVE                 R139 <- R138  ; line 1557
10013 COMPARE              a=139 b=17 c=140 imm=2  ; line 1558
10014 JUMP_IF_FALSE        R140 -> 10027  ; line 1558
10015 MOVE                 R140 <- R137  ; line 1559
10016 MOVE                 R141 <- R139  ; line 1559
10017 HOST_CALL            a=142 b=11 c=140 imm=2  ; line 1559
10018 BINARY               a=142 b=88 c=143 imm=3  ; line 1559
10019 MOVE                 R144 <- R137  ; line 1559
10020 MOVE                 R145 <- R139  ; line 1559
10021 MOVE                 R146 <- R143  ; line 1559
10022 HOST_CALL            a=147 b=12 c=144 imm=3  ; line 1559
10023 LOAD_CONST           R140 constant[2071]  ; line 1560
10024 BINARY               a=139 b=140 c=141 imm=0  ; line 1560
10025 MOVE                 R139 <- R141  ; line 1560
10026 JUMP                 -> 10013  ; line 1560
10027 LOAD_CONST           R140 constant[2072]  ; line 1562
10028 BINARY               a=60 b=140 c=141 imm=0  ; line 1562
10029 MOVE                 R60 <- R141  ; line 1562
10030 JUMP                 -> 10005  ; line 1562
10031 MOVE                 R140 <- R82  ; line 1564
10032 MOVE                 R141 <- R86  ; line 1564
10033 HOST_CALL            a=142 b=23 c=140 imm=2  ; line 1564
10034 LOAD_CONST           R140 constant[2073]  ; line 1565
10035 BINARY               a=27 b=140 c=141 imm=0  ; line 1565
10036 MOVE                 R27 <- R141  ; line 1565
10037 JUMP                 -> 9922  ; line 1565
10038 LOAD_CONST           R140 constant[2074]  ; line 1567
10039 LOAD_CONST           R141 constant[2075]  ; line 1567
10040 LOAD_CONST           R142 constant[2076]  ; line 1567
10041 MOVE                 R143 <- R140  ; line 1567
10042 MOVE                 R144 <- R72  ; line 1567
10043 MOVE                 R145 <- R141  ; line 1567
10044 MOVE                 R146 <- R82  ; line 1567
10045 MOVE                 R147 <- R142  ; line 1567
10046 MOVE                 R148 <- R25  ; line 1567
10047 HOST_CALL            a=149 b=6 c=143 imm=6  ; line 1567
10048 RETURN               R149  ; line 1567
10049 LOAD_CONST           R150 constant[2077]  ; line 1567
10050 RETURN               R150  ; line 1567
10051 LOAD_CONST           R2 constant[2078]  ; line 1571
10052 MOVE                 R3 <- R0  ; line 1571
10053 MOVE                 R4 <- R2  ; line 1571
10054 HOST_CALL            a=5 b=11 c=3 imm=2  ; line 1571
10055 LOAD_CONST           R6 constant[2079]  ; line 1571
10056 MOVE                 R7 <- R5  ; line 1571
10057 MOVE                 R8 <- R6  ; line 1571
10058 HOST_CALL            a=9 b=11 c=7 imm=2  ; line 1571
10059 MOVE                 R10 <- R9  ; line 1571
10060 LOAD_CONST           R11 constant[2080]  ; line 1572
10061 MOVE                 R12 <- R1  ; line 1572
10062 MOVE                 R13 <- R11  ; line 1572
10063 HOST_CALL            a=14 b=11 c=12 imm=2  ; line 1572
10064 MOVE                 R15 <- R14  ; line 1572
10065 HOST_CALL            a=16 b=26 c=15 imm=1  ; line 1572
10066 MOVE                 R17 <- R16  ; line 1572
10067 MOVE                 R18 <- R10  ; line 1573
10068 MOVE                 R19 <- R10  ; line 1573
10069 CALL                 a=20 b=113 c=18 imm=2  ; line 1573
10070 MOVE                 R21 <- R20  ; line 1573
10071 LOAD_CONST           R22 constant[2081]  ; line 1574
10072 MOVE                 R23 <- R22  ; line 1574
10073 COMPARE              a=23 b=10 c=24 imm=2  ; line 1575
10074 JUMP_IF_FALSE        R24 -> 10153  ; line 1575
10075 LOAD_CONST           R24 constant[2082]  ; line 1576
10076 MOVE                 R25 <- R24  ; line 1576
10077 LOAD_CONST           R26 constant[2083]  ; line 1577
10078 MOVE                 R27 <- R26  ; line 1577
10079 LOAD_CONST           R28 constant[2084]  ; line 1578
10080 BINARY               a=17 b=28 c=29 imm=1  ; line 1578
10081 COMPARE              a=27 b=29 c=30 imm=2  ; line 1578
10082 JUMP_IF_FALSE        R30 -> 10099  ; line 1578
10083 LOAD_CONST           R28 constant[2085]  ; line 1579
10084 MOVE                 R29 <- R1  ; line 1579
10085 MOVE                 R30 <- R28  ; line 1579
10086 HOST_CALL            a=31 b=11 c=29 imm=2  ; line 1579
10087 MOVE                 R32 <- R31  ; line 1579
10088 MOVE                 R33 <- R27  ; line 1579
10089 HOST_CALL            a=34 b=11 c=32 imm=2  ; line 1579
10090 MOVE                 R35 <- R34  ; line 1579
10091 MOVE                 R36 <- R23  ; line 1579
10092 HOST_CALL            a=37 b=11 c=35 imm=2  ; line 1579
10093 BINARY               a=25 b=37 c=38 imm=0  ; line 1579
10094 MOVE                 R25 <- R38  ; line 1579
10095 LOAD_CONST           R28 constant[2086]  ; line 1580
10096 BINARY               a=27 b=28 c=29 imm=0  ; line 1580
10097 MOVE                 R27 <- R29  ; line 1580
10098 JUMP                 -> 10079  ; line 1580
10099 LOAD_CONST           R28 constant[2087]  ; line 1582
10100 COMPARE              a=25 b=28 c=29 imm=2  ; line 1582
10101 JUMP_IF_FALSE        R29 -> 10105  ; line 1582
10102 LOAD_CONST           R28 constant[2088]  ; line 1582
10103 MOVE                 R25 <- R28  ; line 1582
10104 JUMP                 -> 10105  ; line 1582
10105 MOVE                 R28 <- R21  ; line 1583
10106 MOVE                 R29 <- R23  ; line 1583
10107 HOST_CALL            a=30 b=11 c=28 imm=2  ; line 1583
10108 MOVE                 R31 <- R30  ; line 1583
10109 LOAD_CONST           R32 constant[2089]  ; line 1584
10110 MOVE                 R33 <- R32  ; line 1584
10111 COMPARE              a=33 b=10 c=34 imm=2  ; line 1585
10112 JUMP_IF_FALSE        R34 -> 10149  ; line 1585
10113 LOAD_CONST           R34 constant[2090]  ; line 1586
10114 MOVE                 R35 <- R34  ; line 1586
10115 LOAD_CONST           R36 constant[2091]  ; line 1587
10116 MOVE                 R27 <- R36  ; line 1587
10117 LOAD_CONST           R36 constant[2092]  ; line 1588
10118 BINARY               a=17 b=36 c=37 imm=1  ; line 1588
10119 COMPARE              a=27 b=37 c=38 imm=2  ; line 1588
10120 JUMP_IF_FALSE        R38 -> 10140  ; line 1588
10121 LOAD_CONST           R36 constant[2093]  ; line 1589
10122 MOVE                 R37 <- R1  ; line 1589
10123 MOVE                 R38 <- R36  ; line 1589
10124 HOST_CALL            a=39 b=11 c=37 imm=2  ; line 1589
10125 MOVE                 R40 <- R39  ; line 1589
10126 MOVE                 R41 <- R27  ; line 1589
10127 HOST_CALL            a=42 b=11 c=40 imm=2  ; line 1589
10128 MOVE                 R43 <- R42  ; line 1589
10129 MOVE                 R44 <- R23  ; line 1589
10130 HOST_CALL            a=45 b=11 c=43 imm=2  ; line 1589
10131 MOVE                 R46 <- R45  ; line 1589
10132 MOVE                 R47 <- R33  ; line 1589
10133 HOST_CALL            a=48 b=11 c=46 imm=2  ; line 1589
10134 BINARY               a=35 b=48 c=49 imm=0  ; line 1589
10135 MOVE                 R35 <- R49  ; line 1589
10136 LOAD_CONST           R36 constant[2094]  ; line 1590
10137 BINARY               a=27 b=36 c=37 imm=0  ; line 1590
10138 MOVE                 R27 <- R37  ; line 1590
10139 JUMP                 -> 10117  ; line 1590
10140 BINARY               a=35 b=25 c=36 imm=3  ; line 1592
10141 MOVE                 R37 <- R31  ; line 1592
10142 MOVE                 R38 <- R33  ; line 1592
10143 MOVE                 R39 <- R36  ; line 1592
10144 HOST_CALL            a=40 b=12 c=37 imm=3  ; line 1592
10145 LOAD_CONST           R36 constant[2095]  ; line 1593
10146 BINARY               a=33 b=36 c=37 imm=0  ; line 1593
10147 MOVE                 R33 <- R37  ; line 1593
10148 JUMP                 -> 10111  ; line 1593
10149 LOAD_CONST           R36 constant[2096]  ; line 1595
10150 BINARY               a=23 b=36 c=37 imm=0  ; line 1595
10151 MOVE                 R23 <- R37  ; line 1595
10152 JUMP                 -> 10073  ; line 1595
10153 RETURN               R21  ; line 1597
10154 LOAD_CONST           R36 constant[2097]  ; line 1597
10155 RETURN               R36  ; line 1597
10156 LOAD_CONST           R3 constant[2098]  ; line 1601
10157 MOVE                 R4 <- R3  ; line 1601
10158 COMPARE              a=4 b=2 c=5 imm=2  ; line 1602
10159 JUMP_IF_FALSE        R5 -> 10321  ; line 1602
10160 MOVE                 R5 <- R0  ; line 1603
10161 MOVE                 R6 <- R1  ; line 1603
10162 CALL                 a=7 b=139 c=5 imm=2  ; line 1603
10163 MOVE                 R8 <- R7  ; line 1603
10164 LOAD_CONST           R9 constant[2099]  ; line 1604
10165 MOVE                 R10 <- R0  ; line 1604
10166 MOVE                 R11 <- R9  ; line 1604
10167 HOST_CALL            a=12 b=11 c=10 imm=2  ; line 1604
10168 LOAD_CONST           R13 constant[2100]  ; line 1604
10169 MOVE                 R14 <- R12  ; line 1604
10170 MOVE                 R15 <- R13  ; line 1604
10171 HOST_CALL            a=16 b=11 c=14 imm=2  ; line 1604
10172 MOVE                 R17 <- R16  ; line 1604
10173 LOAD_CONST           R18 constant[2101]  ; line 1605
10174 MOVE                 R19 <- R0  ; line 1605
10175 MOVE                 R20 <- R18  ; line 1605
10176 HOST_CALL            a=21 b=11 c=19 imm=2  ; line 1605
10177 LOAD_CONST           R22 constant[2102]  ; line 1605
10178 MOVE                 R23 <- R21  ; line 1605
10179 MOVE                 R24 <- R22  ; line 1605
10180 HOST_CALL            a=25 b=11 c=23 imm=2  ; line 1605
10181 MOVE                 R26 <- R25  ; line 1605
10182 MOVE                 R27 <- R17  ; line 1606
10183 MOVE                 R28 <- R26  ; line 1606
10184 CALL                 a=29 b=113 c=27 imm=2  ; line 1606
10185 MOVE                 R30 <- R29  ; line 1606
10186 LOAD_CONST           R31 constant[2103]  ; line 1607
10187 MOVE                 R32 <- R31  ; line 1607
10188 COMPARE              a=32 b=17 c=33 imm=2  ; line 1608
10189 JUMP_IF_FALSE        R33 -> 10279  ; line 1608
10190 LOAD_CONST           R33 constant[2104]  ; line 1609
10191 MOVE                 R34 <- R33  ; line 1609
10192 LOAD_CONST           R35 constant[2105]  ; line 1610
10193 MOVE                 R36 <- R35  ; line 1610
10194 MOVE                 R37 <- R1  ; line 1611
10195 HOST_CALL            a=38 b=61 c=37 imm=1  ; line 1611
10196 LOAD_CONST           R39 constant[2106]  ; line 1611
10197 MOVE                 R40 <- R38  ; line 1611
10198 MOVE                 R41 <- R39  ; line 1611
10199 HOST_CALL            a=42 b=11 c=40 imm=2  ; line 1611
10200 COMPARE              a=36 b=42 c=43 imm=2  ; line 1611
10201 JUMP_IF_FALSE        R43 -> 10218  ; line 1611
10202 LOAD_CONST           R37 constant[2107]  ; line 1612
10203 MOVE                 R38 <- R8  ; line 1612
10204 MOVE                 R39 <- R37  ; line 1612
10205 HOST_CALL            a=40 b=11 c=38 imm=2  ; line 1612
10206 MOVE                 R41 <- R40  ; line 1612
10207 MOVE                 R42 <- R36  ; line 1612
10208 HOST_CALL            a=43 b=11 c=41 imm=2  ; line 1612
10209 MOVE                 R44 <- R43  ; line 1612
10210 MOVE                 R45 <- R32  ; line 1612
10211 HOST_CALL            a=46 b=11 c=44 imm=2  ; line 1612
10212 BINARY               a=34 b=46 c=47 imm=0  ; line 1612
10213 MOVE                 R34 <- R47  ; line 1612
10214 LOAD_CONST           R37 constant[2108]  ; line 1613
10215 BINARY               a=36 b=37 c=38 imm=0  ; line 1613
10216 MOVE                 R36 <- R38  ; line 1613
10217 JUMP                 -> 10194  ; line 1613
10218 LOAD_CONST           R37 constant[2109]  ; line 1615
10219 COMPARE              a=34 b=37 c=38 imm=2  ; line 1615
10220 JUMP_IF_FALSE        R38 -> 10224  ; line 1615
10221 LOAD_CONST           R37 constant[2110]  ; line 1615
10222 MOVE                 R34 <- R37  ; line 1615
10223 JUMP                 -> 10224  ; line 1615
10224 MOVE                 R37 <- R30  ; line 1616
10225 MOVE                 R38 <- R32  ; line 1616
10226 HOST_CALL            a=39 b=11 c=37 imm=2  ; line 1616
10227 MOVE                 R40 <- R39  ; line 1616
10228 LOAD_CONST           R41 constant[2111]  ; line 1617
10229 MOVE                 R42 <- R41  ; line 1617
10230 COMPARE              a=42 b=26 c=43 imm=2  ; line 1618
10231 JUMP_IF_FALSE        R43 -> 10275  ; line 1618
10232 LOAD_CONST           R43 constant[2112]  ; line 1619
10233 MOVE                 R44 <- R43  ; line 1619
10234 LOAD_CONST           R45 constant[2113]  ; line 1620
10235 MOVE                 R36 <- R45  ; line 1620
10236 MOVE                 R45 <- R1  ; line 1621
10237 HOST_CALL            a=46 b=61 c=45 imm=1  ; line 1621
10238 LOAD_CONST           R47 constant[2114]  ; line 1621
10239 MOVE                 R48 <- R46  ; line 1621
10240 MOVE                 R49 <- R47  ; line 1621
10241 HOST_CALL            a=50 b=11 c=48 imm=2  ; line 1621
10242 COMPARE              a=36 b=50 c=51 imm=2  ; line 1621
10243 JUMP_IF_FALSE        R51 -> 10266  ; line 1621
10244 MOVE                 R45 <- R1  ; line 1622
10245 MOVE                 R46 <- R36  ; line 1622
10246 HOST_CALL            a=47 b=11 c=45 imm=2  ; line 1622
10247 COMPARE              a=47 b=42 c=48 imm=0  ; line 1622
10248 JUMP_IF_FALSE        R48 -> 10262  ; line 1622
10249 LOAD_CONST           R45 constant[2115]  ; line 1622
10250 MOVE                 R46 <- R8  ; line 1622
10251 MOVE                 R47 <- R45  ; line 1622
10252 HOST_CALL            a=48 b=11 c=46 imm=2  ; line 1622
10253 MOVE                 R49 <- R48  ; line 1622
10254 MOVE                 R50 <- R36  ; line 1622
10255 HOST_CALL            a=51 b=11 c=49 imm=2  ; line 1622
10256 MOVE                 R52 <- R51  ; line 1622
10257 MOVE                 R53 <- R32  ; line 1622
10258 HOST_CALL            a=54 b=11 c=52 imm=2  ; line 1622
10259 BINARY               a=44 b=54 c=55 imm=0  ; line 1622
10260 MOVE                 R44 <- R55  ; line 1622
10261 JUMP                 -> 10262  ; line 1622
10262 LOAD_CONST           R45 constant[2116]  ; line 1623
10263 BINARY               a=36 b=45 c=46 imm=0  ; line 1623
10264 MOVE                 R36 <- R46  ; line 1623
10265 JUMP                 -> 10236  ; line 1623
10266 BINARY               a=44 b=34 c=45 imm=3  ; line 1625
10267 MOVE                 R46 <- R40  ; line 1625
10268 MOVE                 R47 <- R42  ; line 1625
10269 MOVE                 R48 <- R45  ; line 1625
10270 HOST_CALL            a=49 b=12 c=46 imm=3  ; line 1625
10271 LOAD_CONST           R45 constant[2117]  ; line 1626
10272 BINARY               a=42 b=45 c=46 imm=0  ; line 1626
10273 MOVE                 R42 <- R46  ; line 1626
10274 JUMP                 -> 10230  ; line 1626
10275 LOAD_CONST           R45 constant[2118]  ; line 1628
10276 BINARY               a=32 b=45 c=46 imm=0  ; line 1628
10277 MOVE                 R32 <- R46  ; line 1628
10278 JUMP                 -> 10188  ; line 1628
10279 LOAD_CONST           R45 constant[2119]  ; line 1630
10280 LOAD_CONST           R46 constant[2120]  ; line 1630
10281 MOVE                 R47 <- R0  ; line 1630
10282 MOVE                 R48 <- R8  ; line 1630
10283 CALL                 a=49 b=140 c=47 imm=2  ; line 1630
10284 MOVE                 R50 <- R49  ; line 1630
10285 HOST_CALL            a=51 b=72 c=50 imm=1  ; line 1630
10286 LOAD_CONST           R52 constant[2121]  ; line 1630
10287 MOVE                 R53 <- R30  ; line 1630
10288 HOST_CALL            a=54 b=72 c=53 imm=1  ; line 1630
10289 LOAD_CONST           R55 constant[2122]  ; line 1630
10290 LOAD_CONST           R56 constant[2123]  ; line 1630
10291 MOVE                 R57 <- R8  ; line 1630
10292 MOVE                 R58 <- R56  ; line 1630
10293 HOST_CALL            a=59 b=11 c=57 imm=2  ; line 1630
10294 LOAD_CONST           R60 constant[2124]  ; line 1630
10295 MOVE                 R61 <- R59  ; line 1630
10296 MOVE                 R62 <- R60  ; line 1630
10297 HOST_CALL            a=63 b=11 c=61 imm=2  ; line 1630
10298 MOVE                 R64 <- R63  ; line 1630
10299 HOST_CALL            a=65 b=72 c=64 imm=1  ; line 1630
10300 LOAD_CONST           R66 constant[2125]  ; line 1630
10301 LOAD_CONST           R67 constant[2126]  ; line 1630
10302 MOVE                 R68 <- R46  ; line 1630
10303 MOVE                 R69 <- R51  ; line 1630
10304 MOVE                 R70 <- R52  ; line 1630
10305 MOVE                 R71 <- R54  ; line 1630
10306 MOVE                 R72 <- R55  ; line 1630
10307 MOVE                 R73 <- R65  ; line 1630
10308 MOVE                 R74 <- R66  ; line 1630
10309 MOVE                 R75 <- R17  ; line 1630
10310 MOVE                 R76 <- R67  ; line 1630
10311 MOVE                 R77 <- R26  ; line 1630
10312 HOST_CALL            a=78 b=6 c=68 imm=10  ; line 1630
10313 MOVE                 R79 <- R0  ; line 1630
10314 MOVE                 R80 <- R45  ; line 1630
10315 MOVE                 R81 <- R78  ; line 1630
10316 HOST_CALL            a=82 b=12 c=79 imm=3  ; line 1630
10317 LOAD_CONST           R45 constant[2127]  ; line 1632
10318 BINARY               a=4 b=45 c=46 imm=0  ; line 1632
10319 MOVE                 R4 <- R46  ; line 1632
10320 JUMP                 -> 10158  ; line 1632
10321 RETURN               R0  ; line 1634
10322 LOAD_CONST           R45 constant[2128]  ; line 1634
10323 RETURN               R45  ; line 1634
10324 LOAD_CONST           R3 constant[2129]  ; line 1638
10325 MOVE                 R4 <- R3  ; line 1638
10326 COMPARE              a=4 b=2 c=5 imm=2  ; line 1639
10327 JUMP_IF_FALSE        R5 -> 10569  ; line 1639
10328 MOVE                 R5 <- R0  ; line 1640
10329 MOVE                 R6 <- R1  ; line 1640
10330 CALL                 a=7 b=139 c=5 imm=2  ; line 1640
10331 MOVE                 R8 <- R7  ; line 1640
10332 LOAD_CONST           R9 constant[2130]  ; line 1641
10333 MOVE                 R10 <- R0  ; line 1641
10334 MOVE                 R11 <- R9  ; line 1641
10335 HOST_CALL            a=12 b=11 c=10 imm=2  ; line 1641
10336 LOAD_CONST           R13 constant[2131]  ; line 1641
10337 MOVE                 R14 <- R12  ; line 1641
10338 MOVE                 R15 <- R13  ; line 1641
10339 HOST_CALL            a=16 b=11 c=14 imm=2  ; line 1641
10340 MOVE                 R17 <- R16  ; line 1641
10341 LOAD_CONST           R18 constant[2132]  ; line 1642
10342 MOVE                 R19 <- R0  ; line 1642
10343 MOVE                 R20 <- R18  ; line 1642
10344 HOST_CALL            a=21 b=11 c=19 imm=2  ; line 1642
10345 LOAD_CONST           R22 constant[2133]  ; line 1642
10346 MOVE                 R23 <- R21  ; line 1642
10347 MOVE                 R24 <- R22  ; line 1642
10348 HOST_CALL            a=25 b=11 c=23 imm=2  ; line 1642
10349 MOVE                 R26 <- R25  ; line 1642
10350 MOVE                 R27 <- R17  ; line 1643
10351 MOVE                 R28 <- R26  ; line 1643
10352 CALL                 a=29 b=113 c=27 imm=2  ; line 1643
10353 MOVE                 R30 <- R29  ; line 1643
10354 MOVE                 R31 <- R17  ; line 1644
10355 MOVE                 R32 <- R26  ; line 1644
10356 CALL                 a=33 b=113 c=31 imm=2  ; line 1644
10357 MOVE                 R34 <- R33  ; line 1644
10358 LOAD_CONST           R35 constant[2134]  ; line 1645
10359 MOVE                 R36 <- R35  ; line 1645
10360 COMPARE              a=36 b=17 c=37 imm=2  ; line 1646
10361 JUMP_IF_FALSE        R37 -> 10522  ; line 1646
10362 LOAD_CONST           R37 constant[2135]  ; line 1647
10363 MOVE                 R38 <- R37  ; line 1647
10364 LOAD_CONST           R39 constant[2136]  ; line 1648
10365 MOVE                 R40 <- R39  ; line 1648
10366 MOVE                 R41 <- R1  ; line 1649
10367 HOST_CALL            a=42 b=61 c=41 imm=1  ; line 1649
10368 LOAD_CONST           R43 constant[2137]  ; line 1649
10369 MOVE                 R44 <- R42  ; line 1649
10370 MOVE                 R45 <- R43  ; line 1649
10371 HOST_CALL            a=46 b=11 c=44 imm=2  ; line 1649
10372 COMPARE              a=40 b=46 c=47 imm=2  ; line 1649
10373 JUMP_IF_FALSE        R47 -> 10390  ; line 1649
10374 LOAD_CONST           R41 constant[2138]  ; line 1650
10375 MOVE                 R42 <- R8  ; line 1650
10376 MOVE                 R43 <- R41  ; line 1650
10377 HOST_CALL            a=44 b=11 c=42 imm=2  ; line 1650
10378 MOVE                 R45 <- R44  ; line 1650
10379 MOVE                 R46 <- R40  ; line 1650
10380 HOST_CALL            a=47 b=11 c=45 imm=2  ; line 1650
10381 MOVE                 R48 <- R47  ; line 1650
10382 MOVE                 R49 <- R36  ; line 1650
10383 HOST_CALL            a=50 b=11 c=48 imm=2  ; line 1650
10384 BINARY               a=38 b=50 c=51 imm=0  ; line 1650
10385 MOVE                 R38 <- R51  ; line 1650
10386 LOAD_CONST           R41 constant[2139]  ; line 1651
10387 BINARY               a=40 b=41 c=42 imm=0  ; line 1651
10388 MOVE                 R40 <- R42  ; line 1651
10389 JUMP                 -> 10366  ; line 1651
10390 LOAD_CONST           R41 constant[2140]  ; line 1653
10391 COMPARE              a=38 b=41 c=42 imm=2  ; line 1653
10392 JUMP_IF_FALSE        R42 -> 10396  ; line 1653
10393 LOAD_CONST           R41 constant[2141]  ; line 1653
10394 MOVE                 R38 <- R41  ; line 1653
10395 JUMP                 -> 10396  ; line 1653
10396 MOVE                 R41 <- R30  ; line 1654
10397 MOVE                 R42 <- R36  ; line 1654
10398 HOST_CALL            a=43 b=11 c=41 imm=2  ; line 1654
10399 MOVE                 R44 <- R43  ; line 1654
10400 LOAD_CONST           R45 constant[2142]  ; line 1655
10401 MOVE                 R46 <- R45  ; line 1655
10402 COMPARE              a=46 b=26 c=47 imm=2  ; line 1656
10403 JUMP_IF_FALSE        R47 -> 10448  ; line 1656
10404 LOAD_CONST           R47 constant[2143]  ; line 1657
10405 MOVE                 R48 <- R47  ; line 1657
10406 LOAD_CONST           R49 constant[2144]  ; line 1658
10407 MOVE                 R40 <- R49  ; line 1658
10408 MOVE                 R49 <- R1  ; line 1659
10409 HOST_CALL            a=50 b=61 c=49 imm=1  ; line 1659
10410 LOAD_CONST           R51 constant[2145]  ; line 1659
10411 MOVE                 R52 <- R50  ; line 1659
10412 MOVE                 R53 <- R51  ; line 1659
10413 HOST_CALL            a=54 b=11 c=52 imm=2  ; line 1659
10414 COMPARE              a=40 b=54 c=55 imm=2  ; line 1659
10415 JUMP_IF_FALSE        R55 -> 10439  ; line 1659
10416 LOAD_CONST           R49 constant[2146]  ; line 1660
10417 MOVE                 R50 <- R8  ; line 1660
10418 MOVE                 R51 <- R49  ; line 1660
10419 HOST_CALL            a=52 b=11 c=50 imm=2  ; line 1660
10420 MOVE                 R53 <- R52  ; line 1660
10421 MOVE                 R54 <- R40  ; line 1660
10422 HOST_CALL            a=55 b=11 c=53 imm=2  ; line 1660
10423 MOVE                 R56 <- R55  ; line 1660
10424 MOVE                 R57 <- R36  ; line 1660
10425 HOST_CALL            a=58 b=11 c=56 imm=2  ; line 1660
10426 MOVE                 R59 <- R40  ; line 1660
10427 MOVE                 R60 <- R46  ; line 1660
10428 ARRAY_NEW            a=61 b=59 c=2 imm=4294967295  ; line 1660
10429 MOVE                 R62 <- R1  ; line 1660
10430 MOVE                 R63 <- R61  ; line 1660
10431 HOST_CALL            a=64 b=11 c=62 imm=2  ; line 1660
10432 BINARY               a=58 b=64 c=65 imm=2  ; line 1660
10433 BINARY               a=48 b=65 c=66 imm=0  ; line 1660
10434 MOVE                 R48 <- R66  ; line 1660
10435 LOAD_CONST           R49 constant[2147]  ; line 1661
10436 BINARY               a=40 b=49 c=50 imm=0  ; line 1661
10437 MOVE                 R40 <- R50  ; line 1661
10438 JUMP                 -> 10408  ; line 1661
10439 BINARY               a=48 b=38 c=49 imm=3  ; line 1663
10440 MOVE                 R50 <- R44  ; line 1663
10441 MOVE                 R51 <- R46  ; line 1663
10442 MOVE                 R52 <- R49  ; line 1663
10443 HOST_CALL            a=53 b=12 c=50 imm=3  ; line 1663
10444 LOAD_CONST           R49 constant[2148]  ; line 1664
10445 BINARY               a=46 b=49 c=50 imm=0  ; line 1664
10446 MOVE                 R46 <- R50  ; line 1664
10447 JUMP                 -> 10402  ; line 1664
10448 MOVE                 R49 <- R34  ; line 1666
10449 MOVE                 R50 <- R36  ; line 1666
10450 HOST_CALL            a=51 b=11 c=49 imm=2  ; line 1666
10451 MOVE                 R52 <- R51  ; line 1666
10452 LOAD_CONST           R53 constant[2149]  ; line 1667
10453 MOVE                 R46 <- R53  ; line 1667
10454 COMPARE              a=46 b=26 c=53 imm=2  ; line 1668
10455 JUMP_IF_FALSE        R53 -> 10518  ; line 1668
10456 LOAD_CONST           R53 constant[2150]  ; line 1669
10457 MOVE                 R54 <- R53  ; line 1669
10458 LOAD_CONST           R55 constant[2151]  ; line 1670
10459 MOVE                 R40 <- R55  ; line 1670
10460 MOVE                 R55 <- R1  ; line 1671
10461 HOST_CALL            a=56 b=61 c=55 imm=1  ; line 1671
10462 LOAD_CONST           R57 constant[2152]  ; line 1671
10463 MOVE                 R58 <- R56  ; line 1671
10464 MOVE                 R59 <- R57  ; line 1671
10465 HOST_CALL            a=60 b=11 c=58 imm=2  ; line 1671
10466 COMPARE              a=40 b=60 c=61 imm=2  ; line 1671
10467 JUMP_IF_FALSE        R61 -> 10497  ; line 1671
10468 MOVE                 R55 <- R40  ; line 1672
10469 MOVE                 R56 <- R46  ; line 1672
10470 ARRAY_NEW            a=57 b=55 c=2 imm=4294967295  ; line 1672
10471 MOVE                 R58 <- R1  ; line 1672
10472 MOVE                 R59 <- R57  ; line 1672
10473 HOST_CALL            a=60 b=11 c=58 imm=2  ; line 1672
10474 MOVE                 R61 <- R44  ; line 1672
10475 MOVE                 R62 <- R46  ; line 1672
10476 HOST_CALL            a=63 b=11 c=61 imm=2  ; line 1672
10477 BINARY               a=60 b=63 c=64 imm=1  ; line 1672
10478 MOVE                 R65 <- R64  ; line 1672
10479 LOAD_CONST           R66 constant[2153]  ; line 1673
10480 MOVE                 R67 <- R8  ; line 1673
10481 MOVE                 R68 <- R66  ; line 1673
10482 HOST_CALL            a=69 b=11 c=67 imm=2  ; line 1673
10483 MOVE                 R70 <- R69  ; line 1673
10484 MOVE                 R71 <- R40  ; line 1673
10485 HOST_CALL            a=72 b=11 c=70 imm=2  ; line 1673
10486 MOVE                 R73 <- R72  ; line 1673
10487 MOVE                 R74 <- R36  ; line 1673
10488 HOST_CALL            a=75 b=11 c=73 imm=2  ; line 1673
10489 BINARY               a=75 b=65 c=76 imm=2  ; line 1673
10490 BINARY               a=76 b=65 c=77 imm=2  ; line 1673
10491 BINARY               a=54 b=77 c=78 imm=0  ; line 1673
10492 MOVE                 R54 <- R78  ; line 1673
10493 LOAD_CONST           R66 constant[2154]  ; line 1674
10494 BINARY               a=40 b=66 c=67 imm=0  ; line 1674
10495 MOVE                 R40 <- R67  ; line 1674
10496 JUMP                 -> 10460  ; line 1674
10497 BINARY               a=54 b=38 c=66 imm=3  ; line 1676
10498 MOVE                 R67 <- R52  ; line 1676
10499 MOVE                 R68 <- R46  ; line 1676
10500 MOVE                 R69 <- R66  ; line 1676
10501 HOST_CALL            a=70 b=12 c=67 imm=3  ; line 1676
10502 MOVE                 R66 <- R52  ; line 1677
10503 MOVE                 R67 <- R46  ; line 1677
10504 HOST_CALL            a=68 b=11 c=66 imm=2  ; line 1677
10505 LOAD_CONST           R69 constant[2155]  ; line 1677
10506 COMPARE              a=68 b=69 c=70 imm=2  ; line 1677
10507 JUMP_IF_FALSE        R70 -> 10514  ; line 1677
10508 LOAD_CONST           R66 constant[2156]  ; line 1677
10509 MOVE                 R67 <- R52  ; line 1677
10510 MOVE                 R68 <- R46  ; line 1677
10511 MOVE                 R69 <- R66  ; line 1677
10512 HOST_CALL            a=70 b=12 c=67 imm=3  ; line 1677
10513 JUMP                 -> 10514  ; line 1677
10514 LOAD_CONST           R66 constant[2157]  ; line 1678
10515 BINARY               a=46 b=66 c=67 imm=0  ; line 1678
10516 MOVE                 R46 <- R67  ; line 1678
10517 JUMP                 -> 10454  ; line 1678
10518 LOAD_CONST           R66 constant[2158]  ; line 1680
10519 BINARY               a=36 b=66 c=67 imm=0  ; line 1680
10520 MOVE                 R36 <- R67  ; line 1680
10521 JUMP                 -> 10360  ; line 1680
10522 LOAD_CONST           R66 constant[2159]  ; line 1682
10523 LOAD_CONST           R67 constant[2160]  ; line 1682
10524 MOVE                 R68 <- R0  ; line 1682
10525 MOVE                 R69 <- R8  ; line 1682
10526 CALL                 a=70 b=140 c=68 imm=2  ; line 1682
10527 MOVE                 R71 <- R70  ; line 1682
10528 HOST_CALL            a=72 b=72 c=71 imm=1  ; line 1682
10529 LOAD_CONST           R73 constant[2161]  ; line 1682
10530 MOVE                 R74 <- R30  ; line 1682
10531 HOST_CALL            a=75 b=72 c=74 imm=1  ; line 1682
10532 LOAD_CONST           R76 constant[2162]  ; line 1682
10533 MOVE                 R77 <- R34  ; line 1682
10534 HOST_CALL            a=78 b=72 c=77 imm=1  ; line 1682
10535 LOAD_CONST           R79 constant[2163]  ; line 1682
10536 LOAD_CONST           R80 constant[2164]  ; line 1682
10537 MOVE                 R81 <- R8  ; line 1682
10538 MOVE                 R82 <- R80  ; line 1682
10539 HOST_CALL            a=83 b=11 c=81 imm=2  ; line 1682
10540 LOAD_CONST           R84 constant[2165]  ; line 1682
10541 MOVE                 R85 <- R83  ; line 1682
10542 MOVE                 R86 <- R84  ; line 1682
10543 HOST_CALL            a=87 b=11 c=85 imm=2  ; line 1682
10544 MOVE                 R88 <- R87  ; line 1682
10545 HOST_CALL            a=89 b=72 c=88 imm=1  ; line 1682
10546 LOAD_CONST           R90 constant[2166]  ; line 1682
10547 LOAD_CONST           R91 constant[2167]  ; line 1682
10548 MOVE                 R92 <- R67  ; line 1682
10549 MOVE                 R93 <- R72  ; line 1682
10550 MOVE                 R94 <- R73  ; line 1682
10551 MOVE                 R95 <- R75  ; line 1682
10552 MOVE                 R96 <- R76  ; line 1682
10553 MOVE                 R97 <- R78  ; line 1682
10554 MOVE                 R98 <- R79  ; line 1682
10555 MOVE                 R99 <- R89  ; line 1682
10556 MOVE                 R100 <- R90  ; line 1682
10557 MOVE                 R101 <- R17  ; line 1682
10558 MOVE                 R102 <- R91  ; line 1682
10559 MOVE                 R103 <- R26  ; line 1682
10560 HOST_CALL            a=104 b=6 c=92 imm=12  ; line 1682
10561 MOVE                 R105 <- R0  ; line 1682
10562 MOVE                 R106 <- R66  ; line 1682
10563 MOVE                 R107 <- R104  ; line 1682
10564 HOST_CALL            a=108 b=12 c=105 imm=3  ; line 1682
10565 LOAD_CONST           R66 constant[2168]  ; line 1684
10566 BINARY               a=4 b=66 c=67 imm=0  ; line 1684
10567 MOVE                 R4 <- R67  ; line 1684
10568 JUMP                 -> 10326  ; line 1684
10569 RETURN               R0  ; line 1686
10570 LOAD_CONST           R66 constant[2169]  ; line 1686
10571 RETURN               R66  ; line 1686
10572 MOVE                 R2 <- R1  ; line 1690
10573 HOST_CALL            a=3 b=61 c=2 imm=1  ; line 1690
10574 LOAD_CONST           R4 constant[2170]  ; line 1690
10575 MOVE                 R5 <- R3  ; line 1690
10576 MOVE                 R6 <- R4  ; line 1690
10577 HOST_CALL            a=7 b=11 c=5 imm=2  ; line 1690
10578 MOVE                 R8 <- R7  ; line 1690
10579 LOAD_CONST           R9 constant[2171]  ; line 1691
10580 MOVE                 R10 <- R0  ; line 1691
10581 MOVE                 R11 <- R9  ; line 1691
10582 HOST_CALL            a=12 b=11 c=10 imm=2  ; line 1691
10583 LOAD_CONST           R13 constant[2172]  ; line 1691
10584 MOVE                 R14 <- R12  ; line 1691
10585 MOVE                 R15 <- R13  ; line 1691
10586 HOST_CALL            a=16 b=11 c=14 imm=2  ; line 1691
10587 MOVE                 R17 <- R16  ; line 1691
10588 MOVE                 R18 <- R8  ; line 1692
10589 MOVE                 R19 <- R17  ; line 1692
10590 CALL                 a=20 b=113 c=18 imm=2  ; line 1692
10591 MOVE                 R21 <- R20  ; line 1692
10592 MOVE                 R22 <- R8  ; line 1693
10593 MOVE                 R23 <- R17  ; line 1693
10594 CALL                 a=24 b=113 c=22 imm=2  ; line 1693
10595 MOVE                 R25 <- R24  ; line 1693
10596 LOAD_CONST           R26 constant[2173]  ; line 1694
10597 MOVE                 R27 <- R26  ; line 1694
10598 LOAD_CONST           R28 constant[2174]  ; line 1695
10599 MOVE                 R29 <- R21  ; line 1695
10600 MOVE                 R30 <- R28  ; line 1695
10601 HOST_CALL            a=31 b=11 c=29 imm=2  ; line 1695
10602 MOVE                 R32 <- R31  ; line 1695
10603 COMPARE              a=27 b=17 c=33 imm=2  ; line 1696
10604 JUMP_IF_FALSE        R33 -> 10631  ; line 1696
10605 LOAD_CONST           R33 constant[2175]  ; line 1697
10606 MOVE                 R34 <- R0  ; line 1697
10607 MOVE                 R35 <- R33  ; line 1697
10608 HOST_CALL            a=36 b=11 c=34 imm=2  ; line 1697
10609 LOAD_CONST           R37 constant[2176]  ; line 1697
10610 MOVE                 R38 <- R36  ; line 1697
10611 MOVE                 R39 <- R37  ; line 1697
10612 HOST_CALL            a=40 b=11 c=38 imm=2  ; line 1697
10613 MOVE                 R41 <- R40  ; line 1697
10614 MOVE                 R42 <- R27  ; line 1697
10615 HOST_CALL            a=43 b=11 c=41 imm=2  ; line 1697
10616 LOAD_CONST           R44 constant[2177]  ; line 1697
10617 MOVE                 R45 <- R0  ; line 1697
10618 MOVE                 R46 <- R1  ; line 1697
10619 MOVE                 R47 <- R44  ; line 1697
10620 MOVE                 R48 <- R27  ; line 1697
10621 CALL                 a=49 b=138 c=45 imm=4  ; line 1697
10622 BINARY               a=43 b=49 c=50 imm=2  ; line 1697
10623 MOVE                 R51 <- R32  ; line 1697
10624 MOVE                 R52 <- R27  ; line 1697
10625 MOVE                 R53 <- R50  ; line 1697
10626 HOST_CALL            a=54 b=12 c=51 imm=3  ; line 1697
10627 LOAD_CONST           R33 constant[2178]  ; line 1699
10628 BINARY               a=27 b=33 c=34 imm=0  ; line 1699
10629 MOVE                 R27 <- R34  ; line 1699
10630 JUMP                 -> 10603  ; line 1699
10631 LOAD_CONST           R33 constant[2179]  ; line 1701
10632 MOVE                 R34 <- R33  ; line 1701
10633 COMPARE              a=34 b=8 c=35 imm=2  ; line 1702
10634 JUMP_IF_FALSE        R35 -> 10761  ; line 1702
10635 MOVE                 R35 <- R21  ; line 1703
10636 MOVE                 R36 <- R34  ; line 1703
10637 HOST_CALL            a=37 b=11 c=35 imm=2  ; line 1703
10638 MOVE                 R38 <- R37  ; line 1703
10639 MOVE                 R39 <- R25  ; line 1704
10640 MOVE                 R40 <- R34  ; line 1704
10641 HOST_CALL            a=41 b=11 c=39 imm=2  ; line 1704
10642 MOVE                 R42 <- R41  ; line 1704
10643 LOAD_CONST           R43 constant[2180]  ; line 1705
10644 MOVE                 R27 <- R43  ; line 1705
10645 LOAD_CONST           R43 constant[2181]  ; line 1706
10646 MOVE                 R44 <- R43  ; line 1706
10647 COMPARE              a=27 b=17 c=45 imm=2  ; line 1707
10648 JUMP_IF_FALSE        R45 -> 10737  ; line 1707
10649 LOAD_CONST           R45 constant[2182]  ; line 1708
10650 MOVE                 R46 <- R45  ; line 1708
10651 LOAD_CONST           R47 constant[2183]  ; line 1709
10652 BINARY               a=34 b=47 c=48 imm=1  ; line 1709
10653 MOVE                 R49 <- R21  ; line 1709
10654 MOVE                 R50 <- R48  ; line 1709
10655 HOST_CALL            a=51 b=11 c=49 imm=2  ; line 1709
10656 LOAD_CONST           R52 constant[2184]  ; line 1709
10657 MOVE                 R53 <- R51  ; line 1709
10658 MOVE                 R54 <- R52  ; line 1709
10659 HOST_CALL            a=55 b=11 c=53 imm=2  ; line 1709
10660 LOAD_CONST           R56 constant[2185]  ; line 1709
10661 MOVE                 R57 <- R0  ; line 1709
10662 MOVE                 R58 <- R56  ; line 1709
10663 HOST_CALL            a=59 b=11 c=57 imm=2  ; line 1709
10664 LOAD_CONST           R60 constant[2186]  ; line 1709
10665 MOVE                 R61 <- R59  ; line 1709
10666 MOVE                 R62 <- R60  ; line 1709
10667 HOST_CALL            a=63 b=11 c=61 imm=2  ; line 1709
10668 LOAD_CONST           R64 constant[2187]  ; line 1709
10669 MOVE                 R65 <- R64  ; line 1709
10670 MOVE                 R66 <- R27  ; line 1709
10671 ARRAY_NEW            a=67 b=65 c=2 imm=4294967295  ; line 1709
10672 MOVE                 R68 <- R63  ; line 1709
10673 MOVE                 R69 <- R67  ; line 1709
10674 HOST_CALL            a=70 b=11 c=68 imm=2  ; line 1709
10675 BINARY               a=55 b=70 c=71 imm=2  ; line 1709
10676 MOVE                 R72 <- R71  ; line 1709
10677 LOAD_CONST           R73 constant[2188]  ; line 1710
10678 MOVE                 R74 <- R73  ; line 1710
10679 COMPARE              a=74 b=17 c=75 imm=2  ; line 1711
10680 JUMP_IF_FALSE        R75 -> 10714  ; line 1711
10681 LOAD_CONST           R75 constant[2189]  ; line 1712
10682 BINARY               a=34 b=75 c=76 imm=1  ; line 1712
10683 MOVE                 R77 <- R21  ; line 1712
10684 MOVE                 R78 <- R76  ; line 1712
10685 HOST_CALL            a=79 b=11 c=77 imm=2  ; line 1712
10686 MOVE                 R80 <- R79  ; line 1712
10687 MOVE                 R81 <- R74  ; line 1712
10688 HOST_CALL            a=82 b=11 c=80 imm=2  ; line 1712
10689 LOAD_CONST           R83 constant[2190]  ; line 1712
10690 MOVE                 R84 <- R0  ; line 1712
10691 MOVE                 R85 <- R83  ; line 1712
10692 HOST_CALL            a=86 b=11 c=84 imm=2  ; line 1712
10693 LOAD_CONST           R87 constant[2191]  ; line 1712
10694 MOVE                 R88 <- R86  ; line 1712
10695 MOVE                 R89 <- R87  ; line 1712
10696 HOST_CALL            a=90 b=11 c=88 imm=2  ; line 1712
10697 MOVE                 R91 <- R74  ; line 1712
10698 MOVE                 R92 <- R27  ; line 1712
10699 ARRAY_NEW            a=93 b=91 c=2 imm=4294967295  ; line 1712
10700 MOVE                 R94 <- R90  ; line 1712
10701 MOVE                 R95 <- R93  ; line 1712
10702 HOST_CALL            a=96 b=11 c=94 imm=2  ; line 1712
10703 BINARY               a=82 b=96 c=97 imm=2  ; line 1712
10704 MOVE                 R98 <- R97  ; line 1712
10705 COMPARE              a=98 b=72 c=99 imm=4  ; line 1713
10706 JUMP_IF_FALSE        R99 -> 10710  ; line 1713
10707 MOVE                 R72 <- R98  ; line 1713
10708 MOVE                 R46 <- R74  ; line 1713
10709 JUMP                 -> 10710  ; line 1713
10710 LOAD_CONST           R99 constant[2192]  ; line 1714
10711 BINARY               a=74 b=99 c=100 imm=0  ; line 1714
10712 MOVE                 R74 <- R100  ; line 1714
10713 JUMP                 -> 10679  ; line 1714
10714 MOVE                 R99 <- R0  ; line 1716
10715 MOVE                 R100 <- R1  ; line 1716
10716 MOVE                 R101 <- R34  ; line 1716
10717 MOVE                 R102 <- R27  ; line 1716
10718 CALL                 a=103 b=138 c=99 imm=4  ; line 1716
10719 BINARY               a=72 b=103 c=104 imm=2  ; line 1716
10720 MOVE                 R105 <- R38  ; line 1716
10721 MOVE                 R106 <- R27  ; line 1716
10722 MOVE                 R107 <- R104  ; line 1716
10723 HOST_CALL            a=108 b=12 c=105 imm=3  ; line 1716
10724 MOVE                 R99 <- R42  ; line 1717
10725 MOVE                 R100 <- R27  ; line 1717
10726 MOVE                 R101 <- R46  ; line 1717
10727 HOST_CALL            a=102 b=12 c=99 imm=3  ; line 1717
10728 MOVE                 R99 <- R38  ; line 1718
10729 MOVE                 R100 <- R27  ; line 1718
10730 HOST_CALL            a=101 b=11 c=99 imm=2  ; line 1718
10731 BINARY               a=44 b=101 c=102 imm=0  ; line 1718
10732 MOVE                 R44 <- R102  ; line 1718
10733 LOAD_CONST           R99 constant[2193]  ; line 1719
10734 BINARY               a=27 b=99 c=100 imm=0  ; line 1719
10735 MOVE                 R27 <- R100  ; line 1719
10736 JUMP                 -> 10647  ; line 1719
10737 LOAD_CONST           R99 constant[2194]  ; line 1721
10738 COMPARE              a=44 b=99 c=100 imm=4  ; line 1721
10739 JUMP_IF_FALSE        R100 -> 10757  ; line 1721
10740 LOAD_CONST           R99 constant[2195]  ; line 1722
10741 MOVE                 R27 <- R99  ; line 1722
10742 COMPARE              a=27 b=17 c=99 imm=2  ; line 1723
10743 JUMP_IF_FALSE        R99 -> 10756  ; line 1723
10744 MOVE                 R99 <- R38  ; line 1724
10745 MOVE                 R100 <- R27  ; line 1724
10746 HOST_CALL            a=101 b=11 c=99 imm=2  ; line 1724
10747 BINARY               a=101 b=44 c=102 imm=3  ; line 1724
10748 MOVE                 R103 <- R38  ; line 1724
10749 MOVE                 R104 <- R27  ; line 1724
10750 MOVE                 R105 <- R102  ; line 1724
10751 HOST_CALL            a=106 b=12 c=103 imm=3  ; line 1724
10752 LOAD_CONST           R99 constant[2196]  ; line 1725
10753 BINARY               a=27 b=99 c=100 imm=0  ; line 1725
10754 MOVE                 R27 <- R100  ; line 1725
10755 JUMP                 -> 10742  ; line 1725
10756 JUMP                 -> 10757  ; line 1725
10757 LOAD_CONST           R99 constant[2197]  ; line 1728
10758 BINARY               a=34 b=99 c=100 imm=0  ; line 1728
10759 MOVE                 R34 <- R100  ; line 1728
10760 JUMP                 -> 10633  ; line 1728
10761 MOVE                 R99 <- R8  ; line 1730
10762 CALL                 a=100 b=96 c=99 imm=1  ; line 1730
10763 MOVE                 R101 <- R100  ; line 1730
10764 LOAD_CONST           R102 constant[2198]  ; line 1731
10765 MOVE                 R103 <- R102  ; line 1731
10766 LOAD_CONST           R104 constant[2199]  ; line 1732
10767 MOVE                 R27 <- R104  ; line 1732
10768 COMPARE              a=27 b=17 c=104 imm=2  ; line 1733
10769 JUMP_IF_FALSE        R104 -> 10794  ; line 1733
10770 LOAD_CONST           R104 constant[2200]  ; line 1734
10771 BINARY               a=8 b=104 c=105 imm=1  ; line 1734
10772 MOVE                 R106 <- R21  ; line 1734
10773 MOVE                 R107 <- R105  ; line 1734
10774 HOST_CALL            a=108 b=11 c=106 imm=2  ; line 1734
10775 MOVE                 R109 <- R108  ; line 1734
10776 MOVE                 R110 <- R27  ; line 1734
10777 HOST_CALL            a=111 b=11 c=109 imm=2  ; line 1734
10778 LOAD_CONST           R112 constant[2201]  ; line 1734
10779 BINARY               a=8 b=112 c=113 imm=1  ; line 1734
10780 MOVE                 R114 <- R21  ; line 1734
10781 MOVE                 R115 <- R113  ; line 1734
10782 HOST_CALL            a=116 b=11 c=114 imm=2  ; line 1734
10783 MOVE                 R117 <- R116  ; line 1734
10784 MOVE                 R118 <- R103  ; line 1734
10785 HOST_CALL            a=119 b=11 c=117 imm=2  ; line 1734
10786 COMPARE              a=111 b=119 c=120 imm=4  ; line 1734
10787 JUMP_IF_FALSE        R120 -> 10790  ; line 1734
10788 MOVE                 R103 <- R27  ; line 1734
10789 JUMP                 -> 10790  ; line 1734
10790 LOAD_CONST           R104 constant[2202]  ; line 1735
10791 BINARY               a=27 b=104 c=105 imm=0  ; line 1735
10792 MOVE                 R27 <- R105  ; line 1735
10793 JUMP                 -> 10768  ; line 1735
10794 LOAD_CONST           R104 constant[2203]  ; line 1737
10795 BINARY               a=8 b=104 c=105 imm=1  ; line 1737
10796 MOVE                 R106 <- R101  ; line 1737
10797 MOVE                 R107 <- R105  ; line 1737
10798 MOVE                 R108 <- R103  ; line 1737
10799 HOST_CALL            a=109 b=12 c=106 imm=3  ; line 1737
10800 LOAD_CONST           R104 constant[2204]  ; line 1738
10801 BINARY               a=8 b=104 c=105 imm=1  ; line 1738
10802 MOVE                 R34 <- R105  ; line 1738
10803 LOAD_CONST           R104 constant[2205]  ; line 1739
10804 COMPARE              a=34 b=104 c=105 imm=5  ; line 1739
10805 JUMP_IF_FALSE        R105 -> 10827  ; line 1739
10806 LOAD_CONST           R104 constant[2206]  ; line 1740
10807 BINARY               a=34 b=104 c=105 imm=0  ; line 1740
10808 MOVE                 R106 <- R25  ; line 1740
10809 MOVE                 R107 <- R105  ; line 1740
10810 HOST_CALL            a=108 b=11 c=106 imm=2  ; line 1740
10811 LOAD_CONST           R109 constant[2207]  ; line 1740
10812 BINARY               a=34 b=109 c=110 imm=0  ; line 1740
10813 MOVE                 R111 <- R101  ; line 1740
10814 MOVE                 R112 <- R110  ; line 1740
10815 HOST_CALL            a=113 b=11 c=111 imm=2  ; line 1740
10816 MOVE                 R114 <- R108  ; line 1740
10817 MOVE                 R115 <- R113  ; line 1740
10818 HOST_CALL            a=116 b=11 c=114 imm=2  ; line 1740
10819 MOVE                 R117 <- R101  ; line 1740
10820 MOVE                 R118 <- R34  ; line 1740
10821 MOVE                 R119 <- R116  ; line 1740
10822 HOST_CALL            a=120 b=12 c=117 imm=3  ; line 1740
10823 LOAD_CONST           R104 constant[2208]  ; line 1741
10824 BINARY               a=34 b=104 c=105 imm=1  ; line 1741
10825 MOVE                 R34 <- R105  ; line 1741
10826 JUMP                 -> 10803  ; line 1741
10827 MOVE                 R104 <- R0  ; line 1743
10828 MOVE                 R105 <- R1  ; line 1743
10829 CALL                 a=106 b=139 c=104 imm=2  ; line 1743
10830 MOVE                 R107 <- R106  ; line 1743
10831 MOVE                 R108 <- R8  ; line 1744
10832 CALL                 a=109 b=96 c=108 imm=1  ; line 1744
10833 MOVE                 R110 <- R109  ; line 1744
10834 LOAD_CONST           R111 constant[2209]  ; line 1745
10835 MOVE                 R34 <- R111  ; line 1745
10836 COMPARE              a=34 b=8 c=111 imm=2  ; line 1746
10837 JUMP_IF_FALSE        R111 -> 10861  ; line 1746
10838 LOAD_CONST           R111 constant[2210]  ; line 1747
10839 LOAD_CONST           R112 constant[2211]  ; line 1747
10840 MOVE                 R113 <- R107  ; line 1747
10841 MOVE                 R114 <- R112  ; line 1747
10842 HOST_CALL            a=115 b=11 c=113 imm=2  ; line 1747
10843 MOVE                 R116 <- R115  ; line 1747
10844 MOVE                 R117 <- R34  ; line 1747
10845 HOST_CALL            a=118 b=11 c=116 imm=2  ; line 1747
10846 MOVE                 R119 <- R101  ; line 1747
10847 MOVE                 R120 <- R34  ; line 1747
10848 HOST_CALL            a=121 b=11 c=119 imm=2  ; line 1747
10849 MOVE                 R122 <- R118  ; line 1747
10850 MOVE                 R123 <- R121  ; line 1747
10851 HOST_CALL            a=124 b=11 c=122 imm=2  ; line 1747
10852 BINARY               a=111 b=124 c=125 imm=1  ; line 1747
10853 MOVE                 R126 <- R110  ; line 1747
10854 MOVE                 R127 <- R34  ; line 1747
10855 MOVE                 R128 <- R125  ; line 1747
10856 HOST_CALL            a=129 b=12 c=126 imm=3  ; line 1747
10857 LOAD_CONST           R111 constant[2212]  ; line 1748
10858 BINARY               a=34 b=111 c=112 imm=0  ; line 1748
10859 MOVE                 R34 <- R112  ; line 1748
10860 JUMP                 -> 10836  ; line 1748
10861 LOAD_CONST           R111 constant[2213]  ; line 1750
10862 MOVE                 R112 <- R101  ; line 1750
10863 HOST_CALL            a=113 b=72 c=112 imm=1  ; line 1750
10864 LOAD_CONST           R114 constant[2214]  ; line 1750
10865 MOVE                 R115 <- R110  ; line 1750
10866 HOST_CALL            a=116 b=72 c=115 imm=1  ; line 1750
10867 MOVE                 R117 <- R111  ; line 1750
10868 MOVE                 R118 <- R113  ; line 1750
10869 MOVE                 R119 <- R114  ; line 1750
10870 MOVE                 R120 <- R116  ; line 1750
10871 HOST_CALL            a=121 b=6 c=117 imm=4  ; line 1750
10872 RETURN               R121  ; line 1750
10873 LOAD_CONST           R122 constant[2215]  ; line 1750
10874 RETURN               R122  ; line 1750
10875 LOAD_CONST           R2 constant[2216]  ; line 1754
10876 MOVE                 R3 <- R2  ; line 1754
10877 LOAD_CONST           R4 constant[2217]  ; line 1755
10878 MOVE                 R5 <- R4  ; line 1755
10879 MOVE                 R6 <- R1  ; line 1756
10880 HOST_CALL            a=7 b=26 c=6 imm=1  ; line 1756
10881 COMPARE              a=5 b=7 c=8 imm=2  ; line 1756
10882 JUMP_IF_FALSE        R8 -> 10895  ; line 1756
10883 MOVE                 R6 <- R1  ; line 1757
10884 MOVE                 R7 <- R5  ; line 1757
10885 HOST_CALL            a=8 b=11 c=6 imm=2  ; line 1757
10886 MOVE                 R9 <- R0  ; line 1757
10887 MOVE                 R10 <- R8  ; line 1757
10888 HOST_CALL            a=11 b=11 c=9 imm=2  ; line 1757
10889 BINARY               a=3 b=11 c=12 imm=0  ; line 1757
10890 MOVE                 R3 <- R12  ; line 1757
10891 LOAD_CONST           R6 constant[2218]  ; line 1758
10892 BINARY               a=5 b=6 c=7 imm=0  ; line 1758
10893 MOVE                 R5 <- R7  ; line 1758
10894 JUMP                 -> 10879  ; line 1758
10895 LOAD_CONST           R6 constant[2219]  ; line 1760
10896 LOAD_CONST           R7 constant[2220]  ; line 1760
10897 LOAD_CONST           R8 constant[2221]  ; line 1760
10898 MOVE                 R9 <- R1  ; line 1760
10899 HOST_CALL            a=10 b=26 c=9 imm=1  ; line 1760
10900 BINARY               a=3 b=10 c=11 imm=3  ; line 1760
10901 MOVE                 R12 <- R6  ; line 1760
10902 MOVE                 R13 <- R7  ; line 1760
10903 MOVE                 R14 <- R8  ; line 1760
10904 MOVE                 R15 <- R11  ; line 1760
10905 HOST_CALL            a=16 b=6 c=12 imm=4  ; line 1760
10906 RETURN               R16  ; line 1760
10907 LOAD_CONST           R17 constant[2222]  ; line 1760
10908 RETURN               R17  ; line 1760
10909 MOVE                 R4 <- R0  ; line 1764
10910 HOST_CALL            a=5 b=61 c=4 imm=1  ; line 1764
10911 LOAD_CONST           R6 constant[2223]  ; line 1764
10912 MOVE                 R7 <- R5  ; line 1764
10913 MOVE                 R8 <- R6  ; line 1764
10914 HOST_CALL            a=9 b=11 c=7 imm=2  ; line 1764
10915 MOVE                 R10 <- R9  ; line 1764
10916 LOAD_CONST           R11 constant[2224]  ; line 1765
10917 LOAD_CONST           R12 constant[2225]  ; line 1765
10918 LOAD_CONST           R13 constant[2226]  ; line 1765
10919 LOAD_CONST           R14 constant[2227]  ; line 1765
10920 LOAD_CONST           R15 constant[2228]  ; line 1765
10921 LOAD_CONST           R16 constant[2229]  ; line 1765
10922 LOAD_CONST           R17 constant[2230]  ; line 1765
10923 LOAD_CONST           R18 constant[2231]  ; line 1765
10924 MOVE                 R19 <- R11  ; line 1765
10925 MOVE                 R20 <- R12  ; line 1765
10926 MOVE                 R21 <- R13  ; line 1765
10927 MOVE                 R22 <- R14  ; line 1765
10928 MOVE                 R23 <- R15  ; line 1765
10929 MOVE                 R24 <- R16  ; line 1765
10930 MOVE                 R25 <- R17  ; line 1765
10931 MOVE                 R26 <- R18  ; line 1765
10932 HOST_CALL            a=27 b=6 c=19 imm=8  ; line 1765
10933 MOVE                 R28 <- R27  ; line 1765
10934 LOAD_CONST           R29 constant[2232]  ; line 1766
10935 MOVE                 R30 <- R29  ; line 1766
10936 COMPARE              a=30 b=10 c=31 imm=2  ; line 1767
10937 JUMP_IF_FALSE        R31 -> 11110  ; line 1767
10938 LOAD_CONST           R31 constant[2233]  ; line 1768
10939 MOVE                 R32 <- R2  ; line 1768
10940 MOVE                 R33 <- R31  ; line 1768
10941 HOST_CALL            a=34 b=11 c=32 imm=2  ; line 1768
10942 MOVE                 R35 <- R34  ; line 1768
10943 MOVE                 R36 <- R30  ; line 1768
10944 ARRAY_NEW            a=37 b=35 c=2 imm=4294967295  ; line 1768
10945 MOVE                 R38 <- R0  ; line 1768
10946 MOVE                 R39 <- R37  ; line 1768
10947 HOST_CALL            a=40 b=11 c=38 imm=2  ; line 1768
10948 MOVE                 R41 <- R40  ; line 1768
10949 MOVE                 R42 <- R41  ; line 1769
10950 LOAD_CONST           R43 constant[2234]  ; line 1770
10951 MOVE                 R44 <- R43  ; line 1770
10952 MOVE                 R45 <- R2  ; line 1771
10953 HOST_CALL            a=46 b=26 c=45 imm=1  ; line 1771
10954 COMPARE              a=44 b=46 c=47 imm=2  ; line 1771
10955 JUMP_IF_FALSE        R47 -> 10978  ; line 1771
10956 MOVE                 R45 <- R2  ; line 1772
10957 MOVE                 R46 <- R44  ; line 1772
10958 HOST_CALL            a=47 b=11 c=45 imm=2  ; line 1772
10959 MOVE                 R48 <- R47  ; line 1772
10960 MOVE                 R49 <- R30  ; line 1772
10961 ARRAY_NEW            a=50 b=48 c=2 imm=4294967295  ; line 1772
10962 MOVE                 R51 <- R0  ; line 1772
10963 MOVE                 R52 <- R50  ; line 1772
10964 HOST_CALL            a=53 b=11 c=51 imm=2  ; line 1772
10965 MOVE                 R54 <- R53  ; line 1772
10966 COMPARE              a=54 b=41 c=55 imm=2  ; line 1773
10967 JUMP_IF_FALSE        R55 -> 10970  ; line 1773
10968 MOVE                 R41 <- R54  ; line 1773
10969 JUMP                 -> 10970  ; line 1773
10970 COMPARE              a=54 b=42 c=55 imm=4  ; line 1774
10971 JUMP_IF_FALSE        R55 -> 10974  ; line 1774
10972 MOVE                 R42 <- R54  ; line 1774
10973 JUMP                 -> 10974  ; line 1774
10974 LOAD_CONST           R55 constant[2235]  ; line 1775
10975 BINARY               a=44 b=55 c=56 imm=0  ; line 1775
10976 MOVE                 R44 <- R56  ; line 1775
10977 JUMP                 -> 10952  ; line 1775
10978 LOAD_CONST           R55 constant[2236]  ; line 1777
10979 MOVE                 R56 <- R55  ; line 1777
10980 COMPARE              a=56 b=3 c=57 imm=2  ; line 1778
10981 JUMP_IF_FALSE        R57 -> 11106  ; line 1778
10982 BINARY               a=42 b=41 c=57 imm=1  ; line 1779
10983 BINARY               a=57 b=56 c=58 imm=2  ; line 1779
10984 BINARY               a=58 b=3 c=59 imm=3  ; line 1779
10985 BINARY               a=41 b=59 c=60 imm=0  ; line 1779
10986 MOVE                 R61 <- R60  ; line 1779
10987 LOAD_CONST           R62 constant[2237]  ; line 1780
10988 MOVE                 R63 <- R62  ; line 1780
10989 LOAD_CONST           R64 constant[2238]  ; line 1781
10990 MOVE                 R65 <- R64  ; line 1781
10991 LOAD_CONST           R66 constant[2239]  ; line 1782
10992 MOVE                 R67 <- R66  ; line 1782
10993 LOAD_CONST           R68 constant[2240]  ; line 1783
10994 MOVE                 R69 <- R68  ; line 1783
10995 LOAD_CONST           R70 constant[2241]  ; line 1784
10996 MOVE                 R71 <- R70  ; line 1784
10997 LOAD_CONST           R72 constant[2242]  ; line 1785
10998 MOVE                 R73 <- R72  ; line 1785
10999 LOAD_CONST           R74 constant[2243]  ; line 1786
11000 MOVE                 R44 <- R74  ; line 1786
11001 MOVE                 R74 <- R2  ; line 1787
11002 HOST_CALL            a=75 b=26 c=74 imm=1  ; line 1787
11003 COMPARE              a=44 b=75 c=76 imm=2  ; line 1787
11004 JUMP_IF_FALSE        R76 -> 11042  ; line 1787
11005 MOVE                 R74 <- R2  ; line 1788
11006 MOVE                 R75 <- R44  ; line 1788
11007 HOST_CALL            a=76 b=11 c=74 imm=2  ; line 1788
11008 MOVE                 R77 <- R76  ; line 1788
11009 MOVE                 R78 <- R1  ; line 1789
11010 MOVE                 R79 <- R77  ; line 1789
11011 HOST_CALL            a=80 b=11 c=78 imm=2  ; line 1789
11012 MOVE                 R81 <- R80  ; line 1789
11013 MOVE                 R82 <- R77  ; line 1790
11014 MOVE                 R83 <- R30  ; line 1790
11015 ARRAY_NEW            a=84 b=82 c=2 imm=4294967295  ; line 1790
11016 MOVE                 R85 <- R0  ; line 1790
11017 MOVE                 R86 <- R84  ; line 1790
11018 HOST_CALL            a=87 b=11 c=85 imm=2  ; line 1790
11019 COMPARE              a=87 b=61 c=88 imm=3  ; line 1790
11020 JUMP_IF_FALSE        R88 -> 11030  ; line 1790
11021 LOAD_CONST           R82 constant[2244]  ; line 1791
11022 BINARY               a=63 b=82 c=83 imm=0  ; line 1791
11023 MOVE                 R63 <- R83  ; line 1791
11024 BINARY               a=67 b=81 c=82 imm=0  ; line 1792
11025 MOVE                 R67 <- R82  ; line 1792
11026 BINARY               a=81 b=81 c=82 imm=2  ; line 1793
11027 BINARY               a=71 b=82 c=83 imm=0  ; line 1793
11028 MOVE                 R71 <- R83  ; line 1793
11029 JUMP                 -> 11038  ; line 1793
11030 LOAD_CONST           R82 constant[2245]  ; line 1795
11031 BINARY               a=65 b=82 c=83 imm=0  ; line 1795
11032 MOVE                 R65 <- R83  ; line 1795
11033 BINARY               a=69 b=81 c=82 imm=0  ; line 1796
11034 MOVE                 R69 <- R82  ; line 1796
11035 BINARY               a=81 b=81 c=82 imm=2  ; line 1797
11036 BINARY               a=73 b=82 c=83 imm=0  ; line 1797
11037 MOVE                 R73 <- R83  ; line 1797
11038 LOAD_CONST           R82 constant[2246]  ; line 1799
11039 BINARY               a=44 b=82 c=83 imm=0  ; line 1799
11040 MOVE                 R44 <- R83  ; line 1799
11041 JUMP                 -> 11001  ; line 1799
11042 LOAD_CONST           R82 constant[2247]  ; line 1801
11043 COMPARE              a=63 b=82 c=83 imm=4  ; line 1801
11044 JUMP_IF_FALSE        R83 -> 11102  ; line 1801
11045 LOAD_CONST           R82 constant[2248]  ; line 1802
11046 COMPARE              a=65 b=82 c=83 imm=4  ; line 1802
11047 JUMP_IF_FALSE        R83 -> 11101  ; line 1802
11048 BINARY               a=67 b=67 c=82 imm=2  ; line 1803
11049 BINARY               a=82 b=63 c=83 imm=3  ; line 1803
11050 BINARY               a=71 b=83 c=84 imm=1  ; line 1803
11051 BINARY               a=84 b=73 c=85 imm=0  ; line 1803
11052 BINARY               a=69 b=69 c=86 imm=2  ; line 1803
11053 BINARY               a=86 b=65 c=87 imm=3  ; line 1803
11054 BINARY               a=85 b=87 c=88 imm=1  ; line 1803
11055 MOVE                 R89 <- R88  ; line 1803
11056 LOAD_CONST           R90 constant[2249]  ; line 1805
11057 MOVE                 R91 <- R28  ; line 1805
11058 MOVE                 R92 <- R90  ; line 1805
11059 HOST_CALL            a=93 b=11 c=91 imm=2  ; line 1805
11060 UNARY                a=93 b=94 c=4294967295 imm=1  ; line 1805
11061 JUMP_IF_FALSE        R94 -> 11078  ; line 1805
11062 LOAD_CONST           R90 constant[2250]  ; line 1806
11063 LOAD_CONST           R91 constant[2251]  ; line 1806
11064 LOAD_CONST           R92 constant[2252]  ; line 1806
11065 LOAD_CONST           R93 constant[2253]  ; line 1806
11066 LOAD_CONST           R94 constant[2254]  ; line 1806
11067 MOVE                 R95 <- R90  ; line 1806
11068 MOVE                 R96 <- R91  ; line 1806
11069 MOVE                 R97 <- R92  ; line 1806
11070 MOVE                 R98 <- R89  ; line 1806
11071 MOVE                 R99 <- R93  ; line 1806
11072 MOVE                 R100 <- R30  ; line 1806
11073 MOVE                 R101 <- R94  ; line 1806
11074 MOVE                 R102 <- R61  ; line 1806
11075 HOST_CALL            a=103 b=6 c=95 imm=8  ; line 1806
11076 MOVE                 R28 <- R103  ; line 1806
11077 JUMP                 -> 11100  ; line 1806
11078 LOAD_CONST           R90 constant[2255]  ; line 1808
11079 MOVE                 R91 <- R28  ; line 1808
11080 MOVE                 R92 <- R90  ; line 1808
11081 HOST_CALL            a=93 b=11 c=91 imm=2  ; line 1808
11082 COMPARE              a=89 b=93 c=94 imm=2  ; line 1808
11083 JUMP_IF_FALSE        R94 -> 11100  ; line 1808
11084 LOAD_CONST           R90 constant[2256]  ; line 1809
11085 LOAD_CONST           R91 constant[2257]  ; line 1809
11086 LOAD_CONST           R92 constant[2258]  ; line 1809
11087 LOAD_CONST           R93 constant[2259]  ; line 1809
11088 LOAD_CONST           R94 constant[2260]  ; line 1809
11089 MOVE                 R95 <- R90  ; line 1809
11090 MOVE                 R96 <- R91  ; line 1809
11091 MOVE                 R97 <- R92  ; line 1809
11092 MOVE                 R98 <- R89  ; line 1809
11093 MOVE                 R99 <- R93  ; line 1809
11094 MOVE                 R100 <- R30  ; line 1809
11095 MOVE                 R101 <- R94  ; line 1809
11096 MOVE                 R102 <- R61  ; line 1809
11097 HOST_CALL            a=103 b=6 c=95 imm=8  ; line 1809
11098 MOVE                 R28 <- R103  ; line 1809
11099 JUMP                 -> 11100  ; line 1809
11100 JUMP                 -> 11101  ; line 1809
11101 JUMP                 -> 11102  ; line 1809
11102 LOAD_CONST           R90 constant[2261]  ; line 1814
11103 BINARY               a=56 b=90 c=91 imm=0  ; line 1814
11104 MOVE                 R56 <- R91  ; line 1814
11105 JUMP                 -> 10980  ; line 1814
11106 LOAD_CONST           R90 constant[2262]  ; line 1816
11107 BINARY               a=30 b=90 c=91 imm=0  ; line 1816
11108 MOVE                 R30 <- R91  ; line 1816
11109 JUMP                 -> 10936  ; line 1816
11110 RETURN               R28  ; line 1818
11111 LOAD_CONST           R90 constant[2263]  ; line 1818
11112 RETURN               R90  ; line 1818
11113 COMPARE              a=3 b=4 c=6 imm=5  ; line 1822
11114 JUMP_IF_FALSE        R6 -> 11120  ; line 1822
11115 MOVE                 R6 <- R1  ; line 1822
11116 MOVE                 R7 <- R2  ; line 1822
11117 CALL                 a=8 b=144 c=6 imm=2  ; line 1822
11118 RETURN               R8  ; line 1822
11119 JUMP                 -> 11120  ; line 1822
11120 MOVE                 R6 <- R2  ; line 1823
11121 HOST_CALL            a=7 b=26 c=6 imm=1  ; line 1823
11122 LOAD_CONST           R8 constant[2264]  ; line 1823
11123 COMPARE              a=7 b=8 c=9 imm=2  ; line 1823
11124 JUMP_IF_FALSE        R9 -> 11130  ; line 1823
11125 MOVE                 R6 <- R1  ; line 1823
11126 MOVE                 R7 <- R2  ; line 1823
11127 CALL                 a=8 b=144 c=6 imm=2  ; line 1823
11128 RETURN               R8  ; line 1823
11129 JUMP                 -> 11130  ; line 1823
11130 MOVE                 R6 <- R0  ; line 1824
11131 MOVE                 R7 <- R1  ; line 1824
11132 MOVE                 R8 <- R2  ; line 1824
11133 MOVE                 R9 <- R5  ; line 1824
11134 CALL                 a=10 b=145 c=6 imm=4  ; line 1824
11135 MOVE                 R11 <- R10  ; line 1824
11136 LOAD_CONST           R12 constant[2265]  ; line 1825
11137 MOVE                 R13 <- R11  ; line 1825
11138 MOVE                 R14 <- R12  ; line 1825
11139 HOST_CALL            a=15 b=11 c=13 imm=2  ; line 1825
11140 UNARY                a=15 b=16 c=4294967295 imm=1  ; line 1825
11141 JUMP_IF_FALSE        R16 -> 11147  ; line 1825
11142 MOVE                 R12 <- R1  ; line 1825
11143 MOVE                 R13 <- R2  ; line 1825
11144 CALL                 a=14 b=144 c=12 imm=2  ; line 1825
11145 RETURN               R14  ; line 1825
11146 JUMP                 -> 11147  ; line 1825
11147 LOAD_CONST           R12 constant[2266]  ; line 1826
11148 MOVE                 R13 <- R12  ; line 1826
11149 HOST_CALL            a=14 b=22 c=13 imm=1  ; line 1826
11150 MOVE                 R15 <- R14  ; line 1826
11151 LOAD_CONST           R16 constant[2267]  ; line 1827
11152 MOVE                 R17 <- R16  ; line 1827
11153 HOST_CALL            a=18 b=22 c=17 imm=1  ; line 1827
11154 MOVE                 R19 <- R18  ; line 1827
11155 LOAD_CONST           R20 constant[2268]  ; line 1828
11156 MOVE                 R21 <- R20  ; line 1828
11157 MOVE                 R22 <- R2  ; line 1829
11158 HOST_CALL            a=23 b=26 c=22 imm=1  ; line 1829
11159 COMPARE              a=21 b=23 c=24 imm=2  ; line 1829
11160 JUMP_IF_FALSE        R24 -> 11192  ; line 1829
11161 MOVE                 R22 <- R2  ; line 1830
11162 MOVE                 R23 <- R21  ; line 1830
11163 HOST_CALL            a=24 b=11 c=22 imm=2  ; line 1830
11164 MOVE                 R25 <- R24  ; line 1830
11165 LOAD_CONST           R26 constant[2269]  ; line 1831
11166 MOVE                 R27 <- R11  ; line 1831
11167 MOVE                 R28 <- R26  ; line 1831
11168 HOST_CALL            a=29 b=11 c=27 imm=2  ; line 1831
11169 MOVE                 R30 <- R25  ; line 1831
11170 MOVE                 R31 <- R29  ; line 1831
11171 ARRAY_NEW            a=32 b=30 c=2 imm=4294967295  ; line 1831
11172 MOVE                 R33 <- R0  ; line 1831
11173 MOVE                 R34 <- R32  ; line 1831
11174 HOST_CALL            a=35 b=11 c=33 imm=2  ; line 1831
11175 LOAD_CONST           R36 constant[2270]  ; line 1831
11176 MOVE                 R37 <- R11  ; line 1831
11177 MOVE                 R38 <- R36  ; line 1831
11178 HOST_CALL            a=39 b=11 c=37 imm=2  ; line 1831
11179 COMPARE              a=35 b=39 c=40 imm=3  ; line 1831
11180 JUMP_IF_FALSE        R40 -> 11185  ; line 1831
11181 MOVE                 R26 <- R15  ; line 1832
11182 MOVE                 R27 <- R25  ; line 1832
11183 HOST_CALL            a=28 b=23 c=26 imm=2  ; line 1832
11184 JUMP                 -> 11188  ; line 1832
11185 MOVE                 R26 <- R19  ; line 1834
11186 MOVE                 R27 <- R25  ; line 1834
11187 HOST_CALL            a=28 b=23 c=26 imm=2  ; line 1834
11188 LOAD_CONST           R26 constant[2271]  ; line 1836
11189 BINARY               a=21 b=26 c=27 imm=0  ; line 1836
11190 MOVE                 R21 <- R27  ; line 1836
11191 JUMP                 -> 11157  ; line 1836
11192 LOAD_CONST           R26 constant[2272]  ; line 1838
11193 LOAD_CONST           R27 constant[2273]  ; line 1838
11194 LOAD_CONST           R28 constant[2274]  ; line 1838
11195 LOAD_CONST           R29 constant[2275]  ; line 1838
11196 MOVE                 R30 <- R11  ; line 1838
11197 MOVE                 R31 <- R29  ; line 1838
11198 HOST_CALL            a=32 b=11 c=30 imm=2  ; line 1838
11199 LOAD_CONST           R33 constant[2276]  ; line 1838
11200 LOAD_CONST           R34 constant[2277]  ; line 1838
11201 MOVE                 R35 <- R11  ; line 1838
11202 MOVE                 R36 <- R34  ; line 1838
11203 HOST_CALL            a=37 b=11 c=35 imm=2  ; line 1838
11204 LOAD_CONST           R38 constant[2278]  ; line 1838
11205 LOAD_CONST           R39 constant[2279]  ; line 1838
11206 BINARY               a=3 b=39 c=40 imm=0  ; line 1838
11207 MOVE                 R41 <- R0  ; line 1838
11208 MOVE                 R42 <- R1  ; line 1838
11209 MOVE                 R43 <- R15  ; line 1838
11210 MOVE                 R44 <- R40  ; line 1838
11211 MOVE                 R45 <- R4  ; line 1838
11212 MOVE                 R46 <- R5  ; line 1838
11213 CALL                 a=47 b=146 c=41 imm=6  ; line 1838
11214 LOAD_CONST           R48 constant[2280]  ; line 1838
11215 LOAD_CONST           R49 constant[2281]  ; line 1838
11216 BINARY               a=3 b=49 c=50 imm=0  ; line 1838
11217 MOVE                 R51 <- R0  ; line 1838
11218 MOVE                 R52 <- R1  ; line 1838
11219 MOVE                 R53 <- R19  ; line 1838
11220 MOVE                 R54 <- R50  ; line 1838
11221 MOVE                 R55 <- R4  ; line 1838
11222 MOVE                 R56 <- R5  ; line 1838
11223 CALL                 a=57 b=146 c=51 imm=6  ; line 1838
11224 MOVE                 R58 <- R26  ; line 1838
11225 MOVE                 R59 <- R27  ; line 1838
11226 MOVE                 R60 <- R28  ; line 1838
11227 MOVE                 R61 <- R32  ; line 1838
11228 MOVE                 R62 <- R33  ; line 1838
11229 MOVE                 R63 <- R37  ; line 1838
11230 MOVE                 R64 <- R38  ; line 1838
11231 MOVE                 R65 <- R47  ; line 1838
11232 MOVE                 R66 <- R48  ; line 1838
11233 MOVE                 R67 <- R57  ; line 1838
11234 HOST_CALL            a=68 b=6 c=58 imm=10  ; line 1838
11235 RETURN               R68  ; line 1838
11236 LOAD_CONST           R69 constant[2282]  ; line 1838
11237 RETURN               R69  ; line 1838
11238 MOVE                 R3 <- R0  ; line 1844
11239 LOAD_CONST           R4 constant[2283]  ; line 1845
11240 MOVE                 R5 <- R3  ; line 1845
11241 MOVE                 R6 <- R4  ; line 1845
11242 HOST_CALL            a=7 b=11 c=5 imm=2  ; line 1845
11243 UNARY                a=7 b=8 c=4294967295 imm=1  ; line 1845
11244 JUMP_IF_FALSE        R8 -> 11273  ; line 1845
11245 LOAD_CONST           R4 constant[2284]  ; line 1846
11246 MOVE                 R5 <- R3  ; line 1846
11247 MOVE                 R6 <- R4  ; line 1846
11248 HOST_CALL            a=7 b=11 c=5 imm=2  ; line 1846
11249 MOVE                 R8 <- R2  ; line 1846
11250 MOVE                 R9 <- R7  ; line 1846
11251 ARRAY_NEW            a=10 b=8 c=2 imm=4294967295  ; line 1846
11252 MOVE                 R11 <- R1  ; line 1846
11253 MOVE                 R12 <- R10  ; line 1846
11254 HOST_CALL            a=13 b=11 c=11 imm=2  ; line 1846
11255 LOAD_CONST           R14 constant[2285]  ; line 1846
11256 MOVE                 R15 <- R3  ; line 1846
11257 MOVE                 R16 <- R14  ; line 1846
11258 HOST_CALL            a=17 b=11 c=15 imm=2  ; line 1846
11259 COMPARE              a=13 b=17 c=18 imm=3  ; line 1846
11260 JUMP_IF_FALSE        R18 -> 11267  ; line 1846
11261 LOAD_CONST           R4 constant[2286]  ; line 1846
11262 MOVE                 R5 <- R3  ; line 1846
11263 MOVE                 R6 <- R4  ; line 1846
11264 HOST_CALL            a=7 b=11 c=5 imm=2  ; line 1846
11265 MOVE                 R3 <- R7  ; line 1846
11266 JUMP                 -> 11272  ; line 1846
11267 LOAD_CONST           R4 constant[2287]  ; line 1847
11268 MOVE                 R5 <- R3  ; line 1847
11269 MOVE                 R6 <- R4  ; line 1847
11270 HOST_CALL            a=7 b=11 c=5 imm=2  ; line 1847
11271 MOVE                 R3 <- R7  ; line 1847
11272 JUMP                 -> 11239  ; line 1847
11273 LOAD_CONST           R4 constant[2288]  ; line 1849
11274 MOVE                 R5 <- R3  ; line 1849
11275 MOVE                 R6 <- R4  ; line 1849
11276 HOST_CALL            a=7 b=11 c=5 imm=2  ; line 1849
11277 RETURN               R7  ; line 1849
11278 LOAD_CONST           R8 constant[2289]  ; line 1849
11279 RETURN               R8  ; line 1849
11280 MOVE                 R2 <- R1  ; line 1853
11281 HOST_CALL            a=3 b=61 c=2 imm=1  ; line 1853
11282 LOAD_CONST           R4 constant[2290]  ; line 1853
11283 MOVE                 R5 <- R3  ; line 1853
11284 MOVE                 R6 <- R4  ; line 1853
11285 HOST_CALL            a=7 b=11 c=5 imm=2  ; line 1853
11286 MOVE                 R8 <- R7  ; line 1853
11287 LOAD_CONST           R9 constant[2291]  ; line 1854
11288 MOVE                 R10 <- R9  ; line 1854
11289 HOST_CALL            a=11 b=22 c=10 imm=1  ; line 1854
11290 MOVE                 R12 <- R11  ; line 1854
11291 LOAD_CONST           R13 constant[2292]  ; line 1855
11292 MOVE                 R14 <- R13  ; line 1855
11293 COMPARE              a=14 b=8 c=15 imm=2  ; line 1856
11294 JUMP_IF_FALSE        R15 -> 11367  ; line 1856
11295 LOAD_CONST           R15 constant[2293]  ; line 1857
11296 MOVE                 R16 <- R0  ; line 1857
11297 MOVE                 R17 <- R15  ; line 1857
11298 HOST_CALL            a=18 b=11 c=16 imm=2  ; line 1857
11299 LOAD_CONST           R19 constant[2294]  ; line 1857
11300 MOVE                 R20 <- R18  ; line 1857
11301 MOVE                 R21 <- R19  ; line 1857
11302 HOST_CALL            a=22 b=11 c=20 imm=2  ; line 1857
11303 MOVE                 R23 <- R22  ; line 1857
11304 LOAD_CONST           R24 constant[2295]  ; line 1858
11305 MOVE                 R25 <- R24  ; line 1858
11306 LOAD_CONST           R26 constant[2296]  ; line 1859
11307 MOVE                 R27 <- R0  ; line 1859
11308 MOVE                 R28 <- R26  ; line 1859
11309 HOST_CALL            a=29 b=11 c=27 imm=2  ; line 1859
11310 LOAD_CONST           R30 constant[2297]  ; line 1859
11311 MOVE                 R31 <- R29  ; line 1859
11312 MOVE                 R32 <- R30  ; line 1859
11313 HOST_CALL            a=33 b=11 c=31 imm=2  ; line 1859
11314 MOVE                 R34 <- R33  ; line 1859
11315 HOST_CALL            a=35 b=26 c=34 imm=1  ; line 1859
11316 COMPARE              a=25 b=35 c=36 imm=2  ; line 1859
11317 JUMP_IF_FALSE        R36 -> 11349  ; line 1859
11318 LOAD_CONST           R26 constant[2298]  ; line 1860
11319 MOVE                 R27 <- R0  ; line 1860
11320 MOVE                 R28 <- R26  ; line 1860
11321 HOST_CALL            a=29 b=11 c=27 imm=2  ; line 1860
11322 LOAD_CONST           R30 constant[2299]  ; line 1860
11323 MOVE                 R31 <- R29  ; line 1860
11324 MOVE                 R32 <- R30  ; line 1860
11325 HOST_CALL            a=33 b=11 c=31 imm=2  ; line 1860
11326 MOVE                 R34 <- R33  ; line 1860
11327 MOVE                 R35 <- R25  ; line 1860
11328 HOST_CALL            a=36 b=11 c=34 imm=2  ; line 1860
11329 MOVE                 R37 <- R36  ; line 1860
11330 LOAD_CONST           R38 constant[2300]  ; line 1861
11331 MOVE                 R39 <- R0  ; line 1861
11332 MOVE                 R40 <- R38  ; line 1861
11333 HOST_CALL            a=41 b=11 c=39 imm=2  ; line 1861
11334 LOAD_CONST           R42 constant[2301]  ; line 1861
11335 MOVE                 R43 <- R41  ; line 1861
11336 MOVE                 R44 <- R42  ; line 1861
11337 HOST_CALL            a=45 b=11 c=43 imm=2  ; line 1861
11338 MOVE                 R46 <- R37  ; line 1861
11339 MOVE                 R47 <- R1  ; line 1861
11340 MOVE                 R48 <- R14  ; line 1861
11341 CALL                 a=49 b=147 c=46 imm=3  ; line 1861
11342 BINARY               a=45 b=49 c=50 imm=2  ; line 1861
11343 BINARY               a=23 b=50 c=51 imm=0  ; line 1861
11344 MOVE                 R23 <- R51  ; line 1861
11345 LOAD_CONST           R38 constant[2302]  ; line 1862
11346 BINARY               a=25 b=38 c=39 imm=0  ; line 1862
11347 MOVE                 R25 <- R39  ; line 1862
11348 JUMP                 -> 11306  ; line 1862
11349 LOAD_CONST           R38 constant[2303]  ; line 1864
11350 MOVE                 R39 <- R0  ; line 1864
11351 MOVE                 R40 <- R38  ; line 1864
11352 HOST_CALL            a=41 b=11 c=39 imm=2  ; line 1864
11353 LOAD_CONST           R42 constant[2304]  ; line 1864
11354 COMPARE              a=41 b=42 c=43 imm=0  ; line 1864
11355 JUMP_IF_FALSE        R43 -> 11360  ; line 1864
11356 MOVE                 R38 <- R23  ; line 1864
11357 CALL                 a=39 b=92 c=38 imm=1  ; line 1864
11358 MOVE                 R23 <- R39  ; line 1864
11359 JUMP                 -> 11360  ; line 1864
11360 MOVE                 R38 <- R12  ; line 1865
11361 MOVE                 R39 <- R23  ; line 1865
11362 HOST_CALL            a=40 b=23 c=38 imm=2  ; line 1865
11363 LOAD_CONST           R38 constant[2305]  ; line 1866
11364 BINARY               a=14 b=38 c=39 imm=0  ; line 1866
11365 MOVE                 R14 <- R39  ; line 1866
11366 JUMP                 -> 11293  ; line 1866
11367 RETURN               R12  ; line 1868
11368 LOAD_CONST           R38 constant[2306]  ; line 1868
11369 RETURN               R38  ; line 1868
11370 MOVE                 R3 <- R0  ; line 1872
11371 CALL                 a=4 b=97 c=3 imm=1  ; line 1872
11372 MOVE                 R5 <- R4  ; line 1872
11373 LOAD_CONST           R6 constant[2307]  ; line 1873
11374 COMPARE              a=5 b=6 c=7 imm=1  ; line 1873
11375 JUMP_IF_FALSE        R7 -> 11384  ; line 1873
11376 LOAD_CONST           R6 constant[2308]  ; line 1873
11377 LOAD_CONST           R7 constant[2309]  ; line 1873
11378 MOVE                 R8 <- R6  ; line 1873
11379 MOVE                 R9 <- R5  ; line 1873
11380 MOVE                 R10 <- R7  ; line 1873
11381 CALL                 a=11 b=86 c=8 imm=3  ; line 1873
11382 RETURN               R11  ; line 1873
11383 JUMP                 -> 11384  ; line 1873
11384 LOAD_CONST           R6 constant[2310]  ; line 1874
11385 MOVE                 R7 <- R0  ; line 1874
11386 MOVE                 R8 <- R6  ; line 1874
11387 HOST_CALL            a=9 b=11 c=7 imm=2  ; line 1874
11388 MOVE                 R10 <- R9  ; line 1874
11389 LOAD_CONST           R11 constant[2311]  ; line 1875
11390 MOVE                 R12 <- R0  ; line 1875
11391 MOVE                 R13 <- R11  ; line 1875
11392 HOST_CALL            a=14 b=11 c=12 imm=2  ; line 1875
11393 MOVE                 R15 <- R14  ; line 1875
11394 MOVE                 R16 <- R10  ; line 1876
11395 HOST_CALL            a=17 b=61 c=16 imm=1  ; line 1876
11396 LOAD_CONST           R18 constant[2312]  ; line 1876
11397 MOVE                 R19 <- R17  ; line 1876
11398 MOVE                 R20 <- R18  ; line 1876
11399 HOST_CALL            a=21 b=11 c=19 imm=2  ; line 1876
11400 MOVE                 R22 <- R21  ; line 1876
11401 MOVE                 R23 <- R10  ; line 1877
11402 HOST_CALL            a=24 b=61 c=23 imm=1  ; line 1877
11403 LOAD_CONST           R25 constant[2313]  ; line 1877
11404 MOVE                 R26 <- R24  ; line 1877
11405 MOVE                 R27 <- R25  ; line 1877
11406 HOST_CALL            a=28 b=11 c=26 imm=2  ; line 1877
11407 MOVE                 R29 <- R28  ; line 1877
11408 LOAD_CONST           R30 constant[2314]  ; line 1878
11409 LOAD_CONST           R31 constant[2315]  ; line 1878
11410 MOVE                 R32 <- R1  ; line 1878
11411 MOVE                 R33 <- R30  ; line 1878
11412 MOVE                 R34 <- R31  ; line 1878
11413 CALL                 a=35 b=87 c=32 imm=3  ; line 1878
11414 MOVE                 R36 <- R35  ; line 1878
11415 LOAD_CONST           R37 constant[2316]  ; line 1879
11416 LOAD_CONST           R38 constant[2317]  ; line 1879
11417 MOVE                 R39 <- R1  ; line 1879
11418 MOVE                 R40 <- R37  ; line 1879
11419 MOVE                 R41 <- R38  ; line 1879
11420 CALL                 a=42 b=87 c=39 imm=3  ; line 1879
11421 MOVE                 R43 <- R42  ; line 1879
11422 LOAD_CONST           R44 constant[2318]  ; line 1880
11423 LOAD_CONST           R45 constant[2319]  ; line 1880
11424 MOVE                 R46 <- R1  ; line 1880
11425 MOVE                 R47 <- R44  ; line 1880
11426 MOVE                 R48 <- R45  ; line 1880
11427 CALL                 a=49 b=87 c=46 imm=3  ; line 1880
11428 MOVE                 R50 <- R49  ; line 1880
11429 LOAD_CONST           R51 constant[2320]  ; line 1881
11430 LOAD_CONST           R52 constant[2321]  ; line 1881
11431 MOVE                 R53 <- R1  ; line 1881
11432 MOVE                 R54 <- R51  ; line 1881
11433 MOVE                 R55 <- R52  ; line 1881
11434 CALL                 a=56 b=87 c=53 imm=3  ; line 1881
11435 MOVE                 R57 <- R56  ; line 1881
11436 LOAD_CONST           R58 constant[2322]  ; line 1882
11437 COMPARE              a=36 b=58 c=59 imm=2  ; line 1882
11438 JUMP_IF_FALSE        R59 -> 11448  ; line 1882
11439 LOAD_CONST           R58 constant[2323]  ; line 1882
11440 LOAD_CONST           R59 constant[2324]  ; line 1882
11441 LOAD_CONST           R60 constant[2325]  ; line 1882
11442 MOVE                 R61 <- R58  ; line 1882
11443 MOVE                 R62 <- R59  ; line 1882
11444 MOVE                 R63 <- R60  ; line 1882
11445 CALL                 a=64 b=86 c=61 imm=3  ; line 1882
11446 RETURN               R64  ; line 1882
11447 JUMP                 -> 11448  ; line 1882
11448 LOAD_CONST           R58 constant[2326]  ; line 1883
11449 COMPARE              a=43 b=58 c=59 imm=3  ; line 1883
11450 JUMP_IF_FALSE        R59 -> 11460  ; line 1883
11451 LOAD_CONST           R58 constant[2327]  ; line 1883
11452 LOAD_CONST           R59 constant[2328]  ; line 1883
11453 LOAD_CONST           R60 constant[2329]  ; line 1883
11454 MOVE                 R61 <- R58  ; line 1883
11455 MOVE                 R62 <- R59  ; line 1883
11456 MOVE                 R63 <- R60  ; line 1883
11457 CALL                 a=64 b=86 c=61 imm=3  ; line 1883
11458 RETURN               R64  ; line 1883
11459 JUMP                 -> 11460  ; line 1883
11460 LOAD_CONST           R58 constant[2330]  ; line 1884
11461 COMPARE              a=50 b=58 c=59 imm=2  ; line 1884
11462 JUMP_IF_FALSE        R59 -> 11472  ; line 1884
11463 LOAD_CONST           R58 constant[2331]  ; line 1884
11464 LOAD_CONST           R59 constant[2332]  ; line 1884
11465 LOAD_CONST           R60 constant[2333]  ; line 1884
11466 MOVE                 R61 <- R58  ; line 1884
11467 MOVE                 R62 <- R59  ; line 1884
11468 MOVE                 R63 <- R60  ; line 1884
11469 CALL                 a=64 b=86 c=61 imm=3  ; line 1884
11470 RETURN               R64  ; line 1884
11471 JUMP                 -> 11472  ; line 1884
11472 LOAD_CONST           R58 constant[2334]  ; line 1885
11473 COMPARE              a=57 b=58 c=59 imm=2  ; line 1885
11474 JUMP_IF_FALSE        R59 -> 11484  ; line 1885
11475 LOAD_CONST           R58 constant[2335]  ; line 1885
11476 LOAD_CONST           R59 constant[2336]  ; line 1885
11477 LOAD_CONST           R60 constant[2337]  ; line 1885
11478 MOVE                 R61 <- R58  ; line 1885
11479 MOVE                 R62 <- R59  ; line 1885
11480 MOVE                 R63 <- R60  ; line 1885
11481 CALL                 a=64 b=86 c=61 imm=3  ; line 1885
11482 RETURN               R64  ; line 1885
11483 JUMP                 -> 11484  ; line 1885
11484 LOAD_CONST           R58 constant[2338]  ; line 1886
11485 COMPARE              a=2 b=58 c=59 imm=0  ; line 1886
11486 JUMP_IF_FALSE        R59 -> 11518  ; line 1886
11487 LOAD_CONST           R58 constant[2339]  ; line 1887
11488 MOVE                 R59 <- R58  ; line 1887
11489 COMPARE              a=59 b=22 c=60 imm=2  ; line 1888
11490 JUMP_IF_FALSE        R60 -> 11517  ; line 1888
11491 MOVE                 R60 <- R15  ; line 1889
11492 MOVE                 R61 <- R59  ; line 1889
11493 HOST_CALL            a=62 b=11 c=60 imm=2  ; line 1889
11494 LOAD_CONST           R63 constant[2340]  ; line 1889
11495 COMPARE              a=62 b=63 c=64 imm=1  ; line 1889
11496 JUMP_IF_FALSE        R64 -> 11513  ; line 1889
11497 MOVE                 R60 <- R15  ; line 1890
11498 MOVE                 R61 <- R59  ; line 1890
11499 HOST_CALL            a=62 b=11 c=60 imm=2  ; line 1890
11500 LOAD_CONST           R63 constant[2341]  ; line 1890
11501 COMPARE              a=62 b=63 c=64 imm=1  ; line 1890
11502 JUMP_IF_FALSE        R64 -> 11512  ; line 1890
11503 LOAD_CONST           R60 constant[2342]  ; line 1890
11504 LOAD_CONST           R61 constant[2343]  ; line 1890
11505 LOAD_CONST           R62 constant[2344]  ; line 1890
11506 MOVE                 R63 <- R60  ; line 1890
11507 MOVE                 R64 <- R61  ; line 1890
11508 MOVE                 R65 <- R62  ; line 1890
11509 CALL                 a=66 b=86 c=63 imm=3  ; line 1890
11510 RETURN               R66  ; line 1890
11511 JUMP                 -> 11512  ; line 1890
11512 JUMP                 -> 11513  ; line 1890
11513 LOAD_CONST           R60 constant[2345]  ; line 1892
11514 BINARY               a=59 b=60 c=61 imm=0  ; line 1892
11515 MOVE                 R59 <- R61  ; line 1892
11516 JUMP                 -> 11489  ; line 1892
11517 JUMP                 -> 11518  ; line 1892
11518 MOVE                 R60 <- R15  ; line 1895
11519 HOST_CALL            a=61 b=69 c=60 imm=1  ; line 1895
11520 MOVE                 R62 <- R61  ; line 1895
11521 LOAD_CONST           R63 constant[2346]  ; line 1896
11522 COMPARE              a=2 b=63 c=64 imm=0  ; line 1896
11523 JUMP_IF_FALSE        R64 -> 11527  ; line 1896
11524 LOAD_CONST           R63 constant[2347]  ; line 1896
11525 MOVE                 R62 <- R63  ; line 1896
11526 JUMP                 -> 11527  ; line 1896
11527 LOAD_CONST           R63 constant[2348]  ; line 1897
11528 MOVE                 R64 <- R63  ; line 1897
11529 HOST_CALL            a=65 b=22 c=64 imm=1  ; line 1897
11530 MOVE                 R66 <- R65  ; line 1897
11531 LOAD_CONST           R67 constant[2349]  ; line 1898
11532 MOVE                 R68 <- R67  ; line 1898
11533 COMPARE              a=68 b=22 c=69 imm=2  ; line 1899
11534 JUMP_IF_FALSE        R69 -> 11542  ; line 1899
11535 MOVE                 R69 <- R66  ; line 1899
11536 MOVE                 R70 <- R62  ; line 1899
11537 HOST_CALL            a=71 b=23 c=69 imm=2  ; line 1899
11538 LOAD_CONST           R69 constant[2350]  ; line 1899
11539 BINARY               a=68 b=69 c=70 imm=0  ; line 1899
11540 MOVE                 R68 <- R70  ; line 1899
11541 JUMP                 -> 11533  ; line 1899
11542 LOAD_CONST           R69 constant[2351]  ; line 1900
11543 MOVE                 R70 <- R69  ; line 1900
11544 HOST_CALL            a=71 b=22 c=70 imm=1  ; line 1900
11545 MOVE                 R72 <- R71  ; line 1900
11546 LOAD_CONST           R73 constant[2352]  ; line 1901
11547 MOVE                 R74 <- R73  ; line 1901
11548 COMPARE              a=74 b=36 c=75 imm=2  ; line 1902
11549 JUMP_IF_FALSE        R75 -> 11639  ; line 1902
11550 LOAD_CONST           R75 constant[2353]  ; line 1903
11551 MOVE                 R76 <- R75  ; line 1903
11552 HOST_CALL            a=77 b=22 c=76 imm=1  ; line 1903
11553 MOVE                 R78 <- R77  ; line 1903
11554 LOAD_CONST           R79 constant[2354]  ; line 1904
11555 MOVE                 R68 <- R79  ; line 1904
11556 COMPARE              a=68 b=22 c=79 imm=2  ; line 1905
11557 JUMP_IF_FALSE        R79 -> 11587  ; line 1905
11558 MOVE                 R79 <- R15  ; line 1906
11559 MOVE                 R80 <- R68  ; line 1906
11560 HOST_CALL            a=81 b=11 c=79 imm=2  ; line 1906
11561 MOVE                 R82 <- R66  ; line 1906
11562 MOVE                 R83 <- R68  ; line 1906
11563 HOST_CALL            a=84 b=11 c=82 imm=2  ; line 1906
11564 BINARY               a=81 b=84 c=85 imm=1  ; line 1906
11565 MOVE                 R86 <- R85  ; line 1906
11566 LOAD_CONST           R87 constant[2355]  ; line 1907
11567 COMPARE              a=2 b=87 c=88 imm=0  ; line 1907
11568 JUMP_IF_FALSE        R88 -> 11580  ; line 1907
11569 MOVE                 R87 <- R15  ; line 1907
11570 MOVE                 R88 <- R68  ; line 1907
11571 HOST_CALL            a=89 b=11 c=87 imm=2  ; line 1907
11572 MOVE                 R90 <- R66  ; line 1907
11573 MOVE                 R91 <- R68  ; line 1907
11574 HOST_CALL            a=92 b=11 c=90 imm=2  ; line 1907
11575 MOVE                 R93 <- R92  ; line 1907
11576 CALL                 a=94 b=92 c=93 imm=1  ; line 1907
11577 BINARY               a=89 b=94 c=95 imm=1  ; line 1907
11578 MOVE                 R86 <- R95  ; line 1907
11579 JUMP                 -> 11580  ; line 1907
11580 MOVE                 R87 <- R78  ; line 1908
11581 MOVE                 R88 <- R86  ; line 1908
11582 HOST_CALL            a=89 b=23 c=87 imm=2  ; line 1908
11583 LOAD_CONST           R87 constant[2356]  ; line 1909
11584 BINARY               a=68 b=87 c=88 imm=0  ; line 1909
11585 MOVE                 R68 <- R88  ; line 1909
11586 JUMP                 -> 11556  ; line 1909
11587 LOAD_CONST           R87 constant[2357]  ; line 1911
11588 MOVE                 R88 <- R87  ; line 1911
11589 HOST_CALL            a=89 b=22 c=88 imm=1  ; line 1911
11590 MOVE                 R90 <- R89  ; line 1911
11591 LOAD_CONST           R91 constant[2358]  ; line 1912
11592 MOVE                 R68 <- R91  ; line 1912
11593 COMPARE              a=68 b=22 c=91 imm=2  ; line 1913
11594 JUMP_IF_FALSE        R91 -> 11602  ; line 1913
11595 MOVE                 R91 <- R90  ; line 1913
11596 MOVE                 R92 <- R68  ; line 1913
11597 HOST_CALL            a=93 b=23 c=91 imm=2  ; line 1913
11598 LOAD_CONST           R91 constant[2359]  ; line 1913
11599 BINARY               a=68 b=91 c=92 imm=0  ; line 1913
11600 MOVE                 R68 <- R92  ; line 1913
11601 JUMP                 -> 11593  ; line 1913
11602 LOAD_CONST           R91 constant[2360]  ; line 1914
11603 MOVE                 R92 <- R10  ; line 1914
11604 MOVE                 R93 <- R78  ; line 1914
11605 MOVE                 R94 <- R90  ; line 1914
11606 MOVE                 R95 <- R91  ; line 1914
11607 MOVE                 R96 <- R50  ; line 1914
11608 MOVE                 R97 <- R57  ; line 1914
11609 CALL                 a=98 b=146 c=92 imm=6  ; line 1914
11610 MOVE                 R99 <- R98  ; line 1914
11611 MOVE                 R100 <- R72  ; line 1915
11612 MOVE                 R101 <- R99  ; line 1915
11613 HOST_CALL            a=102 b=23 c=100 imm=2  ; line 1915
11614 LOAD_CONST           R100 constant[2361]  ; line 1916
11615 MOVE                 R68 <- R100  ; line 1916
11616 COMPARE              a=68 b=22 c=100 imm=2  ; line 1917
11617 JUMP_IF_FALSE        R100 -> 11635  ; line 1917
11618 MOVE                 R100 <- R66  ; line 1918
11619 MOVE                 R101 <- R68  ; line 1918
11620 HOST_CALL            a=102 b=11 c=100 imm=2  ; line 1918
11621 MOVE                 R103 <- R99  ; line 1918
11622 MOVE                 R104 <- R10  ; line 1918
11623 MOVE                 R105 <- R68  ; line 1918
11624 CALL                 a=106 b=147 c=103 imm=3  ; line 1918
11625 BINARY               a=43 b=106 c=107 imm=2  ; line 1918
11626 BINARY               a=102 b=107 c=108 imm=0  ; line 1918
11627 MOVE                 R109 <- R66  ; line 1918
11628 MOVE                 R110 <- R68  ; line 1918
11629 MOVE                 R111 <- R108  ; line 1918
11630 HOST_CALL            a=112 b=12 c=109 imm=3  ; line 1918
11631 LOAD_CONST           R100 constant[2362]  ; line 1919
11632 BINARY               a=68 b=100 c=101 imm=0  ; line 1919
11633 MOVE                 R68 <- R101  ; line 1919
11634 JUMP                 -> 11616  ; line 1919
11635 LOAD_CONST           R100 constant[2363]  ; line 1921
11636 BINARY               a=74 b=100 c=101 imm=0  ; line 1921
11637 MOVE                 R74 <- R101  ; line 1921
11638 JUMP                 -> 11548  ; line 1921
11639 MOVE                 R100 <- R66  ; line 1923
11640 LOAD_CONST           R101 constant[2364]  ; line 1924
11641 COMPARE              a=2 b=101 c=102 imm=0  ; line 1924
11642 JUMP_IF_FALSE        R102 -> 11661  ; line 1924
11643 LOAD_CONST           R101 constant[2365]  ; line 1925
11644 MOVE                 R68 <- R101  ; line 1925
11645 COMPARE              a=68 b=22 c=101 imm=2  ; line 1926
11646 JUMP_IF_FALSE        R101 -> 11660  ; line 1926
11647 MOVE                 R101 <- R100  ; line 1926
11648 MOVE                 R102 <- R68  ; line 1926
11649 HOST_CALL            a=103 b=11 c=101 imm=2  ; line 1926
11650 MOVE                 R104 <- R103  ; line 1926
11651 CALL                 a=105 b=92 c=104 imm=1  ; line 1926
11652 MOVE                 R106 <- R100  ; line 1926
11653 MOVE                 R107 <- R68  ; line 1926
11654 MOVE                 R108 <- R105  ; line 1926
11655 HOST_CALL            a=109 b=12 c=106 imm=3  ; line 1926
11656 LOAD_CONST           R101 constant[2366]  ; line 1926
11657 BINARY               a=68 b=101 c=102 imm=0  ; line 1926
11658 MOVE                 R68 <- R102  ; line 1926
11659 JUMP                 -> 11645  ; line 1926
11660 JUMP                 -> 11661  ; line 1926
11661 LOAD_CONST           R101 constant[2367]  ; line 1928
11662 MOVE                 R102 <- R101  ; line 1928
11663 HOST_CALL            a=103 b=22 c=102 imm=1  ; line 1928
11664 MOVE                 R104 <- R103  ; line 1928
11665 LOAD_CONST           R105 constant[2368]  ; line 1929
11666 MOVE                 R106 <- R105  ; line 1929
11667 LOAD_CONST           R107 constant[2369]  ; line 1930
11668 MOVE                 R68 <- R107  ; line 1930
11669 COMPARE              a=68 b=22 c=107 imm=2  ; line 1931
11670 JUMP_IF_FALSE        R107 -> 11686  ; line 1931
11671 MOVE                 R107 <- R100  ; line 1932
11672 MOVE                 R108 <- R68  ; line 1932
11673 HOST_CALL            a=109 b=11 c=107 imm=2  ; line 1932
11674 MOVE                 R110 <- R15  ; line 1932
11675 MOVE                 R111 <- R68  ; line 1932
11676 HOST_CALL            a=112 b=11 c=110 imm=2  ; line 1932
11677 BINARY               a=109 b=112 c=113 imm=1  ; line 1932
11678 MOVE                 R114 <- R113  ; line 1932
11679 BINARY               a=114 b=114 c=115 imm=2  ; line 1933
11680 BINARY               a=106 b=115 c=116 imm=0  ; line 1933
11681 MOVE                 R106 <- R116  ; line 1933
11682 LOAD_CONST           R115 constant[2370]  ; line 1934
11683 BINARY               a=68 b=115 c=116 imm=0  ; line 1934
11684 MOVE                 R68 <- R116  ; line 1934
11685 JUMP                 -> 11669  ; line 1934
11686 BINARY               a=106 b=22 c=115 imm=3  ; line 1936
11687 MOVE                 R106 <- R115  ; line 1936
11688 LOAD_CONST           R115 constant[2371]  ; line 1937
11689 MOVE                 R68 <- R115  ; line 1937
11690 COMPARE              a=68 b=22 c=115 imm=2  ; line 1938
11691 JUMP_IF_FALSE        R115 -> 11714  ; line 1938
11692 MOVE                 R115 <- R106  ; line 1939
11693 LOAD_CONST           R116 constant[2372]  ; line 1940
11694 COMPARE              a=2 b=116 c=117 imm=0  ; line 1940
11695 JUMP_IF_FALSE        R117 -> 11707  ; line 1940
11696 MOVE                 R116 <- R100  ; line 1940
11697 MOVE                 R117 <- R68  ; line 1940
11698 HOST_CALL            a=118 b=11 c=116 imm=2  ; line 1940
11699 LOAD_CONST           R119 constant[2373]  ; line 1940
11700 MOVE                 R120 <- R100  ; line 1940
11701 MOVE                 R121 <- R68  ; line 1940
11702 HOST_CALL            a=122 b=11 c=120 imm=2  ; line 1940
11703 BINARY               a=119 b=122 c=123 imm=1  ; line 1940
11704 BINARY               a=118 b=123 c=124 imm=2  ; line 1940
11705 MOVE                 R115 <- R124  ; line 1940
11706 JUMP                 -> 11707  ; line 1940
11707 MOVE                 R116 <- R104  ; line 1941
11708 MOVE                 R117 <- R115  ; line 1941
11709 HOST_CALL            a=118 b=23 c=116 imm=2  ; line 1941
11710 LOAD_CONST           R116 constant[2374]  ; line 1942
11711 BINARY               a=68 b=116 c=117 imm=0  ; line 1942
11712 MOVE                 R68 <- R117  ; line 1942
11713 JUMP                 -> 11690  ; line 1942
11714 LOAD_CONST           R116 constant[2375]  ; line 1944
11715 MOVE                 R117 <- R116  ; line 1944
11716 LOAD_CONST           R118 constant[2376]  ; line 1945
11717 COMPARE              a=2 b=118 c=119 imm=0  ; line 1945
11718 JUMP_IF_FALSE        R119 -> 11722  ; line 1945
11719 LOAD_CONST           R118 constant[2377]  ; line 1945
11720 MOVE                 R117 <- R118  ; line 1945
11721 JUMP                 -> 11722  ; line 1945
11722 LOAD_CONST           R118 constant[2378]  ; line 1946
11723 LOAD_CONST           R119 constant[2379]  ; line 1946
11724 LOAD_CONST           R120 constant[2380]  ; line 1946
11725 LOAD_CONST           R121 constant[2381]  ; line 1946
11726 LOAD_CONST           R122 constant[2382]  ; line 1946
11727 LOAD_CONST           R123 constant[2383]  ; line 1946
11728 LOAD_CONST           R124 constant[2384]  ; line 1946
11729 LOAD_CONST           R125 constant[2385]  ; line 1946
11730 LOAD_CONST           R126 constant[2386]  ; line 1946
11731 LOAD_CONST           R127 constant[2387]  ; line 1946
11732 MOVE                 R128 <- R123  ; line 1946
11733 MOVE                 R129 <- R62  ; line 1946
11734 MOVE                 R130 <- R124  ; line 1946
11735 MOVE                 R131 <- R72  ; line 1946
11736 MOVE                 R132 <- R125  ; line 1946
11737 MOVE                 R133 <- R43  ; line 1946
11738 MOVE                 R134 <- R126  ; line 1946
11739 MOVE                 R135 <- R50  ; line 1946
11740 MOVE                 R136 <- R127  ; line 1946
11741 MOVE                 R137 <- R57  ; line 1946
11742 HOST_CALL            a=138 b=6 c=128 imm=10  ; line 1946
11743 LOAD_CONST           R139 constant[2388]  ; line 1946
11744 LOAD_CONST           R140 constant[2389]  ; line 1946
11745 MOVE                 R141 <- R140  ; line 1946
11746 MOVE                 R142 <- R106  ; line 1946
11747 HOST_CALL            a=143 b=6 c=141 imm=2  ; line 1946
11748 LOAD_CONST           R144 constant[2390]  ; line 1946
11749 ARRAY_NEW            a=145 b=145 c=0 imm=4294967295  ; line 1946
11750 LOAD_CONST           R146 constant[2391]  ; line 1946
11751 LOAD_CONST           R147 constant[2392]  ; line 1946
11752 LOAD_CONST           R148 constant[2393]  ; line 1946
11753 LOAD_CONST           R149 constant[2394]  ; line 1946
11754 MOVE                 R150 <- R147  ; line 1946
11755 MOVE                 R151 <- R36  ; line 1946
11756 MOVE                 R152 <- R148  ; line 1946
11757 MOVE                 R153 <- R50  ; line 1946
11758 MOVE                 R154 <- R149  ; line 1946
11759 MOVE                 R155 <- R57  ; line 1946
11760 HOST_CALL            a=156 b=6 c=150 imm=6  ; line 1946
11761 LOAD_CONST           R157 constant[2395]  ; line 1946
11762 LOAD_CONST           R158 constant[2396]  ; line 1946
11763 LOAD_CONST           R159 constant[2397]  ; line 1946
11764 MOVE                 R160 <- R10  ; line 1946
11765 HOST_CALL            a=161 b=60 c=160 imm=1  ; line 1946
11766 LOAD_CONST           R162 constant[2398]  ; line 1946
11767 LOAD_CONST           R163 constant[2399]  ; line 1946
11768 MOVE                 R164 <- R118  ; line 1946
11769 MOVE                 R165 <- R119  ; line 1946
11770 MOVE                 R166 <- R120  ; line 1946
11771 MOVE                 R167 <- R117  ; line 1946
11772 MOVE                 R168 <- R121  ; line 1946
11773 MOVE                 R169 <- R2  ; line 1946
11774 MOVE                 R170 <- R122  ; line 1946
11775 MOVE                 R171 <- R138  ; line 1946
11776 MOVE                 R172 <- R139  ; line 1946
11777 MOVE                 R173 <- R143  ; line 1946
11778 MOVE                 R174 <- R144  ; line 1946
11779 MOVE                 R175 <- R145  ; line 1946
11780 MOVE                 R176 <- R146  ; line 1946
11781 MOVE                 R177 <- R156  ; line 1946
11782 MOVE                 R178 <- R157  ; line 1946
11783 MOVE                 R179 <- R158  ; line 1946
11784 MOVE                 R180 <- R159  ; line 1946
11785 MOVE                 R181 <- R161  ; line 1946
11786 MOVE                 R182 <- R162  ; line 1946
11787 MOVE                 R183 <- R163  ; line 1946
11788 HOST_CALL            a=184 b=6 c=164 imm=20  ; line 1946
11789 MOVE                 R185 <- R184  ; line 1946
11790 MOVE                 R186 <- R100  ; line 1952
11791 HOST_CALL            a=187 b=72 c=186 imm=1  ; line 1952
11792 MOVE                 R188 <- R104  ; line 1952
11793 HOST_CALL            a=189 b=72 c=188 imm=1  ; line 1952
11794 LOAD_CONST           R190 constant[2400]  ; line 1952
11795 LOAD_CONST           R191 constant[2401]  ; line 1952
11796 MOVE                 R192 <- R190  ; line 1952
11797 MOVE                 R193 <- R106  ; line 1952
11798 MOVE                 R194 <- R191  ; line 1952
11799 MOVE                 R195 <- R22  ; line 1952
11800 HOST_CALL            a=196 b=6 c=192 imm=4  ; line 1952
11801 LOAD_CONST           R197 constant[2402]  ; line 1952
11802 LOAD_CONST           R198 constant[2403]  ; line 1952
11803 LOAD_CONST           R199 constant[2404]  ; line 1952
11804 MOVE                 R200 <- R198  ; line 1952
11805 MOVE                 R201 <- R199  ; line 1952
11806 ARRAY_NEW            a=202 b=200 c=2 imm=4294967295  ; line 1952
11807 MOVE                 R203 <- R185  ; line 1952
11808 MOVE                 R204 <- R187  ; line 1952
11809 MOVE                 R205 <- R189  ; line 1952
11810 MOVE                 R206 <- R196  ; line 1952
11811 MOVE                 R207 <- R197  ; line 1952
11812 MOVE                 R208 <- R202  ; line 1952
11813 CALL                 a=209 b=101 c=203 imm=6  ; line 1952
11814 RETURN               R209  ; line 1952
11815 LOAD_CONST           R210 constant[2405]  ; line 1952
11816 RETURN               R210  ; line 1952
11817 MOVE                 R2 <- R0  ; line 1958
11818 HOST_CALL            a=3 b=86 c=2 imm=1  ; line 1958
11819 LOAD_CONST           R4 constant[2406]  ; line 1958
11820 COMPARE              a=3 b=4 c=5 imm=1  ; line 1958
11821 JUMP_IF_FALSE        R5 -> 11831  ; line 1958
11822 LOAD_CONST           R2 constant[2407]  ; line 1958
11823 LOAD_CONST           R3 constant[2408]  ; line 1958
11824 LOAD_CONST           R4 constant[2409]  ; line 1958
11825 MOVE                 R5 <- R2  ; line 1958
11826 MOVE                 R6 <- R3  ; line 1958
11827 MOVE                 R7 <- R4  ; line 1958
11828 CALL                 a=8 b=86 c=5 imm=3  ; line 1958
11829 RETURN               R8  ; line 1958
11830 JUMP                 -> 11831  ; line 1958
11831 LOAD_CONST           R2 constant[2410]  ; line 1959
11832 LOAD_CONST           R3 constant[2411]  ; line 1959
11833 MOVE                 R4 <- R1  ; line 1959
11834 MOVE                 R5 <- R2  ; line 1959
11835 MOVE                 R6 <- R3  ; line 1959
11836 CALL                 a=7 b=87 c=4 imm=3  ; line 1959
11837 MOVE                 R8 <- R7  ; line 1959
11838 LOAD_CONST           R9 constant[2412]  ; line 1960
11839 COMPARE              a=8 b=9 c=10 imm=1  ; line 1960
11840 JUMP_IF_FALSE        R10 -> 11858  ; line 1960
11841 LOAD_CONST           R9 constant[2413]  ; line 1961
11842 COMPARE              a=8 b=9 c=10 imm=1  ; line 1961
11843 JUMP_IF_FALSE        R10 -> 11857  ; line 1961
11844 LOAD_CONST           R9 constant[2414]  ; line 1962
11845 COMPARE              a=8 b=9 c=10 imm=1  ; line 1962
11846 JUMP_IF_FALSE        R10 -> 11856  ; line 1962
11847 LOAD_CONST           R9 constant[2415]  ; line 1962
11848 LOAD_CONST           R10 constant[2416]  ; line 1962
11849 LOAD_CONST           R11 constant[2417]  ; line 1962
11850 MOVE                 R12 <- R9  ; line 1962
11851 MOVE                 R13 <- R10  ; line 1962
11852 MOVE                 R14 <- R11  ; line 1962
11853 CALL                 a=15 b=86 c=12 imm=3  ; line 1962
11854 RETURN               R15  ; line 1962
11855 JUMP                 -> 11856  ; line 1962
11856 JUMP                 -> 11857  ; line 1962
11857 JUMP                 -> 11858  ; line 1962
11858 LOAD_CONST           R9 constant[2418]  ; line 1965
11859 MOVE                 R10 <- R9  ; line 1965
11860 HOST_CALL            a=11 b=22 c=10 imm=1  ; line 1965
11861 MOVE                 R12 <- R11  ; line 1965
11862 LOAD_CONST           R13 constant[2419]  ; line 1966
11863 MOVE                 R14 <- R13  ; line 1966
11864 HOST_CALL            a=15 b=22 c=14 imm=1  ; line 1966
11865 MOVE                 R16 <- R15  ; line 1966
11866 LOAD_CONST           R17 constant[2420]  ; line 1967
11867 MOVE                 R18 <- R17  ; line 1967
11868 LOAD_CONST           R19 constant[2421]  ; line 1968
11869 MOVE                 R20 <- R19  ; line 1968
11870 LOAD_CONST           R21 constant[2422]  ; line 1969
11871 MOVE                 R22 <- R0  ; line 1969
11872 MOVE                 R23 <- R21  ; line 1969
11873 HOST_CALL            a=24 b=7 c=22 imm=2  ; line 1969
11874 JUMP_IF_FALSE        R24 -> 11948  ; line 1969
11875 LOAD_CONST           R21 constant[2423]  ; line 1970
11876 MOVE                 R22 <- R1  ; line 1970
11877 MOVE                 R23 <- R21  ; line 1970
11878 HOST_CALL            a=24 b=7 c=22 imm=2  ; line 1970
11879 UNARY                a=24 b=25 c=4294967295 imm=1  ; line 1970
11880 JUMP_IF_FALSE        R25 -> 11890  ; line 1970
11881 LOAD_CONST           R21 constant[2424]  ; line 1970
11882 LOAD_CONST           R22 constant[2425]  ; line 1970
11883 LOAD_CONST           R23 constant[2426]  ; line 1970
11884 MOVE                 R24 <- R21  ; line 1970
11885 MOVE                 R25 <- R22  ; line 1970
11886 MOVE                 R26 <- R23  ; line 1970
11887 CALL                 a=27 b=86 c=24 imm=3  ; line 1970
11888 RETURN               R27  ; line 1970
11889 JUMP                 -> 11890  ; line 1970
11890 LOAD_CONST           R21 constant[2427]  ; line 1971
11891 MOVE                 R22 <- R1  ; line 1971
11892 MOVE                 R23 <- R21  ; line 1971
11893 HOST_CALL            a=24 b=11 c=22 imm=2  ; line 1971
11894 MOVE                 R20 <- R24  ; line 1971
11895 LOAD_CONST           R21 constant[2428]  ; line 1972
11896 COMPARE              a=20 b=21 c=22 imm=3  ; line 1972
11897 JUMP_IF_FALSE        R22 -> 11907  ; line 1972
11898 LOAD_CONST           R21 constant[2429]  ; line 1972
11899 LOAD_CONST           R22 constant[2430]  ; line 1972
11900 LOAD_CONST           R23 constant[2431]  ; line 1972
11901 MOVE                 R24 <- R21  ; line 1972
11902 MOVE                 R25 <- R22  ; line 1972
11903 MOVE                 R26 <- R23  ; line 1972
11904 CALL                 a=27 b=86 c=24 imm=3  ; line 1972
11905 RETURN               R27  ; line 1972
11906 JUMP                 -> 11907  ; line 1972
11907 LOAD_CONST           R21 constant[2432]  ; line 1973
11908 MOVE                 R22 <- R0  ; line 1973
11909 MOVE                 R23 <- R21  ; line 1973
11910 HOST_CALL            a=24 b=11 c=22 imm=2  ; line 1973
11911 MOVE                 R25 <- R24  ; line 1973
11912 CALL                 a=26 b=95 c=25 imm=1  ; line 1973
11913 MOVE                 R18 <- R26  ; line 1973
11914 LOAD_CONST           R21 constant[2433]  ; line 1974
11915 MOVE                 R22 <- R21  ; line 1974
11916 COMPARE              a=22 b=18 c=23 imm=2  ; line 1975
11917 JUMP_IF_FALSE        R23 -> 11947  ; line 1975
11918 LOAD_CONST           R23 constant[2434]  ; line 1976
11919 MOVE                 R24 <- R0  ; line 1976
11920 MOVE                 R25 <- R23  ; line 1976
11921 HOST_CALL            a=26 b=11 c=24 imm=2  ; line 1976
11922 MOVE                 R27 <- R26  ; line 1976
11923 MOVE                 R28 <- R22  ; line 1976
11924 HOST_CALL            a=29 b=11 c=27 imm=2  ; line 1976
11925 MOVE                 R30 <- R29  ; line 1976
11926 CALL                 a=31 b=89 c=30 imm=1  ; line 1976
11927 COMPARE              a=31 b=20 c=32 imm=5  ; line 1976
11928 JUMP_IF_FALSE        R32 -> 11943  ; line 1976
11929 MOVE                 R23 <- R16  ; line 1977
11930 MOVE                 R24 <- R22  ; line 1977
11931 HOST_CALL            a=25 b=23 c=23 imm=2  ; line 1977
11932 LOAD_CONST           R23 constant[2435]  ; line 1978
11933 MOVE                 R24 <- R0  ; line 1978
11934 MOVE                 R25 <- R23  ; line 1978
11935 HOST_CALL            a=26 b=11 c=24 imm=2  ; line 1978
11936 MOVE                 R27 <- R26  ; line 1978
11937 MOVE                 R28 <- R22  ; line 1978
11938 HOST_CALL            a=29 b=11 c=27 imm=2  ; line 1978
11939 MOVE                 R30 <- R12  ; line 1978
11940 MOVE                 R31 <- R29  ; line 1978
11941 HOST_CALL            a=32 b=23 c=30 imm=2  ; line 1978
11942 JUMP                 -> 11943  ; line 1978
11943 LOAD_CONST           R23 constant[2436]  ; line 1980
11944 BINARY               a=22 b=23 c=24 imm=0  ; line 1980
11945 MOVE                 R22 <- R24  ; line 1980
11946 JUMP                 -> 11916  ; line 1980
11947 JUMP                 -> 12036  ; line 1980
11948 LOAD_CONST           R23 constant[2437]  ; line 1983
11949 MOVE                 R24 <- R0  ; line 1983
11950 MOVE                 R25 <- R23  ; line 1983
11951 HOST_CALL            a=26 b=7 c=24 imm=2  ; line 1983
11952 UNARY                a=26 b=27 c=4294967295 imm=1  ; line 1983
11953 JUMP_IF_FALSE        R27 -> 11963  ; line 1983
11954 LOAD_CONST           R23 constant[2438]  ; line 1983
11955 LOAD_CONST           R24 constant[2439]  ; line 1983
11956 LOAD_CONST           R25 constant[2440]  ; line 1983
11957 MOVE                 R26 <- R23  ; line 1983
11958 MOVE                 R27 <- R24  ; line 1983
11959 MOVE                 R28 <- R25  ; line 1983
11960 CALL                 a=29 b=86 c=26 imm=3  ; line 1983
11961 RETURN               R29  ; line 1983
11962 JUMP                 -> 11963  ; line 1983
11963 LOAD_CONST           R23 constant[2441]  ; line 1984
11964 MOVE                 R24 <- R0  ; line 1984
11965 MOVE                 R25 <- R23  ; line 1984
11966 HOST_CALL            a=26 b=7 c=24 imm=2  ; line 1984
11967 UNARY                a=26 b=27 c=4294967295 imm=1  ; line 1984
11968 JUMP_IF_FALSE        R27 -> 11978  ; line 1984
11969 LOAD_CONST           R23 constant[2442]  ; line 1984
11970 LOAD_CONST           R24 constant[2443]  ; line 1984
11971 LOAD_CONST           R25 constant[2444]  ; line 1984
11972 MOVE                 R26 <- R23  ; line 1984
11973 MOVE                 R27 <- R24  ; line 1984
11974 MOVE                 R28 <- R25  ; line 1984
11975 CALL                 a=29 b=86 c=26 imm=3  ; line 1984
11976 RETURN               R29  ; line 1984
11977 JUMP                 -> 11978  ; line 1984
11978 LOAD_CONST           R23 constant[2445]  ; line 1985
11979 MOVE                 R24 <- R0  ; line 1985
11980 MOVE                 R25 <- R23  ; line 1985
11981 HOST_CALL            a=26 b=11 c=24 imm=2  ; line 1985
11982 MOVE                 R27 <- R26  ; line 1985
11983 CALL                 a=28 b=95 c=27 imm=1  ; line 1985
11984 MOVE                 R29 <- R28  ; line 1985
11985 LOAD_CONST           R30 constant[2446]  ; line 1986
11986 MOVE                 R31 <- R0  ; line 1986
11987 MOVE                 R32 <- R30  ; line 1986
11988 HOST_CALL            a=33 b=11 c=31 imm=2  ; line 1986
11989 MOVE                 R34 <- R33  ; line 1986
11990 CALL                 a=35 b=95 c=34 imm=1  ; line 1986
11991 COMPARE              a=29 b=35 c=36 imm=1  ; line 1986
11992 JUMP_IF_FALSE        R36 -> 12002  ; line 1986
11993 LOAD_CONST           R30 constant[2447]  ; line 1986
11994 LOAD_CONST           R31 constant[2448]  ; line 1986
11995 LOAD_CONST           R32 constant[2449]  ; line 1986
11996 MOVE                 R33 <- R30  ; line 1986
11997 MOVE                 R34 <- R31  ; line 1986
11998 MOVE                 R35 <- R32  ; line 1986
11999 CALL                 a=36 b=86 c=33 imm=3  ; line 1986
12000 RETURN               R36  ; line 1986
12001 JUMP                 -> 12002  ; line 1986
12002 LOAD_CONST           R30 constant[2450]  ; line 1987
12003 MOVE                 R31 <- R30  ; line 1987
12004 COMPARE              a=31 b=29 c=32 imm=2  ; line 1988
12005 JUMP_IF_FALSE        R32 -> 12030  ; line 1988
12006 LOAD_CONST           R32 constant[2451]  ; line 1989
12007 MOVE                 R33 <- R0  ; line 1989
12008 MOVE                 R34 <- R32  ; line 1989
12009 HOST_CALL            a=35 b=11 c=33 imm=2  ; line 1989
12010 MOVE                 R36 <- R35  ; line 1989
12011 MOVE                 R37 <- R31  ; line 1989
12012 HOST_CALL            a=38 b=11 c=36 imm=2  ; line 1989
12013 MOVE                 R39 <- R16  ; line 1989
12014 MOVE                 R40 <- R38  ; line 1989
12015 HOST_CALL            a=41 b=23 c=39 imm=2  ; line 1989
12016 LOAD_CONST           R32 constant[2452]  ; line 1990
12017 MOVE                 R33 <- R0  ; line 1990
12018 MOVE                 R34 <- R32  ; line 1990
12019 HOST_CALL            a=35 b=11 c=33 imm=2  ; line 1990
12020 MOVE                 R36 <- R35  ; line 1990
12021 MOVE                 R37 <- R31  ; line 1990
12022 HOST_CALL            a=38 b=11 c=36 imm=2  ; line 1990
12023 MOVE                 R39 <- R12  ; line 1990
12024 MOVE                 R40 <- R38  ; line 1990
12025 HOST_CALL            a=41 b=23 c=39 imm=2  ; line 1990
12026 LOAD_CONST           R32 constant[2453]  ; line 1991
12027 BINARY               a=31 b=32 c=33 imm=0  ; line 1991
12028 MOVE                 R31 <- R33  ; line 1991
12029 JUMP                 -> 12004  ; line 1991
12030 LOAD_CONST           R32 constant[2454]  ; line 1993
12031 MOVE                 R33 <- R1  ; line 1993
12032 MOVE                 R34 <- R32  ; line 1993
12033 MOVE                 R35 <- R29  ; line 1993
12034 CALL                 a=36 b=87 c=33 imm=3  ; line 1993
12035 MOVE                 R18 <- R36  ; line 1993
12036 LOAD_CONST           R32 constant[2455]  ; line 1995
12037 COMPARE              a=18 b=32 c=33 imm=2  ; line 1995
12038 JUMP_IF_FALSE        R33 -> 12048  ; line 1995
12039 LOAD_CONST           R32 constant[2456]  ; line 1995
12040 LOAD_CONST           R33 constant[2457]  ; line 1995
12041 LOAD_CONST           R34 constant[2458]  ; line 1995
12042 MOVE                 R35 <- R32  ; line 1995
12043 MOVE                 R36 <- R33  ; line 1995
12044 MOVE                 R37 <- R34  ; line 1995
12045 CALL                 a=38 b=86 c=35 imm=3  ; line 1995
12046 RETURN               R38  ; line 1995
12047 JUMP                 -> 12048  ; line 1995
12048 MOVE                 R32 <- R12  ; line 1996
12049 HOST_CALL            a=33 b=26 c=32 imm=1  ; line 1996
12050 MOVE                 R34 <- R33  ; line 1996
12051 LOAD_CONST           R35 constant[2459]  ; line 1997
12052 COMPARE              a=34 b=35 c=36 imm=0  ; line 1997
12053 JUMP_IF_FALSE        R36 -> 12063  ; line 1997
12054 LOAD_CONST           R35 constant[2460]  ; line 1997
12055 LOAD_CONST           R36 constant[2461]  ; line 1997
12056 LOAD_CONST           R37 constant[2462]  ; line 1997
12057 MOVE                 R38 <- R35  ; line 1997
12058 MOVE                 R39 <- R36  ; line 1997
12059 MOVE                 R40 <- R37  ; line 1997
12060 CALL                 a=41 b=86 c=38 imm=3  ; line 1997
12061 RETURN               R41  ; line 1997
12062 JUMP                 -> 12063  ; line 1997
12063 LOAD_CONST           R35 constant[2463]  ; line 1998
12064 MOVE                 R36 <- R35  ; line 1998
12065 LOAD_CONST           R37 constant[2464]  ; line 1999
12066 MOVE                 R38 <- R37  ; line 1999
12067 LOAD_CONST           R39 constant[2465]  ; line 2000
12068 MOVE                 R40 <- R39  ; line 2000
12069 LOAD_CONST           R41 constant[2466]  ; line 2001
12070 MOVE                 R42 <- R41  ; line 2001
12071 LOAD_CONST           R43 constant[2467]  ; line 2002
12072 MOVE                 R44 <- R43  ; line 2002
12073 LOAD_CONST           R45 constant[2468]  ; line 2003
12074 MOVE                 R46 <- R45  ; line 2003
12075 COMPARE              a=46 b=34 c=47 imm=2  ; line 2004
12076 JUMP_IF_FALSE        R47 -> 12129  ; line 2004
12077 MOVE                 R47 <- R12  ; line 2005
12078 MOVE                 R48 <- R46  ; line 2005
12079 HOST_CALL            a=49 b=11 c=47 imm=2  ; line 2005
12080 LOAD_CONST           R50 constant[2469]  ; line 2005
12081 COMPARE              a=49 b=50 c=51 imm=5  ; line 2005
12082 JUMP_IF_FALSE        R51 -> 12092  ; line 2005
12083 MOVE                 R47 <- R12  ; line 2006
12084 MOVE                 R48 <- R46  ; line 2006
12085 HOST_CALL            a=49 b=11 c=47 imm=2  ; line 2006
12086 BINARY               a=36 b=49 c=50 imm=0  ; line 2006
12087 MOVE                 R36 <- R50  ; line 2006
12088 LOAD_CONST           R47 constant[2470]  ; line 2007
12089 BINARY               a=40 b=47 c=48 imm=0  ; line 2007
12090 MOVE                 R40 <- R48  ; line 2007
12091 JUMP                 -> 12100  ; line 2007
12092 MOVE                 R47 <- R12  ; line 2009
12093 MOVE                 R48 <- R46  ; line 2009
12094 HOST_CALL            a=49 b=11 c=47 imm=2  ; line 2009
12095 BINARY               a=38 b=49 c=50 imm=1  ; line 2009
12096 MOVE                 R38 <- R50  ; line 2009
12097 LOAD_CONST           R47 constant[2471]  ; line 2010
12098 BINARY               a=42 b=47 c=48 imm=0  ; line 2010
12099 MOVE                 R42 <- R48  ; line 2010
12100 LOAD_CONST           R47 constant[2472]  ; line 2012
12101 COMPARE              a=46 b=47 c=48 imm=4  ; line 2012
12102 JUMP_IF_FALSE        R48 -> 12125  ; line 2012
12103 MOVE                 R47 <- R16  ; line 2013
12104 MOVE                 R48 <- R46  ; line 2013
12105 HOST_CALL            a=49 b=11 c=47 imm=2  ; line 2013
12106 LOAD_CONST           R50 constant[2473]  ; line 2013
12107 BINARY               a=46 b=50 c=51 imm=1  ; line 2013
12108 MOVE                 R52 <- R16  ; line 2013
12109 MOVE                 R53 <- R51  ; line 2013
12110 HOST_CALL            a=54 b=11 c=52 imm=2  ; line 2013
12111 BINARY               a=49 b=54 c=55 imm=1  ; line 2013
12112 LOAD_CONST           R56 constant[2474]  ; line 2013
12113 LOAD_CONST           R57 constant[2475]  ; line 2013
12114 MOVE                 R58 <- R1  ; line 2013
12115 MOVE                 R59 <- R56  ; line 2013
12116 MOVE                 R60 <- R57  ; line 2013
12117 CALL                 a=61 b=87 c=58 imm=3  ; line 2013
12118 COMPARE              a=55 b=61 c=62 imm=3  ; line 2013
12119 JUMP_IF_FALSE        R62 -> 12124  ; line 2013
12120 LOAD_CONST           R47 constant[2476]  ; line 2014
12121 BINARY               a=44 b=47 c=48 imm=0  ; line 2014
12122 MOVE                 R44 <- R48  ; line 2014
12123 JUMP                 -> 12124  ; line 2014
12124 JUMP                 -> 12125  ; line 2014
12125 LOAD_CONST           R47 constant[2477]  ; line 2017
12126 BINARY               a=46 b=47 c=48 imm=0  ; line 2017
12127 MOVE                 R46 <- R48  ; line 2017
12128 JUMP                 -> 12075  ; line 2017
12129 BINARY               a=40 b=34 c=47 imm=3  ; line 2019
12130 MOVE                 R48 <- R47  ; line 2019
12131 LOAD_CONST           R49 constant[2478]  ; line 2020
12132 MOVE                 R50 <- R49  ; line 2020
12133 LOAD_CONST           R51 constant[2479]  ; line 2021
12134 MOVE                 R52 <- R51  ; line 2021
12135 LOAD_CONST           R53 constant[2480]  ; line 2022
12136 COMPARE              a=40 b=53 c=54 imm=4  ; line 2022
12137 JUMP_IF_FALSE        R54 -> 12141  ; line 2022
12138 BINARY               a=36 b=40 c=53 imm=3  ; line 2022
12139 MOVE                 R50 <- R53  ; line 2022
12140 JUMP                 -> 12141  ; line 2022
12141 LOAD_CONST           R53 constant[2481]  ; line 2023
12142 COMPARE              a=42 b=53 c=54 imm=4  ; line 2023
12143 JUMP_IF_FALSE        R54 -> 12147  ; line 2023
12144 BINARY               a=38 b=42 c=53 imm=3  ; line 2023
12145 MOVE                 R52 <- R53  ; line 2023
12146 JUMP                 -> 12147  ; line 2023
12147 BINARY               a=34 b=18 c=53 imm=3  ; line 2024
12148 MOVE                 R54 <- R53  ; line 2024
12149 LOAD_CONST           R55 constant[2482]  ; line 2025
12150 MOVE                 R56 <- R55  ; line 2025
12151 LOAD_CONST           R57 constant[2483]  ; line 2026
12152 COMPARE              a=34 b=57 c=58 imm=4  ; line 2026
12153 JUMP_IF_FALSE        R58 -> 12159  ; line 2026
12154 LOAD_CONST           R57 constant[2484]  ; line 2026
12155 BINARY               a=34 b=57 c=58 imm=1  ; line 2026
12156 BINARY               a=44 b=58 c=59 imm=3  ; line 2026
12157 MOVE                 R56 <- R59  ; line 2026
12158 JUMP                 -> 12159  ; line 2026
12159 LOAD_CONST           R57 constant[2485]  ; line 2027
12160 COMPARE              a=8 b=57 c=58 imm=0  ; line 2027
12161 JUMP_IF_FALSE        R58 -> 12165  ; line 2027
12162 LOAD_CONST           R57 constant[2486]  ; line 2027
12163 MOVE                 R56 <- R57  ; line 2027
12164 JUMP                 -> 12165  ; line 2027
12165 LOAD_CONST           R57 constant[2487]  ; line 2028
12166 MOVE                 R58 <- R57  ; line 2028
12167 HOST_CALL            a=59 b=22 c=58 imm=1  ; line 2028
12168 MOVE                 R60 <- R59  ; line 2028
12169 LOAD_CONST           R61 constant[2488]  ; line 2029
12170 MOVE                 R62 <- R61  ; line 2029
12171 HOST_CALL            a=63 b=22 c=62 imm=1  ; line 2029
12172 MOVE                 R64 <- R63  ; line 2029
12173 LOAD_CONST           R65 constant[2489]  ; line 2030
12174 MOVE                 R46 <- R65  ; line 2030
12175 COMPARE              a=46 b=18 c=65 imm=2  ; line 2031
12176 JUMP_IF_FALSE        R65 -> 12224  ; line 2031
12177 MOVE                 R65 <- R54  ; line 2032
12178 LOAD_CONST           R66 constant[2490]  ; line 2033
12179 COMPARE              a=8 b=66 c=67 imm=1  ; line 2033
12180 JUMP_IF_FALSE        R67 -> 12206  ; line 2033
12181 LOAD_CONST           R66 constant[2491]  ; line 2034
12182 MOVE                 R67 <- R66  ; line 2034
12183 COMPARE              a=67 b=34 c=68 imm=2  ; line 2035
12184 JUMP_IF_FALSE        R68 -> 12205  ; line 2035
12185 MOVE                 R68 <- R16  ; line 2036
12186 MOVE                 R69 <- R67  ; line 2036
12187 HOST_CALL            a=70 b=11 c=68 imm=2  ; line 2036
12188 COMPARE              a=70 b=46 c=71 imm=2  ; line 2036
12189 JUMP_IF_FALSE        R71 -> 12201  ; line 2036
12190 MOVE                 R68 <- R16  ; line 2037
12191 MOVE                 R69 <- R67  ; line 2037
12192 HOST_CALL            a=70 b=11 c=68 imm=2  ; line 2037
12193 BINARY               a=46 b=70 c=71 imm=1  ; line 2037
12194 UNARY                a=71 b=72 c=4294967295 imm=0  ; line 2037
12195 MOVE                 R73 <- R72  ; line 2037
12196 CALL                 a=74 b=91 c=73 imm=1  ; line 2037
12197 BINARY               a=56 b=74 c=75 imm=2  ; line 2037
12198 BINARY               a=65 b=75 c=76 imm=0  ; line 2037
12199 MOVE                 R65 <- R76  ; line 2037
12200 JUMP                 -> 12201  ; line 2037
12201 LOAD_CONST           R68 constant[2492]  ; line 2039
12202 BINARY               a=67 b=68 c=69 imm=0  ; line 2039
12203 MOVE                 R67 <- R69  ; line 2039
12204 JUMP                 -> 12183  ; line 2039
12205 JUMP                 -> 12206  ; line 2039
12206 MOVE                 R68 <- R60  ; line 2042
12207 MOVE                 R69 <- R65  ; line 2042
12208 HOST_CALL            a=70 b=23 c=68 imm=2  ; line 2042
12209 BINARY               a=48 b=50 c=68 imm=2  ; line 2043
12210 BINARY               a=68 b=50 c=69 imm=2  ; line 2043
12211 BINARY               a=65 b=69 c=70 imm=0  ; line 2043
12212 LOAD_CONST           R71 constant[2493]  ; line 2043
12213 BINARY               a=71 b=48 c=72 imm=1  ; line 2043
12214 BINARY               a=72 b=52 c=73 imm=2  ; line 2043
12215 BINARY               a=73 b=52 c=74 imm=2  ; line 2043
12216 BINARY               a=70 b=74 c=75 imm=0  ; line 2043
12217 MOVE                 R76 <- R64  ; line 2043
12218 MOVE                 R77 <- R75  ; line 2043
12219 HOST_CALL            a=78 b=23 c=76 imm=2  ; line 2043
12220 LOAD_CONST           R68 constant[2494]  ; line 2044
12221 BINARY               a=46 b=68 c=69 imm=0  ; line 2044
12222 MOVE                 R46 <- R69  ; line 2044
12223 JUMP                 -> 12175  ; line 2044
12224 LOAD_CONST           R68 constant[2495]  ; line 2046
12225 LOAD_CONST           R69 constant[2496]  ; line 2046
12226 LOAD_CONST           R70 constant[2497]  ; line 2046
12227 LOAD_CONST           R71 constant[2498]  ; line 2046
12228 LOAD_CONST           R72 constant[2499]  ; line 2046
12229 LOAD_CONST           R73 constant[2500]  ; line 2046
12230 LOAD_CONST           R74 constant[2501]  ; line 2046
12231 LOAD_CONST           R75 constant[2502]  ; line 2046
12232 LOAD_CONST           R76 constant[2503]  ; line 2046
12233 LOAD_CONST           R77 constant[2504]  ; line 2046
12234 LOAD_CONST           R78 constant[2505]  ; line 2046
12235 LOAD_CONST           R79 constant[2506]  ; line 2046
12236 LOAD_CONST           R80 constant[2507]  ; line 2046
12237 LOAD_CONST           R81 constant[2508]  ; line 2046
12238 MOVE                 R82 <- R75  ; line 2046
12239 MOVE                 R83 <- R8  ; line 2046
12240 MOVE                 R84 <- R76  ; line 2046
12241 MOVE                 R85 <- R54  ; line 2046
12242 MOVE                 R86 <- R77  ; line 2046
12243 MOVE                 R87 <- R56  ; line 2046
12244 MOVE                 R88 <- R78  ; line 2046
12245 MOVE                 R89 <- R48  ; line 2046
12246 MOVE                 R90 <- R79  ; line 2046
12247 MOVE                 R91 <- R50  ; line 2046
12248 MOVE                 R92 <- R80  ; line 2046
12249 MOVE                 R93 <- R52  ; line 2046
12250 MOVE                 R94 <- R81  ; line 2046
12251 MOVE                 R95 <- R20  ; line 2046
12252 HOST_CALL            a=96 b=6 c=82 imm=14  ; line 2046
12253 LOAD_CONST           R97 constant[2509]  ; line 2046
12254 LOAD_CONST           R98 constant[2510]  ; line 2046
12255 LOAD_CONST           R99 constant[2511]  ; line 2046
12256 MOVE                 R100 <- R98  ; line 2046
12257 MOVE                 R101 <- R99  ; line 2046
12258 HOST_CALL            a=102 b=6 c=100 imm=2  ; line 2046
12259 LOAD_CONST           R103 constant[2512]  ; line 2046
12260 ARRAY_NEW            a=104 b=104 c=0 imm=4294967295  ; line 2046
12261 LOAD_CONST           R105 constant[2513]  ; line 2046
12262 LOAD_CONST           R106 constant[2514]  ; line 2046
12263 LOAD_CONST           R107 constant[2515]  ; line 2046
12264 MOVE                 R108 <- R106  ; line 2046
12265 MOVE                 R109 <- R34  ; line 2046
12266 MOVE                 R110 <- R107  ; line 2046
12267 MOVE                 R111 <- R18  ; line 2046
12268 HOST_CALL            a=112 b=6 c=108 imm=4  ; line 2046
12269 LOAD_CONST           R113 constant[2516]  ; line 2046
12270 LOAD_CONST           R114 constant[2517]  ; line 2046
12271 LOAD_CONST           R115 constant[2518]  ; line 2046
12272 LOAD_CONST           R116 constant[2519]  ; line 2046
12273 LOAD_CONST           R117 constant[2520]  ; line 2046
12274 LOAD_CONST           R118 constant[2521]  ; line 2046
12275 MOVE                 R119 <- R68  ; line 2046
12276 MOVE                 R120 <- R69  ; line 2046
12277 MOVE                 R121 <- R70  ; line 2046
12278 MOVE                 R122 <- R71  ; line 2046
12279 MOVE                 R123 <- R72  ; line 2046
12280 MOVE                 R124 <- R73  ; line 2046
12281 MOVE                 R125 <- R74  ; line 2046
12282 MOVE                 R126 <- R96  ; line 2046
12283 MOVE                 R127 <- R97  ; line 2046
12284 MOVE                 R128 <- R102  ; line 2046
12285 MOVE                 R129 <- R103  ; line 2046
12286 MOVE                 R130 <- R104  ; line 2046
12287 MOVE                 R131 <- R105  ; line 2046
12288 MOVE                 R132 <- R112  ; line 2046
12289 MOVE                 R133 <- R113  ; line 2046
12290 MOVE                 R134 <- R114  ; line 2046
12291 MOVE                 R135 <- R115  ; line 2046
12292 MOVE                 R136 <- R116  ; line 2046
12293 MOVE                 R137 <- R117  ; line 2046
12294 MOVE                 R138 <- R118  ; line 2046
12295 HOST_CALL            a=139 b=6 c=119 imm=20  ; line 2046
12296 MOVE                 R140 <- R139  ; line 2046
12297 MOVE                 R141 <- R60  ; line 2051
12298 HOST_CALL            a=142 b=72 c=141 imm=1  ; line 2051
12299 MOVE                 R143 <- R64  ; line 2051
12300 HOST_CALL            a=144 b=72 c=143 imm=1  ; line 2051
12301 LOAD_CONST           R145 constant[2522]  ; line 2051
12302 LOAD_CONST           R146 constant[2523]  ; line 2051
12303 MOVE                 R147 <- R145  ; line 2051
12304 MOVE                 R148 <- R34  ; line 2051
12305 MOVE                 R149 <- R146  ; line 2051
12306 MOVE                 R150 <- R44  ; line 2051
12307 HOST_CALL            a=151 b=6 c=147 imm=4  ; line 2051
12308 LOAD_CONST           R152 constant[2524]  ; line 2051
12309 LOAD_CONST           R153 constant[2525]  ; line 2051
12310 LOAD_CONST           R154 constant[2526]  ; line 2051
12311 MOVE                 R155 <- R153  ; line 2051
12312 MOVE                 R156 <- R154  ; line 2051
12313 ARRAY_NEW            a=157 b=155 c=2 imm=4294967295  ; line 2051
12314 MOVE                 R158 <- R140  ; line 2051
12315 MOVE                 R159 <- R142  ; line 2051
12316 MOVE                 R160 <- R144  ; line 2051
12317 MOVE                 R161 <- R151  ; line 2051
12318 MOVE                 R162 <- R152  ; line 2051
12319 MOVE                 R163 <- R157  ; line 2051
12320 CALL                 a=164 b=101 c=158 imm=6  ; line 2051
12321 RETURN               R164  ; line 2051
12322 LOAD_CONST           R165 constant[2527]  ; line 2051
12323 RETURN               R165  ; line 2051
12324 LOAD_CONST           R1 constant[2528]  ; line 2057
12325 COMPARE              a=0 b=1 c=2 imm=0  ; line 2057
12326 JUMP_IF_FALSE        R2 -> 12330  ; line 2057
12327 LOAD_CONST           R1 constant[2529]  ; line 2057
12328 RETURN               R1  ; line 2057
12329 JUMP                 -> 12330  ; line 2057
12330 LOAD_CONST           R1 constant[2530]  ; line 2058
12331 COMPARE              a=0 b=1 c=2 imm=0  ; line 2058
12332 JUMP_IF_FALSE        R2 -> 12336  ; line 2058
12333 LOAD_CONST           R1 constant[2531]  ; line 2058
12334 RETURN               R1  ; line 2058
12335 JUMP                 -> 12336  ; line 2058
12336 LOAD_CONST           R1 constant[2532]  ; line 2059
12337 COMPARE              a=0 b=1 c=2 imm=0  ; line 2059
12338 JUMP_IF_FALSE        R2 -> 12342  ; line 2059
12339 LOAD_CONST           R1 constant[2533]  ; line 2059
12340 RETURN               R1  ; line 2059
12341 JUMP                 -> 12342  ; line 2059
12342 LOAD_CONST           R1 constant[2534]  ; line 2060
12343 COMPARE              a=0 b=1 c=2 imm=0  ; line 2060
12344 JUMP_IF_FALSE        R2 -> 12348  ; line 2060
12345 LOAD_CONST           R1 constant[2535]  ; line 2060
12346 RETURN               R1  ; line 2060
12347 JUMP                 -> 12348  ; line 2060
12348 LOAD_CONST           R1 constant[2536]  ; line 2061
12349 COMPARE              a=0 b=1 c=2 imm=0  ; line 2061
12350 RETURN               R2  ; line 2061
12351 LOAD_CONST           R3 constant[2537]  ; line 2061
12352 RETURN               R3  ; line 2061
12353 LOAD_CONST           R3 constant[2538]  ; line 2065
12354 COMPARE              a=1 b=3 c=4 imm=0  ; line 2065
12355 JUMP_IF_FALSE        R4 -> 12362  ; line 2065
12356 LOAD_CONST           R3 constant[2539]  ; line 2065
12357 MOVE                 R4 <- R0  ; line 2065
12358 MOVE                 R5 <- R3  ; line 2065
12359 HOST_CALL            a=6 b=166 c=4 imm=2  ; line 2065
12360 MOVE                 R0 <- R6  ; line 2065
12361 JUMP                 -> 12362  ; line 2065
12362 LOAD_CONST           R3 constant[2540]  ; line 2066
12363 COMPARE              a=1 b=3 c=4 imm=0  ; line 2066
12364 JUMP_IF_FALSE        R4 -> 12371  ; line 2066
12365 LOAD_CONST           R3 constant[2541]  ; line 2066
12366 MOVE                 R4 <- R0  ; line 2066
12367 MOVE                 R5 <- R3  ; line 2066
12368 HOST_CALL            a=6 b=166 c=4 imm=2  ; line 2066
12369 MOVE                 R0 <- R6  ; line 2066
12370 JUMP                 -> 12371  ; line 2066
12371 LOAD_CONST           R3 constant[2542]  ; line 2067
12372 COMPARE              a=1 b=3 c=4 imm=0  ; line 2067
12373 JUMP_IF_FALSE        R4 -> 12380  ; line 2067
12374 LOAD_CONST           R3 constant[2543]  ; line 2067
12375 MOVE                 R4 <- R0  ; line 2067
12376 MOVE                 R5 <- R3  ; line 2067
12377 HOST_CALL            a=6 b=166 c=4 imm=2  ; line 2067
12378 MOVE                 R0 <- R6  ; line 2067
12379 JUMP                 -> 12380  ; line 2067
12380 LOAD_CONST           R3 constant[2544]  ; line 2068
12381 MOVE                 R4 <- R0  ; line 2068
12382 MOVE                 R5 <- R3  ; line 2068
12383 MOVE                 R6 <- R2  ; line 2068
12384 HOST_CALL            a=7 b=183 c=4 imm=3  ; line 2068
12385 RETURN               R7  ; line 2068
12386 LOAD_CONST           R8 constant[2545]  ; line 2068
12387 RETURN               R8  ; line 2068
12388 MOVE                 R3 <- R2  ; line 2072
12389 HOST_CALL            a=4 b=86 c=3 imm=1  ; line 2072
12390 LOAD_CONST           R5 constant[2546]  ; line 2072
12391 COMPARE              a=4 b=5 c=6 imm=1  ; line 2072
12392 JUMP_IF_FALSE        R6 -> 12402  ; line 2072
12393 LOAD_CONST           R3 constant[2547]  ; line 2072
12394 LOAD_CONST           R4 constant[2548]  ; line 2072
12395 LOAD_CONST           R5 constant[2549]  ; line 2072
12396 MOVE                 R6 <- R3  ; line 2072
12397 MOVE                 R7 <- R4  ; line 2072
12398 MOVE                 R8 <- R5  ; line 2072
12399 CALL                 a=9 b=86 c=6 imm=3  ; line 2072
12400 RETURN               R9  ; line 2072
12401 JUMP                 -> 12402  ; line 2072
12402 LOAD_CONST           R3 constant[2550]  ; line 2073
12403 COMPARE              a=0 b=3 c=4 imm=0  ; line 2073
12404 JUMP_IF_FALSE        R4 -> 12411  ; line 2073
12405 MOVE                 R3 <- R0  ; line 2073
12406 MOVE                 R4 <- R1  ; line 2073
12407 MOVE                 R5 <- R2  ; line 2073
12408 CALL                 a=6 b=102 c=3 imm=3  ; line 2073
12409 RETURN               R6  ; line 2073
12410 JUMP                 -> 12411  ; line 2073
12411 LOAD_CONST           R3 constant[2551]  ; line 2074
12412 COMPARE              a=0 b=3 c=4 imm=0  ; line 2074
12413 JUMP_IF_FALSE        R4 -> 12420  ; line 2074
12414 MOVE                 R3 <- R0  ; line 2074
12415 MOVE                 R4 <- R1  ; line 2074
12416 MOVE                 R5 <- R2  ; line 2074
12417 CALL                 a=6 b=102 c=3 imm=3  ; line 2074
12418 RETURN               R6  ; line 2074
12419 JUMP                 -> 12420  ; line 2074
12420 LOAD_CONST           R3 constant[2552]  ; line 2075
12421 COMPARE              a=0 b=3 c=4 imm=0  ; line 2075
12422 JUMP_IF_FALSE        R4 -> 12428  ; line 2075
12423 MOVE                 R3 <- R1  ; line 2075
12424 MOVE                 R4 <- R2  ; line 2075
12425 CALL                 a=5 b=104 c=3 imm=2  ; line 2075
12426 RETURN               R5  ; line 2075
12427 JUMP                 -> 12428  ; line 2075
12428 LOAD_CONST           R3 constant[2553]  ; line 2076
12429 COMPARE              a=0 b=3 c=4 imm=0  ; line 2076
12430 JUMP_IF_FALSE        R4 -> 12436  ; line 2076
12431 MOVE                 R3 <- R1  ; line 2076
12432 MOVE                 R4 <- R2  ; line 2076
12433 CALL                 a=5 b=106 c=3 imm=2  ; line 2076
12434 RETURN               R5  ; line 2076
12435 JUMP                 -> 12436  ; line 2076
12436 LOAD_CONST           R3 constant[2554]  ; line 2077
12437 COMPARE              a=0 b=3 c=4 imm=0  ; line 2077
12438 JUMP_IF_FALSE        R4 -> 12444  ; line 2077
12439 MOVE                 R3 <- R1  ; line 2077
12440 MOVE                 R4 <- R2  ; line 2077
12441 CALL                 a=5 b=108 c=3 imm=2  ; line 2077
12442 RETURN               R5  ; line 2077
12443 JUMP                 -> 12444  ; line 2077
12444 LOAD_CONST           R3 constant[2555]  ; line 2078
12445 COMPARE              a=0 b=3 c=4 imm=0  ; line 2078
12446 JUMP_IF_FALSE        R4 -> 12452  ; line 2078
12447 MOVE                 R3 <- R1  ; line 2078
12448 MOVE                 R4 <- R2  ; line 2078
12449 CALL                 a=5 b=128 c=3 imm=2  ; line 2078
12450 RETURN               R5  ; line 2078
12451 JUMP                 -> 12452  ; line 2078
12452 LOAD_CONST           R3 constant[2556]  ; line 2079
12453 COMPARE              a=0 b=3 c=4 imm=0  ; line 2079
12454 JUMP_IF_FALSE        R4 -> 12460  ; line 2079
12455 MOVE                 R3 <- R1  ; line 2079
12456 MOVE                 R4 <- R2  ; line 2079
12457 CALL                 a=5 b=133 c=3 imm=2  ; line 2079
12458 RETURN               R5  ; line 2079
12459 JUMP                 -> 12460  ; line 2079
12460 LOAD_CONST           R3 constant[2557]  ; line 2080
12461 COMPARE              a=0 b=3 c=4 imm=0  ; line 2080
12462 JUMP_IF_FALSE        R4 -> 12468  ; line 2080
12463 MOVE                 R3 <- R1  ; line 2080
12464 MOVE                 R4 <- R2  ; line 2080
12465 CALL                 a=5 b=135 c=3 imm=2  ; line 2080
12466 RETURN               R5  ; line 2080
12467 JUMP                 -> 12468  ; line 2080
12468 LOAD_CONST           R3 constant[2558]  ; line 2081
12469 COMPARE              a=0 b=3 c=4 imm=0  ; line 2081
12470 JUMP_IF_FALSE        R4 -> 12478  ; line 2081
12471 LOAD_CONST           R3 constant[2559]  ; line 2081
12472 MOVE                 R4 <- R1  ; line 2081
12473 MOVE                 R5 <- R2  ; line 2081
12474 MOVE                 R6 <- R3  ; line 2081
12475 CALL                 a=7 b=149 c=4 imm=3  ; line 2081
12476 RETURN               R7  ; line 2081
12477 JUMP                 -> 12478  ; line 2081
12478 LOAD_CONST           R3 constant[2560]  ; line 2082
12479 COMPARE              a=0 b=3 c=4 imm=0  ; line 2082
12480 JUMP_IF_FALSE        R4 -> 12488  ; line 2082
12481 LOAD_CONST           R3 constant[2561]  ; line 2082
12482 MOVE                 R4 <- R1  ; line 2082
12483 MOVE                 R5 <- R2  ; line 2082
12484 MOVE                 R6 <- R3  ; line 2082
12485 CALL                 a=7 b=149 c=4 imm=3  ; line 2082
12486 RETURN               R7  ; line 2082
12487 JUMP                 -> 12488  ; line 2082
12488 LOAD_CONST           R3 constant[2562]  ; line 2083
12489 COMPARE              a=0 b=3 c=4 imm=0  ; line 2083
12490 JUMP_IF_FALSE        R4 -> 12496  ; line 2083
12491 MOVE                 R3 <- R1  ; line 2083
12492 MOVE                 R4 <- R2  ; line 2083
12493 CALL                 a=5 b=150 c=3 imm=2  ; line 2083
12494 RETURN               R5  ; line 2083
12495 JUMP                 -> 12496  ; line 2083
12496 LOAD_CONST           R3 constant[2563]  ; line 2084
12497 LOAD_CONST           R4 constant[2564]  ; line 2084
12498 LOAD_CONST           R5 constant[2565]  ; line 2084
12499 MOVE                 R6 <- R3  ; line 2084
12500 MOVE                 R7 <- R4  ; line 2084
12501 MOVE                 R8 <- R5  ; line 2084
12502 CALL                 a=9 b=86 c=6 imm=3  ; line 2084
12503 RETURN               R9  ; line 2084
12504 LOAD_CONST           R10 constant[2566]  ; line 2084
12505 RETURN               R10  ; line 2084
12506 LOAD_CONST           R2 constant[2567]  ; line 2088
12507 MOVE                 R3 <- R0  ; line 2088
12508 MOVE                 R4 <- R2  ; line 2088
12509 HOST_CALL            a=5 b=11 c=3 imm=2  ; line 2088
12510 LOAD_CONST           R6 constant[2568]  ; line 2088
12511 MOVE                 R7 <- R5  ; line 2088
12512 MOVE                 R8 <- R6  ; line 2088
12513 HOST_CALL            a=9 b=11 c=7 imm=2  ; line 2088
12514 MOVE                 R10 <- R9  ; line 2088
12515 LOAD_CONST           R11 constant[2569]  ; line 2089
12516 MOVE                 R12 <- R10  ; line 2089
12517 MOVE                 R13 <- R11  ; line 2089
12518 HOST_CALL            a=14 b=11 c=12 imm=2  ; line 2089
12519 LOAD_CONST           R15 constant[2570]  ; line 2089
12520 COMPARE              a=14 b=15 c=16 imm=0  ; line 2089
12521 MOVE                 R17 <- R16  ; line 2089
12522 LOAD_CONST           R18 constant[2571]  ; line 2090
12523 MOVE                 R19 <- R10  ; line 2090
12524 MOVE                 R20 <- R18  ; line 2090
12525 HOST_CALL            a=21 b=11 c=19 imm=2  ; line 2090
12526 LOAD_CONST           R22 constant[2572]  ; line 2090
12527 COMPARE              a=21 b=22 c=23 imm=0  ; line 2090
12528 JUMP_IF_FALSE        R23 -> 12532  ; line 2090
12529 LOAD_CONST           R18 constant[2573]  ; line 2090
12530 MOVE                 R17 <- R18  ; line 2090
12531 JUMP                 -> 12532  ; line 2090
12532 LOAD_CONST           R18 constant[2574]  ; line 2091
12533 MOVE                 R19 <- R10  ; line 2091
12534 MOVE                 R20 <- R18  ; line 2091
12535 HOST_CALL            a=21 b=11 c=19 imm=2  ; line 2091
12536 LOAD_CONST           R22 constant[2575]  ; line 2091
12537 COMPARE              a=21 b=22 c=23 imm=0  ; line 2091
12538 JUMP_IF_FALSE        R23 -> 12542  ; line 2091
12539 LOAD_CONST           R18 constant[2576]  ; line 2091
12540 MOVE                 R17 <- R18  ; line 2091
12541 JUMP                 -> 12542  ; line 2091
12542 LOAD_CONST           R18 constant[2577]  ; line 2092
12543 MOVE                 R19 <- R10  ; line 2092
12544 MOVE                 R20 <- R18  ; line 2092
12545 HOST_CALL            a=21 b=11 c=19 imm=2  ; line 2092
12546 MOVE                 R22 <- R21  ; line 2092
12547 JUMP_IF_FALSE        R17 -> 12566  ; line 2093
12548 LOAD_CONST           R23 constant[2578]  ; line 2094
12549 LOAD_CONST           R24 constant[2579]  ; line 2094
12550 MOVE                 R25 <- R22  ; line 2094
12551 MOVE                 R26 <- R24  ; line 2094
12552 HOST_CALL            a=27 b=11 c=25 imm=2  ; line 2094
12553 LOAD_CONST           R28 constant[2580]  ; line 2094
12554 MOVE                 R29 <- R10  ; line 2094
12555 MOVE                 R30 <- R28  ; line 2094
12556 HOST_CALL            a=31 b=11 c=29 imm=2  ; line 2094
12557 MOVE                 R32 <- R27  ; line 2094
12558 MOVE                 R33 <- R31  ; line 2094
12559 MOVE                 R34 <- R1  ; line 2094
12560 CALL                 a=35 b=152 c=32 imm=3  ; line 2094
12561 MOVE                 R36 <- R22  ; line 2094
12562 MOVE                 R37 <- R23  ; line 2094
12563 MOVE                 R38 <- R35  ; line 2094
12564 HOST_CALL            a=39 b=12 c=36 imm=3  ; line 2094
12565 JUMP                 -> 12566  ; line 2094
12566 LOAD_CONST           R23 constant[2581]  ; line 2096
12567 MOVE                 R24 <- R10  ; line 2096
12568 MOVE                 R25 <- R23  ; line 2096
12569 HOST_CALL            a=26 b=11 c=24 imm=2  ; line 2096
12570 LOAD_CONST           R27 constant[2582]  ; line 2096
12571 COMPARE              a=26 b=27 c=28 imm=0  ; line 2096
12572 JUMP_IF_FALSE        R28 -> 12608  ; line 2096
12573 LOAD_CONST           R23 constant[2583]  ; line 2097
12574 LOAD_CONST           R24 constant[2584]  ; line 2097
12575 MOVE                 R25 <- R22  ; line 2097
12576 MOVE                 R26 <- R24  ; line 2097
12577 HOST_CALL            a=27 b=11 c=25 imm=2  ; line 2097
12578 LOAD_CONST           R28 constant[2585]  ; line 2097
12579 MOVE                 R29 <- R10  ; line 2097
12580 MOVE                 R30 <- R28  ; line 2097
12581 HOST_CALL            a=31 b=11 c=29 imm=2  ; line 2097
12582 MOVE                 R32 <- R27  ; line 2097
12583 MOVE                 R33 <- R31  ; line 2097
12584 MOVE                 R34 <- R1  ; line 2097
12585 CALL                 a=35 b=152 c=32 imm=3  ; line 2097
12586 MOVE                 R36 <- R22  ; line 2097
12587 MOVE                 R37 <- R23  ; line 2097
12588 MOVE                 R38 <- R35  ; line 2097
12589 HOST_CALL            a=39 b=12 c=36 imm=3  ; line 2097
12590 LOAD_CONST           R23 constant[2586]  ; line 2098
12591 LOAD_CONST           R24 constant[2587]  ; line 2098
12592 MOVE                 R25 <- R22  ; line 2098
12593 MOVE                 R26 <- R24  ; line 2098
12594 HOST_CALL            a=27 b=11 c=25 imm=2  ; line 2098
12595 LOAD_CONST           R28 constant[2588]  ; line 2098
12596 MOVE                 R29 <- R10  ; line 2098
12597 MOVE                 R30 <- R28  ; line 2098
12598 HOST_CALL            a=31 b=11 c=29 imm=2  ; line 2098
12599 MOVE                 R32 <- R27  ; line 2098
12600 MOVE                 R33 <- R31  ; line 2098
12601 MOVE                 R34 <- R1  ; line 2098
12602 CALL                 a=35 b=152 c=32 imm=3  ; line 2098
12603 MOVE                 R36 <- R22  ; line 2098
12604 MOVE                 R37 <- R23  ; line 2098
12605 MOVE                 R38 <- R35  ; line 2098
12606 HOST_CALL            a=39 b=12 c=36 imm=3  ; line 2098
12607 JUMP                 -> 12608  ; line 2098
12608 LOAD_CONST           R23 constant[2589]  ; line 2100
12609 MOVE                 R24 <- R10  ; line 2100
12610 MOVE                 R25 <- R23  ; line 2100
12611 HOST_CALL            a=26 b=11 c=24 imm=2  ; line 2100
12612 LOAD_CONST           R27 constant[2590]  ; line 2100
12613 COMPARE              a=26 b=27 c=28 imm=0  ; line 2100
12614 JUMP_IF_FALSE        R28 -> 12667  ; line 2100
12615 LOAD_CONST           R23 constant[2591]  ; line 2101
12616 LOAD_CONST           R24 constant[2592]  ; line 2101
12617 MOVE                 R25 <- R22  ; line 2101
12618 MOVE                 R26 <- R24  ; line 2101
12619 HOST_CALL            a=27 b=11 c=25 imm=2  ; line 2101
12620 LOAD_CONST           R28 constant[2593]  ; line 2101
12621 MOVE                 R29 <- R10  ; line 2101
12622 MOVE                 R30 <- R28  ; line 2101
12623 HOST_CALL            a=31 b=11 c=29 imm=2  ; line 2101
12624 MOVE                 R32 <- R27  ; line 2101
12625 MOVE                 R33 <- R31  ; line 2101
12626 MOVE                 R34 <- R1  ; line 2101
12627 CALL                 a=35 b=152 c=32 imm=3  ; line 2101
12628 MOVE                 R36 <- R22  ; line 2101
12629 MOVE                 R37 <- R23  ; line 2101
12630 MOVE                 R38 <- R35  ; line 2101
12631 HOST_CALL            a=39 b=12 c=36 imm=3  ; line 2101
12632 LOAD_CONST           R23 constant[2594]  ; line 2102
12633 LOAD_CONST           R24 constant[2595]  ; line 2102
12634 MOVE                 R25 <- R22  ; line 2102
12635 MOVE                 R26 <- R24  ; line 2102
12636 HOST_CALL            a=27 b=11 c=25 imm=2  ; line 2102
12637 LOAD_CONST           R28 constant[2596]  ; line 2102
12638 MOVE                 R29 <- R10  ; line 2102
12639 MOVE                 R30 <- R28  ; line 2102
12640 HOST_CALL            a=31 b=11 c=29 imm=2  ; line 2102
12641 MOVE                 R32 <- R27  ; line 2102
12642 MOVE                 R33 <- R31  ; line 2102
12643 MOVE                 R34 <- R1  ; line 2102
12644 CALL                 a=35 b=152 c=32 imm=3  ; line 2102
12645 MOVE                 R36 <- R22  ; line 2102
12646 MOVE                 R37 <- R23  ; line 2102
12647 MOVE                 R38 <- R35  ; line 2102
12648 HOST_CALL            a=39 b=12 c=36 imm=3  ; line 2102
12649 LOAD_CONST           R23 constant[2597]  ; line 2103
12650 LOAD_CONST           R24 constant[2598]  ; line 2103
12651 MOVE                 R25 <- R22  ; line 2103
12652 MOVE                 R26 <- R24  ; line 2103
12653 HOST_CALL            a=27 b=11 c=25 imm=2  ; line 2103
12654 LOAD_CONST           R28 constant[2599]  ; line 2103
12655 MOVE                 R29 <- R10  ; line 2103
12656 MOVE                 R30 <- R28  ; line 2103
12657 HOST_CALL            a=31 b=11 c=29 imm=2  ; line 2103
12658 MOVE                 R32 <- R27  ; line 2103
12659 MOVE                 R33 <- R31  ; line 2103
12660 MOVE                 R34 <- R1  ; line 2103
12661 CALL                 a=35 b=152 c=32 imm=3  ; line 2103
12662 MOVE                 R36 <- R22  ; line 2103
12663 MOVE                 R37 <- R23  ; line 2103
12664 MOVE                 R38 <- R35  ; line 2103
12665 HOST_CALL            a=39 b=12 c=36 imm=3  ; line 2103
12666 JUMP                 -> 12667  ; line 2103
12667 LOAD_CONST           R23 constant[2600]  ; line 2105
12668 MOVE                 R24 <- R10  ; line 2105
12669 MOVE                 R25 <- R23  ; line 2105
12670 MOVE                 R26 <- R22  ; line 2105
12671 HOST_CALL            a=27 b=12 c=24 imm=3  ; line 2105
12672 LOAD_CONST           R23 constant[2601]  ; line 2106
12673 LOAD_CONST           R24 constant[2602]  ; line 2106
12674 MOVE                 R25 <- R10  ; line 2106
12675 MOVE                 R26 <- R23  ; line 2106
12676 MOVE                 R27 <- R24  ; line 2106
12677 HOST_CALL            a=28 b=12 c=25 imm=3  ; line 2106
12678 RETURN               R0  ; line 2107
12679 LOAD_CONST           R23 constant[2603]  ; line 2107
12680 RETURN               R23  ; line 2107
12681 MOVE                 R3 <- R2  ; line 2111
12682 HOST_CALL            a=4 b=86 c=3 imm=1  ; line 2111
12683 LOAD_CONST           R5 constant[2604]  ; line 2111
12684 COMPARE              a=4 b=5 c=6 imm=1  ; line 2111
12685 JUMP_IF_FALSE        R6 -> 12695  ; line 2111
12686 LOAD_CONST           R3 constant[2605]  ; line 2111
12687 LOAD_CONST           R4 constant[2606]  ; line 2111
12688 LOAD_CONST           R5 constant[2607]  ; line 2111
12689 MOVE                 R6 <- R3  ; line 2111
12690 MOVE                 R7 <- R4  ; line 2111
12691 MOVE                 R8 <- R5  ; line 2111
12692 CALL                 a=9 b=86 c=6 imm=3  ; line 2111
12693 RETURN               R9  ; line 2111
12694 JUMP                 -> 12695  ; line 2111
12695 LOAD_CONST           R3 constant[2608]  ; line 2112
12696 LOAD_CONST           R4 constant[2609]  ; line 2112
12697 MOVE                 R5 <- R2  ; line 2112
12698 MOVE                 R6 <- R3  ; line 2112
12699 MOVE                 R7 <- R4  ; line 2112
12700 CALL                 a=8 b=87 c=5 imm=3  ; line 2112
12701 MOVE                 R9 <- R8  ; line 2112
12702 LOAD_CONST           R10 constant[2610]  ; line 2113
12703 COMPARE              a=9 b=10 c=11 imm=1  ; line 2113
12704 JUMP_IF_FALSE        R11 -> 12722  ; line 2113
12705 LOAD_CONST           R10 constant[2611]  ; line 2114
12706 COMPARE              a=9 b=10 c=11 imm=1  ; line 2114
12707 JUMP_IF_FALSE        R11 -> 12721  ; line 2114
12708 LOAD_CONST           R10 constant[2612]  ; line 2115
12709 COMPARE              a=9 b=10 c=11 imm=1  ; line 2115
12710 JUMP_IF_FALSE        R11 -> 12720  ; line 2115
12711 LOAD_CONST           R10 constant[2613]  ; line 2116
12712 LOAD_CONST           R11 constant[2614]  ; line 2116
12713 LOAD_CONST           R12 constant[2615]  ; line 2116
12714 MOVE                 R13 <- R10  ; line 2116
12715 MOVE                 R14 <- R11  ; line 2116
12716 MOVE                 R15 <- R12  ; line 2116
12717 CALL                 a=16 b=86 c=13 imm=3  ; line 2116
12718 RETURN               R16  ; line 2116
12719 JUMP                 -> 12720  ; line 2116
12720 JUMP                 -> 12721  ; line 2116
12721 JUMP                 -> 12722  ; line 2116
12722 LOAD_CONST           R10 constant[2616]  ; line 2120
12723 COMPARE              a=9 b=10 c=11 imm=0  ; line 2120
12724 JUMP_IF_FALSE        R11 -> 12739  ; line 2120
12725 MOVE                 R10 <- R0  ; line 2121
12726 CALL                 a=11 b=151 c=10 imm=1  ; line 2121
12727 UNARY                a=11 b=12 c=4294967295 imm=1  ; line 2121
12728 JUMP_IF_FALSE        R12 -> 12738  ; line 2121
12729 LOAD_CONST           R10 constant[2617]  ; line 2122
12730 LOAD_CONST           R11 constant[2618]  ; line 2122
12731 LOAD_CONST           R12 constant[2619]  ; line 2122
12732 MOVE                 R13 <- R10  ; line 2122
12733 MOVE                 R14 <- R11  ; line 2122
12734 MOVE                 R15 <- R12  ; line 2122
12735 CALL                 a=16 b=86 c=13 imm=3  ; line 2122
12736 RETURN               R16  ; line 2122
12737 JUMP                 -> 12738  ; line 2122
12738 JUMP                 -> 12739  ; line 2122
12739 LOAD_CONST           R10 constant[2620]  ; line 2125
12740 COMPARE              a=9 b=10 c=11 imm=0  ; line 2125
12741 MOVE                 R12 <- R11  ; line 2125
12742 LOAD_CONST           R13 constant[2621]  ; line 2126
12743 COMPARE              a=9 b=13 c=14 imm=0  ; line 2126
12744 JUMP_IF_FALSE        R14 -> 12758  ; line 2126
12745 MOVE                 R13 <- R0  ; line 2127
12746 CALL                 a=14 b=151 c=13 imm=1  ; line 2127
12747 JUMP_IF_FALSE        R14 -> 12757  ; line 2127
12748 LOAD_CONST           R13 constant[2622]  ; line 2128
12749 MOVE                 R14 <- R2  ; line 2128
12750 MOVE                 R15 <- R13  ; line 2128
12751 HOST_CALL            a=16 b=7 c=14 imm=2  ; line 2128
12752 JUMP_IF_FALSE        R16 -> 12756  ; line 2128
12753 LOAD_CONST           R13 constant[2623]  ; line 2128
12754 MOVE                 R12 <- R13  ; line 2128
12755 JUMP                 -> 12756  ; line 2128
12756 JUMP                 -> 12757  ; line 2128
12757 JUMP                 -> 12758  ; line 2128
12758 UNARY                a=12 b=13 c=4294967295 imm=1  ; line 2131
12759 JUMP_IF_FALSE        R13 -> 12766  ; line 2131
12760 MOVE                 R13 <- R0  ; line 2131
12761 MOVE                 R14 <- R1  ; line 2131
12762 MOVE                 R15 <- R2  ; line 2131
12763 CALL                 a=16 b=153 c=13 imm=3  ; line 2131
12764 RETURN               R16  ; line 2131
12765 JUMP                 -> 12766  ; line 2131
12766 LOAD_CONST           R13 constant[2624]  ; line 2132
12767 MOVE                 R14 <- R2  ; line 2132
12768 MOVE                 R15 <- R13  ; line 2132
12769 HOST_CALL            a=16 b=7 c=14 imm=2  ; line 2132
12770 UNARY                a=16 b=17 c=4294967295 imm=1  ; line 2132
12771 JUMP_IF_FALSE        R17 -> 12781  ; line 2132
12772 LOAD_CONST           R13 constant[2625]  ; line 2133
12773 LOAD_CONST           R14 constant[2626]  ; line 2133
12774 LOAD_CONST           R15 constant[2627]  ; line 2133
12775 MOVE                 R16 <- R13  ; line 2133
12776 MOVE                 R17 <- R14  ; line 2133
12777 MOVE                 R18 <- R15  ; line 2133
12778 CALL                 a=19 b=86 c=16 imm=3  ; line 2133
12779 RETURN               R19  ; line 2133
12780 JUMP                 -> 12781  ; line 2133
12781 LOAD_CONST           R13 constant[2628]  ; line 2135
12782 MOVE                 R14 <- R2  ; line 2135
12783 MOVE                 R15 <- R13  ; line 2135
12784 HOST_CALL            a=16 b=11 c=14 imm=2  ; line 2135
12785 MOVE                 R17 <- R16  ; line 2135
12786 HOST_CALL            a=18 b=86 c=17 imm=1  ; line 2135
12787 LOAD_CONST           R19 constant[2629]  ; line 2135
12788 COMPARE              a=18 b=19 c=20 imm=1  ; line 2135
12789 JUMP_IF_FALSE        R20 -> 12799  ; line 2135
12790 LOAD_CONST           R13 constant[2630]  ; line 2136
12791 LOAD_CONST           R14 constant[2631]  ; line 2136
12792 LOAD_CONST           R15 constant[2632]  ; line 2136
12793 MOVE                 R16 <- R13  ; line 2136
12794 MOVE                 R17 <- R14  ; line 2136
12795 MOVE                 R18 <- R15  ; line 2136
12796 CALL                 a=19 b=86 c=16 imm=3  ; line 2136
12797 RETURN               R19  ; line 2136
12798 JUMP                 -> 12799  ; line 2136
12799 MOVE                 R13 <- R1  ; line 2138
12800 HOST_CALL            a=14 b=86 c=13 imm=1  ; line 2138
12801 LOAD_CONST           R15 constant[2633]  ; line 2138
12802 COMPARE              a=14 b=15 c=16 imm=1  ; line 2138
12803 JUMP_IF_FALSE        R16 -> 12813  ; line 2138
12804 LOAD_CONST           R13 constant[2634]  ; line 2139
12805 LOAD_CONST           R14 constant[2635]  ; line 2139
12806 LOAD_CONST           R15 constant[2636]  ; line 2139
12807 MOVE                 R16 <- R13  ; line 2139
12808 MOVE                 R17 <- R14  ; line 2139
12809 MOVE                 R18 <- R15  ; line 2139
12810 CALL                 a=19 b=86 c=16 imm=3  ; line 2139
12811 RETURN               R19  ; line 2139
12812 JUMP                 -> 12813  ; line 2139
12813 LOAD_CONST           R13 constant[2637]  ; line 2141
12814 MOVE                 R14 <- R1  ; line 2141
12815 MOVE                 R15 <- R13  ; line 2141
12816 HOST_CALL            a=16 b=7 c=14 imm=2  ; line 2141
12817 UNARY                a=16 b=17 c=4294967295 imm=1  ; line 2141
12818 JUMP_IF_FALSE        R17 -> 12828  ; line 2141
12819 LOAD_CONST           R13 constant[2638]  ; line 2142
12820 LOAD_CONST           R14 constant[2639]  ; line 2142
12821 LOAD_CONST           R15 constant[2640]  ; line 2142
12822 MOVE                 R16 <- R13  ; line 2142
12823 MOVE                 R17 <- R14  ; line 2142
12824 MOVE                 R18 <- R15  ; line 2142
12825 CALL                 a=19 b=86 c=16 imm=3  ; line 2142
12826 RETURN               R19  ; line 2142
12827 JUMP                 -> 12828  ; line 2142
12828 LOAD_CONST           R13 constant[2641]  ; line 2144
12829 MOVE                 R14 <- R1  ; line 2144
12830 MOVE                 R15 <- R13  ; line 2144
12831 HOST_CALL            a=16 b=7 c=14 imm=2  ; line 2144
12832 UNARY                a=16 b=17 c=4294967295 imm=1  ; line 2144
12833 JUMP_IF_FALSE        R17 -> 12843  ; line 2144
12834 LOAD_CONST           R13 constant[2642]  ; line 2145
12835 LOAD_CONST           R14 constant[2643]  ; line 2145
12836 LOAD_CONST           R15 constant[2644]  ; line 2145
12837 MOVE                 R16 <- R13  ; line 2145
12838 MOVE                 R17 <- R14  ; line 2145
12839 MOVE                 R18 <- R15  ; line 2145
12840 CALL                 a=19 b=86 c=16 imm=3  ; line 2145
12841 RETURN               R19  ; line 2145
12842 JUMP                 -> 12843  ; line 2145
12843 LOAD_CONST           R13 constant[2645]  ; line 2147
12844 MOVE                 R14 <- R1  ; line 2147
12845 MOVE                 R15 <- R13  ; line 2147
12846 HOST_CALL            a=16 b=11 c=14 imm=2  ; line 2147
12847 MOVE                 R17 <- R16  ; line 2147
12848 HOST_CALL            a=18 b=60 c=17 imm=1  ; line 2147
12849 MOVE                 R19 <- R18  ; line 2147
12850 LOAD_CONST           R20 constant[2646]  ; line 2148
12851 COMPARE              a=19 b=20 c=21 imm=0  ; line 2148
12852 JUMP_IF_FALSE        R21 -> 12862  ; line 2148
12853 LOAD_CONST           R20 constant[2647]  ; line 2149
12854 LOAD_CONST           R21 constant[2648]  ; line 2149
12855 LOAD_CONST           R22 constant[2649]  ; line 2149
12856 MOVE                 R23 <- R20  ; line 2149
12857 MOVE                 R24 <- R21  ; line 2149
12858 MOVE                 R25 <- R22  ; line 2149
12859 CALL                 a=26 b=86 c=23 imm=3  ; line 2149
12860 RETURN               R26  ; line 2149
12861 JUMP                 -> 12862  ; line 2149
12862 LOAD_CONST           R20 constant[2650]  ; line 2151
12863 COMPARE              a=19 b=20 c=21 imm=0  ; line 2151
12864 JUMP_IF_FALSE        R21 -> 12874  ; line 2151
12865 LOAD_CONST           R20 constant[2651]  ; line 2152
12866 LOAD_CONST           R21 constant[2652]  ; line 2152
12867 LOAD_CONST           R22 constant[2653]  ; line 2152
12868 MOVE                 R23 <- R20  ; line 2152
12869 MOVE                 R24 <- R21  ; line 2152
12870 MOVE                 R25 <- R22  ; line 2152
12871 CALL                 a=26 b=86 c=23 imm=3  ; line 2152
12872 RETURN               R26  ; line 2152
12873 JUMP                 -> 12874  ; line 2152
12874 LOAD_CONST           R20 constant[2654]  ; line 2154
12875 LOAD_CONST           R21 constant[2655]  ; line 2154
12876 MOVE                 R22 <- R1  ; line 2154
12877 MOVE                 R23 <- R21  ; line 2154
12878 HOST_CALL            a=24 b=11 c=22 imm=2  ; line 2154
12879 LOAD_CONST           R25 constant[2656]  ; line 2154
12880 LOAD_CONST           R26 constant[2657]  ; line 2154
12881 MOVE                 R27 <- R2  ; line 2154
12882 MOVE                 R28 <- R26  ; line 2154
12883 HOST_CALL            a=29 b=11 c=27 imm=2  ; line 2154
12884 MOVE                 R30 <- R24  ; line 2154
12885 MOVE                 R31 <- R25  ; line 2154
12886 MOVE                 R32 <- R29  ; line 2154
12887 HOST_CALL            a=33 b=183 c=30 imm=3  ; line 2154
12888 LOAD_CONST           R34 constant[2658]  ; line 2154
12889 LOAD_CONST           R35 constant[2659]  ; line 2154
12890 MOVE                 R36 <- R1  ; line 2154
12891 MOVE                 R37 <- R35  ; line 2154
12892 HOST_CALL            a=38 b=11 c=36 imm=2  ; line 2154
12893 LOAD_CONST           R39 constant[2660]  ; line 2154
12894 LOAD_CONST           R40 constant[2661]  ; line 2154
12895 MOVE                 R41 <- R2  ; line 2154
12896 MOVE                 R42 <- R40  ; line 2154
12897 HOST_CALL            a=43 b=11 c=41 imm=2  ; line 2154
12898 MOVE                 R44 <- R38  ; line 2154
12899 MOVE                 R45 <- R39  ; line 2154
12900 MOVE                 R46 <- R43  ; line 2154
12901 HOST_CALL            a=47 b=183 c=44 imm=3  ; line 2154
12902 MOVE                 R48 <- R20  ; line 2154
12903 MOVE                 R49 <- R33  ; line 2154
12904 MOVE                 R50 <- R34  ; line 2154
12905 MOVE                 R51 <- R47  ; line 2154
12906 HOST_CALL            a=52 b=6 c=48 imm=4  ; line 2154
12907 MOVE                 R53 <- R52  ; line 2154
12908 LOAD_CONST           R54 constant[2662]  ; line 2156
12909 COMPARE              a=0 b=54 c=55 imm=0  ; line 2156
12910 JUMP_IF_FALSE        R55 -> 12917  ; line 2156
12911 MOVE                 R54 <- R0  ; line 2156
12912 MOVE                 R55 <- R53  ; line 2156
12913 MOVE                 R56 <- R2  ; line 2156
12914 CALL                 a=57 b=103 c=54 imm=3  ; line 2156
12915 RETURN               R57  ; line 2156
12916 JUMP                 -> 12917  ; line 2156
12917 LOAD_CONST           R54 constant[2663]  ; line 2157
12918 COMPARE              a=0 b=54 c=55 imm=0  ; line 2157
12919 JUMP_IF_FALSE        R55 -> 12926  ; line 2157
12920 MOVE                 R54 <- R0  ; line 2157
12921 MOVE                 R55 <- R53  ; line 2157
12922 MOVE                 R56 <- R2  ; line 2157
12923 CALL                 a=57 b=103 c=54 imm=3  ; line 2157
12924 RETURN               R57  ; line 2157
12925 JUMP                 -> 12926  ; line 2157
12926 LOAD_CONST           R54 constant[2664]  ; line 2158
12927 COMPARE              a=0 b=54 c=55 imm=0  ; line 2158
12928 JUMP_IF_FALSE        R55 -> 12934  ; line 2158
12929 MOVE                 R54 <- R53  ; line 2158
12930 MOVE                 R55 <- R2  ; line 2158
12931 CALL                 a=56 b=105 c=54 imm=2  ; line 2158
12932 RETURN               R56  ; line 2158
12933 JUMP                 -> 12934  ; line 2158
12934 LOAD_CONST           R54 constant[2665]  ; line 2159
12935 COMPARE              a=0 b=54 c=55 imm=0  ; line 2159
12936 JUMP_IF_FALSE        R55 -> 12942  ; line 2159
12937 MOVE                 R54 <- R53  ; line 2159
12938 MOVE                 R55 <- R2  ; line 2159
12939 CALL                 a=56 b=111 c=54 imm=2  ; line 2159
12940 RETURN               R56  ; line 2159
12941 JUMP                 -> 12942  ; line 2159
12942 MOVE                 R54 <- R0  ; line 2160
12943 MOVE                 R55 <- R53  ; line 2160
12944 MOVE                 R56 <- R2  ; line 2160
12945 CALL                 a=57 b=153 c=54 imm=3  ; line 2160
12946 MOVE                 R58 <- R57  ; line 2160
12947 LOAD_CONST           R59 constant[2666]  ; line 2161
12948 MOVE                 R60 <- R58  ; line 2161
12949 MOVE                 R61 <- R59  ; line 2161
12950 HOST_CALL            a=62 b=11 c=60 imm=2  ; line 2161
12951 UNARY                a=62 b=63 c=4294967295 imm=1  ; line 2161
12952 JUMP_IF_FALSE        R63 -> 12955  ; line 2161
12953 RETURN               R58  ; line 2161
12954 JUMP                 -> 12955  ; line 2161
12955 LOAD_CONST           R59 constant[2667]  ; line 2162
12956 MOVE                 R60 <- R2  ; line 2162
12957 MOVE                 R61 <- R59  ; line 2162
12958 HOST_CALL            a=62 b=11 c=60 imm=2  ; line 2162
12959 MOVE                 R63 <- R58  ; line 2162
12960 MOVE                 R64 <- R62  ; line 2162
12961 CALL                 a=65 b=154 c=63 imm=2  ; line 2162
12962 RETURN               R65  ; line 2162
12963 LOAD_CONST           R66 constant[2668]  ; line 2162
12964 RETURN               R66  ; line 2162
12965 MOVE                 R3 <- R1  ; line 2168
12966 HOST_CALL            a=4 b=139 c=3 imm=1  ; line 2168
12967 MOVE                 R5 <- R4  ; line 2168
12968 MOVE                 R6 <- R5  ; line 2169
12969 HOST_CALL            a=7 b=26 c=6 imm=1  ; line 2169
12970 LOAD_CONST           R8 constant[2669]  ; line 2169
12971 COMPARE              a=7 b=8 c=9 imm=0  ; line 2169
12972 JUMP_IF_FALSE        R9 -> 12982  ; line 2169
12973 LOAD_CONST           R6 constant[2670]  ; line 2169
12974 LOAD_CONST           R7 constant[2671]  ; line 2169
12975 LOAD_CONST           R8 constant[2672]  ; line 2169
12976 MOVE                 R9 <- R6  ; line 2169
12977 MOVE                 R10 <- R7  ; line 2169
12978 MOVE                 R11 <- R8  ; line 2169
12979 CALL                 a=12 b=86 c=9 imm=3  ; line 2169
12980 RETURN               R12  ; line 2169
12981 JUMP                 -> 12982  ; line 2169
12982 LOAD_CONST           R6 constant[2673]  ; line 2170
12983 MOVE                 R7 <- R5  ; line 2170
12984 MOVE                 R8 <- R6  ; line 2170
12985 HOST_CALL            a=9 b=11 c=7 imm=2  ; line 2170
12986 MOVE                 R10 <- R9  ; line 2170
12987 MOVE                 R11 <- R10  ; line 2171
12988 HOST_CALL            a=12 b=86 c=11 imm=1  ; line 2171
12989 LOAD_CONST           R13 constant[2674]  ; line 2171
12990 COMPARE              a=12 b=13 c=14 imm=1  ; line 2171
12991 JUMP_IF_FALSE        R14 -> 13001  ; line 2171
12992 LOAD_CONST           R11 constant[2675]  ; line 2171
12993 LOAD_CONST           R12 constant[2676]  ; line 2171
12994 LOAD_CONST           R13 constant[2677]  ; line 2171
12995 MOVE                 R14 <- R11  ; line 2171
12996 MOVE                 R15 <- R12  ; line 2171
12997 MOVE                 R16 <- R13  ; line 2171
12998 CALL                 a=17 b=86 c=14 imm=3  ; line 2171
12999 RETURN               R17  ; line 2171
13000 JUMP                 -> 13001  ; line 2171
13001 LOAD_CONST           R11 constant[2678]  ; line 2172
13002 MOVE                 R12 <- R10  ; line 2172
13003 MOVE                 R13 <- R11  ; line 2172
13004 HOST_CALL            a=14 b=7 c=12 imm=2  ; line 2172
13005 UNARY                a=14 b=15 c=4294967295 imm=1  ; line 2172
13006 JUMP_IF_FALSE        R15 -> 13016  ; line 2172
13007 LOAD_CONST           R11 constant[2679]  ; line 2172
13008 LOAD_CONST           R12 constant[2680]  ; line 2172
13009 LOAD_CONST           R13 constant[2681]  ; line 2172
13010 MOVE                 R14 <- R11  ; line 2172
13011 MOVE                 R15 <- R12  ; line 2172
13012 MOVE                 R16 <- R13  ; line 2172
13013 CALL                 a=17 b=86 c=14 imm=3  ; line 2172
13014 RETURN               R17  ; line 2172
13015 JUMP                 -> 13016  ; line 2172
13016 LOAD_CONST           R11 constant[2682]  ; line 2173
13017 MOVE                 R12 <- R10  ; line 2173
13018 MOVE                 R13 <- R11  ; line 2173
13019 HOST_CALL            a=14 b=7 c=12 imm=2  ; line 2173
13020 UNARY                a=14 b=15 c=4294967295 imm=1  ; line 2173
13021 JUMP_IF_FALSE        R15 -> 13031  ; line 2173
13022 LOAD_CONST           R11 constant[2683]  ; line 2173
13023 LOAD_CONST           R12 constant[2684]  ; line 2173
13024 LOAD_CONST           R13 constant[2685]  ; line 2173
13025 MOVE                 R14 <- R11  ; line 2173
13026 MOVE                 R15 <- R12  ; line 2173
13027 MOVE                 R16 <- R13  ; line 2173
13028 CALL                 a=17 b=86 c=14 imm=3  ; line 2173
13029 RETURN               R17  ; line 2173
13030 JUMP                 -> 13031  ; line 2173
13031 LOAD_CONST           R11 constant[2686]  ; line 2174
13032 MOVE                 R12 <- R11  ; line 2174
13033 HOST_CALL            a=13 b=22 c=12 imm=1  ; line 2174
13034 MOVE                 R14 <- R13  ; line 2174
13035 LOAD_CONST           R15 constant[2687]  ; line 2175
13036 MOVE                 R16 <- R15  ; line 2175
13037 HOST_CALL            a=17 b=22 c=16 imm=1  ; line 2175
13038 MOVE                 R18 <- R17  ; line 2175
13039 LOAD_CONST           R19 constant[2688]  ; line 2176
13040 MOVE                 R20 <- R19  ; line 2176
13041 MOVE                 R21 <- R5  ; line 2177
13042 HOST_CALL            a=22 b=26 c=21 imm=1  ; line 2177
13043 COMPARE              a=20 b=22 c=23 imm=2  ; line 2177
13044 JUMP_IF_FALSE        R23 -> 13069  ; line 2177
13045 MOVE                 R21 <- R5  ; line 2178
13046 MOVE                 R22 <- R20  ; line 2178
13047 HOST_CALL            a=23 b=11 c=21 imm=2  ; line 2178
13048 LOAD_CONST           R24 constant[2689]  ; line 2178
13049 MOVE                 R25 <- R23  ; line 2178
13050 MOVE                 R26 <- R24  ; line 2178
13051 HOST_CALL            a=27 b=11 c=25 imm=2  ; line 2178
13052 MOVE                 R28 <- R14  ; line 2178
13053 MOVE                 R29 <- R27  ; line 2178
13054 HOST_CALL            a=30 b=23 c=28 imm=2  ; line 2178
13055 MOVE                 R21 <- R5  ; line 2179
13056 MOVE                 R22 <- R20  ; line 2179
13057 HOST_CALL            a=23 b=11 c=21 imm=2  ; line 2179
13058 LOAD_CONST           R24 constant[2690]  ; line 2179
13059 MOVE                 R25 <- R23  ; line 2179
13060 MOVE                 R26 <- R24  ; line 2179
13061 HOST_CALL            a=27 b=11 c=25 imm=2  ; line 2179
13062 MOVE                 R28 <- R18  ; line 2179
13063 MOVE                 R29 <- R27  ; line 2179
13064 HOST_CALL            a=30 b=23 c=28 imm=2  ; line 2179
13065 LOAD_CONST           R21 constant[2691]  ; line 2180
13066 BINARY               a=20 b=21 c=22 imm=0  ; line 2180
13067 MOVE                 R20 <- R22  ; line 2180
13068 JUMP                 -> 13041  ; line 2180
13069 LOAD_CONST           R21 constant[2692]  ; line 2182
13070 MOVE                 R22 <- R14  ; line 2182
13071 HOST_CALL            a=23 b=72 c=22 imm=1  ; line 2182
13072 LOAD_CONST           R24 constant[2693]  ; line 2182
13073 MOVE                 R25 <- R18  ; line 2182
13074 HOST_CALL            a=26 b=72 c=25 imm=1  ; line 2182
13075 MOVE                 R27 <- R21  ; line 2182
13076 MOVE                 R28 <- R23  ; line 2182
13077 MOVE                 R29 <- R24  ; line 2182
13078 MOVE                 R30 <- R26  ; line 2182
13079 HOST_CALL            a=31 b=6 c=27 imm=4  ; line 2182
13080 MOVE                 R32 <- R0  ; line 2182
13081 MOVE                 R33 <- R31  ; line 2182
13082 MOVE                 R34 <- R2  ; line 2182
13083 CALL                 a=35 b=155 c=32 imm=3  ; line 2182
13084 RETURN               R35  ; line 2182
13085 LOAD_CONST           R36 constant[2694]  ; line 2182
13086 RETURN               R36  ; line 2182
13087 MOVE                 R3 <- R0  ; line 2186
13088 HOST_CALL            a=4 b=86 c=3 imm=1  ; line 2186
13089 LOAD_CONST           R5 constant[2695]  ; line 2186
13090 COMPARE              a=4 b=5 c=6 imm=1  ; line 2186
13091 JUMP_IF_FALSE        R6 -> 13101  ; line 2186
13092 LOAD_CONST           R3 constant[2696]  ; line 2186
13093 LOAD_CONST           R4 constant[2697]  ; line 2186
13094 LOAD_CONST           R5 constant[2698]  ; line 2186
13095 MOVE                 R6 <- R3  ; line 2186
13096 MOVE                 R7 <- R4  ; line 2186
13097 MOVE                 R8 <- R5  ; line 2186
13098 CALL                 a=9 b=86 c=6 imm=3  ; line 2186
13099 RETURN               R9  ; line 2186
13100 JUMP                 -> 13101  ; line 2186
13101 MOVE                 R3 <- R1  ; line 2187
13102 CALL                 a=4 b=94 c=3 imm=1  ; line 2187
13103 MOVE                 R5 <- R4  ; line 2187
13104 LOAD_CONST           R6 constant[2699]  ; line 2188
13105 COMPARE              a=5 b=6 c=7 imm=0  ; line 2188
13106 JUMP_IF_FALSE        R7 -> 13116  ; line 2188
13107 LOAD_CONST           R6 constant[2700]  ; line 2188
13108 LOAD_CONST           R7 constant[2701]  ; line 2188
13109 LOAD_CONST           R8 constant[2702]  ; line 2188
13110 MOVE                 R9 <- R6  ; line 2188
13111 MOVE                 R10 <- R7  ; line 2188
13112 MOVE                 R11 <- R8  ; line 2188
13113 CALL                 a=12 b=86 c=9 imm=3  ; line 2188
13114 RETURN               R12  ; line 2188
13115 JUMP                 -> 13116  ; line 2188
13116 LOAD_CONST           R6 constant[2703]  ; line 2189
13117 MOVE                 R7 <- R0  ; line 2189
13118 MOVE                 R8 <- R6  ; line 2189
13119 HOST_CALL            a=9 b=11 c=7 imm=2  ; line 2189
13120 LOAD_CONST           R10 constant[2704]  ; line 2189
13121 COMPARE              a=9 b=10 c=11 imm=0  ; line 2189
13122 JUMP_IF_FALSE        R11 -> 13178  ; line 2189
13123 LOAD_CONST           R6 constant[2705]  ; line 2190
13124 MOVE                 R7 <- R0  ; line 2190
13125 MOVE                 R8 <- R6  ; line 2190
13126 HOST_CALL            a=9 b=11 c=7 imm=2  ; line 2190
13127 LOAD_CONST           R10 constant[2706]  ; line 2190
13128 MOVE                 R11 <- R9  ; line 2190
13129 MOVE                 R12 <- R10  ; line 2190
13130 HOST_CALL            a=13 b=11 c=11 imm=2  ; line 2190
13131 LOAD_CONST           R14 constant[2707]  ; line 2190
13132 MOVE                 R15 <- R0  ; line 2190
13133 MOVE                 R16 <- R14  ; line 2190
13134 HOST_CALL            a=17 b=11 c=15 imm=2  ; line 2190
13135 LOAD_CONST           R18 constant[2708]  ; line 2190
13136 MOVE                 R19 <- R17  ; line 2190
13137 MOVE                 R20 <- R18  ; line 2190
13138 HOST_CALL            a=21 b=11 c=19 imm=2  ; line 2190
13139 MOVE                 R22 <- R1  ; line 2190
13140 MOVE                 R23 <- R13  ; line 2190
13141 MOVE                 R24 <- R21  ; line 2190
13142 CALL                 a=25 b=98 c=22 imm=3  ; line 2190
13143 MOVE                 R26 <- R25  ; line 2190
13144 LOAD_CONST           R27 constant[2709]  ; line 2191
13145 MOVE                 R28 <- R0  ; line 2191
13146 MOVE                 R29 <- R27  ; line 2191
13147 HOST_CALL            a=30 b=11 c=28 imm=2  ; line 2191
13148 LOAD_CONST           R31 constant[2710]  ; line 2191
13149 MOVE                 R32 <- R30  ; line 2191
13150 MOVE                 R33 <- R31  ; line 2191
13151 HOST_CALL            a=34 b=11 c=32 imm=2  ; line 2191
13152 MOVE                 R35 <- R34  ; line 2191
13153 LOAD_CONST           R36 constant[2711]  ; line 2192
13154 MOVE                 R37 <- R26  ; line 2192
13155 HOST_CALL            a=38 b=72 c=37 imm=1  ; line 2192
13156 LOAD_CONST           R39 constant[2712]  ; line 2192
13157 MOVE                 R40 <- R5  ; line 2192
13158 MOVE                 R41 <- R39  ; line 2192
13159 HOST_CALL            a=42 b=11 c=40 imm=2  ; line 2192
13160 MOVE                 R43 <- R42  ; line 2192
13161 MOVE                 R44 <- R35  ; line 2192
13162 CALL                 a=45 b=99 c=43 imm=2  ; line 2192
13163 LOAD_CONST           R46 constant[2713]  ; line 2192
13164 LOAD_CONST           R47 constant[2714]  ; line 2192
13165 MOVE                 R48 <- R47  ; line 2192
13166 ARRAY_NEW            a=49 b=48 c=1 imm=4294967295  ; line 2192
13167 MOVE                 R50 <- R0  ; line 2192
13168 MOVE                 R51 <- R38  ; line 2192
13169 MOVE                 R52 <- R45  ; line 2192
13170 MOVE                 R53 <- R46  ; line 2192
13171 MOVE                 R54 <- R49  ; line 2192
13172 CALL                 a=55 b=100 c=50 imm=5  ; line 2192
13173 MOVE                 R56 <- R36  ; line 2192
13174 MOVE                 R57 <- R55  ; line 2192
13175 ARRAY_NEW            a=58 b=56 c=2 imm=4294967295  ; line 2192
13176 RETURN               R58  ; line 2192
13177 JUMP                 -> 13178  ; line 2192
13178 LOAD_CONST           R36 constant[2715]  ; line 2195
13179 MOVE                 R37 <- R0  ; line 2195
13180 MOVE                 R38 <- R36  ; line 2195
13181 HOST_CALL            a=39 b=11 c=37 imm=2  ; line 2195
13182 LOAD_CONST           R40 constant[2716]  ; line 2195
13183 COMPARE              a=39 b=40 c=41 imm=0  ; line 2195
13184 JUMP_IF_FALSE        R41 -> 13240  ; line 2195
13185 LOAD_CONST           R36 constant[2717]  ; line 2196
13186 MOVE                 R37 <- R0  ; line 2196
13187 MOVE                 R38 <- R36  ; line 2196
13188 HOST_CALL            a=39 b=11 c=37 imm=2  ; line 2196
13189 LOAD_CONST           R40 constant[2718]  ; line 2196
13190 MOVE                 R41 <- R39  ; line 2196
13191 MOVE                 R42 <- R40  ; line 2196
13192 HOST_CALL            a=43 b=11 c=41 imm=2  ; line 2196
13193 LOAD_CONST           R44 constant[2719]  ; line 2196
13194 MOVE                 R45 <- R0  ; line 2196
13195 MOVE                 R46 <- R44  ; line 2196
13196 HOST_CALL            a=47 b=11 c=45 imm=2  ; line 2196
13197 LOAD_CONST           R48 constant[2720]  ; line 2196
13198 MOVE                 R49 <- R47  ; line 2196
13199 MOVE                 R50 <- R48  ; line 2196
13200 HOST_CALL            a=51 b=11 c=49 imm=2  ; line 2196
13201 MOVE                 R52 <- R1  ; line 2196
13202 MOVE                 R53 <- R43  ; line 2196
13203 MOVE                 R54 <- R51  ; line 2196
13204 CALL                 a=55 b=98 c=52 imm=3  ; line 2196
13205 MOVE                 R56 <- R55  ; line 2196
13206 LOAD_CONST           R57 constant[2721]  ; line 2197
13207 MOVE                 R58 <- R0  ; line 2197
13208 MOVE                 R59 <- R57  ; line 2197
13209 HOST_CALL            a=60 b=11 c=58 imm=2  ; line 2197
13210 LOAD_CONST           R61 constant[2722]  ; line 2197
13211 MOVE                 R62 <- R60  ; line 2197
13212 MOVE                 R63 <- R61  ; line 2197
13213 HOST_CALL            a=64 b=11 c=62 imm=2  ; line 2197
13214 MOVE                 R65 <- R64  ; line 2197
13215 LOAD_CONST           R66 constant[2723]  ; line 2198
13216 MOVE                 R67 <- R56  ; line 2198
13217 HOST_CALL            a=68 b=72 c=67 imm=1  ; line 2198
13218 LOAD_CONST           R69 constant[2724]  ; line 2198
13219 MOVE                 R70 <- R5  ; line 2198
13220 MOVE                 R71 <- R69  ; line 2198
13221 HOST_CALL            a=72 b=11 c=70 imm=2  ; line 2198
13222 MOVE                 R73 <- R72  ; line 2198
13223 MOVE                 R74 <- R65  ; line 2198
13224 CALL                 a=75 b=99 c=73 imm=2  ; line 2198
13225 LOAD_CONST           R76 constant[2725]  ; line 2198
13226 LOAD_CONST           R77 constant[2726]  ; line 2198
13227 MOVE                 R78 <- R77  ; line 2198
13228 ARRAY_NEW            a=79 b=78 c=1 imm=4294967295  ; line 2198
13229 MOVE                 R80 <- R0  ; line 2198
13230 MOVE                 R81 <- R68  ; line 2198
13231 MOVE                 R82 <- R75  ; line 2198
13232 MOVE                 R83 <- R76  ; line 2198
13233 MOVE                 R84 <- R79  ; line 2198
13234 CALL                 a=85 b=100 c=80 imm=5  ; line 2198
13235 MOVE                 R86 <- R66  ; line 2198
13236 MOVE                 R87 <- R85  ; line 2198
13237 ARRAY_NEW            a=88 b=86 c=2 imm=4294967295  ; line 2198
13238 RETURN               R88  ; line 2198
13239 JUMP                 -> 13240  ; line 2198
13240 LOAD_CONST           R66 constant[2727]  ; line 2201
13241 MOVE                 R67 <- R0  ; line 2201
13242 MOVE                 R68 <- R66  ; line 2201
13243 HOST_CALL            a=69 b=11 c=67 imm=2  ; line 2201
13244 LOAD_CONST           R70 constant[2728]  ; line 2201
13245 COMPARE              a=69 b=70 c=71 imm=0  ; line 2201
13246 JUMP_IF_FALSE        R71 -> 13323  ; line 2201
13247 LOAD_CONST           R66 constant[2729]  ; line 2202
13248 MOVE                 R67 <- R0  ; line 2202
13249 MOVE                 R68 <- R66  ; line 2202
13250 HOST_CALL            a=69 b=11 c=67 imm=2  ; line 2202
13251 LOAD_CONST           R70 constant[2730]  ; line 2202
13252 MOVE                 R71 <- R69  ; line 2202
13253 MOVE                 R72 <- R70  ; line 2202
13254 HOST_CALL            a=73 b=11 c=71 imm=2  ; line 2202
13255 LOAD_CONST           R74 constant[2731]  ; line 2202
13256 MOVE                 R75 <- R0  ; line 2202
13257 MOVE                 R76 <- R74  ; line 2202
13258 HOST_CALL            a=77 b=11 c=75 imm=2  ; line 2202
13259 LOAD_CONST           R78 constant[2732]  ; line 2202
13260 MOVE                 R79 <- R77  ; line 2202
13261 MOVE                 R80 <- R78  ; line 2202
13262 HOST_CALL            a=81 b=11 c=79 imm=2  ; line 2202
13263 MOVE                 R82 <- R1  ; line 2202
13264 MOVE                 R83 <- R73  ; line 2202
13265 MOVE                 R84 <- R81  ; line 2202
13266 CALL                 a=85 b=98 c=82 imm=3  ; line 2202
13267 MOVE                 R86 <- R85  ; line 2202
13268 LOAD_CONST           R87 constant[2733]  ; line 2203
13269 MOVE                 R88 <- R87  ; line 2203
13270 HOST_CALL            a=89 b=22 c=88 imm=1  ; line 2203
13271 MOVE                 R90 <- R89  ; line 2203
13272 LOAD_CONST           R91 constant[2734]  ; line 2204
13273 MOVE                 R92 <- R91  ; line 2204
13274 HOST_CALL            a=93 b=22 c=92 imm=1  ; line 2204
13275 MOVE                 R94 <- R93  ; line 2204
13276 LOAD_CONST           R95 constant[2735]  ; line 2205
13277 MOVE                 R96 <- R95  ; line 2205
13278 LOAD_CONST           R97 constant[2736]  ; line 2206
13279 MOVE                 R98 <- R5  ; line 2206
13280 MOVE                 R99 <- R97  ; line 2206
13281 HOST_CALL            a=100 b=11 c=98 imm=2  ; line 2206
13282 COMPARE              a=96 b=100 c=101 imm=2  ; line 2206
13283 JUMP_IF_FALSE        R101 -> 13303  ; line 2206
13284 MOVE                 R97 <- R86  ; line 2207
13285 MOVE                 R98 <- R96  ; line 2207
13286 HOST_CALL            a=99 b=11 c=97 imm=2  ; line 2207
13287 MOVE                 R100 <- R99  ; line 2207
13288 CALL                 a=101 b=92 c=100 imm=1  ; line 2207
13289 MOVE                 R102 <- R101  ; line 2207
13290 MOVE                 R103 <- R90  ; line 2208
13291 MOVE                 R104 <- R102  ; line 2208
13292 HOST_CALL            a=105 b=23 c=103 imm=2  ; line 2208
13293 LOAD_CONST           R103 constant[2737]  ; line 2209
13294 BINARY               a=103 b=102 c=104 imm=1  ; line 2209
13295 BINARY               a=102 b=104 c=105 imm=2  ; line 2209
13296 MOVE                 R106 <- R94  ; line 2209
13297 MOVE                 R107 <- R105  ; line 2209
13298 HOST_CALL            a=108 b=23 c=106 imm=2  ; line 2209
13299 LOAD_CONST           R103 constant[2738]  ; line 2210
13300 BINARY               a=96 b=103 c=104 imm=0  ; line 2210
13301 MOVE                 R96 <- R104  ; line 2210
13302 JUMP                 -> 13278  ; line 2210
13303 LOAD_CONST           R103 constant[2739]  ; line 2212
13304 MOVE                 R104 <- R90  ; line 2212
13305 HOST_CALL            a=105 b=72 c=104 imm=1  ; line 2212
13306 MOVE                 R106 <- R94  ; line 2212
13307 HOST_CALL            a=107 b=72 c=106 imm=1  ; line 2212
13308 LOAD_CONST           R108 constant[2740]  ; line 2212
13309 LOAD_CONST           R109 constant[2741]  ; line 2212
13310 MOVE                 R110 <- R109  ; line 2212
13311 ARRAY_NEW            a=111 b=110 c=1 imm=4294967295  ; line 2212
13312 MOVE                 R112 <- R0  ; line 2212
13313 MOVE                 R113 <- R105  ; line 2212
13314 MOVE                 R114 <- R107  ; line 2212
13315 MOVE                 R115 <- R108  ; line 2212
13316 MOVE                 R116 <- R111  ; line 2212
13317 CALL                 a=117 b=100 c=112 imm=5  ; line 2212
13318 MOVE                 R118 <- R103  ; line 2212
13319 MOVE                 R119 <- R117  ; line 2212
13320 ARRAY_NEW            a=120 b=118 c=2 imm=4294967295  ; line 2212
13321 RETURN               R120  ; line 2212
13322 JUMP                 -> 13323  ; line 2212
13323 LOAD_CONST           R103 constant[2742]  ; line 2215
13324 MOVE                 R104 <- R0  ; line 2215
13325 MOVE                 R105 <- R103  ; line 2215
13326 HOST_CALL            a=106 b=11 c=104 imm=2  ; line 2215
13327 LOAD_CONST           R107 constant[2743]  ; line 2215
13328 COMPARE              a=106 b=107 c=108 imm=0  ; line 2215
13329 JUMP_IF_FALSE        R108 -> 13358  ; line 2215
13330 MOVE                 R103 <- R0  ; line 2216
13331 MOVE                 R104 <- R1  ; line 2216
13332 CALL                 a=105 b=107 c=103 imm=2  ; line 2216
13333 MOVE                 R106 <- R105  ; line 2216
13334 LOAD_CONST           R107 constant[2744]  ; line 2217
13335 LOAD_CONST           R108 constant[2745]  ; line 2217
13336 MOVE                 R109 <- R106  ; line 2217
13337 MOVE                 R110 <- R108  ; line 2217
13338 HOST_CALL            a=111 b=11 c=109 imm=2  ; line 2217
13339 LOAD_CONST           R112 constant[2746]  ; line 2217
13340 MOVE                 R113 <- R106  ; line 2217
13341 MOVE                 R114 <- R112  ; line 2217
13342 HOST_CALL            a=115 b=11 c=113 imm=2  ; line 2217
13343 LOAD_CONST           R116 constant[2747]  ; line 2217
13344 LOAD_CONST           R117 constant[2748]  ; line 2217
13345 MOVE                 R118 <- R117  ; line 2217
13346 ARRAY_NEW            a=119 b=118 c=1 imm=4294967295  ; line 2217
13347 MOVE                 R120 <- R0  ; line 2217
13348 MOVE                 R121 <- R111  ; line 2217
13349 MOVE                 R122 <- R115  ; line 2217
13350 MOVE                 R123 <- R116  ; line 2217
13351 MOVE                 R124 <- R119  ; line 2217
13352 CALL                 a=125 b=100 c=120 imm=5  ; line 2217
13353 MOVE                 R126 <- R107  ; line 2217
13354 MOVE                 R127 <- R125  ; line 2217
13355 ARRAY_NEW            a=128 b=126 c=2 imm=4294967295  ; line 2217
13356 RETURN               R128  ; line 2217
13357 JUMP                 -> 13358  ; line 2217
13358 LOAD_CONST           R107 constant[2749]  ; line 2220
13359 MOVE                 R108 <- R0  ; line 2220
13360 MOVE                 R109 <- R107  ; line 2220
13361 HOST_CALL            a=110 b=11 c=108 imm=2  ; line 2220
13362 LOAD_CONST           R111 constant[2750]  ; line 2220
13363 COMPARE              a=110 b=111 c=112 imm=0  ; line 2220
13364 JUMP_IF_FALSE        R112 -> 13442  ; line 2220
13365 MOVE                 R107 <- R0  ; line 2221
13366 MOVE                 R108 <- R1  ; line 2221
13367 CALL                 a=109 b=112 c=107 imm=2  ; line 2221
13368 MOVE                 R110 <- R109  ; line 2221
13369 LOAD_CONST           R111 constant[2751]  ; line 2222
13370 MOVE                 R112 <- R5  ; line 2222
13371 MOVE                 R113 <- R111  ; line 2222
13372 HOST_CALL            a=114 b=11 c=112 imm=2  ; line 2222
13373 LOAD_CONST           R115 constant[2752]  ; line 2222
13374 MOVE                 R116 <- R0  ; line 2222
13375 MOVE                 R117 <- R115  ; line 2222
13376 HOST_CALL            a=118 b=11 c=116 imm=2  ; line 2222
13377 LOAD_CONST           R119 constant[2753]  ; line 2222
13378 MOVE                 R120 <- R118  ; line 2222
13379 MOVE                 R121 <- R119  ; line 2222
13380 HOST_CALL            a=122 b=11 c=120 imm=2  ; line 2222
13381 MOVE                 R123 <- R114  ; line 2222
13382 MOVE                 R124 <- R122  ; line 2222
13383 CALL                 a=125 b=99 c=123 imm=2  ; line 2222
13384 MOVE                 R126 <- R125  ; line 2222
13385 LOAD_CONST           R127 constant[2754]  ; line 2223
13386 MOVE                 R128 <- R0  ; line 2223
13387 MOVE                 R129 <- R127  ; line 2223
13388 HOST_CALL            a=130 b=11 c=128 imm=2  ; line 2223
13389 LOAD_CONST           R131 constant[2755]  ; line 2223
13390 COMPARE              a=130 b=131 c=132 imm=0  ; line 2223
13391 JUMP_IF_FALSE        R132 -> 13424  ; line 2223
13392 LOAD_CONST           R127 constant[2756]  ; line 2224
13393 MOVE                 R128 <- R127  ; line 2224
13394 HOST_CALL            a=129 b=22 c=128 imm=1  ; line 2224
13395 MOVE                 R130 <- R129  ; line 2224
13396 LOAD_CONST           R131 constant[2757]  ; line 2225
13397 MOVE                 R132 <- R131  ; line 2225
13398 LOAD_CONST           R133 constant[2758]  ; line 2226
13399 MOVE                 R134 <- R5  ; line 2226
13400 MOVE                 R135 <- R133  ; line 2226
13401 HOST_CALL            a=136 b=11 c=134 imm=2  ; line 2226
13402 COMPARE              a=132 b=136 c=137 imm=2  ; line 2226
13403 JUMP_IF_FALSE        R137 -> 13420  ; line 2226
13404 MOVE                 R133 <- R110  ; line 2227
13405 MOVE                 R134 <- R132  ; line 2227
13406 HOST_CALL            a=135 b=11 c=133 imm=2  ; line 2227
13407 LOAD_CONST           R136 constant[2759]  ; line 2227
13408 MOVE                 R137 <- R110  ; line 2227
13409 MOVE                 R138 <- R132  ; line 2227
13410 HOST_CALL            a=139 b=11 c=137 imm=2  ; line 2227
13411 BINARY               a=136 b=139 c=140 imm=1  ; line 2227
13412 BINARY               a=135 b=140 c=141 imm=2  ; line 2227
13413 MOVE                 R142 <- R130  ; line 2227
13414 MOVE                 R143 <- R141  ; line 2227
13415 HOST_CALL            a=144 b=23 c=142 imm=2  ; line 2227
13416 LOAD_CONST           R133 constant[2760]  ; line 2228
13417 BINARY               a=132 b=133 c=134 imm=0  ; line 2228
13418 MOVE                 R132 <- R134  ; line 2228
13419 JUMP                 -> 13398  ; line 2228
13420 MOVE                 R133 <- R130  ; line 2230
13421 HOST_CALL            a=134 b=72 c=133 imm=1  ; line 2230
13422 MOVE                 R126 <- R134  ; line 2230
13423 JUMP                 -> 13424  ; line 2230
13424 LOAD_CONST           R133 constant[2761]  ; line 2232
13425 MOVE                 R134 <- R110  ; line 2232
13426 HOST_CALL            a=135 b=72 c=134 imm=1  ; line 2232
13427 LOAD_CONST           R136 constant[2762]  ; line 2232
13428 LOAD_CONST           R137 constant[2763]  ; line 2232
13429 MOVE                 R138 <- R137  ; line 2232
13430 ARRAY_NEW            a=139 b=138 c=1 imm=4294967295  ; line 2232
13431 MOVE                 R140 <- R0  ; line 2232
13432 MOVE                 R141 <- R135  ; line 2232
13433 MOVE                 R142 <- R126  ; line 2232
13434 MOVE                 R143 <- R136  ; line 2232
13435 MOVE                 R144 <- R139  ; line 2232
13436 CALL                 a=145 b=100 c=140 imm=5  ; line 2232
13437 MOVE                 R146 <- R133  ; line 2232
13438 MOVE                 R147 <- R145  ; line 2232
13439 ARRAY_NEW            a=148 b=146 c=2 imm=4294967295  ; line 2232
13440 RETURN               R148  ; line 2232
13441 JUMP                 -> 13442  ; line 2232
13442 LOAD_CONST           R133 constant[2764]  ; line 2235
13443 MOVE                 R134 <- R0  ; line 2235
13444 MOVE                 R135 <- R133  ; line 2235
13445 HOST_CALL            a=136 b=11 c=134 imm=2  ; line 2235
13446 LOAD_CONST           R137 constant[2765]  ; line 2235
13447 COMPARE              a=136 b=137 c=138 imm=0  ; line 2235
13448 JUMP_IF_FALSE        R138 -> 13486  ; line 2235
13449 MOVE                 R133 <- R0  ; line 2236
13450 MOVE                 R134 <- R1  ; line 2236
13451 CALL                 a=135 b=148 c=133 imm=2  ; line 2236
13452 MOVE                 R136 <- R135  ; line 2236
13453 LOAD_CONST           R137 constant[2766]  ; line 2237
13454 MOVE                 R138 <- R136  ; line 2237
13455 HOST_CALL            a=139 b=72 c=138 imm=1  ; line 2237
13456 LOAD_CONST           R140 constant[2767]  ; line 2237
13457 MOVE                 R141 <- R5  ; line 2237
13458 MOVE                 R142 <- R140  ; line 2237
13459 HOST_CALL            a=143 b=11 c=141 imm=2  ; line 2237
13460 LOAD_CONST           R144 constant[2768]  ; line 2237
13461 MOVE                 R145 <- R0  ; line 2237
13462 MOVE                 R146 <- R144  ; line 2237
13463 HOST_CALL            a=147 b=11 c=145 imm=2  ; line 2237
13464 LOAD_CONST           R148 constant[2769]  ; line 2237
13465 MOVE                 R149 <- R147  ; line 2237
13466 MOVE                 R150 <- R148  ; line 2237
13467 HOST_CALL            a=151 b=11 c=149 imm=2  ; line 2237
13468 MOVE                 R152 <- R143  ; line 2237
13469 MOVE                 R153 <- R151  ; line 2237
13470 CALL                 a=154 b=99 c=152 imm=2  ; line 2237
13471 LOAD_CONST           R155 constant[2770]  ; line 2237
13472 LOAD_CONST           R156 constant[2771]  ; line 2237
13473 MOVE                 R157 <- R156  ; line 2237
13474 ARRAY_NEW            a=158 b=157 c=1 imm=4294967295  ; line 2237
13475 MOVE                 R159 <- R0  ; line 2237
13476 MOVE                 R160 <- R139  ; line 2237
13477 MOVE                 R161 <- R154  ; line 2237
13478 MOVE                 R162 <- R155  ; line 2237
13479 MOVE                 R163 <- R158  ; line 2237
13480 CALL                 a=164 b=100 c=159 imm=5  ; line 2237
13481 MOVE                 R165 <- R137  ; line 2237
13482 MOVE                 R166 <- R164  ; line 2237
13483 ARRAY_NEW            a=167 b=165 c=2 imm=4294967295  ; line 2237
13484 RETURN               R167  ; line 2237
13485 JUMP                 -> 13486  ; line 2237
13486 LOAD_CONST           R137 constant[2772]  ; line 2241
13487 MOVE                 R138 <- R0  ; line 2241
13488 MOVE                 R139 <- R137  ; line 2241
13489 HOST_CALL            a=140 b=11 c=138 imm=2  ; line 2241
13490 LOAD_CONST           R141 constant[2773]  ; line 2241
13491 COMPARE              a=140 b=141 c=142 imm=0  ; line 2241
13492 JUMP_IF_FALSE        R142 -> 13545  ; line 2241
13493 MOVE                 R137 <- R0  ; line 2242
13494 MOVE                 R138 <- R1  ; line 2242
13495 CALL                 a=139 b=148 c=137 imm=2  ; line 2242
13496 MOVE                 R140 <- R139  ; line 2242
13497 LOAD_CONST           R141 constant[2774]  ; line 2243
13498 MOVE                 R142 <- R141  ; line 2243
13499 HOST_CALL            a=143 b=22 c=142 imm=1  ; line 2243
13500 MOVE                 R144 <- R143  ; line 2243
13501 LOAD_CONST           R145 constant[2775]  ; line 2244
13502 MOVE                 R146 <- R145  ; line 2244
13503 LOAD_CONST           R147 constant[2776]  ; line 2245
13504 MOVE                 R148 <- R5  ; line 2245
13505 MOVE                 R149 <- R147  ; line 2245
13506 HOST_CALL            a=150 b=11 c=148 imm=2  ; line 2245
13507 COMPARE              a=146 b=150 c=151 imm=2  ; line 2245
13508 JUMP_IF_FALSE        R151 -> 13525  ; line 2245
13509 MOVE                 R147 <- R140  ; line 2246
13510 MOVE                 R148 <- R146  ; line 2246
13511 HOST_CALL            a=149 b=11 c=147 imm=2  ; line 2246
13512 LOAD_CONST           R150 constant[2777]  ; line 2246
13513 MOVE                 R151 <- R140  ; line 2246
13514 MOVE                 R152 <- R146  ; line 2246
13515 HOST_CALL            a=153 b=11 c=151 imm=2  ; line 2246
13516 BINARY               a=150 b=153 c=154 imm=1  ; line 2246
13517 BINARY               a=149 b=154 c=155 imm=2  ; line 2246
13518 MOVE                 R156 <- R144  ; line 2246
13519 MOVE                 R157 <- R155  ; line 2246
13520 HOST_CALL            a=158 b=23 c=156 imm=2  ; line 2246
13521 LOAD_CONST           R147 constant[2778]  ; line 2247
13522 BINARY               a=146 b=147 c=148 imm=0  ; line 2247
13523 MOVE                 R146 <- R148  ; line 2247
13524 JUMP                 -> 13503  ; line 2247
13525 LOAD_CONST           R147 constant[2779]  ; line 2249
13526 MOVE                 R148 <- R140  ; line 2249
13527 HOST_CALL            a=149 b=72 c=148 imm=1  ; line 2249
13528 MOVE                 R150 <- R144  ; line 2249
13529 HOST_CALL            a=151 b=72 c=150 imm=1  ; line 2249
13530 LOAD_CONST           R152 constant[2780]  ; line 2249
13531 LOAD_CONST           R153 constant[2781]  ; line 2249
13532 MOVE                 R154 <- R153  ; line 2249
13533 ARRAY_NEW            a=155 b=154 c=1 imm=4294967295  ; line 2249
13534 MOVE                 R156 <- R0  ; line 2249
13535 MOVE                 R157 <- R149  ; line 2249
13536 MOVE                 R158 <- R151  ; line 2249
13537 MOVE                 R159 <- R152  ; line 2249
13538 MOVE                 R160 <- R155  ; line 2249
13539 CALL                 a=161 b=100 c=156 imm=5  ; line 2249
13540 MOVE                 R162 <- R147  ; line 2249
13541 MOVE                 R163 <- R161  ; line 2249
13542 ARRAY_NEW            a=164 b=162 c=2 imm=4294967295  ; line 2249
13543 RETURN               R164  ; line 2249
13544 JUMP                 -> 13545  ; line 2249
13545 LOAD_CONST           R147 constant[2782]  ; line 2252
13546 LOAD_CONST           R148 constant[2783]  ; line 2252
13547 LOAD_CONST           R149 constant[2784]  ; line 2252
13548 MOVE                 R150 <- R147  ; line 2252
13549 MOVE                 R151 <- R148  ; line 2252
13550 MOVE                 R152 <- R149  ; line 2252
13551 CALL                 a=153 b=86 c=150 imm=3  ; line 2252
13552 RETURN               R153  ; line 2252
13553 LOAD_CONST           R154 constant[2785]  ; line 2252
13554 RETURN               R154  ; line 2252
13555 MOVE                 R3 <- R0  ; line 2256
13556 MOVE                 R4 <- R1  ; line 2256
13557 MOVE                 R5 <- R2  ; line 2256
13558 CALL                 a=6 b=157 c=3 imm=3  ; line 2256
13559 MOVE                 R7 <- R6  ; line 2256
13560 LOAD_CONST           R8 constant[2786]  ; line 2257
13561 MOVE                 R9 <- R7  ; line 2257
13562 MOVE                 R10 <- R8  ; line 2257
13563 HOST_CALL            a=11 b=11 c=9 imm=2  ; line 2257
13564 UNARY                a=11 b=12 c=4294967295 imm=1  ; line 2257
13565 JUMP_IF_FALSE        R12 -> 13568  ; line 2257
13566 RETURN               R7  ; line 2257
13567 JUMP                 -> 13568  ; line 2257
13568 LOAD_CONST           R8 constant[2787]  ; line 2258
13569 MOVE                 R9 <- R7  ; line 2258
13570 MOVE                 R10 <- R8  ; line 2258
13571 HOST_CALL            a=11 b=11 c=9 imm=2  ; line 2258
13572 MOVE                 R12 <- R11  ; line 2258
13573 LOAD_CONST           R13 constant[2788]  ; line 2259
13574 MOVE                 R14 <- R0  ; line 2259
13575 MOVE                 R15 <- R13  ; line 2259
13576 HOST_CALL            a=16 b=11 c=14 imm=2  ; line 2259
13577 LOAD_CONST           R17 constant[2789]  ; line 2259
13578 COMPARE              a=16 b=17 c=18 imm=0  ; line 2259
13579 JUMP_IF_FALSE        R18 -> 13686  ; line 2259
13580 LOAD_CONST           R13 constant[2790]  ; line 2260
13581 MOVE                 R14 <- R2  ; line 2260
13582 MOVE                 R15 <- R13  ; line 2260
13583 HOST_CALL            a=16 b=7 c=14 imm=2  ; line 2260
13584 UNARY                a=16 b=17 c=4294967295 imm=1  ; line 2260
13585 JUMP_IF_FALSE        R17 -> 13595  ; line 2260
13586 LOAD_CONST           R13 constant[2791]  ; line 2261
13587 LOAD_CONST           R14 constant[2792]  ; line 2261
13588 LOAD_CONST           R15 constant[2793]  ; line 2261
13589 MOVE                 R16 <- R13  ; line 2261
13590 MOVE                 R17 <- R14  ; line 2261
13591 MOVE                 R18 <- R15  ; line 2261
13592 CALL                 a=19 b=86 c=16 imm=3  ; line 2261
13593 RETURN               R19  ; line 2261
13594 JUMP                 -> 13595  ; line 2261
13595 LOAD_CONST           R13 constant[2794]  ; line 2263
13596 MOVE                 R14 <- R12  ; line 2263
13597 MOVE                 R15 <- R13  ; line 2263
13598 HOST_CALL            a=16 b=11 c=14 imm=2  ; line 2263
13599 MOVE                 R17 <- R16  ; line 2263
13600 LOAD_CONST           R18 constant[2795]  ; line 2264
13601 MOVE                 R19 <- R12  ; line 2264
13602 MOVE                 R20 <- R18  ; line 2264
13603 HOST_CALL            a=21 b=11 c=19 imm=2  ; line 2264
13604 MOVE                 R22 <- R21  ; line 2264
13605 LOAD_CONST           R23 constant[2796]  ; line 2265
13606 MOVE                 R24 <- R0  ; line 2265
13607 MOVE                 R25 <- R23  ; line 2265
13608 HOST_CALL            a=26 b=11 c=24 imm=2  ; line 2265
13609 LOAD_CONST           R27 constant[2797]  ; line 2265
13610 COMPARE              a=26 b=27 c=28 imm=0  ; line 2265
13611 JUMP_IF_FALSE        R28 -> 13623  ; line 2265
13612 LOAD_CONST           R23 constant[2798]  ; line 2266
13613 MOVE                 R24 <- R17  ; line 2266
13614 MOVE                 R25 <- R23  ; line 2266
13615 HOST_CALL            a=26 b=166 c=24 imm=2  ; line 2266
13616 MOVE                 R17 <- R26  ; line 2266
13617 LOAD_CONST           R23 constant[2799]  ; line 2267
13618 MOVE                 R24 <- R22  ; line 2267
13619 MOVE                 R25 <- R23  ; line 2267
13620 HOST_CALL            a=26 b=166 c=24 imm=2  ; line 2267
13621 MOVE                 R22 <- R26  ; line 2267
13622 JUMP                 -> 13623  ; line 2267
13623 LOAD_CONST           R23 constant[2800]  ; line 2269
13624 MOVE                 R24 <- R0  ; line 2269
13625 MOVE                 R25 <- R23  ; line 2269
13626 HOST_CALL            a=26 b=11 c=24 imm=2  ; line 2269
13627 LOAD_CONST           R27 constant[2801]  ; line 2269
13628 COMPARE              a=26 b=27 c=28 imm=0  ; line 2269
13629 JUMP_IF_FALSE        R28 -> 13641  ; line 2269
13630 LOAD_CONST           R23 constant[2802]  ; line 2270
13631 MOVE                 R24 <- R17  ; line 2270
13632 MOVE                 R25 <- R23  ; line 2270
13633 HOST_CALL            a=26 b=166 c=24 imm=2  ; line 2270
13634 MOVE                 R17 <- R26  ; line 2270
13635 LOAD_CONST           R23 constant[2803]  ; line 2271
13636 MOVE                 R24 <- R22  ; line 2271
13637 MOVE                 R25 <- R23  ; line 2271
13638 HOST_CALL            a=26 b=166 c=24 imm=2  ; line 2271
13639 MOVE                 R22 <- R26  ; line 2271
13640 JUMP                 -> 13641  ; line 2271
13641 LOAD_CONST           R23 constant[2804]  ; line 2273
13642 MOVE                 R24 <- R0  ; line 2273
13643 MOVE                 R25 <- R23  ; line 2273
13644 HOST_CALL            a=26 b=11 c=24 imm=2  ; line 2273
13645 LOAD_CONST           R27 constant[2805]  ; line 2273
13646 COMPARE              a=26 b=27 c=28 imm=0  ; line 2273
13647 JUMP_IF_FALSE        R28 -> 13659  ; line 2273
13648 LOAD_CONST           R23 constant[2806]  ; line 2274
13649 MOVE                 R24 <- R17  ; line 2274
13650 MOVE                 R25 <- R23  ; line 2274
13651 HOST_CALL            a=26 b=166 c=24 imm=2  ; line 2274
13652 MOVE                 R17 <- R26  ; line 2274
13653 LOAD_CONST           R23 constant[2807]  ; line 2275
13654 MOVE                 R24 <- R22  ; line 2275
13655 MOVE                 R25 <- R23  ; line 2275
13656 HOST_CALL            a=26 b=166 c=24 imm=2  ; line 2275
13657 MOVE                 R22 <- R26  ; line 2275
13658 JUMP                 -> 13659  ; line 2275
13659 LOAD_CONST           R23 constant[2808]  ; line 2277
13660 LOAD_CONST           R24 constant[2809]  ; line 2277
13661 LOAD_CONST           R25 constant[2810]  ; line 2277
13662 MOVE                 R26 <- R2  ; line 2277
13663 MOVE                 R27 <- R25  ; line 2277
13664 HOST_CALL            a=28 b=11 c=26 imm=2  ; line 2277
13665 MOVE                 R29 <- R17  ; line 2277
13666 MOVE                 R30 <- R24  ; line 2277
13667 MOVE                 R31 <- R28  ; line 2277
13668 HOST_CALL            a=32 b=183 c=29 imm=3  ; line 2277
13669 LOAD_CONST           R33 constant[2811]  ; line 2277
13670 LOAD_CONST           R34 constant[2812]  ; line 2277
13671 MOVE                 R35 <- R2  ; line 2277
13672 MOVE                 R36 <- R34  ; line 2277
13673 HOST_CALL            a=37 b=11 c=35 imm=2  ; line 2277
13674 MOVE                 R38 <- R22  ; line 2277
13675 MOVE                 R39 <- R33  ; line 2277
13676 MOVE                 R40 <- R37  ; line 2277
13677 HOST_CALL            a=41 b=183 c=38 imm=3  ; line 2277
13678 MOVE                 R42 <- R32  ; line 2277
13679 MOVE                 R43 <- R41  ; line 2277
13680 ARRAY_NEW            a=44 b=42 c=2 imm=4294967295  ; line 2277
13681 MOVE                 R45 <- R23  ; line 2277
13682 MOVE                 R46 <- R44  ; line 2277
13683 ARRAY_NEW            a=47 b=45 c=2 imm=4294967295  ; line 2277
13684 RETURN               R47  ; line 2277
13685 JUMP                 -> 13686  ; line 2277
13686 LOAD_CONST           R23 constant[2813]  ; line 2280
13687 LOAD_CONST           R24 constant[2814]  ; line 2280
13688 MOVE                 R25 <- R12  ; line 2280
13689 MOVE                 R26 <- R24  ; line 2280
13690 HOST_CALL            a=27 b=11 c=25 imm=2  ; line 2280
13691 LOAD_CONST           R28 constant[2815]  ; line 2280
13692 MOVE                 R29 <- R12  ; line 2280
13693 MOVE                 R30 <- R28  ; line 2280
13694 HOST_CALL            a=31 b=11 c=29 imm=2  ; line 2280
13695 MOVE                 R32 <- R27  ; line 2280
13696 MOVE                 R33 <- R31  ; line 2280
13697 ARRAY_NEW            a=34 b=32 c=2 imm=4294967295  ; line 2280
13698 MOVE                 R35 <- R23  ; line 2280
13699 MOVE                 R36 <- R34  ; line 2280
13700 ARRAY_NEW            a=37 b=35 c=2 imm=4294967295  ; line 2280
13701 RETURN               R37  ; line 2280
13702 LOAD_CONST           R38 constant[2816]  ; line 2280
13703 RETURN               R38  ; line 2280
13704 LOAD_CONST           R3 constant[2817]  ; line 2284
13705 MOVE                 R4 <- R0  ; line 2284
13706 MOVE                 R5 <- R3  ; line 2284
13707 HOST_CALL            a=6 b=11 c=4 imm=2  ; line 2284
13708 LOAD_CONST           R7 constant[2818]  ; line 2284
13709 COMPARE              a=6 b=7 c=8 imm=1  ; line 2284
13710 JUMP_IF_FALSE        R8 -> 13720  ; line 2284
13711 LOAD_CONST           R3 constant[2819]  ; line 2284
13712 LOAD_CONST           R4 constant[2820]  ; line 2284
13713 LOAD_CONST           R5 constant[2821]  ; line 2284
13714 MOVE                 R6 <- R3  ; line 2284
13715 MOVE                 R7 <- R4  ; line 2284
13716 MOVE                 R8 <- R5  ; line 2284
13717 CALL                 a=9 b=86 c=6 imm=3  ; line 2284
13718 RETURN               R9  ; line 2284
13719 JUMP                 -> 13720  ; line 2284
13720 LOAD_CONST           R3 constant[2822]  ; line 2285
13721 MOVE                 R4 <- R0  ; line 2285
13722 MOVE                 R5 <- R3  ; line 2285
13723 HOST_CALL            a=6 b=11 c=4 imm=2  ; line 2285
13724 LOAD_CONST           R7 constant[2823]  ; line 2285
13725 MOVE                 R8 <- R6  ; line 2285
13726 MOVE                 R9 <- R7  ; line 2285
13727 HOST_CALL            a=10 b=11 c=8 imm=2  ; line 2285
13728 JUMP_IF_FALSE        R10 -> 13778  ; line 2285
13729 LOAD_CONST           R3 constant[2824]  ; line 2286
13730 MOVE                 R4 <- R0  ; line 2286
13731 MOVE                 R5 <- R3  ; line 2286
13732 HOST_CALL            a=6 b=11 c=4 imm=2  ; line 2286
13733 MOVE                 R7 <- R1  ; line 2286
13734 MOVE                 R8 <- R6  ; line 2286
13735 CALL                 a=9 b=126 c=7 imm=2  ; line 2286
13736 MOVE                 R10 <- R9  ; line 2286
13737 LOAD_CONST           R11 constant[2825]  ; line 2287
13738 MOVE                 R12 <- R10  ; line 2287
13739 MOVE                 R13 <- R11  ; line 2287
13740 HOST_CALL            a=14 b=11 c=12 imm=2  ; line 2287
13741 UNARY                a=14 b=15 c=4294967295 imm=1  ; line 2287
13742 JUMP_IF_FALSE        R15 -> 13745  ; line 2287
13743 RETURN               R10  ; line 2287
13744 JUMP                 -> 13745  ; line 2287
13745 LOAD_CONST           R11 constant[2826]  ; line 2288
13746 MOVE                 R12 <- R10  ; line 2288
13747 MOVE                 R13 <- R11  ; line 2288
13748 HOST_CALL            a=14 b=11 c=12 imm=2  ; line 2288
13749 MOVE                 R15 <- R14  ; line 2288
13750 LOAD_CONST           R16 constant[2827]  ; line 2289
13751 LOAD_CONST           R17 constant[2828]  ; line 2289
13752 MOVE                 R18 <- R15  ; line 2289
13753 MOVE                 R19 <- R17  ; line 2289
13754 HOST_CALL            a=20 b=11 c=18 imm=2  ; line 2289
13755 MOVE                 R21 <- R20  ; line 2289
13756 HOST_CALL            a=22 b=72 c=21 imm=1  ; line 2289
13757 LOAD_CONST           R23 constant[2829]  ; line 2289
13758 MOVE                 R24 <- R15  ; line 2289
13759 MOVE                 R25 <- R23  ; line 2289
13760 HOST_CALL            a=26 b=11 c=24 imm=2  ; line 2289
13761 MOVE                 R27 <- R26  ; line 2289
13762 HOST_CALL            a=28 b=72 c=27 imm=1  ; line 2289
13763 LOAD_CONST           R29 constant[2830]  ; line 2289
13764 LOAD_CONST           R30 constant[2831]  ; line 2289
13765 MOVE                 R31 <- R30  ; line 2289
13766 ARRAY_NEW            a=32 b=31 c=1 imm=4294967295  ; line 2289
13767 MOVE                 R33 <- R0  ; line 2289
13768 MOVE                 R34 <- R22  ; line 2289
13769 MOVE                 R35 <- R28  ; line 2289
13770 MOVE                 R36 <- R29  ; line 2289
13771 MOVE                 R37 <- R32  ; line 2289
13772 CALL                 a=38 b=100 c=33 imm=5  ; line 2289
13773 MOVE                 R39 <- R16  ; line 2289
13774 MOVE                 R40 <- R38  ; line 2289
13775 ARRAY_NEW            a=41 b=39 c=2 imm=4294967295  ; line 2289
13776 RETURN               R41  ; line 2289
13777 JUMP                 -> 13778  ; line 2289
13778 LOAD_CONST           R16 constant[2832]  ; line 2292
13779 MOVE                 R17 <- R0  ; line 2292
13780 MOVE                 R18 <- R16  ; line 2292
13781 HOST_CALL            a=19 b=11 c=17 imm=2  ; line 2292
13782 MOVE                 R20 <- R1  ; line 2292
13783 MOVE                 R21 <- R19  ; line 2292
13784 CALL                 a=22 b=127 c=20 imm=2  ; line 2292
13785 MOVE                 R23 <- R22  ; line 2292
13786 LOAD_CONST           R24 constant[2833]  ; line 2293
13787 LOAD_CONST           R25 constant[2834]  ; line 2293
13788 MOVE                 R26 <- R23  ; line 2293
13789 MOVE                 R27 <- R25  ; line 2293
13790 HOST_CALL            a=28 b=11 c=26 imm=2  ; line 2293
13791 MOVE                 R29 <- R28  ; line 2293
13792 HOST_CALL            a=30 b=72 c=29 imm=1  ; line 2293
13793 LOAD_CONST           R31 constant[2835]  ; line 2293
13794 MOVE                 R32 <- R23  ; line 2293
13795 MOVE                 R33 <- R31  ; line 2293
13796 HOST_CALL            a=34 b=11 c=32 imm=2  ; line 2293
13797 MOVE                 R35 <- R34  ; line 2293
13798 HOST_CALL            a=36 b=72 c=35 imm=1  ; line 2293
13799 LOAD_CONST           R37 constant[2836]  ; line 2293
13800 LOAD_CONST           R38 constant[2837]  ; line 2293
13801 MOVE                 R39 <- R38  ; line 2293
13802 ARRAY_NEW            a=40 b=39 c=1 imm=4294967295  ; line 2293
13803 MOVE                 R41 <- R0  ; line 2293
13804 MOVE                 R42 <- R30  ; line 2293
13805 MOVE                 R43 <- R36  ; line 2293
13806 MOVE                 R44 <- R37  ; line 2293
13807 MOVE                 R45 <- R40  ; line 2293
13808 CALL                 a=46 b=100 c=41 imm=5  ; line 2293
13809 MOVE                 R47 <- R24  ; line 2293
13810 MOVE                 R48 <- R46  ; line 2293
13811 ARRAY_NEW            a=49 b=47 c=2 imm=4294967295  ; line 2293
13812 RETURN               R49  ; line 2293
13813 LOAD_CONST           R50 constant[2838]  ; line 2293
13814 RETURN               R50  ; line 2293
13815 LOAD_CONST           R3 constant[2839]  ; line 2298
13816 MOVE                 R4 <- R0  ; line 2298
13817 MOVE                 R5 <- R3  ; line 2298
13818 HOST_CALL            a=6 b=11 c=4 imm=2  ; line 2298
13819 LOAD_CONST           R7 constant[2840]  ; line 2298
13820 COMPARE              a=6 b=7 c=8 imm=1  ; line 2298
13821 JUMP_IF_FALSE        R8 -> 13831  ; line 2298
13822 LOAD_CONST           R3 constant[2841]  ; line 2298
13823 LOAD_CONST           R4 constant[2842]  ; line 2298
13824 LOAD_CONST           R5 constant[2843]  ; line 2298
13825 MOVE                 R6 <- R3  ; line 2298
13826 MOVE                 R7 <- R4  ; line 2298
13827 MOVE                 R8 <- R5  ; line 2298
13828 CALL                 a=9 b=86 c=6 imm=3  ; line 2298
13829 RETURN               R9  ; line 2298
13830 JUMP                 -> 13831  ; line 2298
13831 LOAD_CONST           R3 constant[2844]  ; line 2299
13832 MOVE                 R4 <- R0  ; line 2299
13833 MOVE                 R5 <- R3  ; line 2299
13834 HOST_CALL            a=6 b=11 c=4 imm=2  ; line 2299
13835 LOAD_CONST           R7 constant[2845]  ; line 2299
13836 MOVE                 R8 <- R6  ; line 2299
13837 MOVE                 R9 <- R7  ; line 2299
13838 HOST_CALL            a=10 b=11 c=8 imm=2  ; line 2299
13839 JUMP_IF_FALSE        R10 -> 13881  ; line 2299
13840 MOVE                 R3 <- R0  ; line 2300
13841 MOVE                 R4 <- R1  ; line 2300
13842 CALL                 a=5 b=132 c=3 imm=2  ; line 2300
13843 MOVE                 R6 <- R5  ; line 2300
13844 LOAD_CONST           R7 constant[2846]  ; line 2301
13845 MOVE                 R8 <- R6  ; line 2301
13846 MOVE                 R9 <- R7  ; line 2301
13847 HOST_CALL            a=10 b=11 c=8 imm=2  ; line 2301
13848 UNARY                a=10 b=11 c=4294967295 imm=1  ; line 2301
13849 JUMP_IF_FALSE        R11 -> 13852  ; line 2301
13850 RETURN               R6  ; line 2301
13851 JUMP                 -> 13852  ; line 2301
13852 LOAD_CONST           R7 constant[2847]  ; line 2302
13853 MOVE                 R8 <- R6  ; line 2302
13854 MOVE                 R9 <- R7  ; line 2302
13855 HOST_CALL            a=10 b=11 c=8 imm=2  ; line 2302
13856 MOVE                 R11 <- R10  ; line 2302
13857 LOAD_CONST           R12 constant[2848]  ; line 2303
13858 LOAD_CONST           R13 constant[2849]  ; line 2303
13859 MOVE                 R14 <- R11  ; line 2303
13860 MOVE                 R15 <- R13  ; line 2303
13861 HOST_CALL            a=16 b=11 c=14 imm=2  ; line 2303
13862 LOAD_CONST           R17 constant[2850]  ; line 2303
13863 MOVE                 R18 <- R11  ; line 2303
13864 MOVE                 R19 <- R17  ; line 2303
13865 HOST_CALL            a=20 b=11 c=18 imm=2  ; line 2303
13866 LOAD_CONST           R21 constant[2851]  ; line 2303
13867 LOAD_CONST           R22 constant[2852]  ; line 2303
13868 MOVE                 R23 <- R22  ; line 2303
13869 ARRAY_NEW            a=24 b=23 c=1 imm=4294967295  ; line 2303
13870 MOVE                 R25 <- R0  ; line 2303
13871 MOVE                 R26 <- R16  ; line 2303
13872 MOVE                 R27 <- R20  ; line 2303
13873 MOVE                 R28 <- R21  ; line 2303
13874 MOVE                 R29 <- R24  ; line 2303
13875 CALL                 a=30 b=100 c=25 imm=5  ; line 2303
13876 MOVE                 R31 <- R12  ; line 2303
13877 MOVE                 R32 <- R30  ; line 2303
13878 ARRAY_NEW            a=33 b=31 c=2 imm=4294967295  ; line 2303
13879 RETURN               R33  ; line 2303
13880 JUMP                 -> 13881  ; line 2303
13881 MOVE                 R12 <- R0  ; line 2306
13882 MOVE                 R13 <- R1  ; line 2306
13883 CALL                 a=14 b=131 c=12 imm=2  ; line 2306
13884 MOVE                 R15 <- R14  ; line 2306
13885 LOAD_CONST           R16 constant[2853]  ; line 2307
13886 LOAD_CONST           R17 constant[2854]  ; line 2307
13887 MOVE                 R18 <- R15  ; line 2307
13888 MOVE                 R19 <- R17  ; line 2307
13889 HOST_CALL            a=20 b=11 c=18 imm=2  ; line 2307
13890 LOAD_CONST           R21 constant[2855]  ; line 2307
13891 MOVE                 R22 <- R15  ; line 2307
13892 MOVE                 R23 <- R21  ; line 2307
13893 HOST_CALL            a=24 b=11 c=22 imm=2  ; line 2307
13894 LOAD_CONST           R25 constant[2856]  ; line 2307
13895 LOAD_CONST           R26 constant[2857]  ; line 2307
13896 MOVE                 R27 <- R26  ; line 2307
13897 ARRAY_NEW            a=28 b=27 c=1 imm=4294967295  ; line 2307
13898 MOVE                 R29 <- R0  ; line 2307
13899 MOVE                 R30 <- R20  ; line 2307
13900 MOVE                 R31 <- R24  ; line 2307
13901 MOVE                 R32 <- R25  ; line 2307
13902 MOVE                 R33 <- R28  ; line 2307
13903 CALL                 a=34 b=100 c=29 imm=5  ; line 2307
13904 MOVE                 R35 <- R16  ; line 2307
13905 MOVE                 R36 <- R34  ; line 2307
13906 ARRAY_NEW            a=37 b=35 c=2 imm=4294967295  ; line 2307
13907 RETURN               R37  ; line 2307
13908 LOAD_CONST           R38 constant[2858]  ; line 2307
13909 RETURN               R38  ; line 2307
13910 LOAD_CONST           R3 constant[2859]  ; line 2312
13911 MOVE                 R4 <- R0  ; line 2312
13912 MOVE                 R5 <- R3  ; line 2312
13913 HOST_CALL            a=6 b=11 c=4 imm=2  ; line 2312
13914 LOAD_CONST           R7 constant[2860]  ; line 2312
13915 COMPARE              a=6 b=7 c=8 imm=1  ; line 2312
13916 JUMP_IF_FALSE        R8 -> 13934  ; line 2312
13917 LOAD_CONST           R3 constant[2861]  ; line 2313
13918 MOVE                 R4 <- R0  ; line 2313
13919 MOVE                 R5 <- R3  ; line 2313
13920 HOST_CALL            a=6 b=11 c=4 imm=2  ; line 2313
13921 LOAD_CONST           R7 constant[2862]  ; line 2313
13922 COMPARE              a=6 b=7 c=8 imm=1  ; line 2313
13923 JUMP_IF_FALSE        R8 -> 13933  ; line 2313
13924 LOAD_CONST           R3 constant[2863]  ; line 2313
13925 LOAD_CONST           R4 constant[2864]  ; line 2313
13926 LOAD_CONST           R5 constant[2865]  ; line 2313
13927 MOVE                 R6 <- R3  ; line 2313
13928 MOVE                 R7 <- R4  ; line 2313
13929 MOVE                 R8 <- R5  ; line 2313
13930 CALL                 a=9 b=86 c=6 imm=3  ; line 2313
13931 RETURN               R9  ; line 2313
13932 JUMP                 -> 13933  ; line 2313
13933 JUMP                 -> 13934  ; line 2313
13934 MOVE                 R3 <- R0  ; line 2315
13935 MOVE                 R4 <- R1  ; line 2315
13936 CALL                 a=5 b=143 c=3 imm=2  ; line 2315
13937 MOVE                 R6 <- R5  ; line 2315
13938 LOAD_CONST           R7 constant[2866]  ; line 2316
13939 LOAD_CONST           R8 constant[2867]  ; line 2316
13940 MOVE                 R9 <- R6  ; line 2316
13941 MOVE                 R10 <- R8  ; line 2316
13942 HOST_CALL            a=11 b=11 c=9 imm=2  ; line 2316
13943 LOAD_CONST           R12 constant[2868]  ; line 2316
13944 MOVE                 R13 <- R6  ; line 2316
13945 MOVE                 R14 <- R12  ; line 2316
13946 HOST_CALL            a=15 b=11 c=13 imm=2  ; line 2316
13947 LOAD_CONST           R16 constant[2869]  ; line 2316
13948 LOAD_CONST           R17 constant[2870]  ; line 2316
13949 MOVE                 R18 <- R17  ; line 2316
13950 ARRAY_NEW            a=19 b=18 c=1 imm=4294967295  ; line 2316
13951 MOVE                 R20 <- R0  ; line 2316
13952 MOVE                 R21 <- R11  ; line 2316
13953 MOVE                 R22 <- R15  ; line 2316
13954 MOVE                 R23 <- R16  ; line 2316
13955 MOVE                 R24 <- R19  ; line 2316
13956 CALL                 a=25 b=100 c=20 imm=5  ; line 2316
13957 MOVE                 R26 <- R7  ; line 2316
13958 MOVE                 R27 <- R25  ; line 2316
13959 ARRAY_NEW            a=28 b=26 c=2 imm=4294967295  ; line 2316
13960 RETURN               R28  ; line 2316
13961 LOAD_CONST           R29 constant[2871]  ; line 2316
13962 RETURN               R29  ; line 2316
13963 LOAD_CONST           R3 constant[2872]  ; line 2321
13964 MOVE                 R4 <- R0  ; line 2321
13965 MOVE                 R5 <- R3  ; line 2321
13966 HOST_CALL            a=6 b=11 c=4 imm=2  ; line 2321
13967 LOAD_CONST           R7 constant[2873]  ; line 2321
13968 COMPARE              a=6 b=7 c=8 imm=1  ; line 2321
13969 JUMP_IF_FALSE        R8 -> 13979  ; line 2321
13970 LOAD_CONST           R3 constant[2874]  ; line 2321
13971 LOAD_CONST           R4 constant[2875]  ; line 2321
13972 LOAD_CONST           R5 constant[2876]  ; line 2321
13973 MOVE                 R6 <- R3  ; line 2321
13974 MOVE                 R7 <- R4  ; line 2321
13975 MOVE                 R8 <- R5  ; line 2321
13976 CALL                 a=9 b=86 c=6 imm=3  ; line 2321
13977 RETURN               R9  ; line 2321
13978 JUMP                 -> 13979  ; line 2321
13979 LOAD_CONST           R3 constant[2877]  ; line 2322
13980 LOAD_CONST           R4 constant[2878]  ; line 2322
13981 MOVE                 R5 <- R2  ; line 2322
13982 MOVE                 R6 <- R3  ; line 2322
13983 MOVE                 R7 <- R4  ; line 2322
13984 CALL                 a=8 b=87 c=5 imm=3  ; line 2322
13985 MOVE                 R9 <- R8  ; line 2322
13986 LOAD_CONST           R10 constant[2879]  ; line 2323
13987 COMPARE              a=9 b=10 c=11 imm=2  ; line 2323
13988 JUMP_IF_FALSE        R11 -> 13998  ; line 2323
13989 LOAD_CONST           R10 constant[2880]  ; line 2323
13990 LOAD_CONST           R11 constant[2881]  ; line 2323
13991 LOAD_CONST           R12 constant[2882]  ; line 2323
13992 MOVE                 R13 <- R10  ; line 2323
13993 MOVE                 R14 <- R11  ; line 2323
13994 MOVE                 R15 <- R12  ; line 2323
13995 CALL                 a=16 b=86 c=13 imm=3  ; line 2323
13996 RETURN               R16  ; line 2323
13997 JUMP                 -> 13998  ; line 2323
13998 LOAD_CONST           R10 constant[2883]  ; line 2324
13999 MOVE                 R11 <- R10  ; line 2324
14000 HOST_CALL            a=12 b=22 c=11 imm=1  ; line 2324
14001 MOVE                 R13 <- R12  ; line 2324
14002 LOAD_CONST           R14 constant[2884]  ; line 2325
14003 MOVE                 R15 <- R14  ; line 2325
14004 HOST_CALL            a=16 b=22 c=15 imm=1  ; line 2325
14005 MOVE                 R17 <- R16  ; line 2325
14006 LOAD_CONST           R18 constant[2885]  ; line 2326
14007 MOVE                 R19 <- R18  ; line 2326
14008 COMPARE              a=19 b=9 c=20 imm=2  ; line 2327
14009 JUMP_IF_FALSE        R20 -> 14150  ; line 2327
14010 LOAD_CONST           R20 constant[2886]  ; line 2328
14011 MOVE                 R21 <- R0  ; line 2328
14012 MOVE                 R22 <- R20  ; line 2328
14013 HOST_CALL            a=23 b=11 c=21 imm=2  ; line 2328
14014 LOAD_CONST           R24 constant[2887]  ; line 2328
14015 MOVE                 R25 <- R23  ; line 2328
14016 MOVE                 R26 <- R24  ; line 2328
14017 HOST_CALL            a=27 b=11 c=25 imm=2  ; line 2328
14018 LOAD_CONST           R28 constant[2888]  ; line 2328
14019 MOVE                 R29 <- R0  ; line 2328
14020 MOVE                 R30 <- R28  ; line 2328
14021 HOST_CALL            a=31 b=11 c=29 imm=2  ; line 2328
14022 LOAD_CONST           R32 constant[2889]  ; line 2328
14023 MOVE                 R33 <- R31  ; line 2328
14024 MOVE                 R34 <- R32  ; line 2328
14025 HOST_CALL            a=35 b=11 c=33 imm=2  ; line 2328
14026 BINARY               a=27 b=35 c=36 imm=2  ; line 2328
14027 LOAD_CONST           R37 constant[2890]  ; line 2328
14028 LOAD_CONST           R38 constant[2891]  ; line 2328
14029 MOVE                 R39 <- R0  ; line 2328
14030 MOVE                 R40 <- R38  ; line 2328
14031 HOST_CALL            a=41 b=11 c=39 imm=2  ; line 2328
14032 LOAD_CONST           R42 constant[2892]  ; line 2328
14033 MOVE                 R43 <- R41  ; line 2328
14034 MOVE                 R44 <- R42  ; line 2328
14035 HOST_CALL            a=45 b=11 c=43 imm=2  ; line 2328
14036 BINARY               a=37 b=45 c=46 imm=1  ; line 2328
14037 LOAD_CONST           R47 constant[2893]  ; line 2328
14038 MOVE                 R48 <- R0  ; line 2328
14039 MOVE                 R49 <- R47  ; line 2328
14040 HOST_CALL            a=50 b=11 c=48 imm=2  ; line 2328
14041 LOAD_CONST           R51 constant[2894]  ; line 2328
14042 MOVE                 R52 <- R50  ; line 2328
14043 MOVE                 R53 <- R51  ; line 2328
14044 HOST_CALL            a=54 b=11 c=52 imm=2  ; line 2328
14045 BINARY               a=46 b=54 c=55 imm=2  ; line 2328
14046 BINARY               a=36 b=55 c=56 imm=1  ; line 2328
14047 MOVE                 R57 <- R56  ; line 2328
14048 LOAD_CONST           R58 constant[2895]  ; line 2330
14049 MOVE                 R59 <- R0  ; line 2330
14050 MOVE                 R60 <- R58  ; line 2330
14051 HOST_CALL            a=61 b=11 c=59 imm=2  ; line 2330
14052 LOAD_CONST           R62 constant[2896]  ; line 2330
14053 MOVE                 R63 <- R61  ; line 2330
14054 MOVE                 R64 <- R62  ; line 2330
14055 HOST_CALL            a=65 b=11 c=63 imm=2  ; line 2330
14056 MOVE                 R66 <- R65  ; line 2330
14057 LOAD_CONST           R67 constant[2897]  ; line 2331
14058 MOVE                 R68 <- R0  ; line 2331
14059 MOVE                 R69 <- R67  ; line 2331
14060 HOST_CALL            a=70 b=11 c=68 imm=2  ; line 2331
14061 LOAD_CONST           R71 constant[2898]  ; line 2331
14062 MOVE                 R72 <- R70  ; line 2331
14063 MOVE                 R73 <- R71  ; line 2331
14064 HOST_CALL            a=74 b=11 c=72 imm=2  ; line 2331
14065 LOAD_CONST           R75 constant[2899]  ; line 2331
14066 COMPARE              a=74 b=75 c=76 imm=1  ; line 2331
14067 JUMP_IF_FALSE        R76 -> 14083  ; line 2331
14068 LOAD_CONST           R67 constant[2900]  ; line 2332
14069 MOVE                 R68 <- R0  ; line 2332
14070 MOVE                 R69 <- R67  ; line 2332
14071 HOST_CALL            a=70 b=11 c=68 imm=2  ; line 2332
14072 LOAD_CONST           R71 constant[2901]  ; line 2332
14073 MOVE                 R72 <- R70  ; line 2332
14074 MOVE                 R73 <- R71  ; line 2332
14075 HOST_CALL            a=74 b=11 c=72 imm=2  ; line 2332
14076 UNARY                a=19 b=75 c=4294967295 imm=0  ; line 2332
14077 MOVE                 R76 <- R75  ; line 2332
14078 CALL                 a=77 b=91 c=76 imm=1  ; line 2332
14079 BINARY               a=74 b=77 c=78 imm=2  ; line 2332
14080 BINARY               a=66 b=78 c=79 imm=0  ; line 2332
14081 MOVE                 R66 <- R79  ; line 2332
14082 JUMP                 -> 14083  ; line 2332
14083 BINARY               a=66 b=57 c=67 imm=2  ; line 2334
14084 MOVE                 R68 <- R13  ; line 2334
14085 MOVE                 R69 <- R67  ; line 2334
14086 HOST_CALL            a=70 b=23 c=68 imm=2  ; line 2334
14087 LOAD_CONST           R67 constant[2902]  ; line 2335
14088 MOVE                 R68 <- R0  ; line 2335
14089 MOVE                 R69 <- R67  ; line 2335
14090 HOST_CALL            a=70 b=11 c=68 imm=2  ; line 2335
14091 LOAD_CONST           R71 constant[2903]  ; line 2335
14092 MOVE                 R72 <- R70  ; line 2335
14093 MOVE                 R73 <- R71  ; line 2335
14094 HOST_CALL            a=74 b=11 c=72 imm=2  ; line 2335
14095 LOAD_CONST           R75 constant[2904]  ; line 2335
14096 MOVE                 R76 <- R0  ; line 2335
14097 MOVE                 R77 <- R75  ; line 2335
14098 HOST_CALL            a=78 b=11 c=76 imm=2  ; line 2335
14099 LOAD_CONST           R79 constant[2905]  ; line 2335
14100 MOVE                 R80 <- R78  ; line 2335
14101 MOVE                 R81 <- R79  ; line 2335
14102 HOST_CALL            a=82 b=11 c=80 imm=2  ; line 2335
14103 BINARY               a=74 b=82 c=83 imm=2  ; line 2335
14104 LOAD_CONST           R84 constant[2906]  ; line 2335
14105 MOVE                 R85 <- R0  ; line 2335
14106 MOVE                 R86 <- R84  ; line 2335
14107 HOST_CALL            a=87 b=11 c=85 imm=2  ; line 2335
14108 LOAD_CONST           R88 constant[2907]  ; line 2335
14109 MOVE                 R89 <- R87  ; line 2335
14110 MOVE                 R90 <- R88  ; line 2335
14111 HOST_CALL            a=91 b=11 c=89 imm=2  ; line 2335
14112 BINARY               a=83 b=91 c=92 imm=2  ; line 2335
14113 LOAD_CONST           R93 constant[2908]  ; line 2335
14114 LOAD_CONST           R94 constant[2909]  ; line 2335
14115 MOVE                 R95 <- R0  ; line 2335
14116 MOVE                 R96 <- R94  ; line 2335
14117 HOST_CALL            a=97 b=11 c=95 imm=2  ; line 2335
14118 LOAD_CONST           R98 constant[2910]  ; line 2335
14119 MOVE                 R99 <- R97  ; line 2335
14120 MOVE                 R100 <- R98  ; line 2335
14121 HOST_CALL            a=101 b=11 c=99 imm=2  ; line 2335
14122 BINARY               a=93 b=101 c=102 imm=1  ; line 2335
14123 LOAD_CONST           R103 constant[2911]  ; line 2335
14124 MOVE                 R104 <- R0  ; line 2335
14125 MOVE                 R105 <- R103  ; line 2335
14126 HOST_CALL            a=106 b=11 c=104 imm=2  ; line 2335
14127 LOAD_CONST           R107 constant[2912]  ; line 2335
14128 MOVE                 R108 <- R106  ; line 2335
14129 MOVE                 R109 <- R107  ; line 2335
14130 HOST_CALL            a=110 b=11 c=108 imm=2  ; line 2335
14131 BINARY               a=102 b=110 c=111 imm=2  ; line 2335
14132 LOAD_CONST           R112 constant[2913]  ; line 2335
14133 MOVE                 R113 <- R0  ; line 2335
14134 MOVE                 R114 <- R112  ; line 2335
14135 HOST_CALL            a=115 b=11 c=113 imm=2  ; line 2335
14136 LOAD_CONST           R116 constant[2914]  ; line 2335
14137 MOVE                 R117 <- R115  ; line 2335
14138 MOVE                 R118 <- R116  ; line 2335
14139 HOST_CALL            a=119 b=11 c=117 imm=2  ; line 2335
14140 BINARY               a=111 b=119 c=120 imm=2  ; line 2335
14141 BINARY               a=92 b=120 c=121 imm=0  ; line 2335
14142 BINARY               a=66 b=121 c=122 imm=2  ; line 2335
14143 MOVE                 R123 <- R17  ; line 2335
14144 MOVE                 R124 <- R122  ; line 2335
14145 HOST_CALL            a=125 b=23 c=123 imm=2  ; line 2335
14146 LOAD_CONST           R67 constant[2915]  ; line 2337
14147 BINARY               a=19 b=67 c=68 imm=0  ; line 2337
14148 MOVE                 R19 <- R68  ; line 2337
14149 JUMP                 -> 14008  ; line 2337
14150 LOAD_CONST           R67 constant[2916]  ; line 2339
14151 MOVE                 R68 <- R13  ; line 2339
14152 HOST_CALL            a=69 b=72 c=68 imm=1  ; line 2339
14153 MOVE                 R70 <- R17  ; line 2339
14154 HOST_CALL            a=71 b=72 c=70 imm=1  ; line 2339
14155 LOAD_CONST           R72 constant[2917]  ; line 2339
14156 LOAD_CONST           R73 constant[2918]  ; line 2339
14157 MOVE                 R74 <- R73  ; line 2339
14158 ARRAY_NEW            a=75 b=74 c=1 imm=4294967295  ; line 2339
14159 MOVE                 R76 <- R0  ; line 2339
14160 MOVE                 R77 <- R69  ; line 2339
14161 MOVE                 R78 <- R71  ; line 2339
14162 MOVE                 R79 <- R72  ; line 2339
14163 MOVE                 R80 <- R75  ; line 2339
14164 CALL                 a=81 b=100 c=76 imm=5  ; line 2339
14165 MOVE                 R82 <- R67  ; line 2339
14166 MOVE                 R83 <- R81  ; line 2339
14167 ARRAY_NEW            a=84 b=82 c=2 imm=4294967295  ; line 2339
14168 RETURN               R84  ; line 2339
14169 LOAD_CONST           R85 constant[2919]  ; line 2339
14170 RETURN               R85  ; line 2339
14171 HOST_CALL            a=0 b=0 c=0 imm=0  ; line 3
14172 MOVE                 R1 <- R0  ; line 3
14173 MOVE                 R2 <- R1  ; line 4
14174 HOST_CALL            a=3 b=26 c=2 imm=1  ; line 4
14175 LOAD_CONST           R4 constant[2920]  ; line 4
14176 COMPARE              a=3 b=4 c=5 imm=0  ; line 4
14177 LOAD_CONST           R6 constant[2921]  ; line 4
14178 MOVE                 R7 <- R5  ; line 4
14179 MOVE                 R8 <- R6  ; line 4
14180 HOST_CALL            a=9 b=5 c=7 imm=2  ; line 4
14181 LOAD_CONST           R2 constant[2922]  ; line 5
14182 MOVE                 R3 <- R1  ; line 5
14183 MOVE                 R4 <- R2  ; line 5
14184 HOST_CALL            a=5 b=11 c=3 imm=2  ; line 5
14185 MOVE                 R6 <- R5  ; line 5
14186 HOST_CALL            a=7 b=85 c=6 imm=1  ; line 5
14187 MOVE                 R8 <- R7  ; line 5
14188 LOAD_CONST           R9 constant[2923]  ; line 5
14189 MOVE                 R10 <- R1  ; line 5
14190 MOVE                 R11 <- R9  ; line 5
14191 HOST_CALL            a=12 b=11 c=10 imm=2  ; line 5
14192 MOVE                 R13 <- R12  ; line 5
14193 HOST_CALL            a=14 b=85 c=13 imm=1  ; line 5
14194 MOVE                 R15 <- R14  ; line 5
14195 LOAD_CONST           R16 constant[2924]  ; line 6
14196 MOVE                 R17 <- R1  ; line 6
14197 MOVE                 R18 <- R16  ; line 6
14198 HOST_CALL            a=19 b=11 c=17 imm=2  ; line 6
14199 MOVE                 R20 <- R19  ; line 6
14200 HOST_CALL            a=21 b=85 c=20 imm=1  ; line 6
14201 MOVE                 R22 <- R21  ; line 6
14202 LOAD_CONST           R23 constant[2925]  ; line 6
14203 MOVE                 R24 <- R1  ; line 6
14204 MOVE                 R25 <- R23  ; line 6
14205 HOST_CALL            a=26 b=11 c=24 imm=2  ; line 6
14206 MOVE                 R27 <- R26  ; line 6
14207 HOST_CALL            a=28 b=85 c=27 imm=1  ; line 6
14208 MOVE                 R29 <- R28  ; line 6
14209 LOAD_CONST           R30 constant[2926]  ; line 7
14210 MOVE                 R31 <- R8  ; line 7
14211 MOVE                 R32 <- R30  ; line 7
14212 HOST_CALL            a=33 b=11 c=31 imm=2  ; line 7
14213 LOAD_CONST           R34 constant[2927]  ; line 7
14214 MOVE                 R35 <- R33  ; line 7
14215 MOVE                 R36 <- R34  ; line 7
14216 HOST_CALL            a=37 b=5 c=35 imm=2  ; line 7
14217 LOAD_CONST           R30 constant[2928]  ; line 7
14218 MOVE                 R31 <- R15  ; line 7
14219 MOVE                 R32 <- R30  ; line 7
14220 HOST_CALL            a=33 b=11 c=31 imm=2  ; line 7
14221 LOAD_CONST           R34 constant[2929]  ; line 7
14222 MOVE                 R35 <- R33  ; line 7
14223 MOVE                 R36 <- R34  ; line 7
14224 HOST_CALL            a=37 b=5 c=35 imm=2  ; line 7
14225 LOAD_CONST           R30 constant[2930]  ; line 8
14226 MOVE                 R31 <- R22  ; line 8
14227 MOVE                 R32 <- R30  ; line 8
14228 HOST_CALL            a=33 b=11 c=31 imm=2  ; line 8
14229 LOAD_CONST           R34 constant[2931]  ; line 8
14230 MOVE                 R35 <- R33  ; line 8
14231 MOVE                 R36 <- R34  ; line 8
14232 HOST_CALL            a=37 b=5 c=35 imm=2  ; line 8
14233 LOAD_CONST           R30 constant[2932]  ; line 8
14234 MOVE                 R31 <- R29  ; line 8
14235 MOVE                 R32 <- R30  ; line 8
14236 HOST_CALL            a=33 b=11 c=31 imm=2  ; line 8
14237 LOAD_CONST           R34 constant[2933]  ; line 8
14238 MOVE                 R35 <- R33  ; line 8
14239 MOVE                 R36 <- R34  ; line 8
14240 HOST_CALL            a=37 b=5 c=35 imm=2  ; line 8
14241 LOAD_CONST           R30 constant[2934]  ; line 9
14242 MOVE                 R31 <- R1  ; line 9
14243 MOVE                 R32 <- R30  ; line 9
14244 HOST_CALL            a=33 b=11 c=31 imm=2  ; line 9
14245 MOVE                 R34 <- R33  ; line 9
14246 LOAD_CONST           R35 constant[2935]  ; line 9
14247 MOVE                 R36 <- R8  ; line 9
14248 MOVE                 R37 <- R35  ; line 9
14249 HOST_CALL            a=38 b=11 c=36 imm=2  ; line 9
14250 MOVE                 R39 <- R38  ; line 9
14251 LOAD_CONST           R40 constant[2936]  ; line 9
14252 MOVE                 R41 <- R1  ; line 9
14253 MOVE                 R42 <- R40  ; line 9
14254 HOST_CALL            a=43 b=11 c=41 imm=2  ; line 9
14255 MOVE                 R44 <- R43  ; line 9
14256 LOAD_CONST           R45 constant[2937]  ; line 9
14257 MOVE                 R46 <- R15  ; line 9
14258 MOVE                 R47 <- R45  ; line 9
14259 HOST_CALL            a=48 b=11 c=46 imm=2  ; line 9
14260 MOVE                 R49 <- R48  ; line 9
14261 LOAD_CONST           R50 constant[2938]  ; line 10
14262 MOVE                 R51 <- R22  ; line 10
14263 MOVE                 R52 <- R50  ; line 10
14264 HOST_CALL            a=53 b=11 c=51 imm=2  ; line 10
14265 MOVE                 R54 <- R53  ; line 10
14266 LOAD_CONST           R55 constant[2939]  ; line 10
14267 MOVE                 R56 <- R29  ; line 10
14268 MOVE                 R57 <- R55  ; line 10
14269 HOST_CALL            a=58 b=11 c=56 imm=2  ; line 10
14270 MOVE                 R59 <- R58  ; line 10
14271 LOAD_CONST           R60 constant[2940]  ; line 10
14272 MOVE                 R61 <- R1  ; line 10
14273 MOVE                 R62 <- R60  ; line 10
14274 HOST_CALL            a=63 b=11 c=61 imm=2  ; line 10
14275 MOVE                 R64 <- R63  ; line 10
14276 MOVE                 R65 <- R39  ; line 28
14277 MOVE                 R66 <- R54  ; line 28
14278 MOVE                 R67 <- R59  ; line 28
14279 CALL                 a=68 b=43 c=65 imm=3  ; line 28
14280 MOVE                 R69 <- R68  ; line 28
14281 MOVE                 R70 <- R69  ; line 29
14282 CALL                 a=71 b=46 c=70 imm=1  ; line 29
14283 MOVE                 R72 <- R71  ; line 29
14284 LOAD_CONST           R73 constant[2941]  ; line 30
14285 MOVE                 R74 <- R73  ; line 30
14286 HOST_CALL            a=75 b=22 c=74 imm=1  ; line 30
14287 MOVE                 R76 <- R75  ; line 30
14288 LOAD_CONST           R77 constant[2942]  ; line 31
14289 MOVE                 R78 <- R77  ; line 31
14290 HOST_CALL            a=79 b=22 c=78 imm=1  ; line 31
14291 MOVE                 R80 <- R79  ; line 31
14292 LOAD_CONST           R81 constant[2943]  ; line 32
14293 COMPARE              a=44 b=81 c=82 imm=0  ; line 32
14294 JUMP_IF_FALSE        R82 -> 14308  ; line 32
14295 MOVE                 R81 <- R34  ; line 32
14296 MOVE                 R82 <- R39  ; line 32
14297 CALL                 a=83 b=66 c=81 imm=2  ; line 32
14298 MOVE                 R76 <- R83  ; line 32
14299 LOAD_CONST           R81 constant[2944]  ; line 32
14300 MOVE                 R82 <- R69  ; line 32
14301 MOVE                 R83 <- R81  ; line 32
14302 HOST_CALL            a=84 b=11 c=82 imm=2  ; line 32
14303 MOVE                 R85 <- R76  ; line 32
14304 MOVE                 R86 <- R84  ; line 32
14305 CALL                 a=87 b=70 c=85 imm=2  ; line 32
14306 MOVE                 R80 <- R87  ; line 32
14307 JUMP                 -> 14308  ; line 32
14308 MOVE                 R81 <- R39  ; line 34
14309 CALL                 a=82 b=0 c=81 imm=1  ; line 34
14310 MOVE                 R83 <- R82  ; line 34
14311 MOVE                 R84 <- R39  ; line 35
14312 CALL                 a=85 b=0 c=84 imm=1  ; line 35
14313 MOVE                 R86 <- R85  ; line 35
14314 ARRAY_NEW            a=87 b=87 c=0 imm=4294967295  ; line 36
14315 MOVE                 R88 <- R87  ; line 36
14316 LOAD_CONST           R89 constant[2945]  ; line 37
14317 COMPARE              a=39 b=89 c=90 imm=0  ; line 37
14318 JUMP_IF_FALSE        R90 -> 14323  ; line 37
14319 MOVE                 R89 <- R39  ; line 37
14320 CALL                 a=90 b=1 c=89 imm=1  ; line 37
14321 MOVE                 R88 <- R90  ; line 37
14322 JUMP                 -> 14323  ; line 37
14323 LOAD_CONST           R89 constant[2946]  ; line 38
14324 MOVE                 R90 <- R89  ; line 38
14325 LOAD_CONST           R91 constant[2947]  ; line 38
14326 MOVE                 R92 <- R91  ; line 38
14327 LOAD_CONST           R93 constant[2948]  ; line 38
14328 MOVE                 R94 <- R93  ; line 38
14329 COMPARE              a=94 b=59 c=95 imm=2  ; line 39
14330 JUMP_IF_FALSE        R95 -> 14434  ; line 39
14331 LOAD_CONST           R95 constant[2949]  ; line 40
14332 MOVE                 R96 <- R95  ; line 40
14333 LOAD_CONST           R97 constant[2950]  ; line 41
14334 COMPARE              a=44 b=97 c=98 imm=0  ; line 41
14335 JUMP_IF_FALSE        R98 -> 14341  ; line 41
14336 MOVE                 R97 <- R80  ; line 41
14337 MOVE                 R98 <- R94  ; line 41
14338 HOST_CALL            a=99 b=11 c=97 imm=2  ; line 41
14339 MOVE                 R96 <- R99  ; line 41
14340 JUMP                 -> 14341  ; line 41
14341 LOAD_CONST           R97 constant[2951]  ; line 42
14342 COMPARE              a=44 b=97 c=98 imm=0  ; line 42
14343 JUMP_IF_FALSE        R98 -> 14353  ; line 42
14344 MOVE                 R97 <- R39  ; line 42
14345 CALL                 a=98 b=39 c=97 imm=1  ; line 42
14346 BINARY               a=98 b=54 c=99 imm=0  ; line 42
14347 BINARY               a=99 b=94 c=100 imm=0  ; line 42
14348 MOVE                 R101 <- R100  ; line 42
14349 MOVE                 R102 <- R39  ; line 42
14350 CALL                 a=103 b=71 c=101 imm=2  ; line 42
14351 MOVE                 R96 <- R103  ; line 42
14352 JUMP                 -> 14353  ; line 42
14353 LOAD_CONST           R97 constant[2952]  ; line 43
14354 COMPARE              a=44 b=97 c=98 imm=0  ; line 43
14355 JUMP_IF_FALSE        R98 -> 14365  ; line 43
14356 LOAD_CONST           R97 constant[2953]  ; line 43
14357 MOVE                 R98 <- R69  ; line 43
14358 MOVE                 R99 <- R97  ; line 43
14359 HOST_CALL            a=100 b=11 c=98 imm=2  ; line 43
14360 MOVE                 R101 <- R100  ; line 43
14361 MOVE                 R102 <- R94  ; line 43
14362 HOST_CALL            a=103 b=11 c=101 imm=2  ; line 43
14363 MOVE                 R96 <- R103  ; line 43
14364 JUMP                 -> 14365  ; line 43
14365 LOAD_CONST           R97 constant[2954]  ; line 44
14366 COMPARE              a=44 b=97 c=98 imm=1  ; line 44
14367 JUMP_IF_FALSE        R98 -> 14430  ; line 44
14368 LOAD_CONST           R97 constant[2955]  ; line 45
14369 MOVE                 R98 <- R69  ; line 45
14370 MOVE                 R99 <- R97  ; line 45
14371 HOST_CALL            a=100 b=11 c=98 imm=2  ; line 45
14372 MOVE                 R101 <- R100  ; line 45
14373 MOVE                 R102 <- R94  ; line 45
14374 HOST_CALL            a=103 b=11 c=101 imm=2  ; line 45
14375 COMPARE              a=96 b=103 c=104 imm=0  ; line 45
14376 JUMP_IF_FALSE        R104 -> 14381  ; line 45
14377 LOAD_CONST           R97 constant[2956]  ; line 45
14378 BINARY               a=90 b=97 c=98 imm=0  ; line 45
14379 MOVE                 R90 <- R98  ; line 45
14380 JUMP                 -> 14381  ; line 45
14381 LOAD_CONST           R97 constant[2957]  ; line 46
14382 BINARY               a=92 b=97 c=98 imm=0  ; line 46
14383 MOVE                 R92 <- R98  ; line 46
14384 MOVE                 R97 <- R83  ; line 47
14385 MOVE                 R98 <- R96  ; line 47
14386 HOST_CALL            a=99 b=11 c=97 imm=2  ; line 47
14387 MOVE                 R100 <- R99  ; line 47
14388 MOVE                 R101 <- R86  ; line 47
14389 MOVE                 R102 <- R96  ; line 47
14390 HOST_CALL            a=103 b=11 c=101 imm=2  ; line 47
14391 MOVE                 R104 <- R103  ; line 47
14392 LOAD_CONST           R105 constant[2958]  ; line 48
14393 MOVE                 R106 <- R72  ; line 48
14394 MOVE                 R107 <- R105  ; line 48
14395 HOST_CALL            a=108 b=11 c=106 imm=2  ; line 48
14396 MOVE                 R109 <- R108  ; line 48
14397 MOVE                 R110 <- R94  ; line 48
14398 CALL                 a=111 b=44 c=109 imm=2  ; line 48
14399 MOVE                 R112 <- R100  ; line 48
14400 MOVE                 R113 <- R111  ; line 48
14401 HOST_CALL            a=114 b=23 c=112 imm=2  ; line 48
14402 MOVE                 R105 <- R104  ; line 48
14403 MOVE                 R106 <- R94  ; line 48
14404 HOST_CALL            a=107 b=23 c=105 imm=2  ; line 48
14405 LOAD_CONST           R105 constant[2959]  ; line 49
14406 COMPARE              a=39 b=105 c=106 imm=0  ; line 49
14407 JUMP_IF_FALSE        R106 -> 14429  ; line 49
14408 LOAD_CONST           R105 constant[2960]  ; line 49
14409 MOVE                 R106 <- R69  ; line 49
14410 MOVE                 R107 <- R105  ; line 49
14411 HOST_CALL            a=108 b=11 c=106 imm=2  ; line 49
14412 MOVE                 R109 <- R108  ; line 49
14413 MOVE                 R110 <- R94  ; line 49
14414 HOST_CALL            a=111 b=11 c=109 imm=2  ; line 49
14415 MOVE                 R112 <- R88  ; line 49
14416 MOVE                 R113 <- R111  ; line 49
14417 HOST_CALL            a=114 b=11 c=112 imm=2  ; line 49
14418 MOVE                 R115 <- R114  ; line 49
14419 MOVE                 R116 <- R115  ; line 49
14420 MOVE                 R117 <- R96  ; line 49
14421 HOST_CALL            a=118 b=11 c=116 imm=2  ; line 49
14422 LOAD_CONST           R119 constant[2961]  ; line 49
14423 BINARY               a=118 b=119 c=120 imm=0  ; line 49
14424 MOVE                 R121 <- R115  ; line 49
14425 MOVE                 R122 <- R96  ; line 49
14426 MOVE                 R123 <- R120  ; line 49
14427 HOST_CALL            a=124 b=12 c=121 imm=3  ; line 49
14428 JUMP                 -> 14429  ; line 49
14429 JUMP                 -> 14430  ; line 49
14430 LOAD_CONST           R116 constant[2962]  ; line 51
14431 BINARY               a=94 b=116 c=117 imm=0  ; line 51
14432 MOVE                 R94 <- R117  ; line 51
14433 JUMP                 -> 14329  ; line 51
14434 LOAD_CONST           R116 constant[2963]  ; line 54
14435 MOVE                 R117 <- R116  ; line 54
14436 LOAD_CONST           R118 constant[2964]  ; line 54
14437 MOVE                 R119 <- R118  ; line 54
14438 LOAD_CONST           R120 constant[2965]  ; line 55
14439 COMPARE              a=44 b=120 c=121 imm=0  ; line 55
14440 JUMP_IF_FALSE        R121 -> 14545  ; line 55
14441 LOAD_CONST           R120 constant[2966]  ; line 56
14442 MOVE                 R121 <- R120  ; line 56
14443 HOST_CALL            a=122 b=22 c=121 imm=1  ; line 56
14444 MOVE                 R123 <- R122  ; line 56
14445 LOAD_CONST           R124 constant[2967]  ; line 56
14446 MOVE                 R94 <- R124  ; line 56
14447 COMPARE              a=94 b=59 c=124 imm=2  ; line 57
14448 JUMP_IF_FALSE        R124 -> 14457  ; line 57
14449 LOAD_CONST           R124 constant[2968]  ; line 57
14450 MOVE                 R125 <- R123  ; line 57
14451 MOVE                 R126 <- R124  ; line 57
14452 HOST_CALL            a=127 b=23 c=125 imm=2  ; line 57
14453 LOAD_CONST           R124 constant[2969]  ; line 57
14454 BINARY               a=94 b=124 c=125 imm=0  ; line 57
14455 MOVE                 R94 <- R125  ; line 57
14456 JUMP                 -> 14447  ; line 57
14457 LOAD_CONST           R124 constant[2970]  ; line 58
14458 MOVE                 R125 <- R124  ; line 58
14459 COMPARE              a=125 b=39 c=126 imm=2  ; line 59
14460 JUMP_IF_FALSE        R126 -> 14498  ; line 59
14461 MOVE                 R126 <- R34  ; line 60
14462 MOVE                 R127 <- R39  ; line 60
14463 MOVE                 R128 <- R125  ; line 60
14464 CALL                 a=129 b=26 c=126 imm=3  ; line 60
14465 MOVE                 R130 <- R129  ; line 60
14466 CALL                 a=131 b=59 c=130 imm=1  ; line 60
14467 LOAD_CONST           R132 constant[2971]  ; line 60
14468 MOVE                 R133 <- R72  ; line 60
14469 MOVE                 R134 <- R132  ; line 60
14470 HOST_CALL            a=135 b=11 c=133 imm=2  ; line 60
14471 MOVE                 R136 <- R131  ; line 60
14472 MOVE                 R137 <- R135  ; line 60
14473 CALL                 a=138 b=64 c=136 imm=2  ; line 60
14474 MOVE                 R139 <- R138  ; line 60
14475 LOAD_CONST           R140 constant[2972]  ; line 61
14476 MOVE                 R94 <- R140  ; line 61
14477 COMPARE              a=94 b=59 c=140 imm=2  ; line 62
14478 JUMP_IF_FALSE        R140 -> 14494  ; line 62
14479 MOVE                 R140 <- R123  ; line 62
14480 MOVE                 R141 <- R94  ; line 62
14481 HOST_CALL            a=142 b=11 c=140 imm=2  ; line 62
14482 MOVE                 R143 <- R139  ; line 62
14483 MOVE                 R144 <- R94  ; line 62
14484 HOST_CALL            a=145 b=11 c=143 imm=2  ; line 62
14485 BINARY               a=142 b=145 c=146 imm=0  ; line 62
14486 MOVE                 R147 <- R123  ; line 62
14487 MOVE                 R148 <- R94  ; line 62
14488 MOVE                 R149 <- R146  ; line 62
14489 HOST_CALL            a=150 b=12 c=147 imm=3  ; line 62
14490 LOAD_CONST           R140 constant[2973]  ; line 62
14491 BINARY               a=94 b=140 c=141 imm=0  ; line 62
14492 MOVE                 R94 <- R141  ; line 62
14493 JUMP                 -> 14477  ; line 62
14494 LOAD_CONST           R140 constant[2974]  ; line 63
14495 BINARY               a=125 b=140 c=141 imm=0  ; line 63
14496 MOVE                 R125 <- R141  ; line 63
14497 JUMP                 -> 14459  ; line 63
14498 LOAD_CONST           R140 constant[2975]  ; line 65
14499 MOVE                 R94 <- R140  ; line 65
14500 COMPARE              a=94 b=59 c=140 imm=2  ; line 66
14501 JUMP_IF_FALSE        R140 -> 14544  ; line 66
14502 MOVE                 R140 <- R123  ; line 67
14503 MOVE                 R141 <- R94  ; line 67
14504 HOST_CALL            a=142 b=11 c=140 imm=2  ; line 67
14505 BINARY               a=142 b=39 c=143 imm=3  ; line 67
14506 MOVE                 R144 <- R143  ; line 67
14507 LOAD_CONST           R145 constant[2976]  ; line 67
14508 MOVE                 R146 <- R145  ; line 67
14509 LOAD_CONST           R147 constant[2977]  ; line 68
14510 COMPARE              a=144 b=147 c=148 imm=5  ; line 68
14511 JUMP_IF_FALSE        R148 -> 14515  ; line 68
14512 LOAD_CONST           R147 constant[2978]  ; line 68
14513 MOVE                 R146 <- R147  ; line 68
14514 JUMP                 -> 14515  ; line 68
14515 LOAD_CONST           R147 constant[2979]  ; line 69
14516 MOVE                 R148 <- R69  ; line 69
14517 MOVE                 R149 <- R147  ; line 69
14518 HOST_CALL            a=150 b=11 c=148 imm=2  ; line 69
14519 MOVE                 R151 <- R150  ; line 69
14520 MOVE                 R152 <- R94  ; line 69
14521 HOST_CALL            a=153 b=11 c=151 imm=2  ; line 69
14522 COMPARE              a=146 b=153 c=154 imm=0  ; line 69
14523 JUMP_IF_FALSE        R154 -> 14528  ; line 69
14524 LOAD_CONST           R147 constant[2980]  ; line 69
14525 BINARY               a=117 b=147 c=148 imm=0  ; line 69
14526 MOVE                 R117 <- R148  ; line 69
14527 JUMP                 -> 14528  ; line 69
14528 LOAD_CONST           R147 constant[2981]  ; line 70
14529 MOVE                 R148 <- R69  ; line 70
14530 MOVE                 R149 <- R147  ; line 70
14531 HOST_CALL            a=150 b=11 c=148 imm=2  ; line 70
14532 MOVE                 R151 <- R150  ; line 70
14533 MOVE                 R152 <- R94  ; line 70
14534 HOST_CALL            a=153 b=11 c=151 imm=2  ; line 70
14535 MOVE                 R154 <- R144  ; line 70
14536 MOVE                 R155 <- R153  ; line 70
14537 CALL                 a=156 b=72 c=154 imm=2  ; line 70
14538 BINARY               a=119 b=156 c=157 imm=0  ; line 70
14539 MOVE                 R119 <- R157  ; line 70
14540 LOAD_CONST           R147 constant[2982]  ; line 70
14541 BINARY               a=94 b=147 c=148 imm=0  ; line 70
14542 MOVE                 R94 <- R148  ; line 70
14543 JUMP                 -> 14500  ; line 70
14544 JUMP                 -> 14643  ; line 70
14545 CALL                 a=147 b=73 c=147 imm=0  ; line 73
14546 MOVE                 R148 <- R147  ; line 73
14547 LOAD_CONST           R149 constant[2983]  ; line 73
14548 MOVE                 R150 <- R149  ; line 73
14549 COMPARE              a=150 b=39 c=151 imm=2  ; line 74
14550 JUMP_IF_FALSE        R151 -> 14643  ; line 74
14551 MOVE                 R151 <- R86  ; line 75
14552 MOVE                 R152 <- R150  ; line 75
14553 HOST_CALL            a=153 b=11 c=151 imm=2  ; line 75
14554 MOVE                 R154 <- R153  ; line 75
14555 HOST_CALL            a=155 b=26 c=154 imm=1  ; line 75
14556 LOAD_CONST           R156 constant[2984]  ; line 75
14557 COMPARE              a=155 b=156 c=157 imm=4  ; line 75
14558 JUMP_IF_FALSE        R157 -> 14639  ; line 75
14559 MOVE                 R151 <- R34  ; line 76
14560 MOVE                 R152 <- R39  ; line 76
14561 MOVE                 R153 <- R148  ; line 76
14562 MOVE                 R154 <- R150  ; line 76
14563 MOVE                 R155 <- R49  ; line 76
14564 CALL                 a=156 b=76 c=151 imm=5  ; line 76
14565 MOVE                 R157 <- R156  ; line 76
14566 LOAD_CONST           R158 constant[2985]  ; line 77
14567 MOVE                 R159 <- R157  ; line 77
14568 MOVE                 R160 <- R158  ; line 77
14569 HOST_CALL            a=161 b=11 c=159 imm=2  ; line 77
14570 MOVE                 R162 <- R83  ; line 77
14571 MOVE                 R163 <- R150  ; line 77
14572 HOST_CALL            a=164 b=11 c=162 imm=2  ; line 77
14573 MOVE                 R165 <- R164  ; line 77
14574 HOST_CALL            a=166 b=72 c=165 imm=1  ; line 77
14575 MOVE                 R167 <- R161  ; line 77
14576 MOVE                 R168 <- R166  ; line 77
14577 CALL                 a=169 b=64 c=167 imm=2  ; line 77
14578 MOVE                 R170 <- R169  ; line 77
14579 LOAD_CONST           R171 constant[2986]  ; line 78
14580 MOVE                 R172 <- R171  ; line 78
14581 MOVE                 R173 <- R86  ; line 79
14582 MOVE                 R174 <- R150  ; line 79
14583 HOST_CALL            a=175 b=11 c=173 imm=2  ; line 79
14584 MOVE                 R176 <- R175  ; line 79
14585 HOST_CALL            a=177 b=26 c=176 imm=1  ; line 79
14586 COMPARE              a=172 b=177 c=178 imm=2  ; line 79
14587 JUMP_IF_FALSE        R178 -> 14638  ; line 79
14588 MOVE                 R173 <- R86  ; line 80
14589 MOVE                 R174 <- R150  ; line 80
14590 HOST_CALL            a=175 b=11 c=173 imm=2  ; line 80
14591 MOVE                 R176 <- R175  ; line 80
14592 MOVE                 R177 <- R172  ; line 80
14593 HOST_CALL            a=178 b=11 c=176 imm=2  ; line 80
14594 MOVE                 R179 <- R178  ; line 80
14595 LOAD_CONST           R180 constant[2987]  ; line 80
14596 MOVE                 R181 <- R180  ; line 80
14597 MOVE                 R182 <- R170  ; line 81
14598 MOVE                 R183 <- R172  ; line 81
14599 HOST_CALL            a=184 b=11 c=182 imm=2  ; line 81
14600 LOAD_CONST           R185 constant[2988]  ; line 81
14601 COMPARE              a=184 b=185 c=186 imm=5  ; line 81
14602 JUMP_IF_FALSE        R186 -> 14606  ; line 81
14603 LOAD_CONST           R182 constant[2989]  ; line 81
14604 MOVE                 R181 <- R182  ; line 81
14605 JUMP                 -> 14606  ; line 81
14606 LOAD_CONST           R182 constant[2990]  ; line 82
14607 MOVE                 R183 <- R69  ; line 82
14608 MOVE                 R184 <- R182  ; line 82
14609 HOST_CALL            a=185 b=11 c=183 imm=2  ; line 82
14610 MOVE                 R186 <- R185  ; line 82
14611 MOVE                 R187 <- R179  ; line 82
14612 HOST_CALL            a=188 b=11 c=186 imm=2  ; line 82
14613 COMPARE              a=181 b=188 c=189 imm=0  ; line 82
14614 JUMP_IF_FALSE        R189 -> 14619  ; line 82
14615 LOAD_CONST           R182 constant[2991]  ; line 82
14616 BINARY               a=117 b=182 c=183 imm=0  ; line 82
14617 MOVE                 R117 <- R183  ; line 82
14618 JUMP                 -> 14619  ; line 82
14619 MOVE                 R182 <- R170  ; line 83
14620 MOVE                 R183 <- R172  ; line 83
14621 HOST_CALL            a=184 b=11 c=182 imm=2  ; line 83
14622 LOAD_CONST           R185 constant[2992]  ; line 83
14623 MOVE                 R186 <- R69  ; line 83
14624 MOVE                 R187 <- R185  ; line 83
14625 HOST_CALL            a=188 b=11 c=186 imm=2  ; line 83
14626 MOVE                 R189 <- R188  ; line 83
14627 MOVE                 R190 <- R179  ; line 83
14628 HOST_CALL            a=191 b=11 c=189 imm=2  ; line 83
14629 MOVE                 R192 <- R184  ; line 83
14630 MOVE                 R193 <- R191  ; line 83
14631 CALL                 a=194 b=72 c=192 imm=2  ; line 83
14632 BINARY               a=119 b=194 c=195 imm=0  ; line 83
14633 MOVE                 R119 <- R195  ; line 83
14634 LOAD_CONST           R182 constant[2993]  ; line 83
14635 BINARY               a=172 b=182 c=183 imm=0  ; line 83
14636 MOVE                 R172 <- R183  ; line 83
14637 JUMP                 -> 14581  ; line 83
14638 JUMP                 -> 14639  ; line 83
14639 LOAD_CONST           R182 constant[2994]  ; line 86
14640 BINARY               a=150 b=182 c=183 imm=0  ; line 86
14641 MOVE                 R150 <- R183  ; line 86
14642 JUMP                 -> 14549  ; line 86
14643 LOAD_CONST           R182 constant[2995]  ; line 90
14644 LOAD_CONST           R183 constant[2996]  ; line 90
14645 LOAD_CONST           R184 constant[2997]  ; line 90
14646 LOAD_CONST           R185 constant[2998]  ; line 90
14647 LOAD_CONST           R186 constant[2999]  ; line 90
14648 LOAD_CONST           R187 constant[3000]  ; line 90
14649 LOAD_CONST           R188 constant[3001]  ; line 90
14650 LOAD_CONST           R189 constant[3002]  ; line 90
14651 LOAD_CONST           R190 constant[3003]  ; line 90
14652 LOAD_CONST           R191 constant[3004]  ; line 90
14653 LOAD_CONST           R192 constant[3005]  ; line 90
14654 MOVE                 R193 <- R182  ; line 90
14655 MOVE                 R194 <- R44  ; line 90
14656 MOVE                 R195 <- R183  ; line 90
14657 MOVE                 R196 <- R49  ; line 90
14658 MOVE                 R197 <- R184  ; line 90
14659 MOVE                 R198 <- R54  ; line 90
14660 MOVE                 R199 <- R185  ; line 90
14661 MOVE                 R200 <- R59  ; line 90
14662 MOVE                 R201 <- R186  ; line 90
14663 MOVE                 R202 <- R117  ; line 90
14664 MOVE                 R203 <- R187  ; line 90
14665 MOVE                 R204 <- R119  ; line 90
14666 MOVE                 R205 <- R188  ; line 90
14667 MOVE                 R206 <- R90  ; line 90
14668 MOVE                 R207 <- R189  ; line 90
14669 MOVE                 R208 <- R92  ; line 90
14670 MOVE                 R209 <- R190  ; line 90
14671 MOVE                 R210 <- R88  ; line 90
14672 MOVE                 R211 <- R191  ; line 90
14673 MOVE                 R212 <- R192  ; line 90
14674 HOST_CALL            a=213 b=6 c=193 imm=20  ; line 90
14675 MOVE                 R214 <- R64  ; line 90
14676 MOVE                 R215 <- R213  ; line 90
14677 CALL                 a=216 b=50 c=214 imm=2  ; line 90
14678 LOAD_CONST           R182 constant[3006]  ; line 93
14679 LOAD_CONST           R183 constant[3007]  ; line 93
14680 LOAD_CONST           R184 constant[3008]  ; line 93
14681 LOAD_CONST           R185 constant[3009]  ; line 93
14682 MOVE                 R186 <- R182  ; line 93
14683 MOVE                 R187 <- R44  ; line 93
14684 MOVE                 R188 <- R183  ; line 93
14685 MOVE                 R189 <- R54  ; line 93
14686 MOVE                 R190 <- R184  ; line 93
14687 MOVE                 R191 <- R59  ; line 93
14688 MOVE                 R192 <- R185  ; line 93
14689 MOVE                 R193 <- R117  ; line 93
14690 HOST_CALL            a=194 b=6 c=186 imm=8  ; line 93
14691 MOVE                 R195 <- R194  ; line 93
14692 HOST_CALL            a=196 b=14 c=195 imm=1  ; line 93
14693 PRINT                R196  ; line 93
14694 HALT                   ; line 93
verified
