layer,mode,implementation,t,prediction,outcome,latent_p,regime_switch
A,dynamic,Python Plain,0,0.40120997669516,0,0.18,0
A,dynamic,Python Plain,1,0.2768357590420928,0,0.18,0
A,dynamic,Python Plain,2,0.2519658626292938,0,0.18,0
A,dynamic,Python Plain,3,0.2567470164548704,0,0.18,0
A,dynamic,Python Plain,4,0.24734519753486484,0,0.18,0
A,dynamic,Python Plain,5,0.3028325642609016,1,0.18,0
A,dynamic,Python Plain,6,0.18755385810756292,0,0.18,0
A,dynamic,Python Plain,7,0.1844908824055265,0,0.18,0
A,dynamic,Python Plain,8,0.15255453084980536,0,0.18,0
A,dynamic,Python Plain,9,0.0918752000284071,0,0.18,0
A,dynamic,Python Plain,10,0.11603702659403611,0,0.18,0
A,dynamic,Python Plain,11,0.15198921852688096,1,0.18,0
A,dynamic,Python Plain,12,0.08857374674559096,0,0.18,0
A,dynamic,Python Plain,13,0.05926090723694276,0,0.18,0
A,dynamic,Python Plain,14,0.1599174659456868,0,0.18,0
A,dynamic,Python Plain,15,0.12964163993993832,0,0.18,0
A,dynamic,Python Plain,16,0.08353624976492423,0,0.18,0
A,dynamic,Python Plain,17,0.21528491088539603,0,0.18,0
A,dynamic,Python Plain,18,0.2507306081348497,0,0.18,0
A,dynamic,Python Plain,19,0.21143780669653284,0,0.18,0
A,dynamic,Python Plain,20,0.16629703283210906,0,0.18,0
A,dynamic,Python Plain,21,0.18248350777474326,0,0.18,0
A,dynamic,Python Plain,22,0.1936109865039311,1,0.18,0
A,dynamic,Python Plain,23,0.23751801799578004,0,0.18,0
A,dynamic,Python Plain,24,0.18594665870439242,0,0.18,0
A,dynamic,Python Plain,25,0.10826906204854761,0,0.18,0
A,dynamic,Python Plain,26,0.1890613114384776,0,0.18,0
A,dynamic,Python Plain,27,0.110075560634317,0,0.18,0
A,dynamic,Python Plain,28,0.19141516355960386,0,0.18,0
A,dynamic,Python Plain,29,0.20657925162169025,0,0.18,0
A,dynamic,Python Plain,30,0.17587858928360034,1,0.18,0
A,dynamic,Python Plain,31,0.1984614874954882,0,0.18,0
A,dynamic,Python Plain,32,0.14349640473766317,0,0.18,0
A,dynamic,Python Plain,33,0.14045040550824464,1,0.18,0
A,dynamic,Python Plain,34,0.1994798730667419,0,0.18,0
A,dynamic,Python Plain,35,0.1562621761989103,0,0.18,0
A,dynamic,Python Plain,36,0.143172082704708,0,0.18,0
A,dynamic,Python Plain,37,0.09415879727309064,0,0.18,0
A,dynamic,Python Plain,38,0.2022837560061726,0,0.18,0
A,dynamic,Python Plain,39,0.2447219484325201,0,0.18,0
A,dynamic,Python Plain,40,0.5057676753003817,1,0.78,1
A,dynamic,Python Plain,41,0.6253897634127414,1,0.78,0
A,dynamic,Python Plain,42,0.66519380803851,1,0.78,0
A,dynamic,Python Plain,43,0.6863004836698758,1,0.78,0
A,dynamic,Python Plain,44,0.656535762721728,1,0.78,0
A,dynamic,Python Plain,45,0.7205608890635222,0,0.78,0
A,dynamic,Python Plain,46,0.7323009651100229,0,0.78,0
A,dynamic,Python Plain,47,0.7960786136656133,1,0.78,0
A,dynamic,Python Plain,48,0.7808057584545957,1,0.78,0
A,dynamic,Python Plain,49,0.7589089158677055,1,0.78,0
A,dynamic,Python Plain,50,0.7601912256873892,1,0.78,0
A,dynamic,Python Plain,51,0.8032219866283657,1,0.78,0
A,dynamic,Python Plain,52,0.8491651179991321,0,0.78,0
A,dynamic,Python Plain,53,0.7597231941871366,1,0.78,0
A,dynamic,Python Plain,54,0.7263884835876793,0,0.78,0
A,dynamic,Python Plain,55,0.809009185408954,1,0.78,0
A,dynamic,Python Plain,56,0.8547353744020733,0,0.78,0
A,dynamic,Python Plain,57,0.7555946453566424,0,0.78,0
A,dynamic,Python Plain,58,0.7619954231345927,1,0.78,0
A,dynamic,Python Plain,59,0.7544725978291038,0,0.78,0
A,dynamic,Python Plain,60,0.7847526578377202,0,0.78,0
A,dynamic,Python Plain,61,0.7730110373032777,1,0.78,0
A,dynamic,Python Plain,62,0.786154343445001,1,0.78,0
A,dynamic,Python Plain,63,0.7513267482749406,1,0.78,0
A,dynamic,Python Plain,64,0.7353583373272455,1,0.78,0
A,dynamic,Python Plain,65,0.7033631507801824,0,0.78,0
A,dynamic,Python Plain,66,0.7574924364915858,1,0.78,0
A,dynamic,Python Plain,67,0.6955079892408798,1,0.78,0
A,dynamic,Python Plain,68,0.7514955296161303,0,0.78,0
A,dynamic,Python Plain,69,0.7539685732355556,1,0.78,0
A,dynamic,Python Plain,70,0.7754195116835623,0,0.78,0
A,dynamic,Python Plain,71,0.7169773071377061,1,0.78,0
A,dynamic,Python Plain,72,0.7257075906879296,1,0.78,0
A,dynamic,Python Plain,73,0.8007963504385791,1,0.78,0
A,dynamic,Python Plain,74,0.7514648350881559,1,0.78,0
A,dynamic,Python Plain,75,0.7498035313435704,1,0.78,0
A,dynamic,Python Plain,76,0.6996479200189109,1,0.78,0
A,dynamic,Python Plain,77,0.7491855985254883,1,0.78,0
A,dynamic,Python Plain,78,0.8156982296967032,0,0.78,0
A,dynamic,Python Plain,79,0.7684833565992679,1,0.78,0
A,dynamic,Python Plain,80,0.5548590440484155,0,0.35,1
A,dynamic,Python Plain,81,0.512851263379821,0,0.35,0
A,dynamic,Python Plain,82,0.4656873578900762,0,0.35,0
A,dynamic,Python Plain,83,0.3051722580340242,1,0.35,0
A,dynamic,Python Plain,84,0.36347397590309405,0,0.35,0
A,dynamic,Python Plain,85,0.45602008909741454,1,0.35,0
A,dynamic,Python Plain,86,0.47761340155880044,0,0.35,0
A,dynamic,Python Plain,87,0.3407367077475443,0,0.35,0
A,dynamic,Python Plain,88,0.35757149986901565,0,0.35,0
A,dynamic,Python Plain,89,0.4229559926931491,0,0.35,0
A,dynamic,Python Plain,90,0.40066855045798644,1,0.35,0
A,dynamic,Python Plain,91,0.3030329637336521,0,0.35,0
A,dynamic,Python Plain,92,0.34488709778083826,0,0.35,0
A,dynamic,Python Plain,93,0.3075039234923062,0,0.35,0
A,dynamic,Python Plain,94,0.2656329007041776,0,0.35,0
A,dynamic,Python Plain,95,0.21427676163546303,0,0.35,0
A,dynamic,Python State Class,0,0.40120997669516,0,0.18,0
A,dynamic,Python State Class,1,0.2768357590420928,0,0.18,0
A,dynamic,Python State Class,2,0.2519658626292938,0,0.18,0
A,dynamic,Python State Class,3,0.2567470164548704,0,0.18,0
A,dynamic,Python State Class,4,0.24734519753486484,0,0.18,0
A,dynamic,Python State Class,5,0.3028325642609016,1,0.18,0
A,dynamic,Python State Class,6,0.18755385810756292,0,0.18,0
A,dynamic,Python State Class,7,0.1844908824055265,0,0.18,0
A,dynamic,Python State Class,8,0.15255453084980536,0,0.18,0
A,dynamic,Python State Class,9,0.0918752000284071,0,0.18,0
A,dynamic,Python State Class,10,0.11603702659403611,0,0.18,0
A,dynamic,Python State Class,11,0.15198921852688096,1,0.18,0
A,dynamic,Python State Class,12,0.08857374674559096,0,0.18,0
A,dynamic,Python State Class,13,0.05926090723694276,0,0.18,0
A,dynamic,Python State Class,14,0.1599174659456868,0,0.18,0
A,dynamic,Python State Class,15,0.12964163993993832,0,0.18,0
A,dynamic,Python State Class,16,0.08353624976492423,0,0.18,0
A,dynamic,Python State Class,17,0.21528491088539603,0,0.18,0
A,dynamic,Python State Class,18,0.2507306081348497,0,0.18,0
A,dynamic,Python State Class,19,0.21143780669653284,0,0.18,0
A,dynamic,Python State Class,20,0.16629703283210906,0,0.18,0
A,dynamic,Python State Class,21,0.18248350777474326,0,0.18,0
A,dynamic,Python State Class,22,0.1936109865039311,1,0.18,0
A,dynamic,Python State Class,23,0.23751801799578004,0,0.18,0
A,dynamic,Python State Class,24,0.18594665870439242,0,0.18,0
A,dynamic,Python State Class,25,0.10826906204854761,0,0.18,0
A,dynamic,Python State Class,26,0.1890613114384776,0,0.18,0
A,dynamic,Python State Class,27,0.110075560634317,0,0.18,0
A,dynamic,Python State Class,28,0.19141516355960386,0,0.18,0
A,dynamic,Python State Class,29,0.20657925162169025,0,0.18,0
A,dynamic,Python State Class,30,0.17587858928360034,1,0.18,0
A,dynamic,Python State Class,31,0.1984614874954882,0,0.18,0
A,dynamic,Python State Class,32,0.14349640473766317,0,0.18,0
A,dynamic,Python State Class,33,0.14045040550824464,1,0.18,0
A,dynamic,Python State Class,34,0.1994798730667419,0,0.18,0
A,dynamic,Python State Class,35,0.1562621761989103,0,0.18,0
A,dynamic,Python State Class,36,0.143172082704708,0,0.18,0
A,dynamic,Python State Class,37,0.09415879727309064,0,0.18,0
A,dynamic,Python State Class,38,0.2022837560061726,0,0.18,0
A,dynamic,Python State Class,39,0.2447219484325201,0,0.18,0
A,dynamic,Python State Class,40,0.5057676753003817,1,0.78,1
A,dynamic,Python State Class,41,0.6253897634127414,1,0.78,0
A,dynamic,Python State Class,42,0.66519380803851,1,0.78,0
A,dynamic,Python State Class,43,0.6863004836698758,1,0.78,0
A,dynamic,Python State Class,44,0.656535762721728,1,0.78,0
A,dynamic,Python State Class,45,0.7205608890635222,0,0.78,0
A,dynamic,Python State Class,46,0.7323009651100229,0,0.78,0
A,dynamic,Python State Class,47,0.7960786136656133,1,0.78,0
A,dynamic,Python State Class,48,0.7808057584545957,1,0.78,0
A,dynamic,Python State Class,49,0.7589089158677055,1,0.78,0
A,dynamic,Python State Class,50,0.7601912256873892,1,0.78,0
A,dynamic,Python State Class,51,0.8032219866283657,1,0.78,0
A,dynamic,Python State Class,52,0.8491651179991321,0,0.78,0
A,dynamic,Python State Class,53,0.7597231941871366,1,0.78,0
A,dynamic,Python State Class,54,0.7263884835876793,0,0.78,0
A,dynamic,Python State Class,55,0.809009185408954,1,0.78,0
A,dynamic,Python State Class,56,0.8547353744020733,0,0.78,0
A,dynamic,Python State Class,57,0.7555946453566424,0,0.78,0
A,dynamic,Python State Class,58,0.7619954231345927,1,0.78,0
A,dynamic,Python State Class,59,0.7544725978291038,0,0.78,0
A,dynamic,Python State Class,60,0.7847526578377202,0,0.78,0
A,dynamic,Python State Class,61,0.7730110373032777,1,0.78,0
A,dynamic,Python State Class,62,0.786154343445001,1,0.78,0
A,dynamic,Python State Class,63,0.7513267482749406,1,0.78,0
A,dynamic,Python State Class,64,0.7353583373272455,1,0.78,0
A,dynamic,Python State Class,65,0.7033631507801824,0,0.78,0
A,dynamic,Python State Class,66,0.7574924364915858,1,0.78,0
A,dynamic,Python State Class,67,0.6955079892408798,1,0.78,0
A,dynamic,Python State Class,68,0.7514955296161303,0,0.78,0
A,dynamic,Python State Class,69,0.7539685732355556,1,0.78,0
A,dynamic,Python State Class,70,0.7754195116835623,0,0.78,0
A,dynamic,Python State Class,71,0.7169773071377061,1,0.78,0
A,dynamic,Python State Class,72,0.7257075906879296,1,0.78,0
A,dynamic,Python State Class,73,0.8007963504385791,1,0.78,0
A,dynamic,Python State Class,74,0.7514648350881559,1,0.78,0
A,dynamic,Python State Class,75,0.7498035313435704,1,0.78,0
A,dynamic,Python State Class,76,0.6996479200189109,1,0.78,0
A,dynamic,Python State Class,77,0.7491855985254883,1,0.78,0
A,dynamic,Python State Class,78,0.8156982296967032,0,0.78,0
A,dynamic,Python State Class,79,0.7684833565992679,1,0.78,0
A,dynamic,Python State Class,80,0.5548590440484155,0,0.35,1
A,dynamic,Python State Class,81,0.512851263379821,0,0.35,0
A,dynamic,Python State Class,82,0.4656873578900762,0,0.35,0
A,dynamic,Python State Class,83,0.3051722580340242,1,0.35,0
A,dynamic,Python State Class,84,0.36347397590309405,0,0.35,0
A,dynamic,Python State Class,85,0.45602008909741454,1,0.35,0
A,dynamic,Python State Class,86,0.47761340155880044,0,0.35,0
A,dynamic,Python State Class,87,0.3407367077475443,0,0.35,0
A,dynamic,Python State Class,88,0.35757149986901565,0,0.35,0
A,dynamic,Python State Class,89,0.4229559926931491,0,0.35,0
A,dynamic,Python State Class,90,0.40066855045798644,1,0.35,0
A,dynamic,Python State Class,91,0.3030329637336521,0,0.35,0
A,dynamic,Python State Class,92,0.34488709778083826,0,0.35,0
A,dynamic,Python State Class,93,0.3075039234923062,0,0.35,0
A,dynamic,Python State Class,94,0.2656329007041776,0,0.35,0
A,dynamic,Python State Class,95,0.21427676163546303,0,0.35,0
A,dynamic,Lana,0,0.401209976695,0,0.18,0
A,dynamic,Lana,1,0.276835759042,0,0.18,0
A,dynamic,Lana,2,0.251965862629,0,0.18,0
A,dynamic,Lana,3,0.256747016455,0,0.18,0
A,dynamic,Lana,4,0.247345197535,0,0.18,0
A,dynamic,Lana,5,0.302832564261,1,0.18,0
A,dynamic,Lana,6,0.187553858108,0,0.18,0
A,dynamic,Lana,7,0.184490882406,0,0.18,0
A,dynamic,Lana,8,0.15255453085,0,0.18,0
A,dynamic,Lana,9,0.0918752000284,0,0.18,0
A,dynamic,Lana,10,0.116037026594,0,0.18,0
A,dynamic,Lana,11,0.151989218527,1,0.18,0
A,dynamic,Lana,12,0.0885737467456,0,0.18,0
A,dynamic,Lana,13,0.0592609072369,0,0.18,0
A,dynamic,Lana,14,0.159917465946,0,0.18,0
A,dynamic,Lana,15,0.12964163994,0,0.18,0
A,dynamic,Lana,16,0.0835362497649,0,0.18,0
A,dynamic,Lana,17,0.215284910885,0,0.18,0
A,dynamic,Lana,18,0.250730608135,0,0.18,0
A,dynamic,Lana,19,0.211437806697,0,0.18,0
A,dynamic,Lana,20,0.166297032832,0,0.18,0
A,dynamic,Lana,21,0.182483507775,0,0.18,0
A,dynamic,Lana,22,0.193610986504,1,0.18,0
A,dynamic,Lana,23,0.237518017996,0,0.18,0
A,dynamic,Lana,24,0.185946658704,0,0.18,0
A,dynamic,Lana,25,0.108269062049,0,0.18,0
A,dynamic,Lana,26,0.189061311438,0,0.18,0
A,dynamic,Lana,27,0.110075560634,0,0.18,0
A,dynamic,Lana,28,0.19141516356,0,0.18,0
A,dynamic,Lana,29,0.206579251622,0,0.18,0
A,dynamic,Lana,30,0.175878589284,1,0.18,0
A,dynamic,Lana,31,0.198461487495,0,0.18,0
A,dynamic,Lana,32,0.143496404738,0,0.18,0
A,dynamic,Lana,33,0.140450405508,1,0.18,0
A,dynamic,Lana,34,0.199479873067,0,0.18,0
A,dynamic,Lana,35,0.156262176199,0,0.18,0
A,dynamic,Lana,36,0.143172082705,0,0.18,0
A,dynamic,Lana,37,0.0941587972731,0,0.18,0
A,dynamic,Lana,38,0.202283756006,0,0.18,0
A,dynamic,Lana,39,0.244721948433,0,0.18,0
A,dynamic,Lana,40,0.5057676753,1,0.78,1
A,dynamic,Lana,41,0.625389763413,1,0.78,0
A,dynamic,Lana,42,0.665193808039,1,0.78,0
A,dynamic,Lana,43,0.68630048367,1,0.78,0
A,dynamic,Lana,44,0.656535762722,1,0.78,0
A,dynamic,Lana,45,0.720560889064,0,0.78,0
A,dynamic,Lana,46,0.73230096511,0,0.78,0
A,dynamic,Lana,47,0.796078613666,1,0.78,0
A,dynamic,Lana,48,0.780805758455,1,0.78,0
A,dynamic,Lana,49,0.758908915868,1,0.78,0
A,dynamic,Lana,50,0.760191225687,1,0.78,0
A,dynamic,Lana,51,0.803221986628,1,0.78,0
A,dynamic,Lana,52,0.849165117999,0,0.78,0
A,dynamic,Lana,53,0.759723194187,1,0.78,0
A,dynamic,Lana,54,0.726388483588,0,0.78,0
A,dynamic,Lana,55,0.809009185409,1,0.78,0
A,dynamic,Lana,56,0.854735374402,0,0.78,0
A,dynamic,Lana,57,0.755594645357,0,0.78,0
A,dynamic,Lana,58,0.761995423135,1,0.78,0
A,dynamic,Lana,59,0.754472597829,0,0.78,0
A,dynamic,Lana,60,0.784752657838,0,0.78,0
A,dynamic,Lana,61,0.773011037303,1,0.78,0
A,dynamic,Lana,62,0.786154343445,1,0.78,0
A,dynamic,Lana,63,0.751326748275,1,0.78,0
A,dynamic,Lana,64,0.735358337327,1,0.78,0
A,dynamic,Lana,65,0.70336315078,0,0.78,0
A,dynamic,Lana,66,0.757492436492,1,0.78,0
A,dynamic,Lana,67,0.695507989241,1,0.78,0
A,dynamic,Lana,68,0.751495529616,0,0.78,0
A,dynamic,Lana,69,0.753968573236,1,0.78,0
A,dynamic,Lana,70,0.775419511684,0,0.78,0
A,dynamic,Lana,71,0.716977307138,1,0.78,0
A,dynamic,Lana,72,0.725707590688,1,0.78,0
A,dynamic,Lana,73,0.800796350439,1,0.78,0
A,dynamic,Lana,74,0.751464835088,1,0.78,0
A,dynamic,Lana,75,0.749803531344,1,0.78,0
A,dynamic,Lana,76,0.699647920019,1,0.78,0
A,dynamic,Lana,77,0.749185598525,1,0.78,0
A,dynamic,Lana,78,0.815698229697,0,0.78,0
A,dynamic,Lana,79,0.768483356599,1,0.78,0
A,dynamic,Lana,80,0.554859044048,0,0.35,1
A,dynamic,Lana,81,0.51285126338,0,0.35,0
A,dynamic,Lana,82,0.46568735789,0,0.35,0
A,dynamic,Lana,83,0.305172258034,1,0.35,0
A,dynamic,Lana,84,0.363473975903,0,0.35,0
A,dynamic,Lana,85,0.456020089097,1,0.35,0
A,dynamic,Lana,86,0.477613401559,0,0.35,0
A,dynamic,Lana,87,0.340736707748,0,0.35,0
A,dynamic,Lana,88,0.357571499869,0,0.35,0
A,dynamic,Lana,89,0.422955992693,0,0.35,0
A,dynamic,Lana,90,0.400668550458,1,0.35,0
A,dynamic,Lana,91,0.303032963734,0,0.35,0
A,dynamic,Lana,92,0.344887097781,0,0.35,0
A,dynamic,Lana,93,0.307503923492,0,0.35,0
A,dynamic,Lana,94,0.265632900704,0,0.35,0
A,dynamic,Lana,95,0.214276761635,0,0.35,0
A,fixed,Python Plain,0,0.43413998446344,0,0.18,0
A,fixed,Python Plain,1,0.3420034371862768,0,0.18,0
A,fixed,Python Plain,2,0.3071765563640393,0,0.18,0
A,fixed,Python Plain,3,0.2949049980020283,0,0.18,0
A,fixed,Python Plain,4,0.2779528838888204,0,0.18,0
A,fixed,Python Plain,5,0.3063743095270707,1,0.18,0
A,fixed,Python Plain,6,0.22853015008365088,0,0.18,0
A,fixed,Python Plain,7,0.21501480452898863,0,0.18,0
A,fixed,Python Plain,8,0.18517720529727183,0,0.18,0
A,fixed,Python Plain,9,0.1355899692377157,0,0.18,0
A,fixed,Python Plain,10,0.13945771823619532,0,0.18,0
A,fixed,Python Plain,11,0.15686805253162064,1,0.18,0
A,fixed,Python Plain,12,0.11322499782276686,0,0.18,0
A,fixed,Python Plain,13,0.08678075451539213,0,0.18,0
A,fixed,Python Plain,14,0.14617956974992233,0,0.18,0
A,fixed,Python Plain,15,0.12984229668090408,0,0.18,0
A,fixed,Python Plain,16,0.09904918601009094,0,0.18,0
A,fixed,Python Plain,17,0.18253800460842548,0,0.18,0
A,fixed,Python Plain,18,0.21533760319894635,0,0.18,0
A,fixed,Python Plain,19,0.19905244362212138,0,0.18,0
A,fixed,Python Plain,20,0.1724264960400074,0,0.18,0
A,fixed,Python Plain,21,0.18150122963688534,0,0.18,0
A,fixed,Python Plain,22,0.18919458666827743,1,0.18,0
A,fixed,Python Plain,23,0.21970253295015976,0,0.18,0
A,fixed,Python Plain,24,0.19030996256867502,0,0.18,0
A,fixed,Python Plain,25,0.137303173049446,0,0.18,0
A,fixed,Python Plain,26,0.18303512156248114,0,0.18,0
A,fixed,Python Plain,27,0.13206528752498642,0,0.18,0
A,fixed,Python Plain,28,0.18013456594579022,0,0.18,0
A,fixed,Python Plain,29,0.19340252531904895,0,0.18,0
A,fixed,Python Plain,30,0.17662490045839524,1,0.18,0
A,fixed,Python Plain,31,0.19147119880404456,0,0.18,0
A,fixed,Python Plain,32,0.15678509113243208,0,0.18,0
A,fixed,Python Plain,33,0.1510335927889511,1,0.18,0
A,fixed,Python Plain,34,0.1874232787226848,0,0.18,0
A,fixed,Python Plain,35,0.16198732722713305,0,0.18,0
A,fixed,Python Plain,36,0.1516575559430958,0,0.18,0
A,fixed,Python Plain,37,0.11660609981526897,0,0.18,0
A,fixed,Python Plain,38,0.18240416092551365,0,0.18,0
A,fixed,Python Plain,39,0.21626257583232983,0,0.18,0
A,fixed,Python Plain,40,0.3982616847389575,1,0.78,1
A,fixed,Python Plain,41,0.5081114208377294,1,0.78,0
A,fixed,Python Plain,42,0.5674853865092452,1,0.78,0
A,fixed,Python Plain,43,0.6089148616250165,1,0.78,0
A,fixed,Python Plain,44,0.6107396884988119,1,0.78,0
A,fixed,Python Plain,45,0.6662460068424245,0,0.78,0
A,fixed,Python Plain,46,0.6892808912286656,0,0.78,0
A,fixed,Python Plain,47,0.7438449442858392,1,0.78,0
A,fixed,Python Plain,48,0.7482884682381643,1,0.78,0
A,fixed,Python Plain,49,0.7427954144408383,1,0.78,0
A,fixed,Python Plain,50,0.7481620680534836,1,0.78,0
A,fixed,Python Plain,51,0.7802174061516282,1,0.78,0
A,fixed,Python Plain,52,0.8172874429322923,0,0.78,0
A,fixed,Python Plain,53,0.7665852427430104,1,0.78,0
A,fixed,Python Plain,54,0.7424407287477275,0,0.78,0
A,fixed,Python Plain,55,0.7930265679837638,1,0.78,0
A,fixed,Python Plain,56,0.82798582685823,0,0.78,0
A,fixed,Python Plain,57,0.7693818808068855,0,0.78,0
A,fixed,Python Plain,58,0.7697886400661176,1,0.78,0
A,fixed,Python Plain,59,0.7625913224549646,0,0.78,0
A,fixed,Python Plain,60,0.7805047862321345,0,0.78,0
A,fixed,Python Plain,61,0.7738664432587369,1,0.78,0
A,fixed,Python Plain,62,0.7823891336856905,1,0.78,0
A,fixed,Python Plain,63,0.7602249956382572,1,0.78,0
A,fixed,Python Plain,64,0.7470878790780652,1,0.78,0
A,fixed,Python Plain,65,0.7224734830231269,0,0.78,0
A,fixed,Python Plain,66,0.7532087804693713,1,0.78,0
A,fixed,Python Plain,67,0.7130852393217874,1,0.78,0
A,fixed,Python Plain,68,0.745488636215967,0,0.78,0
A,fixed,Python Plain,69,0.7488192621142962,1,0.78,0
A,fixed,Python Plain,70,0.7645616948602533,0,0.78,0
A,fixed,Python Plain,71,0.7286404138735424,1,0.78,0
A,fixed,Python Plain,72,0.7311949330209905,1,0.78,0
A,fixed,Python Plain,73,0.7797176503348331,1,0.78,0
A,fixed,Python Plain,74,0.7527320094635999,1,0.78,0
A,fixed,Python Plain,75,0.7512696648087519,1,0.78,0
A,fixed,Python Plain,76,0.7174220732220614,1,0.78,0
A,fixed,Python Plain,77,0.7454704293295642,1,0.78,0
A,fixed,Python Plain,78,0.7908524308185663,0,0.78,0
A,fixed,Python Plain,79,0.7663326724394878,1,0.78,0
A,fixed,Python Plain,80,0.6245186556369912,0,0.35,1
A,fixed,Python Plain,81,0.5770087772797936,0,0.35,0
A,fixed,Python Plain,82,0.5276020697279714,0,0.35,0
A,fixed,Python Plain,83,0.4032558838426594,1,0.35,0
A,fixed,Python Plain,84,0.41466028052895476,0,0.35,0
A,fixed,Python Plain,85,0.46202552402992747,1,0.35,0
A,fixed,Python Plain,86,0.47473954388974776,0,0.35,0
A,fixed,Python Plain,87,0.3842930948295784,0,0.35,0
A,fixed,Python Plain,88,0.3833205011942564,0,0.35,0
A,fixed,Python Plain,89,0.41970044270594464,0,0.35,0
A,fixed,Python Plain,90,0.4057537018789201,1,0.35,0
A,fixed,Python Plain,91,0.3392394683315025,0,0.35,0
A,fixed,Python Plain,92,0.3570044030755618,0,0.35,0
A,fixed,Python Plain,93,0.3286894414006845,0,0.35,0
A,fixed,Python Plain,94,0.29484348119425285,0,0.35,0
A,fixed,Python Plain,95,0.25242709261122204,0,0.35,0
A,fixed,Python State Class,0,0.43413998446344,0,0.18,0
A,fixed,Python State Class,1,0.3420034371862768,0,0.18,0
A,fixed,Python State Class,2,0.3071765563640393,0,0.18,0
A,fixed,Python State Class,3,0.2949049980020283,0,0.18,0
A,fixed,Python State Class,4,0.2779528838888204,0,0.18,0
A,fixed,Python State Class,5,0.3063743095270707,1,0.18,0
A,fixed,Python State Class,6,0.22853015008365088,0,0.18,0
A,fixed,Python State Class,7,0.21501480452898863,0,0.18,0
A,fixed,Python State Class,8,0.18517720529727183,0,0.18,0
A,fixed,Python State Class,9,0.1355899692377157,0,0.18,0
A,fixed,Python State Class,10,0.13945771823619532,0,0.18,0
A,fixed,Python State Class,11,0.15686805253162064,1,0.18,0
A,fixed,Python State Class,12,0.11322499782276686,0,0.18,0
A,fixed,Python State Class,13,0.08678075451539213,0,0.18,0
A,fixed,Python State Class,14,0.14617956974992233,0,0.18,0
A,fixed,Python State Class,15,0.12984229668090408,0,0.18,0
A,fixed,Python State Class,16,0.09904918601009094,0,0.18,0
A,fixed,Python State Class,17,0.18253800460842548,0,0.18,0
A,fixed,Python State Class,18,0.21533760319894635,0,0.18,0
A,fixed,Python State Class,19,0.19905244362212138,0,0.18,0
A,fixed,Python State Class,20,0.1724264960400074,0,0.18,0
A,fixed,Python State Class,21,0.18150122963688534,0,0.18,0
A,fixed,Python State Class,22,0.18919458666827743,1,0.18,0
A,fixed,Python State Class,23,0.21970253295015976,0,0.18,0
A,fixed,Python State Class,24,0.19030996256867502,0,0.18,0
A,fixed,Python State Class,25,0.137303173049446,0,0.18,0
A,fixed,Python State Class,26,0.18303512156248114,0,0.18,0
A,fixed,Python State Class,27,0.13206528752498642,0,0.18,0
A,fixed,Python State Class,28,0.18013456594579022,0,0.18,0
A,fixed,Python State Class,29,0.19340252531904895,0,0.18,0
A,fixed,Python State Class,30,0.17662490045839524,1,0.18,0
A,fixed,Python State Class,31,0.19147119880404456,0,0.18,0
A,fixed,Python State Class,32,0.15678509113243208,0,0.18,0
A,fixed,Python State Class,33,0.1510335927889511,1,0.18,0
A,fixed,Python State Class,34,0.1874232787226848,0,0.18,0
A,fixed,Python State Class,35,0.16198732722713305,0,0.18,0
A,fixed,Python State Class,36,0.1516575559430958,0,0.18,0
A,fixed,Python State Class,37,0.11660609981526897,0,0.18,0
A,fixed,Python State Class,38,0.18240416092551365,0,0.18,0
A,fixed,Python State Class,39,0.21626257583232983,0,0.18,0
A,fixed,Python State Class,40,0.3982616847389575,1,0.78,1
A,fixed,Python State Class,41,0.5081114208377294,1,0.78,0
A,fixed,Python State Class,42,0.5674853865092452,1,0.78,0
A,fixed,Python State Class,43,0.6089148616250165,1,0.78,0
A,fixed,Python State Class,44,0.6107396884988119,1,0.78,0
A,fixed,Python State Class,45,0.6662460068424245,0,0.78,0
A,fixed,Python State Class,46,0.6892808912286656,0,0.78,0
A,fixed,Python State Class,47,0.7438449442858392,1,0.78,0
A,fixed,Python State Class,48,0.7482884682381643,1,0.78,0
A,fixed,Python State Class,49,0.7427954144408383,1,0.78,0
A,fixed,Python State Class,50,0.7481620680534836,1,0.78,0
A,fixed,Python State Class,51,0.7802174061516282,1,0.78,0
A,fixed,Python State Class,52,0.8172874429322923,0,0.78,0
A,fixed,Python State Class,53,0.7665852427430104,1,0.78,0
A,fixed,Python State Class,54,0.7424407287477275,0,0.78,0
A,fixed,Python State Class,55,0.7930265679837638,1,0.78,0
A,fixed,Python State Class,56,0.82798582685823,0,0.78,0
A,fixed,Python State Class,57,0.7693818808068855,0,0.78,0
A,fixed,Python State Class,58,0.7697886400661176,1,0.78,0
A,fixed,Python State Class,59,0.7625913224549646,0,0.78,0
A,fixed,Python State Class,60,0.7805047862321345,0,0.78,0
A,fixed,Python State Class,61,0.7738664432587369,1,0.78,0
A,fixed,Python State Class,62,0.7823891336856905,1,0.78,0
A,fixed,Python State Class,63,0.7602249956382572,1,0.78,0
A,fixed,Python State Class,64,0.7470878790780652,1,0.78,0
A,fixed,Python State Class,65,0.7224734830231269,0,0.78,0
A,fixed,Python State Class,66,0.7532087804693713,1,0.78,0
A,fixed,Python State Class,67,0.7130852393217874,1,0.78,0
A,fixed,Python State Class,68,0.745488636215967,0,0.78,0
A,fixed,Python State Class,69,0.7488192621142962,1,0.78,0
A,fixed,Python State Class,70,0.7645616948602533,0,0.78,0
A,fixed,Python State Class,71,0.7286404138735424,1,0.78,0
A,fixed,Python State Class,72,0.7311949330209905,1,0.78,0
A,fixed,Python State Class,73,0.7797176503348331,1,0.78,0
A,fixed,Python State Class,74,0.7527320094635999,1,0.78,0
A,fixed,Python State Class,75,0.7512696648087519,1,0.78,0
A,fixed,Python State Class,76,0.7174220732220614,1,0.78,0
A,fixed,Python State Class,77,0.7454704293295642,1,0.78,0
A,fixed,Python State Class,78,0.7908524308185663,0,0.78,0
A,fixed,Python State Class,79,0.7663326724394878,1,0.78,0
A,fixed,Python State Class,80,0.6245186556369912,0,0.35,1
A,fixed,Python State Class,81,0.5770087772797936,0,0.35,0
A,fixed,Python State Class,82,0.5276020697279714,0,0.35,0
A,fixed,Python State Class,83,0.4032558838426594,1,0.35,0
A,fixed,Python State Class,84,0.41466028052895476,0,0.35,0
A,fixed,Python State Class,85,0.46202552402992747,1,0.35,0
A,fixed,Python State Class,86,0.47473954388974776,0,0.35,0
A,fixed,Python State Class,87,0.3842930948295784,0,0.35,0
A,fixed,Python State Class,88,0.3833205011942564,0,0.35,0
A,fixed,Python State Class,89,0.41970044270594464,0,0.35,0
A,fixed,Python State Class,90,0.4057537018789201,1,0.35,0
A,fixed,Python State Class,91,0.3392394683315025,0,0.35,0
A,fixed,Python State Class,92,0.3570044030755618,0,0.35,0
A,fixed,Python State Class,93,0.3286894414006845,0,0.35,0
A,fixed,Python State Class,94,0.29484348119425285,0,0.35,0
A,fixed,Python State Class,95,0.25242709261122204,0,0.35,0
A,fixed,Lana,0,0.434139984463,0,0.18,0
A,fixed,Lana,1,0.342003437186,0,0.18,0
A,fixed,Lana,2,0.307176556364,0,0.18,0
A,fixed,Lana,3,0.294904998002,0,0.18,0
A,fixed,Lana,4,0.277952883889,0,0.18,0
A,fixed,Lana,5,0.306374309527,1,0.18,0
A,fixed,Lana,6,0.228530150084,0,0.18,0
A,fixed,Lana,7,0.215014804529,0,0.18,0
A,fixed,Lana,8,0.185177205297,0,0.18,0
A,fixed,Lana,9,0.135589969238,0,0.18,0
A,fixed,Lana,10,0.139457718236,0,0.18,0
A,fixed,Lana,11,0.156868052532,1,0.18,0
A,fixed,Lana,12,0.113224997823,0,0.18,0
A,fixed,Lana,13,0.0867807545154,0,0.18,0
A,fixed,Lana,14,0.14617956975,0,0.18,0
A,fixed,Lana,15,0.129842296681,0,0.18,0
A,fixed,Lana,16,0.0990491860101,0,0.18,0
A,fixed,Lana,17,0.182538004608,0,0.18,0
A,fixed,Lana,18,0.215337603199,0,0.18,0
A,fixed,Lana,19,0.199052443622,0,0.18,0
A,fixed,Lana,20,0.17242649604,0,0.18,0
A,fixed,Lana,21,0.181501229637,0,0.18,0
A,fixed,Lana,22,0.189194586668,1,0.18,0
A,fixed,Lana,23,0.21970253295,0,0.18,0
A,fixed,Lana,24,0.190309962569,0,0.18,0
A,fixed,Lana,25,0.137303173049,0,0.18,0
A,fixed,Lana,26,0.183035121562,0,0.18,0
A,fixed,Lana,27,0.132065287525,0,0.18,0
A,fixed,Lana,28,0.180134565946,0,0.18,0
A,fixed,Lana,29,0.193402525319,0,0.18,0
A,fixed,Lana,30,0.176624900458,1,0.18,0
A,fixed,Lana,31,0.191471198804,0,0.18,0
A,fixed,Lana,32,0.156785091132,0,0.18,0
A,fixed,Lana,33,0.151033592789,1,0.18,0
A,fixed,Lana,34,0.187423278723,0,0.18,0
A,fixed,Lana,35,0.161987327227,0,0.18,0
A,fixed,Lana,36,0.151657555943,0,0.18,0
A,fixed,Lana,37,0.116606099815,0,0.18,0
A,fixed,Lana,38,0.182404160926,0,0.18,0
A,fixed,Lana,39,0.216262575832,0,0.18,0
A,fixed,Lana,40,0.398261684739,1,0.78,1
A,fixed,Lana,41,0.508111420838,1,0.78,0
A,fixed,Lana,42,0.567485386509,1,0.78,0
A,fixed,Lana,43,0.608914861625,1,0.78,0
A,fixed,Lana,44,0.610739688499,1,0.78,0
A,fixed,Lana,45,0.666246006842,0,0.78,0
A,fixed,Lana,46,0.689280891229,0,0.78,0
A,fixed,Lana,47,0.743844944286,1,0.78,0
A,fixed,Lana,48,0.748288468238,1,0.78,0
A,fixed,Lana,49,0.742795414441,1,0.78,0
A,fixed,Lana,50,0.748162068053,1,0.78,0
A,fixed,Lana,51,0.780217406152,1,0.78,0
A,fixed,Lana,52,0.817287442932,0,0.78,0
A,fixed,Lana,53,0.766585242743,1,0.78,0
A,fixed,Lana,54,0.742440728748,0,0.78,0
A,fixed,Lana,55,0.793026567984,1,0.78,0
A,fixed,Lana,56,0.827985826858,0,0.78,0
A,fixed,Lana,57,0.769381880807,0,0.78,0
A,fixed,Lana,58,0.769788640066,1,0.78,0
A,fixed,Lana,59,0.762591322455,0,0.78,0
A,fixed,Lana,60,0.780504786232,0,0.78,0
A,fixed,Lana,61,0.773866443259,1,0.78,0
A,fixed,Lana,62,0.782389133686,1,0.78,0
A,fixed,Lana,63,0.760224995638,1,0.78,0
A,fixed,Lana,64,0.747087879078,1,0.78,0
A,fixed,Lana,65,0.722473483023,0,0.78,0
A,fixed,Lana,66,0.753208780469,1,0.78,0
A,fixed,Lana,67,0.713085239322,1,0.78,0
A,fixed,Lana,68,0.745488636216,0,0.78,0
A,fixed,Lana,69,0.748819262114,1,0.78,0
A,fixed,Lana,70,0.76456169486,0,0.78,0
A,fixed,Lana,71,0.728640413874,1,0.78,0
A,fixed,Lana,72,0.731194933021,1,0.78,0
A,fixed,Lana,73,0.779717650335,1,0.78,0
A,fixed,Lana,74,0.752732009464,1,0.78,0
A,fixed,Lana,75,0.751269664809,1,0.78,0
A,fixed,Lana,76,0.717422073222,1,0.78,0
A,fixed,Lana,77,0.74547042933,1,0.78,0
A,fixed,Lana,78,0.790852430819,0,0.78,0
A,fixed,Lana,79,0.766332672439,1,0.78,0
A,fixed,Lana,80,0.624518655637,0,0.35,1
A,fixed,Lana,81,0.57700877728,0,0.35,0
A,fixed,Lana,82,0.527602069728,0,0.35,0
A,fixed,Lana,83,0.403255883843,1,0.35,0
A,fixed,Lana,84,0.414660280529,0,0.35,0
A,fixed,Lana,85,0.46202552403,1,0.35,0
A,fixed,Lana,86,0.47473954389,0,0.35,0
A,fixed,Lana,87,0.38429309483,0,0.35,0
A,fixed,Lana,88,0.383320501194,0,0.35,0
A,fixed,Lana,89,0.419700442706,0,0.35,0
A,fixed,Lana,90,0.405753701879,1,0.35,0
A,fixed,Lana,91,0.339239468332,0,0.35,0
A,fixed,Lana,92,0.357004403076,0,0.35,0
A,fixed,Lana,93,0.328689441401,0,0.35,0
A,fixed,Lana,94,0.294843481194,0,0.35,0
A,fixed,Lana,95,0.252427092611,0,0.35,0
A,zero,Python Plain,0,0.5,0,0.18,0
A,zero,Python Plain,1,0.5,0,0.18,0
A,zero,Python Plain,2,0.5,0,0.18,0
A,zero,Python Plain,3,0.5,0,0.18,0
A,zero,Python Plain,4,0.5,0,0.18,0
A,zero,Python Plain,5,0.5,1,0.18,0
A,zero,Python Plain,6,0.5,0,0.18,0
A,zero,Python Plain,7,0.5,0,0.18,0
A,zero,Python Plain,8,0.5,0,0.18,0
A,zero,Python Plain,9,0.5,0,0.18,0
A,zero,Python Plain,10,0.5,0,0.18,0
A,zero,Python Plain,11,0.5,1,0.18,0
A,zero,Python Plain,12,0.5,0,0.18,0
A,zero,Python Plain,13,0.5,0,0.18,0
A,zero,Python Plain,14,0.5,0,0.18,0
A,zero,Python Plain,15,0.5,0,0.18,0
A,zero,Python Plain,16,0.5,0,0.18,0
A,zero,Python Plain,17,0.5,0,0.18,0
A,zero,Python Plain,18,0.5,0,0.18,0
A,zero,Python Plain,19,0.5,0,0.18,0
A,zero,Python Plain,20,0.5,0,0.18,0
A,zero,Python Plain,21,0.5,0,0.18,0
A,zero,Python Plain,22,0.5,1,0.18,0
A,zero,Python Plain,23,0.5,0,0.18,0
A,zero,Python Plain,24,0.5,0,0.18,0
A,zero,Python Plain,25,0.5,0,0.18,0
A,zero,Python Plain,26,0.5,0,0.18,0
A,zero,Python Plain,27,0.5,0,0.18,0
A,zero,Python Plain,28,0.5,0,0.18,0
A,zero,Python Plain,29,0.5,0,0.18,0
A,zero,Python Plain,30,0.5,1,0.18,0
A,zero,Python Plain,31,0.5,0,0.18,0
A,zero,Python Plain,32,0.5,0,0.18,0
A,zero,Python Plain,33,0.5,1,0.18,0
A,zero,Python Plain,34,0.5,0,0.18,0
A,zero,Python Plain,35,0.5,0,0.18,0
A,zero,Python Plain,36,0.5,0,0.18,0
A,zero,Python Plain,37,0.5,0,0.18,0
A,zero,Python Plain,38,0.5,0,0.18,0
A,zero,Python Plain,39,0.5,0,0.18,0
A,zero,Python Plain,40,0.5,1,0.78,1
A,zero,Python Plain,41,0.5,1,0.78,0
A,zero,Python Plain,42,0.5,1,0.78,0
A,zero,Python Plain,43,0.5,1,0.78,0
A,zero,Python Plain,44,0.5,1,0.78,0
A,zero,Python Plain,45,0.5,0,0.78,0
A,zero,Python Plain,46,0.5,0,0.78,0
A,zero,Python Plain,47,0.5,1,0.78,0
A,zero,Python Plain,48,0.5,1,0.78,0
A,zero,Python Plain,49,0.5,1,0.78,0
A,zero,Python Plain,50,0.5,1,0.78,0
A,zero,Python Plain,51,0.5,1,0.78,0
A,zero,Python Plain,52,0.5,0,0.78,0
A,zero,Python Plain,53,0.5,1,0.78,0
A,zero,Python Plain,54,0.5,0,0.78,0
A,zero,Python Plain,55,0.5,1,0.78,0
A,zero,Python Plain,56,0.5,0,0.78,0
A,zero,Python Plain,57,0.5,0,0.78,0
A,zero,Python Plain,58,0.5,1,0.78,0
A,zero,Python Plain,59,0.5,0,0.78,0
A,zero,Python Plain,60,0.5,0,0.78,0
A,zero,Python Plain,61,0.5,1,0.78,0
A,zero,Python Plain,62,0.5,1,0.78,0
A,zero,Python Plain,63,0.5,1,0.78,0
A,zero,Python Plain,64,0.5,1,0.78,0
A,zero,Python Plain,65,0.5,0,0.78,0
A,zero,Python Plain,66,0.5,1,0.78,0
A,zero,Python Plain,67,0.5,1,0.78,0
A,zero,Python Plain,68,0.5,0,0.78,0
A,zero,Python Plain,69,0.5,1,0.78,0
A,zero,Python Plain,70,0.5,0,0.78,0
A,zero,Python Plain,71,0.5,1,0.78,0
A,zero,Python Plain,72,0.5,1,0.78,0
A,zero,Python Plain,73,0.5,1,0.78,0
A,zero,Python Plain,74,0.5,1,0.78,0
A,zero,Python Plain,75,0.5,1,0.78,0
A,zero,Python Plain,76,0.5,1,0.78,0
A,zero,Python Plain,77,0.5,1,0.78,0
A,zero,Python Plain,78,0.5,0,0.78,0
A,zero,Python Plain,79,0.5,1,0.78,0
A,zero,Python Plain,80,0.5,0,0.35,1
A,zero,Python Plain,81,0.5,0,0.35,0
A,zero,Python Plain,82,0.5,0,0.35,0
A,zero,Python Plain,83,0.5,1,0.35,0
A,zero,Python Plain,84,0.5,0,0.35,0
A,zero,Python Plain,85,0.5,1,0.35,0
A,zero,Python Plain,86,0.5,0,0.35,0
A,zero,Python Plain,87,0.5,0,0.35,0
A,zero,Python Plain,88,0.5,0,0.35,0
A,zero,Python Plain,89,0.5,0,0.35,0
A,zero,Python Plain,90,0.5,1,0.35,0
A,zero,Python Plain,91,0.5,0,0.35,0
A,zero,Python Plain,92,0.5,0,0.35,0
A,zero,Python Plain,93,0.5,0,0.35,0
A,zero,Python Plain,94,0.5,0,0.35,0
A,zero,Python Plain,95,0.5,0,0.35,0
A,zero,Python State Class,0,0.5,0,0.18,0
A,zero,Python State Class,1,0.5,0,0.18,0
A,zero,Python State Class,2,0.5,0,0.18,0
A,zero,Python State Class,3,0.5,0,0.18,0
A,zero,Python State Class,4,0.5,0,0.18,0
A,zero,Python State Class,5,0.5,1,0.18,0
A,zero,Python State Class,6,0.5,0,0.18,0
A,zero,Python State Class,7,0.5,0,0.18,0
A,zero,Python State Class,8,0.5,0,0.18,0
A,zero,Python State Class,9,0.5,0,0.18,0
A,zero,Python State Class,10,0.5,0,0.18,0
A,zero,Python State Class,11,0.5,1,0.18,0
A,zero,Python State Class,12,0.5,0,0.18,0
A,zero,Python State Class,13,0.5,0,0.18,0
A,zero,Python State Class,14,0.5,0,0.18,0
A,zero,Python State Class,15,0.5,0,0.18,0
A,zero,Python State Class,16,0.5,0,0.18,0
A,zero,Python State Class,17,0.5,0,0.18,0
A,zero,Python State Class,18,0.5,0,0.18,0
A,zero,Python State Class,19,0.5,0,0.18,0
A,zero,Python State Class,20,0.5,0,0.18,0
A,zero,Python State Class,21,0.5,0,0.18,0
A,zero,Python State Class,22,0.5,1,0.18,0
A,zero,Python State Class,23,0.5,0,0.18,0
A,zero,Python State Class,24,0.5,0,0.18,0
A,zero,Python State Class,25,0.5,0,0.18,0
A,zero,Python State Class,26,0.5,0,0.18,0
A,zero,Python State Class,27,0.5,0,0.18,0
A,zero,Python State Class,28,0.5,0,0.18,0
A,zero,Python State Class,29,0.5,0,0.18,0
A,zero,Python State Class,30,0.5,1,0.18,0
A,zero,Python State Class,31,0.5,0,0.18,0
A,zero,Python State Class,32,0.5,0,0.18,0
A,zero,Python State Class,33,0.5,1,0.18,0
A,zero,Python State Class,34,0.5,0,0.18,0
A,zero,Python State Class,35,0.5,0,0.18,0
A,zero,Python State Class,36,0.5,0,0.18,0
A,zero,Python State Class,37,0.5,0,0.18,0
A,zero,Python State Class,38,0.5,0,0.18,0
A,zero,Python State Class,39,0.5,0,0.18,0
A,zero,Python State Class,40,0.5,1,0.78,1
A,zero,Python State Class,41,0.5,1,0.78,0
A,zero,Python State Class,42,0.5,1,0.78,0
A,zero,Python State Class,43,0.5,1,0.78,0
A,zero,Python State Class,44,0.5,1,0.78,0
A,zero,Python State Class,45,0.5,0,0.78,0
A,zero,Python State Class,46,0.5,0,0.78,0
A,zero,Python State Class,47,0.5,1,0.78,0
A,zero,Python State Class,48,0.5,1,0.78,0
A,zero,Python State Class,49,0.5,1,0.78,0
A,zero,Python State Class,50,0.5,1,0.78,0
A,zero,Python State Class,51,0.5,1,0.78,0
A,zero,Python State Class,52,0.5,0,0.78,0
A,zero,Python State Class,53,0.5,1,0.78,0
A,zero,Python State Class,54,0.5,0,0.78,0
A,zero,Python State Class,55,0.5,1,0.78,0
A,zero,Python State Class,56,0.5,0,0.78,0
A,zero,Python State Class,57,0.5,0,0.78,0
A,zero,Python State Class,58,0.5,1,0.78,0
A,zero,Python State Class,59,0.5,0,0.78,0
A,zero,Python State Class,60,0.5,0,0.78,0
A,zero,Python State Class,61,0.5,1,0.78,0
A,zero,Python State Class,62,0.5,1,0.78,0
A,zero,Python State Class,63,0.5,1,0.78,0
A,zero,Python State Class,64,0.5,1,0.78,0
A,zero,Python State Class,65,0.5,0,0.78,0
A,zero,Python State Class,66,0.5,1,0.78,0
A,zero,Python State Class,67,0.5,1,0.78,0
A,zero,Python State Class,68,0.5,0,0.78,0
A,zero,Python State Class,69,0.5,1,0.78,0
A,zero,Python State Class,70,0.5,0,0.78,0
A,zero,Python State Class,71,0.5,1,0.78,0
A,zero,Python State Class,72,0.5,1,0.78,0
A,zero,Python State Class,73,0.5,1,0.78,0
A,zero,Python State Class,74,0.5,1,0.78,0
A,zero,Python State Class,75,0.5,1,0.78,0
A,zero,Python State Class,76,0.5,1,0.78,0
A,zero,Python State Class,77,0.5,1,0.78,0
A,zero,Python State Class,78,0.5,0,0.78,0
A,zero,Python State Class,79,0.5,1,0.78,0
A,zero,Python State Class,80,0.5,0,0.35,1
A,zero,Python State Class,81,0.5,0,0.35,0
A,zero,Python State Class,82,0.5,0,0.35,0
A,zero,Python State Class,83,0.5,1,0.35,0
A,zero,Python State Class,84,0.5,0,0.35,0
A,zero,Python State Class,85,0.5,1,0.35,0
A,zero,Python State Class,86,0.5,0,0.35,0
A,zero,Python State Class,87,0.5,0,0.35,0
A,zero,Python State Class,88,0.5,0,0.35,0
A,zero,Python State Class,89,0.5,0,0.35,0
A,zero,Python State Class,90,0.5,1,0.35,0
A,zero,Python State Class,91,0.5,0,0.35,0
A,zero,Python State Class,92,0.5,0,0.35,0
A,zero,Python State Class,93,0.5,0,0.35,0
A,zero,Python State Class,94,0.5,0,0.35,0
A,zero,Python State Class,95,0.5,0,0.35,0
A,zero,Lana,0,0.5,0,0.18,0
A,zero,Lana,1,0.5,0,0.18,0
A,zero,Lana,2,0.5,0,0.18,0
A,zero,Lana,3,0.5,0,0.18,0
A,zero,Lana,4,0.5,0,0.18,0
A,zero,Lana,5,0.5,1,0.18,0
A,zero,Lana,6,0.5,0,0.18,0
A,zero,Lana,7,0.5,0,0.18,0
A,zero,Lana,8,0.5,0,0.18,0
A,zero,Lana,9,0.5,0,0.18,0
A,zero,Lana,10,0.5,0,0.18,0
A,zero,Lana,11,0.5,1,0.18,0
A,zero,Lana,12,0.5,0,0.18,0
A,zero,Lana,13,0.5,0,0.18,0
A,zero,Lana,14,0.5,0,0.18,0
A,zero,Lana,15,0.5,0,0.18,0
A,zero,Lana,16,0.5,0,0.18,0
A,zero,Lana,17,0.5,0,0.18,0
A,zero,Lana,18,0.5,0,0.18,0
A,zero,Lana,19,0.5,0,0.18,0
A,zero,Lana,20,0.5,0,0.18,0
A,zero,Lana,21,0.5,0,0.18,0
A,zero,Lana,22,0.5,1,0.18,0
A,zero,Lana,23,0.5,0,0.18,0
A,zero,Lana,24,0.5,0,0.18,0
A,zero,Lana,25,0.5,0,0.18,0
A,zero,Lana,26,0.5,0,0.18,0
A,zero,Lana,27,0.5,0,0.18,0
A,zero,Lana,28,0.5,0,0.18,0
A,zero,Lana,29,0.5,0,0.18,0
A,zero,Lana,30,0.5,1,0.18,0
A,zero,Lana,31,0.5,0,0.18,0
A,zero,Lana,32,0.5,0,0.18,0
A,zero,Lana,33,0.5,1,0.18,0
A,zero,Lana,34,0.5,0,0.18,0
A,zero,Lana,35,0.5,0,0.18,0
A,zero,Lana,36,0.5,0,0.18,0
A,zero,Lana,37,0.5,0,0.18,0
A,zero,Lana,38,0.5,0,0.18,0
A,zero,Lana,39,0.5,0,0.18,0
A,zero,Lana,40,0.5,1,0.78,1
A,zero,Lana,41,0.5,1,0.78,0
A,zero,Lana,42,0.5,1,0.78,0
A,zero,Lana,43,0.5,1,0.78,0
A,zero,Lana,44,0.5,1,0.78,0
A,zero,Lana,45,0.5,0,0.78,0
A,zero,Lana,46,0.5,0,0.78,0
A,zero,Lana,47,0.5,1,0.78,0
A,zero,Lana,48,0.5,1,0.78,0
A,zero,Lana,49,0.5,1,0.78,0
A,zero,Lana,50,0.5,1,0.78,0
A,zero,Lana,51,0.5,1,0.78,0
A,zero,Lana,52,0.5,0,0.78,0
A,zero,Lana,53,0.5,1,0.78,0
A,zero,Lana,54,0.5,0,0.78,0
A,zero,Lana,55,0.5,1,0.78,0
A,zero,Lana,56,0.5,0,0.78,0
A,zero,Lana,57,0.5,0,0.78,0
A,zero,Lana,58,0.5,1,0.78,0
A,zero,Lana,59,0.5,0,0.78,0
A,zero,Lana,60,0.5,0,0.78,0
A,zero,Lana,61,0.5,1,0.78,0
A,zero,Lana,62,0.5,1,0.78,0
A,zero,Lana,63,0.5,1,0.78,0
A,zero,Lana,64,0.5,1,0.78,0
A,zero,Lana,65,0.5,0,0.78,0
A,zero,Lana,66,0.5,1,0.78,0
A,zero,Lana,67,0.5,1,0.78,0
A,zero,Lana,68,0.5,0,0.78,0
A,zero,Lana,69,0.5,1,0.78,0
A,zero,Lana,70,0.5,0,0.78,0
A,zero,Lana,71,0.5,1,0.78,0
A,zero,Lana,72,0.5,1,0.78,0
A,zero,Lana,73,0.5,1,0.78,0
A,zero,Lana,74,0.5,1,0.78,0
A,zero,Lana,75,0.5,1,0.78,0
A,zero,Lana,76,0.5,1,0.78,0
A,zero,Lana,77,0.5,1,0.78,0
A,zero,Lana,78,0.5,0,0.78,0
A,zero,Lana,79,0.5,1,0.78,0
A,zero,Lana,80,0.5,0,0.35,1
A,zero,Lana,81,0.5,0,0.35,0
A,zero,Lana,82,0.5,0,0.35,0
A,zero,Lana,83,0.5,1,0.35,0
A,zero,Lana,84,0.5,0,0.35,0
A,zero,Lana,85,0.5,1,0.35,0
A,zero,Lana,86,0.5,0,0.35,0
A,zero,Lana,87,0.5,0,0.35,0
A,zero,Lana,88,0.5,0,0.35,0
A,zero,Lana,89,0.5,0,0.35,0
A,zero,Lana,90,0.5,1,0.35,0
A,zero,Lana,91,0.5,0,0.35,0
A,zero,Lana,92,0.5,0,0.35,0
A,zero,Lana,93,0.5,0,0.35,0
A,zero,Lana,94,0.5,0,0.35,0
A,zero,Lana,95,0.5,0,0.35,0
A,p_only,Python p-only,0,0.43413998446344,0,0.18,0
A,p_only,Python p-only,1,0.3420034371862768,0,0.18,0
A,p_only,Python p-only,2,0.3071765563640393,0,0.18,0
A,p_only,Python p-only,3,0.2949049980020283,0,0.18,0
A,p_only,Python p-only,4,0.2779528838888204,0,0.18,0
A,p_only,Python p-only,5,0.3063743095270707,1,0.18,0
A,p_only,Python p-only,6,0.22853015008365088,0,0.18,0
A,p_only,Python p-only,7,0.21501480452898863,0,0.18,0
A,p_only,Python p-only,8,0.18517720529727183,0,0.18,0
A,p_only,Python p-only,9,0.1355899692377157,0,0.18,0
A,p_only,Python p-only,10,0.13945771823619532,0,0.18,0
A,p_only,Python p-only,11,0.15686805253162064,1,0.18,0
A,p_only,Python p-only,12,0.11322499782276686,0,0.18,0
A,p_only,Python p-only,13,0.08678075451539213,0,0.18,0
A,p_only,Python p-only,14,0.14617956974992233,0,0.18,0
A,p_only,Python p-only,15,0.12984229668090408,0,0.18,0
A,p_only,Python p-only,16,0.09904918601009094,0,0.18,0
A,p_only,Python p-only,17,0.18253800460842548,0,0.18,0
A,p_only,Python p-only,18,0.21533760319894635,0,0.18,0
A,p_only,Python p-only,19,0.19905244362212138,0,0.18,0
A,p_only,Python p-only,20,0.1724264960400074,0,0.18,0
A,p_only,Python p-only,21,0.18150122963688534,0,0.18,0
A,p_only,Python p-only,22,0.18919458666827743,1,0.18,0
A,p_only,Python p-only,23,0.21970253295015976,0,0.18,0
A,p_only,Python p-only,24,0.19030996256867502,0,0.18,0
A,p_only,Python p-only,25,0.137303173049446,0,0.18,0
A,p_only,Python p-only,26,0.18303512156248114,0,0.18,0
A,p_only,Python p-only,27,0.13206528752498642,0,0.18,0
A,p_only,Python p-only,28,0.18013456594579022,0,0.18,0
A,p_only,Python p-only,29,0.19340252531904895,0,0.18,0
A,p_only,Python p-only,30,0.17662490045839524,1,0.18,0
A,p_only,Python p-only,31,0.19147119880404456,0,0.18,0
A,p_only,Python p-only,32,0.15678509113243208,0,0.18,0
A,p_only,Python p-only,33,0.1510335927889511,1,0.18,0
A,p_only,Python p-only,34,0.1874232787226848,0,0.18,0
A,p_only,Python p-only,35,0.16198732722713305,0,0.18,0
A,p_only,Python p-only,36,0.1516575559430958,0,0.18,0
A,p_only,Python p-only,37,0.11660609981526897,0,0.18,0
A,p_only,Python p-only,38,0.18240416092551365,0,0.18,0
A,p_only,Python p-only,39,0.21626257583232983,0,0.18,0
A,p_only,Python p-only,40,0.3982616847389575,1,0.78,1
A,p_only,Python p-only,41,0.5081114208377294,1,0.78,0
A,p_only,Python p-only,42,0.5674853865092452,1,0.78,0
A,p_only,Python p-only,43,0.6089148616250165,1,0.78,0
A,p_only,Python p-only,44,0.6107396884988119,1,0.78,0
A,p_only,Python p-only,45,0.6662460068424245,0,0.78,0
A,p_only,Python p-only,46,0.6892808912286656,0,0.78,0
A,p_only,Python p-only,47,0.7438449442858392,1,0.78,0
A,p_only,Python p-only,48,0.7482884682381643,1,0.78,0
A,p_only,Python p-only,49,0.7427954144408383,1,0.78,0
A,p_only,Python p-only,50,0.7481620680534836,1,0.78,0
A,p_only,Python p-only,51,0.7802174061516282,1,0.78,0
A,p_only,Python p-only,52,0.8172874429322923,0,0.78,0
A,p_only,Python p-only,53,0.7665852427430104,1,0.78,0
A,p_only,Python p-only,54,0.7424407287477275,0,0.78,0
A,p_only,Python p-only,55,0.7930265679837638,1,0.78,0
A,p_only,Python p-only,56,0.82798582685823,0,0.78,0
A,p_only,Python p-only,57,0.7693818808068855,0,0.78,0
A,p_only,Python p-only,58,0.7697886400661176,1,0.78,0
A,p_only,Python p-only,59,0.7625913224549646,0,0.78,0
A,p_only,Python p-only,60,0.7805047862321345,0,0.78,0
A,p_only,Python p-only,61,0.7738664432587369,1,0.78,0
A,p_only,Python p-only,62,0.7823891336856905,1,0.78,0
A,p_only,Python p-only,63,0.7602249956382572,1,0.78,0
A,p_only,Python p-only,64,0.7470878790780652,1,0.78,0
A,p_only,Python p-only,65,0.7224734830231269,0,0.78,0
A,p_only,Python p-only,66,0.7532087804693713,1,0.78,0
A,p_only,Python p-only,67,0.7130852393217874,1,0.78,0
A,p_only,Python p-only,68,0.745488636215967,0,0.78,0
A,p_only,Python p-only,69,0.7488192621142962,1,0.78,0
A,p_only,Python p-only,70,0.7645616948602533,0,0.78,0
A,p_only,Python p-only,71,0.7286404138735424,1,0.78,0
A,p_only,Python p-only,72,0.7311949330209905,1,0.78,0
A,p_only,Python p-only,73,0.7797176503348331,1,0.78,0
A,p_only,Python p-only,74,0.7527320094635999,1,0.78,0
A,p_only,Python p-only,75,0.7512696648087519,1,0.78,0
A,p_only,Python p-only,76,0.7174220732220614,1,0.78,0
A,p_only,Python p-only,77,0.7454704293295642,1,0.78,0
A,p_only,Python p-only,78,0.7908524308185663,0,0.78,0
A,p_only,Python p-only,79,0.7663326724394878,1,0.78,0
A,p_only,Python p-only,80,0.6245186556369912,0,0.35,1
A,p_only,Python p-only,81,0.5770087772797936,0,0.35,0
A,p_only,Python p-only,82,0.5276020697279714,0,0.35,0
A,p_only,Python p-only,83,0.4032558838426594,1,0.35,0
A,p_only,Python p-only,84,0.41466028052895476,0,0.35,0
A,p_only,Python p-only,85,0.46202552402992747,1,0.35,0
A,p_only,Python p-only,86,0.47473954388974776,0,0.35,0
A,p_only,Python p-only,87,0.3842930948295784,0,0.35,0
A,p_only,Python p-only,88,0.3833205011942564,0,0.35,0
A,p_only,Python p-only,89,0.41970044270594464,0,0.35,0
A,p_only,Python p-only,90,0.4057537018789201,1,0.35,0
A,p_only,Python p-only,91,0.3392394683315025,0,0.35,0
A,p_only,Python p-only,92,0.3570044030755618,0,0.35,0
A,p_only,Python p-only,93,0.3286894414006845,0,0.35,0
A,p_only,Python p-only,94,0.29484348119425285,0,0.35,0
A,p_only,Python p-only,95,0.25242709261122204,0,0.35,0
B,dynamic,Python Plain,0,0.44636970931976083,0,0.18,0
B,dynamic,Python Plain,1,0.3386631575384512,0,0.18,0
B,dynamic,Python Plain,2,0.3193142440806475,1,0.18,0
B,dynamic,Python Plain,3,0.26983823897259557,0,0.18,0
B,dynamic,Python Plain,4,0.26680301767493503,0,0.18,0
B,dynamic,Python Plain,5,0.3351427227205147,0,0.18,0
B,dynamic,Python Plain,6,0.3486793033823413,0,0.18,0
B,dynamic,Python Plain,7,0.3994986943282936,0,0.18,0
B,dynamic,Python Plain,8,0.33328352170561637,0,0.18,0
B,dynamic,Python Plain,9,0.2772598897651707,0,0.18,0
B,dynamic,Python Plain,10,0.25112902467038123,0,0.18,0
B,dynamic,Python Plain,11,0.2577418036698538,0,0.18,0
B,dynamic,Python Plain,12,0.24493496818043595,0,0.18,0
B,dynamic,Python Plain,13,0.22738791817136725,0,0.18,0
B,dynamic,Python Plain,14,0.23563269418982485,0,0.18,0
B,dynamic,Python Plain,15,0.25435958681597953,0,0.18,0
B,dynamic,Python Plain,16,0.2714440606223935,0,0.18,0
B,dynamic,Python Plain,17,0.2655494141055012,0,0.18,0
B,dynamic,Python Plain,18,0.3878045782094829,0,0.18,0
B,dynamic,Python Plain,19,0.40789086113498507,0,0.18,0
B,dynamic,Python Plain,20,0.41865496373112837,0,0.18,0
B,dynamic,Python Plain,21,0.342626813222857,0,0.18,0
B,dynamic,Python Plain,22,0.34009158518964844,0,0.18,0
B,dynamic,Python Plain,23,0.3042358928140599,0,0.18,0
B,dynamic,Python Plain,24,0.28665229857088736,1,0.18,0
B,dynamic,Python Plain,25,0.24606249872782013,0,0.18,0
B,dynamic,Python Plain,26,0.19626175545834634,0,0.18,0
B,dynamic,Python Plain,27,0.20193766641566496,0,0.18,0
B,dynamic,Python Plain,28,0.17667928009049805,0,0.18,0
B,dynamic,Python Plain,29,0.20418060932445284,0,0.18,0
B,dynamic,Python Plain,30,0.2318403903654083,0,0.18,0
B,dynamic,Python Plain,31,0.3118124938002977,0,0.18,0
B,dynamic,Python Plain,32,0.34859024327846816,0,0.18,0
B,dynamic,Python Plain,33,0.382961697450369,0,0.18,0
B,dynamic,Python Plain,34,0.3486395165853484,0,0.18,0
B,dynamic,Python Plain,35,0.3537503090751373,0,0.18,0
B,dynamic,Python Plain,36,0.2801045832876146,0,0.18,0
B,dynamic,Python Plain,37,0.2532250186040388,0,0.18,0
B,dynamic,Python Plain,38,0.2634164629248987,0,0.18,0
B,dynamic,Python Plain,39,0.28415770133867446,0,0.18,0
B,dynamic,Python Plain,40,0.461723747452296,1,0.78,1
B,dynamic,Python Plain,41,0.606393738326479,1,0.78,0
B,dynamic,Python Plain,42,0.6956459627404447,1,0.78,0
B,dynamic,Python Plain,43,0.6860514030103511,1,0.78,0
B,dynamic,Python Plain,44,0.6360711778030775,1,0.78,0
B,dynamic,Python Plain,45,0.6403137356557987,0,0.78,0
B,dynamic,Python Plain,46,0.5816544392344232,1,0.78,0
B,dynamic,Python Plain,47,0.6761874757776409,1,0.78,0
B,dynamic,Python Plain,48,0.6960631394650489,1,0.78,0
B,dynamic,Python Plain,49,0.6596589365725422,0,0.78,0
B,dynamic,Python Plain,50,0.6275028148162516,1,0.78,0
B,dynamic,Python Plain,51,0.6366711304772682,1,0.78,0
B,dynamic,Python Plain,52,0.6429317076036236,0,0.78,0
B,dynamic,Python Plain,53,0.6485892222856704,1,0.78,0
B,dynamic,Python Plain,54,0.7131942456394265,1,0.78,0
B,dynamic,Python Plain,55,0.7373984916703077,1,0.78,0
B,dynamic,Python Plain,56,0.7678823994735318,0,0.78,0
B,dynamic,Python Plain,57,0.692559127302654,1,0.78,0
B,dynamic,Python Plain,58,0.6541801441583629,1,0.78,0
B,dynamic,Python Plain,59,0.6343330695239915,1,0.78,0
B,dynamic,Python Plain,60,0.7070672461477404,1,0.78,0
B,dynamic,Python Plain,61,0.7204364888137118,0,0.78,0
B,dynamic,Python Plain,62,0.6929108839371922,1,0.78,0
B,dynamic,Python Plain,63,0.7393227568406397,0,0.78,0
B,dynamic,Python Plain,64,0.7346590658759604,1,0.78,0
B,dynamic,Python Plain,65,0.7383979296122216,1,0.78,0
B,dynamic,Python Plain,66,0.7568899261267821,1,0.78,0
B,dynamic,Python Plain,67,0.7707538723125492,1,0.78,0
B,dynamic,Python Plain,68,0.7563499160725149,1,0.78,0
B,dynamic,Python Plain,69,0.7416157080823853,1,0.78,0
B,dynamic,Python Plain,70,0.6682342659173538,1,0.78,0
B,dynamic,Python Plain,71,0.6855736735719783,1,0.78,0
B,dynamic,Python Plain,72,0.6284082857608643,1,0.78,0
B,dynamic,Python Plain,73,0.6689603094901736,1,0.78,0
B,dynamic,Python Plain,74,0.709471380822609,1,0.78,0
B,dynamic,Python Plain,75,0.7541374431268599,1,0.78,0
B,dynamic,Python Plain,76,0.767551061037058,1,0.78,0
B,dynamic,Python Plain,77,0.7767107612990057,1,0.78,0
B,dynamic,Python Plain,78,0.7448425946417828,1,0.78,0
B,dynamic,Python Plain,79,0.7684133268402527,1,0.78,0
B,dynamic,Python Plain,80,0.605419758427705,1,0.35,1
B,dynamic,Python Plain,81,0.5423479579823016,0,0.35,0
B,dynamic,Python Plain,82,0.49146615758445816,0,0.35,0
B,dynamic,Python Plain,83,0.4467060956430595,1,0.35,0
B,dynamic,Python Plain,84,0.48126197323944603,1,0.35,0
B,dynamic,Python Plain,85,0.4826659857480596,0,0.35,0
B,dynamic,Python Plain,86,0.4597966241543568,1,0.35,0
B,dynamic,Python Plain,87,0.39542634640807756,0,0.35,0
B,dynamic,Python Plain,88,0.40054779574570154,0,0.35,0
B,dynamic,Python Plain,89,0.309459992391103,0,0.35,0
B,dynamic,Python Plain,90,0.32411221893948355,0,0.35,0
B,dynamic,Python Plain,91,0.3319959019511024,0,0.35,0
B,dynamic,Python Plain,92,0.3430516856391481,0,0.35,0
B,dynamic,Python Plain,93,0.33537446359871087,0,0.35,0
B,dynamic,Python Plain,94,0.38215695498749275,1,0.35,0
B,dynamic,Python Plain,95,0.3871252405684034,1,0.35,0
B,dynamic,Python State Class,0,0.44636970931976083,0,0.18,0
B,dynamic,Python State Class,1,0.3386631575384512,0,0.18,0
B,dynamic,Python State Class,2,0.3193142440806475,1,0.18,0
B,dynamic,Python State Class,3,0.26983823897259557,0,0.18,0
B,dynamic,Python State Class,4,0.26680301767493503,0,0.18,0
B,dynamic,Python State Class,5,0.3351427227205147,0,0.18,0
B,dynamic,Python State Class,6,0.3486793033823413,0,0.18,0
B,dynamic,Python State Class,7,0.3994986943282936,0,0.18,0
B,dynamic,Python State Class,8,0.33328352170561637,0,0.18,0
B,dynamic,Python State Class,9,0.2772598897651707,0,0.18,0
B,dynamic,Python State Class,10,0.25112902467038123,0,0.18,0
B,dynamic,Python State Class,11,0.2577418036698538,0,0.18,0
B,dynamic,Python State Class,12,0.24493496818043595,0,0.18,0
B,dynamic,Python State Class,13,0.22738791817136725,0,0.18,0
B,dynamic,Python State Class,14,0.23563269418982485,0,0.18,0
B,dynamic,Python State Class,15,0.25435958681597953,0,0.18,0
B,dynamic,Python State Class,16,0.2714440606223935,0,0.18,0
B,dynamic,Python State Class,17,0.2655494141055012,0,0.18,0
B,dynamic,Python State Class,18,0.3878045782094829,0,0.18,0
B,dynamic,Python State Class,19,0.40789086113498507,0,0.18,0
B,dynamic,Python State Class,20,0.41865496373112837,0,0.18,0
B,dynamic,Python State Class,21,0.342626813222857,0,0.18,0
B,dynamic,Python State Class,22,0.34009158518964844,0,0.18,0
B,dynamic,Python State Class,23,0.3042358928140599,0,0.18,0
B,dynamic,Python State Class,24,0.28665229857088736,1,0.18,0
B,dynamic,Python State Class,25,0.24606249872782013,0,0.18,0
B,dynamic,Python State Class,26,0.19626175545834634,0,0.18,0
B,dynamic,Python State Class,27,0.20193766641566496,0,0.18,0
B,dynamic,Python State Class,28,0.17667928009049805,0,0.18,0
B,dynamic,Python State Class,29,0.20418060932445284,0,0.18,0
B,dynamic,Python State Class,30,0.2318403903654083,0,0.18,0
B,dynamic,Python State Class,31,0.3118124938002977,0,0.18,0
B,dynamic,Python State Class,32,0.34859024327846816,0,0.18,0
B,dynamic,Python State Class,33,0.382961697450369,0,0.18,0
B,dynamic,Python State Class,34,0.3486395165853484,0,0.18,0
B,dynamic,Python State Class,35,0.3537503090751373,0,0.18,0
B,dynamic,Python State Class,36,0.2801045832876146,0,0.18,0
B,dynamic,Python State Class,37,0.2532250186040388,0,0.18,0
B,dynamic,Python State Class,38,0.2634164629248987,0,0.18,0
B,dynamic,Python State Class,39,0.28415770133867446,0,0.18,0
B,dynamic,Python State Class,40,0.461723747452296,1,0.78,1
B,dynamic,Python State Class,41,0.606393738326479,1,0.78,0
B,dynamic,Python State Class,42,0.6956459627404447,1,0.78,0
B,dynamic,Python State Class,43,0.6860514030103511,1,0.78,0
B,dynamic,Python State Class,44,0.6360711778030775,1,0.78,0
B,dynamic,Python State Class,45,0.6403137356557987,0,0.78,0
B,dynamic,Python State Class,46,0.5816544392344232,1,0.78,0
B,dynamic,Python State Class,47,0.6761874757776409,1,0.78,0
B,dynamic,Python State Class,48,0.6960631394650489,1,0.78,0
B,dynamic,Python State Class,49,0.6596589365725422,0,0.78,0
B,dynamic,Python State Class,50,0.6275028148162516,1,0.78,0
B,dynamic,Python State Class,51,0.6366711304772682,1,0.78,0
B,dynamic,Python State Class,52,0.6429317076036236,0,0.78,0
B,dynamic,Python State Class,53,0.6485892222856704,1,0.78,0
B,dynamic,Python State Class,54,0.7131942456394265,1,0.78,0
B,dynamic,Python State Class,55,0.7373984916703077,1,0.78,0
B,dynamic,Python State Class,56,0.7678823994735318,0,0.78,0
B,dynamic,Python State Class,57,0.692559127302654,1,0.78,0
B,dynamic,Python State Class,58,0.6541801441583629,1,0.78,0
B,dynamic,Python State Class,59,0.6343330695239915,1,0.78,0
B,dynamic,Python State Class,60,0.7070672461477404,1,0.78,0
B,dynamic,Python State Class,61,0.7204364888137118,0,0.78,0
B,dynamic,Python State Class,62,0.6929108839371922,1,0.78,0
B,dynamic,Python State Class,63,0.7393227568406397,0,0.78,0
B,dynamic,Python State Class,64,0.7346590658759604,1,0.78,0
B,dynamic,Python State Class,65,0.7383979296122216,1,0.78,0
B,dynamic,Python State Class,66,0.7568899261267821,1,0.78,0
B,dynamic,Python State Class,67,0.7707538723125492,1,0.78,0
B,dynamic,Python State Class,68,0.7563499160725149,1,0.78,0
B,dynamic,Python State Class,69,0.7416157080823853,1,0.78,0
B,dynamic,Python State Class,70,0.6682342659173538,1,0.78,0
B,dynamic,Python State Class,71,0.6855736735719783,1,0.78,0
B,dynamic,Python State Class,72,0.6284082857608643,1,0.78,0
B,dynamic,Python State Class,73,0.6689603094901736,1,0.78,0
B,dynamic,Python State Class,74,0.709471380822609,1,0.78,0
B,dynamic,Python State Class,75,0.7541374431268599,1,0.78,0
B,dynamic,Python State Class,76,0.767551061037058,1,0.78,0
B,dynamic,Python State Class,77,0.7767107612990057,1,0.78,0
B,dynamic,Python State Class,78,0.7448425946417828,1,0.78,0
B,dynamic,Python State Class,79,0.7684133268402527,1,0.78,0
B,dynamic,Python State Class,80,0.605419758427705,1,0.35,1
B,dynamic,Python State Class,81,0.5423479579823016,0,0.35,0
B,dynamic,Python State Class,82,0.49146615758445816,0,0.35,0
B,dynamic,Python State Class,83,0.4467060956430595,1,0.35,0
B,dynamic,Python State Class,84,0.48126197323944603,1,0.35,0
B,dynamic,Python State Class,85,0.4826659857480596,0,0.35,0
B,dynamic,Python State Class,86,0.4597966241543568,1,0.35,0
B,dynamic,Python State Class,87,0.39542634640807756,0,0.35,0
B,dynamic,Python State Class,88,0.40054779574570154,0,0.35,0
B,dynamic,Python State Class,89,0.309459992391103,0,0.35,0
B,dynamic,Python State Class,90,0.32411221893948355,0,0.35,0
B,dynamic,Python State Class,91,0.3319959019511024,0,0.35,0
B,dynamic,Python State Class,92,0.3430516856391481,0,0.35,0
B,dynamic,Python State Class,93,0.33537446359871087,0,0.35,0
B,dynamic,Python State Class,94,0.38215695498749275,1,0.35,0
B,dynamic,Python State Class,95,0.3871252405684034,1,0.35,0
B,dynamic,Lana,0,0.44636970932,0,0.18,0
B,dynamic,Lana,1,0.338663157538,0,0.18,0
B,dynamic,Lana,2,0.319314244081,1,0.18,0
B,dynamic,Lana,3,0.269838238973,0,0.18,0
B,dynamic,Lana,4,0.266803017675,0,0.18,0
B,dynamic,Lana,5,0.335142722721,0,0.18,0
B,dynamic,Lana,6,0.348679303382,0,0.18,0
B,dynamic,Lana,7,0.399498694328,0,0.18,0
B,dynamic,Lana,8,0.333283521706,0,0.18,0
B,dynamic,Lana,9,0.277259889765,0,0.18,0
B,dynamic,Lana,10,0.25112902467,0,0.18,0
B,dynamic,Lana,11,0.25774180367,0,0.18,0
B,dynamic,Lana,12,0.24493496818,0,0.18,0
B,dynamic,Lana,13,0.227387918171,0,0.18,0
B,dynamic,Lana,14,0.23563269419,0,0.18,0
B,dynamic,Lana,15,0.254359586816,0,0.18,0
B,dynamic,Lana,16,0.271444060622,0,0.18,0
B,dynamic,Lana,17,0.265549414106,0,0.18,0
B,dynamic,Lana,18,0.387804578209,0,0.18,0
B,dynamic,Lana,19,0.407890861135,0,0.18,0
B,dynamic,Lana,20,0.418654963731,0,0.18,0
B,dynamic,Lana,21,0.342626813223,0,0.18,0
B,dynamic,Lana,22,0.34009158519,0,0.18,0
B,dynamic,Lana,23,0.304235892814,0,0.18,0
B,dynamic,Lana,24,0.286652298571,1,0.18,0
B,dynamic,Lana,25,0.246062498728,0,0.18,0
B,dynamic,Lana,26,0.196261755458,0,0.18,0
B,dynamic,Lana,27,0.201937666416,0,0.18,0
B,dynamic,Lana,28,0.17667928009,0,0.18,0
B,dynamic,Lana,29,0.204180609324,0,0.18,0
B,dynamic,Lana,30,0.231840390365,0,0.18,0
B,dynamic,Lana,31,0.3118124938,0,0.18,0
B,dynamic,Lana,32,0.348590243278,0,0.18,0
B,dynamic,Lana,33,0.38296169745,0,0.18,0
B,dynamic,Lana,34,0.348639516585,0,0.18,0
B,dynamic,Lana,35,0.353750309075,0,0.18,0
B,dynamic,Lana,36,0.280104583288,0,0.18,0
B,dynamic,Lana,37,0.253225018604,0,0.18,0
B,dynamic,Lana,38,0.263416462925,0,0.18,0
B,dynamic,Lana,39,0.284157701339,0,0.18,0
B,dynamic,Lana,40,0.461723747452,1,0.78,1
B,dynamic,Lana,41,0.606393738326,1,0.78,0
B,dynamic,Lana,42,0.69564596274,1,0.78,0
B,dynamic,Lana,43,0.68605140301,1,0.78,0
B,dynamic,Lana,44,0.636071177803,1,0.78,0
B,dynamic,Lana,45,0.640313735656,0,0.78,0
B,dynamic,Lana,46,0.581654439234,1,0.78,0
B,dynamic,Lana,47,0.676187475778,1,0.78,0
B,dynamic,Lana,48,0.696063139465,1,0.78,0
B,dynamic,Lana,49,0.659658936573,0,0.78,0
B,dynamic,Lana,50,0.627502814816,1,0.78,0
B,dynamic,Lana,51,0.636671130477,1,0.78,0
B,dynamic,Lana,52,0.642931707604,0,0.78,0
B,dynamic,Lana,53,0.648589222286,1,0.78,0
B,dynamic,Lana,54,0.713194245639,1,0.78,0
B,dynamic,Lana,55,0.73739849167,1,0.78,0
B,dynamic,Lana,56,0.767882399474,0,0.78,0
B,dynamic,Lana,57,0.692559127303,1,0.78,0
B,dynamic,Lana,58,0.654180144158,1,0.78,0
B,dynamic,Lana,59,0.634333069524,1,0.78,0
B,dynamic,Lana,60,0.707067246148,1,0.78,0
B,dynamic,Lana,61,0.720436488814,0,0.78,0
B,dynamic,Lana,62,0.692910883937,1,0.78,0
B,dynamic,Lana,63,0.739322756841,0,0.78,0
B,dynamic,Lana,64,0.734659065876,1,0.78,0
B,dynamic,Lana,65,0.738397929612,1,0.78,0
B,dynamic,Lana,66,0.756889926127,1,0.78,0
B,dynamic,Lana,67,0.770753872313,1,0.78,0
B,dynamic,Lana,68,0.756349916073,1,0.78,0
B,dynamic,Lana,69,0.741615708082,1,0.78,0
B,dynamic,Lana,70,0.668234265917,1,0.78,0
B,dynamic,Lana,71,0.685573673572,1,0.78,0
B,dynamic,Lana,72,0.628408285761,1,0.78,0
B,dynamic,Lana,73,0.66896030949,1,0.78,0
B,dynamic,Lana,74,0.709471380823,1,0.78,0
B,dynamic,Lana,75,0.754137443127,1,0.78,0
B,dynamic,Lana,76,0.767551061037,1,0.78,0
B,dynamic,Lana,77,0.776710761299,1,0.78,0
B,dynamic,Lana,78,0.744842594642,1,0.78,0
B,dynamic,Lana,79,0.76841332684,1,0.78,0
B,dynamic,Lana,80,0.605419758428,1,0.35,1
B,dynamic,Lana,81,0.542347957982,0,0.35,0
B,dynamic,Lana,82,0.491466157584,0,0.35,0
B,dynamic,Lana,83,0.446706095643,1,0.35,0
B,dynamic,Lana,84,0.481261973239,1,0.35,0
B,dynamic,Lana,85,0.482665985748,0,0.35,0
B,dynamic,Lana,86,0.459796624154,1,0.35,0
B,dynamic,Lana,87,0.395426346408,0,0.35,0
B,dynamic,Lana,88,0.400547795746,0,0.35,0
B,dynamic,Lana,89,0.309459992391,0,0.35,0
B,dynamic,Lana,90,0.324112218939,0,0.35,0
B,dynamic,Lana,91,0.331995901951,0,0.35,0
B,dynamic,Lana,92,0.343051685639,0,0.35,0
B,dynamic,Lana,93,0.335374463599,0,0.35,0
B,dynamic,Lana,94,0.382156954987,1,0.35,0
B,dynamic,Lana,95,0.387125240568,1,0.35,0
B,fixed,Python Plain,0,0.4608673844704907,0,0.18,0
B,fixed,Python Plain,1,0.3755501684173278,0,0.18,0
B,fixed,Python Plain,2,0.3511347259707239,1,0.18,0
B,fixed,Python Plain,3,0.30551939636147957,0,0.18,0
B,fixed,Python Plain,4,0.2941225193568783,0,0.18,0
B,fixed,Python Plain,5,0.3390581568245048,0,0.18,0
B,fixed,Python Plain,6,0.3488093703541335,0,0.18,0
B,fixed,Python Plain,7,0.3876963790535509,0,0.18,0
B,fixed,Python Plain,8,0.3414239879595041,0,0.18,0
B,fixed,Python Plain,9,0.2976525609920272,0,0.18,0
B,fixed,Python Plain,10,0.27329693623648954,0,0.18,0
B,fixed,Python Plain,11,0.273642166640517,0,0.18,0
B,fixed,Python Plain,12,0.2604098108064461,0,0.18,0
B,fixed,Python Plain,13,0.24380518752070188,0,0.18,0
B,fixed,Python Plain,14,0.24643112223956656,0,0.18,0
B,fixed,Python Plain,15,0.25846078304870407,0,0.18,0
B,fixed,Python Plain,16,0.2711109956982426,0,0.18,0
B,fixed,Python Plain,17,0.2676143283388242,0,0.18,0
B,fixed,Python Plain,18,0.36048744268985994,0,0.18,0
B,fixed,Python Plain,19,0.38382125011483736,0,0.18,0
B,fixed,Python Plain,20,0.3990689202600852,0,0.18,0
B,fixed,Python Plain,21,0.3474479101766048,0,0.18,0
B,fixed,Python Plain,22,0.34495824678582987,0,0.18,0
B,fixed,Python Plain,23,0.317148724162735,0,0.18,0
B,fixed,Python Plain,24,0.30104688264345186,1,0.18,0
B,fixed,Python Plain,25,0.2672912237396066,0,0.18,0
B,fixed,Python Plain,26,0.22491575995969282,0,0.18,0
B,fixed,Python Plain,27,0.22251661623720823,0,0.18,0
B,fixed,Python Plain,28,0.19904674981915801,0,0.18,0
B,fixed,Python Plain,29,0.21490367879402217,0,0.18,0
B,fixed,Python Plain,30,0.2337994054859338,0,0.18,0
B,fixed,Python Plain,31,0.29454383140283974,0,0.18,0
B,fixed,Python Plain,32,0.32779332126695987,0,0.18,0
B,fixed,Python Plain,33,0.3593625010340903,0,0.18,0
B,fixed,Python Plain,34,0.3393781533381772,0,0.18,0
B,fixed,Python Plain,35,0.346443772394688,0,0.18,0
B,fixed,Python Plain,36,0.29336372419357715,0,0.18,0
B,fixed,Python Plain,37,0.2700994588256405,0,0.18,0
B,fixed,Python Plain,38,0.2739512975266672,0,0.18,0
B,fixed,Python Plain,39,0.28752941531077986,0,0.18,0
B,fixed,Python Plain,40,0.4213980954132515,1,0.78,1
B,fixed,Python Plain,41,0.5418649986080695,1,0.78,0
B,fixed,Python Plain,42,0.6265900768974014,1,0.78,0
B,fixed,Python Plain,43,0.6376177721560367,1,0.78,0
B,fixed,Python Plain,44,0.6120011104566424,1,0.78,0
B,fixed,Python Plain,45,0.6212263479835903,0,0.78,0
B,fixed,Python Plain,46,0.5816387377173989,1,0.78,0
B,fixed,Python Plain,47,0.652427142141579,1,0.78,0
B,fixed,Python Plain,48,0.6734450026829994,1,0.78,0
B,fixed,Python Plain,49,0.6516743751284454,0,0.78,0
B,fixed,Python Plain,50,0.6291262279921299,1,0.78,0
B,fixed,Python Plain,51,0.6351729482110704,1,0.78,0
B,fixed,Python Plain,52,0.6398437041672669,0,0.78,0
B,fixed,Python Plain,53,0.6444845559285585,1,0.78,0
B,fixed,Python Plain,54,0.6939642521231231,1,0.78,0
B,fixed,Python Plain,55,0.715995989349549,1,0.78,0
B,fixed,Python Plain,56,0.744183512962718,0,0.78,0
B,fixed,Python Plain,57,0.6928563301866805,1,0.78,0
B,fixed,Python Plain,58,0.6630521635394956,1,0.78,0
B,fixed,Python Plain,59,0.6450326877976796,1,0.78,0
B,fixed,Python Plain,60,0.6964207139047248,1,0.78,0
B,fixed,Python Plain,61,0.7086565009348658,0,0.78,0
B,fixed,Python Plain,62,0.690330369715192,1,0.78,0
B,fixed,Python Plain,63,0.7252558533705344,0,0.78,0
B,fixed,Python Plain,64,0.7246672839721724,1,0.78,0
B,fixed,Python Plain,65,0.729298056680593,1,0.78,0
B,fixed,Python Plain,66,0.7444682682228242,1,0.78,0
B,fixed,Python Plain,67,0.7574368639922214,1,0.78,0
B,fixed,Python Plain,68,0.7485784697724701,1,0.78,0
B,fixed,Python Plain,69,0.7387285677794276,1,0.78,0
B,fixed,Python Plain,70,0.6830438986498901,1,0.78,0
B,fixed,Python Plain,71,0.6913475266156199,1,0.78,0
B,fixed,Python Plain,72,0.6457312319226345,1,0.78,0
B,fixed,Python Plain,73,0.6710098714305783,1,0.78,0
B,fixed,Python Plain,74,0.700418420028007,1,0.78,0
B,fixed,Python Plain,75,0.7359143186598526,1,0.78,0
B,fixed,Python Plain,76,0.7501861948458299,1,0.78,0
B,fixed,Python Plain,77,0.7603255572605435,1,0.78,0
B,fixed,Python Plain,78,0.7398027562143019,1,0.78,0
B,fixed,Python Plain,79,0.7580454642452691,1,0.78,0
B,fixed,Python Plain,80,0.6371225854298014,1,0.35,1
B,fixed,Python Plain,81,0.5806237113948061,0,0.35,0
B,fixed,Python Plain,82,0.5318184523806951,0,0.35,0
B,fixed,Python Plain,83,0.4872981206722943,1,0.35,0
B,fixed,Python Plain,84,0.5020875807192434,1,0.35,0
B,fixed,Python Plain,85,0.49879442173723815,0,0.35,0
B,fixed,Python Plain,86,0.4771493792662419,1,0.35,0
B,fixed,Python Plain,87,0.4235425832074742,0,0.35,0
B,fixed,Python Plain,88,0.42045871945774366,0,0.35,0
B,fixed,Python Plain,89,0.3462169450098119,0,0.35,0
B,fixed,Python Plain,90,0.34754150668759826,0,0.35,0
B,fixed,Python Plain,91,0.34751381265418774,0,0.35,0
B,fixed,Python Plain,92,0.35211180881970067,0,0.35,0
B,fixed,Python Plain,93,0.3443516570925989,0,0.35,0
B,fixed,Python Plain,94,0.3777615546107437,1,0.35,0
B,fixed,Python Plain,95,0.38316369279284834,1,0.35,0
B,fixed,Python State Class,0,0.4608673844704907,0,0.18,0
B,fixed,Python State Class,1,0.3755501684173278,0,0.18,0
B,fixed,Python State Class,2,0.3511347259707239,1,0.18,0
B,fixed,Python State Class,3,0.30551939636147957,0,0.18,0
B,fixed,Python State Class,4,0.2941225193568783,0,0.18,0
B,fixed,Python State Class,5,0.3390581568245048,0,0.18,0
B,fixed,Python State Class,6,0.3488093703541335,0,0.18,0
B,fixed,Python State Class,7,0.3876963790535509,0,0.18,0
B,fixed,Python State Class,8,0.3414239879595041,0,0.18,0
B,fixed,Python State Class,9,0.2976525609920272,0,0.18,0
B,fixed,Python State Class,10,0.27329693623648954,0,0.18,0
B,fixed,Python State Class,11,0.273642166640517,0,0.18,0
B,fixed,Python State Class,12,0.2604098108064461,0,0.18,0
B,fixed,Python State Class,13,0.24380518752070188,0,0.18,0
B,fixed,Python State Class,14,0.24643112223956656,0,0.18,0
B,fixed,Python State Class,15,0.25846078304870407,0,0.18,0
B,fixed,Python State Class,16,0.2711109956982426,0,0.18,0
B,fixed,Python State Class,17,0.2676143283388242,0,0.18,0
B,fixed,Python State Class,18,0.36048744268985994,0,0.18,0
B,fixed,Python State Class,19,0.38382125011483736,0,0.18,0
B,fixed,Python State Class,20,0.3990689202600852,0,0.18,0
B,fixed,Python State Class,21,0.3474479101766048,0,0.18,0
B,fixed,Python State Class,22,0.34495824678582987,0,0.18,0
B,fixed,Python State Class,23,0.317148724162735,0,0.18,0
B,fixed,Python State Class,24,0.30104688264345186,1,0.18,0
B,fixed,Python State Class,25,0.2672912237396066,0,0.18,0
B,fixed,Python State Class,26,0.22491575995969282,0,0.18,0
B,fixed,Python State Class,27,0.22251661623720823,0,0.18,0
B,fixed,Python State Class,28,0.19904674981915801,0,0.18,0
B,fixed,Python State Class,29,0.21490367879402217,0,0.18,0
B,fixed,Python State Class,30,0.2337994054859338,0,0.18,0
B,fixed,Python State Class,31,0.29454383140283974,0,0.18,0
B,fixed,Python State Class,32,0.32779332126695987,0,0.18,0
B,fixed,Python State Class,33,0.3593625010340903,0,0.18,0
B,fixed,Python State Class,34,0.3393781533381772,0,0.18,0
B,fixed,Python State Class,35,0.346443772394688,0,0.18,0
B,fixed,Python State Class,36,0.29336372419357715,0,0.18,0
B,fixed,Python State Class,37,0.2700994588256405,0,0.18,0
B,fixed,Python State Class,38,0.2739512975266672,0,0.18,0
B,fixed,Python State Class,39,0.28752941531077986,0,0.18,0
B,fixed,Python State Class,40,0.4213980954132515,1,0.78,1
B,fixed,Python State Class,41,0.5418649986080695,1,0.78,0
B,fixed,Python State Class,42,0.6265900768974014,1,0.78,0
B,fixed,Python State Class,43,0.6376177721560367,1,0.78,0
B,fixed,Python State Class,44,0.6120011104566424,1,0.78,0
B,fixed,Python State Class,45,0.6212263479835903,0,0.78,0
B,fixed,Python State Class,46,0.5816387377173989,1,0.78,0
B,fixed,Python State Class,47,0.652427142141579,1,0.78,0
B,fixed,Python State Class,48,0.6734450026829994,1,0.78,0
B,fixed,Python State Class,49,0.6516743751284454,0,0.78,0
B,fixed,Python State Class,50,0.6291262279921299,1,0.78,0
B,fixed,Python State Class,51,0.6351729482110704,1,0.78,0
B,fixed,Python State Class,52,0.6398437041672669,0,0.78,0
B,fixed,Python State Class,53,0.6444845559285585,1,0.78,0
B,fixed,Python State Class,54,0.6939642521231231,1,0.78,0
B,fixed,Python State Class,55,0.715995989349549,1,0.78,0
B,fixed,Python State Class,56,0.744183512962718,0,0.78,0
B,fixed,Python State Class,57,0.6928563301866805,1,0.78,0
B,fixed,Python State Class,58,0.6630521635394956,1,0.78,0
B,fixed,Python State Class,59,0.6450326877976796,1,0.78,0
B,fixed,Python State Class,60,0.6964207139047248,1,0.78,0
B,fixed,Python State Class,61,0.7086565009348658,0,0.78,0
B,fixed,Python State Class,62,0.690330369715192,1,0.78,0
B,fixed,Python State Class,63,0.7252558533705344,0,0.78,0
B,fixed,Python State Class,64,0.7246672839721724,1,0.78,0
B,fixed,Python State Class,65,0.729298056680593,1,0.78,0
B,fixed,Python State Class,66,0.7444682682228242,1,0.78,0
B,fixed,Python State Class,67,0.7574368639922214,1,0.78,0
B,fixed,Python State Class,68,0.7485784697724701,1,0.78,0
B,fixed,Python State Class,69,0.7387285677794276,1,0.78,0
B,fixed,Python State Class,70,0.6830438986498901,1,0.78,0
B,fixed,Python State Class,71,0.6913475266156199,1,0.78,0
B,fixed,Python State Class,72,0.6457312319226345,1,0.78,0
B,fixed,Python State Class,73,0.6710098714305783,1,0.78,0
B,fixed,Python State Class,74,0.700418420028007,1,0.78,0
B,fixed,Python State Class,75,0.7359143186598526,1,0.78,0
B,fixed,Python State Class,76,0.7501861948458299,1,0.78,0
B,fixed,Python State Class,77,0.7603255572605435,1,0.78,0
B,fixed,Python State Class,78,0.7398027562143019,1,0.78,0
B,fixed,Python State Class,79,0.7580454642452691,1,0.78,0
B,fixed,Python State Class,80,0.6371225854298014,1,0.35,1
B,fixed,Python State Class,81,0.5806237113948061,0,0.35,0
B,fixed,Python State Class,82,0.5318184523806951,0,0.35,0
B,fixed,Python State Class,83,0.4872981206722943,1,0.35,0
B,fixed,Python State Class,84,0.5020875807192434,1,0.35,0
B,fixed,Python State Class,85,0.49879442173723815,0,0.35,0
B,fixed,Python State Class,86,0.4771493792662419,1,0.35,0
B,fixed,Python State Class,87,0.4235425832074742,0,0.35,0
B,fixed,Python State Class,88,0.42045871945774366,0,0.35,0
B,fixed,Python State Class,89,0.3462169450098119,0,0.35,0
B,fixed,Python State Class,90,0.34754150668759826,0,0.35,0
B,fixed,Python State Class,91,0.34751381265418774,0,0.35,0
B,fixed,Python State Class,92,0.35211180881970067,0,0.35,0
B,fixed,Python State Class,93,0.3443516570925989,0,0.35,0
B,fixed,Python State Class,94,0.3777615546107437,1,0.35,0
B,fixed,Python State Class,95,0.38316369279284834,1,0.35,0
B,fixed,Lana,0,0.46086738447,0,0.18,0
B,fixed,Lana,1,0.375550168417,0,0.18,0
B,fixed,Lana,2,0.351134725971,1,0.18,0
B,fixed,Lana,3,0.305519396361,0,0.18,0
B,fixed,Lana,4,0.294122519357,0,0.18,0
B,fixed,Lana,5,0.339058156825,0,0.18,0
B,fixed,Lana,6,0.348809370354,0,0.18,0
B,fixed,Lana,7,0.387696379054,0,0.18,0
B,fixed,Lana,8,0.34142398796,0,0.18,0
B,fixed,Lana,9,0.297652560992,0,0.18,0
B,fixed,Lana,10,0.273296936236,0,0.18,0
B,fixed,Lana,11,0.273642166641,0,0.18,0
B,fixed,Lana,12,0.260409810806,0,0.18,0
B,fixed,Lana,13,0.243805187521,0,0.18,0
B,fixed,Lana,14,0.24643112224,0,0.18,0
B,fixed,Lana,15,0.258460783049,0,0.18,0
B,fixed,Lana,16,0.271110995698,0,0.18,0
B,fixed,Lana,17,0.267614328339,0,0.18,0
B,fixed,Lana,18,0.36048744269,0,0.18,0
B,fixed,Lana,19,0.383821250115,0,0.18,0
B,fixed,Lana,20,0.39906892026,0,0.18,0
B,fixed,Lana,21,0.347447910177,0,0.18,0
B,fixed,Lana,22,0.344958246786,0,0.18,0
B,fixed,Lana,23,0.317148724163,0,0.18,0
B,fixed,Lana,24,0.301046882643,1,0.18,0
B,fixed,Lana,25,0.26729122374,0,0.18,0
B,fixed,Lana,26,0.22491575996,0,0.18,0
B,fixed,Lana,27,0.222516616237,0,0.18,0
B,fixed,Lana,28,0.199046749819,0,0.18,0
B,fixed,Lana,29,0.214903678794,0,0.18,0
B,fixed,Lana,30,0.233799405486,0,0.18,0
B,fixed,Lana,31,0.294543831403,0,0.18,0
B,fixed,Lana,32,0.327793321267,0,0.18,0
B,fixed,Lana,33,0.359362501034,0,0.18,0
B,fixed,Lana,34,0.339378153338,0,0.18,0
B,fixed,Lana,35,0.346443772395,0,0.18,0
B,fixed,Lana,36,0.293363724194,0,0.18,0
B,fixed,Lana,37,0.270099458826,0,0.18,0
B,fixed,Lana,38,0.273951297527,0,0.18,0
B,fixed,Lana,39,0.287529415311,0,0.18,0
B,fixed,Lana,40,0.421398095413,1,0.78,1
B,fixed,Lana,41,0.541864998608,1,0.78,0
B,fixed,Lana,42,0.626590076897,1,0.78,0
B,fixed,Lana,43,0.637617772156,1,0.78,0
B,fixed,Lana,44,0.612001110457,1,0.78,0
B,fixed,Lana,45,0.621226347984,0,0.78,0
B,fixed,Lana,46,0.581638737717,1,0.78,0
B,fixed,Lana,47,0.652427142142,1,0.78,0
B,fixed,Lana,48,0.673445002683,1,0.78,0
B,fixed,Lana,49,0.651674375128,0,0.78,0
B,fixed,Lana,50,0.629126227992,1,0.78,0
B,fixed,Lana,51,0.635172948211,1,0.78,0
B,fixed,Lana,52,0.639843704167,0,0.78,0
B,fixed,Lana,53,0.644484555929,1,0.78,0
B,fixed,Lana,54,0.693964252123,1,0.78,0
B,fixed,Lana,55,0.71599598935,1,0.78,0
B,fixed,Lana,56,0.744183512963,0,0.78,0
B,fixed,Lana,57,0.692856330187,1,0.78,0
B,fixed,Lana,58,0.663052163539,1,0.78,0
B,fixed,Lana,59,0.645032687798,1,0.78,0
B,fixed,Lana,60,0.696420713905,1,0.78,0
B,fixed,Lana,61,0.708656500935,0,0.78,0
B,fixed,Lana,62,0.690330369715,1,0.78,0
B,fixed,Lana,63,0.725255853371,0,0.78,0
B,fixed,Lana,64,0.724667283972,1,0.78,0
B,fixed,Lana,65,0.729298056681,1,0.78,0
B,fixed,Lana,66,0.744468268223,1,0.78,0
B,fixed,Lana,67,0.757436863992,1,0.78,0
B,fixed,Lana,68,0.748578469772,1,0.78,0
B,fixed,Lana,69,0.738728567779,1,0.78,0
B,fixed,Lana,70,0.68304389865,1,0.78,0
B,fixed,Lana,71,0.691347526616,1,0.78,0
B,fixed,Lana,72,0.645731231923,1,0.78,0
B,fixed,Lana,73,0.671009871431,1,0.78,0
B,fixed,Lana,74,0.700418420028,1,0.78,0
B,fixed,Lana,75,0.73591431866,1,0.78,0
B,fixed,Lana,76,0.750186194846,1,0.78,0
B,fixed,Lana,77,0.760325557261,1,0.78,0
B,fixed,Lana,78,0.739802756214,1,0.78,0
B,fixed,Lana,79,0.758045464245,1,0.78,0
B,fixed,Lana,80,0.63712258543,1,0.35,1
B,fixed,Lana,81,0.580623711395,0,0.35,0
B,fixed,Lana,82,0.531818452381,0,0.35,0
B,fixed,Lana,83,0.487298120672,1,0.35,0
B,fixed,Lana,84,0.502087580719,1,0.35,0
B,fixed,Lana,85,0.498794421737,0,0.35,0
B,fixed,Lana,86,0.477149379266,1,0.35,0
B,fixed,Lana,87,0.423542583207,0,0.35,0
B,fixed,Lana,88,0.420458719458,0,0.35,0
B,fixed,Lana,89,0.34621694501,0,0.35,0
B,fixed,Lana,90,0.347541506688,0,0.35,0
B,fixed,Lana,91,0.347513812654,0,0.35,0
B,fixed,Lana,92,0.35211180882,0,0.35,0
B,fixed,Lana,93,0.344351657093,0,0.35,0
B,fixed,Lana,94,0.377761554611,1,0.35,0
B,fixed,Lana,95,0.383163692793,1,0.35,0
B,zero,Python Plain,0,0.5,0,0.18,0
B,zero,Python Plain,1,0.5,0,0.18,0
B,zero,Python Plain,2,0.5,1,0.18,0
B,zero,Python Plain,3,0.5,0,0.18,0
B,zero,Python Plain,4,0.5,0,0.18,0
B,zero,Python Plain,5,0.5,0,0.18,0
B,zero,Python Plain,6,0.5,0,0.18,0
B,zero,Python Plain,7,0.5,0,0.18,0
B,zero,Python Plain,8,0.5,0,0.18,0
B,zero,Python Plain,9,0.5,0,0.18,0
B,zero,Python Plain,10,0.5,0,0.18,0
B,zero,Python Plain,11,0.5,0,0.18,0
B,zero,Python Plain,12,0.5,0,0.18,0
B,zero,Python Plain,13,0.5,0,0.18,0
B,zero,Python Plain,14,0.5,0,0.18,0
B,zero,Python Plain,15,0.5,0,0.18,0
B,zero,Python Plain,16,0.5,0,0.18,0
B,zero,Python Plain,17,0.5,0,0.18,0
B,zero,Python Plain,18,0.5,0,0.18,0
B,zero,Python Plain,19,0.5,0,0.18,0
B,zero,Python Plain,20,0.5,0,0.18,0
B,zero,Python Plain,21,0.5,0,0.18,0
B,zero,Python Plain,22,0.5,0,0.18,0
B,zero,Python Plain,23,0.5,0,0.18,0
B,zero,Python Plain,24,0.5,1,0.18,0
B,zero,Python Plain,25,0.5,0,0.18,0
B,zero,Python Plain,26,0.5,0,0.18,0
B,zero,Python Plain,27,0.5,0,0.18,0
B,zero,Python Plain,28,0.5,0,0.18,0
B,zero,Python Plain,29,0.5,0,0.18,0
B,zero,Python Plain,30,0.5,0,0.18,0
B,zero,Python Plain,31,0.5,0,0.18,0
B,zero,Python Plain,32,0.5,0,0.18,0
B,zero,Python Plain,33,0.5,0,0.18,0
B,zero,Python Plain,34,0.5,0,0.18,0
B,zero,Python Plain,35,0.5,0,0.18,0
B,zero,Python Plain,36,0.5,0,0.18,0
B,zero,Python Plain,37,0.5,0,0.18,0
B,zero,Python Plain,38,0.5,0,0.18,0
B,zero,Python Plain,39,0.5,0,0.18,0
B,zero,Python Plain,40,0.5,1,0.78,1
B,zero,Python Plain,41,0.5,1,0.78,0
B,zero,Python Plain,42,0.5,1,0.78,0
B,zero,Python Plain,43,0.5,1,0.78,0
B,zero,Python Plain,44,0.5,1,0.78,0
B,zero,Python Plain,45,0.5,0,0.78,0
B,zero,Python Plain,46,0.5,1,0.78,0
B,zero,Python Plain,47,0.5,1,0.78,0
B,zero,Python Plain,48,0.5,1,0.78,0
B,zero,Python Plain,49,0.5,0,0.78,0
B,zero,Python Plain,50,0.5,1,0.78,0
B,zero,Python Plain,51,0.5,1,0.78,0
B,zero,Python Plain,52,0.5,0,0.78,0
B,zero,Python Plain,53,0.5,1,0.78,0
B,zero,Python Plain,54,0.5,1,0.78,0
B,zero,Python Plain,55,0.5,1,0.78,0
B,zero,Python Plain,56,0.5,0,0.78,0
B,zero,Python Plain,57,0.5,1,0.78,0
B,zero,Python Plain,58,0.5,1,0.78,0
B,zero,Python Plain,59,0.5,1,0.78,0
B,zero,Python Plain,60,0.5,1,0.78,0
B,zero,Python Plain,61,0.5,0,0.78,0
B,zero,Python Plain,62,0.5,1,0.78,0
B,zero,Python Plain,63,0.5,0,0.78,0
B,zero,Python Plain,64,0.5,1,0.78,0
B,zero,Python Plain,65,0.5,1,0.78,0
B,zero,Python Plain,66,0.5,1,0.78,0
B,zero,Python Plain,67,0.5,1,0.78,0
B,zero,Python Plain,68,0.5,1,0.78,0
B,zero,Python Plain,69,0.5,1,0.78,0
B,zero,Python Plain,70,0.5,1,0.78,0
B,zero,Python Plain,71,0.5,1,0.78,0
B,zero,Python Plain,72,0.5,1,0.78,0
B,zero,Python Plain,73,0.5,1,0.78,0
B,zero,Python Plain,74,0.5,1,0.78,0
B,zero,Python Plain,75,0.5,1,0.78,0
B,zero,Python Plain,76,0.5,1,0.78,0
B,zero,Python Plain,77,0.5,1,0.78,0
B,zero,Python Plain,78,0.5,1,0.78,0
B,zero,Python Plain,79,0.5,1,0.78,0
B,zero,Python Plain,80,0.5,1,0.35,1
B,zero,Python Plain,81,0.5,0,0.35,0
B,zero,Python Plain,82,0.5,0,0.35,0
B,zero,Python Plain,83,0.5,1,0.35,0
B,zero,Python Plain,84,0.5,1,0.35,0
B,zero,Python Plain,85,0.5,0,0.35,0
B,zero,Python Plain,86,0.5,1,0.35,0
B,zero,Python Plain,87,0.5,0,0.35,0
B,zero,Python Plain,88,0.5,0,0.35,0
B,zero,Python Plain,89,0.5,0,0.35,0
B,zero,Python Plain,90,0.5,0,0.35,0
B,zero,Python Plain,91,0.5,0,0.35,0
B,zero,Python Plain,92,0.5,0,0.35,0
B,zero,Python Plain,93,0.5,0,0.35,0
B,zero,Python Plain,94,0.5,1,0.35,0
B,zero,Python Plain,95,0.5,1,0.35,0
B,zero,Python State Class,0,0.5,0,0.18,0
B,zero,Python State Class,1,0.5,0,0.18,0
B,zero,Python State Class,2,0.5,1,0.18,0
B,zero,Python State Class,3,0.5,0,0.18,0
B,zero,Python State Class,4,0.5,0,0.18,0
B,zero,Python State Class,5,0.5,0,0.18,0
B,zero,Python State Class,6,0.5,0,0.18,0
B,zero,Python State Class,7,0.5,0,0.18,0
B,zero,Python State Class,8,0.5,0,0.18,0
B,zero,Python State Class,9,0.5,0,0.18,0
B,zero,Python State Class,10,0.5,0,0.18,0
B,zero,Python State Class,11,0.5,0,0.18,0
B,zero,Python State Class,12,0.5,0,0.18,0
B,zero,Python State Class,13,0.5,0,0.18,0
B,zero,Python State Class,14,0.5,0,0.18,0
B,zero,Python State Class,15,0.5,0,0.18,0
B,zero,Python State Class,16,0.5,0,0.18,0
B,zero,Python State Class,17,0.5,0,0.18,0
B,zero,Python State Class,18,0.5,0,0.18,0
B,zero,Python State Class,19,0.5,0,0.18,0
B,zero,Python State Class,20,0.5,0,0.18,0
B,zero,Python State Class,21,0.5,0,0.18,0
B,zero,Python State Class,22,0.5,0,0.18,0
B,zero,Python State Class,23,0.5,0,0.18,0
B,zero,Python State Class,24,0.5,1,0.18,0
B,zero,Python State Class,25,0.5,0,0.18,0
B,zero,Python State Class,26,0.5,0,0.18,0
B,zero,Python State Class,27,0.5,0,0.18,0
B,zero,Python State Class,28,0.5,0,0.18,0
B,zero,Python State Class,29,0.5,0,0.18,0
B,zero,Python State Class,30,0.5,0,0.18,0
B,zero,Python State Class,31,0.5,0,0.18,0
B,zero,Python State Class,32,0.5,0,0.18,0
B,zero,Python State Class,33,0.5,0,0.18,0
B,zero,Python State Class,34,0.5,0,0.18,0
B,zero,Python State Class,35,0.5,0,0.18,0
B,zero,Python State Class,36,0.5,0,0.18,0
B,zero,Python State Class,37,0.5,0,0.18,0
B,zero,Python State Class,38,0.5,0,0.18,0
B,zero,Python State Class,39,0.5,0,0.18,0
B,zero,Python State Class,40,0.5,1,0.78,1
B,zero,Python State Class,41,0.5,1,0.78,0
B,zero,Python State Class,42,0.5,1,0.78,0
B,zero,Python State Class,43,0.5,1,0.78,0
B,zero,Python State Class,44,0.5,1,0.78,0
B,zero,Python State Class,45,0.5,0,0.78,0
B,zero,Python State Class,46,0.5,1,0.78,0
B,zero,Python State Class,47,0.5,1,0.78,0
B,zero,Python State Class,48,0.5,1,0.78,0
B,zero,Python State Class,49,0.5,0,0.78,0
B,zero,Python State Class,50,0.5,1,0.78,0
B,zero,Python State Class,51,0.5,1,0.78,0
B,zero,Python State Class,52,0.5,0,0.78,0
B,zero,Python State Class,53,0.5,1,0.78,0
B,zero,Python State Class,54,0.5,1,0.78,0
B,zero,Python State Class,55,0.5,1,0.78,0
B,zero,Python State Class,56,0.5,0,0.78,0
B,zero,Python State Class,57,0.5,1,0.78,0
B,zero,Python State Class,58,0.5,1,0.78,0
B,zero,Python State Class,59,0.5,1,0.78,0
B,zero,Python State Class,60,0.5,1,0.78,0
B,zero,Python State Class,61,0.5,0,0.78,0
B,zero,Python State Class,62,0.5,1,0.78,0
B,zero,Python State Class,63,0.5,0,0.78,0
B,zero,Python State Class,64,0.5,1,0.78,0
B,zero,Python State Class,65,0.5,1,0.78,0
B,zero,Python State Class,66,0.5,1,0.78,0
B,zero,Python State Class,67,0.5,1,0.78,0
B,zero,Python State Class,68,0.5,1,0.78,0
B,zero,Python State Class,69,0.5,1,0.78,0
B,zero,Python State Class,70,0.5,1,0.78,0
B,zero,Python State Class,71,0.5,1,0.78,0
B,zero,Python State Class,72,0.5,1,0.78,0
B,zero,Python State Class,73,0.5,1,0.78,0
B,zero,Python State Class,74,0.5,1,0.78,0
B,zero,Python State Class,75,0.5,1,0.78,0
B,zero,Python State Class,76,0.5,1,0.78,0
B,zero,Python State Class,77,0.5,1,0.78,0
B,zero,Python State Class,78,0.5,1,0.78,0
B,zero,Python State Class,79,0.5,1,0.78,0
B,zero,Python State Class,80,0.5,1,0.35,1
B,zero,Python State Class,81,0.5,0,0.35,0
B,zero,Python State Class,82,0.5,0,0.35,0
B,zero,Python State Class,83,0.5,1,0.35,0
B,zero,Python State Class,84,0.5,1,0.35,0
B,zero,Python State Class,85,0.5,0,0.35,0
B,zero,Python State Class,86,0.5,1,0.35,0
B,zero,Python State Class,87,0.5,0,0.35,0
B,zero,Python State Class,88,0.5,0,0.35,0
B,zero,Python State Class,89,0.5,0,0.35,0
B,zero,Python State Class,90,0.5,0,0.35,0
B,zero,Python State Class,91,0.5,0,0.35,0
B,zero,Python State Class,92,0.5,0,0.35,0
B,zero,Python State Class,93,0.5,0,0.35,0
B,zero,Python State Class,94,0.5,1,0.35,0
B,zero,Python State Class,95,0.5,1,0.35,0
B,zero,Lana,0,0.5,0,0.18,0
B,zero,Lana,1,0.5,0,0.18,0
B,zero,Lana,2,0.5,1,0.18,0
B,zero,Lana,3,0.5,0,0.18,0
B,zero,Lana,4,0.5,0,0.18,0
B,zero,Lana,5,0.5,0,0.18,0
B,zero,Lana,6,0.5,0,0.18,0
B,zero,Lana,7,0.5,0,0.18,0
B,zero,Lana,8,0.5,0,0.18,0
B,zero,Lana,9,0.5,0,0.18,0
B,zero,Lana,10,0.5,0,0.18,0
B,zero,Lana,11,0.5,0,0.18,0
B,zero,Lana,12,0.5,0,0.18,0
B,zero,Lana,13,0.5,0,0.18,0
B,zero,Lana,14,0.5,0,0.18,0
B,zero,Lana,15,0.5,0,0.18,0
B,zero,Lana,16,0.5,0,0.18,0
B,zero,Lana,17,0.5,0,0.18,0
B,zero,Lana,18,0.5,0,0.18,0
B,zero,Lana,19,0.5,0,0.18,0
B,zero,Lana,20,0.5,0,0.18,0
B,zero,Lana,21,0.5,0,0.18,0
B,zero,Lana,22,0.5,0,0.18,0
B,zero,Lana,23,0.5,0,0.18,0
B,zero,Lana,24,0.5,1,0.18,0
B,zero,Lana,25,0.5,0,0.18,0
B,zero,Lana,26,0.5,0,0.18,0
B,zero,Lana,27,0.5,0,0.18,0
B,zero,Lana,28,0.5,0,0.18,0
B,zero,Lana,29,0.5,0,0.18,0
B,zero,Lana,30,0.5,0,0.18,0
B,zero,Lana,31,0.5,0,0.18,0
B,zero,Lana,32,0.5,0,0.18,0
B,zero,Lana,33,0.5,0,0.18,0
B,zero,Lana,34,0.5,0,0.18,0
B,zero,Lana,35,0.5,0,0.18,0
B,zero,Lana,36,0.5,0,0.18,0
B,zero,Lana,37,0.5,0,0.18,0
B,zero,Lana,38,0.5,0,0.18,0
B,zero,Lana,39,0.5,0,0.18,0
B,zero,Lana,40,0.5,1,0.78,1
B,zero,Lana,41,0.5,1,0.78,0
B,zero,Lana,42,0.5,1,0.78,0
B,zero,Lana,43,0.5,1,0.78,0
B,zero,Lana,44,0.5,1,0.78,0
B,zero,Lana,45,0.5,0,0.78,0
B,zero,Lana,46,0.5,1,0.78,0
B,zero,Lana,47,0.5,1,0.78,0
B,zero,Lana,48,0.5,1,0.78,0
B,zero,Lana,49,0.5,0,0.78,0
B,zero,Lana,50,0.5,1,0.78,0
B,zero,Lana,51,0.5,1,0.78,0
B,zero,Lana,52,0.5,0,0.78,0
B,zero,Lana,53,0.5,1,0.78,0
B,zero,Lana,54,0.5,1,0.78,0
B,zero,Lana,55,0.5,1,0.78,0
B,zero,Lana,56,0.5,0,0.78,0
B,zero,Lana,57,0.5,1,0.78,0
B,zero,Lana,58,0.5,1,0.78,0
B,zero,Lana,59,0.5,1,0.78,0
B,zero,Lana,60,0.5,1,0.78,0
B,zero,Lana,61,0.5,0,0.78,0
B,zero,Lana,62,0.5,1,0.78,0
B,zero,Lana,63,0.5,0,0.78,0
B,zero,Lana,64,0.5,1,0.78,0
B,zero,Lana,65,0.5,1,0.78,0
B,zero,Lana,66,0.5,1,0.78,0
B,zero,Lana,67,0.5,1,0.78,0
B,zero,Lana,68,0.5,1,0.78,0
B,zero,Lana,69,0.5,1,0.78,0
B,zero,Lana,70,0.5,1,0.78,0
B,zero,Lana,71,0.5,1,0.78,0
B,zero,Lana,72,0.5,1,0.78,0
B,zero,Lana,73,0.5,1,0.78,0
B,zero,Lana,74,0.5,1,0.78,0
B,zero,Lana,75,0.5,1,0.78,0
B,zero,Lana,76,0.5,1,0.78,0
B,zero,Lana,77,0.5,1,0.78,0
B,zero,Lana,78,0.5,1,0.78,0
B,zero,Lana,79,0.5,1,0.78,0
B,zero,Lana,80,0.5,1,0.35,1
B,zero,Lana,81,0.5,0,0.35,0
B,zero,Lana,82,0.5,0,0.35,0
B,zero,Lana,83,0.5,1,0.35,0
B,zero,Lana,84,0.5,1,0.35,0
B,zero,Lana,85,0.5,0,0.35,0
B,zero,Lana,86,0.5,1,0.35,0
B,zero,Lana,87,0.5,0,0.35,0
B,zero,Lana,88,0.5,0,0.35,0
B,zero,Lana,89,0.5,0,0.35,0
B,zero,Lana,90,0.5,0,0.35,0
B,zero,Lana,91,0.5,0,0.35,0
B,zero,Lana,92,0.5,0,0.35,0
B,zero,Lana,93,0.5,0,0.35,0
B,zero,Lana,94,0.5,1,0.35,0
B,zero,Lana,95,0.5,1,0.35,0
B,p_only,Python p-only,0,0.44145087344764633,0,0.18,0
B,p_only,Python p-only,1,0.35928347735997784,0,0.18,0
B,p_only,Python p-only,2,0.33869690273616976,1,0.18,0
B,p_only,Python p-only,3,0.29480404962463913,0,0.18,0
B,p_only,Python p-only,4,0.2858799271660837,0,0.18,0
B,p_only,Python p-only,5,0.3354441809575083,0,0.18,0
B,p_only,Python p-only,6,0.34667962484795234,0,0.18,0
B,p_only,Python p-only,7,0.38856043809511726,0,0.18,0
B,p_only,Python p-only,8,0.3388290104009511,0,0.18,0
B,p_only,Python p-only,9,0.29246537326328514,0,0.18,0
B,p_only,Python p-only,10,0.267475878630061,0,0.18,0
B,p_only,Python p-only,11,0.2689661264370312,0,0.18,0
B,p_only,Python p-only,12,0.25656042221015457,0,0.18,0
B,p_only,Python p-only,13,0.240321134216334,0,0.18,0
B,p_only,Python p-only,14,0.24390831928735457,0,0.18,0
B,p_only,Python p-only,15,0.25674257314546345,0,0.18,0
B,p_only,Python p-only,16,0.27001574006635554,0,0.18,0
B,p_only,Python p-only,17,0.26474163768765424,0,0.18,0
B,p_only,Python p-only,18,0.3607388887704629,0,0.18,0
B,p_only,Python p-only,19,0.38465873706569215,0,0.18,0
B,p_only,Python p-only,20,0.400156033803215,0,0.18,0
B,p_only,Python p-only,21,0.3461151352961139,0,0.18,0
B,p_only,Python p-only,22,0.34328602261372887,0,0.18,0
B,p_only,Python p-only,23,0.31444572911294444,0,0.18,0
B,p_only,Python p-only,24,0.2980783901521263,1,0.18,0
B,p_only,Python p-only,25,0.262933248730289,0,0.18,0
B,p_only,Python p-only,26,0.21875716967526798,0,0.18,0
B,p_only,Python p-only,27,0.21767571768261307,0,0.18,0
B,p_only,Python p-only,28,0.1934524093329525,0,0.18,0
B,p_only,Python p-only,29,0.2118885568078384,0,0.18,0
B,p_only,Python p-only,30,0.23212982445099162,0,0.18,0
B,p_only,Python p-only,31,0.29537438911803865,0,0.18,0
B,p_only,Python p-only,32,0.3296201913364174,0,0.18,0
B,p_only,Python p-only,33,0.3641215500336703,0,0.18,0
B,p_only,Python p-only,34,0.3361485238827008,0,0.18,0
B,p_only,Python p-only,35,0.34424058491588605,0,0.18,0
B,p_only,Python p-only,36,0.29047891976973494,0,0.18,0
B,p_only,Python p-only,37,0.26728738478989666,0,0.18,0
B,p_only,Python p-only,38,0.27197080896422654,0,0.18,0
B,p_only,Python p-only,39,0.2865281987266737,0,0.18,0
B,p_only,Python p-only,40,0.42656080311851796,1,0.78,1
B,p_only,Python p-only,41,0.5515315415125311,1,0.78,0
B,p_only,Python p-only,42,0.6382082855451802,1,0.78,0
B,p_only,Python p-only,43,0.6466500003537557,1,0.78,0
B,p_only,Python p-only,44,0.6145147266563402,1,0.78,0
B,p_only,Python p-only,45,0.623844463423185,0,0.78,0
B,p_only,Python p-only,46,0.5803760370632587,1,0.78,0
B,p_only,Python p-only,47,0.6575782073231365,1,0.78,0
B,p_only,Python p-only,48,0.6778453515206432,1,0.78,0
B,p_only,Python p-only,49,0.6540794706745552,0,0.78,0
B,p_only,Python p-only,50,0.6299671464706825,1,0.78,0
B,p_only,Python p-only,51,0.6381281225348028,1,0.78,0
B,p_only,Python p-only,52,0.6420310045885089,0,0.78,0
B,p_only,Python p-only,53,0.6461620789002602,1,0.78,0
B,p_only,Python p-only,54,0.6963870463690873,1,0.78,0
B,p_only,Python p-only,55,0.7212289259717948,1,0.78,0
B,p_only,Python p-only,56,0.748972681769707,0,0.78,0
B,p_only,Python p-only,57,0.6942479831245648,1,0.78,0
B,p_only,Python p-only,58,0.6627564045174904,1,0.78,0
B,p_only,Python p-only,59,0.6439924110314675,1,0.78,0
B,p_only,Python p-only,60,0.6986717913582204,1,0.78,0
B,p_only,Python p-only,61,0.7111838594179452,0,0.78,0
B,p_only,Python p-only,62,0.6911063157008958,1,0.78,0
B,p_only,Python p-only,63,0.7285460136333322,0,0.78,0
B,p_only,Python p-only,64,0.7272188993229358,1,0.78,0
B,p_only,Python p-only,65,0.731779448185146,1,0.78,0
B,p_only,Python p-only,66,0.7483778712998664,1,0.78,0
B,p_only,Python p-only,67,0.7608306097843488,1,0.78,0
B,p_only,Python p-only,68,0.749199606670821,1,0.78,0
B,p_only,Python p-only,69,0.7391162738711197,1,0.78,0
B,p_only,Python p-only,70,0.682541480753245,1,0.78,0
B,p_only,Python p-only,71,0.6912147877017705,1,0.78,0
B,p_only,Python p-only,72,0.644542582105295,1,0.78,0
B,p_only,Python p-only,73,0.6709650425271406,1,0.78,0
B,p_only,Python p-only,74,0.7014833334652649,1,0.78,0
B,p_only,Python p-only,75,0.7381939593382321,1,0.78,0
B,p_only,Python p-only,76,0.7526033155834859,1,0.78,0
B,p_only,Python p-only,77,0.7642063810988935,1,0.78,0
B,p_only,Python p-only,78,0.7416277574430327,1,0.78,0
B,p_only,Python p-only,79,0.7606788651471016,1,0.78,0
B,p_only,Python p-only,80,0.6311607472657339,1,0.35,1
B,p_only,Python p-only,81,0.5724474077869182,0,0.35,0
B,p_only,Python p-only,82,0.5222972262572028,0,0.35,0
B,p_only,Python p-only,83,0.47664160547784784,1,0.35,0
B,p_only,Python p-only,84,0.49496830907582096,1,0.35,0
B,p_only,Python p-only,85,0.492437352840073,0,0.35,0
B,p_only,Python p-only,86,0.4717168742379704,1,0.35,0
B,p_only,Python p-only,87,0.4192244596528328,0,0.35,0
B,p_only,Python p-only,88,0.41684676158883965,0,0.35,0
B,p_only,Python p-only,89,0.34224158391551435,0,0.35,0
B,p_only,Python p-only,90,0.3446987305027547,0,0.35,0
B,p_only,Python p-only,91,0.3454304509637829,0,0.35,0
B,p_only,Python p-only,92,0.35071354643377284,0,0.35,0
B,p_only,Python p-only,93,0.34296493491470037,0,0.35,0
B,p_only,Python p-only,94,0.3781745948511163,1,0.35,0
B,p_only,Python p-only,95,0.38363626827022446,1,0.35,0
C,dynamic,Python Plain,0,0.4915013700522152,0,0.18,0
C,dynamic,Python Plain,1,0.4733026780158128,0,0.18,0
C,dynamic,Python Plain,2,0.4470532202026413,1,0.18,0
C,dynamic,Python Plain,3,0.4191639497921588,0,0.18,0
C,dynamic,Python Plain,4,0.3925773046632397,0,0.18,0
C,dynamic,Python Plain,5,0.3653943718675689,1,0.18,0
C,dynamic,Python Plain,6,0.3389827997909254,0,0.18,0
C,dynamic,Python Plain,7,0.31651656987536664,0,0.18,0
C,dynamic,Python Plain,8,0.29456551313926027,1,0.18,0
C,dynamic,Python Plain,9,0.27569462317781734,0,0.18,0
C,dynamic,Python Plain,10,0.25764640939732464,1,0.18,0
C,dynamic,Python Plain,11,0.2434942779145835,0,0.18,0
C,dynamic,Python Plain,12,0.23294137109971216,0,0.18,0
C,dynamic,Python Plain,13,0.2216519468455011,0,0.18,0
C,dynamic,Python Plain,14,0.2110908928731591,0,0.18,0
C,dynamic,Python Plain,15,0.2058526713780555,0,0.18,0
C,dynamic,Python Plain,16,0.20136839187925487,0,0.18,0
C,dynamic,Python Plain,17,0.19567934241363372,1,0.18,0
C,dynamic,Python Plain,18,0.19223284500954074,0,0.18,0
C,dynamic,Python Plain,19,0.19140871411691712,0,0.18,0
C,dynamic,Python Plain,20,0.19245096813830417,0,0.18,0
C,dynamic,Python Plain,21,0.19779088648487952,0,0.18,0
C,dynamic,Python Plain,22,0.2032867777433799,0,0.18,0
C,dynamic,Python Plain,23,0.20887646037429186,0,0.18,0
C,dynamic,Python Plain,24,0.21408152282581053,0,0.18,0
C,dynamic,Python Plain,25,0.21897079191517227,1,0.18,0
C,dynamic,Python Plain,26,0.22377772282199185,1,0.18,0
C,dynamic,Python Plain,27,0.22769970231462547,0,0.18,0
C,dynamic,Python Plain,28,0.231796003431671,0,0.18,0
C,dynamic,Python Plain,29,0.23650282258801023,0,0.18,0
C,dynamic,Python Plain,30,0.2403810393216638,0,0.18,0
C,dynamic,Python Plain,31,0.24249816622075154,0,0.18,0
C,dynamic,Python Plain,32,0.24225794460206165,1,0.18,0
C,dynamic,Python Plain,33,0.2401580435431173,0,0.18,0
C,dynamic,Python Plain,34,0.23510804740391514,0,0.18,0
C,dynamic,Python Plain,35,0.23004445076231597,1,0.18,0
C,dynamic,Python Plain,36,0.22711324144949424,0,0.18,0
C,dynamic,Python Plain,37,0.22800953717985067,0,0.18,0
C,dynamic,Python Plain,38,0.23268888471889987,0,0.18,0
C,dynamic,Python Plain,39,0.2371708951898798,0,0.18,0
C,dynamic,Python Plain,40,0.2502081758076188,1,0.78,1
C,dynamic,Python Plain,41,0.27161957231094686,1,0.78,0
C,dynamic,Python Plain,42,0.29864896608745284,1,0.78,0
C,dynamic,Python Plain,43,0.32993717541235107,1,0.78,0
C,dynamic,Python Plain,44,0.363226877845183,0,0.78,0
C,dynamic,Python Plain,45,0.3980719692604051,0,0.78,0
C,dynamic,Python Plain,46,0.4087442796822523,1,0.78,0
C,dynamic,Python Plain,47,0.5232001289559824,1,0.78,0
C,dynamic,Python Plain,48,0.6298903949300485,0,0.78,0
C,dynamic,Python Plain,49,0.6554528076270199,1,0.78,0
C,dynamic,Python Plain,50,0.7595985497780687,0,0.78,0
C,dynamic,Python Plain,51,0.7217265199874484,1,0.78,0
C,dynamic,Python Plain,52,0.7017618714299205,0,0.78,0
C,dynamic,Python Plain,53,0.7720912677301566,1,0.78,0
C,dynamic,Python Plain,54,0.6835595041314539,1,0.78,0
C,dynamic,Python Plain,55,0.7424668275883155,1,0.78,0
C,dynamic,Python Plain,56,0.7423143376840471,1,0.78,0
C,dynamic,Python Plain,57,0.5080617584434037,0,0.78,0
C,dynamic,Python Plain,58,0.4365034970286894,1,0.78,0
C,dynamic,Python Plain,59,0.4603215589268811,1,0.78,0
C,dynamic,Python Plain,60,0.5613090263848884,1,0.78,0
C,dynamic,Python Plain,61,0.6329168675341499,1,0.78,0
C,dynamic,Python Plain,62,0.7221191309505532,1,0.78,0
C,dynamic,Python Plain,63,0.7110184619655554,0,0.78,0
C,dynamic,Python Plain,64,0.7205095483170366,1,0.78,0
C,dynamic,Python Plain,65,0.7115067457034235,1,0.78,0
C,dynamic,Python Plain,66,0.6667401678143702,1,0.78,0
C,dynamic,Python Plain,67,0.74249158698975,1,0.78,0
C,dynamic,Python Plain,68,0.7208059365977015,1,0.78,0
C,dynamic,Python Plain,69,0.7439654862542852,1,0.78,0
C,dynamic,Python Plain,70,0.6141722146351198,1,0.78,0
C,dynamic,Python Plain,71,0.464529922826308,1,0.78,0
C,dynamic,Python Plain,72,0.3974429482635605,0,0.78,0
C,dynamic,Python Plain,73,0.5728180171032451,1,0.78,0
C,dynamic,Python Plain,74,0.6286410319560981,1,0.78,0
C,dynamic,Python Plain,75,0.6865217733781819,0,0.78,0
C,dynamic,Python Plain,76,0.7532096115410907,1,0.78,0
C,dynamic,Python Plain,77,0.6844639916171172,1,0.78,0
C,dynamic,Python Plain,78,0.7317851541517869,1,0.78,0
C,dynamic,Python Plain,79,0.7478064947292392,1,0.78,0
C,dynamic,Python Plain,80,0.6263107485420154,0,0.35,1
C,dynamic,Python Plain,81,0.5326331520763302,0,0.35,0
C,dynamic,Python Plain,82,0.4979707372316379,0,0.35,0
C,dynamic,Python Plain,83,0.548841608419596,0,0.35,0
C,dynamic,Python Plain,84,0.5913101248438148,0,0.35,0
C,dynamic,Python Plain,85,0.5743635105222926,0,0.35,0
C,dynamic,Python Plain,86,0.5693414995051755,0,0.35,0
C,dynamic,Python Plain,87,0.561734257643972,1,0.35,0
C,dynamic,Python Plain,88,0.5524196495241778,1,0.35,0
C,dynamic,Python Plain,89,0.5431896952915541,1,0.35,0
C,dynamic,Python Plain,90,0.5339619625119195,1,0.35,0
C,dynamic,Python Plain,91,0.5248877753937394,0,0.35,0
C,dynamic,Python Plain,92,0.5172999644512342,0,0.35,0
C,dynamic,Python Plain,93,0.5104415837836841,0,0.35,0
C,dynamic,Python Plain,94,0.5038976820814629,0,0.35,0
C,dynamic,Python Plain,95,0.49742919546921105,1,0.35,0
C,dynamic,Python State Class,0,0.4915013700522152,0,0.18,0
C,dynamic,Python State Class,1,0.4733026780158128,0,0.18,0
C,dynamic,Python State Class,2,0.4470532202026413,1,0.18,0
C,dynamic,Python State Class,3,0.4191639497921588,0,0.18,0
C,dynamic,Python State Class,4,0.3925773046632397,0,0.18,0
C,dynamic,Python State Class,5,0.3653943718675689,1,0.18,0
C,dynamic,Python State Class,6,0.3389827997909254,0,0.18,0
C,dynamic,Python State Class,7,0.31651656987536664,0,0.18,0
C,dynamic,Python State Class,8,0.29456551313926027,1,0.18,0
C,dynamic,Python State Class,9,0.27569462317781734,0,0.18,0
C,dynamic,Python State Class,10,0.25764640939732464,1,0.18,0
C,dynamic,Python State Class,11,0.2434942779145835,0,0.18,0
C,dynamic,Python State Class,12,0.23294137109971216,0,0.18,0
C,dynamic,Python State Class,13,0.2216519468455011,0,0.18,0
C,dynamic,Python State Class,14,0.2110908928731591,0,0.18,0
C,dynamic,Python State Class,15,0.2058526713780555,0,0.18,0
C,dynamic,Python State Class,16,0.20136839187925487,0,0.18,0
C,dynamic,Python State Class,17,0.19567934241363372,1,0.18,0
C,dynamic,Python State Class,18,0.19223284500954074,0,0.18,0
C,dynamic,Python State Class,19,0.19140871411691712,0,0.18,0
C,dynamic,Python State Class,20,0.19245096813830417,0,0.18,0
C,dynamic,Python State Class,21,0.19779088648487952,0,0.18,0
C,dynamic,Python State Class,22,0.2032867777433799,0,0.18,0
C,dynamic,Python State Class,23,0.20887646037429186,0,0.18,0
C,dynamic,Python State Class,24,0.21408152282581053,0,0.18,0
C,dynamic,Python State Class,25,0.21897079191517227,1,0.18,0
C,dynamic,Python State Class,26,0.22377772282199185,1,0.18,0
C,dynamic,Python State Class,27,0.22769970231462547,0,0.18,0
C,dynamic,Python State Class,28,0.231796003431671,0,0.18,0
C,dynamic,Python State Class,29,0.23650282258801023,0,0.18,0
C,dynamic,Python State Class,30,0.2403810393216638,0,0.18,0
C,dynamic,Python State Class,31,0.24249816622075154,0,0.18,0
C,dynamic,Python State Class,32,0.24225794460206165,1,0.18,0
C,dynamic,Python State Class,33,0.2401580435431173,0,0.18,0
C,dynamic,Python State Class,34,0.23510804740391514,0,0.18,0
C,dynamic,Python State Class,35,0.23004445076231597,1,0.18,0
C,dynamic,Python State Class,36,0.22711324144949424,0,0.18,0
C,dynamic,Python State Class,37,0.22800953717985067,0,0.18,0
C,dynamic,Python State Class,38,0.23268888471889987,0,0.18,0
C,dynamic,Python State Class,39,0.2371708951898798,0,0.18,0
C,dynamic,Python State Class,40,0.2502081758076188,1,0.78,1
C,dynamic,Python State Class,41,0.27161957231094686,1,0.78,0
C,dynamic,Python State Class,42,0.29864896608745284,1,0.78,0
C,dynamic,Python State Class,43,0.32993717541235107,1,0.78,0
C,dynamic,Python State Class,44,0.363226877845183,0,0.78,0
C,dynamic,Python State Class,45,0.3980719692604051,0,0.78,0
C,dynamic,Python State Class,46,0.4087442796822523,1,0.78,0
C,dynamic,Python State Class,47,0.5232001289559824,1,0.78,0
C,dynamic,Python State Class,48,0.6298903949300485,0,0.78,0
C,dynamic,Python State Class,49,0.6554528076270199,1,0.78,0
C,dynamic,Python State Class,50,0.7595985497780687,0,0.78,0
C,dynamic,Python State Class,51,0.7217265199874484,1,0.78,0
C,dynamic,Python State Class,52,0.7017618714299205,0,0.78,0
C,dynamic,Python State Class,53,0.7720912677301566,1,0.78,0
C,dynamic,Python State Class,54,0.6835595041314539,1,0.78,0
C,dynamic,Python State Class,55,0.7424668275883155,1,0.78,0
C,dynamic,Python State Class,56,0.7423143376840471,1,0.78,0
C,dynamic,Python State Class,57,0.5080617584434037,0,0.78,0
C,dynamic,Python State Class,58,0.4365034970286894,1,0.78,0
C,dynamic,Python State Class,59,0.4603215589268811,1,0.78,0
C,dynamic,Python State Class,60,0.5613090263848884,1,0.78,0
C,dynamic,Python State Class,61,0.6329168675341499,1,0.78,0
C,dynamic,Python State Class,62,0.7221191309505532,1,0.78,0
C,dynamic,Python State Class,63,0.7110184619655554,0,0.78,0
C,dynamic,Python State Class,64,0.7205095483170366,1,0.78,0
C,dynamic,Python State Class,65,0.7115067457034235,1,0.78,0
C,dynamic,Python State Class,66,0.6667401678143702,1,0.78,0
C,dynamic,Python State Class,67,0.74249158698975,1,0.78,0
C,dynamic,Python State Class,68,0.7208059365977015,1,0.78,0
C,dynamic,Python State Class,69,0.7439654862542852,1,0.78,0
C,dynamic,Python State Class,70,0.6141722146351198,1,0.78,0
C,dynamic,Python State Class,71,0.464529922826308,1,0.78,0
C,dynamic,Python State Class,72,0.3974429482635605,0,0.78,0
C,dynamic,Python State Class,73,0.5728180171032451,1,0.78,0
C,dynamic,Python State Class,74,0.6286410319560981,1,0.78,0
C,dynamic,Python State Class,75,0.6865217733781819,0,0.78,0
C,dynamic,Python State Class,76,0.7532096115410907,1,0.78,0
C,dynamic,Python State Class,77,0.6844639916171172,1,0.78,0
C,dynamic,Python State Class,78,0.7317851541517869,1,0.78,0
C,dynamic,Python State Class,79,0.7478064947292392,1,0.78,0
C,dynamic,Python State Class,80,0.6263107485420154,0,0.35,1
C,dynamic,Python State Class,81,0.5326331520763302,0,0.35,0
C,dynamic,Python State Class,82,0.4979707372316379,0,0.35,0
C,dynamic,Python State Class,83,0.548841608419596,0,0.35,0
C,dynamic,Python State Class,84,0.5913101248438148,0,0.35,0
C,dynamic,Python State Class,85,0.5743635105222926,0,0.35,0
C,dynamic,Python State Class,86,0.5693414995051755,0,0.35,0
C,dynamic,Python State Class,87,0.561734257643972,1,0.35,0
C,dynamic,Python State Class,88,0.5524196495241778,1,0.35,0
C,dynamic,Python State Class,89,0.5431896952915541,1,0.35,0
C,dynamic,Python State Class,90,0.5339619625119195,1,0.35,0
C,dynamic,Python State Class,91,0.5248877753937394,0,0.35,0
C,dynamic,Python State Class,92,0.5172999644512342,0,0.35,0
C,dynamic,Python State Class,93,0.5104415837836841,0,0.35,0
C,dynamic,Python State Class,94,0.5038976820814629,0,0.35,0
C,dynamic,Python State Class,95,0.49742919546921105,1,0.35,0
C,dynamic,Lana,0,0.491501370052,0,0.18,0
C,dynamic,Lana,1,0.473302678016,0,0.18,0
C,dynamic,Lana,2,0.447053220203,1,0.18,0
C,dynamic,Lana,3,0.419163949792,0,0.18,0
C,dynamic,Lana,4,0.392577304663,0,0.18,0
C,dynamic,Lana,5,0.365394371868,1,0.18,0
C,dynamic,Lana,6,0.338982799791,0,0.18,0
C,dynamic,Lana,7,0.316516569875,0,0.18,0
C,dynamic,Lana,8,0.294565513139,1,0.18,0
C,dynamic,Lana,9,0.275694623178,0,0.18,0
C,dynamic,Lana,10,0.257646409397,1,0.18,0
C,dynamic,Lana,11,0.243494277915,0,0.18,0
C,dynamic,Lana,12,0.2329413711,0,0.18,0
C,dynamic,Lana,13,0.221651946846,0,0.18,0
C,dynamic,Lana,14,0.211090892873,0,0.18,0
C,dynamic,Lana,15,0.205852671378,0,0.18,0
C,dynamic,Lana,16,0.201368391879,0,0.18,0
C,dynamic,Lana,17,0.195679342414,1,0.18,0
C,dynamic,Lana,18,0.19223284501,0,0.18,0
C,dynamic,Lana,19,0.191408714117,0,0.18,0
C,dynamic,Lana,20,0.192450968138,0,0.18,0
C,dynamic,Lana,21,0.197790886485,0,0.18,0
C,dynamic,Lana,22,0.203286777743,0,0.18,0
C,dynamic,Lana,23,0.208876460374,0,0.18,0
C,dynamic,Lana,24,0.214081522826,0,0.18,0
C,dynamic,Lana,25,0.218970791915,1,0.18,0
C,dynamic,Lana,26,0.223777722822,1,0.18,0
C,dynamic,Lana,27,0.227699702315,0,0.18,0
C,dynamic,Lana,28,0.231796003432,0,0.18,0
C,dynamic,Lana,29,0.236502822588,0,0.18,0
C,dynamic,Lana,30,0.240381039322,0,0.18,0
C,dynamic,Lana,31,0.242498166221,0,0.18,0
C,dynamic,Lana,32,0.242257944602,1,0.18,0
C,dynamic,Lana,33,0.240158043543,0,0.18,0
C,dynamic,Lana,34,0.235108047404,0,0.18,0
C,dynamic,Lana,35,0.230044450762,1,0.18,0
C,dynamic,Lana,36,0.227113241449,0,0.18,0
C,dynamic,Lana,37,0.22800953718,0,0.18,0
C,dynamic,Lana,38,0.232688884719,0,0.18,0
C,dynamic,Lana,39,0.23717089519,0,0.18,0
C,dynamic,Lana,40,0.250208175808,1,0.78,1
C,dynamic,Lana,41,0.271619572311,1,0.78,0
C,dynamic,Lana,42,0.298648966087,1,0.78,0
C,dynamic,Lana,43,0.329937175412,1,0.78,0
C,dynamic,Lana,44,0.363226877845,0,0.78,0
C,dynamic,Lana,45,0.39807196926,0,0.78,0
C,dynamic,Lana,46,0.408744279682,1,0.78,0
C,dynamic,Lana,47,0.523200128956,1,0.78,0
C,dynamic,Lana,48,0.62989039493,0,0.78,0
C,dynamic,Lana,49,0.655452807627,1,0.78,0
C,dynamic,Lana,50,0.759598549778,0,0.78,0
C,dynamic,Lana,51,0.721726519987,1,0.78,0
C,dynamic,Lana,52,0.70176187143,0,0.78,0
C,dynamic,Lana,53,0.77209126773,1,0.78,0
C,dynamic,Lana,54,0.683559504131,1,0.78,0
C,dynamic,Lana,55,0.742466827588,1,0.78,0
C,dynamic,Lana,56,0.742314337684,1,0.78,0
C,dynamic,Lana,57,0.508061758443,0,0.78,0
C,dynamic,Lana,58,0.436503497029,1,0.78,0
C,dynamic,Lana,59,0.460321558927,1,0.78,0
C,dynamic,Lana,60,0.561309026385,1,0.78,0
C,dynamic,Lana,61,0.632916867534,1,0.78,0
C,dynamic,Lana,62,0.722119130951,1,0.78,0
C,dynamic,Lana,63,0.711018461966,0,0.78,0
C,dynamic,Lana,64,0.720509548317,1,0.78,0
C,dynamic,Lana,65,0.711506745703,1,0.78,0
C,dynamic,Lana,66,0.666740167814,1,0.78,0
C,dynamic,Lana,67,0.74249158699,1,0.78,0
C,dynamic,Lana,68,0.720805936598,1,0.78,0
C,dynamic,Lana,69,0.743965486254,1,0.78,0
C,dynamic,Lana,70,0.614172214635,1,0.78,0
C,dynamic,Lana,71,0.464529922826,1,0.78,0
C,dynamic,Lana,72,0.397442948264,0,0.78,0
C,dynamic,Lana,73,0.572818017103,1,0.78,0
C,dynamic,Lana,74,0.628641031956,1,0.78,0
C,dynamic,Lana,75,0.686521773378,0,0.78,0
C,dynamic,Lana,76,0.753209611541,1,0.78,0
C,dynamic,Lana,77,0.684463991617,1,0.78,0
C,dynamic,Lana,78,0.731785154152,1,0.78,0
C,dynamic,Lana,79,0.747806494729,1,0.78,0
C,dynamic,Lana,80,0.626310748542,0,0.35,1
C,dynamic,Lana,81,0.532633152076,0,0.35,0
C,dynamic,Lana,82,0.497970737232,0,0.35,0
C,dynamic,Lana,83,0.54884160842,0,0.35,0
C,dynamic,Lana,84,0.591310124844,0,0.35,0
C,dynamic,Lana,85,0.574363510522,0,0.35,0
C,dynamic,Lana,86,0.569341499505,0,0.35,0
C,dynamic,Lana,87,0.561734257644,1,0.35,0
C,dynamic,Lana,88,0.552419649524,1,0.35,0
C,dynamic,Lana,89,0.543189695292,1,0.35,0
C,dynamic,Lana,90,0.533961962512,1,0.35,0
C,dynamic,Lana,91,0.524887775394,0,0.35,0
C,dynamic,Lana,92,0.517299964451,0,0.35,0
C,dynamic,Lana,93,0.510441583784,0,0.35,0
C,dynamic,Lana,94,0.503897682081,0,0.35,0
C,dynamic,Lana,95,0.497429195469,1,0.35,0
C,fixed,Python Plain,0,0.4950105537638818,0,0.18,0
C,fixed,Python Plain,1,0.4833311574349992,0,0.18,0
C,fixed,Python Plain,2,0.4652287222105121,1,0.18,0
C,fixed,Python Plain,3,0.44418232293376264,0,0.18,0
C,fixed,Python Plain,4,0.42221734376886794,0,0.18,0
C,fixed,Python Plain,5,0.39860455371026565,1,0.18,0
C,fixed,Python Plain,6,0.3747304456590037,0,0.18,0
C,fixed,Python Plain,7,0.35257403244214697,0,0.18,0
C,fixed,Python Plain,8,0.3305506693024605,1,0.18,0
C,fixed,Python Plain,9,0.3104374853708487,0,0.18,0
C,fixed,Python Plain,10,0.29126214667659567,1,0.18,0
C,fixed,Python Plain,11,0.27511454014295256,0,0.18,0
C,fixed,Python Plain,12,0.2620820534582345,0,0.18,0
C,fixed,Python Plain,13,0.24933172957354,0,0.18,0
C,fixed,Python Plain,14,0.23737391081729292,0,0.18,0
C,fixed,Python Plain,15,0.2289124654897448,0,0.18,0
C,fixed,Python Plain,16,0.22176472038007283,0,0.18,0
C,fixed,Python Plain,17,0.21446724980120602,1,0.18,0
C,fixed,Python Plain,18,0.20921608557304083,0,0.18,0
C,fixed,Python Plain,19,0.20588866758545443,0,0.18,0
C,fixed,Python Plain,20,0.20455689000199237,0,0.18,0
C,fixed,Python Plain,21,0.20665278681720228,0,0.18,0
C,fixed,Python Plain,22,0.20966600732836654,0,0.18,0
C,fixed,Python Plain,23,0.21333529043553132,0,0.18,0
C,fixed,Python Plain,24,0.2169482859817696,0,0.18,0
C,fixed,Python Plain,25,0.220603653934777,1,0.18,0
C,fixed,Python Plain,26,0.22423873012979487,1,0.18,0
C,fixed,Python Plain,27,0.22752780190890742,0,0.18,0
C,fixed,Python Plain,28,0.23096436759966466,0,0.18,0
C,fixed,Python Plain,29,0.2348331036151566,0,0.18,0
C,fixed,Python Plain,30,0.23837930008352978,0,0.18,0
C,fixed,Python Plain,31,0.24097312764653908,0,0.18,0
C,fixed,Python Plain,32,0.2419199933621555,1,0.18,0
C,fixed,Python Plain,33,0.24146245453587806,0,0.18,0
C,fixed,Python Plain,34,0.23872165689643832,0,0.18,0
C,fixed,Python Plain,35,0.23550173864070262,1,0.18,0
C,fixed,Python Plain,36,0.23365975520555382,0,0.18,0
C,fixed,Python Plain,37,0.23408702701071307,0,0.18,0
C,fixed,Python Plain,38,0.23700330782423615,0,0.18,0
C,fixed,Python Plain,39,0.23999464585323274,0,0.18,0
C,fixed,Python Plain,40,0.2483315356452463,1,0.78,1
C,fixed,Python Plain,41,0.26270056852674695,1,0.78,0
C,fixed,Python Plain,42,0.28191463166874126,1,0.78,0
C,fixed,Python Plain,43,0.3054485700402991,1,0.78,0
C,fixed,Python Plain,44,0.3318477310355473,0,0.78,0
C,fixed,Python Plain,45,0.36073549069231764,0,0.78,0
C,fixed,Python Plain,46,0.39111809216726223,1,0.78,0
C,fixed,Python Plain,47,0.4867623488092461,1,0.78,0
C,fixed,Python Plain,48,0.5824426249085002,0,0.78,0
C,fixed,Python Plain,49,0.6168495930902707,1,0.78,0
C,fixed,Python Plain,50,0.7088064402073608,0,0.78,0
C,fixed,Python Plain,51,0.6841802000512835,1,0.78,0
C,fixed,Python Plain,52,0.6784319689868659,0,0.78,0
C,fixed,Python Plain,53,0.7385144754079702,1,0.78,0
C,fixed,Python Plain,54,0.6771084847316461,1,0.78,0
C,fixed,Python Plain,55,0.7230721093554247,1,0.78,0
C,fixed,Python Plain,56,0.7266549789183235,1,0.78,0
C,fixed,Python Plain,57,0.5471010746778442,0,0.78,0
C,fixed,Python Plain,58,0.48089637768450433,1,0.78,0
C,fixed,Python Plain,59,0.48961113477963675,1,0.78,0
C,fixed,Python Plain,60,0.563691339238598,1,0.78,0
C,fixed,Python Plain,61,0.6219887455396482,1,0.78,0
C,fixed,Python Plain,62,0.6969886823068727,1,0.78,0
C,fixed,Python Plain,63,0.6965309403807055,0,0.78,0
C,fixed,Python Plain,64,0.708556770586145,1,0.78,0
C,fixed,Python Plain,65,0.7050123424086786,1,0.78,0
C,fixed,Python Plain,66,0.6722248343476189,1,0.78,0
C,fixed,Python Plain,67,0.7297543611173898,1,0.78,0
C,fixed,Python Plain,68,0.7140749125329926,1,0.78,0
C,fixed,Python Plain,69,0.7340992663818027,1,0.78,0
C,fixed,Python Plain,70,0.6358856476796158,1,0.78,0
C,fixed,Python Plain,71,0.514040575522686,1,0.78,0
C,fixed,Python Plain,72,0.4502382980880104,0,0.78,0
C,fixed,Python Plain,73,0.5757161803106943,1,0.78,0
C,fixed,Python Plain,74,0.6217450661959965,1,0.78,0
C,fixed,Python Plain,75,0.6715101383852979,0,0.78,0
C,fixed,Python Plain,76,0.7295422089721345,1,0.78,0
C,fixed,Python Plain,77,0.683475285529029,1,0.78,0
C,fixed,Python Plain,78,0.7214307122088951,1,0.78,0
C,fixed,Python Plain,79,0.7371054205481065,1,0.78,0
C,fixed,Python Plain,80,0.6455993166375671,0,0.35,1
C,fixed,Python Plain,81,0.5684902161174147,0,0.35,0
C,fixed,Python Plain,82,0.5339242566894358,0,0.35,0
C,fixed,Python Plain,83,0.5665535290805551,0,0.35,0
C,fixed,Python Plain,84,0.5965749898119552,0,0.35,0
C,fixed,Python Plain,85,0.5853246088675911,0,0.35,0
C,fixed,Python Plain,86,0.4566357627638631,0,0.35,0
C,fixed,Python Plain,87,0.43552942737707,1,0.35,0
C,fixed,Python Plain,88,0.44670258428386594,1,0.35,0
C,fixed,Python Plain,89,0.4548586876698697,1,0.35,0
C,fixed,Python Plain,90,0.4604569518941699,1,0.35,0
C,fixed,Python Plain,91,0.4640000516009718,0,0.35,0
C,fixed,Python Plain,92,0.46669300475144715,0,0.35,0
C,fixed,Python Plain,93,0.4685023749095931,0,0.35,0
C,fixed,Python Plain,94,0.46937919093116864,0,0.35,0
C,fixed,Python Plain,95,0.46926666928571836,1,0.35,0
C,fixed,Python State Class,0,0.4950105537638818,0,0.18,0
C,fixed,Python State Class,1,0.4833311574349992,0,0.18,0
C,fixed,Python State Class,2,0.4652287222105121,1,0.18,0
C,fixed,Python State Class,3,0.44418232293376264,0,0.18,0
C,fixed,Python State Class,4,0.42221734376886794,0,0.18,0
C,fixed,Python State Class,5,0.39860455371026565,1,0.18,0
C,fixed,Python State Class,6,0.3747304456590037,0,0.18,0
C,fixed,Python State Class,7,0.35257403244214697,0,0.18,0
C,fixed,Python State Class,8,0.3305506693024605,1,0.18,0
C,fixed,Python State Class,9,0.3104374853708487,0,0.18,0
C,fixed,Python State Class,10,0.29126214667659567,1,0.18,0
C,fixed,Python State Class,11,0.27511454014295256,0,0.18,0
C,fixed,Python State Class,12,0.2620820534582345,0,0.18,0
C,fixed,Python State Class,13,0.24933172957354,0,0.18,0
C,fixed,Python State Class,14,0.23737391081729292,0,0.18,0
C,fixed,Python State Class,15,0.2289124654897448,0,0.18,0
C,fixed,Python State Class,16,0.22176472038007283,0,0.18,0
C,fixed,Python State Class,17,0.21446724980120602,1,0.18,0
C,fixed,Python State Class,18,0.20921608557304083,0,0.18,0
C,fixed,Python State Class,19,0.20588866758545443,0,0.18,0
C,fixed,Python State Class,20,0.20455689000199237,0,0.18,0
C,fixed,Python State Class,21,0.20665278681720228,0,0.18,0
C,fixed,Python State Class,22,0.20966600732836654,0,0.18,0
C,fixed,Python State Class,23,0.21333529043553132,0,0.18,0
C,fixed,Python State Class,24,0.2169482859817696,0,0.18,0
C,fixed,Python State Class,25,0.220603653934777,1,0.18,0
C,fixed,Python State Class,26,0.22423873012979487,1,0.18,0
C,fixed,Python State Class,27,0.22752780190890742,0,0.18,0
C,fixed,Python State Class,28,0.23096436759966466,0,0.18,0
C,fixed,Python State Class,29,0.2348331036151566,0,0.18,0
C,fixed,Python State Class,30,0.23837930008352978,0,0.18,0
C,fixed,Python State Class,31,0.24097312764653908,0,0.18,0
C,fixed,Python State Class,32,0.2419199933621555,1,0.18,0
C,fixed,Python State Class,33,0.24146245453587806,0,0.18,0
C,fixed,Python State Class,34,0.23872165689643832,0,0.18,0
C,fixed,Python State Class,35,0.23550173864070262,1,0.18,0
C,fixed,Python State Class,36,0.23365975520555382,0,0.18,0
C,fixed,Python State Class,37,0.23408702701071307,0,0.18,0
C,fixed,Python State Class,38,0.23700330782423615,0,0.18,0
C,fixed,Python State Class,39,0.23999464585323274,0,0.18,0
C,fixed,Python State Class,40,0.2483315356452463,1,0.78,1
C,fixed,Python State Class,41,0.26270056852674695,1,0.78,0
C,fixed,Python State Class,42,0.28191463166874126,1,0.78,0
C,fixed,Python State Class,43,0.3054485700402991,1,0.78,0
C,fixed,Python State Class,44,0.3318477310355473,0,0.78,0
C,fixed,Python State Class,45,0.36073549069231764,0,0.78,0
C,fixed,Python State Class,46,0.39111809216726223,1,0.78,0
C,fixed,Python State Class,47,0.4867623488092461,1,0.78,0
C,fixed,Python State Class,48,0.5824426249085002,0,0.78,0
C,fixed,Python State Class,49,0.6168495930902707,1,0.78,0
C,fixed,Python State Class,50,0.7088064402073608,0,0.78,0
C,fixed,Python State Class,51,0.6841802000512835,1,0.78,0
C,fixed,Python State Class,52,0.6784319689868659,0,0.78,0
C,fixed,Python State Class,53,0.7385144754079702,1,0.78,0
C,fixed,Python State Class,54,0.6771084847316461,1,0.78,0
C,fixed,Python State Class,55,0.7230721093554247,1,0.78,0
C,fixed,Python State Class,56,0.7266549789183235,1,0.78,0
C,fixed,Python State Class,57,0.5471010746778442,0,0.78,0
C,fixed,Python State Class,58,0.48089637768450433,1,0.78,0
C,fixed,Python State Class,59,0.48961113477963675,1,0.78,0
C,fixed,Python State Class,60,0.563691339238598,1,0.78,0
C,fixed,Python State Class,61,0.6219887455396482,1,0.78,0
C,fixed,Python State Class,62,0.6969886823068727,1,0.78,0
C,fixed,Python State Class,63,0.6965309403807055,0,0.78,0
C,fixed,Python State Class,64,0.708556770586145,1,0.78,0
C,fixed,Python State Class,65,0.7050123424086786,1,0.78,0
C,fixed,Python State Class,66,0.6722248343476189,1,0.78,0
C,fixed,Python State Class,67,0.7297543611173898,1,0.78,0
C,fixed,Python State Class,68,0.7140749125329926,1,0.78,0
C,fixed,Python State Class,69,0.7340992663818027,1,0.78,0
C,fixed,Python State Class,70,0.6358856476796158,1,0.78,0
C,fixed,Python State Class,71,0.514040575522686,1,0.78,0
C,fixed,Python State Class,72,0.4502382980880104,0,0.78,0
C,fixed,Python State Class,73,0.5757161803106943,1,0.78,0
C,fixed,Python State Class,74,0.6217450661959965,1,0.78,0
C,fixed,Python State Class,75,0.6715101383852979,0,0.78,0
C,fixed,Python State Class,76,0.7295422089721345,1,0.78,0
C,fixed,Python State Class,77,0.683475285529029,1,0.78,0
C,fixed,Python State Class,78,0.7214307122088951,1,0.78,0
C,fixed,Python State Class,79,0.7371054205481065,1,0.78,0
C,fixed,Python State Class,80,0.6455993166375671,0,0.35,1
C,fixed,Python State Class,81,0.5684902161174147,0,0.35,0
C,fixed,Python State Class,82,0.5339242566894358,0,0.35,0
C,fixed,Python State Class,83,0.5665535290805551,0,0.35,0
C,fixed,Python State Class,84,0.5965749898119552,0,0.35,0
C,fixed,Python State Class,85,0.5853246088675911,0,0.35,0
C,fixed,Python State Class,86,0.4566357627638631,0,0.35,0
C,fixed,Python State Class,87,0.43552942737707,1,0.35,0
C,fixed,Python State Class,88,0.44670258428386594,1,0.35,0
C,fixed,Python State Class,89,0.4548586876698697,1,0.35,0
C,fixed,Python State Class,90,0.4604569518941699,1,0.35,0
C,fixed,Python State Class,91,0.4640000516009718,0,0.35,0
C,fixed,Python State Class,92,0.46669300475144715,0,0.35,0
C,fixed,Python State Class,93,0.4685023749095931,0,0.35,0
C,fixed,Python State Class,94,0.46937919093116864,0,0.35,0
C,fixed,Python State Class,95,0.46926666928571836,1,0.35,0
C,fixed,Lana,0,0.495010553764,0,0.18,0
C,fixed,Lana,1,0.483331157435,0,0.18,0
C,fixed,Lana,2,0.465228722211,1,0.18,0
C,fixed,Lana,3,0.444182322934,0,0.18,0
C,fixed,Lana,4,0.422217343769,0,0.18,0
C,fixed,Lana,5,0.39860455371,1,0.18,0
C,fixed,Lana,6,0.374730445659,0,0.18,0
C,fixed,Lana,7,0.352574032442,0,0.18,0
C,fixed,Lana,8,0.330550669302,1,0.18,0
C,fixed,Lana,9,0.310437485371,0,0.18,0
C,fixed,Lana,10,0.291262146677,1,0.18,0
C,fixed,Lana,11,0.275114540143,0,0.18,0
C,fixed,Lana,12,0.262082053458,0,0.18,0
C,fixed,Lana,13,0.249331729574,0,0.18,0
C,fixed,Lana,14,0.237373910817,0,0.18,0
C,fixed,Lana,15,0.22891246549,0,0.18,0
C,fixed,Lana,16,0.22176472038,0,0.18,0
C,fixed,Lana,17,0.214467249801,1,0.18,0
C,fixed,Lana,18,0.209216085573,0,0.18,0
C,fixed,Lana,19,0.205888667585,0,0.18,0
C,fixed,Lana,20,0.204556890002,0,0.18,0
C,fixed,Lana,21,0.206652786817,0,0.18,0
C,fixed,Lana,22,0.209666007328,0,0.18,0
C,fixed,Lana,23,0.213335290436,0,0.18,0
C,fixed,Lana,24,0.216948285982,0,0.18,0
C,fixed,Lana,25,0.220603653935,1,0.18,0
C,fixed,Lana,26,0.22423873013,1,0.18,0
C,fixed,Lana,27,0.227527801909,0,0.18,0
C,fixed,Lana,28,0.2309643676,0,0.18,0
C,fixed,Lana,29,0.234833103615,0,0.18,0
C,fixed,Lana,30,0.238379300084,0,0.18,0
C,fixed,Lana,31,0.240973127647,0,0.18,0
C,fixed,Lana,32,0.241919993362,1,0.18,0
C,fixed,Lana,33,0.241462454536,0,0.18,0
C,fixed,Lana,34,0.238721656896,0,0.18,0
C,fixed,Lana,35,0.235501738641,1,0.18,0
C,fixed,Lana,36,0.233659755206,0,0.18,0
C,fixed,Lana,37,0.234087027011,0,0.18,0
C,fixed,Lana,38,0.237003307824,0,0.18,0
C,fixed,Lana,39,0.239994645853,0,0.18,0
C,fixed,Lana,40,0.248331535645,1,0.78,1
C,fixed,Lana,41,0.262700568527,1,0.78,0
C,fixed,Lana,42,0.281914631669,1,0.78,0
C,fixed,Lana,43,0.30544857004,1,0.78,0
C,fixed,Lana,44,0.331847731036,0,0.78,0
C,fixed,Lana,45,0.360735490692,0,0.78,0
C,fixed,Lana,46,0.391118092167,1,0.78,0
C,fixed,Lana,47,0.486762348809,1,0.78,0
C,fixed,Lana,48,0.582442624909,0,0.78,0
C,fixed,Lana,49,0.61684959309,1,0.78,0
C,fixed,Lana,50,0.708806440207,0,0.78,0
C,fixed,Lana,51,0.684180200051,1,0.78,0
C,fixed,Lana,52,0.678431968987,0,0.78,0
C,fixed,Lana,53,0.738514475408,1,0.78,0
C,fixed,Lana,54,0.677108484732,1,0.78,0
C,fixed,Lana,55,0.723072109355,1,0.78,0
C,fixed,Lana,56,0.726654978918,1,0.78,0
C,fixed,Lana,57,0.547101074678,0,0.78,0
C,fixed,Lana,58,0.480896377685,1,0.78,0
C,fixed,Lana,59,0.48961113478,1,0.78,0
C,fixed,Lana,60,0.563691339239,1,0.78,0
C,fixed,Lana,61,0.62198874554,1,0.78,0
C,fixed,Lana,62,0.696988682307,1,0.78,0
C,fixed,Lana,63,0.696530940381,0,0.78,0
C,fixed,Lana,64,0.708556770586,1,0.78,0
C,fixed,Lana,65,0.705012342409,1,0.78,0
C,fixed,Lana,66,0.672224834348,1,0.78,0
C,fixed,Lana,67,0.729754361117,1,0.78,0
C,fixed,Lana,68,0.714074912533,1,0.78,0
C,fixed,Lana,69,0.734099266382,1,0.78,0
C,fixed,Lana,70,0.63588564768,1,0.78,0
C,fixed,Lana,71,0.514040575523,1,0.78,0
C,fixed,Lana,72,0.450238298088,0,0.78,0
C,fixed,Lana,73,0.575716180311,1,0.78,0
C,fixed,Lana,74,0.621745066196,1,0.78,0
C,fixed,Lana,75,0.671510138385,0,0.78,0
C,fixed,Lana,76,0.729542208972,1,0.78,0
C,fixed,Lana,77,0.683475285529,1,0.78,0
C,fixed,Lana,78,0.721430712209,1,0.78,0
C,fixed,Lana,79,0.737105420548,1,0.78,0
C,fixed,Lana,80,0.645599316638,0,0.35,1
C,fixed,Lana,81,0.568490216117,0,0.35,0
C,fixed,Lana,82,0.533924256689,0,0.35,0
C,fixed,Lana,83,0.566553529081,0,0.35,0
C,fixed,Lana,84,0.596574989812,0,0.35,0
C,fixed,Lana,85,0.585324608868,0,0.35,0
C,fixed,Lana,86,0.456635762764,0,0.35,0
C,fixed,Lana,87,0.435529427377,1,0.35,0
C,fixed,Lana,88,0.446702584284,1,0.35,0
C,fixed,Lana,89,0.45485868767,1,0.35,0
C,fixed,Lana,90,0.460456951894,1,0.35,0
C,fixed,Lana,91,0.464000051601,0,0.35,0
C,fixed,Lana,92,0.466693004751,0,0.35,0
C,fixed,Lana,93,0.46850237491,0,0.35,0
C,fixed,Lana,94,0.469379190931,0,0.35,0
C,fixed,Lana,95,0.469266669286,1,0.35,0
C,zero,Python Plain,0,0.5,0,0.18,0
C,zero,Python Plain,1,0.5,0,0.18,0
C,zero,Python Plain,2,0.5,1,0.18,0
C,zero,Python Plain,3,0.5,0,0.18,0
C,zero,Python Plain,4,0.5,0,0.18,0
C,zero,Python Plain,5,0.5,1,0.18,0
C,zero,Python Plain,6,0.5,0,0.18,0
C,zero,Python Plain,7,0.5,0,0.18,0
C,zero,Python Plain,8,0.5,1,0.18,0
C,zero,Python Plain,9,0.5,0,0.18,0
C,zero,Python Plain,10,0.5,1,0.18,0
C,zero,Python Plain,11,0.5,0,0.18,0
C,zero,Python Plain,12,0.5,0,0.18,0
C,zero,Python Plain,13,0.5,0,0.18,0
C,zero,Python Plain,14,0.5,0,0.18,0
C,zero,Python Plain,15,0.5,0,0.18,0
C,zero,Python Plain,16,0.5,0,0.18,0
C,zero,Python Plain,17,0.5,1,0.18,0
C,zero,Python Plain,18,0.5,0,0.18,0
C,zero,Python Plain,19,0.5,0,0.18,0
C,zero,Python Plain,20,0.5,0,0.18,0
C,zero,Python Plain,21,0.5,0,0.18,0
C,zero,Python Plain,22,0.5,0,0.18,0
C,zero,Python Plain,23,0.5,0,0.18,0
C,zero,Python Plain,24,0.5,0,0.18,0
C,zero,Python Plain,25,0.5,1,0.18,0
C,zero,Python Plain,26,0.5,1,0.18,0
C,zero,Python Plain,27,0.5,0,0.18,0
C,zero,Python Plain,28,0.5,0,0.18,0
C,zero,Python Plain,29,0.5,0,0.18,0
C,zero,Python Plain,30,0.5,0,0.18,0
C,zero,Python Plain,31,0.5,0,0.18,0
C,zero,Python Plain,32,0.5,1,0.18,0
C,zero,Python Plain,33,0.5,0,0.18,0
C,zero,Python Plain,34,0.5,0,0.18,0
C,zero,Python Plain,35,0.5,1,0.18,0
C,zero,Python Plain,36,0.5,0,0.18,0
C,zero,Python Plain,37,0.5,0,0.18,0
C,zero,Python Plain,38,0.5,0,0.18,0
C,zero,Python Plain,39,0.5,0,0.18,0
C,zero,Python Plain,40,0.5,1,0.78,1
C,zero,Python Plain,41,0.5,1,0.78,0
C,zero,Python Plain,42,0.5,1,0.78,0
C,zero,Python Plain,43,0.5,1,0.78,0
C,zero,Python Plain,44,0.5,0,0.78,0
C,zero,Python Plain,45,0.5,0,0.78,0
C,zero,Python Plain,46,0.5,1,0.78,0
C,zero,Python Plain,47,0.5,1,0.78,0
C,zero,Python Plain,48,0.5,0,0.78,0
C,zero,Python Plain,49,0.5,1,0.78,0
C,zero,Python Plain,50,0.5,0,0.78,0
C,zero,Python Plain,51,0.5,1,0.78,0
C,zero,Python Plain,52,0.5,0,0.78,0
C,zero,Python Plain,53,0.5,1,0.78,0
C,zero,Python Plain,54,0.5,1,0.78,0
C,zero,Python Plain,55,0.5,1,0.78,0
C,zero,Python Plain,56,0.5,1,0.78,0
C,zero,Python Plain,57,0.5,0,0.78,0
C,zero,Python Plain,58,0.5,1,0.78,0
C,zero,Python Plain,59,0.5,1,0.78,0
C,zero,Python Plain,60,0.5,1,0.78,0
C,zero,Python Plain,61,0.5,1,0.78,0
C,zero,Python Plain,62,0.5,1,0.78,0
C,zero,Python Plain,63,0.5,0,0.78,0
C,zero,Python Plain,64,0.5,1,0.78,0
C,zero,Python Plain,65,0.5,1,0.78,0
C,zero,Python Plain,66,0.5,1,0.78,0
C,zero,Python Plain,67,0.5,1,0.78,0
C,zero,Python Plain,68,0.5,1,0.78,0
C,zero,Python Plain,69,0.5,1,0.78,0
C,zero,Python Plain,70,0.5,1,0.78,0
C,zero,Python Plain,71,0.5,1,0.78,0
C,zero,Python Plain,72,0.5,0,0.78,0
C,zero,Python Plain,73,0.5,1,0.78,0
C,zero,Python Plain,74,0.5,1,0.78,0
C,zero,Python Plain,75,0.5,0,0.78,0
C,zero,Python Plain,76,0.5,1,0.78,0
C,zero,Python Plain,77,0.5,1,0.78,0
C,zero,Python Plain,78,0.5,1,0.78,0
C,zero,Python Plain,79,0.5,1,0.78,0
C,zero,Python Plain,80,0.5,0,0.35,1
C,zero,Python Plain,81,0.5,0,0.35,0
C,zero,Python Plain,82,0.5,0,0.35,0
C,zero,Python Plain,83,0.5,0,0.35,0
C,zero,Python Plain,84,0.5,0,0.35,0
C,zero,Python Plain,85,0.5,0,0.35,0
C,zero,Python Plain,86,0.5,0,0.35,0
C,zero,Python Plain,87,0.5,1,0.35,0
C,zero,Python Plain,88,0.5,1,0.35,0
C,zero,Python Plain,89,0.5,1,0.35,0
C,zero,Python Plain,90,0.5,1,0.35,0
C,zero,Python Plain,91,0.5,0,0.35,0
C,zero,Python Plain,92,0.5,0,0.35,0
C,zero,Python Plain,93,0.5,0,0.35,0
C,zero,Python Plain,94,0.5,0,0.35,0
C,zero,Python Plain,95,0.5,1,0.35,0
C,zero,Python State Class,0,0.5,0,0.18,0
C,zero,Python State Class,1,0.5,0,0.18,0
C,zero,Python State Class,2,0.5,1,0.18,0
C,zero,Python State Class,3,0.5,0,0.18,0
C,zero,Python State Class,4,0.5,0,0.18,0
C,zero,Python State Class,5,0.5,1,0.18,0
C,zero,Python State Class,6,0.5,0,0.18,0
C,zero,Python State Class,7,0.5,0,0.18,0
C,zero,Python State Class,8,0.5,1,0.18,0
C,zero,Python State Class,9,0.5,0,0.18,0
C,zero,Python State Class,10,0.5,1,0.18,0
C,zero,Python State Class,11,0.5,0,0.18,0
C,zero,Python State Class,12,0.5,0,0.18,0
C,zero,Python State Class,13,0.5,0,0.18,0
C,zero,Python State Class,14,0.5,0,0.18,0
C,zero,Python State Class,15,0.5,0,0.18,0
C,zero,Python State Class,16,0.5,0,0.18,0
C,zero,Python State Class,17,0.5,1,0.18,0
C,zero,Python State Class,18,0.5,0,0.18,0
C,zero,Python State Class,19,0.5,0,0.18,0
C,zero,Python State Class,20,0.5,0,0.18,0
C,zero,Python State Class,21,0.5,0,0.18,0
C,zero,Python State Class,22,0.5,0,0.18,0
C,zero,Python State Class,23,0.5,0,0.18,0
C,zero,Python State Class,24,0.5,0,0.18,0
C,zero,Python State Class,25,0.5,1,0.18,0
C,zero,Python State Class,26,0.5,1,0.18,0
C,zero,Python State Class,27,0.5,0,0.18,0
C,zero,Python State Class,28,0.5,0,0.18,0
C,zero,Python State Class,29,0.5,0,0.18,0
C,zero,Python State Class,30,0.5,0,0.18,0
C,zero,Python State Class,31,0.5,0,0.18,0
C,zero,Python State Class,32,0.5,1,0.18,0
C,zero,Python State Class,33,0.5,0,0.18,0
C,zero,Python State Class,34,0.5,0,0.18,0
C,zero,Python State Class,35,0.5,1,0.18,0
C,zero,Python State Class,36,0.5,0,0.18,0
C,zero,Python State Class,37,0.5,0,0.18,0
C,zero,Python State Class,38,0.5,0,0.18,0
C,zero,Python State Class,39,0.5,0,0.18,0
C,zero,Python State Class,40,0.5,1,0.78,1
C,zero,Python State Class,41,0.5,1,0.78,0
C,zero,Python State Class,42,0.5,1,0.78,0
C,zero,Python State Class,43,0.5,1,0.78,0
C,zero,Python State Class,44,0.5,0,0.78,0
C,zero,Python State Class,45,0.5,0,0.78,0
C,zero,Python State Class,46,0.5,1,0.78,0
C,zero,Python State Class,47,0.5,1,0.78,0
C,zero,Python State Class,48,0.5,0,0.78,0
C,zero,Python State Class,49,0.5,1,0.78,0
C,zero,Python State Class,50,0.5,0,0.78,0
C,zero,Python State Class,51,0.5,1,0.78,0
C,zero,Python State Class,52,0.5,0,0.78,0
C,zero,Python State Class,53,0.5,1,0.78,0
C,zero,Python State Class,54,0.5,1,0.78,0
C,zero,Python State Class,55,0.5,1,0.78,0
C,zero,Python State Class,56,0.5,1,0.78,0
C,zero,Python State Class,57,0.5,0,0.78,0
C,zero,Python State Class,58,0.5,1,0.78,0
C,zero,Python State Class,59,0.5,1,0.78,0
C,zero,Python State Class,60,0.5,1,0.78,0
C,zero,Python State Class,61,0.5,1,0.78,0
C,zero,Python State Class,62,0.5,1,0.78,0
C,zero,Python State Class,63,0.5,0,0.78,0
C,zero,Python State Class,64,0.5,1,0.78,0
C,zero,Python State Class,65,0.5,1,0.78,0
C,zero,Python State Class,66,0.5,1,0.78,0
C,zero,Python State Class,67,0.5,1,0.78,0
C,zero,Python State Class,68,0.5,1,0.78,0
C,zero,Python State Class,69,0.5,1,0.78,0
C,zero,Python State Class,70,0.5,1,0.78,0
C,zero,Python State Class,71,0.5,1,0.78,0
C,zero,Python State Class,72,0.5,0,0.78,0
C,zero,Python State Class,73,0.5,1,0.78,0
C,zero,Python State Class,74,0.5,1,0.78,0
C,zero,Python State Class,75,0.5,0,0.78,0
C,zero,Python State Class,76,0.5,1,0.78,0
C,zero,Python State Class,77,0.5,1,0.78,0
C,zero,Python State Class,78,0.5,1,0.78,0
C,zero,Python State Class,79,0.5,1,0.78,0
C,zero,Python State Class,80,0.5,0,0.35,1
C,zero,Python State Class,81,0.5,0,0.35,0
C,zero,Python State Class,82,0.5,0,0.35,0
C,zero,Python State Class,83,0.5,0,0.35,0
C,zero,Python State Class,84,0.5,0,0.35,0
C,zero,Python State Class,85,0.5,0,0.35,0
C,zero,Python State Class,86,0.5,0,0.35,0
C,zero,Python State Class,87,0.5,1,0.35,0
C,zero,Python State Class,88,0.5,1,0.35,0
C,zero,Python State Class,89,0.5,1,0.35,0
C,zero,Python State Class,90,0.5,1,0.35,0
C,zero,Python State Class,91,0.5,0,0.35,0
C,zero,Python State Class,92,0.5,0,0.35,0
C,zero,Python State Class,93,0.5,0,0.35,0
C,zero,Python State Class,94,0.5,0,0.35,0
C,zero,Python State Class,95,0.5,1,0.35,0
C,zero,Lana,0,0.5,0,0.18,0
C,zero,Lana,1,0.5,0,0.18,0
C,zero,Lana,2,0.5,1,0.18,0
C,zero,Lana,3,0.5,0,0.18,0
C,zero,Lana,4,0.5,0,0.18,0
C,zero,Lana,5,0.5,1,0.18,0
C,zero,Lana,6,0.5,0,0.18,0
C,zero,Lana,7,0.5,0,0.18,0
C,zero,Lana,8,0.5,1,0.18,0
C,zero,Lana,9,0.5,0,0.18,0
C,zero,Lana,10,0.5,1,0.18,0
C,zero,Lana,11,0.5,0,0.18,0
C,zero,Lana,12,0.5,0,0.18,0
C,zero,Lana,13,0.5,0,0.18,0
C,zero,Lana,14,0.5,0,0.18,0
C,zero,Lana,15,0.5,0,0.18,0
C,zero,Lana,16,0.5,0,0.18,0
C,zero,Lana,17,0.5,1,0.18,0
C,zero,Lana,18,0.5,0,0.18,0
C,zero,Lana,19,0.5,0,0.18,0
C,zero,Lana,20,0.5,0,0.18,0
C,zero,Lana,21,0.5,0,0.18,0
C,zero,Lana,22,0.5,0,0.18,0
C,zero,Lana,23,0.5,0,0.18,0
C,zero,Lana,24,0.5,0,0.18,0
C,zero,Lana,25,0.5,1,0.18,0
C,zero,Lana,26,0.5,1,0.18,0
C,zero,Lana,27,0.5,0,0.18,0
C,zero,Lana,28,0.5,0,0.18,0
C,zero,Lana,29,0.5,0,0.18,0
C,zero,Lana,30,0.5,0,0.18,0
C,zero,Lana,31,0.5,0,0.18,0
C,zero,Lana,32,0.5,1,0.18,0
C,zero,Lana,33,0.5,0,0.18,0
C,zero,Lana,34,0.5,0,0.18,0
C,zero,Lana,35,0.5,1,0.18,0
C,zero,Lana,36,0.5,0,0.18,0
C,zero,Lana,37,0.5,0,0.18,0
C,zero,Lana,38,0.5,0,0.18,0
C,zero,Lana,39,0.5,0,0.18,0
C,zero,Lana,40,0.5,1,0.78,1
C,zero,Lana,41,0.5,1,0.78,0
C,zero,Lana,42,0.5,1,0.78,0
C,zero,Lana,43,0.5,1,0.78,0
C,zero,Lana,44,0.5,0,0.78,0
C,zero,Lana,45,0.5,0,0.78,0
C,zero,Lana,46,0.5,1,0.78,0
C,zero,Lana,47,0.5,1,0.78,0
C,zero,Lana,48,0.5,0,0.78,0
C,zero,Lana,49,0.5,1,0.78,0
C,zero,Lana,50,0.5,0,0.78,0
C,zero,Lana,51,0.5,1,0.78,0
C,zero,Lana,52,0.5,0,0.78,0
C,zero,Lana,53,0.5,1,0.78,0
C,zero,Lana,54,0.5,1,0.78,0
C,zero,Lana,55,0.5,1,0.78,0
C,zero,Lana,56,0.5,1,0.78,0
C,zero,Lana,57,0.5,0,0.78,0
C,zero,Lana,58,0.5,1,0.78,0
C,zero,Lana,59,0.5,1,0.78,0
C,zero,Lana,60,0.5,1,0.78,0
C,zero,Lana,61,0.5,1,0.78,0
C,zero,Lana,62,0.5,1,0.78,0
C,zero,Lana,63,0.5,0,0.78,0
C,zero,Lana,64,0.5,1,0.78,0
C,zero,Lana,65,0.5,1,0.78,0
C,zero,Lana,66,0.5,1,0.78,0
C,zero,Lana,67,0.5,1,0.78,0
C,zero,Lana,68,0.5,1,0.78,0
C,zero,Lana,69,0.5,1,0.78,0
C,zero,Lana,70,0.5,1,0.78,0
C,zero,Lana,71,0.5,1,0.78,0
C,zero,Lana,72,0.5,0,0.78,0
C,zero,Lana,73,0.5,1,0.78,0
C,zero,Lana,74,0.5,1,0.78,0
C,zero,Lana,75,0.5,0,0.78,0
C,zero,Lana,76,0.5,1,0.78,0
C,zero,Lana,77,0.5,1,0.78,0
C,zero,Lana,78,0.5,1,0.78,0
C,zero,Lana,79,0.5,1,0.78,0
C,zero,Lana,80,0.5,0,0.35,1
C,zero,Lana,81,0.5,0,0.35,0
C,zero,Lana,82,0.5,0,0.35,0
C,zero,Lana,83,0.5,0,0.35,0
C,zero,Lana,84,0.5,0,0.35,0
C,zero,Lana,85,0.5,0,0.35,0
C,zero,Lana,86,0.5,0,0.35,0
C,zero,Lana,87,0.5,1,0.35,0
C,zero,Lana,88,0.5,1,0.35,0
C,zero,Lana,89,0.5,1,0.35,0
C,zero,Lana,90,0.5,1,0.35,0
C,zero,Lana,91,0.5,0,0.35,0
C,zero,Lana,92,0.5,0,0.35,0
C,zero,Lana,93,0.5,0,0.35,0
C,zero,Lana,94,0.5,0,0.35,0
C,zero,Lana,95,0.5,1,0.35,0
C,p_only,Python p-only,0,0.49635612776652505,0,0.18,0
C,p_only,Python p-only,1,0.4883095295536944,0,0.18,0
C,p_only,Python p-only,2,0.4758132731752917,1,0.18,0
C,p_only,Python p-only,3,0.4606338973623749,0,0.18,0
C,p_only,Python p-only,4,0.44391512276802086,0,0.18,0
C,p_only,Python p-only,5,0.42520317210250186,1,0.18,0
C,p_only,Python p-only,6,0.4054354937956448,0,0.18,0
C,p_only,Python p-only,7,0.3858990010274518,0,0.18,0
C,p_only,Python p-only,8,0.3656794794553608,1,0.18,0
C,p_only,Python p-only,9,0.34612216259828116,0,0.18,0
C,p_only,Python p-only,10,0.3267612824809951,1,0.18,0
C,p_only,Python p-only,11,0.3096175603526008,0,0.18,0
C,p_only,Python p-only,12,0.2948679401455516,0,0.18,0
C,p_only,Python p-only,13,0.28023470104206094,0,0.18,0
C,p_only,Python p-only,14,0.26601769442124507,0,0.18,0
C,p_only,Python p-only,15,0.25457529672075135,0,0.18,0
C,p_only,Python p-only,16,0.24457088791064208,0,0.18,0
C,p_only,Python p-only,17,0.23491540884503448,1,0.18,0
C,p_only,Python p-only,18,0.22732081994330863,0,0.18,0
C,p_only,Python p-only,19,0.2216399015549637,0,0.18,0
C,p_only,Python p-only,20,0.21802617879318392,0,0.18,0
C,p_only,Python p-only,21,0.21773135923606549,0,0.18,0
C,p_only,Python p-only,22,0.21751712700783038,0,0.18,0
C,p_only,Python p-only,23,0.21791459396819432,0,0.18,0
C,p_only,Python p-only,24,0.2185125080916134,0,0.18,0
C,p_only,Python p-only,25,0.21961079835177597,1,0.18,0
C,p_only,Python p-only,26,0.2210787704735034,1,0.18,0
C,p_only,Python p-only,27,0.22265253721422879,0,0.18,0
C,p_only,Python p-only,28,0.2247255102931483,0,0.18,0
C,p_only,Python p-only,29,0.2275165049837386,0,0.18,0
C,p_only,Python p-only,30,0.23020246917633086,0,0.18,0
C,p_only,Python p-only,31,0.23207083354004773,0,0.18,0
C,p_only,Python p-only,32,0.23208753580839117,1,0.18,0
C,p_only,Python p-only,33,0.2298838489664376,0,0.18,0
C,p_only,Python p-only,34,0.22528535638229252,0,0.18,0
C,p_only,Python p-only,35,0.22063895148965768,1,0.18,0
C,p_only,Python p-only,36,0.21818867148604834,0,0.18,0
C,p_only,Python p-only,37,0.21881703792658216,0,0.18,0
C,p_only,Python p-only,38,0.22264405036938134,0,0.18,0
C,p_only,Python p-only,39,0.22648212133028978,0,0.18,0
C,p_only,Python p-only,40,0.23701790861577762,1,0.78,1
C,p_only,Python p-only,41,0.2549869583488278,1,0.78,0
C,p_only,Python p-only,42,0.27867294728279,1,0.78,0
C,p_only,Python p-only,43,0.30751515399706064,1,0.78,0
C,p_only,Python p-only,44,0.34068463955044126,0,0.78,0
C,p_only,Python p-only,45,0.36720166266957827,0,0.78,0
C,p_only,Python p-only,46,0.3860009839397651,1,0.78,0
C,p_only,Python p-only,47,0.5108195247379341,1,0.78,0
C,p_only,Python p-only,48,0.6053184804078915,0,0.78,0
C,p_only,Python p-only,49,0.6402865895873707,1,0.78,0
C,p_only,Python p-only,50,0.7351130097196128,0,0.78,0
C,p_only,Python p-only,51,0.7275421362804418,1,0.78,0
C,p_only,Python p-only,52,0.7130488682040229,0,0.78,0
C,p_only,Python p-only,53,0.7730845866744748,1,0.78,0
C,p_only,Python p-only,54,0.702364629026132,1,0.78,0
C,p_only,Python p-only,55,0.7532008548973683,1,0.78,0
C,p_only,Python p-only,56,0.7566366056255838,1,0.78,0
C,p_only,Python p-only,57,0.546799079970995,0,0.78,0
C,p_only,Python p-only,58,0.4703891024803299,1,0.78,0
C,p_only,Python p-only,59,0.48246071664214824,1,0.78,0
C,p_only,Python p-only,60,0.5732010940184946,1,0.78,0
C,p_only,Python p-only,61,0.6429031085881107,1,0.78,0
C,p_only,Python p-only,62,0.734092896887297,1,0.78,0
C,p_only,Python p-only,63,0.7275323739850019,0,0.78,0
C,p_only,Python p-only,64,0.7404874858856675,1,0.78,0
C,p_only,Python p-only,65,0.7342416980858469,1,0.78,0
C,p_only,Python p-only,66,0.6925641861856914,1,0.78,0
C,p_only,Python p-only,67,0.7476041266946121,1,0.78,0
C,p_only,Python p-only,68,0.7276073303434815,1,0.78,0
C,p_only,Python p-only,69,0.7492073277759118,1,0.78,0
C,p_only,Python p-only,70,0.6437485067017712,1,0.78,0
C,p_only,Python p-only,71,0.5121864920285728,1,0.78,0
C,p_only,Python p-only,72,0.4440070838466219,0,0.78,0
C,p_only,Python p-only,73,0.5883453433813052,1,0.78,0
C,p_only,Python p-only,74,0.6393149653700136,1,0.78,0
C,p_only,Python p-only,75,0.6946145693339346,0,0.78,0
C,p_only,Python p-only,76,0.7599098361774896,1,0.78,0
C,p_only,Python p-only,77,0.7009439469529548,1,0.78,0
C,p_only,Python p-only,78,0.7488502438852757,1,0.78,0
C,p_only,Python p-only,79,0.7687495393790571,1,0.78,0
C,p_only,Python p-only,80,0.6501763962553292,0,0.35,1
C,p_only,Python p-only,81,0.5522570675756157,0,0.35,0
C,p_only,Python p-only,82,0.5098924866717115,0,0.35,0
C,p_only,Python p-only,83,0.5559319388670886,0,0.35,0
C,p_only,Python p-only,84,0.5534329341705176,0,0.35,0
C,p_only,Python p-only,85,0.545001950865725,0,0.35,0
C,p_only,Python p-only,86,0.531986007473561,0,0.35,0
C,p_only,Python p-only,87,0.5165773029299062,1,0.35,0
C,p_only,Python p-only,88,0.5003674625308501,1,0.35,0
C,p_only,Python p-only,89,0.48674779737156054,1,0.35,0
C,p_only,Python p-only,90,0.4747651220704425,1,0.35,0
C,p_only,Python p-only,91,0.46415998671509695,0,0.35,0
C,p_only,Python p-only,92,0.4575806149464824,0,0.35,0
C,p_only,Python p-only,93,0.4530312752908765,0,0.35,0
C,p_only,Python p-only,94,0.44897802620649074,0,0.35,0
C,p_only,Python p-only,95,0.44421971495678103,1,0.35,0
